month,n,sr_max,sr_max_code,rf,mean_mu,sd_mu,mean_idio_sd,sr_ew,sr_orth,prov
414,338,0.07386473643250946,0.07387983205977369,-0.009059498937756691,0.002554306452248355,0.0003072542660479984,0.10148980670697252,0.07089166339260669,0.020745393456703568,bgn_gam_oracle_g0235d_s001@de109da+dirty
415,339,0.0739470879741071,0.07396449509772919,0.036588972225599314,0.002550236237935774,0.00031001413891985636,0.10192136781533277,0.0709292648115943,0.020909596197369883,bgn_gam_oracle_g0235d_s001@de109da+dirty
416,340,0.07405230401172233,0.07406548157275762,0.1060937401981159,0.0025329841929616157,0.0003137025504896282,0.10212531345482143,0.070879710751657,0.02144318850371807,bgn_gam_oracle_g0235d_s001@de109da+dirty
417,344,0.07394207975577598,0.07394856436835427,0.17785625698072757,0.0025181528210771677,0.0003156316568744717,0.10284503013236246,0.07060473144367777,0.021963675839341536,bgn_gam_oracle_g0235d_s001@de109da+dirty
418,347,0.07407736969285411,0.07408014324835578,0.21833756323263148,0.0025094908359723127,0.00031843993012866257,0.10304629520690825,0.07051211907813319,0.022704575832262232,bgn_gam_oracle_g0235d_s001@de109da+dirty
419,347,0.07421253210784436,0.07421335959699299,0.2455213988585847,0.002504041935217313,0.00032009872104642433,0.10299226348641481,0.07057490364113769,0.022949572935066984,bgn_gam_oracle_g0235d_s001@de109da+dirty
420,344,0.07404127899228,0.07405143028299928,0.222555256522861,0.0025078209282906804,0.0003158053496854323,0.10289592582441787,0.07052879510464656,0.02253441936015718,bgn_gam_oracle_g0235d_s001@de109da+dirty
421,346,0.07418083155001944,0.07418093301202941,0.2669570157496015,0.0025031253345790317,0.00031858057337897294,0.10303854308783429,0.0705816763730964,0.02282592232125233,bgn_gam_oracle_g0235d_s001@de109da+dirty
422,345,0.0740794087761059,0.07408488347842097,0.12084976872559276,0.002529313848628153,0.0003106978221700645,0.10251189576530606,0.07079851428738677,0.02180204530121168,bgn_gam_oracle_g0235d_s001@de109da+dirty
423,347,0.07405565613729619,0.07405682332747836,0.20026011517132739,0.0025122288449348404,0.00031599203529423717,0.10294571389788099,0.07060892487400154,0.02232979923920188,bgn_gam_oracle_g0235d_s001@de109da+dirty
424,344,0.07429056229958113,0.07429437009021947,0.27043397260277807,0.0025055433487137886,0.0003228056891206992,0.10311059795999006,0.07076096695895477,0.02262682482854491,bgn_gam_oracle_g0235d_s001@de109da+dirty
425,344,0.07451266892133021,0.0748528479968119,0.33894526793615476,0.002503309918937185,0.00033037568461583326,0.10316925253850581,0.07087489700930255,0.022997539079225946,bgn_gam_oracle_g0235d_s001@de109da+dirty
426,344,0.07465747990308198,0.07465756044571772,0.270987668708436,0.0025054460059511403,0.0003230885345734454,0.1029380203776463,0.07082306527235362,0.023618482823988284,bgn_gam_oracle_g0235d_s001@de109da+dirty
427,341,0.0745306939266682,0.07453069889680751,0.2775342696687356,0.002501872381693178,0.00032893878571640023,0.10266852240821693,0.07064723693830878,0.02374430984832272,bgn_gam_oracle_g0235d_s001@de109da+dirty
428,339,0.0748070166901718,0.07481276047281202,0.3266525776050606,0.0025033887790614673,0.00033635729157848463,0.10260951025516926,0.07091813418957461,0.023805629358475917,bgn_gam_oracle_g0235d_s001@de109da+dirty
429,339,0.07498131914302208,0.07498498854716097,0.3339668308990552,0.002507926010718532,0.00033730955087071655,0.10284050689356244,0.07116173271966128,0.02362638391212711,bgn_gam_oracle_g0235d_s001@de109da+dirty
430,337,0.07476577181111434,0.07476577977532042,0.28652605990085783,0.002511217823675277,0.00033104969200049573,0.10280919330301512,0.07108641451360322,0.023165541351580825,bgn_gam_oracle_g0235d_s001@de109da+dirty
431,336,0.07455228187453335,0.07455248205732214,0.2776728835440861,0.002511877572989043,0.00032860896289978566,0.10270196988588998,0.07090616903189736,0.023029501208664344,bgn_gam_oracle_g0235d_s001@de109da+dirty
432,334,0.07443517893303472,0.07443708356964257,0.2510442778327658,0.002513173693315946,0.0003228281368446645,0.10234278883950804,0.07086412738804594,0.022778746943668642,bgn_gam_oracle_g0235d_s001@de109da+dirty
433,332,0.07471289306688461,0.07471507835232467,0.3055916897374038,0.002503654081003897,0.00032337164531602764,0.10209234909984317,0.07097244960943642,0.023343688373085817,bgn_gam_oracle_g0235d_s001@de109da+dirty
434,332,0.07436717594876495,0.07437639454058918,0.23832858637925158,0.002508541626072531,0.0003175747753233961,0.10210387620117944,0.0707656245276604,0.02286270421023621,bgn_gam_oracle_g0235d_s001@de109da+dirty
435,338,0.5097050457533815,0.5109601081318761,0.2354091456874751,0.002664695242934436,0.005623331682017265,0.12511569456630087,0.07533848435079604,0.5041064832376009,bgn_gam_oracle_g0235d_s001@de109da+dirty
436,337,0.5109226293238439,0.5141512191666195,0.24621923744733437,0.002649950976955435,0.005671172873288339,0.12518162885562412,0.07502760157002154,0.5053838067823703,bgn_gam_oracle_g0235d_s001@de109da+dirty
437,337,0.5167730274501751,0.5181755580767308,0.28695581168576995,0.002574115361012141,0.005841815648731839,0.12583632871242828,0.07318592893308451,0.5115644453108728,bgn_gam_oracle_g0235d_s001@de109da+dirty
438,335,0.5126486087073636,0.5140135584856658,0.24953242407773404,0.0025592412534838583,0.005776011228156196,0.12523873197140856,0.07244083618818922,0.5075046022076564,bgn_gam_oracle_g0235d_s001@de109da+dirty
439,337,0.5128774424738478,0.514327160977682,0.23361759352302816,0.0024738132823381685,0.005809480006173434,0.12564658666550585,0.06995236341487121,0.5080845774585062,bgn_gam_oracle_g0235d_s001@de109da+dirty
440,339,0.5076654052110648,0.509246120637221,0.1880320168832418,0.00240749765119912,0.00565654896678356,0.1245245030174902,0.06806296239336289,0.5030820974735181,bgn_gam_oracle_g0235d_s001@de109da+dirty
441,341,0.5060680651494495,0.5074429497866819,0.17276422109660214,0.0023684610384242495,0.005601049748033454,0.12358302634456725,0.06703609055664653,0.5016084619770569,bgn_gam_oracle_g0235d_s001@de109da+dirty
442,342,0.5086245782626512,0.5101510221880318,0.18719087952866806,0.002259770796163241,0.005680843280241647,0.12351530744735884,0.06407856750108556,0.5045719956555939,bgn_gam_oracle_g0235d_s001@de109da+dirty
443,343,0.5052258940908414,0.5065906560302258,0.16588303306430346,0.0022621893574480733,0.005606828041984299,0.12371294798532285,0.06414273521414657,0.5011376194012359,bgn_gam_oracle_g0235d_s001@de109da+dirty
444,346,0.5266368871674033,0.5282479451844105,0.3670465826865704,0.00225487686068696,0.006043322789907719,0.12591152928998434,0.06439068368383807,0.5226856137106705,bgn_gam_oracle_g0235d_s001@de109da+dirty
445,345,0.5164214707653806,0.5180020520000146,0.2824140068734351,0.0021931744243877758,0.005763812829649439,0.12444629590507332,0.06249664665271501,0.5126258914887587,bgn_gam_oracle_g0235d_s001@de109da+dirty
446,344,0.503271408680983,0.5046009461116119,0.16463978047332684,0.002259228763003122,0.005489055333487922,0.12388685422373218,0.06399612210052645,0.49918594446542214,bgn_gam_oracle_g0235d_s001@de109da+dirty
447,344,0.496091075067311,0.4972163628345118,0.1016351841748507,0.0022665710227482297,0.005359059971708798,0.12336159395066654,0.06394161193270412,0.49195307197423604,bgn_gam_oracle_g0235d_s001@de109da+dirty
448,344,0.4867210094172125,0.48774745694257843,0.02185769853208015,0.002231243070360854,0.005173280154644105,0.12310213340635054,0.06274263946182279,0.48266002755715537,bgn_gam_oracle_g0235d_s001@de109da+dirty
449,346,0.4872287254572204,0.4881287761772706,0.025199629797634376,0.0022563580815458447,0.005160557590567048,0.12350546891866705,0.06336072916383766,0.48309134634196693,bgn_gam_oracle_g0235d_s001@de109da+dirty
450,343,0.49634873263671236,0.497688002794458,0.11765496019607999,0.002209942463466679,0.0053192439671727034,0.1245480552646669,0.06230348661534264,0.4924229279244036,bgn_gam_oracle_g0235d_s001@de109da+dirty
451,341,0.5114336240095834,0.5131004492315481,0.25546343478312694,0.0021455976065818685,0.0056472902057885755,0.12559356619706738,0.06101216122179915,0.5077813190248545,bgn_gam_oracle_g0235d_s001@de109da+dirty
452,339,0.5097875269644171,0.5114734537111216,0.24375201194182639,0.002178121266557472,0.005627401040546065,0.1255636441191959,0.061902285216011495,0.506015246542564,bgn_gam_oracle_g0235d_s001@de109da+dirty
453,341,0.4844253340370434,0.4853818427283459,0.01540604286620553,0.0021660180643360743,0.0051269990438191,0.12364926856265464,0.06088129352778174,0.48058440710793476,bgn_gam_oracle_g0235d_s001@de109da+dirty
454,337,0.48782386904898195,0.4889694876054366,0.054468037105617026,0.0021769638763279764,0.005206182577940932,0.12390433615927306,0.06118889175091407,0.4839711218039907,bgn_gam_oracle_g0235d_s001@de109da+dirty
455,337,0.47349376310898095,0.47425242030128467,-0.07348472748942646,0.0021872602228325327,0.004934687467170044,0.12237030670603613,0.061347881543949476,0.46950269555474683,bgn_gam_oracle_g0235d_s001@de109da+dirty
456,334,0.4712404502163625,0.4720815880104857,-0.0997395450779698,0.0021387861795467613,0.004940451821760304,0.12186993312115631,0.05996000954431909,0.4674102685816447,bgn_gam_oracle_g0235d_s001@de109da+dirty
457,335,0.4624575335832398,0.46302169910178415,-0.17889884850567328,0.002178653214572042,0.004766098709734725,0.12100625003744933,0.06089656315679176,0.4584305606780424,bgn_gam_oracle_g0235d_s001@de109da+dirty
458,334,0.46522377193999676,0.4657986626188159,-0.1477349057031473,0.0022354456374235232,0.004773279157925087,0.12070021858504824,0.0626513775254954,0.4609858597313327,bgn_gam_oracle_g0235d_s001@de109da+dirty
459,335,0.45974440566113,0.4602733193322444,-0.18458716316902266,0.002204437301379856,0.0046668118761604895,0.1209482691183461,0.06150071118498247,0.45561231443020395,bgn_gam_oracle_g0235d_s001@de109da+dirty
460,335,0.4684028991970129,0.46945921546319586,-0.1056888030897648,0.002222431072582483,0.00481869492768918,0.12163274955766959,0.06221640310125562,0.4642525122832499,bgn_gam_oracle_g0235d_s001@de109da+dirty
461,334,0.47367097735397934,0.4745368774580007,-0.05847326674531281,0.0022457976660626524,0.004926901437008066,0.12215947760560764,0.0630350302158745,0.4694579637764789,bgn_gam_oracle_g0235d_s001@de109da+dirty
462,332,0.4712830985013346,0.4721023576686835,-0.06273628979726399,0.0023539702323467585,0.004849418583006698,0.12229289464707227,0.06586206246521323,0.46665827718025854,bgn_gam_oracle_g0235d_s001@de109da+dirty
463,332,0.4707341457261945,0.4716773107358854,-0.07029247724957001,0.0023347968568798363,0.004837316613168946,0.12194822436909547,0.06548332438760796,0.4661572376137878,bgn_gam_oracle_g0235d_s001@de109da+dirty
464,334,0.4768133892186542,0.4776545371613319,-0.0027023724851214788,0.0023819878262622465,0.004952344179827762,0.12317191333464358,0.06674889884900753,0.4721181977435574,bgn_gam_oracle_g0235d_s001@de109da+dirty
465,332,0.471958299761897,0.47295904436366154,-0.03407981388889327,0.0023845492059655815,0.004847151602706529,0.122638527609638,0.06675319266237849,0.46721370697307246,bgn_gam_oracle_g0235d_s001@de109da+dirty
466,334,0.4788767793604018,0.47990149857442266,0.04197121528054074,0.0023805968236460706,0.0049610583063850215,0.12353713362064328,0.06682848936906445,0.47419080845081735,bgn_gam_oracle_g0235d_s001@de109da+dirty
467,332,0.4772459891308841,0.4803056874100524,0.029658135251178195,0.002409435928522705,0.004918074304711545,0.12317374640751082,0.06768077769121146,0.4724225295989055,bgn_gam_oracle_g0235d_s001@de109da+dirty
468,335,0.47826074894717097,0.47920948269634117,0.022453625701856307,0.00243628678204667,0.005006576629298238,0.12413209193756437,0.06826272808361032,0.47336407123702573,bgn_gam_oracle_g0235d_s001@de109da+dirty
469,334,0.4833275755949339,0.48684650864632306,0.07192936494733089,0.0023939394458955326,0.005093248707512747,0.12444889870144098,0.06721303976646181,0.4786313326724741,bgn_gam_oracle_g0235d_s001@de109da+dirty
470,334,0.49719237693946494,0.4985946022702724,0.18250091859603448,0.0023675410209777386,0.005366808867142277,0.12529291082830823,0.06705172398257062,0.49265030802556103,bgn_gam_oracle_g0235d_s001@de109da+dirty
471,332,0.4989997356215134,0.500735288964232,0.20256837134335398,0.0023395807428486875,0.005416339195988429,0.12547150082419725,0.06612666739368309,0.4945988273436821,bgn_gam_oracle_g0235d_s001@de109da+dirty
472,330,0.49788166277139945,0.49951654235141585,0.19684573112112502,0.002293176217475238,0.0053815539746518044,0.12538517972266353,0.06497103779897857,0.49362426436646856,bgn_gam_oracle_g0235d_s001@de109da+dirty
473,331,0.5028148245328241,0.5044730778692254,0.24672872840431997,0.0022616545412215134,0.005447457904124743,0.12580931509174628,0.06410665649056524,0.4987114239353008,bgn_gam_oracle_g0235d_s001@de109da+dirty
474,329,0.48478035244872614,0.486056721432972,0.0788115520158381,0.002274289284894429,0.005079615988393294,0.12374044438754175,0.06414474119662252,0.4805178896743902,bgn_gam_oracle_g0235d_s001@de109da+dirty
475,330,0.49978417124876523,0.5013704018038347,0.21287470049945356,0.002298800386474836,0.005372918899150684,0.12520078862533265,0.06523224550663079,0.49550880110950374,bgn_gam_oracle_g0235d_s001@de109da+dirty
476,329,0.48728209998168703,0.488557486896911,0.09872419819129313,0.0022700543116171462,0.0051391900203813495,0.12376139104625788,0.06394625838876518,0.4830680293712679,bgn_gam_oracle_g0235d_s001@de109da+dirty
477,329,0.496499979576962,0.4980586902878601,0.19395594205322989,0.0022756302498455508,0.005316653344251087,0.12509697675942716,0.06437946468137458,0.4923083528107799,bgn_gam_oracle_g0235d_s001@de109da+dirty
478,330,0.49296500210569083,0.49450008280758717,0.15641673822234825,0.002219677102727363,0.005232239341226409,0.12434325442404422,0.0627490859075654,0.4889550547021973,bgn_gam_oracle_g0235d_s001@de109da+dirty
479,332,0.4931789847163899,0.49493794577099165,0.18142169068515865,0.002252518251282343,0.005232787840194174,0.1244358804936597,0.06386866732198525,0.48902587283333254,bgn_gam_oracle_g0235d_s001@de109da+dirty
480,337,0.4898848685086062,0.4912859293059412,0.17082579840821266,0.0023527233866145175,0.005030005797025912,0.12467111718904651,0.0665210299983716,0.4853474394304045,bgn_gam_oracle_g0235d_s001@de109da+dirty
481,337,0.4901353672625317,0.49169734581029384,0.1775237163136218,0.002287946052048184,0.0050715844503884605,0.12488739549438724,0.06466703429684456,0.4858506487767898,bgn_gam_oracle_g0235d_s001@de109da+dirty
482,341,0.48407570257266175,0.48531919600834167,0.11728120076770913,0.0022821379217232295,0.004945168104237787,0.1246517983183921,0.06429723254521054,0.4797865689118894,bgn_gam_oracle_g0235d_s001@de109da+dirty
483,340,0.4655893795070821,0.46686914257019624,-0.056186579672676484,0.0022566006980514718,0.004603194120048984,0.12292646583955301,0.06332777094327366,0.46126246729724935,bgn_gam_oracle_g0235d_s001@de109da+dirty
484,343,0.4685850561390766,0.4695855829356106,-0.03202397178025837,0.0022442945417884396,0.004628743747970543,0.12341088642951778,0.06286008129922784,0.4643496150702787,bgn_gam_oracle_g0235d_s001@de109da+dirty
485,346,0.4601717750404319,0.4610197671135816,-0.10284671849936931,0.002291144242342712,0.00447125448383896,0.12339381954168696,0.06406708363973282,0.4556901044983985,bgn_gam_oracle_g0235d_s001@de109da+dirty
486,348,0.45435633591438124,0.4554029666009439,-0.16144301413593573,0.002280066125250015,0.004372084177019432,0.12304467438281672,0.06367035576008921,0.4498730551866001,bgn_gam_oracle_g0235d_s001@de109da+dirty
487,349,0.44796678412143975,0.4505564213566641,-0.2321774426243785,0.002337378278337678,0.0043165062904468214,0.12289924173625351,0.06483851786672486,0.44324959816896736,bgn_gam_oracle_g0235d_s001@de109da+dirty
488,351,0.4655658309974895,0.46620101973956257,-0.08518072568382339,0.0022689054102165577,0.004619620530515704,0.12353973214884029,0.06349253658636325,0.46121604567730756,bgn_gam_oracle_g0235d_s001@de109da+dirty
489,349,0.45878765915502173,0.45942343818971804,-0.14573284437181794,0.0022699342539485674,0.004519827755661867,0.12303233399711234,0.06340864970023587,0.45438470411770815,bgn_gam_oracle_g0235d_s001@de109da+dirty
490,344,0.46346549389247915,0.4645499181420495,-0.10046997068084494,0.0022334767422553707,0.004618836508926926,0.12243258469214567,0.06258559756308152,0.4592203251236509,bgn_gam_oracle_g0235d_s001@de109da+dirty
491,342,0.45224012712283335,0.4530140031502614,-0.19089123808183392,0.002191052986658011,0.00442893603746208,0.12082970895444653,0.06133572489733844,0.44806144827623196,bgn_gam_oracle_g0235d_s001@de109da+dirty
492,344,0.46577965494251733,0.46850287910067506,-0.06806360479037703,0.002190284744168329,0.004681944641810223,0.12218290272150596,0.06143380783300557,0.46171048744154364,bgn_gam_oracle_g0235d_s001@de109da+dirty
493,342,0.4633741351944988,0.46401846294113036,-0.10620730262980072,0.002159391195056102,0.004708728281356702,0.12186241661850779,0.060468943852365946,0.459411684654003,bgn_gam_oracle_g0235d_s001@de109da+dirty
494,338,0.43751815835864694,0.4378424525448919,-0.3221974705540331,0.0022971607600744313,0.004259780536275941,0.11948342334202636,0.0637746691480515,0.43284515761251,bgn_gam_oracle_g0235d_s001@de109da+dirty
495,337,0.46580700884658477,0.4666652959868805,-0.06349041056849605,0.0022118319630146347,0.004736477657406621,0.12181713841967375,0.06201228596701897,0.4616607476055843,bgn_gam_oracle_g0235d_s001@de109da+dirty
496,333,0.45688045319586235,0.4576616493219546,-0.14015571733757626,0.0021694618921257306,0.004597468040887434,0.12078964260441133,0.060706443313572,0.452829411867949,bgn_gam_oracle_g0235d_s001@de109da+dirty
497,334,0.46759748322223327,0.4691632336617411,-0.035903411135406696,0.002162327726944663,0.004770314161224605,0.12195323158371887,0.06071029183942357,0.46363958715853715,bgn_gam_oracle_g0235d_s001@de109da+dirty
498,334,0.4782546260531899,0.48049138128349284,0.056249360689306895,0.0022134669406735055,0.004963178627651095,0.12313114859692839,0.06229938459194292,0.4741795799280497,bgn_gam_oracle_g0235d_s001@de109da+dirty
499,337,0.488575821854605,0.4913503672624018,0.12076715906688403,0.0021502591405120936,0.00514235128784011,0.12367524669014167,0.06083376685173114,0.48477374775407545,bgn_gam_oracle_g0235d_s001@de109da+dirty
500,337,0.4856195032801925,0.4896124115560479,0.09396608137907181,0.0021904574148008146,0.00508098674514884,0.1240810346960311,0.06184881569854731,0.4816648481701649,bgn_gam_oracle_g0235d_s001@de109da+dirty
501,337,0.48977048123127764,0.49114523149037614,0.12763236390824895,0.0021825371590283053,0.005181584033181958,0.12485985178519533,0.06154053704187214,0.4858887594770178,bgn_gam_oracle_g0235d_s001@de109da+dirty
502,337,0.49910646259829644,0.5008264737979302,0.21840168036721408,0.0021321677775088363,0.005359073663408965,0.12615714829619418,0.06032822147174806,0.49544703723146877,bgn_gam_oracle_g0235d_s001@de109da+dirty
503,337,0.49691311072507854,0.4986365175670413,0.19240301297116721,0.002051998406170166,0.005316649009706651,0.1256461365474993,0.05805082487871579,0.49351062941072993,bgn_gam_oracle_g0235d_s001@de109da+dirty
504,338,0.49915183632084176,0.500934038863931,0.20547568036974567,0.002010057289995512,0.005367681000352377,0.12602619816070426,0.056866152095654654,0.49590200286780683,bgn_gam_oracle_g0235d_s001@de109da+dirty
505,335,0.5060517958531162,0.5081238385090773,0.27277353141663224,0.0019817786091061414,0.005474628599510758,0.12623824979321613,0.056451609802298616,0.5028932648553697,bgn_gam_oracle_g0235d_s001@de109da+dirty
506,336,0.5046252372249347,0.5065984409624389,0.26110902480702886,0.0019992690814349848,0.0054501408886200526,0.12660257282321635,0.05674700813890858,0.5014243782581819,bgn_gam_oracle_g0235d_s001@de109da+dirty
507,337,0.500725473528878,0.5026750090382407,0.21940565904900378,0.001998241070327081,0.005371723553903488,0.1268168818008124,0.05650321806905644,0.4975272718038276,bgn_gam_oracle_g0235d_s001@de109da+dirty
508,337,0.5133355230912472,0.5154702927515062,0.32373424949205964,0.001879481863229405,0.005644092559971405,0.12755034792976006,0.053458071611771296,0.510544409279854,bgn_gam_oracle_g0235d_s001@de109da+dirty
509,334,0.5133867750271784,0.5156234708827847,0.34212898447202306,0.001880994136737162,0.005634863784539724,0.1269229044888361,0.053625392921228726,0.5105783955543464,bgn_gam_oracle_g0235d_s001@de109da+dirty
510,337,0.5074893480913921,0.5095538861940071,0.30461342684357295,0.0019162695809090279,0.00549400020532585,0.1271148464015983,0.05456024857772548,0.5045479339977154,bgn_gam_oracle_g0235d_s001@de109da+dirty
511,336,0.49625190847894424,0.49812272094990373,0.19923317208350239,0.001966565898231854,0.005281475500457235,0.12620311419447341,0.05571731025603039,0.493114122700646,bgn_gam_oracle_g0235d_s001@de109da+dirty
512,334,0.48566157249573755,0.48729366497925053,0.10209551890708318,0.0019750886085389205,0.0050969836208984145,0.12523031027114429,0.0556065753388734,0.48246768987996985,bgn_gam_oracle_g0235d_s001@de109da+dirty
513,332,0.07319555512762853,0.07321842380856418,0.16550850705534254,0.0024796701560130313,0.0002951916592453426,0.10317918559145339,0.06945943650521888,0.023086272345685718,bgn_gam_oracle_g0235d_s001@de109da+dirty
514,334,0.07321882619029713,0.07323141916228627,0.24967268415298374,0.0024694272284969026,0.00030079981939072555,0.10375771991015113,0.06935120739844106,0.02348204720767239,bgn_gam_oracle_g0235d_s001@de109da+dirty
515,333,0.0733880659269138,0.07343590961067108,0.047532893586478706,0.0025217497366027642,0.00029647325200968336,0.1031154890685118,0.07012945294840797,0.021625634086659247,bgn_gam_oracle_g0235d_s001@de109da+dirty
516,332,0.0733516640278706,0.0733887423382194,0.0037550178828828587,0.0025298512890531916,0.0002943667774721041,0.10266129936364937,0.07017324914862642,0.021358410979808576,bgn_gam_oracle_g0235d_s001@de109da+dirty
517,333,0.4838868791213198,0.4854098428206696,0.0921224790049938,0.0022058488795425216,0.005012351857760137,0.124990535724879,0.06217720339847161,0.4798755121521787,bgn_gam_oracle_g0235d_s001@de109da+dirty
518,336,0.5042432052971149,0.5060597843275568,0.2755434829712581,0.002235038881845316,0.005377325799973172,0.12702079527464744,0.06339498642966135,0.5002422271099186,bgn_gam_oracle_g0235d_s001@de109da+dirty
519,332,0.520011979676564,0.5221545499649705,0.432864140276166,0.0020924454194169474,0.005663084258868056,0.1277147099852293,0.059845363123161764,0.5165568618456211,bgn_gam_oracle_g0235d_s001@de109da+dirty
520,333,0.5230060262059694,0.5252986236546724,0.4700482186894489,0.002131980534789978,0.005692774895814432,0.1284181467332048,0.06104126465634344,0.5194316773714455,bgn_gam_oracle_g0235d_s001@de109da+dirty
521,333,0.5306876490734527,0.532936289953144,0.535772831362603,0.002111757109398085,0.00584650185926811,0.12864300541698342,0.06059321070176803,0.5272170745489558,bgn_gam_oracle_g0235d_s001@de109da+dirty
522,331,0.5232569434783814,0.5254311871963471,0.4716103086362591,0.0021418806096393734,0.0057045695147316154,0.12785511531677263,0.06133785544658416,0.5196493975629645,bgn_gam_oracle_g0235d_s001@de109da+dirty
523,331,0.5298063123814158,0.5320054308525767,0.507400219850373,0.002056227716423878,0.005866626216919167,0.1280158402004111,0.05901271216750257,0.5265094761177902,bgn_gam_oracle_g0235d_s001@de109da+dirty
524,330,0.5157403798372631,0.5177952758104523,0.3531972854423803,0.001988246006413574,0.005691582589927689,0.12688751399924683,0.056677520863310016,0.5126166189497502,bgn_gam_oracle_g0235d_s001@de109da+dirty
525,330,0.5032953193249249,0.5051918119504868,0.27345629547247413,0.0021016605867202344,0.005385851365359421,0.12645548925204092,0.05977234888243283,0.499733373673857,bgn_gam_oracle_g0235d_s001@de109da+dirty
526,330,0.5031133947969241,0.5072099155590724,0.2735716254567455,0.0020957110130307094,0.005379524783098971,0.12616024340930188,0.059630730257423256,0.49956707661039074,bgn_gam_oracle_g0235d_s001@de109da+dirty
527,332,0.5202319090162872,0.5223264751532393,0.41607650144194713,0.0019726296264667817,0.005760472459291311,0.12742321590715908,0.05640155984391686,0.5171654505145367,bgn_gam_oracle_g0235d_s001@de109da+dirty
528,333,0.5265064893447605,0.5287460264573233,0.46312292789461457,0.0018870579200034583,0.0058955409994126354,0.12770864734672607,0.054127274611323314,0.5237168332842613,bgn_gam_oracle_g0235d_s001@de109da+dirty
529,328,0.524550676193875,0.5269141510399334,0.4510115113408348,0.0018510346901941357,0.005881758814321333,0.12760451226329975,0.05315910356236285,0.521850094954382,bgn_gam_oracle_g0235d_s001@de109da+dirty
530,326,0.5184971195994256,0.5208302527806496,0.3919804624170485,0.0018384183143152564,0.005796783840102755,0.12686544061121172,0.05272426734583522,0.5158094751608833,bgn_gam_oracle_g0235d_s001@de109da+dirty
531,325,0.501389567752886,0.5036348920498519,0.23860320331956125,0.001914810047293842,0.005422947405164801,0.12505455639895485,0.05441942314941594,0.4984275524441949,bgn_gam_oracle_g0235d_s001@de109da+dirty
532,326,0.5049852327898917,0.5071628742038752,0.28558887391106624,0.001854362077759749,0.005463480335270084,0.12516025884281584,0.05293081887876325,0.5022035580804707,bgn_gam_oracle_g0235d_s001@de109da+dirty
533,322,0.495109252301364,0.49738051329213656,0.2443305984192647,0.0019007898358347323,0.0052638455217138514,0.12441268535247556,0.05415375429919503,0.49213874325206114,bgn_gam_oracle_g0235d_s001@de109da+dirty
534,322,0.49498556363173457,0.4972899269824467,0.24400431183818308,0.0018465704466392974,0.005290006859538837,0.12477761733357248,0.05259889415761158,0.492182958397812,bgn_gam_oracle_g0235d_s001@de109da+dirty
535,321,0.4861790926592488,0.48925536365821115,0.16119562749174274,0.001813122877295959,0.005131626913468006,0.12415561033924566,0.05133483721449557,0.4834613165777916,bgn_gam_oracle_g0235d_s001@de109da+dirty
536,322,0.4900131235860169,0.4922481039535298,0.16665137083300308,0.0017615791929846314,0.005235915845732859,0.124420007040739,0.050012721310341124,0.4874541916874438,bgn_gam_oracle_g0235d_s001@de109da+dirty
537,322,0.472591901674982,0.4741568359732106,0.020611251913784073,0.0018173982063874252,0.00490806573792303,0.12330946793908482,0.05118741282775818,0.4698116157533533,bgn_gam_oracle_g0235d_s001@de109da+dirty
538,319,0.4765310319792682,0.4784744640555392,0.06382522357302876,0.001736612445043861,0.00498172722512789,0.1230395847996859,0.049119274644993834,0.47399274392924623,bgn_gam_oracle_g0235d_s001@de109da+dirty
539,319,0.4906531903357799,0.49307739988748506,0.19243095526517187,0.0016831610491479425,0.00525429388850314,0.12430397663188673,0.047771896133425536,0.4883220240031124,bgn_gam_oracle_g0235d_s001@de109da+dirty
540,320,0.49842408840342634,0.5026778064355844,0.25018606918391784,0.0016030765867870718,0.005358457713456724,0.12413655905386226,0.0456819275940294,0.49632623685644545,bgn_gam_oracle_g0235d_s001@de109da+dirty
541,322,0.5177966123605099,0.5206977200080659,0.4145879366933568,0.0014231682380955004,0.005777225792702217,0.12544077156296554,0.04089181596855357,0.5161794176047841,bgn_gam_oracle_g0235d_s001@de109da+dirty
542,322,0.5183258154903645,0.5211333545328816,0.42893367908719654,0.0014280520603670301,0.005801687630428713,0.12603182328271934,0.041021877222382604,0.516699967672636,bgn_gam_oracle_g0235d_s001@de109da+dirty
543,322,0.07360795364046721,0.07369919585591991,0.46946944172201993,0.002420910682361774,0.000311839390248449,0.103933792452205,0.06890964243805861,0.025876476154918813,bgn_gam_oracle_g0235d_s001@de109da+dirty
544,319,0.07355377069730046,0.07364641551632033,0.4712665388990411,0.0024196319570860265,0.0003133367673010422,0.10414842872040617,0.06875625795556246,0.026129182454474337,bgn_gam_oracle_g0235d_s001@de109da+dirty
545,319,0.07357525212613657,0.07368011197034885,0.4060463973600453,0.0024331557536689304,0.00031006711682683794,0.10437058470039742,0.06895180966714418,0.02567032662531753,bgn_gam_oracle_g0235d_s001@de109da+dirty
546,319,0.07344562159028127,0.07348430264986232,0.5844048111187119,0.002393167016746679,0.00031955033923962916,0.10497011215924036,0.06842844362578543,0.026679719521304858,bgn_gam_oracle_g0235d_s001@de109da+dirty
547,321,0.07333913829395704,0.07336542286872302,0.637930666944312,0.002381956942818597,0.0003222552694862981,0.10536601939476889,0.06813474091756357,0.0271345957367462,bgn_gam_oracle_g0235d_s001@de109da+dirty
548,321,0.07334149616927788,0.07338974866705243,0.5662261676678594,0.00239896156974414,0.0003181011206236705,0.10534506698821426,0.06835938162454024,0.02657009605286877,bgn_gam_oracle_g0235d_s001@de109da+dirty
549,315,0.07335115617108784,0.07346519402700566,0.44296855402211516,0.002425272755577864,0.00031018271802137315,0.10465747098344479,0.06864579077171454,0.025848549687773757,bgn_gam_oracle_g0235d_s001@de109da+dirty
550,314,0.07352258822098941,0.0736270752376641,0.48305906595845965,0.002416157128536249,0.0003096906489984332,0.10458978383433196,0.06872790137380741,0.02611602097306119,bgn_gam_oracle_g0235d_s001@de109da+dirty
551,312,0.07333940368112712,0.07341826886613279,0.5295112629038323,0.0023956052835276977,0.00031179759723574615,0.10427564778068256,0.06826629643831862,0.02680262865651294,bgn_gam_oracle_g0235d_s001@de109da+dirty
552,310,0.07324495750126664,0.0733206661663973,0.5341681514866636,0.002394243362485588,0.0003096075748489611,0.10440593698924365,0.06812941828023675,0.026892492710027808,bgn_gam_oracle_g0235d_s001@de109da+dirty
553,312,0.07328136149631855,0.07337390195805271,0.5058850512796992,0.0024075794364937743,0.0003088419326722909,0.10484472085393644,0.06836721333372871,0.026383367558644708,bgn_gam_oracle_g0235d_s001@de109da+dirty
554,309,0.07336848554185639,0.07347713253730899,0.48457541076889277,0.002412671108068903,0.0003062721032147099,0.1044661488378765,0.06856774863268103,0.026103611209008195,bgn_gam_oracle_g0235d_s001@de109da+dirty
555,310,0.07328175062651593,0.0734051745747758,0.4601100129689158,0.0024192018553469527,0.00030805600248611935,0.10474798896838092,0.06850074495524378,0.02603580064955777,bgn_gam_oracle_g0235d_s001@de109da+dirty
556,311,0.07331086757133494,0.07339489574543172,0.5291658462737595,0.002398149311292419,0.0003107764044299218,0.10485129305417852,0.06825633735945534,0.026749873164821362,bgn_gam_oracle_g0235d_s001@de109da+dirty
557,307,0.07324230185992497,0.07329299429063535,0.6183672198729637,0.0023737716652525867,0.00031450385449219455,0.10476712278476431,0.06795211660262501,0.027330287795111537,bgn_gam_oracle_g0235d_s001@de109da+dirty
558,308,0.07322198421191659,0.07336524247730998,0.4413292327851967,0.002417680589026806,0.0003070913681666944,0.10454376001564407,0.06841030522906859,0.026105346394863883,bgn_gam_oracle_g0235d_s001@de109da+dirty
559,311,0.07324755695340214,0.07339270918582878,0.44116886482342527,0.002416073930383382,0.000303609380800001,0.10439180303920194,0.06841359564754632,0.0261683879942178,bgn_gam_oracle_g0235d_s001@de109da+dirty
560,312,0.0727435390094166,0.07281371534897549,0.31319956305474544,0.0024242023536669164,0.0002929353138269155,0.10392086851131652,0.06815558990814996,0.025425145661069515,bgn_gam_oracle_g0235d_s001@de109da+dirty
561,308,0.07226775389242557,0.07230852349833282,0.17383373799119387,0.0024355015096042608,0.0002817937706416978,0.10284658956994994,0.06798587040802463,0.024506115104591174,bgn_gam_oracle_g0235d_s001@de109da+dirty
562,307,0.0724926662316917,0.0725464249063039,0.21298937935602744,0.0024262751466817946,0.00028482360664931696,0.10282902255328849,0.06808354858364035,0.024896125594930204,bgn_gam_oracle_g0235d_s001@de109da+dirty
563,308,0.0724411975163947,0.07253493045173688,0.11128932632587642,0.00245361647299328,0.0002791474755022522,0.10239622223161308,0.06834132345265026,0.024024791494403154,bgn_gam_oracle_g0235d_s001@de109da+dirty
564,312,0.07199672765768934,0.07204220652403952,-0.16216585055990496,0.00250515168767234,0.0002653496791143732,0.10128429305361698,0.06870186600410813,0.021530963772415312,bgn_gam_oracle_g0235d_s001@de109da+dirty
565,316,0.07212309404722361,0.07221361634174996,-0.07960317863378383,0.0024986746706305418,0.00027308686386192044,0.10186374306481906,0.06869661042509895,0.0219662561909591,bgn_gam_oracle_g0235d_s001@de109da+dirty
566,319,0.07247815482268158,0.0725632129936482,-0.030413162478696323,0.002502386304943239,0.0002799782845534799,0.10216216450699828,0.0691088171152429,0.021841573281989348,bgn_gam_oracle_g0235d_s001@de109da+dirty
567,322,0.072633669554795,0.07266868042591199,0.12628665071277778,0.0024727379537117723,0.0002853697969872893,0.10282674001290823,0.06901083169493012,0.02265292611935999,bgn_gam_oracle_g0235d_s001@de109da+dirty
568,321,0.07266571986094633,0.07271609271067875,0.08391664919617492,0.002482750991454453,0.00028426419961917774,0.10236736108125548,0.06909733328727882,0.022491451164747916,bgn_gam_oracle_g0235d_s001@de109da+dirty
569,322,0.07272146723747189,0.0727441829245826,0.21614236228963554,0.0024511014644384476,0.00028806282628126363,0.10273771353673247,0.06885618403307503,0.02339311260978327,bgn_gam_oracle_g0235d_s001@de109da+dirty
570,324,0.07286017005284465,0.0729297771395425,-0.012251011507096066,0.002509768445148465,0.00028191583677323473,0.10212475302018023,0.06960944844784418,0.02152043370651165,bgn_gam_oracle_g0235d_s001@de109da+dirty
571,328,0.07235585672559647,0.07243116623319668,-0.09235987973849195,0.002514358917565509,0.00027455421419764767,0.10105219974697548,0.06931069139044051,0.02077012425273762,bgn_gam_oracle_g0235d_s001@de109da+dirty
572,333,0.0729126332280431,0.07294181857570191,-0.0567662230398856,0.002515794663449614,0.00028097766220197307,0.10115400803177411,0.0697661859707316,0.021188000834067095,bgn_gam_oracle_g0235d_s001@de109da+dirty
573,336,0.07292828845888416,0.07295701090212629,-0.022867834441551823,0.0025132247242687735,0.0002817868215282446,0.10131648297045691,0.06967818525827014,0.021528719345479008,bgn_gam_oracle_g0235d_s001@de109da+dirty
574,335,0.07307147828212887,0.07310647360274791,0.05721561069515256,0.0024948655561534455,0.00028615304878565936,0.10128555562129063,0.06956598090231428,0.022361020536515702,bgn_gam_oracle_g0235d_s001@de109da+dirty
575,334,0.07304754248340381,0.07310070050978199,0.1284173721822211,0.0024731725073156106,0.00028740765230754906,0.10136307882684956,0.06931000683484494,0.023066564881196173,bgn_gam_oracle_g0235d_s001@de109da+dirty
576,338,0.07332581419254594,0.07335809542813733,0.10577117088204638,0.0024858584174938577,0.0002914263242225967,0.10146919037955837,0.06966295614843471,0.022885531841341032,bgn_gam_oracle_g0235d_s001@de109da+dirty
577,340,0.07324442652990501,0.07325159522053015,0.21801434536499814,0.002459999804678157,0.00029880223454458696,0.1018589201576818,0.06930468640552927,0.02369823748564225,bgn_gam_oracle_g0235d_s001@de109da+dirty
578,338,0.07335337378510837,0.07337000482385916,0.26330826930286455,0.002459158441680116,0.0003005692738009279,0.1021690437614296,0.06942628461014812,0.023679283158248986,bgn_gam_oracle_g0235d_s001@de109da+dirty
579,341,0.5221316512518798,0.5241429248622176,0.39111151366792957,0.0019179131385589944,0.005666483717492884,0.12515945814289295,0.05514768071333447,0.5192111271447818,bgn_gam_oracle_g0235d_s001@de109da+dirty
580,341,0.5115919184225605,0.5134617346834578,0.2877010009172437,0.001938764941504895,0.005451531203212278,0.1239325171938048,0.05554222156569614,0.5085679429720505,bgn_gam_oracle_g0235d_s001@de109da+dirty
581,340,0.5108013820308268,0.512686886795241,0.2844367613759809,0.001969021895207363,0.005433066758097466,0.12422903316107876,0.05625818309209563,0.5076938730374623,bgn_gam_oracle_g0235d_s001@de109da+dirty
582,339,0.5062300577914693,0.5090624232237385,0.24214400630413682,0.0019383723838237664,0.005355112448446455,0.12379674713455914,0.055387452256761574,0.5031909195763169,bgn_gam_oracle_g0235d_s001@de109da+dirty
583,340,0.5141954319802551,0.5161790873774529,0.310020161344166,0.001850761116049138,0.005529830204927896,0.12432533384426797,0.05291248442761592,0.5114657478864625,bgn_gam_oracle_g0235d_s001@de109da+dirty
584,340,0.5101429658292889,0.512156996613754,0.2754542675076591,0.001857384007793969,0.005453157167626434,0.12415834756989678,0.05306387651205613,0.5073756700854075,bgn_gam_oracle_g0235d_s001@de109da+dirty
585,337,0.5043104100679114,0.5061624361127485,0.22211680721993324,0.001873171991017673,0.005351925509061197,0.12336001361813044,0.05335397556237696,0.5014801521441844,bgn_gam_oracle_g0235d_s001@de109da+dirty
586,337,0.49119180071404017,0.4927196671360723,0.10085865844677393,0.0018604828437196895,0.005124346348383209,0.12248027189474851,0.05267022956238936,0.4883597362667674,bgn_gam_oracle_g0235d_s001@de109da+dirty
587,335,0.49084360122821336,0.49234997723258306,0.09354179309956838,0.0018492827822850072,0.005142968540133215,0.12200975537759638,0.05251736062879044,0.4880259908030175,bgn_gam_oracle_g0235d_s001@de109da+dirty
588,334,0.07292313031911334,0.07293597738533078,0.18924282261310466,0.002456047446611193,0.00029364658797505417,0.10175233419851193,0.06901616245549277,0.023548933212683247,bgn_gam_oracle_g0235d_s001@de109da+dirty
589,336,0.07330024769342901,0.07331803541850086,0.2580634566286408,0.002450597829285196,0.0002992025384833103,0.10234851802073615,0.0692700080431551,0.023970654926790645,bgn_gam_oracle_g0235d_s001@de109da+dirty
590,337,0.07324691464019203,0.07329719037578644,0.03303328493300697,0.0025006924908984487,0.000289320402559787,0.10151928935105636,0.06976122538384416,0.022326709055570094,bgn_gam_oracle_g0235d_s001@de109da+dirty
591,337,0.07250613861350472,0.07253684265563157,-0.09448359592875333,0.0025151830854025304,0.00027789302376900367,0.10098474640227395,0.06933233442357593,0.02121715202420409,bgn_gam_oracle_g0235d_s001@de109da+dirty
592,336,0.07328168679190185,0.07330553071874599,0.07658866571488816,0.0024915784386955867,0.00028950683547880666,0.10124797749916935,0.06973864970741506,0.022510583201082547,bgn_gam_oracle_g0235d_s001@de109da+dirty
593,333,0.07338993720893422,0.07343526547697374,0.047899607199787315,0.0025021990460262775,0.0002895935398076641,0.10111860652910136,0.06998480105417093,0.022095486076106653,bgn_gam_oracle_g0235d_s001@de109da+dirty
594,334,0.07320464365048464,0.07325520370927838,0.006372470469523903,0.0025098511690585345,0.0002887091314877526,0.10075001604584469,0.06988112215130503,0.021807077265622418,bgn_gam_oracle_g0235d_s001@de109da+dirty
595,334,0.07320169772870547,0.07323589727175868,0.09873565834927821,0.002485104206322646,0.0002909922524241575,0.1008556640760691,0.06959666143285992,0.022689056123264186,bgn_gam_oracle_g0235d_s001@de109da+dirty
596,336,0.0732031416074709,0.07323471002116332,0.08665458240003394,0.0024878067496728116,0.0002899802113987945,0.10080473368876153,0.06961784365412628,0.022628649675865926,bgn_gam_oracle_g0235d_s001@de109da+dirty
597,338,0.07337718605205022,0.07343155415489364,0.01888937536037067,0.002503986880981448,0.00028871276293156606,0.10059379849997868,0.06992303052342888,0.02224817375284602,bgn_gam_oracle_g0235d_s001@de109da+dirty
598,343,0.07324325782561651,0.07326268372405449,-0.015640764729126812,0.0025104009340215614,0.00028461782380026854,0.10047912150332251,0.0698287884095877,0.022102378291911598,bgn_gam_oracle_g0235d_s001@de109da+dirty
599,344,0.07329033808097161,0.07329395298886027,0.1449426404540704,0.0024732067623648977,0.00028877172828968665,0.10134592727144434,0.06941879026037936,0.02350542947509312,bgn_gam_oracle_g0235d_s001@de109da+dirty
600,344,0.07349140773319417,0.07352455443893496,0.0025260613591748587,0.0025066856698982127,0.0002859040667609215,0.10032466888201247,0.07000914173743354,0.022354129009973356,bgn_gam_oracle_g0235d_s001@de109da+dirty
601,347,0.07359554616392265,0.07361187253990499,0.12229367867538633,0.0024804936859195493,0.0002893207456190051,0.1010052641850524,0.06979815623404952,0.023334990925502522,bgn_gam_oracle_g0235d_s001@de109da+dirty
602,349,0.07348128082475364,0.07351137847753665,0.08134731729701378,0.002495755227876238,0.00028877526896331767,0.10147961849492629,0.06978770421494018,0.023003803425832154,bgn_gam_oracle_g0235d_s001@de109da+dirty
603,353,0.0734784833252073,0.07350208784351304,0.0668464225056723,0.0025035938126623434,0.0002880204705006343,0.10187633430876261,0.06985496993807006,0.022789705718242542,bgn_gam_oracle_g0235d_s001@de109da+dirty
604,355,0.0734394530387499,0.07344462447696513,0.22126082224461247,0.0024649083738992085,0.00029551398132773507,0.10249836386133897,0.06937879641393939,0.024081857710398977,bgn_gam_oracle_g0235d_s001@de109da+dirty
605,357,0.5070946701320815,0.5084558931604322,0.17677927214228636,0.0019315350232493157,0.005511802122556799,0.12417755777932284,0.05481712734821046,0.5041230871777791,bgn_gam_oracle_g0235d_s001@de109da+dirty
606,355,0.5140226366251692,0.5155949036548996,0.24162920373208488,0.0019107728722868261,0.005677638434656862,0.12479376863102232,0.05453375942080749,0.5111216489706969,bgn_gam_oracle_g0235d_s001@de109da+dirty
607,352,0.5087568454763166,0.510209525007847,0.19266714150734127,0.0019660666816701763,0.005577584117660887,0.12447620996183356,0.055814001800896546,0.5056859944886571,bgn_gam_oracle_g0235d_s001@de109da+dirty
608,351,0.49474858013740886,0.4958709844495731,0.06484838458213495,0.001893673481986387,0.005313331518624149,0.12295127342557167,0.05358219621104369,0.4918384956438274,bgn_gam_oracle_g0235d_s001@de109da+dirty
609,351,0.4947159570191693,0.4975045509797757,0.0655255004728434,0.0019056356760175203,0.0053146398566649685,0.12315139694640932,0.05387557501683819,0.4917736273388373,bgn_gam_oracle_g0235d_s001@de109da+dirty
610,348,0.5035377738790418,0.5049949164778228,0.13435822121241342,0.0017741161998191723,0.005522054402434005,0.12289635227200313,0.05039298749370107,0.5010098168045419,bgn_gam_oracle_g0235d_s001@de109da+dirty
611,348,0.5017513485915502,0.5031521525099897,0.10544710459785142,0.0017279901529027376,0.005468890692732452,0.12255584609662876,0.04906264001513935,0.49934684655876643,bgn_gam_oracle_g0235d_s001@de109da+dirty
612,347,0.5026366780818468,0.5042040613678396,0.12835450953742422,0.0017867941050705358,0.005458052352276312,0.12263447551330414,0.05070494020484847,0.500072633916291,bgn_gam_oracle_g0235d_s001@de109da+dirty
613,346,0.501970311586836,0.5035340860166917,0.1238489374834133,0.0018097394962753863,0.0054654745039985336,0.12291163867419594,0.0514235610261812,0.4993293613297458,bgn_gam_oracle_g0235d_s001@de109da+dirty
614,348,0.5025990256778885,0.5040829688127441,0.12905508842036878,0.0018098767931650887,0.005456710229678074,0.12340386993057835,0.05128244613705654,0.49997589074930676,bgn_gam_oracle_g0235d_s001@de109da+dirty
615,343,0.5003791665832353,0.502693733672824,0.11464027886728098,0.001830455975318092,0.005428466539086326,0.12332056018863395,0.05180716433759443,0.4976899919365776,bgn_gam_oracle_g0235d_s001@de109da+dirty
616,343,0.5016272846977284,0.5034060939935359,0.13089414581241954,0.0018331419309194445,0.0054335755621012696,0.12313446881216784,0.05195084370629811,0.49892989747199923,bgn_gam_oracle_g0235d_s001@de109da+dirty
617,344,0.4810749565982397,0.4821715191900872,-0.061766671895445734,0.0018415463955688742,0.0050416401493200026,0.12143450525973533,0.0518135935580524,0.4782765574315755,bgn_gam_oracle_g0235d_s001@de109da+dirty
618,345,0.47896859479320836,0.4799294891276732,-0.0821168601511922,0.0018597988846671583,0.005010719590987577,0.12158531361515328,0.0522615923320152,0.4761088539032885,bgn_gam_oracle_g0235d_s001@de109da+dirty
619,347,0.07262171366278276,0.07263806659867479,-0.23946160573669537,0.002555568617513943,0.00028164943430437623,0.10097232637745317,0.06967906177108713,0.02046317780844984,bgn_gam_oracle_g0235d_s001@de109da+dirty
620,347,0.07258434888838718,0.07263774944924344,-0.19862976242551622,0.0025455029399778723,0.0002820117904164396,0.10089016575488054,0.06960469659626478,0.020583340722366686,bgn_gam_oracle_g0235d_s001@de109da+dirty
621,351,0.47234832833829127,0.47292770944746143,-0.16750585827387088,0.0020572575565419838,0.004910517637813231,0.1206511304666058,0.05758587489273515,0.4688249249952657,bgn_gam_oracle_g0235d_s001@de109da+dirty
622,352,0.468355545909544,0.468938524973558,-0.19980621646306285,0.0021117272433560253,0.004794557896326184,0.12025492800466585,0.05903183232353813,0.4646204474156864,bgn_gam_oracle_g0235d_s001@de109da+dirty
623,352,0.4747149320536152,0.47520263802501933,-0.14335179889954006,0.002136918645828415,0.004894580648015773,0.1204241712617765,0.059952732914948736,0.47091393749887817,bgn_gam_oracle_g0235d_s001@de109da+dirty
624,350,0.4782457672052145,0.47889618239570886,-0.10533599493598733,0.0021601462164460576,0.004982673746309199,0.12089351786187612,0.06064256549600616,0.47438538457647156,bgn_gam_oracle_g0235d_s001@de109da+dirty
625,350,0.4800521556384297,0.48064948496859705,-0.09103227119385715,0.0020967882154061487,0.005004165623512333,0.12027812864492404,0.058978922094107294,0.47641532183770113,bgn_gam_oracle_g0235d_s001@de109da+dirty
626,349,0.476028040054349,0.4768150350619796,-0.12088285997003773,0.002199096839606515,0.004897375616064552,0.11999824552649267,0.061759830376968236,0.4720046803473383,bgn_gam_oracle_g0235d_s001@de109da+dirty
627,349,0.07320379438258891,0.07320972514558721,-0.08987249629962168,0.002535834977024407,0.00028416426350535924,0.1008548452873925,0.07008831882169475,0.021128726340147067,bgn_gam_oracle_g0235d_s001@de109da+dirty
628,352,0.07368015249005731,0.07371524722934712,0.00020583011129352344,0.0025242253310336442,0.0002911320550146929,0.10070849281231622,0.07032641201337543,0.021976365584032834,bgn_gam_oracle_g0235d_s001@de109da+dirty
629,353,0.0733719283932834,0.07337280611752095,-0.06670131048382533,0.002532972859946178,0.0002881562345887429,0.10060467000059801,0.07014466123665333,0.02152130052167502,bgn_gam_oracle_g0235d_s001@de109da+dirty
630,352,0.07318361683774774,0.07322103119164368,-0.11030929542018633,0.002531484027330429,0.00028405318387231455,0.09983148245433032,0.06998294170069476,0.021406299175042682,bgn_gam_oracle_g0235d_s001@de109da+dirty
631,354,0.07381168494582546,0.07384679028006391,0.006037575867737267,0.002527172761474625,0.00029482603923975824,0.10043397217074988,0.07049492918082255,0.02187760942910835,bgn_gam_oracle_g0235d_s001@de109da+dirty
632,356,0.07310834234019205,0.07313969739014926,-0.19646507545871147,0.0025607401961800784,0.0002864138802324717,0.09963173226160991,0.07031641798792244,0.020010774124918165,bgn_gam_oracle_g0235d_s001@de109da+dirty
633,358,0.07312270322236845,0.07317903564450079,-0.40216607942227295,0.002622091402606629,0.00028340118985626273,0.09892975205849429,0.07075716755516379,0.018448657569510345,bgn_gam_oracle_g0235d_s001@de109da+dirty
634,362,0.07296544470173025,0.07316580095631034,-0.5292060190863314,0.00266902997849861,0.000288840484305533,0.0986182363939891,0.0707540104061026,0.01782767881622225,bgn_gam_oracle_g0235d_s001@de109da+dirty
635,368,0.07343632695445246,0.0734835198640024,-0.48736855856272965,0.0026724202884050355,0.0003016921779598597,0.09912428189512648,0.07117551077709626,0.018081503869443346,bgn_gam_oracle_g0235d_s001@de109da+dirty
636,374,0.07383569562235821,0.07389590179895544,-0.45992600091740665,0.002669470998674719,0.0003013380048779467,0.09891234230548739,0.07146846300175613,0.01854639437206442,bgn_gam_oracle_g0235d_s001@de109da+dirty
637,380,0.4564898848838045,0.45652351158711735,-0.38980336091261353,0.003227582069379596,0.004654696517681992,0.11886660011568574,0.08873230934936649,0.4477829745298021,bgn_gam_oracle_g0235d_s001@de109da+dirty
638,380,0.4564439115496571,0.45691078311036204,-0.3736103238276671,0.0033064504754872232,0.004615705127904362,0.11927702750962375,0.09092328633036476,0.44729632280361714,bgn_gam_oracle_g0235d_s001@de109da+dirty
639,383,0.4730663202395489,0.4731259695341854,-0.21801105608368232,0.0032463823143723904,0.00491979019955225,0.1205607756865983,0.09000187640183935,0.4644258881556189,bgn_gam_oracle_g0235d_s001@de109da+dirty
640,383,0.4880598956879301,0.4882544292513876,-0.07444231804245877,0.003262291871294952,0.005211418056766176,0.12138719874979657,0.09103115278580058,0.4794953503438813,bgn_gam_oracle_g0235d_s001@de109da+dirty
641,384,0.4974544015018621,0.49773198221289466,0.0076380007094942375,0.003241344970352911,0.005384500569551759,0.12219432285118521,0.09065716963673696,0.4891238689402018,bgn_gam_oracle_g0235d_s001@de109da+dirty
642,383,0.4847443201542114,0.4852251555406227,-0.10490852527789347,0.0032104106920961286,0.005117529241251399,0.12101585781597228,0.08951922620095068,0.4764067212604705,bgn_gam_oracle_g0235d_s001@de109da+dirty
643,384,0.4902847287360127,0.49165764231783304,-0.056083559996641344,0.0031815466384400373,0.0052382149875919385,0.12139955016104914,0.08905589319035297,0.48212878271247606,bgn_gam_oracle_g0235d_s001@de109da+dirty
644,386,0.48241454947745344,0.48253071445902745,-0.13838466543655897,0.0031059136063687886,0.005107037664909961,0.12061426269936952,0.08650903292101667,0.4745945477674652,bgn_gam_oracle_g0235d_s001@de109da+dirty
645,386,0.47915082526754205,0.47926111662618953,-0.1593962224044092,0.0031239498533245156,0.005027934227307862,0.12044503083821549,0.0870806886158446,0.47117137755253863,bgn_gam_oracle_g0235d_s001@de109da+dirty
646,386,0.470815153117919,0.47095344424600166,-0.24784686232471737,0.003067778842012769,0.004866770163099387,0.1194652486768815,0.08522309745549321,0.46303772207622673,bgn_gam_oracle_g0235d_s001@de109da+dirty
647,387,0.47488674300764167,0.47495173448737904,-0.20907624541239167,0.0030674223636676227,0.004949769702651999,0.12025121579669575,0.08532066949575197,0.467159289794394,bgn_gam_oracle_g0235d_s001@de109da+dirty
648,385,0.48194800249264974,0.48206505526230303,-0.1399906566568287,0.0030720202725268405,0.005079558046763088,0.12087698295035308,0.08554551449382333,0.47429510018198817,bgn_gam_oracle_g0235d_s001@de109da+dirty
649,382,0.4839844725074343,0.48417740337961895,-0.12125309156228292,0.0030553922649212343,0.005119857976123226,0.12044363225099249,0.08527416864885722,0.47641293621137715,bgn_gam_oracle_g0235d_s001@de109da+dirty
650,381,0.4741656620493551,0.4742882389156154,-0.21243876360026104,0.003048415184129025,0.00494671597771751,0.11987323934897484,0.08471881217590173,0.46653595566709277,bgn_gam_oracle_g0235d_s001@de109da+dirty
651,380,0.45997472760242836,0.4600295814242721,-0.34937428290582706,0.003061872657764923,0.0047115732770838,0.11915446132015108,0.08444945197126769,0.4521559908866416,bgn_gam_oracle_g0235d_s001@de109da+dirty
652,382,0.4531591867611703,0.453287693972261,-0.4094476804391479,0.003033898534971074,0.00457502256337896,0.11889096014171564,0.0833786046976444,0.4454225598515629,bgn_gam_oracle_g0235d_s001@de109da+dirty
653,386,0.44590764459392274,0.4465772724329756,-0.47754758583739715,0.0030444203897561236,0.004458120413218545,0.11872832634163573,0.08340390014841376,0.43803814553909975,bgn_gam_oracle_g0235d_s001@de109da+dirty
654,388,0.4544976498534604,0.454550152541967,-0.40917343610909745,0.0030490925887840764,0.004604411826100284,0.11930422056016794,0.08373427652573558,0.44671767891704306,bgn_gam_oracle_g0235d_s001@de109da+dirty
655,391,0.4544146605742642,0.45456218515003183,-0.4128026991109633,0.0030344942553537793,0.004597995956128711,0.11954071615805384,0.08338888428995359,0.44669785954457014,bgn_gam_oracle_g0235d_s001@de109da+dirty
656,390,0.45505215508178115,0.4550722042821271,-0.4058112369867611,0.0030365591219038693,0.00460346546909088,0.11928102672232126,0.0834638227406879,0.44733237546379806,bgn_gam_oracle_g0235d_s001@de109da+dirty
657,392,0.453911122645848,0.45406434809378293,-0.4159807580058065,0.003037145193319725,0.004561225407397633,0.11916699166995297,0.08367942075007907,0.4461312159046319,bgn_gam_oracle_g0235d_s001@de109da+dirty
658,395,0.46601544399900147,0.46633627704789543,-0.30817859901477496,0.0030959071528424546,0.004764424895918476,0.12033621565467863,0.08557200316404615,0.45809150430899603,bgn_gam_oracle_g0235d_s001@de109da+dirty
659,396,0.48073592360191986,0.48085639379618844,-0.15880551826539102,0.003062586114665992,0.00502254853917791,0.12183918347812052,0.08521176543785815,0.4731236448037176,bgn_gam_oracle_g0235d_s001@de109da+dirty
660,396,0.4859014298002561,0.48603939822313064,-0.09863570327523409,0.0030499503479752854,0.005093357677201387,0.1226633062493281,0.08500204685721809,0.47840866579945696,bgn_gam_oracle_g0235d_s001@de109da+dirty
661,392,0.48410646543541475,0.4842383898358452,-0.11455230885645204,0.003031234548599042,0.005076333953612358,0.12213417261838816,0.08453853652484328,0.4766679197498067,bgn_gam_oracle_g0235d_s001@de109da+dirty
662,390,0.5009693237887544,0.5013255645489202,0.044318191305231194,0.003054210941021617,0.005429379150792685,0.12342966943905131,0.08562306432153913,0.4935979682226735,bgn_gam_oracle_g0235d_s001@de109da+dirty
663,389,0.5051280486937405,0.5057773258252658,0.0824704342315926,0.002996153619747707,0.005552657150713683,0.123482921281313,0.08417630944083866,0.49806495008790375,bgn_gam_oracle_g0235d_s001@de109da+dirty
664,388,0.5018530372106849,0.5022411065238616,0.056063961788558624,0.002969623316493392,0.005502409215418625,0.12340706646953431,0.08328724376306139,0.49489363097936656,bgn_gam_oracle_g0235d_s001@de109da+dirty
665,384,0.5087297550858494,0.5096860167793781,0.1237312619090907,0.002936210744621689,0.005658531121238356,0.12382239253646364,0.08284145158471679,0.5019394959644492,bgn_gam_oracle_g0235d_s001@de109da+dirty
666,381,0.5101479523346274,0.5116385244449083,0.13935217826145307,0.0029132398271721274,0.005720544958993116,0.12410672192223778,0.08219450556114566,0.5034828661700139,bgn_gam_oracle_g0235d_s001@de109da+dirty
667,383,0.4981371847854745,0.498517926004174,0.017821273646121655,0.002799658587640758,0.005501161742609974,0.12321929829276879,0.07871399750370123,0.4918788076985887,bgn_gam_oracle_g0235d_s001@de109da+dirty
668,383,0.5014855355531863,0.5019413482006082,0.04651815680291373,0.0028252534460695734,0.0055714479412547,0.12362126206541228,0.07941282902121649,0.495157899013954,bgn_gam_oracle_g0235d_s001@de109da+dirty
669,382,0.504889021539128,0.5054376202709475,0.08186025920327152,0.002767661306192651,0.005632493250063873,0.12419770083387767,0.07778593047507468,0.498860975714542,bgn_gam_oracle_g0235d_s001@de109da+dirty
670,382,0.48547816832492374,0.48568582568413565,-0.08073457607965018,0.002797422929699668,0.005226081510983129,0.1229744026518107,0.0780308714291177,0.4791661872713219,bgn_gam_oracle_g0235d_s001@de109da+dirty
671,381,0.4699550666707847,0.47002797829860454,-0.22712527090581874,0.0028324881707527797,0.004918141034677366,0.1214385140946618,0.07858712712346831,0.46333770420722453,bgn_gam_oracle_g0235d_s001@de109da+dirty
672,379,0.46974895131128047,0.4699531052597989,-0.20802155261494346,0.002858287656675167,0.004892749013480139,0.12132585572424368,0.07953510027921909,0.46296678615384745,bgn_gam_oracle_g0235d_s001@de109da+dirty
673,380,0.47575839696147515,0.47589185910754245,-0.1498018538202148,0.0028730625099624243,0.004995575910353003,0.12189168381301495,0.08002998368225551,0.468978948345414,bgn_gam_oracle_g0235d_s001@de109da+dirty
674,380,0.48016716833108136,0.4803484577812206,-0.10714126732945203,0.0028486294303701086,0.005078471523253581,0.12188188570496382,0.07947739043638266,0.4735439303301351,bgn_gam_oracle_g0235d_s001@de109da+dirty
675,380,0.4688813843759151,0.46902680367079025,-0.2020960921306124,0.0028387790138894573,0.004848368818879042,0.12095853060039552,0.07897131141976874,0.4621831721156846,bgn_gam_oracle_g0235d_s001@de109da+dirty
676,381,0.4663477812997286,0.46649544130068055,-0.22710289829419472,0.0028217970651696375,0.0047762548577043795,0.12035918752691908,0.07845708421679487,0.4597007059591906,bgn_gam_oracle_g0235d_s001@de109da+dirty
677,382,0.07370624061979297,0.07374433105895017,-0.16796136094446834,0.002576743360188837,0.0002949340201262925,0.1003088439640117,0.07082126697302848,0.02041955069627745,bgn_gam_oracle_g0235d_s001@de109da+dirty
678,384,0.07373112037135358,0.07375809653620712,-0.28694637460635136,0.0026137012033162197,0.00029244769833592656,0.09975333943302898,0.07113353579485769,0.01939840706183709,bgn_gam_oracle_g0235d_s001@de109da+dirty
679,386,0.073830805370407,0.07386084004279571,-0.2698992012912281,0.002615686792727946,0.00029532870608957676,0.10000502102764543,0.07128208695289559,0.01923153403352813,bgn_gam_oracle_g0235d_s001@de109da+dirty
680,388,0.07403090521657682,0.07405204108375545,-0.24779114406576028,0.0026155399346736823,0.000298302528620646,0.10010066548860161,0.07139405186517389,0.019582244137448628,bgn_gam_oracle_g0235d_s001@de109da+dirty
681,389,0.07409212954536121,0.07411329996434285,-0.16774688390004297,0.0025992551653671596,0.0003021907527842746,0.10062503149813132,0.07129518959450652,0.020165306872199005,bgn_gam_oracle_g0235d_s001@de109da+dirty
682,389,0.07397125365304881,0.0740102940789812,-0.34761803280117753,0.0026490627175460467,0.0002993258080197647,0.09984471495469265,0.0715021581058058,0.018952249291734106,bgn_gam_oracle_g0235d_s001@de109da+dirty
683,395,0.07418981202286917,0.07421505326772736,-0.30309595945239187,0.002648194080468001,0.00030508197865922757,0.10011797000406678,0.07172066007689869,0.0189809147862429,bgn_gam_oracle_g0235d_s001@de109da+dirty
684,399,0.07460266464961038,0.07462800349320137,-0.16144354015198648,0.0026102693039669286,0.00030445139291824364,0.10033511644377235,0.07186113092819388,0.020038349097248588,bgn_gam_oracle_g0235d_s001@de109da+dirty
685,396,0.0744545585897337,0.07447765006855615,-0.23415726407955742,0.002627344058470297,0.0002989793724583925,0.09970475495024181,0.07184394112158832,0.01954301458091455,bgn_gam_oracle_g0235d_s001@de109da+dirty
686,396,0.07438111944566363,0.0744100389029737,-0.23017401766451545,0.002630060738374369,0.00029957813539193816,0.09971611635584421,0.07179810969981122,0.01943147893300851,bgn_gam_oracle_g0235d_s001@de109da+dirty
687,394,0.07459958590375709,0.07472721728208627,-0.14929898883064405,0.002608111180392815,0.00029729091151445617,0.09937387669247229,0.07188380202270707,0.01994535594498854,bgn_gam_oracle_g0235d_s001@de109da+dirty
688,400,0.0745133975035489,0.07455440798757298,-0.2154433643532557,0.0026293974401265124,0.0002980767833448892,0.09957446111836343,0.07190380786473662,0.019547092419920895,bgn_gam_oracle_g0235d_s001@de109da+dirty
689,401,0.07468211728055242,0.07470979070341169,-0.12308596203736229,0.002616918589651141,0.0003011518494176882,0.09979604641844915,0.07205527017968309,0.019633050726747966,bgn_gam_oracle_g0235d_s001@de109da+dirty
690,401,0.07493932411592706,0.07495586927561565,-0.07686883127309167,0.0026192602663398937,0.0003015883536812247,0.10008241359859246,0.0723322188322537,0.01959470381901524,bgn_gam_oracle_g0235d_s001@de109da+dirty
691,400,0.07473016244345618,0.07477287135241019,-0.19035103890003682,0.0026371250282505813,0.00029423957703087064,0.09972501425473482,0.07229171853315154,0.018934217975637165,bgn_gam_oracle_g0235d_s001@de109da+dirty
692,398,0.07464945760414762,0.07469412260055554,-0.17205048521121963,0.002631565453942127,0.00029237858282347724,0.0994741511550018,0.0721558376153195,0.019133128824765602,bgn_gam_oracle_g0235d_s001@de109da+dirty
693,397,0.07450645716219048,0.07454587468059787,-0.27769595830284866,0.0026592030842750615,0.0002889713402433699,0.09875284161179312,0.0722850433129915,0.01805781470998824,bgn_gam_oracle_g0235d_s001@de109da+dirty
694,403,0.07467306564412213,0.07472201241489669,-0.18997276403107882,0.0026343865438105685,0.00029079726729571814,0.0988955218944012,0.07228884526572027,0.01871869607745488,bgn_gam_oracle_g0235d_s001@de109da+dirty
695,405,0.07449841568007,0.07452264206592778,-0.31608591135990366,0.0026739691865323083,0.0002923372292182633,0.09856108573287965,0.07234968556846541,0.01776335939468342,bgn_gam_oracle_g0235d_s001@de109da+dirty
696,408,0.0741374500504141,0.07420465713021356,-0.4485975864009474,0.0026987995538960163,0.0002880142692614114,0.09812832905258129,0.07203315648139343,0.017538126105851023,bgn_gam_oracle_g0235d_s001@de109da+dirty
697,411,0.07419152035823906,0.07426309360561453,-0.5360541458044106,0.002730866432277265,0.00028934418723870677,0.09736692878855158,0.07224702703999344,0.016874500791118432,bgn_gam_oracle_g0235d_s001@de109da+dirty
698,411,0.07428549830599776,0.07440698322697091,-0.5948907710171484,0.002758013505316241,0.00030033129936548524,0.0972033554062296,0.07230660010591762,0.017032053302327068,bgn_gam_oracle_g0235d_s001@de109da+dirty
699,415,0.07461415060306904,0.07468405795302595,-0.4425592562586568,0.002719700208894404,0.0003121693111882208,0.09775901145617936,0.0724848422982609,0.01769799726561503,bgn_gam_oracle_g0235d_s001@de109da+dirty
700,419,0.07499522393514167,0.0750504649759444,-0.4173329945194207,0.0027232937356047467,0.00031566607470590274,0.09770215116430432,0.07280248712909483,0.018002263216052243,bgn_gam_oracle_g0235d_s001@de109da+dirty
701,425,0.07514118283237765,0.07518242513420541,-0.36327295404049864,0.0027200114042150564,0.0003162495457563704,0.09759463159219957,0.07296809914090056,0.017940286096172275,bgn_gam_oracle_g0235d_s001@de109da+dirty
702,428,0.07552297755813595,0.07555007220572385,-0.27709841357497905,0.002710952047488517,0.0003217580008251336,0.09775160463245636,0.0733168204776507,0.018120816049357294,bgn_gam_oracle_g0235d_s001@de109da+dirty
703,429,0.07536343519514437,0.07538685757045195,-0.32152960703354716,0.002726361377696462,0.0003201600920095202,0.09768982434853857,0.07331480614002672,0.017452408574836428,bgn_gam_oracle_g0235d_s001@de109da+dirty
704,428,0.07516508361655744,0.07520844550313213,-0.37589066920214537,0.0027371311519121884,0.00031632934443787526,0.09683609772720968,0.0732285389475073,0.01695201695071938,bgn_gam_oracle_g0235d_s001@de109da+dirty
705,431,0.0749924797910682,0.07513896105858936,-0.4215397694006968,0.0027429427675327387,0.00031255383520920624,0.09647465468497725,0.0730320628546164,0.017034958773449734,bgn_gam_oracle_g0235d_s001@de109da+dirty
706,432,0.07564040682176158,0.07567848037477767,-0.3387566048385185,0.002736966966361492,0.00031818844407661544,0.09649826156426035,0.07360624604578207,0.01742388266745926,bgn_gam_oracle_g0235d_s001@de109da+dirty
707,434,0.07583998910224529,0.07588741865997356,-0.17076773023652086,0.002703473426536904,0.0003257368425241145,0.09688048011053377,0.07361995789987043,0.01821553583757531,bgn_gam_oracle_g0235d_s001@de109da+dirty
708,436,0.07604086826264007,0.07608264254567407,-0.16209627499014326,0.002705420509318206,0.00032662359956508937,0.0970982420207081,0.07385284717832728,0.01810995885668485,bgn_gam_oracle_g0235d_s001@de109da+dirty
709,437,0.07579336419240515,0.07583458060026081,-0.20177665120198873,0.0027125036005916942,0.00032349320908070246,0.09695233897464009,0.07364264726136688,0.01792748057983765,bgn_gam_oracle_g0235d_s001@de109da+dirty
710,439,0.47765264961813436,0.4776955306236556,-0.2147439876815941,0.005189639375339336,0.004924873424342116,0.11918675925581385,0.14092479135500097,0.4563904653569941,bgn_gam_oracle_g0235d_s001@de109da+dirty
711,436,0.4713652782994199,0.4714640102288411,-0.2884370692655017,0.005164655790121247,0.004769024398960378,0.11865780059186735,0.13974492196029267,0.450173946794571,bgn_gam_oracle_g0235d_s001@de109da+dirty
712,435,0.4819198714140684,0.48215559866553004,-0.18282954101954915,0.005241477126706552,0.004975614478844811,0.11978755220863879,0.14233482290532387,0.46042106886225603,bgn_gam_oracle_g0235d_s001@de109da+dirty
713,435,0.47411187094332446,0.4745290966307617,-0.26222821784605754,0.005125310033769978,0.004830969930695448,0.1192345918495899,0.13896045726544023,0.45329025743551926,bgn_gam_oracle_g0235d_s001@de109da+dirty
714,434,0.47295537440549523,0.4730211604886797,-0.27366450770154616,0.005051739358890098,0.004837732598311408,0.11868245173147025,0.137040459976558,0.4526662109197632,bgn_gam_oracle_g0235d_s001@de109da+dirty
715,434,0.46305073840638455,0.46319513806506796,-0.36184014210739085,0.004974997832012017,0.004619690440429667,0.1180724692657154,0.1344328084033381,0.44310699200474074,bgn_gam_oracle_g0235d_s001@de109da+dirty
716,434,0.44538198149438823,0.44585106841783007,-0.5229212377671042,0.004838569592016027,0.004257045628968593,0.1168400728112215,0.12970336827026355,0.42607762872417504,bgn_gam_oracle_g0235d_s001@de109da+dirty
717,432,0.4265877416967177,0.42781000093374716,-0.7021715173571075,0.004684755959268814,0.003975562764108179,0.11547075606018829,0.12429562698261054,0.4080780543951185,bgn_gam_oracle_g0235d_s001@de109da+dirty
718,433,0.4208815967428517,0.42242349656062195,-0.7536577242919736,0.004681957128462873,0.003868312030925332,0.11504071326645197,0.12356660235257488,0.40233395737851047,bgn_gam_oracle_g0235d_s001@de109da+dirty
719,436,0.42664166977823353,0.4278290478921628,-0.7047746449025553,0.004697130187574684,0.003947119012188329,0.11497574560065123,0.12455338201060408,0.4080558410571766,bgn_gam_oracle_g0235d_s001@de109da+dirty
720,434,0.42951442304082904,0.430644228894017,-0.6948053515105769,0.00463843168574206,0.0039909547951047135,0.11419783084421146,0.12337688616430714,0.4114131543357551,bgn_gam_oracle_g0235d_s001@de109da+dirty
721,432,0.4335208006233703,0.43449513155579544,-0.6502563927689257,0.004714342920080162,0.004063922797822401,0.11445445095857887,0.1256657621968623,0.4149077015248206,bgn_gam_oracle_g0235d_s001@de109da+dirty
722,431,0.42633154656025785,0.42768067947191596,-0.7212071579661283,0.004710403071228994,0.0039466339936699985,0.11377631736144751,0.12494160870192833,0.4076127844013673,bgn_gam_oracle_g0235d_s001@de109da+dirty
723,433,0.42391705737811874,0.42545706163859237,-0.7560937801707979,0.00472767564243893,0.003909762594663655,0.11286631996957316,0.12530316004645098,0.4049750481430883,bgn_gam_oracle_g0235d_s001@de109da+dirty
724,434,0.4198184278706747,0.42164799076527315,-0.8079429048270308,0.004724901876783279,0.0038459369483528866,0.11175884462367014,0.12494970412422701,0.4007930685766322,bgn_gam_oracle_g0235d_s001@de109da+dirty
725,437,0.42778001403585836,0.42925390804587976,-0.7339038595294546,0.004833238527766963,0.003950496847463925,0.11257141195582637,0.12822228558966864,0.4081112420488814,bgn_gam_oracle_g0235d_s001@de109da+dirty
726,437,0.4484344133589759,0.44896441600310283,-0.5359896702795791,0.00499421725870635,0.004291007074509677,0.11393212395603788,0.1343415028753889,0.427838501878677,bgn_gam_oracle_g0235d_s001@de109da+dirty
727,434,0.4501569544957199,0.4506427289215468,-0.5240036374540675,0.004944413488591232,0.004312429167276297,0.11348811013616918,0.13308527382325167,0.4300344097537449,bgn_gam_oracle_g0235d_s001@de109da+dirty
728,435,0.4404996629741044,0.44132131380961936,-0.6122821260181258,0.004855500925839073,0.004129342708817231,0.1131383472695069,0.13009465868612047,0.42085072515280453,bgn_gam_oracle_g0235d_s001@de109da+dirty
729,436,0.45682115609181884,0.45713076038039246,-0.4777471182427629,0.004926704483747963,0.004423725968755937,0.11376388242633385,0.1332137183560345,0.43696644481564606,bgn_gam_oracle_g0235d_s001@de109da+dirty
730,435,0.4480678156223704,0.44867762176878173,-0.5528480685573756,0.004874398587940902,0.0042372106229086786,0.11276080720509274,0.1312854633803592,0.4284027246664135,bgn_gam_oracle_g0235d_s001@de109da+dirty
731,437,0.4540683044441826,0.45444763579129466,-0.49575460376682073,0.004921030786775364,0.004325772122733232,0.11337355045998267,0.13278705260596713,0.43421840559911207,bgn_gam_oracle_g0235d_s001@de109da+dirty
732,435,0.4515323092746533,0.4519996507095958,-0.5198030319418607,0.0049050628747843985,0.004293685576501172,0.11291465399818675,0.1325319968473652,0.43164417768637997,bgn_gam_oracle_g0235d_s001@de109da+dirty
733,437,0.4498902088091089,0.4504124479092754,-0.5375414640505499,0.004896497138199098,0.004244712460228472,0.11305059090080435,0.13197402481137957,0.4300977293097337,bgn_gam_oracle_g0235d_s001@de109da+dirty
734,436,0.4820640363700508,0.4821039911090345,-0.22336545238551153,0.00521198535816133,0.004831036005798004,0.11549435208901522,0.1425724625022759,0.46049845612925,bgn_gam_oracle_g0235d_s001@de109da+dirty
735,435,0.477015008529787,0.4770827617038435,-0.2698955781659797,0.00516259528850301,0.004747308748352868,0.11530135508499081,0.1408317564798007,0.4557518345870775,bgn_gam_oracle_g0235d_s001@de109da+dirty
736,434,0.47447823746934176,0.474584017473938,-0.29171515687891597,0.005148255221116696,0.004687839208535761,0.11505759482050454,0.14027788367031466,0.45326781618044615,bgn_gam_oracle_g0235d_s001@de109da+dirty
737,436,0.47840629719233874,0.47847010821695685,-0.2548778185321424,0.005100466269614191,0.004753468169696745,0.11542466367750047,0.1393759900766487,0.4576537103350504,bgn_gam_oracle_g0235d_s001@de109da+dirty
738,435,0.07612701672952046,0.07616678563826436,-0.23603018565127082,0.0027040113789674847,0.0003104143455493773,0.09448540763115242,0.07391697495504616,0.018209983240842567,bgn_gam_oracle_g0235d_s001@de109da+dirty
739,436,0.07610482131886706,0.07615034101296662,-0.22030849581290898,0.0027018309981317636,0.00030921914248111865,0.09439087770098892,0.0738884614057482,0.018232912522905955,bgn_gam_oracle_g0235d_s001@de109da+dirty
740,437,0.07605858602914466,0.07609659006760225,-0.250039761327299,0.002712872754828185,0.0003080690811598064,0.09442577929216989,0.07391990629747472,0.017909661128155282,bgn_gam_oracle_g0235d_s001@de109da+dirty
741,438,0.076165956843545,0.07621430450823509,-0.1923996144954519,0.002702043090952697,0.0003071416530859318,0.09441816359965899,0.07395163127719782,0.018232092949909434,bgn_gam_oracle_g0235d_s001@de109da+dirty
742,437,0.0762649044605888,0.07630771186236489,-0.1114571106220753,0.0026931483478283393,0.00031097975290409917,0.09459005376537782,0.07399351011559752,0.01847420128600165,bgn_gam_oracle_g0235d_s001@de109da+dirty
743,436,0.07620079447643337,0.07625495190016214,-0.16319665275009276,0.002695068636344664,0.00030786344199763783,0.0943153363112131,0.07394205511806982,0.018415579376059886,bgn_gam_oracle_g0235d_s001@de109da+dirty
744,436,0.0759701049334382,0.07601127380362273,-0.24114877436800153,0.0027124127379178522,0.00030612856020658237,0.09423846814366144,0.07380291745125514,0.018016276509890426,bgn_gam_oracle_g0235d_s001@de109da+dirty
745,435,0.07640234219431696,0.07643694741123348,-0.07953840205910295,0.0026939137905440252,0.0003150839466500986,0.09480143828091558,0.0741259728938949,0.018511024696409025,bgn_gam_oracle_g0235d_s001@de109da+dirty
746,433,0.07602110809020322,0.07607723095028025,-0.1835934281255012,0.002696990786690563,0.00030452724073744546,0.09432418638195911,0.07374209518666232,0.01847463863634674,bgn_gam_oracle_g0235d_s001@de109da+dirty
747,436,0.07624722808590138,0.07629550147473098,-0.12573755759074384,0.002691507060754811,0.0003076605174949041,0.0946689117999242,0.07389216134693247,0.01880394326364468,bgn_gam_oracle_g0235d_s001@de109da+dirty
748,436,0.07659262556473197,0.07662837230581376,-0.0856969858622237,0.0026929522277011238,0.0003126126136443421,0.09489802061485046,0.07427106024607594,0.018714697454754438,bgn_gam_oracle_g0235d_s001@de109da+dirty
749,436,0.07621336132646395,0.07626998772282967,-0.17835754865977127,0.00269389198508194,0.0003036017491051131,0.09409938496929038,0.0739113326114676,0.018590087581158866,bgn_gam_oracle_g0235d_s001@de109da+dirty
750,437,0.07642663385566675,0.07646737365810133,-0.0988938037147098,0.002687641656607516,0.00030771593778381264,0.09439650051773349,0.074107049089091,0.01868624193933073,bgn_gam_oracle_g0235d_s001@de109da+dirty
751,436,0.07614440652401414,0.07619681690507801,-0.20857622820006086,0.0026971666485777106,0.0002989983451528213,0.09376562507126941,0.07387845889590774,0.01843756914726007,bgn_gam_oracle_g0235d_s001@de109da+dirty
752,436,0.07585334671170396,0.07589266975315945,-0.289321273123769,0.002724154365620039,0.00029770237887636036,0.09363552198118955,0.0738155335893278,0.017464169269930656,bgn_gam_oracle_g0235d_s001@de109da+dirty
753,438,0.07544548213503496,0.07550724215706323,-0.4093628550316746,0.002745364343435682,0.00029650505030170255,0.09315904461846386,0.07347810170808719,0.017116931499654788,bgn_gam_oracle_g0235d_s001@de109da+dirty
754,440,0.07577524788971325,0.07581039647675646,-0.3163933284286251,0.0027359103014598053,0.00030252953343342585,0.09330890921138943,0.0738905747769631,0.016794974006455524,bgn_gam_oracle_g0235d_s001@de109da+dirty
755,442,0.07568808611015745,0.07572515160713252,-0.34798215263487775,0.002740286388430371,0.0002993754987521486,0.09312633487012802,0.07379294543931748,0.01683114917076441,bgn_gam_oracle_g0235d_s001@de109da+dirty
756,444,0.07605744075138722,0.07609905885815846,-0.23406792739938123,0.002717654944162283,0.0003008558071703762,0.09314450062953626,0.07406803524080188,0.01728179531235419,bgn_gam_oracle_g0235d_s001@de109da+dirty
757,443,0.07593217065685354,0.07596754942546895,-0.2768784570751493,0.0027261509458531407,0.0003005946267016809,0.09258698569579078,0.07403364517506963,0.01687346801204239,bgn_gam_oracle_g0235d_s001@de109da+dirty
758,443,0.07612934751490712,0.07617936959716223,-0.204633880601631,0.002707559306476244,0.00030193117191884463,0.09267856608639977,0.07411815403997998,0.017383233150116056,bgn_gam_oracle_g0235d_s001@de109da+dirty
759,441,0.07639458127188505,0.07643056093799126,-0.08075288268407217,0.0026995168367729707,0.0003106440407243316,0.0930139988448061,0.07436836571167468,0.017477935492536262,bgn_gam_oracle_g0235d_s001@de109da+dirty
760,440,0.07638709882295945,0.07642299126465947,-0.08266226226401795,0.002699664877238942,0.00031109202759758726,0.09294916600565892,0.07440252018429988,0.017298955367692628,bgn_gam_oracle_g0235d_s001@de109da+dirty
761,441,0.07600399096057517,0.07605648669673885,-0.195013217884229,0.0027076371750751655,0.0003052961457854692,0.09272835459627786,0.0740570416671389,0.0170927242254371,bgn_gam_oracle_g0235d_s001@de109da+dirty
762,441,0.07593662779079101,0.07599197502653,-0.19867152493468032,0.0027089690001892144,0.00030447632898245394,0.09248798260046912,0.07400368357206868,0.017024284360943474,bgn_gam_oracle_g0235d_s001@de109da+dirty
763,439,0.07662920488957697,0.07666217394169059,-0.07222900435160448,0.002702758992588293,0.0003177026835964907,0.09256672090662559,0.0747088659771101,0.01704759180714298,bgn_gam_oracle_g0235d_s001@de109da+dirty
764,438,0.07659438542181192,0.07661718084866491,-0.03498803585290153,0.0027034461827033828,0.0003218568054357764,0.09265477860989237,0.07469419201589338,0.016955163143948942,bgn_gam_oracle_g0235d_s001@de109da+dirty
765,438,0.07643576383777444,0.07647134287230332,-0.07573913913062426,0.0027001114516678392,0.0003185148281625517,0.09252914125491793,0.07451125596531626,0.01704402323206434,bgn_gam_oracle_g0235d_s001@de109da+dirty
766,438,0.07606237417362775,0.07612009691801616,-0.1893298725752213,0.002705059668977282,0.00031126066652779856,0.09234327354198349,0.07416686108308086,0.016874877244351723,bgn_gam_oracle_g0235d_s001@de109da+dirty
767,438,0.07629561725290622,0.07635002524139843,-0.13067796266303833,0.002700108252371908,0.0003187999886503692,0.09250338239489138,0.07437682610509401,0.017003204125533737,bgn_gam_oracle_g0235d_s001@de109da+dirty
768,439,0.07694766891101412,0.07696330721219213,0.003663442764581071,0.0027037331106767168,0.00033256800197589177,0.09310912250797468,0.07505446920104926,0.016963796856476383,bgn_gam_oracle_g0235d_s001@de109da+dirty
769,437,0.07727648048708453,0.07731725517204455,0.16734836675932407,0.002681551203155713,0.0003410899557654682,0.0936303007047334,0.07515959111444659,0.017963582604256813,bgn_gam_oracle_g0235d_s001@de109da+dirty
770,438,0.0773258075864483,0.0773652457506009,0.19764548295329837,0.0026808166992483952,0.00034263220172603377,0.09413968132526027,0.07517458819043478,0.0181124766195838,bgn_gam_oracle_g0235d_s001@de109da+dirty
771,438,0.07712408587265845,0.07716197996233576,0.1703044854258112,0.0026825603392886354,0.00033961747329461895,0.09419353087826109,0.0749786679377232,0.018064439542311687,bgn_gam_oracle_g0235d_s001@de109da+dirty
772,438,0.5134956755224881,0.513726398069709,0.08479017458125543,0.005913309026556024,0.005423253277503692,0.11640450825169199,0.16241226114964602,0.4871345463099036,bgn_gam_oracle_g0235d_s001@de109da+dirty
773,439,0.5064290507240766,0.506484168678788,0.017767610177201198,0.005759419133269853,0.00529335032803732,0.11572731695598398,0.1585631657299852,0.4809658053240112,bgn_gam_oracle_g0235d_s001@de109da+dirty
774,440,0.49148833047052215,0.4915083564617418,-0.12149579403801888,0.005603709611782876,0.004991382168190712,0.11488354983897944,0.1532299965319215,0.46699180630020537,bgn_gam_oracle_g0235d_s001@de109da+dirty
775,439,0.5079473024790776,0.5086970084158398,0.04199666580002099,0.005847452376189477,0.005322077043901202,0.11652646857409119,0.16033082545707525,0.4819797594339667,bgn_gam_oracle_g0235d_s001@de109da+dirty
776,442,0.5075791265473619,0.5075823726952224,0.03772484831957665,0.0057858832063088375,0.00531744738368385,0.11698122195098411,0.15869624863868143,0.4821328347816529,bgn_gam_oracle_g0235d_s001@de109da+dirty
777,441,0.5282439440105345,0.5283228601191571,0.24116648904098928,0.0060552582399043845,0.0057765130486511366,0.11869330350185159,0.1674175170236311,0.5010120152026765,bgn_gam_oracle_g0235d_s001@de109da+dirty
778,439,0.5275398018003462,0.5276199019791902,0.23450035565276858,0.006044453367422246,0.005781501874769979,0.1191705521413822,0.1665680271199029,0.5005530289838749,bgn_gam_oracle_g0235d_s001@de109da+dirty
779,438,0.5117358757714292,0.5117506828330894,0.08047558069290832,0.005845581436622901,0.005437373416463829,0.11787439885029266,0.16051228764907516,0.4859109095968233,bgn_gam_oracle_g0235d_s001@de109da+dirty
780,438,0.5295511807968428,0.5296297632289628,0.2550261656314362,0.006156306330750827,0.005847836977944167,0.12000457639061317,0.16964098455944313,0.501643687731674,bgn_gam_oracle_g0235d_s001@de109da+dirty
781,436,0.5198601869307505,0.5199025668826763,0.1600281754231651,0.005977724360175601,0.005629799741860338,0.119062592929324,0.1641368790987583,0.4932683842244448,bgn_gam_oracle_g0235d_s001@de109da+dirty
782,434,0.5166876089538687,0.516718471173075,0.1302103328121908,0.005911793677924733,0.005569262023746568,0.119524721761649,0.1620387047416069,0.4906215888157881,bgn_gam_oracle_g0235d_s001@de109da+dirty
783,433,0.5293622699753372,0.5294476265574264,0.2616197981919559,0.006148144211170176,0.005846997425465034,0.12123934342937315,0.1690057257019907,0.5016587261808423,bgn_gam_oracle_g0235d_s001@de109da+dirty
784,432,0.5384455176903643,0.5385598476611831,0.3583764393985284,0.006298331433159295,0.006052405209634871,0.12227838843105976,0.17353842184174895,0.509713636923243,bgn_gam_oracle_g0235d_s001@de109da+dirty
785,430,0.5174269038348165,0.5174608982338889,0.1549931218889872,0.006063321093781451,0.005566106880834812,0.12058757886553119,0.16604947750203286,0.4900593554186945,bgn_gam_oracle_g0235d_s001@de109da+dirty
786,429,0.518337061049741,0.5183775303806559,0.17344056993851983,0.006033294836749904,0.005596360097734751,0.12050017701720142,0.165290161398895,0.4912763696763871,bgn_gam_oracle_g0235d_s001@de109da+dirty
787,427,0.5096811529340816,0.5096942441959897,0.0853067379107497,0.0058129618894589025,0.005419059953961472,0.11915357036897056,0.15917395904029577,0.48418852570011706,bgn_gam_oracle_g0235d_s001@de109da+dirty
788,425,0.5139570334370895,0.5139985473489839,0.12231753080562494,0.005890111295704441,0.005509863370420529,0.11953356725210132,0.1618683115082377,0.48780168301157567,bgn_gam_oracle_g0235d_s001@de109da+dirty
789,427,0.5285869494052913,0.5286856326050631,0.27094270104246027,0.006037299445680396,0.00580047980101603,0.12110909545346138,0.16664189132972734,0.5016319797776486,bgn_gam_oracle_g0235d_s001@de109da+dirty
790,427,0.5214630339336105,0.5215309846843738,0.20046841435325058,0.005930711972911345,0.0056412366934372234,0.12046826864657838,0.1632206124536953,0.4952602623161749,bgn_gam_oracle_g0235d_s001@de109da+dirty
791,425,0.5357097224309623,0.5358533000638603,0.340765593313888,0.006057556018786453,0.005970919606275549,0.12213353840083598,0.16724743211080992,0.5089333975673032,bgn_gam_oracle_g0235d_s001@de109da+dirty
792,424,0.5257781930132982,0.5258808388668259,0.24044635925313868,0.005901647347565467,0.005740171207133487,0.12116919359021534,0.1628185047717226,0.4999328382415278,bgn_gam_oracle_g0235d_s001@de109da+dirty
793,422,0.541541995569775,0.5417312102218399,0.3977550129126862,0.006084444745890545,0.006152286895235548,0.12247272494273287,0.16839380330728052,0.5146953078991522,bgn_gam_oracle_g0235d_s001@de109da+dirty
794,424,0.5318730666199107,0.5320085603655411,0.30755200982482733,0.005921566534726068,0.005922866051422313,0.12235523765930084,0.16345870054313977,0.5061326033881005,bgn_gam_oracle_g0235d_s001@de109da+dirty
795,423,0.5248385520583346,0.5249376526144436,0.23617810217954766,0.005837095671562572,0.005770674910198942,0.12152706386928329,0.1607809621579685,0.49960483177632214,bgn_gam_oracle_g0235d_s001@de109da+dirty
796,420,0.5275731350249999,0.527691125107069,0.26442602206923316,0.0058655062479906275,0.005861226706088851,0.12143485834545939,0.16178759538148477,0.5021535490074562,bgn_gam_oracle_g0235d_s001@de109da+dirty
797,417,0.5124717239194855,0.5126931015753236,0.11848168381664241,0.005596807417646909,0.005520058282388263,0.11980417214660921,0.15399820329760566,0.48878606894849064,bgn_gam_oracle_g0235d_s001@de109da+dirty
798,416,0.5247538625449515,0.5248761773343983,0.24738258861556509,0.005770783178736239,0.005850582572908301,0.12119808109580023,0.15933131420224314,0.499980148176337,bgn_gam_oracle_g0235d_s001@de109da+dirty
799,415,0.5132923160150553,0.513359871034653,0.13488692549528455,0.005627163972315864,0.00558748370738673,0.11998169537405053,0.1549855064308967,0.48933474685174144,bgn_gam_oracle_g0235d_s001@de109da+dirty
800,416,0.5159779285228144,0.5160723211903618,0.18096043373460086,0.005685806203379199,0.005673148419517737,0.12096765671216572,0.15681981348226579,0.49156969884450974,bgn_gam_oracle_g0235d_s001@de109da+dirty
801,419,0.503479414987525,0.5034957984337218,0.05257984922785006,0.005417212221696655,0.005415646009017438,0.12045051344694566,0.14864896639043582,0.4810353480849775,bgn_gam_oracle_g0235d_s001@de109da+dirty
802,420,0.5025160906651855,0.5025400971382752,0.045491548735046614,0.005406598285393499,0.005386310169295454,0.12054702550763319,0.14845435733981915,0.4800872057910336,bgn_gam_oracle_g0235d_s001@de109da+dirty
803,421,0.5031154952841437,0.5031274436132681,0.0615403436476076,0.0054571595280830006,0.005409973909658894,0.12116861078131816,0.14985315453753956,0.48028036985718814,bgn_gam_oracle_g0235d_s001@de109da+dirty
804,423,0.49924251875950004,0.4992508760282857,0.02687129442374229,0.0053994305854464875,0.005308624578213073,0.12100710633587496,0.14781722179319007,0.4768575903544712,bgn_gam_oracle_g0235d_s001@de109da+dirty
805,423,0.5020490367793736,0.5020584955737354,0.06477860327178414,0.005462892045171689,0.005327931953108743,0.12160065186430256,0.14988690650728653,0.47915253373928096,bgn_gam_oracle_g0235d_s001@de109da+dirty
806,423,0.49129285774943837,0.49131105287382437,-0.028413213917156156,0.0053413472450524494,0.005082447453008925,0.12086099035614765,0.14620195069056202,0.4690348192723909,bgn_gam_oracle_g0235d_s001@de109da+dirty
807,424,0.5052271895537419,0.5052600819889365,0.10633054968126752,0.00544850982877252,0.0053661259162782185,0.12186111191855489,0.1499330321917025,0.48246719984075037,bgn_gam_oracle_g0235d_s001@de109da+dirty
808,424,0.5032653492274811,0.5032782992029113,0.08856696780286004,0.005407492912230608,0.005323462874336301,0.12175178640813661,0.14851953674859636,0.48085128567680974,bgn_gam_oracle_g0235d_s001@de109da+dirty
809,423,0.47860960567282507,0.47864591107502136,-0.1492333723047104,0.005050660348484962,0.004864558373626401,0.11947289706507692,0.13808315475220745,0.45825778445758564,bgn_gam_oracle_g0235d_s001@de109da+dirty
810,421,0.49304634912248074,0.49305125503455705,-0.002480700239243764,0.005198669321006153,0.005142887300830899,0.12054011237287338,0.14261032220024242,0.471971395727485,bgn_gam_oracle_g0235d_s001@de109da+dirty
811,423,0.4954667008352525,0.496116426453276,0.040837478055587524,0.005300760142447821,0.005187193278098981,0.1218257646612164,0.14526073084959162,0.4736945975094208,bgn_gam_oracle_g0235d_s001@de109da+dirty
812,420,0.5095378236436724,0.5095916775928242,0.17915963203047208,0.0054269576148380395,0.005522078861289432,0.12307642032588623,0.14961076108198343,0.4870784473696202,bgn_gam_oracle_g0235d_s001@de109da+dirty
813,420,0.5069754298753995,0.5070641658167457,0.15171956851749352,0.0053473092771954755,0.0054518676095405795,0.1229824675425394,0.14755571793766312,0.4850272122275686,bgn_gam_oracle_g0235d_s001@de109da+dirty
814,420,0.4879391507462744,0.48794028520803373,-0.034774836130403726,0.00505837558894512,0.005065571666050882,0.12158742457320985,0.1384867023591945,0.4678739660428558,bgn_gam_oracle_g0235d_s001@de109da+dirty
815,419,0.4801691245350923,0.480187230322412,-0.10418302308490356,0.00496675622354679,0.004899517928744004,0.12096329811000574,0.13594690961903194,0.460522340306995,bgn_gam_oracle_g0235d_s001@de109da+dirty
816,419,0.4698647847703663,0.46997869750173643,-0.20488226133608758,0.004894379720310783,0.0046765031395524575,0.11961509650033007,0.133715360618728,0.45043658632698363,bgn_gam_oracle_g0235d_s001@de109da+dirty
817,422,0.46895302188512,0.4690211418581957,-0.2166284093756928,0.004862678973846052,0.004653223495791559,0.11961190008683488,0.13261662846444056,0.4498108119975668,bgn_gam_oracle_g0235d_s001@de109da+dirty
818,420,0.46730629256650685,0.467387218411194,-0.2441009899086147,0.004792825233572249,0.004605807252806315,0.1188830274471511,0.13071156152660454,0.4486531608665322,bgn_gam_oracle_g0235d_s001@de109da+dirty
819,419,0.4711132865684086,0.47118897286871214,-0.21216062608739059,0.004812201296056815,0.004669451420376315,0.11873339416206273,0.1315168754707441,0.4523837311925577,bgn_gam_oracle_g0235d_s001@de109da+dirty
820,420,0.45730120120905754,0.45745853060603836,-0.34746179447929165,0.004727952301492439,0.004398579186056339,0.11729464085830303,0.12852579582784074,0.4388684409183088,bgn_gam_oracle_g0235d_s001@de109da+dirty
821,419,0.4584599771978291,0.4586266247830093,-0.33295392126146417,0.00471019116785413,0.004430492730058728,0.1175211870800619,0.12814831510743613,0.44018582442800136,bgn_gam_oracle_g0235d_s001@de109da+dirty
822,421,0.4559686526376589,0.45616267810918776,-0.36832365457672017,0.0047363348975196585,0.004364929225798595,0.11750931960217532,0.12866273395994116,0.43743949647711905,bgn_gam_oracle_g0235d_s001@de109da+dirty
823,421,0.46275695553925283,0.46289457518813637,-0.2984269255210713,0.004842794341890222,0.004468879337419223,0.11796932134667895,0.13196727572335468,0.4435410218211097,bgn_gam_oracle_g0235d_s001@de109da+dirty
824,421,0.4508942183611291,0.45119472378192627,-0.4140735496559279,0.004739980171970295,0.004227626115952937,0.11702237702904852,0.12847358769956144,0.4322038100423186,bgn_gam_oracle_g0235d_s001@de109da+dirty
825,422,0.4509127574947638,0.4511938898233788,-0.4146990560296601,0.004757985145324222,0.004220123323406646,0.11700906342551558,0.1289913293422263,0.4320689202269205,bgn_gam_oracle_g0235d_s001@de109da+dirty
826,421,0.46967744627948144,0.46976751745298206,-0.2593451093708201,0.004812089323122506,0.0045903419906124015,0.11795908707548804,0.1313228878856816,0.4509447889276246,bgn_gam_oracle_g0235d_s001@de109da+dirty
827,420,0.46006510156534636,0.4602252572567942,-0.35336641420555615,0.004726657407719628,0.004410835949284236,0.11657178604081495,0.128789753558161,0.44167080168012085,bgn_gam_oracle_g0235d_s001@de109da+dirty
828,420,0.46766344933188414,0.46775462525281014,-0.28410013438143417,0.004792287122138233,0.004552119956082468,0.11732727401732898,0.13090841152518615,0.44896780467306147,bgn_gam_oracle_g0235d_s001@de109da+dirty
829,420,0.4794257603599891,0.47947239262634117,-0.16294149368520083,0.0048940496365474165,0.004759626255503005,0.11845538650529737,0.13436084841975637,0.46021323547750875,bgn_gam_oracle_g0235d_s001@de109da+dirty
830,420,0.4809427984991644,0.48098453204776576,-0.14899063651811578,0.004877628480941064,0.004777713223988139,0.11873139751965697,0.13389590314644606,0.46192841712629606,bgn_gam_oracle_g0235d_s001@de109da+dirty
831,421,0.4901528302830774,0.49015323486651047,-0.06494233253656341,0.00495243168267063,0.004960282310743687,0.1192066913384615,0.13614080623496502,0.47086673052171035,bgn_gam_oracle_g0235d_s001@de109da+dirty
832,419,0.49908243445883754,0.4990914743136316,0.0130541517821061,0.005026116093937529,0.005107888773526797,0.12004593406283048,0.13850122503413975,0.47947960024322456,bgn_gam_oracle_g0235d_s001@de109da+dirty
833,416,0.0764508425544337,0.07647178344581425,0.1391932377044942,0.0026532744335590833,0.00033064222864141865,0.09782576306992546,0.07412100398525817,0.018729871742757694,bgn_gam_oracle_g0235d_s001@de109da+dirty
834,416,0.07627023480776073,0.0762835117695588,0.09843197346104066,0.002659197298448881,0.00032693567473296,0.0976484892623264,0.07399761798471265,0.018479752439345274,bgn_gam_oracle_g0235d_s001@de109da+dirty
835,416,0.07627234856040666,0.07628436387767668,0.08442255901755197,0.00265890860543862,0.0003221854098719119,0.09758478976871553,0.0739751617663477,0.018578121448705617,bgn_gam_oracle_g0235d_s001@de109da+dirty
836,417,0.07607695050677171,0.07609515661017463,0.130551876021164,0.002650435369180674,0.0003238177344245326,0.09774066734439187,0.07390197161549882,0.01806103512403982,bgn_gam_oracle_g0235d_s001@de109da+dirty
837,414,0.07605950294317736,0.07606965811115379,0.06733261826783232,0.0026607637312810865,0.00032034192745181763,0.09745306943753264,0.07397859492670911,0.017669620274162495,bgn_gam_oracle_g0235d_s001@de109da+dirty
838,416,0.07625401499412134,0.07626239592988847,0.0631053728405255,0.0026622851528882194,0.0003195116879669453,0.09754534269145175,0.07417934555355171,0.017666337933212116,bgn_gam_oracle_g0235d_s001@de109da+dirty
839,417,0.07586139605987915,0.07586955717084998,-0.00499322873425523,0.0026645928742658302,0.00031624581006001813,0.09686835913971024,0.07380496081529529,0.017543636202525838,bgn_gam_oracle_g0235d_s001@de109da+dirty
840,418,0.07522415200280612,0.07526386447043355,-0.2078127796759881,0.0026797143478757093,0.0003011280422704317,0.09636520446717849,0.07327105266677095,0.017030146377660937,bgn_gam_oracle_g0235d_s001@de109da+dirty
841,415,0.07515995143131615,0.07520503759881707,-0.19387082171080894,0.0026783878302941997,0.00030117011218683623,0.09620429249182347,0.073241109723929,0.01687477838566174,bgn_gam_oracle_g0235d_s001@de109da+dirty
842,415,0.07592351806039599,0.0759423280874122,-0.05688890247433897,0.0026658614682457983,0.00031176888895407775,0.09644888909348706,0.07387242652850459,0.017528411036313786,bgn_gam_oracle_g0235d_s001@de109da+dirty
843,414,0.07547763314208447,0.07551029017322411,-0.09526743903705139,0.002664099234736349,0.000305689254325605,0.0961732582930396,0.07339838243874298,0.01759404899695104,bgn_gam_oracle_g0235d_s001@de109da+dirty
844,415,0.07564237167029046,0.07566482062083175,-0.06433765840079594,0.002666790612771192,0.0003071631560653828,0.09625139578613089,0.07358923263094938,0.017504091884310256,bgn_gam_oracle_g0235d_s001@de109da+dirty
845,413,0.075430859463373,0.07546906501121627,-0.10907445112631078,0.0026595971009568515,0.0002970611656301975,0.0956419836262495,0.07331466435275524,0.01774188688460071,bgn_gam_oracle_g0235d_s001@de109da+dirty
846,414,0.07523538358830818,0.07530730941894566,-0.19963263746152257,0.0026698328370537345,0.00029101540617196194,0.09486795182408099,0.07316700377145786,0.017520060010951535,bgn_gam_oracle_g0235d_s001@de109da+dirty
847,416,0.47975920598061156,0.4797974231924798,-0.16855303913194652,0.004797645434383288,0.004601296934894303,0.11571969568339102,0.13220634035982415,0.4611836719700831,bgn_gam_oracle_g0235d_s001@de109da+dirty
848,414,0.4895856263597057,0.4895892333826812,-0.059674425446167835,0.004955226357266086,0.0048217566213814515,0.11697010460225662,0.1369696149319788,0.4700355413406638,bgn_gam_oracle_g0235d_s001@de109da+dirty
849,414,0.5093841728032182,0.5094288275530017,0.12551242483643757,0.0051623346949032905,0.005238153548543386,0.11884644752895865,0.14344118274662712,0.488770766919082,bgn_gam_oracle_g0235d_s001@de109da+dirty
850,413,0.5137418794680576,0.5138113475483783,0.16987813301215568,0.005225664338455158,0.005320298034306094,0.11930102816041102,0.14543272455922687,0.49272714695524167,bgn_gam_oracle_g0235d_s001@de109da+dirty
851,412,0.5031410875252614,0.5031547091239875,0.07305985114082461,0.005135200366671108,0.005108324662934661,0.11870054430524597,0.1421782881714293,0.48263473593261474,bgn_gam_oracle_g0235d_s001@de109da+dirty
852,409,0.48947553548857703,0.48948979985273355,-0.042430913446825085,0.00500847551388989,0.004820931948814214,0.11746914536579725,0.1385663377517031,0.4694525214373762,bgn_gam_oracle_g0235d_s001@de109da+dirty
853,409,0.500995981667107,0.5010051198175484,0.06497255875910683,0.005108866171610696,0.0050520365249693425,0.11832140695206318,0.14170001884930222,0.48053936186819873,bgn_gam_oracle_g0235d_s001@de109da+dirty
854,409,0.5010692179661479,0.5010811285493459,0.07045553445313808,0.005091263443925251,0.005047578498078633,0.11873967090268266,0.14095270632036788,0.48083541443426475,bgn_gam_oracle_g0235d_s001@de109da+dirty
855,409,0.49370228643033137,0.4943196031584264,0.005150495896725477,0.0049737458568101635,0.004922352119021197,0.11844072223155869,0.1376670540364286,0.4741199530282057,bgn_gam_oracle_g0235d_s001@de109da+dirty
856,409,0.48185189249990323,0.4818692374393394,-0.11885599766751209,0.004828594822520265,0.004693186602255409,0.11747908355778952,0.1331748773061612,0.46308282019551017,bgn_gam_oracle_g0235d_s001@de109da+dirty
857,407,0.4737096253578346,0.47457836933368247,-0.195664651734116,0.004785626140387607,0.0045110778090986054,0.11682736364070127,0.13150180290427696,0.45509129302765694,bgn_gam_oracle_g0235d_s001@de109da+dirty
858,411,0.4853328400613828,0.48535687770967745,-0.09226288486008175,0.00481898627841609,0.00471493674064673,0.11756019025611726,0.1329373133216907,0.4667715033813208,bgn_gam_oracle_g0235d_s001@de109da+dirty
859,412,0.48455632046568353,0.4848748030602712,-0.1005048048521979,0.004773242169665035,0.004716353792605193,0.11721653737319164,0.13205488355322448,0.46621490262859094,bgn_gam_oracle_g0235d_s001@de109da+dirty
860,413,0.4747005494744393,0.4748622921255631,-0.20700911184427656,0.004634962290698236,0.004563656644241045,0.11628991498853382,0.12795511730864795,0.45713028736440636,bgn_gam_oracle_g0235d_s001@de109da+dirty
861,411,0.4844235911181822,0.48442773153284036,-0.11319602760750966,0.004651770685282508,0.004762272875619938,0.116854323996258,0.12869499670253418,0.4670158599614904,bgn_gam_oracle_g0235d_s001@de109da+dirty
862,408,0.4863478946772053,0.48637154392566,-0.08677304625875047,0.00470665211279744,0.004788491016490159,0.11710872491655351,0.13055582177214514,0.4684970139268231,bgn_gam_oracle_g0235d_s001@de109da+dirty
863,407,0.48443115511541934,0.4844489935070355,-0.11546095299133081,0.004662258496085475,0.004744644420566073,0.11642620131979689,0.12922771369019753,0.4668765811870026,bgn_gam_oracle_g0235d_s001@de109da+dirty
864,405,0.4930694692940563,0.493083222397137,-0.041813971131164016,0.004680385398243409,0.00493640306926382,0.11672148855867945,0.1302830583453648,0.47554581930461826,bgn_gam_oracle_g0235d_s001@de109da+dirty
865,406,0.48670276967268356,0.48671201486529525,-0.10189982052680692,0.004621311305569724,0.004817843576067748,0.11656943477511117,0.12833636724743488,0.4694777554355401,bgn_gam_oracle_g0235d_s001@de109da+dirty
866,403,0.49485597193937986,0.4948577785237931,-0.014718615514967929,0.004712167760690825,0.004943100712413606,0.1173440841667741,0.13092509947233927,0.4772222242228733,bgn_gam_oracle_g0235d_s001@de109da+dirty
867,403,0.4821918220850989,0.4822064905195865,-0.1364389034727074,0.004554499966445083,0.004729468531499614,0.11671673682185493,0.12596151864519348,0.46544886841235766,bgn_gam_oracle_g0235d_s001@de109da+dirty
868,401,0.47217729237638395,0.4722594349657756,-0.2017939129631756,0.004540666821213673,0.004479181857021729,0.11646344475594451,0.12519149203381258,0.4552784705630621,bgn_gam_oracle_g0235d_s001@de109da+dirty
869,403,0.4606326696408569,0.4608014953610204,-0.31284557476067,0.004476703757303592,0.00425127491610698,0.1154848036436724,0.12306811344723798,0.44388815685147603,bgn_gam_oracle_g0235d_s001@de109da+dirty
870,404,0.45807349466015157,0.4582648734571598,-0.33478182414124985,0.004448217441917659,0.004181157996838848,0.11525039441478782,0.12196457597806591,0.44153818489079116,bgn_gam_oracle_g0235d_s001@de109da+dirty
871,405,0.4512233629482275,0.4514731242405015,-0.39747788754856,0.004397052085172639,0.004065505786883407,0.11512649265242354,0.12020235739985863,0.4349182872055675,bgn_gam_oracle_g0235d_s001@de109da+dirty
872,402,0.452560428905327,0.4528013650761666,-0.38448009481633777,0.004429400820266568,0.00409105633445573,0.11498159024801644,0.12132668266801247,0.43599401129344534,bgn_gam_oracle_g0235d_s001@de109da+dirty
873,400,0.45090091107047564,0.45118274221704574,-0.3910422947803877,0.004457764168300588,0.004073091737610897,0.11520264110892703,0.12171643052351128,0.4341621150501276,bgn_gam_oracle_g0235d_s001@de109da+dirty
874,396,0.45514862528299804,0.4554225988755889,-0.34886828156073674,0.004470818911842471,0.004155628577897617,0.11533113491690082,0.12236263609001845,0.4383921262820589,bgn_gam_oracle_g0235d_s001@de109da+dirty
875,398,0.4576652531756879,0.4578411587244697,-0.32226810288155483,0.004534495517947281,0.004179246848848954,0.11647522636154406,0.12408725438946656,0.44052223242698013,bgn_gam_oracle_g0235d_s001@de109da+dirty
876,397,0.461751860088263,0.461895883660899,-0.29710579392031833,0.004517986622873277,0.004260646417120278,0.11632404984162696,0.12412678894266907,0.44475534910976944,bgn_gam_oracle_g0235d_s001@de109da+dirty
877,395,0.4753140385250087,0.47548463773330324,-0.16198228915624158,0.004593916715578523,0.004497836449436025,0.11714038820293177,0.12699598539543397,0.45803433813677785,bgn_gam_oracle_g0235d_s001@de109da+dirty
878,398,0.4753294963127666,0.47581826798064636,-0.16705058040274073,0.004546426254331569,0.004493902907415413,0.11723365726382853,0.1253722834788276,0.4584974597533261,bgn_gam_oracle_g0235d_s001@de109da+dirty
879,399,0.46494828917792097,0.4650569683805154,-0.28242382567668106,0.004453723730157233,0.004346904967187559,0.11650990202998682,0.12251715000780046,0.44851584092810115,bgn_gam_oracle_g0235d_s001@de109da+dirty
880,401,0.47364081729432994,0.47372543845259657,-0.20391593560151564,0.0044592192708469746,0.004475556096822814,0.11724188358295397,0.12299620670502277,0.45739212601816415,bgn_gam_oracle_g0235d_s001@de109da+dirty
881,403,0.4899433801857604,0.48996164615627397,-0.05020738645182571,0.004531621361910074,0.004759720717621976,0.11829461393771898,0.12555994203197177,0.4735812673077098,bgn_gam_oracle_g0235d_s001@de109da+dirty
882,405,0.4899217211849039,0.48997413580425336,-0.04975540598183545,0.004508133751730243,0.004745321546158197,0.11850622867465531,0.12490710300378446,0.4737314729970774,bgn_gam_oracle_g0235d_s001@de109da+dirty
883,408,0.4969559255441144,0.4969744266345063,0.01790256247627153,0.004541989419954938,0.004857056366371508,0.11900641431622391,0.12660094748068548,0.4805594573311403,bgn_gam_oracle_g0235d_s001@de109da+dirty
884,406,0.4887359275740029,0.48876505870080245,-0.03986513391938241,0.004476806721310205,0.004701102826022126,0.11838356409944235,0.12441476129900861,0.472634926843681,bgn_gam_oracle_g0235d_s001@de109da+dirty
885,407,0.4919069787985397,0.49191503651934254,-0.013624845251477065,0.00448615256271935,0.004758112394936581,0.1192642504230144,0.12468441892182831,0.4758426961390003,bgn_gam_oracle_g0235d_s001@de109da+dirty
886,407,0.49768817153893546,0.4977478510825806,0.04234702970372245,0.004529324506525434,0.004871125026011994,0.1197978246386544,0.12589596016652616,0.48150152990776396,bgn_gam_oracle_g0235d_s001@de109da+dirty
887,409,0.5004397832700956,0.5004995121076933,0.07577162469260375,0.004521306695433194,0.004915639529050499,0.12039049650854831,0.12601835155596414,0.48431327851973843,bgn_gam_oracle_g0235d_s001@de109da+dirty
888,409,0.4924549158479033,0.492574560799873,0.0009762643691333567,0.004427420190929258,0.004760646168819085,0.11950549091357672,0.12316985060889309,0.4768029278892365,bgn_gam_oracle_g0235d_s001@de109da+dirty
889,411,0.5056569334012478,0.5057343402858674,0.12866624269484242,0.0045760476059710726,0.005001646998862713,0.12191434292278659,0.12736414352661754,0.4893539713136955,bgn_gam_oracle_g0235d_s001@de109da+dirty
890,410,0.5078082430846067,0.5089712198874468,0.1487947080836358,0.00456175795348174,0.005054132966597709,0.12187942963914952,0.12723746921374832,0.4916094366189033,bgn_gam_oracle_g0235d_s001@de109da+dirty
891,411,0.5148004226623571,0.5150019290092613,0.20952598567665973,0.00451889938014786,0.005228464358357901,0.1223818868327755,0.1265626093578439,0.4990003818494284,bgn_gam_oracle_g0235d_s001@de109da+dirty
892,411,0.5172528176472959,0.5174232000192444,0.23292521041310302,0.0044876469553266195,0.005289905672881603,0.1224710697454785,0.12578160409143765,0.5017264846868776,bgn_gam_oracle_g0235d_s001@de109da+dirty
893,411,0.5282032094001263,0.5287037431965699,0.3350015094699409,0.0045323824538100466,0.005530412095111118,0.12375960633200461,0.1276553849895696,0.5125453473632928,bgn_gam_oracle_g0235d_s001@de109da+dirty
894,411,0.5334949831030282,0.5339442142080665,0.38549137998019223,0.0044888991032939075,0.005671514545032023,0.12431338786911378,0.12660194927991317,0.5182555773309407,bgn_gam_oracle_g0235d_s001@de109da+dirty
895,412,0.5315764430184354,0.5318471920681559,0.3690153792463436,0.004420029911346269,0.005628020667998775,0.12408138892495657,0.12468380319013098,0.51674700192084,bgn_gam_oracle_g0235d_s001@de109da+dirty
896,411,0.5371886699898091,0.5374959956579337,0.40822980129560227,0.0044648522028511405,0.005765618816141374,0.12462542439666323,0.1263463157660095,0.5221190244166323,bgn_gam_oracle_g0235d_s001@de109da+dirty
897,409,0.5540443702554507,0.5544814969778326,0.5763431963724528,0.004603356995814643,0.0061514980320711505,0.12647740570053514,0.13059092695209137,0.5384340015355201,bgn_gam_oracle_g0235d_s001@de109da+dirty
898,409,0.5692681027750353,0.5698656807848191,0.7300727581960217,0.004762564736246239,0.006555351084640795,0.12858858006571602,0.13540784701958994,0.552929369632874,bgn_gam_oracle_g0235d_s001@de109da+dirty
