month,n,sr_max,sr_max_code,rf,mean_mu,sd_mu,mean_idio_sd,sr_ew,sr_orth,prov
414,500,0.26439374148687883,0.26439374148687866,0.40150708880552755,0.03557132178395862,0.0033241821583543203,0.2375567736616032,0.19282518921452924,0.18089360669136847,bgn_gam_oracle_g0235s_s002@c60eee5+dirty
415,500,0.2654373016961807,0.26543730169618046,0.4383613183875285,0.0358898390520297,0.003373294434775478,0.23969385318465083,0.193425567294164,0.1817787420153415,bgn_gam_oracle_g0235s_s002@c60eee5+dirty
416,500,0.266022607434182,0.26602260743418227,0.45347429127578154,0.035962356995937673,0.0033610732702143323,0.2404617027481499,0.19364943762308423,0.18239496422419152,bgn_gam_oracle_g0235s_s002@c60eee5+dirty
417,500,0.2703285992787478,0.27032859927874786,0.5920507660778953,0.037467282055784396,0.0035382622938244057,0.24945981406803286,0.19599907153965204,0.18617710800096818,bgn_gam_oracle_g0235s_s002@c60eee5+dirty
418,500,0.26522211037856536,0.2652221103785656,0.4636692907419535,0.03591545475996283,0.003287351477993963,0.24108225273147219,0.19381253964961578,0.18105100747641814,bgn_gam_oracle_g0235s_s002@c60eee5+dirty
419,500,0.262024607794466,0.26202460779446646,0.3301425114886007,0.03433366271734054,0.003144843546355378,0.23269887076410742,0.19111845315157017,0.17925019373711934,bgn_gam_oracle_g0235s_s002@c60eee5+dirty
420,500,0.2630328362064573,0.2630328362064568,0.3602651605848339,0.03454198584559019,0.00319431094271452,0.23425064823876418,0.19162510534586236,0.18018349514869597,bgn_gam_oracle_g0235s_s002@c60eee5+dirty
421,500,0.26476846664625486,0.26476846664625503,0.41621058676634237,0.03502668741533434,0.003278096911720879,0.23737375550582285,0.19259106208911514,0.18168936054044435,bgn_gam_oracle_g0235s_s002@c60eee5+dirty
422,500,0.2717183869550873,0.271718386955087,0.46702800006971,0.035405200822658404,0.0036365510903154535,0.23998497523662143,0.19336573728357181,0.19089414201136518,bgn_gam_oracle_g0235s_s002@c60eee5+dirty
423,500,0.27397727034751057,0.2739772703475108,0.5463897719235227,0.036188377839520676,0.0037630246305224413,0.2450314597310923,0.1946264906170219,0.1928317240942869,bgn_gam_oracle_g0235s_s002@c60eee5+dirty
424,500,0.2735259475756264,0.2735259475756263,0.5235850661332685,0.0358300596068141,0.0037408331520845496,0.24331488937801152,0.19418551636654943,0.1926354827922439,bgn_gam_oracle_g0235s_s002@c60eee5+dirty
425,500,0.27560093862686375,0.27560093862686336,0.5957209527585314,0.03652869800705976,0.0038545551334100993,0.2477044185679709,0.19534713878987153,0.1944103205558259,bgn_gam_oracle_g0235s_s002@c60eee5+dirty
426,500,0.2753823732416387,0.27538237324163867,0.6041152311262152,0.03651995019082865,0.003897172340645874,0.24804966106170198,0.1953925060069237,0.19405468324297537,bgn_gam_oracle_g0235s_s002@c60eee5+dirty
427,500,0.2733493334951733,0.27334933349517326,0.532714130010287,0.03559320898621276,0.00379961866710247,0.2431479859630095,0.19398898509397547,0.19258279202583195,bgn_gam_oracle_g0235s_s002@c60eee5+dirty
428,500,0.27655302174797936,0.27655302174797936,0.6669285858574231,0.037087952054053144,0.0039720061948100086,0.25247963207134494,0.19622756813392578,0.19487512756168718,bgn_gam_oracle_g0235s_s002@c60eee5+dirty
429,500,0.2735019102217291,0.27350191022172887,0.5488794300418621,0.035600574447131265,0.0038250298042653915,0.24437576862648325,0.19407434546506738,0.19271337090933893,bgn_gam_oracle_g0235s_s002@c60eee5+dirty
430,500,0.26797064161958983,0.2679706416195899,0.34345948815736294,0.03325448833009401,0.0035498572137087365,0.23121829734029659,0.19000855520242346,0.1889577035209262,bgn_gam_oracle_g0235s_s002@c60eee5+dirty
431,500,0.2679262590415152,0.26792625904151524,0.26316854889913227,0.03228380343084901,0.0035405918863967638,0.22606699918565926,0.1881237184695423,0.19077197601632556,bgn_gam_oracle_g0235s_s002@c60eee5+dirty
432,500,0.26672826728268306,0.26672826728268284,0.2378815473701337,0.031927408530279054,0.003498443390650108,0.22431900941131533,0.1875361545448091,0.1896685511785438,bgn_gam_oracle_g0235s_s002@c60eee5+dirty
433,500,0.26695074245937334,0.2669507424593733,0.22351734952348837,0.031661663213787584,0.0034942439590662272,0.22323209292564802,0.18713044869418727,0.1903809183482494,bgn_gam_oracle_g0235s_s002@c60eee5+dirty
434,500,0.2657397577125203,0.26573975771252073,0.16789260767669884,0.030985255819826946,0.0034406193098180777,0.21959756322090737,0.1857410598979006,0.1900470402219237,bgn_gam_oracle_g0235s_s002@c60eee5+dirty
435,500,0.2667503047100852,0.26675030471008454,0.2051808176379227,0.03127594274131321,0.003490977483609926,0.2217015552943698,0.18646338605097884,0.19075411063808545,bgn_gam_oracle_g0235s_s002@c60eee5+dirty
436,500,0.26672641069805086,0.26672641069805114,0.17959415885215813,0.03090059111818691,0.0034822055454440965,0.21994920110655913,0.185698502760191,0.1914655170950859,bgn_gam_oracle_g0235s_s002@c60eee5+dirty
437,500,0.2655477681548106,0.26554776815480985,0.09841284682306219,0.029941377707316134,0.00339037507640986,0.21499964771249797,0.18354415550419712,0.19190403891594404,bgn_gam_oracle_g0235s_s002@c60eee5+dirty
438,500,0.2686929429716149,0.26869294297161506,0.27192626586719737,0.031545379448469926,0.0035905770325426662,0.2244642077905667,0.1875049633695186,0.19245203640009365,bgn_gam_oracle_g0235s_s002@c60eee5+dirty
439,500,0.2675825475450804,0.2675825475450798,0.2052323676302524,0.030764927093110093,0.003520208622080385,0.22028711896131783,0.18584608556934723,0.19251403125296104,bgn_gam_oracle_g0235s_s002@c60eee5+dirty
440,500,0.27044738503194765,0.27044738503194793,0.31906852700715815,0.03178335889596486,0.0037162985466329835,0.22644834741151412,0.18832062891181428,0.1941059731097353,bgn_gam_oracle_g0235s_s002@c60eee5+dirty
441,500,0.26972298977264464,0.2697229897726449,0.31423571883507206,0.031655985417696375,0.0036453161775917265,0.226199998223177,0.18812593493104665,0.1932850843138543,bgn_gam_oracle_g0235s_s002@c60eee5+dirty
442,500,0.27065572294514323,0.2706557229451433,0.3410557993342656,0.03183472543860223,0.0036995584031446842,0.22778844103080859,0.1886198257579709,0.19410585177678397,bgn_gam_oracle_g0235s_s002@c60eee5+dirty
443,500,0.27469759041374053,0.2746975904137409,0.5147270620246953,0.033522300038780276,0.00396990166142444,0.23823846769708115,0.1920835782060666,0.19637378939835387,bgn_gam_oracle_g0235s_s002@c60eee5+dirty
444,500,0.27209552397131376,0.2720955239713139,0.27650428466268556,0.030917970960030162,0.0037284829755765097,0.22308174304434186,0.18682564335173826,0.19781848536330696,bgn_gam_oracle_g0235s_s002@c60eee5+dirty
445,500,0.2742064882005343,0.2742064882005339,0.4005110560548764,0.032049517302411755,0.0039026668848455063,0.23004876022647044,0.18950699268619164,0.19818248634605795,bgn_gam_oracle_g0235s_s002@c60eee5+dirty
446,500,0.27491584524317564,0.2749158452431758,0.4315852591850061,0.03225856969805281,0.003913380704501864,0.23180530473254043,0.19006219894417944,0.19863303476076896,bgn_gam_oracle_g0235s_s002@c60eee5+dirty
447,500,0.27948779684135233,0.27948779684135194,0.513158138976363,0.03296295366993604,0.004123164321733319,0.23651167539805734,0.19149639301559496,0.20357445823395878,bgn_gam_oracle_g0235s_s002@c60eee5+dirty
448,500,0.27848867199459676,0.27848867199459737,0.46249776446617774,0.03229611091500165,0.004085050469213685,0.2328421847154791,0.19035541085810023,0.20327507959993021,bgn_gam_oracle_g0235s_s002@c60eee5+dirty
449,500,0.27835558547031153,0.278355585470312,0.4501173948064658,0.03202102142441571,0.004082262652469407,0.23188975044472118,0.18981447726947417,0.20359836979071366,bgn_gam_oracle_g0235s_s002@c60eee5+dirty
450,500,0.27697057359294486,0.27697057359294475,0.40734783531414326,0.03144013551412482,0.004029865457640967,0.2289324117115644,0.18873576823331292,0.20271040532194215,bgn_gam_oracle_g0235s_s002@c60eee5+dirty
451,500,0.275807525401879,0.2758075254018786,0.22489427807380233,0.029496680004432806,0.0038741036977926455,0.21785374685904582,0.18422429785474953,0.20525885887881343,bgn_gam_oracle_g0235s_s002@c60eee5+dirty
452,500,0.2734212512084266,0.27342125120842675,0.2195873158481116,0.02938064260410276,0.003740780389971179,0.2176087403139834,0.18404804112394219,0.20220162999051516,bgn_gam_oracle_g0235s_s002@c60eee5+dirty
453,500,0.27718641124467946,0.27718641124467885,0.41347317250326626,0.031196491590349772,0.003995963215406864,0.22887960868323365,0.18853765719891366,0.2031892182096518,bgn_gam_oracle_g0235s_s002@c60eee5+dirty
454,500,0.28176635279157436,0.2817663527915743,0.5283102036391194,0.03222002062375919,0.004261755092908989,0.23570129820385272,0.19082005367465554,0.20731614669645856,bgn_gam_oracle_g0235s_s002@c60eee5+dirty
455,500,0.28453046898888923,0.28453046898888906,0.6554340077948126,0.03343871192020781,0.004442098180787016,0.24379824912165396,0.19323839505040072,0.2088456618208349,bgn_gam_oracle_g0235s_s002@c60eee5+dirty
456,500,0.2833177805140068,0.2833177805140064,0.604313320960532,0.03279190332493285,0.004384983941297524,0.24010462966184212,0.1921764634548557,0.20817581907937208,bgn_gam_oracle_g0235s_s002@c60eee5+dirty
457,500,0.2831554630322006,0.28315546303220046,0.5792521086940655,0.032413268170975035,0.0043595708156135525,0.2382411616948233,0.19155653959879415,0.20852603765936653,bgn_gam_oracle_g0235s_s002@c60eee5+dirty
458,500,0.2832174673874867,0.283217467387487,0.5237550908185962,0.03170647987768581,0.0043185454395411075,0.23433219501582456,0.19025988837895103,0.2097934906221144,bgn_gam_oracle_g0235s_s002@c60eee5+dirty
459,500,0.27882234130687045,0.2788223413068704,0.27890066424183513,0.029162881246638767,0.003972540352325716,0.21909849407314813,0.18437401729133768,0.20916051195122484,bgn_gam_oracle_g0235s_s002@c60eee5+dirty
460,500,0.2793054659569837,0.2793054659569831,0.26449715892829806,0.028913381227979113,0.003967831136057697,0.21793937739432967,0.18388826559043844,0.2102299909422729,bgn_gam_oracle_g0235s_s002@c60eee5+dirty
461,500,0.27859498324757925,0.27859498324757825,0.18549212122149947,0.028077617518478846,0.0038690894215391435,0.2133421531750226,0.18159882688881127,0.21127477550177762,bgn_gam_oracle_g0235s_s002@c60eee5+dirty
462,500,0.28797192683161316,0.2879719268316133,0.29965415630559633,0.028946707866506237,0.004175681798960508,0.2192667848330453,0.1843013187629516,0.2212709979761217,bgn_gam_oracle_g0235s_s002@c60eee5+dirty
463,500,0.28868419388772343,0.2886841938877239,0.3681223230448079,0.029505009417558587,0.004300463543847736,0.22307875395392637,0.1858366107450832,0.2209147299466134,bgn_gam_oracle_g0235s_s002@c60eee5+dirty
464,500,0.2905350649604297,0.2905350649604295,0.43020864322504165,0.029952516459460992,0.004404833690082472,0.22625882300322087,0.18714543811011233,0.2222323310549912,bgn_gam_oracle_g0235s_s002@c60eee5+dirty
465,500,0.2889707016892954,0.288970701689296,0.27713735626838853,0.02836204678778059,0.004242222518878059,0.21681583148275915,0.18315517930851452,0.2235134150946418,bgn_gam_oracle_g0235s_s002@c60eee5+dirty
466,500,0.2883295447630159,0.28832954476301603,0.21283327191168502,0.02764394138194637,0.00413892376627773,0.21287704451025752,0.18120973913928257,0.22426983039259019,bgn_gam_oracle_g0235s_s002@c60eee5+dirty
467,500,0.2924846775212606,0.2924846775212604,0.3733423039627895,0.029016425727836172,0.004417888332055823,0.22167795264671858,0.18521134013141904,0.22637147804314842,bgn_gam_oracle_g0235s_s002@c60eee5+dirty
468,500,0.29301154567473575,0.2930115456747356,0.41672028959018614,0.02929428691383579,0.004485498505566428,0.22383940285791215,0.1861312034507731,0.2262983451125188,bgn_gam_oracle_g0235s_s002@c60eee5+dirty
469,500,0.2942656891821946,0.2942656891821948,0.4945500501534474,0.029872978782569483,0.004639833585620632,0.22818742785849963,0.1877536053541691,0.2265852588020299,bgn_gam_oracle_g0235s_s002@c60eee5+dirty
470,500,0.2918278755281419,0.29182787552814193,0.40426996375347063,0.028903277598766482,0.0044916314893994605,0.22284003209655787,0.1854161899946171,0.22535382273915108,bgn_gam_oracle_g0235s_s002@c60eee5+dirty
471,500,0.29403504379593465,0.2940350437959346,0.5099508840279077,0.029836000181190557,0.004653440275602108,0.22901130789355112,0.18781556499772384,0.2262342160785211,bgn_gam_oracle_g0235s_s002@c60eee5+dirty
472,500,0.2943528239019554,0.29435282390195533,0.44584354106156415,0.029112731533038408,0.004566551696977322,0.2246609369377759,0.18612151340600522,0.22804027536054627,bgn_gam_oracle_g0235s_s002@c60eee5+dirty
473,500,0.2934994731392495,0.29349947313924923,0.37677086527054,0.028327062379023275,0.004503704858758796,0.22026446368211214,0.18416165575196566,0.2285310160212647,bgn_gam_oracle_g0235s_s002@c60eee5+dirty
474,500,0.29350431642840785,0.29350431642840763,0.3958343960652358,0.028402490347897547,0.004518380307285291,0.2212351018969225,0.18448816841376237,0.22827373803712556,bgn_gam_oracle_g0235s_s002@c60eee5+dirty
475,500,0.29178301611683366,0.2917830161168339,0.29721348683546966,0.027381868943820834,0.004348361368422651,0.21528532683369953,0.18171447636886343,0.2282918692643831,bgn_gam_oracle_g0235s_s002@c60eee5+dirty
476,500,0.29131995069720795,0.2913199506972062,0.144816744818594,0.025962825417363503,0.004121839254538847,0.20687116521311855,0.17717410819450952,0.23125018715604082,bgn_gam_oracle_g0235s_s002@c60eee5+dirty
477,500,0.28817535904072267,0.2881753590407222,0.32766566058337304,0.02749319097223488,0.004204311466403183,0.21658129383431313,0.1823076357282651,0.22317921837263346,bgn_gam_oracle_g0235s_s002@c60eee5+dirty
478,500,0.28999600472873566,0.28999600472873494,0.43430445369075454,0.02835737606893467,0.004368619592992941,0.2224908638553394,0.1849356750054974,0.22337519752400875,bgn_gam_oracle_g0235s_s002@c60eee5+dirty
479,500,0.2906174650882962,0.29061746508829656,0.36016999633560537,0.027514933730900946,0.004290257204902317,0.21747921956478825,0.18288858888256104,0.22585454405632988,bgn_gam_oracle_g0235s_s002@c60eee5+dirty
480,500,0.2905879835749091,0.2905879835749096,0.34468639178582766,0.027257156353095568,0.004276383450642514,0.21649042281084735,0.18219091850620392,0.2263798697145959,bgn_gam_oracle_g0235s_s002@c60eee5+dirty
481,500,0.29277627864088895,0.2927762786408895,0.4416422713514822,0.028007420230845063,0.004449258160239805,0.2216308567782064,0.18466002116091296,0.2271973281525525,bgn_gam_oracle_g0235s_s002@c60eee5+dirty
482,500,0.2919486025042889,0.2919486025042894,0.4000613548767623,0.027521823736033162,0.0044117557938825065,0.21901799658834994,0.18338966117505154,0.22716121737283207,bgn_gam_oracle_g0235s_s002@c60eee5+dirty
483,500,0.2898148968211063,0.28981489682110645,0.13739185521598007,0.025155353220947665,0.004022866810943719,0.20429679123467065,0.17559208588697925,0.23056472799040226,bgn_gam_oracle_g0235s_s002@c60eee5+dirty
484,500,0.2910059322040788,0.2910059322040791,0.3521998917704387,0.026903548750806857,0.004324405891791549,0.21582305281593836,0.1816712535693508,0.2273323738593022,bgn_gam_oracle_g0235s_s002@c60eee5+dirty
485,500,0.28964896763216563,0.2896489676321646,0.2020207906085602,0.025517896294270457,0.00409460554116043,0.20740675957104343,0.17719106028218412,0.22912846310848142,bgn_gam_oracle_g0235s_s002@c60eee5+dirty
486,500,0.2895640593364869,0.2895640593364862,0.13784958033756867,0.02486822678531307,0.004049049224509138,0.2038132075224766,0.174962085101534,0.23072844045836235,bgn_gam_oracle_g0235s_s002@c60eee5+dirty
487,500,0.2896103304886339,0.2896103304886334,-0.09097579318688477,0.022951173202023764,0.003721222730795264,0.1926227899642514,0.16718521629005717,0.23648096536461988,bgn_gam_oracle_g0235s_s002@c60eee5+dirty
488,500,0.2922771048065074,0.2922771048065066,-0.31684694848751044,0.021166684612955226,0.0034464132785459777,0.1822880105943675,0.15915780936800628,0.24514219896062672,bgn_gam_oracle_g0235s_s002@c60eee5+dirty
489,500,0.29296340676086075,0.2929634067608599,-0.23516659650432584,0.021605422385169045,0.0035574101824554856,0.1853385673639882,0.16161091063943625,0.24435521533869847,bgn_gam_oracle_g0235s_s002@c60eee5+dirty
490,500,0.2958068872027986,0.29580688720279835,-0.38734439247152175,0.020454804563765257,0.003369340251435763,0.17902388465209587,0.15594444440821137,0.2513623774052582,bgn_gam_oracle_g0235s_s002@c60eee5+dirty
491,500,0.2960196371173079,0.296019637117308,-0.2583608515806685,0.021235363440297896,0.003543324952849304,0.18373839119262833,0.1602168066800138,0.24891404222406122,bgn_gam_oracle_g0235s_s002@c60eee5+dirty
492,500,0.29627499968743015,0.29627499968743065,-0.2364990821893936,0.021251572265601787,0.003555648300296685,0.18409137679831356,0.16056349861934488,0.2489944544581312,bgn_gam_oracle_g0235s_s002@c60eee5+dirty
493,500,0.29670121343228034,0.296701213432284,-0.22210966784723907,0.02125730691077723,0.003576041912688241,0.1845202821085796,0.1607625828511367,0.2493732183038487,bgn_gam_oracle_g0235s_s002@c60eee5+dirty
494,500,0.2974651497967815,0.29746514979678085,-0.1634032566350691,0.021550534975648055,0.0036656209212265973,0.18655586948207412,0.1623749704796995,0.24923860917871127,bgn_gam_oracle_g0235s_s002@c60eee5+dirty
495,500,0.2961710300090265,0.29617103000902767,-0.08650939024534628,0.022006735853168778,0.003741586363811629,0.18958663366478481,0.16473312193547085,0.2461306107618493,bgn_gam_oracle_g0235s_s002@c60eee5+dirty
496,500,0.29325102396616987,0.2932510239661696,0.05673396542030858,0.02299518172301324,0.0038789136099045716,0.1959986488440323,0.16944244980337547,0.23934372618023167,bgn_gam_oracle_g0235s_s002@c60eee5+dirty
497,500,0.2931753047937274,0.2931753047937286,-0.09440209234478988,0.021779198206389714,0.0036885894503196435,0.18888925576412743,0.16386175800446848,0.2431071442894675,bgn_gam_oracle_g0235s_s002@c60eee5+dirty
498,500,0.29382681998635274,0.29382681998635185,-0.17312446958144445,0.021145697587469377,0.003571141696399503,0.18534089735504475,0.16081784567222548,0.2459101881920243,bgn_gam_oracle_g0235s_s002@c60eee5+dirty
499,500,0.2936361897525524,0.29363618975255257,-0.09725630239685808,0.021580369782932016,0.003677377167524135,0.1879505499279478,0.16330994229623966,0.24403293769406587,bgn_gam_oracle_g0235s_s002@c60eee5+dirty
500,500,0.2926387282566893,0.29263872825668963,-0.03538983504719174,0.02192930600995642,0.003755476485244875,0.19050269524138258,0.16518811376863138,0.24155809310651163,bgn_gam_oracle_g0235s_s002@c60eee5+dirty
501,500,0.29439743644120697,0.2943974364412063,-0.09428162116180602,0.021383729819225913,0.003657901694937978,0.18760932423716928,0.1626620079471461,0.24537913879088638,bgn_gam_oracle_g0235s_s002@c60eee5+dirty
502,500,0.29503799691748783,0.29503799691748944,-0.19310870706227368,0.020613720188104524,0.0035472646016515464,0.18300276263438797,0.15888557426763417,0.24860167721624016,bgn_gam_oracle_g0235s_s002@c60eee5+dirty
503,500,0.2964826196383118,0.2964826196383121,-0.2024671337887541,0.02043239789500037,0.0035270575112813,0.1822240849491671,0.15820517450009197,0.2507450228997404,bgn_gam_oracle_g0235s_s002@c60eee5+dirty
504,500,0.30337439077458406,0.30337439077458295,-0.5199390291011297,0.018281387430966457,0.0031396769803069013,0.1698416325322315,0.14608254089602415,0.2658870290616138,bgn_gam_oracle_g0235s_s002@c60eee5+dirty
505,500,0.30476508169052136,0.3047650816905191,-0.6534778768187751,0.017417956068844342,0.002973631341515869,0.16532418714241043,0.14075630814783469,0.27031355262809514,bgn_gam_oracle_g0235s_s002@c60eee5+dirty
506,500,0.3033363603341512,0.30333636033415234,-0.4912485227722684,0.018256242497167466,0.003140546021271236,0.1702156391531854,0.14638647141937408,0.2656763980600361,bgn_gam_oracle_g0235s_s002@c60eee5+dirty
507,500,0.30491415662400073,0.3049141566240024,-0.5861345809601177,0.017590960196923897,0.003044853018717522,0.16636890006804098,0.1425131616287745,0.2695600891680674,bgn_gam_oracle_g0235s_s002@c60eee5+dirty
508,500,0.3048660879398138,0.304866087939814,-0.37057464625931297,0.0187476071035288,0.0033183174094478006,0.17315177079226865,0.1501508423841808,0.2653263200420327,bgn_gam_oracle_g0235s_s002@c60eee5+dirty
509,500,0.30546337880482366,0.30546337880482244,-0.3297696342557692,0.018888924315904235,0.003394232770069562,0.17419361841272799,0.15128451925039754,0.26536930874921333,bgn_gam_oracle_g0235s_s002@c60eee5+dirty
510,500,0.3050977926187973,0.3050977926187974,-0.24188389873770713,0.019344022059482883,0.003516389141782687,0.17703984629401812,0.1543290138117298,0.2631866610540161,bgn_gam_oracle_g0235s_s002@c60eee5+dirty
511,500,0.30256284315845633,0.3025628431584571,0.06304562145699198,0.02125026514987582,0.0039671238231615506,0.1890073376215443,0.16531202429176337,0.2534091724557106,bgn_gam_oracle_g0235s_s002@c60eee5+dirty
512,500,0.3022065259133567,0.30220652591335845,0.17761388854902327,0.02193367262538915,0.00415557434195402,0.19345152620252123,0.16914404553742324,0.2504377690442367,bgn_gam_oracle_g0235s_s002@c60eee5+dirty
513,500,0.30347092974523665,0.30347092974523593,0.11156125790100159,0.021351156808551222,0.004067070126299457,0.19016199965235253,0.16637749006875927,0.2537974310328185,bgn_gam_oracle_g0235s_s002@c60eee5+dirty
514,500,0.2966328911976776,0.2966328911976772,0.04526973914931445,0.02086633762076048,0.0038711600875780306,0.18710800036097253,0.16385300922832208,0.2472716391079184,bgn_gam_oracle_g0235s_s002@c60eee5+dirty
515,500,0.29879089835983574,0.2987908983598346,0.009873160607236689,0.020511456858159312,0.0038356379172744927,0.185316727926518,0.1621427979816924,0.25096954796418186,bgn_gam_oracle_g0235s_s002@c60eee5+dirty
516,500,0.3044429570637645,0.30444295706376295,-0.2045737277460519,0.018990268293635548,0.003567101105075702,0.17635084194934877,0.15355971939845575,0.26287815938947207,bgn_gam_oracle_g0235s_s002@c60eee5+dirty
517,500,0.30377632461224874,0.3037763246122488,-0.1298289457957528,0.01939086228057716,0.0036577450751244765,0.1790912363893681,0.15615633733716006,0.26056717695129866,bgn_gam_oracle_g0235s_s002@c60eee5+dirty
518,500,0.3027790373658684,0.30277903736586953,-0.10324925701963134,0.019467794176759697,0.0036921828197561415,0.17992936381664046,0.15687340094320146,0.25897081214823325,bgn_gam_oracle_g0235s_s002@c60eee5+dirty
519,500,0.050864208304512236,0.050864208304512284,-0.15851287797319466,0.0034355324038937993,0.00012941407187952095,0.09790288540516852,0.047648747516755886,0.01779788039428463,bgn_gam_oracle_g0235s_s002@c60eee5+dirty
520,500,0.05108213626123057,0.051082136261230524,-0.01299815856624708,0.003530051924779239,0.0001365391970808121,0.10215637806288948,0.04756695133846092,0.01862175570066952,bgn_gam_oracle_g0235s_s002@c60eee5+dirty
521,500,0.050995997319362905,0.05099599731936292,-0.08010907029721631,0.0035013779712862064,0.0001315102575214016,0.10049077879779134,0.04743720183172572,0.018716399893478085,bgn_gam_oracle_g0235s_s002@c60eee5+dirty
522,500,0.05037680316396277,0.050376803163962695,-0.25026982570652295,0.00340951019931943,0.00011974441194113272,0.09665506338806144,0.04709943835679256,0.01787358955261498,bgn_gam_oracle_g0235s_s002@c60eee5+dirty
523,500,0.05028745064210903,0.050287450642108995,-0.33996493690433655,0.003363936255419621,0.00011649406539860194,0.09459353301034037,0.046966001260223,0.01797282442209024,bgn_gam_oracle_g0235s_s002@c60eee5+dirty
524,500,0.050254243801063705,0.050254243801063726,-0.3423229424333121,0.0033709777921372406,0.00011412510251475333,0.09478921684108878,0.046816168111495575,0.018268426953980857,bgn_gam_oracle_g0235s_s002@c60eee5+dirty
525,500,0.2680325686652233,0.2680325686652246,-0.32694236810558497,0.02132214233730486,0.0030437685844778976,0.18245682848962508,0.15920616715819347,0.2156266546697671,bgn_gam_oracle_g0235s_s002@c60eee5+dirty
526,500,0.26861955917421015,0.2686195591742101,-0.09299332540089243,0.02289310255935365,0.0033272449549762283,0.19189981736280004,0.16674121687696405,0.21060349988862062,bgn_gam_oracle_g0235s_s002@c60eee5+dirty
527,500,0.26884778784183977,0.268847787841839,-0.1674397704400723,0.02224385122790067,0.003243700066673283,0.18793188112736073,0.1640711290976233,0.21297839708308894,bgn_gam_oracle_g0235s_s002@c60eee5+dirty
528,500,0.2699453596898209,0.26994535968982,-0.062336301530214404,0.022889060263113166,0.0033533708981237234,0.19191096277285438,0.1673215221712262,0.21183485415854175,bgn_gam_oracle_g0235s_s002@c60eee5+dirty
529,500,0.2700573985988573,0.2700573985988575,0.0409265871036726,0.02358056156348252,0.0034730207972163488,0.19649504911515153,0.17044444540777062,0.2094747945878444,bgn_gam_oracle_g0235s_s002@c60eee5+dirty
530,500,0.27119311202306357,0.27119311202306395,0.11560010455167409,0.02405985388323631,0.003571228027529528,0.19969993409023218,0.17261406264952495,0.20916522030294565,bgn_gam_oracle_g0235s_s002@c60eee5+dirty
531,500,0.2697771342781552,0.26977713427815553,0.14306690500325786,0.02425883134726939,0.003556485523375417,0.20118084405871678,0.17346094982992655,0.20661800759719248,bgn_gam_oracle_g0235s_s002@c60eee5+dirty
532,500,0.2701951809231586,0.2701951809231588,0.030014714188441143,0.023279145406320652,0.003438750948320827,0.1954430947179162,0.1694397592663036,0.21046520798905333,bgn_gam_oracle_g0235s_s002@c60eee5+dirty
533,500,0.2710600070756471,0.2710600070756474,-0.0037352945423664444,0.022910722678313476,0.003441699562759982,0.19329925509272683,0.1680698461791257,0.21266418184822491,bgn_gam_oracle_g0235s_s002@c60eee5+dirty
534,500,0.2720126491348733,0.2720126491348729,0.2394432994170804,0.024683097669983143,0.003773297252668384,0.20456839709394864,0.17576820688111472,0.207596769577875,bgn_gam_oracle_g0235s_s002@c60eee5+dirty
535,500,0.27249337950226327,0.2724933795022634,0.25265015620184567,0.024623466706760137,0.0038230808364764024,0.20455713449118187,0.17588487506515557,0.2081277314436476,bgn_gam_oracle_g0235s_s002@c60eee5+dirty
536,500,0.2728584063445371,0.27285840634453734,0.227199752050651,0.02430756321152561,0.0037901416488977505,0.2028753030279107,0.1748780347380414,0.209450191881127,bgn_gam_oracle_g0235s_s002@c60eee5+dirty
537,500,0.27189242198401087,0.27189242198401087,0.04185472249880877,0.022780426302476328,0.0035337376003511,0.19376602232726764,0.16850687465035785,0.21337976082070206,bgn_gam_oracle_g0235s_s002@c60eee5+dirty
538,500,0.27123588575235474,0.2712358857523551,0.07869899250177034,0.022926191903070346,0.0036019631382109385,0.19476174034655563,0.16947137148794109,0.21177431375372394,bgn_gam_oracle_g0235s_s002@c60eee5+dirty
539,500,0.2722421726985887,0.2722421726985888,0.266156985037475,0.024272569373988775,0.003834920142743063,0.20367291032872606,0.1753492109974008,0.20825094189039628,bgn_gam_oracle_g0235s_s002@c60eee5+dirty
540,500,0.27239986314869363,0.27239986314869336,0.22066616667058267,0.02382158089849165,0.0038134818032636185,0.20118811361046426,0.17371329160934776,0.20982225277999644,bgn_gam_oracle_g0235s_s002@c60eee5+dirty
541,500,0.27282645722454213,0.27282645722454185,0.1567498042211453,0.02321565937193878,0.0037195608757694793,0.19781415392321103,0.17127210763714446,0.21236793756879901,bgn_gam_oracle_g0235s_s002@c60eee5+dirty
542,500,0.27402048445003446,0.2740204844500354,0.11347027190344805,0.02280122158299146,0.0037156310553532975,0.19533612320791466,0.16957531379085883,0.215247389881883,bgn_gam_oracle_g0235s_s002@c60eee5+dirty
543,500,0.27504916269711055,0.2750491626971105,0.07778897571375588,0.02242540545978521,0.0036882862843035527,0.19316257429690925,0.16812189987861198,0.21768571078871382,bgn_gam_oracle_g0235s_s002@c60eee5+dirty
544,500,0.2776214110341203,0.27762141103412025,0.014594695753283626,0.02187117352189727,0.003609798970311419,0.18983102956437126,0.16564835054021182,0.2227875037516312,bgn_gam_oracle_g0235s_s002@c60eee5+dirty
545,500,0.2771247062638867,0.27712470626388647,0.2485720785132639,0.023460623172842518,0.003933723857074751,0.20032594162246484,0.1733914616659694,0.21617933259954372,bgn_gam_oracle_g0235s_s002@c60eee5+dirty
546,500,0.27586825489166705,0.2758682548916674,0.30115295147445437,0.023775635002027472,0.003990594421304232,0.2025862469571636,0.17500549383115704,0.21325189608978073,bgn_gam_oracle_g0235s_s002@c60eee5+dirty
547,500,0.27532306204856605,0.2753230620485664,0.12097406718043055,0.02227731176232647,0.0037439688230743837,0.19340306798670173,0.16855407484418,0.21769775458010843,bgn_gam_oracle_g0235s_s002@c60eee5+dirty
548,500,0.27649548848729866,0.276495488487299,0.06820403027585983,0.021767247601123012,0.0036943083097610847,0.19071369615830075,0.16623988887992325,0.2209390289175289,bgn_gam_oracle_g0235s_s002@c60eee5+dirty
549,500,0.2767981670922591,0.27679816709225796,0.1655417461430802,0.022381564136250625,0.0038354223785592254,0.1950396765971529,0.16938264399124847,0.21892177877079327,bgn_gam_oracle_g0235s_s002@c60eee5+dirty
550,500,0.27955804417165325,0.2795580441716532,0.15621077567604535,0.02221211783673722,0.003848012318232557,0.19417529142626713,0.16877419181296452,0.22286312444852938,bgn_gam_oracle_g0235s_s002@c60eee5+dirty
551,500,0.280077722427087,0.2800777224270878,0.2305602065675147,0.022651321256035892,0.003947721451063437,0.19749116718073423,0.17107847639961113,0.22175591426776445,bgn_gam_oracle_g0235s_s002@c60eee5+dirty
552,500,0.2847048605796421,0.28470486057964184,0.08811060589710389,0.021521583357810556,0.003758249901057254,0.1906742557331955,0.16574417180093223,0.23148591134601804,bgn_gam_oracle_g0235s_s002@c60eee5+dirty
553,500,0.28461932490202396,0.2846193249020245,0.15267557986985159,0.02189054371114655,0.0038601567460453644,0.19309541927101684,0.16779044567795104,0.22990112319620892,bgn_gam_oracle_g0235s_s002@c60eee5+dirty
554,500,0.2846655695086688,0.2846655695086692,0.1419609958146767,0.02169261295635666,0.003877152910556932,0.19188743494947863,0.16713046672737486,0.23043848106421935,bgn_gam_oracle_g0235s_s002@c60eee5+dirty
555,500,0.28497799484199404,0.2849779948419933,0.20390233304688563,0.022007462752803016,0.0040059477751177176,0.194379209323557,0.16902136730468387,0.22944331530602222,bgn_gam_oracle_g0235s_s002@c60eee5+dirty
556,500,0.0514000748054902,0.05140007480549023,0.14909155490626225,0.003615853641442939,0.0001506171502102545,0.1065619289861478,0.04759666813627101,0.019404248821731595,bgn_gam_oracle_g0235s_s002@c60eee5+dirty
557,500,0.05136011325760601,0.05136011325760592,0.07697145278032538,0.0035902522555653384,0.00014400084164359686,0.1045263856445753,0.047452608255904465,0.019649712556314522,bgn_gam_oracle_g0235s_s002@c60eee5+dirty
558,500,0.051430338032897045,0.051430338032897066,0.13918701649422688,0.003633067793648403,0.00014299502603360418,0.10694956101136063,0.047280240640648785,0.020240022607210667,bgn_gam_oracle_g0235s_s002@c60eee5+dirty
559,500,0.05150765652276366,0.05150765652276369,0.1728410099890628,0.0036596900993576815,0.0001425318926468088,0.10834266381739409,0.04700726938968682,0.02105600401292729,bgn_gam_oracle_g0235s_s002@c60eee5+dirty
560,500,0.05176567995979412,0.05176567995979411,0.2662647472997409,0.003705802663436818,0.00014209482789324351,0.11074650817405694,0.0467541041878265,0.022220246697408536,bgn_gam_oracle_g0235s_s002@c60eee5+dirty
561,500,0.05121444803296043,0.051214448032960526,0.09046438170020712,0.0036319063339072186,0.00012767791053098482,0.10595083251998065,0.046781582665361476,0.020842341774492495,bgn_gam_oracle_g0235s_s002@c60eee5+dirty
562,500,0.2598970528969342,0.25989705289693465,0.01871562508634286,0.024188043263912398,0.0032186720349329716,0.19757895085637212,0.17139453327031665,0.19537244449912108,bgn_gam_oracle_g0235s_s002@c60eee5+dirty
563,500,0.2611551426180433,0.2611551426180437,0.00499169765468374,0.02396859213244194,0.003233275939185884,0.19656708275081808,0.17072182633036076,0.19762607755626957,bgn_gam_oracle_g0235s_s002@c60eee5+dirty
564,500,0.26241099756828323,0.2624109975682835,-0.019902148492061587,0.023656996652853837,0.0032394533762809844,0.19499511451865995,0.16969432086358655,0.20015836008377888,bgn_gam_oracle_g0235s_s002@c60eee5+dirty
565,500,0.26451272510163426,0.2645127251016341,-0.05211638142993004,0.023303245622619536,0.003228113936564017,0.19295634647728296,0.16840706999086613,0.2039755880437271,bgn_gam_oracle_g0235s_s002@c60eee5+dirty
566,500,0.26390822908929756,0.26390822908929856,-0.07602399996157612,0.023005126144226833,0.003199790486681726,0.191491525725786,0.16734580258198245,0.20406600828957605,bgn_gam_oracle_g0235s_s002@c60eee5+dirty
567,500,0.26339976798778486,0.2633997679877847,0.06420044741089151,0.023991954221595925,0.0033636192968914394,0.19791159998950586,0.17173689118938334,0.19971449116332243,bgn_gam_oracle_g0235s_s002@c60eee5+dirty
568,500,0.27271281866498154,0.27271281866498154,0.2682954486533215,0.025524133639903888,0.003761361143903647,0.20777008682025414,0.17781892071181613,0.2067672916616261,bgn_gam_oracle_g0235s_s002@c60eee5+dirty
569,500,0.27508530137686393,0.2750853013768643,0.4020133486264959,0.02655923660869749,0.003952787863015955,0.21452607465659201,0.18152368709418887,0.2066907691633351,bgn_gam_oracle_g0235s_s002@c60eee5+dirty
570,500,0.27598210425716924,0.27598210425716974,0.43848184989534145,0.02675189114882398,0.004023349032467763,0.21628811663181288,0.182315221245557,0.20718900060668913,bgn_gam_oracle_g0235s_s002@c60eee5+dirty
571,500,0.2723580877465925,0.2723580877465924,0.05487034084864269,0.023494576945469164,0.0034844319272876044,0.19651334777988444,0.17026236904831613,0.2125785822867289,bgn_gam_oracle_g0235s_s002@c60eee5+dirty
572,500,0.2737052432570084,0.2737052432570084,-0.009070017974290157,0.02290998212382076,0.0034211076345737603,0.1931685227888999,0.16782418895242296,0.21621656224452274,bgn_gam_oracle_g0235s_s002@c60eee5+dirty
573,500,0.27775338700949753,0.27775338700949853,0.039953065800085195,0.023128406221542094,0.003635430074454478,0.19487153082900183,0.16912520390489016,0.22032614324990357,bgn_gam_oracle_g0235s_s002@c60eee5+dirty
574,500,0.27722146202076176,0.27722146202076164,-0.06343673989052728,0.02226795430043367,0.003474843825100186,0.19014627533845868,0.16527031202760473,0.2225701304470724,bgn_gam_oracle_g0235s_s002@c60eee5+dirty
575,500,0.2778259666094242,0.2778259666094248,0.03696026904937951,0.0228811992140815,0.0036162408696238254,0.19415065291780478,0.1683886489851822,0.22098083766563562,bgn_gam_oracle_g0235s_s002@c60eee5+dirty
576,500,0.28071283214195514,0.2807128321419536,-0.05085272451189326,0.022106713671546322,0.0034872099833847094,0.1899062322244472,0.16497389897705728,0.227119586970092,bgn_gam_oracle_g0235s_s002@c60eee5+dirty
577,500,0.27977346538980924,0.27977346538980885,-0.033850418256292106,0.022111070869891662,0.003504836450706141,0.19028203190435725,0.16525349177116572,0.2257531293108914,bgn_gam_oracle_g0235s_s002@c60eee5+dirty
578,500,0.2822515356595923,0.28225153565959166,-0.08715043594334021,0.021639008549376455,0.003477332109528195,0.1876494884834496,0.16303896136524773,0.23040014422551774,bgn_gam_oracle_g0235s_s002@c60eee5+dirty
579,500,0.285253955509398,0.2852539555093977,-0.041063542170377644,0.021866919674510044,0.0035617585870097055,0.18922831442578072,0.16438896287659505,0.23312247428790533,bgn_gam_oracle_g0235s_s002@c60eee5+dirty
580,500,0.2874005218772286,0.28740052187722875,-0.2185598926770821,0.020545604250196702,0.003351863904920768,0.18165261797987994,0.1577202970442777,0.24025687893496028,bgn_gam_oracle_g0235s_s002@c60eee5+dirty
581,500,0.2892064723938187,0.28920647239382075,-0.253250418769697,0.0201703626826569,0.003358829174621183,0.17980054873457488,0.1560321579836079,0.24350431074101142,bgn_gam_oracle_g0235s_s002@c60eee5+dirty
582,500,0.29158329049196313,0.29158329049196474,-0.330694564469238,0.019562995390955604,0.003300564807421844,0.1764639018369967,0.15285087957969473,0.24830912972710895,bgn_gam_oracle_g0235s_s002@c60eee5+dirty
583,500,0.2919306809097011,0.2919306809097006,-0.4412086433093314,0.018792425572294477,0.003160945483243605,0.17203374583512904,0.14855006711512708,0.2513093711274869,bgn_gam_oracle_g0235s_s002@c60eee5+dirty
584,500,0.29520956080119626,0.2952095608011963,-0.592417652231199,0.017790312892585723,0.002981176215083639,0.16681179459490744,0.14249154961641064,0.25854369664787646,bgn_gam_oracle_g0235s_s002@c60eee5+dirty
585,500,0.2959168055971673,0.2959168055971659,-0.5085030037046578,0.01819271400298719,0.0030950221297294106,0.16916591295632905,0.14527141720057024,0.2578041333636247,bgn_gam_oracle_g0235s_s002@c60eee5+dirty
586,500,0.296836544113848,0.2968365441138487,-0.6009254650118693,0.01757345192229873,0.0029633833141565905,0.16613400306122936,0.14151517975530373,0.2609317685148294,bgn_gam_oracle_g0235s_s002@c60eee5+dirty
587,500,0.29760403556825166,0.29760403556825,-0.5075844038951611,0.018023375096628463,0.0030745345809233687,0.1689019184492671,0.14456885210725232,0.2601307536353605,bgn_gam_oracle_g0235s_s002@c60eee5+dirty
588,500,0.29797759382153416,0.29797759382153516,-0.5103045042166491,0.01790521115079247,0.0030827367460771163,0.16816345737196725,0.14412490940157852,0.2608038667459859,bgn_gam_oracle_g0235s_s002@c60eee5+dirty
589,500,0.29727878788082135,0.297278787880819,-0.4248626261193503,0.018310710942682717,0.0031636138398640997,0.17063062066770912,0.14698032210750958,0.2584017465828416,bgn_gam_oracle_g0235s_s002@c60eee5+dirty
590,500,0.2969417626433727,0.29694176264337296,-0.41198314976992834,0.0183107646671543,0.0031658875138495853,0.17084593830609462,0.147146185345153,0.2579193876778614,bgn_gam_oracle_g0235s_s002@c60eee5+dirty
591,500,0.296892430098378,0.2968924300983785,-0.3974505548591402,0.018288807615617922,0.0032003392634985047,0.17065771134723004,0.14737738934274233,0.2577305184882807,bgn_gam_oracle_g0235s_s002@c60eee5+dirty
592,500,0.30075003030393443,0.3007500303039335,-0.5278057747233379,0.017423731957318257,0.0031192143900693648,0.16609871442896282,0.14206296800685142,0.2650824284046413,bgn_gam_oracle_g0235s_s002@c60eee5+dirty
593,500,0.297049953027786,0.29704995302778503,-0.22349483402681167,0.019157851070780937,0.003495132559247766,0.17619420329156055,0.15333017354122236,0.2544180270256581,bgn_gam_oracle_g0235s_s002@c60eee5+dirty
594,500,0.29472519598075936,0.2947251959807588,-0.12067654681487945,0.019683153212656346,0.003655011249497817,0.17990743684350508,0.1567545044912966,0.24958158278924567,bgn_gam_oracle_g0235s_s002@c60eee5+dirty
595,500,0.29619199965491216,0.2961919996549123,-0.02949800782755447,0.02014162177818271,0.003819784421137991,0.1827370018166296,0.15983543209351478,0.24936386126914004,bgn_gam_oracle_g0235s_s002@c60eee5+dirty
596,500,0.2991955650628795,0.29919556506288236,-0.270599884326298,0.018541871701459427,0.003480324332388881,0.17321860914537893,0.15031457886996547,0.258695793418526,bgn_gam_oracle_g0235s_s002@c60eee5+dirty
597,500,0.30007515472189855,0.30007515472189744,-0.3299229791744647,0.018080399915288956,0.003395762847018015,0.17059526115295479,0.14763009107228908,0.26124787978347114,bgn_gam_oracle_g0235s_s002@c60eee5+dirty
598,500,0.3022894301354062,0.30228943013540643,-0.3904576115633804,0.01764206204915206,0.003324672249292301,0.16828061672243824,0.1449104989399142,0.2652920030241654,bgn_gam_oracle_g0235s_s002@c60eee5+dirty
599,500,0.30334332375948786,0.3033433237594886,-0.34266881831355095,0.01780012910827385,0.0033940800064598876,0.16947571626808738,0.1463846614399649,0.26568534578437014,bgn_gam_oracle_g0235s_s002@c60eee5+dirty
600,500,0.3050113585556887,0.3050113585556902,-0.37569972378975625,0.017517715070556147,0.003363003637827223,0.16803516682499536,0.14466373203126873,0.268522500887304,bgn_gam_oracle_g0235s_s002@c60eee5+dirty
601,500,0.306858141064934,0.3068581410649336,-0.30925534389357046,0.017817573755767868,0.00343357371946465,0.17011853537371643,0.1468465782065913,0.2694401625720308,bgn_gam_oracle_g0235s_s002@c60eee5+dirty
602,500,0.3064678221468075,0.3064678221468071,-0.29054771530866064,0.017838676108255534,0.0034575977903908463,0.17033243290530725,0.14723396078357745,0.2687837175190998,bgn_gam_oracle_g0235s_s002@c60eee5+dirty
603,500,0.30606605065791465,0.30606605065791526,-0.19408528599472777,0.01829525268588261,0.003596620186066687,0.1733883310179476,0.15055982031776974,0.2664735781859321,bgn_gam_oracle_g0235s_s002@c60eee5+dirty
604,500,0.3057662214277729,0.3057662214277738,-0.03859712682807519,0.01915240364638948,0.0038106049421005282,0.17885767618381607,0.15637262553014702,0.26275574998661066,bgn_gam_oracle_g0235s_s002@c60eee5+dirty
605,500,0.3100529495378969,0.31005294953789747,-0.10770853587523851,0.018598717069530125,0.0037459001393317197,0.1758099523144931,0.15316236089492077,0.26958138422792416,bgn_gam_oracle_g0235s_s002@c60eee5+dirty
606,500,0.311875720725546,0.31187572072554814,-0.13069753212167087,0.01837917351992526,0.003692793502100544,0.17476980025255828,0.15192646173401003,0.2723688958068875,bgn_gam_oracle_g0235s_s002@c60eee5+dirty
607,500,0.31376748491821066,0.3137674849182093,-0.2326927380846903,0.0176768294216522,0.003541905079418883,0.17096857695805795,0.14743247885637265,0.27697237907445715,bgn_gam_oracle_g0235s_s002@c60eee5+dirty
608,500,0.3129414445310178,0.3129414445310179,-0.15333898236217108,0.018051952534666595,0.0036689976404072904,0.17348562967565212,0.15024200060567486,0.2745171924655439,bgn_gam_oracle_g0235s_s002@c60eee5+dirty
609,500,0.3150871957255127,0.31508719572551264,-0.17820751540831223,0.0177774279934171,0.0036737366968608025,0.17201915365507187,0.14880576642000456,0.27773509823269116,bgn_gam_oracle_g0235s_s002@c60eee5+dirty
610,500,0.3153950021986827,0.3153950021986835,-0.22571008476038285,0.01740888401872319,0.003596788715864012,0.1700525982613021,0.1465279693784076,0.2792911770925597,bgn_gam_oracle_g0235s_s002@c60eee5+dirty
611,500,0.3207519592716199,0.3207519592716213,-0.34289960802403385,0.016666863853577525,0.003444293921600248,0.16566308029282426,0.1414520463753863,0.28787694932522556,bgn_gam_oracle_g0235s_s002@c60eee5+dirty
612,500,0.32022588801875074,0.32022588801875074,-0.29664865716819233,0.016824272743448446,0.003507627091325386,0.16671489228171602,0.14289216237178784,0.2865771262507043,bgn_gam_oracle_g0235s_s002@c60eee5+dirty
613,500,0.3227208629270107,0.322720862927011,-0.2943508607910963,0.016741828016157725,0.003536110895174572,0.1664156300002705,0.14259240433241513,0.2895102098286958,bgn_gam_oracle_g0235s_s002@c60eee5+dirty
614,500,0.32427960372461684,0.32427960372461423,-0.2916584105866727,0.016654045863238837,0.0035456775895958085,0.1661517272632573,0.14228471664615477,0.2913971873589688,bgn_gam_oracle_g0235s_s002@c60eee5+dirty
615,500,0.3252789141848918,0.3252789141848921,-0.34158979879427065,0.01631377807246229,0.0034790248640107204,0.1643573095351687,0.13999408875304756,0.29361203505222,bgn_gam_oracle_g0235s_s002@c60eee5+dirty
616,500,0.33294070393283565,0.3329407039328319,-0.4876462407840515,0.015458905109122912,0.003318406479815397,0.15943680935750848,0.1336800616716505,0.3049248324534357,bgn_gam_oracle_g0235s_s002@c60eee5+dirty
617,500,0.33255287185982113,0.33255287185982035,-0.3355961874535626,0.016124677393751705,0.003508859846663287,0.16318455901306952,0.13941497470856135,0.30191866025342956,bgn_gam_oracle_g0235s_s002@c60eee5+dirty
618,500,0.33441551132930586,0.33441551132930447,-0.342273494353417,0.016009114051917833,0.0035189679269883767,0.16267112600035755,0.13879103190956568,0.30425447191309946,bgn_gam_oracle_g0235s_s002@c60eee5+dirty
619,500,0.33460945001564624,0.33460945001564824,-0.3165740829256419,0.016051516116484914,0.003551367234762311,0.16328798007744177,0.13937913581512884,0.3041988503252455,bgn_gam_oracle_g0235s_s002@c60eee5+dirty
620,500,0.33604857097825913,0.33604857097826163,-0.3886797144170533,0.015607082769225636,0.0034318730744180717,0.16089593331809643,0.13603700375443845,0.3072825664857103,bgn_gam_oracle_g0235s_s002@c60eee5+dirty
621,500,0.3349022923173523,0.33490229231735424,-0.19125878218730963,0.016528852254489353,0.0036934378663127914,0.16666226065109582,0.14372592555142252,0.30249364245187743,bgn_gam_oracle_g0235s_s002@c60eee5+dirty
622,500,0.3356892447188629,0.3356892447188637,-0.26922180835419174,0.016015318444383694,0.0035850274108229444,0.16365733013073144,0.1400460903418797,0.3050809099237032,bgn_gam_oracle_g0235s_s002@c60eee5+dirty
623,500,0.339951265704855,0.339951265704856,-0.3335511396756147,0.01556752107698739,0.0035176170838227888,0.16130641358580874,0.13686560739075043,0.3111826932332418,bgn_gam_oracle_g0235s_s002@c60eee5+dirty
624,500,0.34246457814399023,0.3424645781439897,-0.4267528873597104,0.014988474112930748,0.003396513024880023,0.1580755559137865,0.1325671241820021,0.31576564865332457,bgn_gam_oracle_g0235s_s002@c60eee5+dirty
625,500,0.3453748297785436,0.3453748297785515,-0.5551133853644075,0.014334361019051953,0.0032406878259021933,0.15469225357733524,0.12706785576723859,0.3211503278455033,bgn_gam_oracle_g0235s_s002@c60eee5+dirty
626,500,0.34540417121063877,0.345404171210636,-0.4467225715280187,0.014761745751519886,0.003358955563144961,0.1571518405557668,0.1310943872272781,0.3195595455110248,bgn_gam_oracle_g0235s_s002@c60eee5+dirty
627,500,0.34971539064407214,0.34971539064407015,-0.4868663119122924,0.01447702765515058,0.0033368410944201784,0.15568911359792728,0.12899566176297042,0.32505533944187,bgn_gam_oracle_g0235s_s002@c60eee5+dirty
628,500,0.3538743224705027,0.35387432247050454,-0.6012823053394205,0.013867010599015362,0.0031685785990069335,0.1523911307339301,0.12407536350023465,0.3314096261067894,bgn_gam_oracle_g0235s_s002@c60eee5+dirty
629,500,0.35310475766743443,0.35310475766743826,-0.6127788674430744,0.013750100413777956,0.0031583906312129192,0.1518929891214099,0.12321013711761768,0.3309112146767399,bgn_gam_oracle_g0235s_s002@c60eee5+dirty
630,500,0.3540895516537224,0.3540895516537246,-0.6319788135191747,0.01356099522745072,0.0031437386281133435,0.1510303106163211,0.1218537491260612,0.332462139820848,bgn_gam_oracle_g0235s_s002@c60eee5+dirty
631,500,0.35739365324630123,0.35739365324630074,-0.628145367516585,0.013512297815907634,0.0031194404071799527,0.15116707979148583,0.12151406429740487,0.3361020017177279,bgn_gam_oracle_g0235s_s002@c60eee5+dirty
632,500,0.3613914962366158,0.36139149623662165,-0.6963225614247786,0.013148307758638749,0.003035541261208937,0.14917423167969096,0.11847408009712784,0.34142013106622643,bgn_gam_oracle_g0235s_s002@c60eee5+dirty
633,500,0.3658734259669916,0.36587342596699446,-0.6729566131141197,0.013142991615675254,0.003091645356221685,0.14894810285343107,0.11895093412091606,0.3459971663187217,bgn_gam_oracle_g0235s_s002@c60eee5+dirty
634,500,0.3727911862482004,0.3727911862482064,-0.7981481398999003,0.012561801535596153,0.002937530607210882,0.14581876415120706,0.11369795147189879,0.3550296387281408,bgn_gam_oracle_g0235s_s002@c60eee5+dirty
635,500,0.37232643749553945,0.372326437495543,-0.858617659445493,0.012250163401741053,0.0028610038425640775,0.1441368008750539,0.11104782326721298,0.3553805805129674,bgn_gam_oracle_g0235s_s002@c60eee5+dirty
636,500,0.3777604620200613,0.377760462020063,-0.7417413360694083,0.01262453524074117,0.0030029457343187065,0.1460667744840671,0.11495256164426128,0.35984562695277056,bgn_gam_oracle_g0235s_s002@c60eee5+dirty
637,500,0.3736976217930835,0.3736976217930811,-0.6160150478747408,0.013101565282312717,0.0031506965735986314,0.1485933305655899,0.11963825851916794,0.35402909433026436,bgn_gam_oracle_g0235s_s002@c60eee5+dirty
638,500,0.3771040025185435,0.3771040025185445,-0.7578811397225558,0.012456122342812195,0.002998815719085953,0.1453561476674647,0.11374471662665074,0.35954077398123924,bgn_gam_oracle_g0235s_s002@c60eee5+dirty
639,500,0.3797646622852897,0.379764662285288,-0.7146407945670218,0.01253043319375054,0.003151919359307902,0.14610581376062515,0.11485903474964047,0.3619787298406372,bgn_gam_oracle_g0235s_s002@c60eee5+dirty
640,500,0.3777652224584438,0.3777652224584385,-0.6736039108184951,0.012643667100043431,0.003151811480649651,0.14661151441173484,0.11615873974108412,0.3594630863953079,bgn_gam_oracle_g0235s_s002@c60eee5+dirty
641,500,0.3756398880285516,0.37563988802855264,-0.5263757185047494,0.013178375558436773,0.0032966949382749393,0.1494555913821849,0.12169289716239484,0.355381716269036,bgn_gam_oracle_g0235s_s002@c60eee5+dirty
642,500,0.37710874661340477,0.3771087466134129,-0.5778661814975917,0.012905829654393297,0.0032237628407613956,0.1480241809609347,0.11923393184665654,0.35776287715289856,bgn_gam_oracle_g0235s_s002@c60eee5+dirty
643,500,0.3754037537989012,0.37540375379890145,-0.5070270106118856,0.013139561138501493,0.003320899437675623,0.1492595848176559,0.12176974326189358,0.35510577014776673,bgn_gam_oracle_g0235s_s002@c60eee5+dirty
644,500,0.3763829954991871,0.3763829954991868,-0.39397296868769915,0.013549211913782923,0.003471489361867697,0.1516028420822664,0.12608838770150696,0.35463485134399236,bgn_gam_oracle_g0235s_s002@c60eee5+dirty
645,500,0.3807499234923312,0.3807499234923273,-0.5147591921372319,0.012947942984754764,0.0033042649869432623,0.14823242794392036,0.12060311046887412,0.3611445610619778,bgn_gam_oracle_g0235s_s002@c60eee5+dirty
646,500,0.3800549259203696,0.3800549259203681,-0.5849203892190176,0.012595487064853158,0.0032491263861350313,0.14645478279410531,0.11735599881355596,0.361482110565392,bgn_gam_oracle_g0235s_s002@c60eee5+dirty
647,500,0.3819813946928356,0.3819813946928396,-0.509033609832476,0.012831685997721361,0.0033513624483509125,0.14776532161346154,0.12006783549103899,0.3626203259222801,bgn_gam_oracle_g0235s_s002@c60eee5+dirty
648,500,0.3811800820731843,0.38118008207318094,-0.500535905228418,0.01279069199226398,0.0033667563864384826,0.14746940675154102,0.12003150596371982,0.36178818740445495,bgn_gam_oracle_g0235s_s002@c60eee5+dirty
649,500,0.3779621218065862,0.37796212180658917,-0.37026173099879145,0.013270548032787786,0.0035426100810512524,0.15021840062532915,0.12509117746413043,0.3566616924217881,bgn_gam_oracle_g0235s_s002@c60eee5+dirty
650,500,0.38021327203185395,0.3802132720318528,-0.3767601439477749,0.01318686564549331,0.003513095512418375,0.14991963254127172,0.12449889168227282,0.35925222086864583,bgn_gam_oracle_g0235s_s002@c60eee5+dirty
651,500,0.38440203853821653,0.3844020385382163,-0.528010978983866,0.012542330818115899,0.003316357173462174,0.14660450860244464,0.11792534181549147,0.36586683505072715,bgn_gam_oracle_g0235s_s002@c60eee5+dirty
652,500,0.3861680880022395,0.38616808800223634,-0.4926405956659818,0.012597685904748869,0.003354612827273948,0.1469021964753769,0.11891622521272309,0.3674026722445855,bgn_gam_oracle_g0235s_s002@c60eee5+dirty
653,500,0.39781976778736267,0.3978197677873557,-0.4091864174904117,0.012833253125759305,0.0036028840043683744,0.1486297336219874,0.12184185581010357,0.37870190099224627,bgn_gam_oracle_g0235s_s002@c60eee5+dirty
654,500,0.39956453190451774,0.39956453190451874,-0.47227557084755856,0.012475180758349583,0.0035653807640888165,0.1467663854346513,0.11861943107240717,0.3815511050018527,bgn_gam_oracle_g0235s_s002@c60eee5+dirty
655,500,0.3977997827911002,0.3977997827911022,-0.3491646128267327,0.01289987235444767,0.0037311244930248655,0.1493351933572463,0.12338290837583883,0.37818160334601925,bgn_gam_oracle_g0235s_s002@c60eee5+dirty
656,500,0.4010773169859145,0.4010773169859164,-0.5140657034837891,0.012165582577778854,0.0035064626823052185,0.14540736346287306,0.11595684717926757,0.3839492463762153,bgn_gam_oracle_g0235s_s002@c60eee5+dirty
657,500,0.3979878859061012,0.39798788590609985,-0.4855163953019766,0.012215977533513403,0.003531277578987627,0.145654310113846,0.11672964657186755,0.38048462115992904,bgn_gam_oracle_g0235s_s002@c60eee5+dirty
658,500,0.40477119259182615,0.404771192591825,-0.5011349345113593,0.01206243964676648,0.0035551140963414633,0.14475440994811178,0.11559200696988521,0.38791520500862453,bgn_gam_oracle_g0235s_s002@c60eee5+dirty
659,500,0.4057947610371107,0.40579476103711515,-0.5670370831115246,0.011738238884132491,0.0034445330453184526,0.14330154495049965,0.11233495154333528,0.3899362085609931,bgn_gam_oracle_g0235s_s002@c60eee5+dirty
660,500,0.40815729725603234,0.40815729725603583,-0.7014711795343737,0.011176607595842424,0.003276564995715266,0.14048825025840456,0.1066010297732161,0.3939906087137599,bgn_gam_oracle_g0235s_s002@c60eee5+dirty
661,500,0.4098083904957843,0.40980839049578904,-0.9166500871574594,0.010380583287241457,0.0030084436082134986,0.13684211353279888,0.09807110057951322,0.3979007114241796,bgn_gam_oracle_g0235s_s002@c60eee5+dirty
662,500,0.4097037469667552,0.40970374696676143,-1.0291977964252883,0.0099756009589758,0.002884296436558192,0.13511084868013223,0.09381859657923025,0.39881729051597375,bgn_gam_oracle_g0235s_s002@c60eee5+dirty
663,500,0.4116652853353773,0.4116652853353699,-0.9928082038621361,0.01002343320073857,0.0029433625344834065,0.1352809072759214,0.09467134010966959,0.4006315570597215,bgn_gam_oracle_g0235s_s002@c60eee5+dirty
664,500,0.41174681841286837,0.4117468184128725,-1.0124760229438836,0.009935345468068891,0.0029096023587666313,0.1348933013558592,0.09377978423343404,0.4009249238227154,bgn_gam_oracle_g0235s_s002@c60eee5+dirty
665,500,0.41222096375437367,0.4122209637543798,-0.9820335381180075,0.00998050099883054,0.0029294168367456296,0.1350149402472899,0.09450600971298144,0.4012414947219623,bgn_gam_oracle_g0235s_s002@c60eee5+dirty
666,500,0.41728376861638344,0.41728376861638417,-0.983262868122692,0.009923443286384864,0.002931214948443578,0.1348527478608136,0.09400730595809574,0.4065567241815002,bgn_gam_oracle_g0235s_s002@c60eee5+dirty
667,500,0.42293600857213487,0.42293600857213975,-0.9893154461567454,0.009844742532889117,0.0029474079531428476,0.13448494179705198,0.09337727068120512,0.412499154747083,bgn_gam_oracle_g0235s_s002@c60eee5+dirty
668,500,0.4290545667444315,0.42905456674443776,-0.9020758193073343,0.01001594578675125,0.0030264370479997243,0.1350296587422103,0.0958268162753909,0.41821650197807153,bgn_gam_oracle_g0235s_s002@c60eee5+dirty
669,500,0.4276346938106464,0.4276346938106464,-0.7661662268804137,0.010371814215134417,0.0031743601168544525,0.13649160186013473,0.10020925024959598,0.41572772040716643,bgn_gam_oracle_g0235s_s002@c60eee5+dirty
670,500,0.43106641925191735,0.4310664192519094,-0.8980280787543835,0.009896440976893222,0.0030218185945371998,0.13443158724361354,0.09501092925042212,0.4204654339296407,bgn_gam_oracle_g0235s_s002@c60eee5+dirty
671,500,0.4314017865404756,0.4314017865404762,-0.851167370648563,0.009987237924829756,0.0030312950370227384,0.1348256779131687,0.09621397962149376,0.4205358148311614,bgn_gam_oracle_g0235s_s002@c60eee5+dirty
672,500,0.4313954163261524,0.43139541632614775,-1.0206476736998944,0.009447808741639661,0.0028441834623151416,0.13251947465790104,0.09017078711326493,0.42186637028636054,bgn_gam_oracle_g0235s_s002@c60eee5+dirty
673,500,0.43306673630585396,0.43306673630585124,-0.7632185783204396,0.010149226843100592,0.00312299893442483,0.1353972796909597,0.09875003688443697,0.4216577146334766,bgn_gam_oracle_g0235s_s002@c60eee5+dirty
674,500,0.4345097032920309,0.4345097032920278,-0.8409274037339154,0.009836339541765713,0.003024317621888155,0.133998282458434,0.09547645818533992,0.42389023129498016,bgn_gam_oracle_g0235s_s002@c60eee5+dirty
675,500,0.4382084767152757,0.43820847671527763,-0.8388568362869522,0.009756599480652097,0.0030691265452917746,0.13345891033106738,0.09502641237005106,0.4277810772079561,bgn_gam_oracle_g0235s_s002@c60eee5+dirty
676,500,0.4424446045457297,0.44244460454572854,-0.7212409575423464,0.010053056025715214,0.0031918549646431185,0.1345101388064701,0.09895421534414661,0.43123693181040446,bgn_gam_oracle_g0235s_s002@c60eee5+dirty
677,500,0.4478991884340469,0.44789918843403914,-0.6434958308135241,0.010241469092343324,0.003288071163812416,0.13512095924388853,0.10155790545752096,0.43623350953240525,bgn_gam_oracle_g0235s_s002@c60eee5+dirty
678,500,0.4468140360444323,0.4468140360444343,-0.5047651181208361,0.010659026271901781,0.0034518206765959524,0.13711847954740108,0.10681882249509611,0.4338577208798714,bgn_gam_oracle_g0235s_s002@c60eee5+dirty
679,500,0.44158153761419805,0.44158153761419894,-0.3379208079309854,0.011181559927015236,0.0035952555497183866,0.1399220028751882,0.11343575869106262,0.4267629119451483,bgn_gam_oracle_g0235s_s002@c60eee5+dirty
680,500,0.44366140579236146,0.44366140579236063,-0.3686886108849711,0.010989694372660442,0.003555907639635198,0.1388691946144714,0.11148968611870093,0.4294246067458267,bgn_gam_oracle_g0235s_s002@c60eee5+dirty
681,500,0.4391907346926046,0.43919073469259656,-0.15892289229355358,0.011660803800960642,0.0038248676511236077,0.14257431845982274,0.12040647845933432,0.4223633286459084,bgn_gam_oracle_g0235s_s002@c60eee5+dirty
682,500,0.4400032523334161,0.440003252333409,-0.21031333370734256,0.011425717176424582,0.0037450557237968187,0.14116564082615346,0.1175315208380405,0.4240155700837896,bgn_gam_oracle_g0235s_s002@c60eee5+dirty
683,500,0.43967243626157165,0.4396724362615726,-0.20509170130081764,0.01137637658470753,0.0037569969983276305,0.14079425098530107,0.11729248261974423,0.42373850984903744,bgn_gam_oracle_g0235s_s002@c60eee5+dirty
684,500,0.4390672161840939,0.4390672161840919,-0.11534021339502011,0.011643747890752091,0.0038711167581755085,0.14233143257247793,0.12102497714941202,0.4220580235389847,bgn_gam_oracle_g0235s_s002@c60eee5+dirty
685,500,0.44428082154706783,0.4442808215470715,-0.35233595824546576,0.0107475658177432,0.00355972590734542,0.1377217923949468,0.10992831206108983,0.43046627580094726,bgn_gam_oracle_g0235s_s002@c60eee5+dirty
686,500,0.4457562146584799,0.4457562146584775,-0.42917894124128897,0.01043647716208136,0.0034730869196312754,0.136227395101199,0.10627529074982617,0.432902027579794,bgn_gam_oracle_g0235s_s002@c60eee5+dirty
687,500,0.446979154087132,0.446979154087129,-0.4158423315054977,0.010420463506858997,0.003483490647160192,0.13621006819326917,0.10637601551248485,0.43413650792364344,bgn_gam_oracle_g0235s_s002@c60eee5+dirty
688,500,0.44896143030777635,0.4489614303077739,-0.29953928959534337,0.010729943966834129,0.0036437423314562892,0.13754104480592821,0.11087543845264936,0.4350551724229205,bgn_gam_oracle_g0235s_s002@c60eee5+dirty
689,500,0.4512591627639964,0.4512591627639948,-0.3318388441730584,0.010524408148243555,0.0036189539128313984,0.13660646125919054,0.10868733443507582,0.43797476561082943,bgn_gam_oracle_g0235s_s002@c60eee5+dirty
690,500,0.44977108870542426,0.4497710887054279,-0.26755496680827645,0.010706818289328434,0.00368611740904962,0.13755027501121683,0.11117787423227389,0.43581362130669493,bgn_gam_oracle_g0235s_s002@c60eee5+dirty
691,500,0.4512816495813251,0.4512816495813195,-0.3640191263612568,0.010343137266415487,0.0034577814997783693,0.1353868168118024,0.10663409116620289,0.4385023350564964,bgn_gam_oracle_g0235s_s002@c60eee5+dirty
692,500,0.4530358611317206,0.45303586113171657,-0.24245033281959363,0.010670101775944116,0.0035820079205734798,0.13657137806921912,0.11151451829044777,0.43909680445410787,bgn_gam_oracle_g0235s_s002@c60eee5+dirty
693,500,0.44916660530581043,0.44916660530580105,-0.1413509311244511,0.010949251056851168,0.0037071411863776557,0.13818745229798401,0.11559856465021826,0.4340364168739243,bgn_gam_oracle_g0235s_s002@c60eee5+dirty
694,500,0.452794305358781,0.4527943053587773,-0.1892896417672282,0.010746742348263432,0.0036507244484291633,0.13732405386951388,0.1129754006631852,0.43847376410719696,bgn_gam_oracle_g0235s_s002@c60eee5+dirty
695,500,0.45423790625294674,0.4542379062529339,-0.2311837338659655,0.01054528611920897,0.0035977562381104607,0.13615490284336368,0.11065333660403517,0.4405540994877416,bgn_gam_oracle_g0235s_s002@c60eee5+dirty
696,500,0.4561042918040475,0.45610429180403855,-0.2466394718227371,0.010427801764592992,0.0035720184239851982,0.13558626162423468,0.10947794826913135,0.4427704866461326,bgn_gam_oracle_g0235s_s002@c60eee5+dirty
697,500,0.4593921058429612,0.4593921058429638,-0.28003846465633087,0.01025784748473496,0.0035466229768940996,0.1348144880047016,0.10754300185893517,0.44662692447052443,bgn_gam_oracle_g0235s_s002@c60eee5+dirty
698,500,0.46299859432286766,0.4629985943228567,-0.355950401403595,0.00997816512501505,0.003438178694656247,0.13350584195704013,0.10392034375780786,0.4511853948192588,bgn_gam_oracle_g0235s_s002@c60eee5+dirty
699,500,0.4591540912937446,0.45915409129374324,-0.16770607140050292,0.01051301206038676,0.0036800402173327853,0.13614181841843115,0.11166196605398121,0.4453696048101441,bgn_gam_oracle_g0235s_s002@c60eee5+dirty
700,500,0.46485700483234726,0.4648570048323477,-0.13969130681391462,0.010505076497552833,0.003748310439543069,0.13614568347389555,0.11227354796903272,0.45109498486255223,bgn_gam_oracle_g0235s_s002@c60eee5+dirty
701,500,0.4618417206069693,0.46184172060696643,-0.11866886610144486,0.010494052755842597,0.0037843298694082432,0.13608529343913944,0.11269971357004395,0.4478800614611416,bgn_gam_oracle_g0235s_s002@c60eee5+dirty
702,499,0.4693396980612202,0.4757722761161373,-0.2580544574654942,0.0099751201380124,0.0035620952307863244,0.13324037257441948,0.10593156121893774,0.4572288885382416,bgn_gam_oracle_g0235s_s002@c60eee5+dirty
703,499,0.46871474144882996,0.4752652882941064,-0.2577159398166408,0.009928493477490773,0.0035549924675247627,0.1329618341382318,0.10566548848069615,0.4566490045927828,bgn_gam_oracle_g0235s_s002@c60eee5+dirty
704,499,0.46690179449213126,0.47332432213351294,-0.10443299067359527,0.010348905652443448,0.00377169747257292,0.1348521659148453,0.11201461223821617,0.45326593997905296,bgn_gam_oracle_g0235s_s002@c60eee5+dirty
705,499,0.4657991462734047,0.47195406019769953,-0.04829155314290512,0.01045819828856249,0.0038570347611040423,0.13544428045608245,0.11406081884079736,0.4516181731002412,bgn_gam_oracle_g0235s_s002@c60eee5+dirty
706,499,0.4677000020428296,0.47371401844783373,-0.09030378833674757,0.010282457727187102,0.003785175275215358,0.13480031235193463,0.11172879801387212,0.4541585269542323,bgn_gam_oracle_g0235s_s002@c60eee5+dirty
707,499,0.46680107181415176,0.472782084191315,-0.11038037054317867,0.010142953223108825,0.0037401868331567297,0.1345278244199045,0.11016074468099561,0.4536164139205826,bgn_gam_oracle_g0235s_s002@c60eee5+dirty
708,499,0.46904610812128733,0.4749367030333555,-0.03564449816708918,0.010314454716068618,0.003847783445565762,0.13517608675712295,0.11327059156395555,0.4551637338699975,bgn_gam_oracle_g0235s_s002@c60eee5+dirty
709,499,0.4676479874933289,0.4735668147866697,-0.04905926025206803,0.010230699139836888,0.0038160888508652307,0.1347309089345858,0.1122656981134075,0.4539725247563667,bgn_gam_oracle_g0235s_s002@c60eee5+dirty
710,499,0.47602177901558346,0.48165447047620874,-0.264370041534736,0.009515875752932001,0.0035200425354770296,0.13100737666930137,0.10226615848494867,0.4649068368242097,bgn_gam_oracle_g0235s_s002@c60eee5+dirty
711,499,0.476384435253601,0.48210706212834337,-0.329826582883136,0.009277221021304136,0.003444428623938209,0.13008108391283504,0.09905431938414543,0.4659725012951259,bgn_gam_oracle_g0235s_s002@c60eee5+dirty
712,499,0.47789732226237136,0.48374869398655845,-0.2872392024418032,0.009323123494666557,0.0034964354984457855,0.1301751816782475,0.10030834385416879,0.46725163111409107,bgn_gam_oracle_g0235s_s002@c60eee5+dirty
713,499,0.48089037171308296,0.4861869197426052,-0.43448801981700497,0.00889084788799111,0.0033237582341115713,0.12821434568191983,0.09416157837400953,0.47158153776888084,bgn_gam_oracle_g0235s_s002@c60eee5+dirty
714,499,0.48498166755287836,0.49030021793840056,-0.36948686379876744,0.008994518898950515,0.00341112248025742,0.12844958434370057,0.09616894528361687,0.4753511878868163,bgn_gam_oracle_g0235s_s002@c60eee5+dirty
715,499,0.4857587189947069,0.49084910239318036,-0.2991581415707897,0.009114035808678358,0.0034977110078102786,0.1287686924008388,0.09847833554048957,0.4756716835260991,bgn_gam_oracle_g0235s_s002@c60eee5+dirty
716,499,0.4814079135715499,0.4864394803296045,-0.04295987188582292,0.009790185285606864,0.003857027324682304,0.13187236810063757,0.10917834457187997,0.46886423229529534,bgn_gam_oracle_g0235s_s002@c60eee5+dirty
717,499,0.4822497030769447,0.48724615513721087,0.07217699941082528,0.01002495735162533,0.004053593166137156,0.13256841741018335,0.11374836595684489,0.4686428121287566,bgn_gam_oracle_g0235s_s002@c60eee5+dirty
718,499,0.48359816540952894,0.4884054619508071,0.09397536542076981,0.010056567520678315,0.0040806308311110324,0.13252375338564854,0.11447399992437676,0.46985411451723597,bgn_gam_oracle_g0235s_s002@c60eee5+dirty
719,499,0.4876016546171248,0.4922778688179992,-0.1051463723537174,0.009393532810345379,0.0037768033469146463,0.1291824748721422,0.10461200088553904,0.4762475226771073,bgn_gam_oracle_g0235s_s002@c60eee5+dirty
720,499,0.4882937241474993,0.4896829122054547,-0.07306145283134138,0.00942486591831459,0.003806400854143345,0.12941391555649884,0.10557859749674132,0.4767430343407811,bgn_gam_oracle_g0235s_s002@c60eee5+dirty
721,500,0.4943910775970578,0.4943910775970611,-0.23779435404751006,0.00887776915522989,0.003568169855969675,0.1269172677769698,0.09759235184267755,0.4846630483845401,bgn_gam_oracle_g0235s_s002@c60eee5+dirty
722,500,0.49275988233412366,0.492759882334132,-0.33055129985160053,0.008592748242441906,0.003444295706526541,0.12572359873419264,0.09342368716452557,0.4838226083127206,bgn_gam_oracle_g0235s_s002@c60eee5+dirty
723,500,0.48788575674904283,0.48788575674903506,-0.15556263362370734,0.00900237287168833,0.003664967619209426,0.12710807390070497,0.1003772167081301,0.4774483490436586,bgn_gam_oracle_g0235s_s002@c60eee5+dirty
724,500,0.49667492775347355,0.4966749277534692,-0.22248099168113308,0.008743053520667775,0.0035548497615907186,0.12565245121962412,0.09686981402172806,0.4871367600482579,bgn_gam_oracle_g0235s_s002@c60eee5+dirty
725,500,0.4949157511600352,0.4949157511600318,-0.136905162498606,0.00892249601487224,0.0036491494837778927,0.12635296235656743,0.10016584229522962,0.4846735032819404,bgn_gam_oracle_g0235s_s002@c60eee5+dirty
726,500,0.5031811044187174,0.5031811044187179,-0.11424746426307407,0.008939291000961656,0.0037102550280532416,0.12639317893802185,0.10067136612910782,0.4930076063163117,bgn_gam_oracle_g0235s_s002@c60eee5+dirty
727,500,0.5028547015278204,0.5028547015277937,0.0038287587720681423,0.009181201876182488,0.003878641143037424,0.12741471440330726,0.10541719995217505,0.4916808566569137,bgn_gam_oracle_g0235s_s002@c60eee5+dirty
728,500,0.5051404603693422,0.5051404603693511,-0.001649619671606148,0.009116081305718796,0.0038593277536332206,0.12712305552676548,0.10475398233600167,0.49415937498634965,bgn_gam_oracle_g0235s_s002@c60eee5+dirty
729,499,0.5074493288469337,0.5114945458666572,-0.015889548527636178,0.009005567186212432,0.0038573154710192965,0.12628324342747674,0.10359541865119362,0.49676232806211,bgn_gam_oracle_g0235s_s002@c60eee5+dirty
730,499,0.5020826961867453,0.5061949934512834,0.148994414783661,0.009410712441851625,0.004112355675691284,0.12847819237164262,0.1108655364966238,0.4896895614850978,bgn_gam_oracle_g0235s_s002@c60eee5+dirty
731,499,0.5005533481738739,0.504550485654429,0.20448135984834911,0.009530120381757321,0.004170140879926845,0.12931119936258262,0.11323427835540388,0.4875773298394895,bgn_gam_oracle_g0235s_s002@c60eee5+dirty
732,499,0.4997198846310228,0.5036678138064077,0.23698519080109987,0.009529012917182118,0.0042085677302984015,0.12929632536973523,0.11402854004874383,0.48653618072040106,bgn_gam_oracle_g0235s_s002@c60eee5+dirty
733,499,0.49676235686730313,0.5006719542405097,0.2166376132274007,0.009433956387329537,0.0041437058272003335,0.12881751396583166,0.112619753178561,0.48382810004624355,bgn_gam_oracle_g0235s_s002@c60eee5+dirty
734,499,0.4953017538652638,0.49920705557789924,0.2860380631168808,0.009552942051457295,0.004239610193499895,0.12937455376376886,0.11540987838641172,0.4816683375029337,bgn_gam_oracle_g0235s_s002@c60eee5+dirty
735,498,0.496234393381421,0.5040141749609072,0.24331753043918383,0.009363595617336008,0.004155774446803057,0.12830963024398823,0.11281267018660136,0.4832410109044927,bgn_gam_oracle_g0235s_s002@c60eee5+dirty
736,498,0.49687321752016983,0.5045869019046095,0.29866434814164255,0.009446769738129471,0.004203613780123512,0.12901691675171117,0.11484380840015566,0.48341896317893274,bgn_gam_oracle_g0235s_s002@c60eee5+dirty
737,498,0.4951284852136958,0.5027479640700683,0.30013232178618715,0.009395407340742477,0.004182269251548246,0.1284806122410909,0.11442058579182299,0.48172621520638154,bgn_gam_oracle_g0235s_s002@c60eee5+dirty
738,498,0.5071106955837139,0.5142073532121851,0.10376845615317468,0.008795798424347504,0.003927672003553561,0.12566020375466808,0.10426719304739514,0.4962757399162439,bgn_gam_oracle_g0235s_s002@c60eee5+dirty
739,498,0.5121290138717348,0.5189630665522363,-0.08533716222581336,0.008257754932980909,0.0036470314194994285,0.12317282556270563,0.0951550338711396,0.5032113337139952,bgn_gam_oracle_g0235s_s002@c60eee5+dirty
740,497,0.5138867675166191,0.5238789240038558,-0.1329603347731624,0.008074603601315114,0.0035790584190808017,0.12253296981569445,0.09255413413912914,0.5054832757692739,bgn_gam_oracle_g0235s_s002@c60eee5+dirty
741,497,0.5131735777792186,0.5234649758475068,0.07931031050434056,0.008574175019843542,0.0038903668785894214,0.12459710564690848,0.10168751139119107,0.5029977842473962,bgn_gam_oracle_g0235s_s002@c60eee5+dirty
742,497,0.508558590494129,0.5188866061114842,0.23440107736206947,0.008924267788718078,0.004112995040579582,0.12591609785390268,0.10856551483291381,0.496835353969944,bgn_gam_oracle_g0235s_s002@c60eee5+dirty
743,497,0.5135195347957613,0.5232413578294097,0.17204921209441024,0.008660021779319767,0.003987673178123976,0.12453257768347428,0.1047064460582287,0.5027314121583317,bgn_gam_oracle_g0235s_s002@c60eee5+dirty
744,496,0.5104425855169297,0.522621987054394,0.09631709320410657,0.008443611392206988,0.0038205393503372,0.12326865820981724,0.10086769177998152,0.50037719958466,bgn_gam_oracle_g0235s_s002@c60eee5+dirty
745,496,0.514711810811155,0.5266725732045608,0.03235989165055739,0.008265168015680665,0.00371426955034166,0.1223333595552469,0.09773736048480697,0.5053470654450871,bgn_gam_oracle_g0235s_s002@c60eee5+dirty
746,495,0.5165125653021447,0.5312891513820569,-0.006019923046958449,0.008116240031914341,0.003690529319513572,0.12164729494794761,0.09560699953917634,0.5075869696457133,bgn_gam_oracle_g0235s_s002@c60eee5+dirty
747,494,0.5128955566834072,0.530767573906745,0.1373769146635332,0.008457456767203423,0.0038705305882856273,0.12303591905941372,0.10205510518602624,0.5026396398723953,bgn_gam_oracle_g0235s_s002@c60eee5+dirty
748,494,0.5179839588088302,0.5353611538968591,0.07324564665828757,0.008227751270787833,0.0037541223797196146,0.12209916542865494,0.0984617580550634,0.5085397366813866,bgn_gam_oracle_g0235s_s002@c60eee5+dirty
749,494,0.5258511962626564,0.5426080932168876,-0.08090895521438866,0.007800762882454371,0.0035627942669348425,0.12018311373470618,0.0911598278175511,0.5178893379894408,bgn_gam_oracle_g0235s_s002@c60eee5+dirty
750,493,0.5274271708577547,0.5461978809320509,-0.13765975680053832,0.007621554432249213,0.0034775815963111515,0.11956648736711188,0.0884224120456578,0.5199624001858626,bgn_gam_oracle_g0235s_s002@c60eee5+dirty
751,493,0.5358502286298688,0.5530299111400082,-0.26255630015694104,0.007294720805830777,0.0032887348323198205,0.11873368866043313,0.08293195490385294,0.529393764959985,bgn_gam_oracle_g0235s_s002@c60eee5+dirty
752,493,0.5327108251704193,0.5507863311023881,-0.09246172048699262,0.007583486585838064,0.00347933093330923,0.11932798060124705,0.08897138328427924,0.5252284419281109,bgn_gam_oracle_g0235s_s002@c60eee5+dirty
753,492,0.53640963489145,0.5551313946551729,-0.10155344301550077,0.007513578207851486,0.0034262958319497307,0.1189775840402624,0.08816978963988926,0.5291137728307933,bgn_gam_oracle_g0235s_s002@c60eee5+dirty
754,492,0.5353085310657862,0.5537543315265768,-0.05956276100640597,0.007561700749908703,0.003492762963972336,0.11909866447339393,0.08943349268873176,0.5277848745628321,bgn_gam_oracle_g0235s_s002@c60eee5+dirty
755,491,0.5330532505541942,0.5538889458564679,-0.03475057671198373,0.007564917538768367,0.00352026534410297,0.11901086404609207,0.09005775654901471,0.5253906816948231,bgn_gam_oracle_g0235s_s002@c60eee5+dirty
756,490,0.5360039833811373,0.5580740119497295,-0.23589559401349242,0.007125232296893051,0.0032553453621292925,0.1178097982702392,0.08184518341416029,0.5297184498885695,bgn_gam_oracle_g0235s_s002@c60eee5+dirty
757,490,0.5337396152370762,0.5548069090460671,-0.2050321957175866,0.00711257881660934,0.003285914045420677,0.11739600874106904,0.08220647680626773,0.5273709055726555,bgn_gam_oracle_g0235s_s002@c60eee5+dirty
758,490,0.5355092149848056,0.5568837645973392,-0.18366374859299758,0.007114813681464095,0.0033047499539567014,0.11724281819196235,0.08270918059601154,0.5290834629609766,bgn_gam_oracle_g0235s_s002@c60eee5+dirty
759,488,0.5348435984865761,0.5595437774498303,-0.23475249009668836,0.0070107003936143,0.0032073915216914934,0.11689452617095422,0.08082871300511249,0.5287006657798031,bgn_gam_oracle_g0235s_s002@c60eee5+dirty
760,487,0.535992263986662,0.5633984913146098,-0.17039940895695657,0.007105761699511248,0.003301901432703529,0.11690593840946067,0.08298917437175041,0.5295285676813317,bgn_gam_oracle_g0235s_s002@c60eee5+dirty
761,486,0.5424289382648942,0.5725041020267767,-0.15879640079640198,0.007075807484892282,0.0032853826257772476,0.11674889122785484,0.0829743552320163,0.5360451561585196,bgn_gam_oracle_g0235s_s002@c60eee5+dirty
762,484,0.5446307823315357,0.577206018272863,-0.17071844634413869,0.007045583396288373,0.0032736850037340523,0.11668349157172592,0.08237347537444649,0.5383653960070206,bgn_gam_oracle_g0235s_s002@c60eee5+dirty
763,485,0.5441671257205504,0.575534697313671,-0.07332689928945012,0.007195838292171977,0.003390781673137079,0.11659770602890046,0.0857661551668357,0.5373658226412092,bgn_gam_oracle_g0235s_s002@c60eee5+dirty
764,486,0.5453452917154211,0.5752486121636504,-0.08855592170432802,0.007116315781471116,0.00337640380323909,0.11591263584500087,0.08471453526718546,0.53872528686766,bgn_gam_oracle_g0235s_s002@c60eee5+dirty
765,486,0.541260933839762,0.5724729212043339,-0.04413654619486033,0.007178246299776483,0.0034092741017685366,0.11593047490379914,0.08625486037491752,0.5343439880477694,bgn_gam_oracle_g0235s_s002@c60eee5+dirty
766,486,0.056076743856402,0.056876647537682574,-0.030861947288353554,0.0032626278661242792,0.00018947109237380612,0.08677380269156804,0.047447335845734726,0.029888986645227315,bgn_gam_oracle_g0235s_s002@c60eee5+dirty
767,500,0.05548674295416619,0.05548674295416587,-0.018906868447388047,0.0033057428091749293,0.00018517510847674944,0.0895156723968991,0.04804830127989066,0.027751385330800484,bgn_gam_oracle_g0235s_s002@c60eee5+dirty
768,500,0.05476411744974738,0.05476411744974705,-0.03357214690096375,0.0033274385770536443,0.00017975139718189942,0.09138705360513645,0.04821330770545111,0.025972784220202765,bgn_gam_oracle_g0235s_s002@c60eee5+dirty
769,500,0.05384217815739113,0.053842178157391195,-0.12690363909404842,0.0033038622612542733,0.0001673799897093547,0.09126120345698087,0.04810645892220414,0.024181578912439376,bgn_gam_oracle_g0235s_s002@c60eee5+dirty
770,500,0.05350129574010296,0.05350129574010309,-0.11919059551662273,0.0033270912961633208,0.00016587920535564513,0.09306786292966057,0.04833297045932406,0.022941504145283658,bgn_gam_oracle_g0235s_s002@c60eee5+dirty
771,500,0.05361128432484059,0.053611284324840594,0.02482127432384404,0.0034196782012075634,0.00017327579028702028,0.09752475891460693,0.048628031283075544,0.022571760686555312,bgn_gam_oracle_g0235s_s002@c60eee5+dirty
772,500,0.05353357995858629,0.05353357995858621,0.08682077822228795,0.003466293268447455,0.00017278588047293908,0.10017123807594472,0.04866668819517515,0.022302413396221302,bgn_gam_oracle_g0235s_s002@c60eee5+dirty
773,500,0.053481921275732175,0.05348192127573227,0.22464155080648782,0.003535049149652696,0.00017737928318489835,0.10464349752960315,0.048703829875984116,0.022096444482196925,bgn_gam_oracle_g0235s_s002@c60eee5+dirty
774,500,0.053442470681343265,0.05344247068134333,0.19481000243886792,0.0035436943553512606,0.00017099817112773094,0.10454746741213539,0.04848367347065103,0.02248179439719001,bgn_gam_oracle_g0235s_s002@c60eee5+dirty
775,500,0.05303225781589791,0.05303225781589801,0.005299869809380321,0.003470852205305036,0.000152904015869094,0.09985698532967285,0.04818531549719835,0.022149395916984317,bgn_gam_oracle_g0235s_s002@c60eee5+dirty
776,500,0.053002638540446005,0.05300263854044599,0.09878034040208639,0.0035316853415539194,0.00015598422589771133,0.10356224619470768,0.048116661369253674,0.022227608754109004,bgn_gam_oracle_g0235s_s002@c60eee5+dirty
777,500,0.052915605276672925,0.052915605276672946,0.07056118699311495,0.0035311041586611205,0.0001512329931986559,0.10322762611572271,0.04788309757421459,0.022522660777423705,bgn_gam_oracle_g0235s_s002@c60eee5+dirty
778,500,0.053319915720370814,0.05331991572037087,0.18473017399454839,0.003596232857042759,0.00015390450815607083,0.10623527452429883,0.04774079119825048,0.02374511040598665,bgn_gam_oracle_g0235s_s002@c60eee5+dirty
779,500,0.053376768948365884,0.053376768948365905,0.24428712940318617,0.0036323245560408173,0.000155849512830846,0.10807978474605207,0.047481544803687895,0.024384059678868395,bgn_gam_oracle_g0235s_s002@c60eee5+dirty
780,500,0.05340038185520666,0.053400381855206645,0.3253515249092085,0.00366885860772847,0.00015751960288459284,0.11094301799417901,0.04711340999939459,0.025138165814371397,bgn_gam_oracle_g0235s_s002@c60eee5+dirty
781,500,0.0535192829410107,0.05351928294101073,0.39070416318482387,0.003683363618208905,0.00015955608984141793,0.11220953218465284,0.04695294847253575,0.025685292995318583,bgn_gam_oracle_g0235s_s002@c60eee5+dirty
782,500,0.05310209907918857,0.05310209907918859,0.06218355368913159,0.0035701726263808065,0.000139801489448335,0.1033889713758428,0.04725370912275342,0.02422642979801542,bgn_gam_oracle_g0235s_s002@c60eee5+dirty
783,500,0.05303639906233531,0.05303639906233536,0.14772702960214903,0.0036242208268953777,0.00014323776884534023,0.10612137323010427,0.046983677347164805,0.024604749306521994,bgn_gam_oracle_g0235s_s002@c60eee5+dirty
784,500,0.05301289259282547,0.053012892592825454,0.19369398872760263,0.0036563978187116593,0.00014322674644967864,0.10793079766182828,0.04671497531662443,0.0250614816446598,bgn_gam_oracle_g0235s_s002@c60eee5+dirty
785,500,0.05308589626551342,0.05308589626551328,0.2809217851468021,0.0037012212964897162,0.00014505004508666943,0.11050294930770135,0.046456024329526585,0.025689495631625103,bgn_gam_oracle_g0235s_s002@c60eee5+dirty
786,500,0.05317296962650876,0.05317296962650883,0.39345271181130026,0.0037320721411029695,0.00014954502444899194,0.11301548790856095,0.04615232828062756,0.02640695539396408,bgn_gam_oracle_g0235s_s002@c60eee5+dirty
787,500,0.05333525482448392,0.05333525482448398,0.38051188143772197,0.0037316345951055622,0.00014742219370271514,0.11206048423411384,0.046246192822746966,0.02656951366875092,bgn_gam_oracle_g0235s_s002@c60eee5+dirty
788,500,0.05355962052590226,0.053559620525902234,0.46321264068096807,0.0037438519568317352,0.0001504960972907036,0.11368980499795264,0.046079957967262455,0.02729964147409222,bgn_gam_oracle_g0235s_s002@c60eee5+dirty
789,500,0.0531311348066312,0.05313113480663112,0.3050180400903631,0.0037116077769038494,0.00014055623735745906,0.10970620580525756,0.046358408838818393,0.025957954768690505,bgn_gam_oracle_g0235s_s002@c60eee5+dirty
790,500,0.05311698071808319,0.05311698071808329,0.3222419082151151,0.0037275096847823866,0.0001385487153854564,0.11062295714851658,0.04615821798940862,0.026283693664465355,bgn_gam_oracle_g0235s_s002@c60eee5+dirty
791,500,0.0530854393741597,0.0530854393741598,0.36927091548371666,0.00374301756099289,0.00013832981325322276,0.11149080505749691,0.045996403941589686,0.026502730010127214,bgn_gam_oracle_g0235s_s002@c60eee5+dirty
792,500,0.053274176052144705,0.05327417605214477,0.4044806385166869,0.003749112087067315,0.00013897553530050038,0.11168105093854323,0.0459882346508078,0.026892751955446083,bgn_gam_oracle_g0235s_s002@c60eee5+dirty
793,500,0.05319354313372412,0.053193543133724014,0.30231347567768396,0.003726188362665625,0.00013186052066055956,0.10903015429182557,0.046124525877930735,0.02649681383969526,bgn_gam_oracle_g0235s_s002@c60eee5+dirty
794,500,0.05270672434409431,0.05270672434409426,0.07819076670565187,0.0036246141165984917,0.00011932936045719344,0.10316596964691736,0.04633868910744449,0.025114232675675148,bgn_gam_oracle_g0235s_s002@c60eee5+dirty
795,500,0.052538102337817194,0.05253810233781724,0.02913728014399386,0.003602886251640332,0.00011609761863812906,0.1020849308033915,0.04622033429136312,0.02497864878758647,bgn_gam_oracle_g0235s_s002@c60eee5+dirty
796,500,0.052632195275192646,0.05263219527519257,0.035969702098712766,0.003612271261818085,0.0001158885900523123,0.10233518143887604,0.04611914360438316,0.02536084723908676,bgn_gam_oracle_g0235s_s002@c60eee5+dirty
797,500,0.052518798836270926,0.052518798836270954,0.016592210031434282,0.0036054989576827816,0.00011352481063616456,0.10180555663900308,0.046029531516993016,0.02528846495006842,bgn_gam_oracle_g0235s_s002@c60eee5+dirty
798,500,0.052536702980491574,0.05253670298049153,0.1799726089161495,0.003701962858244862,0.00011819080230444164,0.10615119314927163,0.04573404568582296,0.02585540998064912,bgn_gam_oracle_g0235s_s002@c60eee5+dirty
799,500,0.05250662755691245,0.052506627556912405,0.3109939409580285,0.0037669598224783067,0.00012257680238523969,0.1098115422613265,0.045292718142566475,0.02656154401871901,bgn_gam_oracle_g0235s_s002@c60eee5+dirty
800,500,0.052492747508189344,0.05249274750818933,0.24336839800607196,0.0037442339049225284,0.00011899997568999011,0.10805080059055854,0.04536456943580323,0.026411065500329706,bgn_gam_oracle_g0235s_s002@c60eee5+dirty
801,500,0.05240420299623331,0.05240420299623347,0.3095045843772023,0.0037797302980314474,0.00011983708375610833,0.11008199501362625,0.045041427255840503,0.026785636494719635,bgn_gam_oracle_g0235s_s002@c60eee5+dirty
802,500,0.052363333424803704,0.05236333342480385,0.27790055592945173,0.003771471145904769,0.00011712103036678699,0.10933193803831746,0.04503589674207076,0.026714915159788646,bgn_gam_oracle_g0235s_s002@c60eee5+dirty
803,500,0.052389721664267856,0.05238972166426776,0.3968265430753706,0.00381836886345047,0.00012182092335092778,0.11217778240613364,0.044715214883158584,0.027298946756466817,bgn_gam_oracle_g0235s_s002@c60eee5+dirty
804,500,0.052285661804345844,0.05228566180434579,0.2946341074410449,0.0037837513082251057,0.00011767238156479233,0.1096954650051273,0.04489893941715263,0.026793201927602605,bgn_gam_oracle_g0235s_s002@c60eee5+dirty
805,500,0.05229799920800649,0.05229799920800651,0.4138405509082031,0.0038272321997087438,0.00012056790098634562,0.11241354857461613,0.044611205435170206,0.027293242218206466,bgn_gam_oracle_g0235s_s002@c60eee5+dirty
806,500,0.05228082989622197,0.05228082989622197,0.3317571322368417,0.003801323444458149,0.0001170337093984113,0.11033432566987365,0.0447684617475184,0.02700129640218557,bgn_gam_oracle_g0235s_s002@c60eee5+dirty
807,500,0.052246371886910066,0.05224637188691006,0.259517281416927,0.0037740107519455275,0.00011163873928339804,0.10831769589423705,0.04490477050469307,0.02670664638748478,bgn_gam_oracle_g0235s_s002@c60eee5+dirty
808,500,0.05204658499034012,0.05204658499034017,0.18135090871239137,0.0037390082063964466,0.00010748469221127753,0.10631745754507908,0.04498587473793746,0.026174760423340993,bgn_gam_oracle_g0235s_s002@c60eee5+dirty
809,500,0.05194900089787875,0.05194900089787873,0.2377698195203364,0.0037732097261550233,0.00010714434304271931,0.10791431920106158,0.04475183745022847,0.026381276298089455,bgn_gam_oracle_g0235s_s002@c60eee5+dirty
810,500,0.051766785491806286,0.051766785491806154,0.2573707558606861,0.0037877869180458243,0.00010615896600144151,0.10858509573877607,0.044603781621568445,0.026273613097747305,bgn_gam_oracle_g0235s_s002@c60eee5+dirty
811,500,0.051684009934120013,0.05168400993412001,0.28715703860506553,0.0038053685133381332,0.0001051055750339317,0.10946345792757887,0.04443851951882053,0.026390431331178032,bgn_gam_oracle_g0235s_s002@c60eee5+dirty
812,500,0.051615803732309985,0.05161580373231008,0.34878203842810024,0.0038349036069997215,0.0001071328775165756,0.11091591851069235,0.04423624852523057,0.026595967952800312,bgn_gam_oracle_g0235s_s002@c60eee5+dirty
813,500,0.051665047695258634,0.05166504769525871,0.22143893534084214,0.0037786865622508863,0.00010258940515445452,0.10759275323864946,0.04451076149976899,0.02623107439782122,bgn_gam_oracle_g0235s_s002@c60eee5+dirty
814,500,0.051691897052257386,0.051691897052257386,0.3563938317057761,0.003843007591868586,0.00010640632535059016,0.11089984549794411,0.04412916915926029,0.026919670320688673,bgn_gam_oracle_g0235s_s002@c60eee5+dirty
815,500,0.05182306217916265,0.051823062179162695,0.41949881469993366,0.003865991703116264,0.00010912123818148635,0.1121595887648999,0.044006663717275206,0.027368655832905143,bgn_gam_oracle_g0235s_s002@c60eee5+dirty
816,500,0.051840603809663086,0.05184060380966318,0.43471508553894406,0.003869685958190864,0.00011053746494304166,0.11227646928391602,0.04399735753680244,0.027416796551187898,bgn_gam_oracle_g0235s_s002@c60eee5+dirty
817,500,0.051884520163187876,0.05188452016318788,0.4379485984811297,0.0038680809137827407,0.00011117152282048094,0.11210456202194069,0.04405907654062027,0.027400751941361275,bgn_gam_oracle_g0235s_s002@c60eee5+dirty
818,500,0.05193785893409219,0.05193785893409231,0.3861662908405551,0.0038459499188615094,0.00010931229834540704,0.11042379436479458,0.044266266534877606,0.027166870223138233,bgn_gam_oracle_g0235s_s002@c60eee5+dirty
819,500,0.05192790791938964,0.05192790791938977,0.32846141613686225,0.00382466182612317,0.00010724117722251189,0.10916072923879067,0.0443457342469919,0.02701783623793326,bgn_gam_oracle_g0235s_s002@c60eee5+dirty
820,500,0.05207934098174678,0.05207934098174659,0.4427729078634458,0.003868884407851184,0.00011034021563527278,0.1116580241657607,0.04410925165116361,0.02768811434293368,bgn_gam_oracle_g0235s_s002@c60eee5+dirty
821,500,0.05209296238435585,0.05209296238435576,0.4490831872539838,0.003867221773008963,0.00010986380929952006,0.11150958568811044,0.04413219820965726,0.027677171299853566,bgn_gam_oracle_g0235s_s002@c60eee5+dirty
822,500,0.05212465387627642,0.05212465387627631,0.41457997201529745,0.0038500173034957176,0.00010768359371493933,0.11024314753747962,0.04431058219293664,0.027450898845841547,bgn_gam_oracle_g0235s_s002@c60eee5+dirty
823,500,0.052092678182648205,0.05209267818264822,0.3422656209224257,0.0038232678986772997,0.0001032489423203409,0.10829251695616907,0.044527797023452026,0.02703557679205696,bgn_gam_oracle_g0235s_s002@c60eee5+dirty
824,500,0.05201700687105173,0.052017006871051805,0.3676479430654692,0.003834007941216377,0.00010251080709345738,0.10876830573281558,0.044443538176809794,0.027028520458017916,bgn_gam_oracle_g0235s_s002@c60eee5+dirty
825,500,0.05195169095209042,0.05195169095209051,0.5734884522306983,0.003911528143284756,0.00010994405045544927,0.11381468137918642,0.04384826223226878,0.02786230593457234,bgn_gam_oracle_g0235s_s002@c60eee5+dirty
826,500,0.05206482503416371,0.052064825034163736,0.6229892241858155,0.003928865840277295,0.00011166588650594138,0.11496626544375416,0.043757706194213784,0.028213634194462517,bgn_gam_oracle_g0235s_s002@c60eee5+dirty
827,500,0.052109306865401175,0.052109306865401196,0.4072767665577092,0.00384153194618365,0.0001036495794732763,0.10913020806804906,0.04449274779746392,0.02712517751875212,bgn_gam_oracle_g0235s_s002@c60eee5+dirty
828,500,0.05191435013764534,0.051914350137645435,0.10922979220274724,0.0036972227060807924,9.2679558173006e-05,0.10189340589384005,0.04505361453358863,0.025792858850326145,bgn_gam_oracle_g0235s_s002@c60eee5+dirty
829,500,0.05211249750815355,0.05211249750815363,0.1803835373825169,0.0037415513348978,9.418240446673724e-05,0.10370175912041497,0.04489528174616387,0.026459895568007732,bgn_gam_oracle_g0235s_s002@c60eee5+dirty
830,500,0.05179948466954537,0.05179948466954558,-0.014503777006225156,0.0036311915320906456,8.703510923502141e-05,0.0991248262714921,0.0450626634701211,0.025544920689034824,bgn_gam_oracle_g0235s_s002@c60eee5+dirty
831,500,0.05189431038360267,0.051894310383602815,0.049830424160012564,0.003673308820980311,8.992175359539816e-05,0.1008656005142376,0.04489894081382005,0.026021232945169528,bgn_gam_oracle_g0235s_s002@c60eee5+dirty
832,500,0.05173495660988647,0.051734956609886515,0.0986450151524737,0.0037047668233788373,9.024933101661811e-05,0.10215747583528716,0.044791023918293434,0.02588957148694628,bgn_gam_oracle_g0235s_s002@c60eee5+dirty
833,500,0.05162898905558211,0.05162898905558216,0.17655532503525417,0.0037531126861133457,9.208171553488841e-05,0.1042329641350445,0.04456944144892595,0.026059881040253773,bgn_gam_oracle_g0235s_s002@c60eee5+dirty
834,500,0.051617656146699324,0.05161765614669943,0.3364014012015938,0.0038391712142489274,9.592074649439492e-05,0.108316169914173,0.0441325252214841,0.026771302614067103,bgn_gam_oracle_g0235s_s002@c60eee5+dirty
835,500,0.05173969184430213,0.051739691844302126,0.28349232711844885,0.00381688585879406,9.423602947613399e-05,0.10700914692251125,0.04422722422518892,0.026850481363994337,bgn_gam_oracle_g0235s_s002@c60eee5+dirty
836,500,0.05164700776898828,0.05164700776898832,0.30614919565177606,0.0038300432404500834,9.441750260803452e-05,0.10765512203512281,0.04410010716973628,0.026881107847477385,bgn_gam_oracle_g0235s_s002@c60eee5+dirty
837,500,0.05166308367196249,0.05166308367196254,0.22061784452879277,0.003788754233119537,9.198819826030248e-05,0.10550155902058111,0.044259318171095345,0.026649333378640953,bgn_gam_oracle_g0235s_s002@c60eee5+dirty
838,500,0.051499271284472195,0.051499271284472264,0.06742351914060785,0.0037027647267633126,8.619725222803307e-05,0.10179791685736851,0.044435565779759295,0.02603181585414946,bgn_gam_oracle_g0235s_s002@c60eee5+dirty
839,500,0.05132912583904996,0.05132912583904997,-0.008264436966791874,0.00365942762536302,8.327244754565777e-05,0.09997678736486833,0.044467522532680055,0.025638225352130315,bgn_gam_oracle_g0235s_s002@c60eee5+dirty
840,500,0.051427642858898344,0.05142764285889831,0.1374718044900614,0.0037490499553262608,8.80825739751915e-05,0.10343386924058649,0.04421811396197528,0.02625949062088152,bgn_gam_oracle_g0235s_s002@c60eee5+dirty
841,500,0.051408184103311785,0.05140818410331207,0.28139145600411963,0.0038311545176407426,9.15044696406789e-05,0.1071410796288632,0.0438886350217488,0.02676918207057741,bgn_gam_oracle_g0235s_s002@c60eee5+dirty
842,500,0.05155605501079316,0.05155605501079337,0.16488456181704386,0.00376947434957266,8.813167576825684e-05,0.10425193920205954,0.04406473732533357,0.026764262230169634,bgn_gam_oracle_g0235s_s002@c60eee5+dirty
843,500,0.05150698025565869,0.05150698025565865,0.2412269680483093,0.003814773710450723,8.926739613905024e-05,0.10620751819760323,0.043875356666101886,0.02698003136542215,bgn_gam_oracle_g0235s_s002@c60eee5+dirty
844,500,0.05148027233140318,0.051480272331403176,0.2280840192555796,0.00381016335645102,8.862286990524653e-05,0.10609336035834749,0.0438078357981241,0.027038712284427172,bgn_gam_oracle_g0235s_s002@c60eee5+dirty
845,500,0.05140411142484589,0.051404111424845925,0.33270469182519563,0.003865884447266554,9.190710357259546e-05,0.10865954843897381,0.04351769461833842,0.027360426284745845,bgn_gam_oracle_g0235s_s002@c60eee5+dirty
846,500,0.05114188956365813,0.051141889563658116,0.21156467223770373,0.0038036822873505553,8.752527754640506e-05,0.10574572557168772,0.043755583181919716,0.026475305636602362,bgn_gam_oracle_g0235s_s002@c60eee5+dirty
847,500,0.05115701745251974,0.051157017452519715,0.2580040612051328,0.0038324404103525955,8.870563999169266e-05,0.10698996682784076,0.043615970683879395,0.02673364052912328,bgn_gam_oracle_g0235s_s002@c60eee5+dirty
848,500,0.05110498460739787,0.05110498460739786,0.23195327412565855,0.003820334267594805,8.83832138298617e-05,0.10636346742651309,0.04360784637337711,0.02664723599922351,bgn_gam_oracle_g0235s_s002@c60eee5+dirty
849,500,0.0511223240526427,0.0511223240526427,0.1282017202198723,0.003761552228450942,8.405952896626986e-05,0.10378656107776388,0.04378927494856631,0.026381649228626194,bgn_gam_oracle_g0235s_s002@c60eee5+dirty
850,500,0.05114960372120242,0.05114960372120243,0.08042527167548968,0.003735422461670651,8.25324512463643e-05,0.10262126545951131,0.04385359190730878,0.02632763638580695,bgn_gam_oracle_g0235s_s002@c60eee5+dirty
851,500,0.05114633659593517,0.051146336595935045,0.006202645498126702,0.0036904345525971684,8.026683456198872e-05,0.10081014581882547,0.04391153838325943,0.02622450274076195,bgn_gam_oracle_g0235s_s002@c60eee5+dirty
852,500,0.05108874890043944,0.05108874890043935,0.01274224947265525,0.003696740781072147,7.965200939237645e-05,0.10101386615332947,0.04385145895953907,0.026212779542276948,bgn_gam_oracle_g0235s_s002@c60eee5+dirty
853,500,0.050952442168333875,0.05095244216833394,0.17651859116555846,0.0037973981190883017,8.342660058042584e-05,0.10505201992915386,0.043544829397697216,0.026457497909720268,bgn_gam_oracle_g0235s_s002@c60eee5+dirty
854,500,0.05091845241928876,0.050918452419288635,0.34374195240870287,0.003888422458879123,8.843292382712385e-05,0.10908697824860472,0.04317283776187291,0.02699620114687201,bgn_gam_oracle_g0235s_s002@c60eee5+dirty
855,500,0.050918786207710766,0.05091878620771075,0.47334583691583915,0.003946614296219866,9.272035211993421e-05,0.11214652623777277,0.04283554491831585,0.02752887357698279,bgn_gam_oracle_g0235s_s002@c60eee5+dirty
856,500,0.05087418578729936,0.0508741857872995,0.5288411536842778,0.003967955499623044,9.487850130527437e-05,0.11335342304816426,0.04273237620962251,0.02760664418215188,bgn_gam_oracle_g0235s_s002@c60eee5+dirty
857,500,0.05068287837603265,0.05068287837603262,0.6568979109311294,0.004026145585798508,9.913742239105e-05,0.11664292927133121,0.04238986957278098,0.02778224465521703,bgn_gam_oracle_g0235s_s002@c60eee5+dirty
858,500,0.05087661231457618,0.05087661231457627,0.551040455559237,0.003971130079781337,9.696560703738876e-05,0.11379996150440688,0.04275191201512959,0.02758085748591408,bgn_gam_oracle_g0235s_s002@c60eee5+dirty
859,500,0.050985223593035325,0.050985223593035305,0.5678400719941912,0.003974946479422555,9.889225413420702e-05,0.11405586082764332,0.042765446391159104,0.027759856263977714,bgn_gam_oracle_g0235s_s002@c60eee5+dirty
860,500,0.05089509398954762,0.05089509398954761,0.6561295255353156,0.00401270272066581,0.00010217849190565787,0.11627847646044404,0.042539181247340095,0.027941521988088535,bgn_gam_oracle_g0235s_s002@c60eee5+dirty
861,500,0.051030587607728654,0.05103058760772869,0.6337573633410888,0.003997060946743641,0.0001030954610464285,0.11556737722532463,0.042659961087369865,0.028004438784131315,bgn_gam_oracle_g0235s_s002@c60eee5+dirty
862,500,0.051204605455312226,0.05120460545531235,0.5401312780078731,0.003949308386803324,0.00010020959988706482,0.1129304833279576,0.04302476828118818,0.027762941742262365,bgn_gam_oracle_g0235s_s002@c60eee5+dirty
863,500,0.05097642334281972,0.0509764233428197,0.5988899139250797,0.003974201119555526,0.00010104881867667745,0.11449461222643166,0.04287333994909175,0.027576665107224046,bgn_gam_oracle_g0235s_s002@c60eee5+dirty
864,500,0.051074874640914,0.051074874640913925,0.5861617645149722,0.003964192549121537,0.00010047064220338068,0.11404859042965672,0.042970607544564575,0.027607421227562896,bgn_gam_oracle_g0235s_s002@c60eee5+dirty
865,500,0.05108155579314101,0.05108155579314106,0.5748980797406981,0.003954484265839,0.00010091347553802477,0.1136095774515764,0.043050476334648036,0.027495123742359975,bgn_gam_oracle_g0235s_s002@c60eee5+dirty
866,500,0.05119350879675128,0.051193508796751296,0.5013716919730395,0.003918714851258839,9.830856401308574e-05,0.11152724607143,0.04335864594926025,0.027217699468723447,bgn_gam_oracle_g0235s_s002@c60eee5+dirty
867,500,0.05115001601347879,0.05115001601347872,0.5489891344134296,0.003936133650722834,0.00010023190753081933,0.11262378619733565,0.04324158167309324,0.027321964654620702,bgn_gam_oracle_g0235s_s002@c60eee5+dirty
868,500,0.05114329348644049,0.05114329348644054,0.5108184330109243,0.003915729726521503,9.883576400179283e-05,0.11150798781478656,0.043411966113310704,0.02703770823899373,bgn_gam_oracle_g0235s_s002@c60eee5+dirty
869,500,0.05133391175719501,0.051333911757194955,0.4306305495733787,0.0038785464246253614,9.684310212744446e-05,0.10923442813658667,0.043714064082311085,0.026911913675974147,bgn_gam_oracle_g0235s_s002@c60eee5+dirty
870,500,0.05146177487259441,0.05146177487259436,0.401988200627473,0.003864666252620689,9.617126264433338e-05,0.10823103328535322,0.043874774620151887,0.026894579845546298,bgn_gam_oracle_g0235s_s002@c60eee5+dirty
871,500,0.05147634935806519,0.051476349358064985,0.4618489932509286,0.0038870850067401143,9.781426592221201e-05,0.1094313431302205,0.043770075529860696,0.027092342669910785,bgn_gam_oracle_g0235s_s002@c60eee5+dirty
872,500,0.051268579922676145,0.05126857992267624,0.6129343506924143,0.003948956947866388,0.00010267515606578814,0.11313040858272942,0.04332060013037707,0.02741884190901953,bgn_gam_oracle_g0235s_s002@c60eee5+dirty
873,500,0.05117322787671248,0.051173227876712545,0.7201541598380448,0.003998221934836136,0.00010685644420640395,0.11601298060573655,0.043033579712231415,0.027691339232203422,bgn_gam_oracle_g0235s_s002@c60eee5+dirty
874,500,0.051585705748532364,0.05158570574853231,0.46781070066240155,0.0038804271865790934,9.98385385825481e-05,0.10930489526038832,0.04387379581760707,0.027132546473360896,bgn_gam_oracle_g0235s_s002@c60eee5+dirty
875,500,0.051528893631634994,0.051528893631635035,0.5298681953042762,0.0039033012698860736,0.00010179516012397709,0.11066813745927086,0.04373850782227095,0.027242793769756732,bgn_gam_oracle_g0235s_s002@c60eee5+dirty
876,500,0.051631111511584254,0.0516311115115843,0.5463257595748364,0.003907778536899778,0.00010271407646357051,0.110956793858829,0.04374433954181653,0.0274263456182539,bgn_gam_oracle_g0235s_s002@c60eee5+dirty
877,500,0.051750792046150795,0.05175079204615074,0.5884600126990969,0.00392176118148801,0.00010506084482359419,0.11186562892467396,0.04366822629791704,0.02777103688013559,bgn_gam_oracle_g0235s_s002@c60eee5+dirty
878,500,0.05172088071035887,0.05172088071035877,0.7394126444682785,0.003989183360815323,0.00010992570406207675,0.11576028272109534,0.04325701205660583,0.02835278486127651,bgn_gam_oracle_g0235s_s002@c60eee5+dirty
879,500,0.05157250991644163,0.05157250991644164,0.8890134121486184,0.004063419679533103,0.0001157616283229117,0.11984235186076451,0.04287253128966635,0.028664783967405898,bgn_gam_oracle_g0235s_s002@c60eee5+dirty
880,500,0.051522517891961835,0.051522517891961814,0.9291852094721662,0.004083339012916351,0.00011761154426086714,0.12104453502020374,0.04278592281332521,0.028704262034403617,bgn_gam_oracle_g0235s_s002@c60eee5+dirty
881,500,0.051590809538585095,0.051590809538585164,0.8768931297537162,0.00405149624103888,0.00011608541186561611,0.11956981607498153,0.04295902506401385,0.028568055488534617,bgn_gam_oracle_g0235s_s002@c60eee5+dirty
882,500,0.051808499844668184,0.05180849984466826,0.8053266928131498,0.004010559104183747,0.0001149596326178241,0.11757407052856504,0.04320306475030604,0.02859398279946057,bgn_gam_oracle_g0235s_s002@c60eee5+dirty
883,500,0.05191417957534107,0.051914179575341085,0.8166944542730199,0.004014137684988092,0.00011668863835249768,0.11795190899922448,0.04317765232510474,0.028823122326929428,bgn_gam_oracle_g0235s_s002@c60eee5+dirty
884,500,0.05201434588285588,0.05201434588285589,0.8503439235034571,0.004028608211339608,0.0001196089580664489,0.11887966134821189,0.0431171075581385,0.029093078445590496,bgn_gam_oracle_g0235s_s002@c60eee5+dirty
885,500,0.05216335441801625,0.05216335441801621,0.7281520876956862,0.003963163160320721,0.0001163443205958688,0.11555367793680901,0.043512578149252044,0.028769273312769104,bgn_gam_oracle_g0235s_s002@c60eee5+dirty
886,500,0.05208891611979546,0.05208891611979544,0.8723815559073771,0.00403196698761253,0.00012193272217023098,0.11946926713780605,0.04313051079095391,0.029206407198532576,bgn_gam_oracle_g0235s_s002@c60eee5+dirty
887,500,0.05195996515078737,0.05195996515078735,1.022817405581608,0.004113023188542151,0.000126949699899071,0.12378453797690858,0.04276685112937559,0.029509903811243847,bgn_gam_oracle_g0235s_s002@c60eee5+dirty
888,500,0.05185046836972955,0.051850468369729556,1.067934132630778,0.004136279790757488,0.00012963021578183185,0.1251571523177616,0.04267718986998563,0.02944704628585897,bgn_gam_oracle_g0235s_s002@c60eee5+dirty
889,500,0.051804373666642575,0.05180437366664265,1.223819751986041,0.004230424646619987,0.00013719881260259402,0.12995767221496693,0.04231967761217043,0.02987872182331586,bgn_gam_oracle_g0235s_s002@c60eee5+dirty
890,500,0.05169915182461474,0.051699151824614736,1.287973360968865,0.0042694173937214445,0.00013953474519229022,0.13204030880407763,0.04218673118217105,0.02988447776936721,bgn_gam_oracle_g0235s_s002@c60eee5+dirty
891,500,0.051761107783486436,0.05176110778348647,1.196466911263708,0.0042074357323930636,0.00013549119773651803,0.1292538795956721,0.04241533389626143,0.029667351237384783,bgn_gam_oracle_g0235s_s002@c60eee5+dirty
892,500,0.051781465442464134,0.05178146544246405,1.232484520071353,0.0042276208315562515,0.0001385229866418583,0.13040100640567776,0.0423465108595953,0.029800892291796978,bgn_gam_oracle_g0235s_s002@c60eee5+dirty
893,500,0.05165159953875818,0.05165159953875814,1.4256841592025449,0.0043531173407965066,0.00014690272936640025,0.13660557270302168,0.041944371670590674,0.030142286244934955,bgn_gam_oracle_g0235s_s002@c60eee5+dirty
894,500,0.051612965141044714,0.05161296514104474,1.3176545973342828,0.004276441260839668,0.0001420014952261212,0.1332751639132893,0.04219774944190311,0.029719490451369828,bgn_gam_oracle_g0235s_s002@c60eee5+dirty
895,500,0.051873956204986305,0.05187395620498623,1.1290582613220006,0.004154698536985563,0.0001348763064791555,0.12752340011259267,0.04268261969328654,0.029480524223207183,bgn_gam_oracle_g0235s_s002@c60eee5+dirty
896,500,0.05177171878812647,0.051771718788126406,1.1912490604482657,0.004189052702469611,0.00013830629684186222,0.12950110056624312,0.04255712759492204,0.029482227818575242,bgn_gam_oracle_g0235s_s002@c60eee5+dirty
897,500,0.052211963071344555,0.05221196307134454,0.9615044428206088,0.004051128446268631,0.00012963732072179812,0.12259641122352627,0.04320519285258511,0.02931553169114243,bgn_gam_oracle_g0235s_s002@c60eee5+dirty
898,500,0.05239274307313269,0.052392743073132624,0.8435871322047341,0.003985425934702184,0.0001258141142097202,0.11912950743900283,0.04359649357306551,0.029057619910463267,bgn_gam_oracle_g0235s_s002@c60eee5+dirty
