month,n,sr_max,sr_max_code,rf,mean_mu,sd_mu,mean_idio_sd,sr_ew,sr_orth,prov
414,482,0.3295395973112355,0.33438720441406766,0.3873960115520965,0.005352118534189882,0.0018509973853931836,0.06647047883912399,0.14161358240120858,0.29755997626620984,bgn_gam_oracle_bgnbase_s005@de109da+dirty
415,481,0.32611617088327693,0.33097716875013816,0.30999527497663687,0.005282166013857692,0.0017783060746055554,0.06612958426782836,0.13906836292073557,0.2949775370195454,bgn_gam_oracle_bgnbase_s005@de109da+dirty
416,482,0.3267238746936201,0.33155143306395884,0.3290467483990841,0.005289473851068826,0.0018056871100622508,0.06653011908572676,0.13899324195055413,0.2956845768498707,bgn_gam_oracle_bgnbase_s005@de109da+dirty
417,482,0.3275748438160032,0.33257558460061304,0.37629902287415573,0.005327894169368895,0.001840482777245377,0.066778672951861,0.1406370277857671,0.29584878691092226,bgn_gam_oracle_bgnbase_s005@de109da+dirty
418,482,0.32595553502377494,0.3305663066023626,0.3100753587443579,0.005261507819156978,0.001788741509235708,0.06655903917750748,0.13814925558485147,0.2952317631861226,bgn_gam_oracle_bgnbase_s005@de109da+dirty
419,483,0.3253123584432598,0.32990817774013886,0.29351329906187335,0.005229046328974442,0.0017660591703649456,0.06650873972864826,0.13722687177698162,0.29495239652903277,bgn_gam_oracle_bgnbase_s005@de109da+dirty
420,482,0.32769967459207955,0.33261681149423616,0.391130109362187,0.005319341450909826,0.0018494462488158356,0.06705367871209526,0.14046218679672726,0.29607000997743105,bgn_gam_oracle_bgnbase_s005@de109da+dirty
421,481,0.3289647800317507,0.3337187363832978,0.3866521330904469,0.00527429704526382,0.0018711479082858216,0.06715303184097968,0.1391254922162718,0.2980971719371357,bgn_gam_oracle_bgnbase_s005@de109da+dirty
422,481,0.32823857569124926,0.3327395945668687,0.35597738587542815,0.005241404992182784,0.0018542215406502141,0.0670321436363753,0.1379171152282735,0.2978580734157312,bgn_gam_oracle_bgnbase_s005@de109da+dirty
423,482,0.32989546138394654,0.33408641227116626,0.3851049145878271,0.0052345386995313785,0.0018932791480865217,0.06719434797199764,0.13813827489386576,0.29958109494938717,bgn_gam_oracle_bgnbase_s005@de109da+dirty
424,482,0.33106719718211997,0.3352601158331305,0.42494358553522965,0.005262802082520786,0.0019365720931557274,0.06751406235625111,0.13941649832883782,0.30028075037163116,bgn_gam_oracle_bgnbase_s005@de109da+dirty
425,482,0.331523833392725,0.3358040795517381,0.46859993440300585,0.005296711350611285,0.00196688238319603,0.0678985589880006,0.14058716467945884,0.3002387403963686,bgn_gam_oracle_bgnbase_s005@de109da+dirty
426,479,0.33217351531102657,0.33681656123621256,0.4769493852326871,0.005283161811961865,0.0019826733621064224,0.06787872156843683,0.14044124470523137,0.3010240871753125,bgn_gam_oracle_bgnbase_s005@de109da+dirty
427,479,0.3361889455393445,0.34060442054788426,0.6077043331870741,0.005395311415823923,0.002124715359293677,0.06889425343299427,0.14464210251962245,0.3034825683322839,bgn_gam_oracle_bgnbase_s005@de109da+dirty
428,479,0.3333656383454623,0.3375998324569015,0.4649057292700226,0.005264671309012956,0.0020163545188683096,0.06811277396576836,0.13975968261562982,0.30265472067135507,bgn_gam_oracle_bgnbase_s005@de109da+dirty
429,479,0.33324349893438393,0.3374179006367357,0.456477088788253,0.005229656208254641,0.0020091404346746582,0.0681799193306348,0.13851753824086016,0.30309094539712433,bgn_gam_oracle_bgnbase_s005@de109da+dirty
430,479,0.3334636616245142,0.33760097209408507,0.4824883853831208,0.005246769537504379,0.0020245308970966488,0.06833349095721213,0.1394258011755354,0.3029165885034832,bgn_gam_oracle_bgnbase_s005@de109da+dirty
431,477,0.3330925616284614,0.33745038149595724,0.4096703389319007,0.005142376723159218,0.0019817260561976547,0.06823049021913201,0.13608294685586064,0.30402645639357667,bgn_gam_oracle_bgnbase_s005@de109da+dirty
432,477,0.33055995517800996,0.33486332618458975,0.3456472340030926,0.005082855309808197,0.0019266927084096081,0.06800502900555014,0.1334389447078402,0.30243004480796204,bgn_gam_oracle_bgnbase_s005@de109da+dirty
433,477,0.3292109121131702,0.3335272465430735,0.27654318911475684,0.005007511181430552,0.0018978361601569302,0.06772568030563471,0.13074246543501547,0.3021361156604077,bgn_gam_oracle_bgnbase_s005@de109da+dirty
434,477,0.329611539988267,0.3339444438609906,0.29704123559406276,0.0050259337162436015,0.0019254281515470176,0.06789989120104938,0.13139998088996155,0.3022876317608027,bgn_gam_oracle_bgnbase_s005@de109da+dirty
435,477,0.3289446918016567,0.33326458675008236,0.2829062911022103,0.004999151569626842,0.00192202860347066,0.06801838101054036,0.13048000131060725,0.30195956603901597,bgn_gam_oracle_bgnbase_s005@de109da+dirty
436,478,0.32891068539510165,0.3332435851357165,0.283703308768427,0.004985808252226915,0.001915703472981234,0.06810311876496576,0.1300255346065616,0.3021185186600672,bgn_gam_oracle_bgnbase_s005@de109da+dirty
437,478,0.3311654419407237,0.33567480947544265,0.3853656164944495,0.0050338470606607205,0.002003395177214449,0.06870091316066927,0.13263611074109555,0.3034439191403754,bgn_gam_oracle_bgnbase_s005@de109da+dirty
438,478,0.329097379058462,0.33336111823264464,0.3069918994764007,0.004952253006257936,0.0019340259259201856,0.06817423082679358,0.12987590032202273,0.30238607014658103,bgn_gam_oracle_bgnbase_s005@de109da+dirty
439,478,0.32957736897000195,0.333783229673497,0.31669260577255803,0.004946371169694477,0.0019402822051733768,0.06829614158495294,0.12956180563717584,0.30304286933901525,bgn_gam_oracle_bgnbase_s005@de109da+dirty
440,477,0.33071689812375354,0.3348638800793873,0.34123947459918713,0.0049437631610332175,0.0019817104639102898,0.06836441866449391,0.12994904706775348,0.3041166090018432,bgn_gam_oracle_bgnbase_s005@de109da+dirty
441,475,0.32689001144055846,0.33113133578264786,0.17371093894549622,0.004810975623670721,0.0018506476267730468,0.0674745968078475,0.12421883854522556,0.30236858257775995,bgn_gam_oracle_bgnbase_s005@de109da+dirty
442,472,0.32667552692829804,0.33142504790615335,0.17079945728536747,0.004793562790107075,0.0018520615406956648,0.067369465588033,0.12383545480206742,0.3022940290972455,bgn_gam_oracle_bgnbase_s005@de109da+dirty
443,473,0.3231822064289345,0.32716860176513346,0.03132066376567747,0.0047172838235185225,0.0017265747801364553,0.06694993506164941,0.11948992791031139,0.30028136086054863,bgn_gam_oracle_bgnbase_s005@de109da+dirty
444,472,0.32117425515499826,0.3253132104281831,-0.0514339755033388,0.004698547529553661,0.001666658246228468,0.06673286704077049,0.11760557242236502,0.2988675818980302,bgn_gam_oracle_bgnbase_s005@de109da+dirty
445,472,0.31842544065313716,0.3224437900068452,-0.13468116660499188,0.0046961984739549295,0.0015945204709393514,0.0661800725996215,0.11578854843171757,0.29662733068148045,bgn_gam_oracle_bgnbase_s005@de109da+dirty
446,474,0.3202598160996291,0.3242648116965392,-0.05582890795616183,0.004727014048266869,0.0016393726012781738,0.0662881618842479,0.11796649252000445,0.2977419292788572,bgn_gam_oracle_bgnbase_s005@de109da+dirty
447,475,0.3186421815688826,0.32265449607840624,-0.09284094593721613,0.004724331859670246,0.0015977597280653608,0.06616850486216735,0.11741968372016987,0.29621859791382443,bgn_gam_oracle_bgnbase_s005@de109da+dirty
448,477,0.31716696516021103,0.32098832635716773,-0.1409995531558945,0.004722703660808872,0.00155781275242878,0.06614059911154166,0.11598086020042078,0.2952004807857009,bgn_gam_oracle_bgnbase_s005@de109da+dirty
449,478,0.31896417369444907,0.32275745967787656,-0.08339621806876543,0.0047446443765100845,0.00160194515140824,0.06613124416381623,0.1178393684943018,0.29639842667167926,bgn_gam_oracle_bgnbase_s005@de109da+dirty
450,478,0.32034087720222376,0.3234723274115342,-0.10464733582978818,0.004725900845833004,0.0016131514525229262,0.0660258535754691,0.11713122838399219,0.2981586036725207,bgn_gam_oracle_bgnbase_s005@de109da+dirty
451,481,0.31594242101250164,0.31901330785691817,-0.22975363913682675,0.004703840393566617,0.001514075062422631,0.06605832044945582,0.11337953934403969,0.2948977677999177,bgn_gam_oracle_bgnbase_s005@de109da+dirty
452,481,0.3190905222816652,0.32235583212713337,-0.12406774832115185,0.004752342921973937,0.001581919540675634,0.06602616586194986,0.11728662301756208,0.2967534489624714,bgn_gam_oracle_bgnbase_s005@de109da+dirty
453,481,0.32125582278389003,0.32425708693865535,-0.07027941875818942,0.0047580150327591044,0.001617319119846863,0.06605921666048321,0.11852209706373693,0.2985930611721717,bgn_gam_oracle_bgnbase_s005@de109da+dirty
454,482,0.3205673775044211,0.32379106222662757,-0.09374228750597031,0.0047686967019271494,0.001585431372736878,0.06602135495279428,0.11848112650691445,0.29786853842209415,bgn_gam_oracle_bgnbase_s005@de109da+dirty
455,483,0.3161858887594501,0.3187735210965595,-0.2199175096136465,0.004759438484918727,0.001482080194315741,0.06588365381778584,0.11523658206419525,0.2944385273784077,bgn_gam_oracle_bgnbase_s005@de109da+dirty
456,486,0.3153501097476219,0.3180787783416852,-0.2526510542398362,0.004787220282069214,0.001472792365727785,0.065809421892793,0.11510582526374918,0.2935921332532403,bgn_gam_oracle_bgnbase_s005@de109da+dirty
457,485,0.3130911395132109,0.315742855955295,-0.3177705543524509,0.0048350870957819215,0.0014384786227802004,0.0657705312710419,0.11447469772962549,0.2914131177922363,bgn_gam_oracle_bgnbase_s005@de109da+dirty
458,487,0.31680277924799294,0.319458587499179,-0.18143865181316576,0.004890105703866482,0.0015236851729342209,0.06556081766091577,0.11941498439385757,0.2934349373225133,bgn_gam_oracle_bgnbase_s005@de109da+dirty
459,488,0.3158443790936803,0.31855334838556776,-0.21825780925674956,0.004900244581335586,0.0015134211459321676,0.06559820992023366,0.11875052946179264,0.2926704350589864,bgn_gam_oracle_bgnbase_s005@de109da+dirty
460,488,0.3176228863479449,0.3204283119656773,-0.15056362148921051,0.004929887603766694,0.0015509756457037732,0.0654237523876918,0.12153557180932717,0.2934508523023564,bgn_gam_oracle_bgnbase_s005@de109da+dirty
461,488,0.3202536553570376,0.32297705081139794,-0.05518043586692885,0.004953405564073501,0.0016183011019321575,0.06562037005168272,0.12380742634685474,0.29535423638558556,bgn_gam_oracle_bgnbase_s005@de109da+dirty
462,486,0.3217111008165543,0.3247748395762767,-0.030054942192139025,0.004956002649286552,0.0016449532010532405,0.06548475845753489,0.12468457510554647,0.29656666892850336,bgn_gam_oracle_bgnbase_s005@de109da+dirty
463,487,0.32155315759115,0.3246896385665079,-0.021108605225410797,0.004938300081159519,0.0016312528770784163,0.06535708096606355,0.12499640345522724,0.29626395710598513,bgn_gam_oracle_bgnbase_s005@de109da+dirty
464,485,0.32405843843724613,0.3274728787363508,0.08694683192404998,0.005008085996310355,0.0017097210344255828,0.06575811845129347,0.12822776016569135,0.29760966557771,bgn_gam_oracle_bgnbase_s005@de109da+dirty
465,486,0.32437334226146625,0.32798807346208075,0.12534205409461283,0.005039133356196642,0.0017331482169799378,0.06589173406600138,0.1296719567773112,0.29732683833690066,bgn_gam_oracle_bgnbase_s005@de109da+dirty
466,486,0.3200469705913911,0.3233741105147801,-0.005012569128760375,0.004969763385909962,0.0016228508662505991,0.06551635922085361,0.1256416212903299,0.29435394745826676,bgn_gam_oracle_bgnbase_s005@de109da+dirty
467,487,0.32183854228108016,0.32515919442972085,0.0636040065905102,0.005016043919205814,0.0016530043167633688,0.06565101200048581,0.12810143002107943,0.29524578053575146,bgn_gam_oracle_bgnbase_s005@de109da+dirty
468,487,0.3172877903386342,0.3203452511285725,-0.09320417461738845,0.00491697366129025,0.0015377736726969052,0.06531031062811694,0.12273393785290639,0.29258831555120585,bgn_gam_oracle_bgnbase_s005@de109da+dirty
469,487,0.3149739890065679,0.31808812114779905,-0.15080369677022257,0.004903922008082956,0.0014664349531903857,0.06505514593025334,0.12130394008209293,0.29067846131295927,bgn_gam_oracle_bgnbase_s005@de109da+dirty
470,488,0.31711055463883425,0.3202517017602823,-0.0878846886705758,0.004940791432826401,0.0014995625355885666,0.06473374851574465,0.12328549601355623,0.2921639785052916,bgn_gam_oracle_bgnbase_s005@de109da+dirty
471,488,0.31195479189714515,0.31489987234113725,-0.24916110209209782,0.004898394220656482,0.001398247748532319,0.06468985467068972,0.11864121442514224,0.28851352555351467,bgn_gam_oracle_bgnbase_s005@de109da+dirty
472,488,0.3157559488680898,0.31849078794527963,-0.14763562271349623,0.004936137431882782,0.001477579782079731,0.06459527116085312,0.12199661975148933,0.2912364057167274,bgn_gam_oracle_bgnbase_s005@de109da+dirty
473,489,0.31986322784234517,0.32248850847677357,0.00289966983127847,0.005005276816479361,0.001570837061937599,0.06465860892276004,0.12688990464048475,0.2936178411235474,bgn_gam_oracle_bgnbase_s005@de109da+dirty
474,490,0.31968756353541083,0.3221021317556925,-0.007305582702032295,0.004990894367591606,0.001562639853075919,0.06467355924898983,0.12656968711683095,0.29356473320607646,bgn_gam_oracle_bgnbase_s005@de109da+dirty
475,491,0.3150005612005731,0.31728215942100013,-0.17657954778918325,0.00493152322244954,0.001441559587331002,0.06461875575723568,0.12107489840674361,0.2908027209853318,bgn_gam_oracle_bgnbase_s005@de109da+dirty
476,491,0.3183435425706497,0.32050874653698713,-0.057010325059740616,0.004989825741895547,0.0015199146358526434,0.06470548663077591,0.12499357827854408,0.29277844265853403,bgn_gam_oracle_bgnbase_s005@de109da+dirty
477,491,0.31700211783580745,0.31927497573071983,-0.12844567407390864,0.004951725281573057,0.0014757679593360548,0.0647016861811144,0.12248214797949115,0.29238410719243474,bgn_gam_oracle_bgnbase_s005@de109da+dirty
478,490,0.3130374227336137,0.31547432850649715,-0.26140034251124294,0.004929078585177836,0.0013964398470435399,0.06467849849090108,0.11885997772198935,0.2895940844140836,bgn_gam_oracle_bgnbase_s005@de109da+dirty
479,490,0.31074842879851405,0.3127725470599193,-0.3315768115541599,0.004938328615253105,0.0013590351885191785,0.0645856251444449,0.11748115255679399,0.28768518348130556,bgn_gam_oracle_bgnbase_s005@de109da+dirty
480,491,0.31001470149085747,0.31154429181580734,-0.3669894686521548,0.004976723277704613,0.001362887843812491,0.06458172773009839,0.11775216341296636,0.28678135077447336,bgn_gam_oracle_bgnbase_s005@de109da+dirty
481,494,0.3074260685706121,0.30869646587874583,-0.416967085996658,0.005029940385312215,0.001352330119281039,0.06495559684560365,0.11709808941485936,0.28425134140786795,bgn_gam_oracle_bgnbase_s005@de109da+dirty
482,495,0.3126412371048005,0.3137461997272395,-0.2665406578049793,0.005078079571726966,0.0014538175133786248,0.06456941819987896,0.12285833583972082,0.28748977799760894,bgn_gam_oracle_bgnbase_s005@de109da+dirty
483,495,0.30928574230736666,0.31038838983224293,-0.34315220017142545,0.005075588922940646,0.0013919365452733537,0.06442799603193823,0.12079584718528437,0.2847209751623653,bgn_gam_oracle_bgnbase_s005@de109da+dirty
484,495,0.30392412499374605,0.30532901949929675,-0.48283221511481283,0.005099518600402747,0.0013020608921386323,0.06456667029780565,0.11763053092812989,0.2802372779392143,bgn_gam_oracle_bgnbase_s005@de109da+dirty
485,495,0.29754299495900327,0.29910483243430347,-0.6035134064977284,0.005178906374419396,0.0012036143073578393,0.06507402059530282,0.115383338799429,0.2742599478171569,bgn_gam_oracle_bgnbase_s005@de109da+dirty
486,495,0.2947850779887836,0.29659001094164456,-0.6236839470449399,0.0053049266460221895,0.001184824592328883,0.06494275210412467,0.11824360179849314,0.2700309108946097,bgn_gam_oracle_bgnbase_s005@de109da+dirty
487,493,0.3006736243125815,0.30285808693907046,-0.4635842940317781,0.0053793935672404244,0.0012789701898940574,0.06407860852906987,0.1257673401702578,0.27310658085033773,bgn_gam_oracle_bgnbase_s005@de109da+dirty
488,494,0.29685320894902456,0.2989541336381934,-0.5592226292816069,0.005434525868150957,0.0012341660927508314,0.06435815696427392,0.12374467089844975,0.269831584673788,bgn_gam_oracle_bgnbase_s005@de109da+dirty
489,494,0.29423421840919883,0.29626845658686657,-0.5745675609468726,0.005523631364298362,0.0012274120173579863,0.06426721067528787,0.12553895427278264,0.26610852343164115,bgn_gam_oracle_bgnbase_s005@de109da+dirty
490,494,0.2958392849384039,0.298186788660517,-0.48768493366040716,0.0056159524804811935,0.0012806720259550062,0.06398788564383813,0.13054598522139216,0.2654781125732255,bgn_gam_oracle_bgnbase_s005@de109da+dirty
491,494,0.2942843879660015,0.2964365252153193,-0.5038248341786198,0.0056864998041970555,0.0012837390634246387,0.06386626850602256,0.131919646006474,0.263059894316961,bgn_gam_oracle_bgnbase_s005@de109da+dirty
492,495,0.29455561489028936,0.29642377474277914,-0.48576922523424426,0.005746585067039463,0.001285120713647246,0.06366831439835355,0.13401425191237204,0.2623036228262273,bgn_gam_oracle_bgnbase_s005@de109da+dirty
493,496,0.295061421714908,0.2968012917346059,-0.49713028503798873,0.005767119343432029,0.0012773477215158933,0.06346017065725779,0.134509561146259,0.2626183933860376,bgn_gam_oracle_bgnbase_s005@de109da+dirty
494,496,0.2968235354499771,0.29859318269524865,-0.4370641986727741,0.005817860834947266,0.0013137232332292269,0.06332330518112357,0.13771741656643868,0.26294129453414083,bgn_gam_oracle_bgnbase_s005@de109da+dirty
495,496,0.29466457377341776,0.29647055394736826,-0.505660621710512,0.005817246881910785,0.0012737923476016679,0.0630574315591224,0.13574609492517592,0.26153433569922535,bgn_gam_oracle_bgnbase_s005@de109da+dirty
496,496,0.29849712368277803,0.30037645907737465,-0.3567663238409366,0.005950445949167343,0.0013563112663579201,0.06302925576845733,0.14273378327915578,0.26215949335797606,bgn_gam_oracle_bgnbase_s005@de109da+dirty
497,496,0.29390931162741757,0.2957869483849308,-0.48957966784414064,0.005870517851048812,0.0012687558164118755,0.06265864619116622,0.13769063298461937,0.259661265978577,bgn_gam_oracle_bgnbase_s005@de109da+dirty
498,496,0.2975159815814049,0.29857812924942195,-0.4155867876256619,0.005956833998057237,0.001325318291276931,0.06237672986818951,0.14201590157780858,0.26143305643202247,bgn_gam_oracle_bgnbase_s005@de109da+dirty
499,498,0.3001279414647799,0.3011153660601059,-0.3339261044845182,0.006044336021156184,0.001364944992695387,0.062416127511036354,0.14602619840796752,0.2622081818448907,bgn_gam_oracle_bgnbase_s005@de109da+dirty
500,497,0.2997566992280246,0.3008489085350592,-0.3388106612090145,0.00604761962991108,0.0013524467997592425,0.06211250321693923,0.14635898582599752,0.26159725916007964,bgn_gam_oracle_bgnbase_s005@de109da+dirty
501,498,0.29902184263586723,0.300012157875131,-0.37464146887177996,0.006019314208461935,0.0013303406509671957,0.06207053109538107,0.1446608100382615,0.2617008070534429,bgn_gam_oracle_bgnbase_s005@de109da+dirty
502,498,0.30100679187346124,0.3020682775042828,-0.27927280872508425,0.00611274031608323,0.0013798522026806357,0.062049356444693164,0.14950314115729726,0.261254472761816,bgn_gam_oracle_bgnbase_s005@de109da+dirty
503,496,0.29860523214067924,0.30051338943718214,-0.36557929333557054,0.006040755421798292,0.0013258246692707794,0.061610892155010984,0.14623768249167546,0.26034520329987426,bgn_gam_oracle_bgnbase_s005@de109da+dirty
504,496,0.29894005703768134,0.3008869394931666,-0.37776039161308816,0.006038479055474261,0.0013046419981141075,0.061443885656520834,0.14595366480971625,0.26088826234674717,bgn_gam_oracle_bgnbase_s005@de109da+dirty
505,496,0.29537384620069695,0.29745961527525416,-0.44016087026069844,0.0060195724635215605,0.0012490027070737953,0.06125708631609925,0.1440842098992378,0.2578477253673287,bgn_gam_oracle_bgnbase_s005@de109da+dirty
506,496,0.29647949312078725,0.2986554137738155,-0.3856157717788523,0.006104794680200664,0.0012794641722628948,0.061262646771442004,0.14720510447392307,0.2573533505862714,bgn_gam_oracle_bgnbase_s005@de109da+dirty
507,496,0.29397098367909485,0.2962365831053068,-0.45281907718866116,0.0060793235428927474,0.001227229110753627,0.060846680892476614,0.14553177319850208,0.2554201288758472,bgn_gam_oracle_bgnbase_s005@de109da+dirty
508,496,0.2911816351008228,0.29309784766349983,-0.5110345829366247,0.006053329479540043,0.0011804669784812863,0.0607235841592193,0.1434232674493961,0.2534097689003479,bgn_gam_oracle_bgnbase_s005@de109da+dirty
509,497,0.2940135064877643,0.2953802973261124,-0.43510164840090376,0.006142913280211533,0.0012400893618340792,0.06066479758047812,0.14750608634411636,0.25433422201637107,bgn_gam_oracle_bgnbase_s005@de109da+dirty
510,498,0.29444828669465317,0.2956971563276942,-0.41141266285336475,0.006176957602804361,0.0012720439038509455,0.06077017743332631,0.14854654967951078,0.2542316190321914,bgn_gam_oracle_bgnbase_s005@de109da+dirty
511,498,0.2945760646992301,0.2958682569837883,-0.385277882548932,0.006226132677256143,0.0012761629931717876,0.060728277378525895,0.15017415308605334,0.253422141176677,bgn_gam_oracle_bgnbase_s005@de109da+dirty
512,498,0.2971140533191496,0.2985212466354455,-0.26817266453366007,0.0063739193536983645,0.0013489980129942746,0.060993237005261755,0.15587387481950724,0.25294287068128063,bgn_gam_oracle_bgnbase_s005@de109da+dirty
513,498,0.29107105329964883,0.29185729999345295,-0.438105479440382,0.006213074835455604,0.0012326814209389233,0.060444261742258976,0.14905332455305867,0.25001092877841874,bgn_gam_oracle_bgnbase_s005@de109da+dirty
514,499,0.28992259714387736,0.2906759309492206,-0.4516420207255886,0.006231797664015884,0.0012271774356401985,0.0605019235064253,0.14910946992739532,0.24863925336242101,bgn_gam_oracle_bgnbase_s005@de109da+dirty
515,499,0.2901703078052871,0.2909167218536171,-0.4451887140388618,0.006261934886224154,0.0012369762711029531,0.06036944500383157,0.1497661761534555,0.2485334987726749,bgn_gam_oracle_bgnbase_s005@de109da+dirty
516,499,0.2938111109130332,0.2946004711435807,-0.3149141646761,0.0064005536835610366,0.0013177720020458037,0.06050786530087728,0.1557635171456246,0.24912385598809159,bgn_gam_oracle_bgnbase_s005@de109da+dirty
517,499,0.2910561682197707,0.2918378147679956,-0.39850900727017957,0.0063277681022896985,0.0012607938677625212,0.06018809559151139,0.15257054183155794,0.24786270962772977,bgn_gam_oracle_bgnbase_s005@de109da+dirty
518,499,0.29103465797118583,0.2918455843137872,-0.36765960561026256,0.00637830984518125,0.0012774333501836793,0.06020590888786932,0.15439028556071482,0.2467079485239299,bgn_gam_oracle_bgnbase_s005@de109da+dirty
519,499,0.29076652572700756,0.2916154993821774,-0.3310872949023916,0.006441248274991727,0.0013056364334219281,0.06026828007428461,0.15644070104378313,0.2450948378491155,bgn_gam_oracle_bgnbase_s005@de109da+dirty
520,499,0.2886598887257219,0.28952570042587156,-0.40439630085439054,0.006369391122496376,0.0012473329766694292,0.06001444477579531,0.1535444181412147,0.24443535549674883,bgn_gam_oracle_bgnbase_s005@de109da+dirty
521,499,0.2861720298138807,0.28707964037297246,-0.4328962605248217,0.006364596257948446,0.0012244795510644938,0.059844047163213905,0.15297119892683292,0.24185583091313703,bgn_gam_oracle_bgnbase_s005@de109da+dirty
522,499,0.28620624140718687,0.28714443606150014,-0.41929076374102064,0.006416860600488392,0.0012076670937636632,0.05975610250973902,0.15456488720978145,0.24088110814726932,bgn_gam_oracle_bgnbase_s005@de109da+dirty
523,499,0.2859889798028531,0.28692382930682553,-0.435942468420345,0.006413079209586038,0.0011864035267902802,0.05956245066699347,0.15438164300451857,0.24074053433500162,bgn_gam_oracle_bgnbase_s005@de109da+dirty
524,499,0.28728323342209366,0.2874035112706,-0.3867775037396204,0.006475332959706019,0.0012135006381787802,0.05966569290097004,0.15653623710585846,0.24089014649460366,bgn_gam_oracle_bgnbase_s005@de109da+dirty
525,500,0.2885785209043817,0.28857852090438196,-0.3013705930638452,0.006596382135812273,0.001259070196370793,0.059871892668105095,0.16074931742374213,0.23966063438779772,bgn_gam_oracle_bgnbase_s005@de109da+dirty
526,500,0.2884039063302489,0.2884039063302471,-0.3185601021065607,0.006577698512721153,0.0012325058792102231,0.05960469590841806,0.16027096842553365,0.23977078609890864,bgn_gam_oracle_bgnbase_s005@de109da+dirty
527,500,0.2902721535781393,0.2902721535781394,-0.2695334906579053,0.006630230594567417,0.0012681967249843302,0.05969631204406924,0.16231932699435297,0.24064571308666854,bgn_gam_oracle_bgnbase_s005@de109da+dirty
528,500,0.2908089377390071,0.2908089377390077,-0.2289531489262678,0.006684136471053035,0.0012888274600739754,0.05981940776306438,0.1640966698086375,0.24008773651855841,bgn_gam_oracle_bgnbase_s005@de109da+dirty
529,500,0.29168949471866196,0.2916894947186629,-0.2170394394307147,0.006700710377080509,0.0013002649969499297,0.059818555627628583,0.16471929930059864,0.24072871404788446,bgn_gam_oracle_bgnbase_s005@de109da+dirty
530,500,0.29013800764049474,0.29013800764049497,-0.2857875326644497,0.006588263252955966,0.0012577183552431295,0.05933688687607155,0.16140201273187813,0.2411005055235149,bgn_gam_oracle_bgnbase_s005@de109da+dirty
531,500,0.2926664211353277,0.2926664211353288,-0.14541552142200767,0.006777156208122081,0.0013312209890910282,0.05976958788207808,0.16774687362313617,0.23982205997327388,bgn_gam_oracle_bgnbase_s005@de109da+dirty
532,500,0.28997795850781516,0.28997795850781655,-0.232350294589581,0.00665858202141913,0.0012802518926023625,0.05938484761205153,0.16410297016882533,0.23907620459202916,bgn_gam_oracle_bgnbase_s005@de109da+dirty
533,500,0.2919245178886846,0.2919245178886846,-0.22009731631588325,0.006655384950327273,0.0012997491435772278,0.0594771953867769,0.16440002480345034,0.24123133293410678,bgn_gam_oracle_bgnbase_s005@de109da+dirty
534,500,0.2937534880357557,0.29375348803575446,-0.165022109309398,0.006727306097612043,0.0013328572321301482,0.05962450009062905,0.1669385651588071,0.24170773093943765,bgn_gam_oracle_bgnbase_s005@de109da+dirty
535,500,0.288384660984334,0.28838466098433285,-0.37968243408370156,0.006451978848689943,0.0011983301516504817,0.05886985288111403,0.15745196677844303,0.24160834184408728,bgn_gam_oracle_bgnbase_s005@de109da+dirty
536,500,0.285885264191781,0.2858852641917818,-0.444479603203905,0.006384646301394982,0.0011483274817494235,0.058714916110031545,0.15436124087538955,0.2406304045573094,bgn_gam_oracle_bgnbase_s005@de109da+dirty
537,499,0.28112518932268765,0.2821306421305261,-0.5793055961979633,0.006285835268617589,0.0010729299173148808,0.05863695973264231,0.14923310555809016,0.23824536150197112,bgn_gam_oracle_bgnbase_s005@de109da+dirty
538,499,0.2809842051779269,0.2820042258247509,-0.5639013807835408,0.006349598027770858,0.00108128477098074,0.05854413153366569,0.15100191918584907,0.2369610600112635,bgn_gam_oracle_bgnbase_s005@de109da+dirty
539,499,0.2823287943603007,0.2833946114205927,-0.5182615487138837,0.006429863997438461,0.0010832962648143732,0.0584510346264512,0.15376482243606815,0.23678244763103834,bgn_gam_oracle_bgnbase_s005@de109da+dirty
540,499,0.27969997110884937,0.2808046206554841,-0.5750150205138077,0.006420495616887887,0.0010459347387234488,0.05838191330997822,0.15217640728217696,0.23467938747359166,bgn_gam_oracle_bgnbase_s005@de109da+dirty
541,499,0.2801334900601869,0.2812738156635721,-0.5458855501795298,0.006481916503325744,0.0010552899801051687,0.0583449427256422,0.1542611045713475,0.2338338809277403,bgn_gam_oracle_bgnbase_s005@de109da+dirty
542,499,0.28219785199885017,0.28334033503119505,-0.48109366134471243,0.0065654624904142355,0.0010781037867082764,0.058292453419707804,0.1578992662187526,0.23388768543970936,bgn_gam_oracle_bgnbase_s005@de109da+dirty
543,499,0.28055360785692707,0.280723354922329,-0.5175205449618214,0.006545502430541705,0.0010465958656389058,0.0582107938334983,0.15640811985421335,0.23290948225696703,bgn_gam_oracle_bgnbase_s005@de109da+dirty
544,499,0.28134355817544665,0.28253740442538583,-0.5009755584409331,0.006587931087360137,0.001043988602796219,0.05820269024348891,0.1577072306431988,0.23298632391124124,bgn_gam_oracle_bgnbase_s005@de109da+dirty
545,499,0.2786977420510606,0.279853519000482,-0.5805746887567623,0.006513794181865671,0.0010011413953401828,0.05802217245583236,0.15469946310569932,0.23181998951593433,bgn_gam_oracle_bgnbase_s005@de109da+dirty
546,499,0.2790281316693845,0.28028889908582116,-0.5248272952686951,0.006607728355478214,0.001007531072315818,0.058066676464280716,0.1578381176701596,0.23009525608592682,bgn_gam_oracle_bgnbase_s005@de109da+dirty
547,499,0.2785816055874917,0.27984388924825637,-0.5298409589178573,0.006629181927710312,0.001002266185561921,0.0580386801561308,0.1579892511175152,0.22944957507703406,bgn_gam_oracle_bgnbase_s005@de109da+dirty
548,499,0.27979733923386074,0.2811910805780441,-0.42103308227179387,0.006786115267444992,0.001037908478300886,0.05815046461895379,0.16384244409657966,0.22680874003178828,bgn_gam_oracle_bgnbase_s005@de109da+dirty
549,499,0.2834466355738556,0.28487353041898983,-0.33166436910804753,0.006910842489021858,0.0010775530372894593,0.05839968965985623,0.16777547322404077,0.22845871793955963,bgn_gam_oracle_bgnbase_s005@de109da+dirty
550,499,0.28129049411754053,0.28150472262894355,-0.4175530928433726,0.00680022909662694,0.001035490027688085,0.0580450170382646,0.1641020293424103,0.22846195754784385,bgn_gam_oracle_bgnbase_s005@de109da+dirty
551,500,0.28232325188076424,0.2823232518807612,-0.3739679978643042,0.006864903371023152,0.0010495163041725703,0.05817034294767254,0.1661302999182285,0.22826988851271843,bgn_gam_oracle_bgnbase_s005@de109da+dirty
552,500,0.2838596406900908,0.28385964069009073,-0.31941727841792567,0.0069368667705006805,0.0010785468267234626,0.05830427204454888,0.16863271361157495,0.22834032388674583,bgn_gam_oracle_bgnbase_s005@de109da+dirty
553,500,0.284261092716184,0.28426109271618494,-0.2981906355328756,0.006963860167668577,0.0010896570069058714,0.058352933587192964,0.16952096220897217,0.2281819716891393,bgn_gam_oracle_bgnbase_s005@de109da+dirty
554,500,0.2853834423776858,0.28538344237768576,-0.25617898393174626,0.007025631767225544,0.0011027608006841348,0.05845076407168341,0.1714081837343313,0.2281730565431327,bgn_gam_oracle_bgnbase_s005@de109da+dirty
555,500,0.28437620837314537,0.2843762083731471,-0.2727269153731661,0.006995214047842277,0.0010844377901941835,0.05837101998550425,0.17060533309083506,0.2275162592204166,bgn_gam_oracle_bgnbase_s005@de109da+dirty
556,500,0.2885390735286983,0.2885390735286979,-0.19123826504224653,0.00710672232967126,0.0011240520497149665,0.058721028679487225,0.17414968190107635,0.23005800409147575,bgn_gam_oracle_bgnbase_s005@de109da+dirty
557,500,0.2899301988143508,0.2899301988143511,-0.1280364692467534,0.007191488521403261,0.0011593081017735314,0.05896181622856422,0.17640308551657097,0.23009013799978983,bgn_gam_oracle_bgnbase_s005@de109da+dirty
558,500,0.29162474820740336,0.2916247482074054,-0.0904881818744215,0.0072307898131798234,0.0011779601550700694,0.059138706872551655,0.17779532342992815,0.23115755824432532,bgn_gam_oracle_bgnbase_s005@de109da+dirty
559,500,0.29121827764799224,0.29121827764799346,-0.11451741274222123,0.007177077424874913,0.0011740520699839963,0.059101467305905285,0.1762858524414399,0.2318003094589349,bgn_gam_oracle_bgnbase_s005@de109da+dirty
560,500,0.2938635631371499,0.2938635631371485,-0.04267016801270409,0.007277605717207646,0.001228553875831887,0.05952044181247597,0.17895769597519867,0.23308783063667232,bgn_gam_oracle_bgnbase_s005@de109da+dirty
561,500,0.29049302533837745,0.2904930253383793,-0.14890240068337882,0.007095619467264042,0.0011741715272112069,0.058924632311733324,0.1746592093595631,0.23212143019578244,bgn_gam_oracle_bgnbase_s005@de109da+dirty
562,500,0.2930442129598624,0.29304421295986444,-0.07707154594125036,0.007193855493971361,0.0012176780908315968,0.05933190336969119,0.17737635077836236,0.23326495864963628,bgn_gam_oracle_bgnbase_s005@de109da+dirty
563,500,0.29409883123521524,0.2940988312352139,-0.022767442798919627,0.007275199353960025,0.0012410737842995054,0.05978677573253993,0.179340328388464,0.23309047416708709,bgn_gam_oracle_bgnbase_s005@de109da+dirty
564,500,0.29252511217134114,0.2925251121713392,-0.09459645110235085,0.007139913814341613,0.0012156028163530614,0.05938024521873709,0.1761004017023978,0.23357994299834448,bgn_gam_oracle_bgnbase_s005@de109da+dirty
565,500,0.2924827928256805,0.2924827928256788,-0.06989122458558099,0.007166275131766372,0.0012227340234440133,0.059626878394426194,0.176571896647328,0.2331706444076425,bgn_gam_oracle_bgnbase_s005@de109da+dirty
566,500,0.2977290008412675,0.2977290008412678,0.11521985201251778,0.007468773829324521,0.0013395872593777642,0.06093952981038619,0.1837928583046459,0.2342279726637018,bgn_gam_oracle_bgnbase_s005@de109da+dirty
567,500,0.2978422695943124,0.2978422695943143,0.11808154291596507,0.007462979320476549,0.00134201694330764,0.06112703976129562,0.18371076428443442,0.2344362869589946,bgn_gam_oracle_bgnbase_s005@de109da+dirty
568,500,0.2961003805863202,0.2961003805863204,0.026982021517575137,0.007286371401840515,0.0012948415378546132,0.06053384097873669,0.1796711199439246,0.23535871354479215,bgn_gam_oracle_bgnbase_s005@de109da+dirty
569,500,0.29713128534967564,0.29713128534967576,0.037483827236606815,0.007277177985219076,0.0012962554662587886,0.06055538249868571,0.17991372777557468,0.23646997968335598,bgn_gam_oracle_bgnbase_s005@de109da+dirty
570,500,0.297623266391605,0.29762326639160375,0.06827075229237019,0.007329548348615344,0.0013051982065884799,0.06102833625558732,0.18080003977135528,0.23641267799397866,bgn_gam_oracle_bgnbase_s005@de109da+dirty
571,500,0.3012575492533427,0.30125754925334397,0.19840458505791383,0.0075640408398578805,0.0013978222760007166,0.062213881975424656,0.18580713353521386,0.23713249484108542,bgn_gam_oracle_bgnbase_s005@de109da+dirty
572,500,0.30103673520301466,0.3010367352030134,0.17932369054974526,0.007515233770294609,0.0013941773438559206,0.0620859427488851,0.18511939473992248,0.23738981787940006,bgn_gam_oracle_bgnbase_s005@de109da+dirty
573,500,0.3028156837258255,0.3028156837258242,0.22275519078800526,0.007584318070995662,0.0014272516327193674,0.06247274624883714,0.1865994302318107,0.2384910710016264,bgn_gam_oracle_bgnbase_s005@de109da+dirty
574,500,0.30229999719625567,0.30229999719625633,0.2171762683278924,0.007553304485049001,0.0014189973630532214,0.062468068754641594,0.18575309528206654,0.2384975385575031,bgn_gam_oracle_bgnbase_s005@de109da+dirty
575,500,0.3035195381381793,0.30351953813818167,0.2924601062059513,0.007691823674174886,0.0014584828854274834,0.0631152623701434,0.18886017478857883,0.23760459677885257,bgn_gam_oracle_bgnbase_s005@de109da+dirty
576,500,0.3054619317539638,0.3054619317539617,0.33727751357003927,0.0077447500229879665,0.0014985625610021431,0.06347496180419475,0.19016566810701277,0.23904813411586526,bgn_gam_oracle_bgnbase_s005@de109da+dirty
577,500,0.3018884401885415,0.3018884401885408,0.23362638789071946,0.0075188914056135685,0.0014472894812002023,0.06252409341866012,0.18546425830727242,0.23820083797082647,bgn_gam_oracle_bgnbase_s005@de109da+dirty
578,500,0.3028182540785988,0.30281825407859886,0.26297460767373454,0.007555685955460403,0.0014764939135298652,0.06289105717561386,0.18630437715083503,0.23872489199421632,bgn_gam_oracle_bgnbase_s005@de109da+dirty
579,500,0.3044293901628362,0.3044293901628348,0.3290332329331116,0.007676907369951867,0.0015237603741975144,0.06361106837845008,0.18852660958775125,0.23902922639766036,bgn_gam_oracle_bgnbase_s005@de109da+dirty
580,500,0.3061577127020818,0.30615771270208025,0.2944683018148145,0.0075825184879565535,0.001536430781159908,0.06333782278880472,0.18694578291289207,0.24245374671894906,bgn_gam_oracle_bgnbase_s005@de109da+dirty
581,500,0.30165213864488377,0.30165213864488144,0.09522623897337995,0.0072025154296495725,0.0014181782466991073,0.06173739081989247,0.17847228631747528,0.243190574993451,bgn_gam_oracle_bgnbase_s005@de109da+dirty
582,500,0.3001070190856064,0.3001070190856058,0.010263644105780595,0.00703978156712121,0.0013784892864180508,0.06126311954665766,0.17436678973135675,0.24425487823834624,bgn_gam_oracle_bgnbase_s005@de109da+dirty
583,499,0.29951379513790577,0.30066149308202866,-0.0007568580681861696,0.0070210353538471505,0.0013707612761913808,0.06124557408632617,0.17375166788981392,0.24396489785093917,bgn_gam_oracle_bgnbase_s005@de109da+dirty
584,499,0.299754006242023,0.30094879901139865,0.03412314424473787,0.007084076376918741,0.0014072438348478706,0.06156580891737283,0.17548479081123064,0.24301759700087847,bgn_gam_oracle_bgnbase_s005@de109da+dirty
585,499,0.2983424683389745,0.2995267236658863,-0.026557799658519166,0.006973974879520992,0.0013652923669274259,0.061289139977411373,0.17244990941699667,0.2434527821912529,bgn_gam_oracle_bgnbase_s005@de109da+dirty
586,499,0.30158310641999253,0.3027945611002358,0.06653988529987842,0.007096217268914604,0.0014258667360940063,0.06181615541418075,0.17615779694775885,0.24478725590284456,bgn_gam_oracle_bgnbase_s005@de109da+dirty
587,499,0.29934935557204984,0.30055326824472417,0.012947340458503076,0.006988132878064109,0.001395138434759933,0.06150361704369122,0.1733045247910187,0.24408108973937476,bgn_gam_oracle_bgnbase_s005@de109da+dirty
588,499,0.29812027852798423,0.2992249945670929,-0.08902621035890403,0.006797619476804677,0.0013420109016169632,0.060888490563047404,0.1684656885098994,0.2459573383017641,bgn_gam_oracle_bgnbase_s005@de109da+dirty
589,499,0.2993424287595909,0.3005066730144176,-0.02766087321122928,0.006868266825835637,0.0013787902529247811,0.06115276783970927,0.17070609681472926,0.245896966565208,bgn_gam_oracle_bgnbase_s005@de109da+dirty
590,499,0.29734178168108544,0.2984830336075677,-0.08850901436736207,0.006771691795515368,0.0013441005837495912,0.060867916006508205,0.16802139710861216,0.24531804916669367,bgn_gam_oracle_bgnbase_s005@de109da+dirty
591,498,0.3010644642499767,0.3033366838640801,0.037382187303924105,0.006952209105862461,0.0014245279539641677,0.06144180395447119,0.1735084520373302,0.24603786030961775,bgn_gam_oracle_bgnbase_s005@de109da+dirty
592,498,0.3043599622153067,0.30666217648960875,0.12195201703284807,0.007060560409949727,0.0014977212978884336,0.06202238258907162,0.17661963724074803,0.247871923260077,bgn_gam_oracle_bgnbase_s005@de109da+dirty
593,498,0.3054666350440115,0.30766049634274123,0.11404333644014583,0.007020441788515466,0.0014979488692755223,0.06215969249173703,0.17522373282740542,0.2502129264829085,bgn_gam_oracle_bgnbase_s005@de109da+dirty
594,498,0.30524763852261816,0.30732586459354505,0.06851609705911753,0.0069095381813176985,0.001462244413391948,0.061822380512629733,0.17273219572757836,0.251673815449213,bgn_gam_oracle_bgnbase_s005@de109da+dirty
595,498,0.3053197175075751,0.307447264806077,0.08330906349444522,0.006923178069483425,0.001468491886937008,0.06183948881332195,0.17313218355685248,0.25148633544537125,bgn_gam_oracle_bgnbase_s005@de109da+dirty
596,498,0.3071464223526395,0.30940177530034635,0.1626428135578073,0.0070312553733328596,0.0015120925479050363,0.06232477022001163,0.17612102654978973,0.2516352693305815,bgn_gam_oracle_bgnbase_s005@de109da+dirty
597,498,0.30671639747171126,0.30904062518133957,0.16697396422967187,0.007021671481772794,0.001519178705613409,0.062404789461973184,0.1760003525748316,0.2511947936792475,bgn_gam_oracle_bgnbase_s005@de109da+dirty
598,498,0.3065161087637396,0.30876503486017465,0.15610070451001545,0.007002946845016203,0.0015152021775536187,0.062425813572041224,0.17519945643952684,0.25150999064641344,bgn_gam_oracle_bgnbase_s005@de109da+dirty
599,498,0.31023571444146625,0.3125042655703924,0.23966975765486798,0.0071208925456786604,0.0015886786266755553,0.0631479076245638,0.1782474792424963,0.2539173776225307,bgn_gam_oracle_bgnbase_s005@de109da+dirty
600,498,0.31112328122597693,0.31336885041147816,0.2531092235006025,0.007127647742882554,0.0016030875063904348,0.06328589851061446,0.1785677647733116,0.2547768621846999,bgn_gam_oracle_bgnbase_s005@de109da+dirty
601,498,0.3080577959140815,0.3093382567836058,0.18944439061795101,0.007022449827494378,0.0015788043733050551,0.06298037656909634,0.17585099308492413,0.25293484112412795,bgn_gam_oracle_bgnbase_s005@de109da+dirty
602,499,0.306855445276404,0.3079045949745116,0.1249946481004307,0.006871480368676501,0.001535899978708752,0.06255273034295313,0.17235539283327192,0.25387769271259086,bgn_gam_oracle_bgnbase_s005@de109da+dirty
603,499,0.30064002265049633,0.30156353109684286,-0.08372618428128326,0.006565916268313205,0.0014023807748729344,0.06128726801717317,0.16351668411840314,0.25228301019730465,bgn_gam_oracle_bgnbase_s005@de109da+dirty
604,499,0.30078914647259825,0.301715255302805,-0.08000698032897541,0.006548812539788854,0.0014075391105601725,0.061230007422645005,0.1635460841170274,0.2524416546564777,bgn_gam_oracle_bgnbase_s005@de109da+dirty
605,499,0.30161689893346827,0.30249064615064036,-0.08265371627074798,0.0065246748282627815,0.0014193468363345725,0.061205807496162015,0.16288033383659475,0.25385576726070547,bgn_gam_oracle_bgnbase_s005@de109da+dirty
606,499,0.3026668711633611,0.3035913138978491,-0.0332088922802549,0.006574372566745261,0.0014372458714198904,0.06145264215612382,0.16475835054075536,0.25389352261707704,bgn_gam_oracle_bgnbase_s005@de109da+dirty
607,499,0.3026179133699878,0.3034736567485124,-0.0854605197428285,0.006481218501056032,0.0014213745713068276,0.06106876580909363,0.1620358862588642,0.2555816367752383,bgn_gam_oracle_bgnbase_s005@de109da+dirty
608,498,0.3028951717800432,0.3044742970130086,-0.10460330684353131,0.006447749415491112,0.0014280727273990254,0.06092180035548259,0.16132082392401892,0.2563612233863335,bgn_gam_oracle_bgnbase_s005@de109da+dirty
609,498,0.3022979915879701,0.30387168666325537,-0.13577515882821126,0.006393683731112399,0.001401246337954232,0.06077871165742913,0.1600052397247304,0.25648079651067834,bgn_gam_oracle_bgnbase_s005@de109da+dirty
610,498,0.3018693012788063,0.30335639955943366,-0.17524769226045797,0.006327520723297194,0.0013788274494160575,0.06059299511671224,0.15767404178152158,0.25741789293449224,bgn_gam_oracle_bgnbase_s005@de109da+dirty
611,498,0.30188029609341055,0.3033355094095826,-0.17513399741940708,0.006317146068704534,0.0013810149715097171,0.06062173101763952,0.15741230906174153,0.25759091234998177,bgn_gam_oracle_bgnbase_s005@de109da+dirty
612,498,0.30080919848867493,0.3022381598927798,-0.2213751568158627,0.006253502536595097,0.0013501555735335163,0.060298930607012,0.15563403795632064,0.2574183756549046,bgn_gam_oracle_bgnbase_s005@de109da+dirty
613,498,0.3042692182919405,0.3057637829810675,-0.10561213771644835,0.0063883624823012864,0.0014198679059555094,0.060691205890576846,0.16040407686540226,0.2585542289829092,bgn_gam_oracle_bgnbase_s005@de109da+dirty
614,498,0.3032533704571129,0.3047047179309957,-0.12938695616705947,0.0063534475964535184,0.0014074296848317722,0.06061427411563428,0.1590070388920488,0.2582234851371607,bgn_gam_oracle_bgnbase_s005@de109da+dirty
615,498,0.3046049713462627,0.3060415151377973,-0.10279915537319208,0.006371146280698334,0.001431345508357053,0.06071129307870943,0.1598521728839382,0.25929032259832036,bgn_gam_oracle_bgnbase_s005@de109da+dirty
616,497,0.3059668760181938,0.3079774850472654,-0.10779468310349787,0.00635239456003467,0.0014305560394970087,0.060544742529452134,0.1598350279300245,0.2608993926151248,bgn_gam_oracle_bgnbase_s005@de109da+dirty
617,497,0.3043371444622536,0.30621864585734854,-0.20295329102298548,0.006218619637412387,0.0013684753648895585,0.06017531070602658,0.15513457645264944,0.2618288767273306,bgn_gam_oracle_bgnbase_s005@de109da+dirty
618,497,0.29987087321192574,0.3016896224901604,-0.3539493160934803,0.006052880094243136,0.0012737151074713792,0.05972338173967722,0.14873538736478178,0.2603849556835632,bgn_gam_oracle_bgnbase_s005@de109da+dirty
619,497,0.29718632686205504,0.29892250883168237,-0.4393187339278328,0.0059847645090042164,0.0012270700628092986,0.059505561614841954,0.1453742022184499,0.2592027280009017,bgn_gam_oracle_bgnbase_s005@de109da+dirty
620,497,0.2963106978863879,0.2980173315515715,-0.45593144799503005,0.0059991685165583005,0.001216117764721524,0.05948462111171754,0.1451572242877769,0.25832036295845184,bgn_gam_oracle_bgnbase_s005@de109da+dirty
621,497,0.2962373176721705,0.2975202910239266,-0.43186160168220405,0.006050581573989082,0.0012142660891097767,0.05935468714656332,0.14707043535152506,0.25715138620492667,bgn_gam_oracle_bgnbase_s005@de109da+dirty
622,498,0.29378518687833677,0.29465878144043106,-0.5065705246240456,0.006019478519329139,0.0011493893213899316,0.059358961627517824,0.14460438867503272,0.2557328817439387,bgn_gam_oracle_bgnbase_s005@de109da+dirty
623,499,0.29602538689397684,0.29666275291770583,-0.45652106264523123,0.0060938594939215895,0.0011839517041357295,0.05932218354933656,0.14734851105930383,0.25674782564675186,bgn_gam_oracle_bgnbase_s005@de109da+dirty
624,499,0.2951718083318823,0.2952108307052256,-0.4910662795917721,0.006088485436958378,0.0011611125336221087,0.059183120224154256,0.14656792853078882,0.2562113166121025,bgn_gam_oracle_bgnbase_s005@de109da+dirty
625,500,0.29708069474073456,0.2970806947407327,-0.4066381213705387,0.0061855671560681336,0.0011946487466766931,0.05919394390940032,0.15084132285913746,0.2559371690586245,bgn_gam_oracle_bgnbase_s005@de109da+dirty
626,500,0.29574898679881356,0.2957489867988144,-0.4653766387495632,0.006134712691241155,0.0011685718286805458,0.05887002770535195,0.14887331606789556,0.2555468625428089,bgn_gam_oracle_bgnbase_s005@de109da+dirty
627,500,0.2886363732232412,0.28863637322323754,-0.6693357771170507,0.006031025512712912,0.0010641424671753127,0.05908849208228209,0.14064266747564827,0.2520527643823817,bgn_gam_oracle_bgnbase_s005@de109da+dirty
628,500,0.2894491955435737,0.2894491955435747,-0.6179730759550015,0.006119294794546191,0.0010765617622295503,0.05897450803586716,0.1441225273272231,0.25101699926028076,bgn_gam_oracle_bgnbase_s005@de109da+dirty
629,500,0.29134671846292726,0.29134671846292726,-0.5786101800489682,0.006190537344615674,0.0011031651723896368,0.05881843913842364,0.14714718423162115,0.25145698743884914,bgn_gam_oracle_bgnbase_s005@de109da+dirty
630,500,0.2975537645268944,0.297553764526894,-0.3722856108068176,0.006424885532165259,0.0012272393832064535,0.05909097619573838,0.15669072763823735,0.252955052640437,bgn_gam_oracle_bgnbase_s005@de109da+dirty
631,500,0.29682025074202295,0.2968202507420215,-0.3526324690204933,0.00645058639394728,0.001226064284556436,0.058886716706452215,0.15811065204670843,0.2512036682851627,bgn_gam_oracle_bgnbase_s005@de109da+dirty
632,500,0.29763910191671716,0.29763910191671594,-0.31402567125077313,0.00652131125016457,0.0012445447253803517,0.05909283235218642,0.15996741850478355,0.25099693226552666,bgn_gam_oracle_bgnbase_s005@de109da+dirty
633,500,0.30175279349200257,0.30175279349200507,-0.17638670620307498,0.006694917776818187,0.0013188247978482824,0.05952643889899713,0.16597880825039094,0.2520035388481819,bgn_gam_oracle_bgnbase_s005@de109da+dirty
634,500,0.29531381086165226,0.2953138108616519,-0.4045409381908036,0.0064044561523990155,0.0011910675153086366,0.058613686151462126,0.15607496228751605,0.2507007240368128,bgn_gam_oracle_bgnbase_s005@de109da+dirty
635,500,0.2907057016273766,0.2907057016273779,-0.5232838609122464,0.00630655078059655,0.0011237789332114488,0.05818467221135507,0.15186806576768194,0.24788282626807434,bgn_gam_oracle_bgnbase_s005@de109da+dirty
636,500,0.2862263612650257,0.28622636126502254,-0.6565403859995809,0.006243936251622635,0.0010648287570094435,0.05830534026986643,0.14668120070305365,0.24578477423007206,bgn_gam_oracle_bgnbase_s005@de109da+dirty
637,500,0.2869193944096098,0.28691939440960984,-0.5951446818984322,0.006328082685473765,0.0010792467045980271,0.058042681876160435,0.150720237813525,0.24414370522667936,bgn_gam_oracle_bgnbase_s005@de109da+dirty
638,500,0.2863545780384123,0.2863545780384112,-0.6047153896189889,0.00637647542908701,0.0010858595302979499,0.05809227438341341,0.1511299885047555,0.24322555568465587,bgn_gam_oracle_bgnbase_s005@de109da+dirty
639,500,0.28652858350610727,0.2865285835061068,-0.5538154312738454,0.006477093934005644,0.0011033062488421134,0.058021766990665,0.15465978870366381,0.2412031901201855,bgn_gam_oracle_bgnbase_s005@de109da+dirty
640,500,0.28244981984889833,0.28244981984889733,-0.6575345360479408,0.006415268710442977,0.001037366072455853,0.05809166440865887,0.1504780612059187,0.23902772606620956,bgn_gam_oracle_bgnbase_s005@de109da+dirty
641,500,0.28105138263907115,0.28105138263907015,-0.6979772974916927,0.006429567011697536,0.001024392002752892,0.058124392197823456,0.14985517029891887,0.2377673392583927,bgn_gam_oracle_bgnbase_s005@de109da+dirty
642,500,0.28078353959522356,0.2807835395952277,-0.6856851454917,0.006493302891058962,0.0010404131501566619,0.058098671418322936,0.15155994233302744,0.2363661989109946,bgn_gam_oracle_bgnbase_s005@de109da+dirty
643,500,0.27969591140851785,0.2796959114085152,-0.6935559718927664,0.006533064465349575,0.0010404279925083242,0.05802023493092169,0.15245435510055522,0.23449407768537628,bgn_gam_oracle_bgnbase_s005@de109da+dirty
644,500,0.27925403525245535,0.2792540352524585,-0.698870248279677,0.006585212629583487,0.0010351523756626513,0.05810030105584646,0.15316406057039908,0.233502862411506,bgn_gam_oracle_bgnbase_s005@de109da+dirty
645,500,0.2808031695763504,0.2808031695763492,-0.6049425073971704,0.006720926307723554,0.0010582157819755585,0.05804061146374446,0.15837230024920673,0.2318806472258944,bgn_gam_oracle_bgnbase_s005@de109da+dirty
646,500,0.2779130068054654,0.27791300680546493,-0.650362024651934,0.006709431522377866,0.0010192833915063592,0.05785691102490614,0.1572461918771736,0.22914902245434465,bgn_gam_oracle_bgnbase_s005@de109da+dirty
647,500,0.2756049939339541,0.27560499393395776,-0.6589084984241013,0.006763068737544283,0.0010060599810433086,0.05792873274989235,0.15773148176693602,0.22600639889379592,bgn_gam_oracle_bgnbase_s005@de109da+dirty
648,500,0.274200233061331,0.2742002330613312,-0.692313473408192,0.006773886036396557,0.000982316388415773,0.05791444159842061,0.15726096144534676,0.22462136544900044,bgn_gam_oracle_bgnbase_s005@de109da+dirty
649,500,0.27479656890494447,0.2747965689049424,-0.6274824308135971,0.0069007151607074916,0.001014554362629633,0.05803974714078544,0.16117649186648297,0.22256525504117539,bgn_gam_oracle_bgnbase_s005@de109da+dirty
650,500,0.2717687361717987,0.2717687361718005,-0.7088661588932015,0.006844392271544916,0.0009797022867792087,0.05793231372538498,0.15839404269705873,0.22083834177628453,bgn_gam_oracle_bgnbase_s005@de109da+dirty
651,500,0.26885844018955535,0.2688584401895537,-0.7560372849888972,0.006856324530409934,0.0009433695511292979,0.05801604017919017,0.15710564977700203,0.21818037416162503,bgn_gam_oracle_bgnbase_s005@de109da+dirty
652,500,0.26675410592248716,0.26675410592248705,-0.8024685961360734,0.006865749384370487,0.0009264548446496398,0.05816096957053239,0.15583714158625256,0.21650066588519254,bgn_gam_oracle_bgnbase_s005@de109da+dirty
653,500,0.2632477371148977,0.26324773711489713,-0.9141362381919979,0.00686122884505952,0.0008878748839132697,0.058858943739384356,0.15212665522494603,0.21484145751270792,bgn_gam_oracle_bgnbase_s005@de109da+dirty
654,500,0.2631972633228936,0.26319726332289634,-0.8808508339757327,0.006988421758049978,0.0008984425653780371,0.058929479396509846,0.15594777363835796,0.21202144070329318,bgn_gam_oracle_bgnbase_s005@de109da+dirty
655,500,0.2598702500857009,0.2598702500857015,-0.9057984408227714,0.007060671395434182,0.0008902511423697626,0.05937323846388625,0.1559762198837363,0.20785563670582782,bgn_gam_oracle_bgnbase_s005@de109da+dirty
656,500,0.25467573730091836,0.25467573730091914,-1.03622606252675,0.0070718624525222306,0.0008478367723618024,0.06034194428842491,0.1517620785639099,0.20451895432875658,bgn_gam_oracle_bgnbase_s005@de109da+dirty
657,500,0.2518186272522015,0.25181862725220355,-1.0428506916797067,0.007230297426863322,0.000835524903724935,0.06139991418617638,0.15373367690403283,0.19944567585372625,bgn_gam_oracle_bgnbase_s005@de109da+dirty
658,500,0.250329232963885,0.25032923296388676,-1.0050619414551034,0.007398459171242709,0.0008424939758079079,0.06210604927443492,0.15723277648511563,0.19478854913743948,bgn_gam_oracle_bgnbase_s005@de109da+dirty
659,500,0.25355309677897225,0.25355309677897375,-0.8221629092927992,0.007726482505721364,0.0009040862955143782,0.06292375148585344,0.16667996799201487,0.19106794905579472,bgn_gam_oracle_bgnbase_s005@de109da+dirty
660,500,0.253061264575716,0.2530612645757185,-0.8111049192742397,0.007783909244882934,0.0008952459644583489,0.06287522901518924,0.16768577564124157,0.1895296395719037,bgn_gam_oracle_bgnbase_s005@de109da+dirty
661,500,0.2561528523593205,0.2561528523593178,-0.6871554149280881,0.008027109906525887,0.0009528314853215695,0.06374566798944979,0.17288168150491579,0.18901377720115722,bgn_gam_oracle_bgnbase_s005@de109da+dirty
662,500,0.2558101265913314,0.2558101265913324,-0.6735015952104764,0.008071520357098776,0.000958716511421519,0.06380633244225481,0.1737058938876776,0.18778999785759593,bgn_gam_oracle_bgnbase_s005@de109da+dirty
663,500,0.257678462972003,0.2576784629720041,-0.5774001901231153,0.008268948968515048,0.0009951729266542062,0.06459047242160437,0.1776091929359706,0.18669002347272626,bgn_gam_oracle_bgnbase_s005@de109da+dirty
664,500,0.25636271000122973,0.2563627100012313,-0.6693821062134798,0.008092448809768659,0.0009498633460436671,0.06356340770097818,0.17441720502470937,0.18788421346814405,bgn_gam_oracle_bgnbase_s005@de109da+dirty
665,500,0.2537905828589766,0.2537905828589786,-0.7768486594537165,0.007922101220944184,0.0009017621971942855,0.06258990409161407,0.17063464994718144,0.18786558009731832,bgn_gam_oracle_bgnbase_s005@de109da+dirty
666,500,0.2532395592256866,0.2532395592256839,-0.7435619993602196,0.008007819606416729,0.0009086757350972987,0.06267386903069759,0.17241310159556028,0.18548314412641118,bgn_gam_oracle_bgnbase_s005@de109da+dirty
667,500,0.2518674261619674,0.251867426161968,-0.7597041292257041,0.008014079379289605,0.0008880918576146806,0.062451291429642994,0.17228556165841794,0.18372502716150993,bgn_gam_oracle_bgnbase_s005@de109da+dirty
668,500,0.2512961528241356,0.25129615282413376,-0.7556063774464815,0.00804256905607392,0.0008914140116174059,0.062377637464987506,0.17291917247620414,0.1823423050593473,bgn_gam_oracle_bgnbase_s005@de109da+dirty
669,500,0.2522617468638681,0.2522617468638667,-0.7156907386821462,0.008135808024204409,0.0008994534664890048,0.062649374238443,0.17468360205423142,0.1819934836860078,bgn_gam_oracle_bgnbase_s005@de109da+dirty
670,500,0.2506371515442261,0.250637151544225,-0.7951634993722844,0.00801709687935811,0.000863410959297293,0.061810990517909135,0.17234542228291289,0.18197812272998035,bgn_gam_oracle_bgnbase_s005@de109da+dirty
671,500,0.25339517639906156,0.2533951763990608,-0.7544642000358016,0.008112860616987346,0.0008850571229135396,0.062056711597946165,0.17406402758656855,0.1841489335365639,bgn_gam_oracle_bgnbase_s005@de109da+dirty
672,500,0.2525975598965473,0.25259755989654703,-0.7757632706348545,0.008088642906439233,0.0008652327077631689,0.061814342634494035,0.1733851046110336,0.18369303951078478,bgn_gam_oracle_bgnbase_s005@de109da+dirty
673,500,0.25616275208012484,0.25616275208012523,-0.6039000632959085,0.008447548293812186,0.0009345628810885425,0.0633426942682522,0.17989240243593352,0.18236797717552183,bgn_gam_oracle_bgnbase_s005@de109da+dirty
674,500,0.2557866903269383,0.2557866903269353,-0.6141431516267403,0.008422262800131974,0.0009297969961524465,0.06313054147797968,0.17958290749962544,0.1821450254121424,bgn_gam_oracle_bgnbase_s005@de109da+dirty
675,500,0.2556525312559186,0.25565253125591536,-0.6466016257261998,0.008357315846871775,0.0009195181801513515,0.06262589840249246,0.17861411443170175,0.18290766759033744,bgn_gam_oracle_bgnbase_s005@de109da+dirty
676,500,0.25828110392586484,0.25828110392586495,-0.4941491637359305,0.008692430464390874,0.0009677319270552963,0.06413474612834287,0.18417390498378558,0.181077611449309,bgn_gam_oracle_bgnbase_s005@de109da+dirty
677,500,0.256666130747107,0.25666613074710787,-0.5947758584315733,0.008461599212629576,0.0009275890696957865,0.06294238108331814,0.1808503387835495,0.18212813520861182,bgn_gam_oracle_bgnbase_s005@de109da+dirty
678,500,0.25910620471020923,0.25910620471020956,-0.47872698459226837,0.008714522688540175,0.0009769805750527221,0.06418178704889753,0.18468108845345474,0.18173860593439162,bgn_gam_oracle_bgnbase_s005@de109da+dirty
679,500,0.2584761796676785,0.25847617966767955,-0.4317355241526042,0.008813407649456394,0.0009889172442852135,0.06468391423292678,0.18596730838904316,0.1795162824540786,bgn_gam_oracle_bgnbase_s005@de109da+dirty
680,500,0.25919148624443455,0.259191486244437,-0.4231129919035176,0.008816424426653448,0.0009985671254553947,0.06459836625894429,0.18645752952154543,0.18003837431592443,bgn_gam_oracle_bgnbase_s005@de109da+dirty
681,500,0.2575324944916583,0.25753249449165905,-0.470457835200483,0.008687707763141865,0.0009810090722113406,0.06398166089547902,0.18469305333543323,0.17947551857769023,bgn_gam_oracle_bgnbase_s005@de109da+dirty
682,500,0.25706110270552945,0.2570611027055268,-0.4752023319798124,0.008662238496063243,0.0009689593843537392,0.06371296523641935,0.1846161956766287,0.1788778097419339,bgn_gam_oracle_bgnbase_s005@de109da+dirty
683,500,0.25786980178215624,0.2578698017821547,-0.4454907075844242,0.008723878020575176,0.0009850529122625927,0.06401336613420316,0.18555822963021143,0.179066965372372,bgn_gam_oracle_bgnbase_s005@de109da+dirty
684,500,0.2567900522061845,0.2567900522061828,-0.5099827185342475,0.008565966116241684,0.0009606337778086988,0.06306968279824028,0.18373508791361942,0.1793949508247919,bgn_gam_oracle_bgnbase_s005@de109da+dirty
685,500,0.25788581478013484,0.2578858147801347,-0.4775114282469515,0.008632874322033418,0.0009742945537742443,0.06334882003685702,0.18480559336185914,0.17986657868260345,bgn_gam_oracle_bgnbase_s005@de109da+dirty
686,500,0.25919890042334,0.2591989004233393,-0.40131264054963495,0.008807894781026941,0.0010100830054310273,0.0642705578208346,0.18710831782713327,0.1793726494774747,bgn_gam_oracle_bgnbase_s005@de109da+dirty
687,500,0.2595244488863884,0.2595244488863894,-0.3973428921550465,0.00880518226899116,0.0010125217281993608,0.06424450912834523,0.18730055005043975,0.17964254373779714,bgn_gam_oracle_bgnbase_s005@de109da+dirty
688,500,0.26356998166786416,0.2635699816678623,-0.2561518848931591,0.009118714859166537,0.0010807036665149432,0.06595354839641689,0.19120424921105342,0.18141132908403387,bgn_gam_oracle_bgnbase_s005@de109da+dirty
689,500,0.2624057568426199,0.2624057568426199,-0.3222237840775175,0.008925644341285264,0.0010553326510422051,0.06484693204769684,0.18950291269808037,0.18150875269003391,bgn_gam_oracle_bgnbase_s005@de109da+dirty
690,500,0.2629112911919696,0.26291129119196827,-0.2997434929190034,0.008974404415190568,0.001070522846262099,0.0652371282675655,0.18980012572767105,0.18192927007490822,bgn_gam_oracle_bgnbase_s005@de109da+dirty
691,500,0.26459379970367863,0.264593799703679,-0.2253520901643876,0.009149747536764048,0.0011054428736376434,0.06613610731166639,0.1919799263568237,0.18208126404893765,bgn_gam_oracle_bgnbase_s005@de109da+dirty
692,500,0.26603738915780323,0.266037389157804,-0.20757126496091471,0.009178046851157433,0.0011217251141187913,0.06625635769976021,0.1925695336151545,0.18355616893240698,bgn_gam_oracle_bgnbase_s005@de109da+dirty
693,500,0.2679069329342775,0.26790693293427903,-0.08599189104148519,0.009483174110317552,0.0011743869269997245,0.0681875156842872,0.19532714916881874,0.1833614722667591,bgn_gam_oracle_bgnbase_s005@de109da+dirty
694,500,0.26919531274996605,0.269195312749963,-0.02677244781123294,0.00964143819649984,0.0012049556711405537,0.06914001957152388,0.19684682248771174,0.1836231055260839,bgn_gam_oracle_bgnbase_s005@de109da+dirty
695,500,0.26814299079270487,0.26814299079270415,-0.09388095734135314,0.009440980430615248,0.0011727750220842136,0.06809746168229676,0.19528037939250953,0.18375591673623506,bgn_gam_oracle_bgnbase_s005@de109da+dirty
696,500,0.2713389745215952,0.27133897452159306,0.02404697356026698,0.009748320098320435,0.001250195036006895,0.07003841006498503,0.19793676429536894,0.1855960032832347,bgn_gam_oracle_bgnbase_s005@de109da+dirty
697,500,0.2686387114477673,0.26863871144776613,-0.041681917842370866,0.00954537163224924,0.001219338727879148,0.06903831778844134,0.19607133516437256,0.1836376563104013,bgn_gam_oracle_bgnbase_s005@de109da+dirty
698,500,0.27029896780327406,0.2702989678032738,0.023253736195076553,0.009712119257805801,0.001259741640799277,0.07010568927457217,0.19775456205071798,0.1842679168592409,bgn_gam_oracle_bgnbase_s005@de109da+dirty
699,500,0.2708780586868827,0.2708780586868837,0.0014782141996844155,0.009630063804365712,0.0012627390435687158,0.06976668924228144,0.19687473529170715,0.18605177043445328,bgn_gam_oracle_bgnbase_s005@de109da+dirty
700,500,0.27214954631426613,0.2721495463142664,0.06371728184991311,0.009802191220636114,0.0012892250677824192,0.07085038612756805,0.19858613508600087,0.1860884803276804,bgn_gam_oracle_bgnbase_s005@de109da+dirty
701,500,0.2691093934793362,0.26910939347933466,-0.11373633271410065,0.009307599303990258,0.0011880664314294369,0.06813412043665099,0.19381456636167343,0.1866970260203753,bgn_gam_oracle_bgnbase_s005@de109da+dirty
702,500,0.27071722430356915,0.27071722430357104,-0.0541348522953694,0.009446264457170879,0.0012214796755357143,0.06906557454161867,0.1953231507881422,0.18744781220601547,bgn_gam_oracle_bgnbase_s005@de109da+dirty
703,500,0.27144565556953865,0.2714456555695375,-0.037573093346946106,0.009475840265151806,0.0012334158431734138,0.06933779813890405,0.19574216664497018,0.18806314930020004,bgn_gam_oracle_bgnbase_s005@de109da+dirty
704,500,0.2734280710738851,0.27342807107388456,0.07662713479648331,0.00977123563154492,0.0012985639312318449,0.07135667694987825,0.19836271001627132,0.1881891211685368,bgn_gam_oracle_bgnbase_s005@de109da+dirty
705,500,0.2751394927835151,0.2751394927835172,0.18353547415388416,0.010060395028703912,0.0013668144404187493,0.07320664582477203,0.2006652179710028,0.188242425573567,bgn_gam_oracle_bgnbase_s005@de109da+dirty
706,500,0.27599438492588546,0.2759943849258853,0.2779375124557514,0.01033423287797111,0.0014225518414931004,0.07504722113715286,0.20280593737493205,0.18719682763362464,bgn_gam_oracle_bgnbase_s005@de109da+dirty
707,500,0.27593614520599385,0.27593614520599435,0.2576673222922691,0.010265662803587471,0.0014186168089322189,0.07486946034148481,0.2020227909069333,0.18795624008081463,bgn_gam_oracle_bgnbase_s005@de109da+dirty
708,500,0.27612565427735536,0.27612565427735636,0.23547275843453758,0.010173505007113774,0.001417514849960137,0.07445665320146841,0.20156340600475914,0.18872617812550066,bgn_gam_oracle_bgnbase_s005@de109da+dirty
709,500,0.27498270587198836,0.2749827058719898,0.14285470241413134,0.009887384140233643,0.0013838440871100993,0.0729354104412075,0.19911386930219477,0.18965536000912014,bgn_gam_oracle_bgnbase_s005@de109da+dirty
710,500,0.27343758059749074,0.2734375805974903,0.12154833992393826,0.009801262095083516,0.0013701348106409292,0.07261123795653529,0.1986983899285273,0.18784850364807315,bgn_gam_oracle_bgnbase_s005@de109da+dirty
711,500,0.2740041746594844,0.27400417465948584,0.12555082228597036,0.009797872652310295,0.0013692073533919304,0.07279165218354118,0.19843982800711113,0.1889442309024898,bgn_gam_oracle_bgnbase_s005@de109da+dirty
712,500,0.27523730579877875,0.2752373057987787,0.1537529144351976,0.009852866497861483,0.0013970714190470305,0.0732286078617374,0.19890865762402787,0.1902391138162121,bgn_gam_oracle_bgnbase_s005@de109da+dirty
713,500,0.27726916065318746,0.2772691606531886,0.2463162350531054,0.01009397204165076,0.0014514540587439375,0.0748347119163642,0.20086725180254134,0.1911296277467665,bgn_gam_oracle_bgnbase_s005@de109da+dirty
714,500,0.2759384737951161,0.27593847379511327,0.15594399716655596,0.009821144853442175,0.0014188151849803602,0.07341437802854979,0.19860913371600974,0.1915631836365071,bgn_gam_oracle_bgnbase_s005@de109da+dirty
715,500,0.2754679897586427,0.27546798975864395,0.14793094602746257,0.009774693544756595,0.001416091791652414,0.07333261272616173,0.19832017931699583,0.19118504088275917,bgn_gam_oracle_bgnbase_s005@de109da+dirty
716,500,0.275914438085826,0.2759144380858268,0.18437530835698668,0.009869143012161935,0.0014360817329755577,0.07425969941089192,0.19898325251256616,0.1911398502765382,bgn_gam_oracle_bgnbase_s005@de109da+dirty
717,500,0.27731504006981006,0.2773150400698109,0.17724423880936385,0.009828569284535323,0.001447996936499707,0.07410744368445682,0.19875661492142735,0.19338934684696518,bgn_gam_oracle_bgnbase_s005@de109da+dirty
718,500,0.274550570584201,0.2745505705842007,0.03444103290260061,0.009430655062975149,0.0013757749434080077,0.07172842669688438,0.19525164023610403,0.19301505846234213,bgn_gam_oracle_bgnbase_s005@de109da+dirty
719,500,0.2736735435303021,0.273673543530301,-0.014645380497228102,0.009282076746024938,0.001351533879086888,0.07092642305694415,0.19357737489153348,0.1934554428247881,bgn_gam_oracle_bgnbase_s005@de109da+dirty
720,500,0.27338766337197884,0.27338766337197745,-0.061851073643727966,0.009150461826715849,0.0013285801036116995,0.07029635209239311,0.1923362109378837,0.19428740681281514,bgn_gam_oracle_bgnbase_s005@de109da+dirty
721,500,0.27146096344030923,0.27146096344030857,-0.15929881148431257,0.008886132573370406,0.001279961359591363,0.06880027768653625,0.1892999494277409,0.19456768441495018,bgn_gam_oracle_bgnbase_s005@de109da+dirty
722,500,0.27220136450842075,0.2722013645084195,-0.1341018802922419,0.008940408704282933,0.0012895301165694749,0.0691610887981912,0.1901546191849107,0.194768589980232,bgn_gam_oracle_bgnbase_s005@de109da+dirty
723,500,0.27073267169567317,0.27073267169567167,-0.1850954792520051,0.00880183314399865,0.001250377193559324,0.068497102827899,0.18831647436136906,0.19450728780069138,bgn_gam_oracle_bgnbase_s005@de109da+dirty
724,500,0.27049381998671984,0.2704938199867221,-0.21011594505283812,0.00871176548517093,0.0012323142242256703,0.06806523131448412,0.18746960836226992,0.19499244239586605,bgn_gam_oracle_bgnbase_s005@de109da+dirty
725,500,0.2707563083447158,0.27075630834471504,-0.2014091250821471,0.00870132237231854,0.0012361041063518197,0.06806393344270219,0.18739652807303644,0.19542650734900446,bgn_gam_oracle_bgnbase_s005@de109da+dirty
726,500,0.271375949350751,0.2713759493507485,-0.2179608264282365,0.008646881335106134,0.001245164520858763,0.06780728819960494,0.18684685271848192,0.19680741732775034,bgn_gam_oracle_bgnbase_s005@de109da+dirty
727,500,0.2719561475808293,0.27195614758082826,-0.18596797399135379,0.00871512022897583,0.0012565974004939032,0.06828422364338224,0.18776757579708925,0.19673200981612055,bgn_gam_oracle_bgnbase_s005@de109da+dirty
728,500,0.27216678837975133,0.27216678837975167,-0.1463617396812643,0.008809228641736205,0.0012849408433730416,0.06897439689905438,0.18903496923510368,0.19580740819292755,bgn_gam_oracle_bgnbase_s005@de109da+dirty
729,500,0.2712515671314739,0.2712515671314751,-0.14545738575606412,0.008800321653056723,0.0012795280971408575,0.0689708649096465,0.1889967872331325,0.1945703653870099,bgn_gam_oracle_bgnbase_s005@de109da+dirty
730,500,0.27221013961748763,0.2722101396174875,-0.12537286702713968,0.008829612765622554,0.001291387717191174,0.06924110180240202,0.1895233402258829,0.19539514738139313,bgn_gam_oracle_bgnbase_s005@de109da+dirty
731,500,0.27192757842680304,0.27192757842680504,-0.07472650827854269,0.008945324373551672,0.0013167701614874054,0.07005785435133766,0.19100549345798562,0.19354975943652458,bgn_gam_oracle_bgnbase_s005@de109da+dirty
732,500,0.2718946743465392,0.2718946743465405,-0.10781055357872102,0.008849452601734488,0.0013169566182532437,0.06955169647057938,0.1901702630936121,0.19432443225934548,bgn_gam_oracle_bgnbase_s005@de109da+dirty
733,500,0.27380364352826814,0.2738036435282709,-0.01551768225839895,0.00905715551188939,0.0013666868788752055,0.0708822529924555,0.1924966098108163,0.19471386807491983,bgn_gam_oracle_bgnbase_s005@de109da+dirty
734,500,0.27742736093018633,0.2774273609301877,0.07575864943092103,0.009248893817517014,0.0014199732550395402,0.07214819963403639,0.19491058227614919,0.19742291029528553,bgn_gam_oracle_bgnbase_s005@de109da+dirty
735,500,0.27741187500406866,0.27741187500406694,0.05021748443657514,0.009166875552475941,0.0014139314164060843,0.07172827485964045,0.19422645619421688,0.19807430955959174,bgn_gam_oracle_bgnbase_s005@de109da+dirty
736,500,0.27890603665246233,0.2789060366524639,0.15561074529813984,0.00941713395693568,0.0014761855285587667,0.07353110310988985,0.1966308263231927,0.197800140092577,bgn_gam_oracle_bgnbase_s005@de109da+dirty
737,500,0.27910014203826083,0.2791001420382619,0.16487865978365293,0.009424071883712025,0.0014780212012762896,0.07366429203955696,0.19703064748575966,0.19767603101316983,bgn_gam_oracle_bgnbase_s005@de109da+dirty
738,500,0.2797319861732356,0.2797319861732371,0.18625132862809574,0.009459819123474638,0.0015041036945936718,0.07412589646394423,0.19709782148529292,0.19850046058932674,bgn_gam_oracle_bgnbase_s005@de109da+dirty
739,500,0.2832282691110949,0.28322826911109444,0.3230145487603021,0.009833512711462352,0.0016086623718144172,0.0767425422593727,0.20069303954766293,0.19985133549913292,bgn_gam_oracle_bgnbase_s005@de109da+dirty
740,500,0.28093195593602854,0.2809319559360288,0.20387062493430183,0.00948072139080331,0.001533863006508043,0.07468931759778727,0.19728273824608544,0.20000571255883975,bgn_gam_oracle_bgnbase_s005@de109da+dirty
741,500,0.28227454122538465,0.28227454122538476,0.2513104277143828,0.009599538522956221,0.0015661636804874272,0.07558732907514457,0.19861214424198417,0.20057949243031464,bgn_gam_oracle_bgnbase_s005@de109da+dirty
742,500,0.28154558275767866,0.2815455827576778,0.17969369485911285,0.009376239386762285,0.0015307049858011492,0.074415653602699,0.19646976850213613,0.20166195782813853,bgn_gam_oracle_bgnbase_s005@de109da+dirty
743,500,0.2821566332870068,0.2821566332870079,0.1883662267605588,0.00938576103712789,0.0015394715088227118,0.07479343937762557,0.1962226558735404,0.20275363136031022,bgn_gam_oracle_bgnbase_s005@de109da+dirty
744,500,0.27925818396525115,0.2792581839652529,-0.00034914139602928735,0.008884088451557755,0.0014264623005097357,0.07171086981584093,0.19068325346729878,0.20402213154139906,bgn_gam_oracle_bgnbase_s005@de109da+dirty
745,500,0.2814592792851854,0.28145927928518494,0.07588302395934028,0.00905098612811718,0.0014772518430131013,0.07294778969099733,0.1927919329933945,0.20506242090740678,bgn_gam_oracle_bgnbase_s005@de109da+dirty
746,500,0.2846065708364479,0.28460657083644786,0.16074473738151035,0.009235220544339876,0.0015312724044120075,0.07438951438141436,0.19484048230621182,0.20745622819757617,bgn_gam_oracle_bgnbase_s005@de109da+dirty
747,500,0.2837485298153476,0.283748529815347,0.05703922338999032,0.008945274086385317,0.001499899731109339,0.07265598466755085,0.19152848696549998,0.20935631553186426,bgn_gam_oracle_bgnbase_s005@de109da+dirty
748,500,0.2852905163794911,0.28529051637949165,0.17605466734603642,0.009240461805834033,0.0015739461309965785,0.07474060428616355,0.19491150632666568,0.20832710682373248,bgn_gam_oracle_bgnbase_s005@de109da+dirty
749,500,0.284608787486455,0.28460878748645446,0.1015109418359227,0.009024090799137425,0.0015283290038505593,0.07362195223876182,0.19248702525233793,0.20964471618434824,bgn_gam_oracle_bgnbase_s005@de109da+dirty
750,500,0.28379151219146553,0.28379151219146537,0.061875610339347575,0.008918735036613277,0.0014996037103364934,0.07307132413220739,0.1913541677882155,0.2095738649307165,bgn_gam_oracle_bgnbase_s005@de109da+dirty
751,500,0.2820474421603063,0.2820474421603055,-0.03325734601939961,0.008670564934829247,0.0014276710921030669,0.07160979555942379,0.18833096340741085,0.20995763346734456,bgn_gam_oracle_bgnbase_s005@de109da+dirty
752,500,0.2831763586518532,0.2831763586518532,0.021549125941585912,0.00877918383581681,0.001450438197979655,0.07229957086180225,0.19004675073970753,0.20993113783477305,bgn_gam_oracle_bgnbase_s005@de109da+dirty
753,500,0.2817650298347929,0.2817650298347918,-0.03783526568377842,0.008617731255667255,0.001416065846217861,0.0713855911155859,0.18783883603772522,0.21001929367035382,bgn_gam_oracle_bgnbase_s005@de109da+dirty
754,500,0.28179216672294455,0.28179216672294266,-0.08732860755311553,0.00846670685645374,0.0013780787121404436,0.07054060389735438,0.1857465309380381,0.21190812035147738,bgn_gam_oracle_bgnbase_s005@de109da+dirty
755,500,0.281888014609543,0.28188801460954455,-0.07348233969740242,0.008483534834550142,0.001399742380650097,0.0706687977719204,0.18604754740445367,0.21177148742287638,bgn_gam_oracle_bgnbase_s005@de109da+dirty
756,500,0.2796545574773527,0.27965455747735524,-0.17667215805909706,0.00823986872920771,0.0013401477667252784,0.06926232913594692,0.18259051895010522,0.21181920098844964,bgn_gam_oracle_bgnbase_s005@de109da+dirty
757,500,0.28147595709464435,0.2814759570946435,-0.1528880131880753,0.008266942213275777,0.0013696076330262153,0.06940519882964608,0.1832745314243948,0.2136332384099314,bgn_gam_oracle_bgnbase_s005@de109da+dirty
758,500,0.2812851759247105,0.2812851759247089,-0.16669555059683175,0.008225203368310013,0.0013683789744198664,0.06916999598787524,0.1827598250892745,0.2138228157338059,bgn_gam_oracle_bgnbase_s005@de109da+dirty
759,500,0.28408888387590897,0.2840888838759076,-0.06788576074117811,0.00842219712780735,0.0014290156297513802,0.07059019277078786,0.18581765601452824,0.21489135081507155,bgn_gam_oracle_bgnbase_s005@de109da+dirty
760,500,0.2834388217952592,0.28343882179525887,-0.10967532030111994,0.008317895564701382,0.0014150947742612421,0.069965992238625,0.18435420225642135,0.21529304171543306,bgn_gam_oracle_bgnbase_s005@de109da+dirty
761,500,0.2834950419105919,0.28349504191059316,-0.09180923001054425,0.008336498262936141,0.001413381599981757,0.07010635292070921,0.18492976571405736,0.21487303353569545,bgn_gam_oracle_bgnbase_s005@de109da+dirty
762,500,0.2839073747714055,0.28390737477140376,-0.07797379829680483,0.008344982713166936,0.0014310982207688784,0.07024780208645626,0.18525260905006616,0.2151391835294878,bgn_gam_oracle_bgnbase_s005@de109da+dirty
763,500,0.2824668693960875,0.28246686939608945,-0.019872468646581584,0.008459839076388148,0.0014659627037775752,0.07100899963115113,0.1869933714255525,0.21170973371418642,bgn_gam_oracle_bgnbase_s005@de109da+dirty
764,500,0.28561581765158167,0.28561581765158034,0.07657611628329328,0.008657483935291126,0.001561380607586079,0.07257732516502832,0.1897140040384573,0.21350642136591058,bgn_gam_oracle_bgnbase_s005@de109da+dirty
765,500,0.2863732338892616,0.2863732338892635,0.07777987401784087,0.008644094155725524,0.0015607480632392511,0.07248354145731452,0.1896077093087084,0.21461254776666266,bgn_gam_oracle_bgnbase_s005@de109da+dirty
766,500,0.2834416175528799,0.2834416175528826,-0.04635209459433978,0.00835463509749323,0.0014718988887929263,0.07078885926755887,0.185310772719171,0.21447393332341527,bgn_gam_oracle_bgnbase_s005@de109da+dirty
767,500,0.2830524781772158,0.28305247817721607,-0.06224468050856752,0.00827724945469009,0.001488871488546655,0.07141339822807692,0.18426433655728086,0.21486125680393928,bgn_gam_oracle_bgnbase_s005@de109da+dirty
768,500,0.28123830664439997,0.28123830664439897,-0.11589234805265702,0.008149890960209889,0.0014472216827897022,0.07070133399081462,0.18207016003039564,0.21434887905168917,bgn_gam_oracle_bgnbase_s005@de109da+dirty
769,500,0.28145778221129286,0.28145778221129253,-0.10265471358645226,0.008157357469684373,0.00144481902018227,0.0706428528586272,0.18241282528093672,0.21434561889697215,bgn_gam_oracle_bgnbase_s005@de109da+dirty
770,500,0.2793506932036493,0.2793506932036504,-0.15074695149700618,0.008054404902169068,0.0014108501353524575,0.06991081173333737,0.18103195697371677,0.21275394320112084,bgn_gam_oracle_bgnbase_s005@de109da+dirty
771,500,0.2771673061976807,0.27716730619768054,-0.1464353634327082,0.008050017953188469,0.0014074011520185403,0.06989669366359834,0.18083334174839955,0.210050037222052,bgn_gam_oracle_bgnbase_s005@de109da+dirty
772,500,0.27822801423354226,0.27822801423354077,-0.14146550471703118,0.00802733334769723,0.0014352599102165555,0.06997338872650803,0.18058452167854738,0.21166024292358365,bgn_gam_oracle_bgnbase_s005@de109da+dirty
773,500,0.27821122052463515,0.2782112205246375,-0.14876139057254886,0.007996680924875803,0.0014231287247701342,0.0698971026408482,0.1803611810155281,0.21182853350880537,bgn_gam_oracle_bgnbase_s005@de109da+dirty
774,500,0.2760857167632193,0.2760857167632193,-0.27319142267131064,0.007740949902568772,0.001346064307368633,0.06759813253237755,0.17543180554381382,0.2131830307606542,bgn_gam_oracle_bgnbase_s005@de109da+dirty
775,500,0.2774838398336579,0.2774838398336597,-0.19373646639084197,0.007874055417741927,0.0013873432462598553,0.0684396305755547,0.1786839224872632,0.21229540082959122,bgn_gam_oracle_bgnbase_s005@de109da+dirty
776,500,0.2787665853275954,0.2787665853275943,-0.23277269590193972,0.0077773835875938994,0.001373511524902976,0.06795466200279424,0.17675888957947933,0.21556229737557764,bgn_gam_oracle_bgnbase_s005@de109da+dirty
777,500,0.275033611644429,0.2750336116444295,-0.3785328192592105,0.007505343696934867,0.0012913072542171107,0.06628735248480357,0.17121013120076145,0.2152453913755104,bgn_gam_oracle_bgnbase_s005@de109da+dirty
778,500,0.2736368247351984,0.2736368247351966,-0.4360097075458431,0.007403786765513878,0.0012605935506849306,0.06557872433697898,0.16893747368523904,0.2152608692633449,bgn_gam_oracle_bgnbase_s005@de109da+dirty
779,500,0.27372506039399286,0.273725060393992,-0.4710528666569333,0.007346757815850449,0.0012331150160119564,0.06519932566796714,0.16727656546300992,0.2166655471795052,bgn_gam_oracle_bgnbase_s005@de109da+dirty
780,500,0.2738609512195419,0.2738609512195394,-0.5075142687088092,0.007297515516142954,0.0012175935530486146,0.06468525551263092,0.1662600358999168,0.21761760283908718,bgn_gam_oracle_bgnbase_s005@de109da+dirty
781,500,0.2730467795605865,0.27304677956058565,-0.48678461500566605,0.00734273983664088,0.0012169778840373131,0.0647015988914587,0.16721916775266746,0.21585248148796615,bgn_gam_oracle_bgnbase_s005@de109da+dirty
782,500,0.27240883477104005,0.27240883477104133,-0.535494320411105,0.0072715074932979944,0.0011981354163533829,0.06415927554210088,0.16551441874667824,0.21635977086386704,bgn_gam_oracle_bgnbase_s005@de109da+dirty
783,500,0.2726479810727712,0.2726479810727693,-0.5227185790189944,0.0072940831873570785,0.0012058358574588918,0.06403539186326011,0.16648135747611903,0.21591868653723995,bgn_gam_oracle_bgnbase_s005@de109da+dirty
784,500,0.27263700733687724,0.272637007336874,-0.46947611062456834,0.007398841179651928,0.001214382123955023,0.06434319033111703,0.16896004287958585,0.2139706561183962,bgn_gam_oracle_bgnbase_s005@de109da+dirty
785,500,0.26962535264272297,0.26962535264272464,-0.5248557549824545,0.007326620559958225,0.0011556256004433777,0.06378806740818294,0.16711944875367482,0.2115866740510389,bgn_gam_oracle_bgnbase_s005@de109da+dirty
786,500,0.26759082431415837,0.26759082431415804,-0.5740161590730714,0.00726003454228549,0.0011214170153459675,0.06332924945359358,0.1650283522880011,0.2106430445047692,bgn_gam_oracle_bgnbase_s005@de109da+dirty
787,500,0.27091290486379493,0.2709129048637943,-0.46040127901899325,0.007437713606126758,0.001186640888683251,0.06396719070789668,0.1701424719248011,0.2108206376734922,bgn_gam_oracle_bgnbase_s005@de109da+dirty
788,500,0.2724085631308491,0.2724085631308484,-0.4063974930794498,0.007523277458175825,0.0012264110607441096,0.06424291922880825,0.1726051976656796,0.21074598692692934,bgn_gam_oracle_bgnbase_s005@de109da+dirty
789,500,0.2748240342418847,0.2748240342418868,-0.3251533426207794,0.007658217339270985,0.0012638886027050821,0.06486309002172688,0.17580406335118695,0.21123726258924214,bgn_gam_oracle_bgnbase_s005@de109da+dirty
790,500,0.27475336378081383,0.27475336378081205,-0.3363335535197608,0.007642855483170534,0.0012474602896233866,0.06462011892079894,0.17574520749530537,0.21119430141768572,bgn_gam_oracle_bgnbase_s005@de109da+dirty
791,500,0.27454463901001713,0.2745446390100185,-0.33264249396730583,0.007641454208243248,0.0012433746860586127,0.06459704970804643,0.17559617941182326,0.2110467734534489,bgn_gam_oracle_bgnbase_s005@de109da+dirty
792,500,0.2752229386089405,0.27522293860894137,-0.36040903782338907,0.007591353833469009,0.0012428252335862542,0.06424856074317284,0.17452832542710464,0.21280866890272884,bgn_gam_oracle_bgnbase_s005@de109da+dirty
793,500,0.2744250813438402,0.27442508134383964,-0.42445790024738245,0.007462394919792663,0.0012001995591654686,0.06354016939550053,0.17190913296676155,0.21390739882759924,bgn_gam_oracle_bgnbase_s005@de109da+dirty
794,500,0.27482552023115475,0.27482552023115303,-0.37726602958144617,0.007530251708091689,0.0012098337255702061,0.0636694892861662,0.1738535090147059,0.21284741946661798,bgn_gam_oracle_bgnbase_s005@de109da+dirty
795,500,0.27287241652037125,0.2728724165203705,-0.460833938533382,0.007370576896821184,0.0011620223655491688,0.06285808896368884,0.17004104990478333,0.21341367586203552,bgn_gam_oracle_bgnbase_s005@de109da+dirty
796,500,0.2713647307130249,0.27136473071302236,-0.5031796452122483,0.0073082846362443245,0.0011358062080449982,0.06243222842670623,0.16838677205847555,0.21280204902838581,bgn_gam_oracle_bgnbase_s005@de109da+dirty
797,500,0.2688025573374382,0.26880255733744096,-0.6170230393403783,0.007159090659164617,0.001068206989624277,0.06159594105812408,0.16377291743767688,0.2131507596634331,bgn_gam_oracle_bgnbase_s005@de109da+dirty
798,500,0.27332423196466316,0.27332423196466066,-0.4542508721185834,0.007423523141939727,0.0011587847419549198,0.06267528813520089,0.17120565122556106,0.21306046270367607,bgn_gam_oracle_bgnbase_s005@de109da+dirty
799,500,0.2711197639216382,0.2711197639216394,-0.5485307698756583,0.00727782578295074,0.0011004271121605636,0.06189067730199361,0.16732197963492945,0.21332904518600626,bgn_gam_oracle_bgnbase_s005@de109da+dirty
800,500,0.2737261749536853,0.27372617495368673,-0.4057565932058005,0.007520538568606421,0.0011614254491663302,0.06285071192275332,0.17374186500342156,0.21151780823351107,bgn_gam_oracle_bgnbase_s005@de109da+dirty
801,500,0.2721684423165478,0.27216844231654613,-0.4975825421860187,0.007365654103014892,0.0011143097409169913,0.06197004961329617,0.169903242233854,0.212623021499179,bgn_gam_oracle_bgnbase_s005@de109da+dirty
802,500,0.2755782648286986,0.2755782648287018,-0.35244542671152507,0.007610726917370268,0.0011805470932111774,0.06290183219068841,0.1762616204889224,0.21183772371467607,bgn_gam_oracle_bgnbase_s005@de109da+dirty
803,500,0.27894213220659925,0.2789421322065977,-0.18004588749684652,0.007929819505102966,0.001270418801305073,0.06444025543721403,0.18307724011793258,0.21045530943828608,bgn_gam_oracle_bgnbase_s005@de109da+dirty
804,500,0.2802779493008355,0.2802779493008367,-0.19714180038836024,0.007888105386739723,0.0012589292455001014,0.06437490986489426,0.1821012704108817,0.21306068661070407,bgn_gam_oracle_bgnbase_s005@de109da+dirty
805,500,0.28383849225500063,0.28383849225500146,-0.07703966247656904,0.008108147760687998,0.0013503484574611108,0.06559058547726548,0.1863855080697668,0.2140671204719841,bgn_gam_oracle_bgnbase_s005@de109da+dirty
806,500,0.28182913144660077,0.2818291314465995,-0.186469390231429,0.00787458987866111,0.0013001003145891486,0.06453826485417363,0.1819298127343472,0.21524219514396042,bgn_gam_oracle_bgnbase_s005@de109da+dirty
807,500,0.2815232075897695,0.28152320758977034,-0.23778883595016725,0.007763410755547359,0.0012934041183499515,0.06392979225059846,0.18004665577020884,0.21642208334085591,bgn_gam_oracle_bgnbase_s005@de109da+dirty
808,500,0.28464420316001293,0.2846442031600138,-0.14682163805290957,0.007916724836615756,0.001355879803745187,0.06483311896861758,0.18307685992799774,0.21795684378221072,bgn_gam_oracle_bgnbase_s005@de109da+dirty
809,500,0.284910976527453,0.2849109765274552,-0.16075112221848378,0.007865993304109645,0.0013548048597630338,0.06460987481731996,0.18228619378114544,0.21896576924855074,bgn_gam_oracle_bgnbase_s005@de109da+dirty
810,500,0.2843424790221585,0.2843424790221554,-0.19483099992124292,0.007796782951419997,0.0013346055231092011,0.06430148897300521,0.18108371524696443,0.21922439063394142,bgn_gam_oracle_bgnbase_s005@de109da+dirty
811,500,0.2825611507156325,0.2825611507156306,-0.20614900633914982,0.007786298691251846,0.0012751624950022807,0.06405874282760761,0.18089747386918678,0.21706429425746018,bgn_gam_oracle_bgnbase_s005@de109da+dirty
812,500,0.2808300892227149,0.28083008922271574,-0.27263642196967003,0.007657067897403673,0.0012407858741487095,0.06346786641273353,0.17800224828936836,0.21721127644937793,bgn_gam_oracle_bgnbase_s005@de109da+dirty
813,500,0.2788498903403857,0.27884989034038427,-0.3702684205282884,0.007471089327901003,0.0011941185928215927,0.06249126998255801,0.17400806249681455,0.21789551516483724,bgn_gam_oracle_bgnbase_s005@de109da+dirty
814,500,0.2801351461902141,0.28013514619021274,-0.30466081995463085,0.007566624628623673,0.0012418473146004385,0.06308321934398302,0.17660555593970015,0.21745385198299452,bgn_gam_oracle_bgnbase_s005@de109da+dirty
815,500,0.2765118948976004,0.2765118948976007,-0.4617808955439209,0.007285958803139845,0.0011514480377098958,0.06177946980411227,0.16988618569469557,0.21816854019305584,bgn_gam_oracle_bgnbase_s005@de109da+dirty
816,500,0.27608313947162644,0.2760831394716286,-0.4875754452641501,0.007259141943027494,0.0011281131090402463,0.06130525066983476,0.16899444622806345,0.21831806394474026,bgn_gam_oracle_bgnbase_s005@de109da+dirty
817,500,0.27617614122189144,0.2761761412218929,-0.4598459918627994,0.007321835390836866,0.0011420689510748142,0.06143188616333828,0.17056321366451366,0.21721291656954378,bgn_gam_oracle_bgnbase_s005@de109da+dirty
818,500,0.2786382570268484,0.2786382570268482,-0.34968660349955855,0.007512042034018588,0.0011898972473563646,0.062116563225990545,0.17562007108680355,0.21632583967345673,bgn_gam_oracle_bgnbase_s005@de109da+dirty
819,500,0.278174636196706,0.27817463619670324,-0.34145222542995524,0.00752398165358809,0.0011890692835832117,0.06217854983882872,0.17575566621915242,0.21561788890310474,bgn_gam_oracle_bgnbase_s005@de109da+dirty
820,500,0.27762840353215446,0.2776284035321546,-0.4011512565273208,0.007416640762551653,0.0011512259290996638,0.06162726925055579,0.17326963829517583,0.21692202030423682,bgn_gam_oracle_bgnbase_s005@de109da+dirty
821,500,0.27308019256944127,0.2730801925694422,-0.5687656719862269,0.007168609436956767,0.0010580955812530743,0.060523764591112764,0.16640805106417594,0.21652055818047797,bgn_gam_oracle_bgnbase_s005@de109da+dirty
822,500,0.27979852345537864,0.27979852345538037,-0.29671674453401686,0.0076204134188614095,0.0011924801742581412,0.06223927988561833,0.17818261951414024,0.21572706791427262,bgn_gam_oracle_bgnbase_s005@de109da+dirty
823,500,0.2783136263687106,0.2783136263687108,-0.35945204239018497,0.007498515523422194,0.0011630798606813684,0.061663472093443486,0.1754345563318264,0.21605830478636426,bgn_gam_oracle_bgnbase_s005@de109da+dirty
824,500,0.2816737699526316,0.281673769952632,-0.3006663257279408,0.007585360439887985,0.0012004745064753534,0.06202727136083889,0.1776356895657616,0.2185993469153657,bgn_gam_oracle_bgnbase_s005@de109da+dirty
825,500,0.28004551816219847,0.2800455181622003,-0.39311227496950574,0.007417556551397421,0.001156247459009945,0.06117329276710744,0.17414342593004103,0.2193161176203941,bgn_gam_oracle_bgnbase_s005@de109da+dirty
826,500,0.281356892912197,0.2813568929121959,-0.342206097070263,0.007502949280316565,0.0011872403806491517,0.06154616030623204,0.1759145053303101,0.2195809372500213,bgn_gam_oracle_bgnbase_s005@de109da+dirty
827,500,0.2812724811655286,0.281272481165531,-0.46609266184498477,0.007284816790519697,0.0011351625260403518,0.06060008135101183,0.17084374820593526,0.22344266011654904,bgn_gam_oracle_bgnbase_s005@de109da+dirty
828,500,0.27903592098676616,0.2790359209867684,-0.5241224166809458,0.007197360583522109,0.0010994861704946971,0.060122554139578135,0.1684357611236151,0.22246446811938592,bgn_gam_oracle_bgnbase_s005@de109da+dirty
829,500,0.2773213327560098,0.2773213327560109,-0.4950477200501621,0.007273352466326458,0.0010970575866445008,0.06020954507809856,0.17033387725889665,0.21884581755089733,bgn_gam_oracle_bgnbase_s005@de109da+dirty
830,500,0.2750008503022621,0.2750008503022623,-0.5854831623269905,0.007153190296754724,0.001048270760757767,0.05971335305660303,0.1663421794961633,0.21898800649221264,bgn_gam_oracle_bgnbase_s005@de109da+dirty
831,500,0.27813550697475925,0.2781355069747607,-0.4939040922509589,0.007305528669364497,0.0011053404798667414,0.06003196870932772,0.17107932105828155,0.21929711841778443,bgn_gam_oracle_bgnbase_s005@de109da+dirty
832,500,0.27810049521956753,0.2781004952195631,-0.49560112804134177,0.007303817388627312,0.0010936658104802408,0.059864994535109115,0.17104324128031195,0.21928085884019538,bgn_gam_oracle_bgnbase_s005@de109da+dirty
833,500,0.2821673763142536,0.2821673763142538,-0.37983226823416766,0.007502872715866692,0.0011552777640323412,0.06055859509282429,0.17617318110831173,0.22041197452554068,bgn_gam_oracle_bgnbase_s005@de109da+dirty
834,500,0.28292482651806006,0.2829248265180606,-0.3233428664294131,0.007592916269037939,0.0011750072211148485,0.060894778244668275,0.17837189962111688,0.21961312093276344,bgn_gam_oracle_bgnbase_s005@de109da+dirty
835,500,0.2822440873608926,0.2822440873608902,-0.3540993559191519,0.0075288187460696675,0.0011508927266795754,0.06054387659420294,0.17689406503901509,0.2199322955005833,bgn_gam_oracle_bgnbase_s005@de109da+dirty
836,500,0.28158628139075115,0.28158628139075265,-0.4428548270914207,0.007365486027772803,0.001121450323726619,0.059907608558528475,0.17290051578910487,0.22225266141788444,bgn_gam_oracle_bgnbase_s005@de109da+dirty
837,500,0.2796488028658317,0.27964880286583177,-0.4396041514090777,0.007389606085242805,0.0010992779289709235,0.059860915005689054,0.17354112655049647,0.21928732370996135,bgn_gam_oracle_bgnbase_s005@de109da+dirty
838,500,0.28164087544719174,0.28164087544719013,-0.356497852952907,0.007528300820059928,0.0011342658314500676,0.060360082680561915,0.17696541821197367,0.21910003076157206,bgn_gam_oracle_bgnbase_s005@de109da+dirty
839,500,0.28157615605018615,0.2815761560501844,-0.4498783675514379,0.007370360869306083,0.0010953232612289224,0.05968204994317587,0.17330166829422156,0.22192715791997697,bgn_gam_oracle_bgnbase_s005@de109da+dirty
840,500,0.28409295252547095,0.284092952525468,-0.3385243905087134,0.007564849668424664,0.0011350644756257392,0.06036222375140948,0.178046140127475,0.22137835860884647,bgn_gam_oracle_bgnbase_s005@de109da+dirty
841,500,0.28105719464651074,0.28105719464650786,-0.4415874988029544,0.007381230809641663,0.0010810771820500302,0.0595902495169708,0.17350574365131155,0.22110835258436526,bgn_gam_oracle_bgnbase_s005@de109da+dirty
842,500,0.28236006556147675,0.28236006556147897,-0.41610762557352604,0.007423144301304168,0.0010998360839387744,0.05965584848418523,0.17462767932197096,0.22188370881726382,bgn_gam_oracle_bgnbase_s005@de109da+dirty
843,500,0.2833248634843663,0.2833248634843642,-0.37018853701796317,0.007494619263603022,0.0011272282862493297,0.05982699575342485,0.17661451958189864,0.22154071802106706,bgn_gam_oracle_bgnbase_s005@de109da+dirty
844,500,0.28096195807366,0.2809619580736577,-0.42209234763775966,0.007405171215511952,0.001092097299705287,0.059423608537625947,0.174773906936889,0.21998568894044163,bgn_gam_oracle_bgnbase_s005@de109da+dirty
845,500,0.27753411177822435,0.2775341117782254,-0.530752689102163,0.007235468806853358,0.001036391413336199,0.05878647116074819,0.16985065543650404,0.2194901775668285,bgn_gam_oracle_bgnbase_s005@de109da+dirty
846,500,0.2772685223256426,0.27726852232564075,-0.5511466768286657,0.007217618160278971,0.0010298258968834298,0.05853960242261685,0.16962337716571962,0.2193302154094173,bgn_gam_oracle_bgnbase_s005@de109da+dirty
847,500,0.27825936054674055,0.27825936054673994,-0.4931378478431338,0.007312542623125962,0.001044988683590777,0.05871236327532006,0.17237515709970955,0.21843781024980863,bgn_gam_oracle_bgnbase_s005@de109da+dirty
848,500,0.27613749282814753,0.27613749282814554,-0.5642125294379343,0.007208591826579538,0.0010169577578151587,0.058246261081618254,0.1694106078773592,0.21806412103791598,bgn_gam_oracle_bgnbase_s005@de109da+dirty
849,500,0.27897255983274477,0.2789725598327451,-0.4977444287561479,0.00732161139834637,0.0010455175132000668,0.05849382776194645,0.1724454320091464,0.21929036029614532,bgn_gam_oracle_bgnbase_s005@de109da+dirty
850,500,0.280137466466686,0.2801374664666859,-0.4640351477185035,0.00736711472166516,0.001060955055652641,0.05858172023610868,0.17400742485857235,0.2195413769940918,bgn_gam_oracle_bgnbase_s005@de109da+dirty
851,500,0.2773744815643826,0.27737448156438077,-0.5738403061719649,0.007199427889229902,0.0010194227346724525,0.05803829850885128,0.16901066544281418,0.21993634985987914,bgn_gam_oracle_bgnbase_s005@de109da+dirty
852,500,0.27280982138855703,0.27280982138855525,-0.7003106238892408,0.0070483562461473494,0.0009619535120290799,0.05765455506331674,0.1636844610564129,0.21824893093604844,bgn_gam_oracle_bgnbase_s005@de109da+dirty
853,500,0.27363223995021324,0.2736322399502131,-0.6746231093761379,0.007120097216715633,0.0009755094743639038,0.057635920839161615,0.1656236822124929,0.21781505602355922,bgn_gam_oracle_bgnbase_s005@de109da+dirty
854,500,0.2737187752037663,0.27371877520376586,-0.6656244426300842,0.007150337470285473,0.0009716342059130124,0.057517836385985774,0.16678246673631128,0.21703819177370873,bgn_gam_oracle_bgnbase_s005@de109da+dirty
855,500,0.2710347360775501,0.2710347360775521,-0.7413062946633703,0.007083655167812051,0.0009324961724288398,0.05741042943777414,0.16362529802445933,0.21607079859859382,bgn_gam_oracle_bgnbase_s005@de109da+dirty
856,500,0.2682342720308351,0.26823427203083583,-0.7996847523228916,0.007065876880306768,0.0009025315454563996,0.05743984937033416,0.16180677137163202,0.21393502151401123,bgn_gam_oracle_bgnbase_s005@de109da+dirty
857,500,0.2735652778067747,0.27356527780677203,-0.6096654600438502,0.00737603148857617,0.0009810641053983858,0.05798647920931633,0.17154253560477264,0.21309884959751219,bgn_gam_oracle_bgnbase_s005@de109da+dirty
858,500,0.2748888648384382,0.2748888648384389,-0.5463442921288105,0.007493266750734348,0.0010015222272818662,0.05827434499556243,0.1743022967476131,0.21256198474956,bgn_gam_oracle_bgnbase_s005@de109da+dirty
859,500,0.2768694035618875,0.27686940356188394,-0.470007446213413,0.007625352353397333,0.0010357829116498405,0.05851718558032614,0.1777122932968024,0.21230875497705362,bgn_gam_oracle_bgnbase_s005@de109da+dirty
860,500,0.27478370413243614,0.2747837041324376,-0.5266437344181604,0.007529293438728449,0.0010053208016655,0.058077182613820354,0.17545468269386572,0.21147514836863715,bgn_gam_oracle_bgnbase_s005@de109da+dirty
861,500,0.2739707506491759,0.27397075064917553,-0.516491018489181,0.007557225245741735,0.0010031313092641037,0.05813018318019767,0.17597412261874054,0.20998352406757395,bgn_gam_oracle_bgnbase_s005@de109da+dirty
862,500,0.275290460676157,0.275290460676156,-0.4361317560239162,0.007697422068195916,0.0010252621519575098,0.058489971533113666,0.1796917277849549,0.2085562770691604,bgn_gam_oracle_bgnbase_s005@de109da+dirty
863,500,0.2729493274331527,0.27294932743315364,-0.5124540277410414,0.007565565419665358,0.0009895260083715197,0.05800032176678972,0.17640523613110806,0.20828472822494312,bgn_gam_oracle_bgnbase_s005@de109da+dirty
864,500,0.2718022408322945,0.27180224083229726,-0.5416049586087833,0.007522410583454932,0.0009718253622096464,0.05775341336934712,0.17531241336390258,0.20770656186548553,bgn_gam_oracle_bgnbase_s005@de109da+dirty
865,500,0.27027837795183796,0.27027837795183823,-0.560230691875561,0.007499961295509573,0.0009489008924715666,0.05759731338245757,0.17469385222506081,0.20623399230739142,bgn_gam_oracle_bgnbase_s005@de109da+dirty
866,500,0.26895597630772883,0.26895597630772794,-0.5883780015262302,0.007469392524840005,0.0009292345880744083,0.05739086199461741,0.17376296660296617,0.20528942649094242,bgn_gam_oracle_bgnbase_s005@de109da+dirty
867,500,0.2697483047630722,0.2697483047630708,-0.5250447624315971,0.007583817419381684,0.0009466331005929935,0.057648714267163524,0.17679990383668492,0.20373007123615858,bgn_gam_oracle_bgnbase_s005@de109da+dirty
868,500,0.2694467336214928,0.2694467336214971,-0.5571439985073987,0.0075449733642410826,0.000940415682983443,0.05753414727714566,0.1754749606427172,0.20447513405480028,bgn_gam_oracle_bgnbase_s005@de109da+dirty
869,500,0.26956827914066966,0.2695682791406672,-0.5401779802925916,0.007584125272719831,0.0009521501008649321,0.0575622969996568,0.17652214464897067,0.20373264237080388,bgn_gam_oracle_bgnbase_s005@de109da+dirty
870,500,0.27005966053690134,0.2700596605368978,-0.5337961747690976,0.007583255503680066,0.0009499057166291855,0.05745940400662307,0.17669449746154836,0.204233383206853,bgn_gam_oracle_bgnbase_s005@de109da+dirty
871,500,0.2720199696469471,0.2720199696469478,-0.4943696546966478,0.00765423341583685,0.0009730466268401687,0.05764930673779403,0.17861694775377854,0.20516054655281543,bgn_gam_oracle_bgnbase_s005@de109da+dirty
872,500,0.2721885768637769,0.2721885768637751,-0.48576685180544965,0.007661679106814043,0.0009758331326606989,0.05761638142147819,0.17860939946287363,0.20539061273251955,bgn_gam_oracle_bgnbase_s005@de109da+dirty
873,500,0.2708112630968918,0.2708112630968913,-0.5763948961782507,0.007508423041552103,0.0009443304886123139,0.057050550977875765,0.174962471158543,0.2067047989433965,bgn_gam_oracle_bgnbase_s005@de109da+dirty
874,500,0.2681110441055162,0.2681110441055138,-0.6551048447312404,0.00739383517874667,0.000904817432180485,0.0566709921248559,0.1717474673724792,0.20587942933301825,bgn_gam_oracle_bgnbase_s005@de109da+dirty
875,500,0.2637994417770271,0.263799441777027,-0.7729306034297845,0.00725163831750599,0.0008681837814483854,0.05642521672899545,0.16672935322632296,0.20442961687241684,bgn_gam_oracle_bgnbase_s005@de109da+dirty
876,500,0.2649617618906185,0.26496176189062176,-0.7263776424413585,0.007349190834530377,0.0008973768907717945,0.056512796564047875,0.16955175154744123,0.20360977091332225,bgn_gam_oracle_bgnbase_s005@de109da+dirty
877,500,0.26628803971261045,0.26628803971260795,-0.6696458474201705,0.007458813753144877,0.0009181886708835958,0.056635842269092775,0.17245282331677084,0.20290230117980285,bgn_gam_oracle_bgnbase_s005@de109da+dirty
878,500,0.26656103199215736,0.2665610319921581,-0.623769616869596,0.007550326149333973,0.0009209316406210722,0.05672594134261325,0.17499651799937294,0.2010746191462739,bgn_gam_oracle_bgnbase_s005@de109da+dirty
879,500,0.2705405295712099,0.27054052957120894,-0.44599503473054586,0.00788135552261119,0.0009919146659744884,0.057821169044398546,0.18216668340272818,0.2000186931232201,bgn_gam_oracle_bgnbase_s005@de109da+dirty
880,500,0.26977629781377416,0.2697762978137729,-0.46335500125336854,0.007840931647350217,0.0009799761511522715,0.05758666253813925,0.18162098222078704,0.1994820033969549,bgn_gam_oracle_bgnbase_s005@de109da+dirty
881,500,0.2732747696701314,0.2732747696701299,-0.3690921831402237,0.008015142804399982,0.0010224319547687832,0.05818709350505962,0.18512283199381233,0.2010189961492548,bgn_gam_oracle_bgnbase_s005@de109da+dirty
882,500,0.27325349893595213,0.273253498935955,-0.3692376453823728,0.0080104554887016,0.0010213107491522382,0.05822065060689499,0.185091463063645,0.20101896672130154,bgn_gam_oracle_bgnbase_s005@de109da+dirty
883,500,0.2758011056524664,0.2758011056524635,-0.2787236120713102,0.008199010961344236,0.0010679403478601082,0.05892417259020645,0.18878892197020258,0.20105967477455963,bgn_gam_oracle_bgnbase_s005@de109da+dirty
884,500,0.2754760416749498,0.27547604167494766,-0.3302492073473866,0.008083054349411423,0.0010562460196575087,0.05853143631716292,0.18645860736019715,0.20278125475051811,bgn_gam_oracle_bgnbase_s005@de109da+dirty
885,500,0.2745082396315879,0.27450823963158677,-0.3450661224076261,0.008044124279420377,0.001050972181053332,0.058388690276608916,0.18583655284814732,0.20203848457942616,bgn_gam_oracle_bgnbase_s005@de109da+dirty
886,500,0.27315142359099875,0.2731514235909979,-0.41237774760468204,0.007907460238166778,0.0010278220288089583,0.05785583313278248,0.18324668149216422,0.2025644438984753,bgn_gam_oracle_bgnbase_s005@de109da+dirty
887,500,0.2698539568013826,0.2698539568013827,-0.5074438825761105,0.007738143719117501,0.0009891479952646482,0.057190914219051335,0.17980971508454457,0.2012203378453017,bgn_gam_oracle_bgnbase_s005@de109da+dirty
888,500,0.26592567006552426,0.26592567006552525,-0.6476951158318952,0.007501571036228002,0.0009267307370563986,0.05651664417236648,0.1737357108067944,0.20132651288455766,bgn_gam_oracle_bgnbase_s005@de109da+dirty
889,500,0.26882877088831447,0.2688287708883157,-0.5362053729245227,0.007702738427762407,0.0009781406244752718,0.0569447159386027,0.17892171202516924,0.2006388023870365,bgn_gam_oracle_bgnbase_s005@de109da+dirty
890,500,0.2692670734394652,0.26926707343946316,-0.4967897801392774,0.007779054342157947,0.0009861598007787572,0.05711846404615223,0.18051457169070226,0.19979801361869606,bgn_gam_oracle_bgnbase_s005@de109da+dirty
891,500,0.2750627307851164,0.27506273078511373,-0.23544626924622133,0.008309602900827221,0.0010975149895902049,0.05900872917211718,0.1908065157825544,0.19812213253921745,bgn_gam_oracle_bgnbase_s005@de109da+dirty
892,500,0.27405249402941906,0.2740524940294168,-0.23124404428753173,0.008304389140629533,0.0010978913216184243,0.05905435049934667,0.19054595496444862,0.19696956244666608,bgn_gam_oracle_bgnbase_s005@de109da+dirty
893,500,0.2751785890747147,0.275178589074715,-0.20833348449632771,0.008344523396568673,0.001115935320014046,0.05924353635346999,0.19154542896557805,0.1975692398313649,bgn_gam_oracle_bgnbase_s005@de109da+dirty
894,500,0.27252082314984927,0.27252082314984694,-0.28884409610556183,0.008164293792093961,0.0010715302489782337,0.05861256421309896,0.18822161026593617,0.19707923401304728,bgn_gam_oracle_bgnbase_s005@de109da+dirty
895,500,0.2752237655293426,0.27522376552934064,-0.17471342799833595,0.008396522466545413,0.0011177873669915765,0.059584152274844426,0.192277328645208,0.1969201614899125,bgn_gam_oracle_bgnbase_s005@de109da+dirty
896,500,0.27486142694341636,0.2748614269434184,-0.2143122089546652,0.008296046692519661,0.0011002084199842753,0.05922502569456916,0.19063382548934138,0.19800896091003142,bgn_gam_oracle_bgnbase_s005@de109da+dirty
897,500,0.2784447932695354,0.27844479326953675,-0.039810724707135106,0.008682905612874929,0.0011832991481021424,0.06094419824251503,0.1966635796707991,0.19711656279973427,bgn_gam_oracle_bgnbase_s005@de109da+dirty
898,500,0.2821763710962683,0.2821763710962695,0.1418430093442902,0.009115405990004564,0.0012706202377689903,0.06302342799884984,0.20233208849389092,0.19668561302433696,bgn_gam_oracle_bgnbase_s005@de109da+dirty
