month,n,sr_max,sr_max_code,rf,mean_mu,sd_mu,mean_idio_sd,sr_ew,sr_orth,prov
414,500,0.31678120591988174,0.3167812059198814,0.1349193660297131,0.006758503584505369,0.001440307508130732,0.060106720986953306,0.17663359575127857,0.2629655971339757,bgn_gam_oracle_bgnzr_s004@cc56eea+dirty
415,500,0.315567569267699,0.31556756926770063,0.09142834245720217,0.0067196381048024115,0.001411111488110999,0.05995203506281543,0.1753004280270873,0.26239788624728666,bgn_gam_oracle_bgnzr_s004@cc56eea+dirty
416,500,0.3177287322159223,0.3177287322159217,0.08654109773065928,0.0066940915072008274,0.0014247757987552127,0.05987427097823274,0.17444266803015085,0.2655584734970056,bgn_gam_oracle_bgnzr_s004@cc56eea+dirty
417,500,0.32275009751204786,0.3227500975120488,0.31072441316722094,0.006877689443128106,0.001558215364605613,0.060678693802546334,0.18194384694518478,0.2665784349920743,bgn_gam_oracle_bgnzr_s004@cc56eea+dirty
418,500,0.32012246260249805,0.32012246260249766,0.2225230168098101,0.006774604415084713,0.0015107277051419421,0.060439393071735334,0.17834726767855774,0.26583950642122517,bgn_gam_oracle_bgnzr_s004@cc56eea+dirty
419,500,0.32133530752011197,0.32133530752011086,0.2715787056172902,0.006793941001343104,0.001541772772648423,0.06056696472234263,0.17954799814832068,0.26649370765550084,bgn_gam_oracle_bgnzr_s004@cc56eea+dirty
420,500,0.3236254959318455,0.32362549593184636,0.35931738357784965,0.006869443218171851,0.0016012837071006252,0.061037195324554115,0.18222018758624178,0.2674495557169011,bgn_gam_oracle_bgnzr_s004@cc56eea+dirty
421,500,0.3218032212435499,0.3218032212435495,0.2680667119085894,0.006764155101814298,0.0015484312300648785,0.06068115167071548,0.17882310646507338,0.2675436596088686,bgn_gam_oracle_bgnzr_s004@cc56eea+dirty
422,500,0.32349859942044146,0.32349859942044096,0.36568290870958164,0.006864326409548361,0.001605515212812851,0.061125632032890655,0.18226398642570515,0.2672661278186924,bgn_gam_oracle_bgnzr_s004@cc56eea+dirty
423,500,0.3250675063622219,0.32506750636222076,0.4022532199840109,0.006888052315998756,0.001616951269017029,0.06123179539047939,0.1833371461710328,0.2684331844731842,bgn_gam_oracle_bgnzr_s004@cc56eea+dirty
424,500,0.32353093131119415,0.3235309313111934,0.31667468631292295,0.00679657529608167,0.001578419428567652,0.061062299884267986,0.17990108767328797,0.2689012126582113,bgn_gam_oracle_bgnzr_s004@cc56eea+dirty
425,500,0.32374931369507326,0.3237493136950741,0.32103878838103755,0.006799908449976758,0.0015883520645788404,0.06119663963834807,0.1801323401120455,0.26900921575996106,bgn_gam_oracle_bgnzr_s004@cc56eea+dirty
426,500,0.32085803874243307,0.320858038742433,0.20544788437330658,0.0066904232807215285,0.0015071832670999405,0.060820354174003964,0.1758403772441267,0.2683841328325575,bgn_gam_oracle_bgnzr_s004@cc56eea+dirty
427,500,0.3267391107405571,0.3267391107405569,0.4180092582028633,0.006852564328698884,0.001642269978339052,0.06172435896460909,0.18233012614255364,0.27113496932039316,bgn_gam_oracle_bgnzr_s004@cc56eea+dirty
428,500,0.33139390170135724,0.33139390170135674,0.609674826589247,0.007032365755366601,0.0017745096339461571,0.06283621497072409,0.18786823671875205,0.27299714965002064,bgn_gam_oracle_bgnzr_s004@cc56eea+dirty
429,500,0.33048859282390025,0.3304885928239003,0.603342112753691,0.007018960033641351,0.0017722759948027183,0.06293629027326071,0.18756034635272353,0.2721099528917826,bgn_gam_oracle_bgnzr_s004@cc56eea+dirty
430,500,0.3290741262566146,0.3290741262566138,0.5266642418978204,0.006926045250592582,0.001725761719421097,0.06259576656397361,0.1848246864602762,0.2722675446071656,bgn_gam_oracle_bgnzr_s004@cc56eea+dirty
431,500,0.32865650255172835,0.3286565025517296,0.503573971862554,0.006890866521555635,0.0017292602436592222,0.06258392480293004,0.18370632119716726,0.2725198785808798,bgn_gam_oracle_bgnzr_s004@cc56eea+dirty
432,499,0.32657519975220917,0.32690959101931,0.40536217083904275,0.006776881426460775,0.0016719873094027684,0.062172147643419474,0.1800755487531859,0.27244110892894685,bgn_gam_oracle_bgnzr_s004@cc56eea+dirty
433,499,0.3266173521091565,0.32693885574216675,0.3765770103440327,0.006740199700203523,0.0016763020447086417,0.062213764431819814,0.1787473625419867,0.27336472903994086,bgn_gam_oracle_bgnzr_s004@cc56eea+dirty
434,499,0.3233588001067503,0.32366620179772176,0.2692917064008543,0.0066373349785553565,0.0016091171418480118,0.061913762959467655,0.1749595212751874,0.2719376390307795,bgn_gam_oracle_bgnzr_s004@cc56eea+dirty
435,499,0.3233205488863093,0.3236176634130048,0.2397104666117239,0.006607471949296904,0.0015947090109277172,0.061909203496908455,0.17371978478666772,0.27268592502330985,bgn_gam_oracle_bgnzr_s004@cc56eea+dirty
436,499,0.3260701002149076,0.32634628506636454,0.26192626758364124,0.006600346777352088,0.0016454736091944383,0.0619870207269007,0.17436825586869933,0.27553116266489297,bgn_gam_oracle_bgnzr_s004@cc56eea+dirty
437,499,0.32696174552713353,0.32722739114213106,0.27950563876083184,0.006600453714077806,0.0016749831407381665,0.06214890883861908,0.17437674939595843,0.2765804264734747,bgn_gam_oracle_bgnzr_s004@cc56eea+dirty
438,499,0.3271093021172598,0.3273939567895463,0.33257144580253534,0.006635650870997047,0.0016964022703396442,0.06250809015854819,0.17559053243186729,0.27598634106044834,bgn_gam_oracle_bgnzr_s004@cc56eea+dirty
439,499,0.32630411035123297,0.326478345736742,0.27102103129439,0.006567920412059115,0.0016683380456307914,0.06226984328286348,0.1732410652668062,0.2765174600948949,bgn_gam_oracle_bgnzr_s004@cc56eea+dirty
440,499,0.32783306512379423,0.3281045066005762,0.32738160599433647,0.006601816300841747,0.001702200417898279,0.06259249326683898,0.1747846483019094,0.27735328609273724,bgn_gam_oracle_bgnzr_s004@cc56eea+dirty
441,499,0.3279334790804929,0.32818761710963246,0.31375971821590404,0.006565821117481128,0.0017190711795187718,0.06265509165089972,0.17363094722138156,0.2781953645710904,bgn_gam_oracle_bgnzr_s004@cc56eea+dirty
442,498,0.3278042674161449,0.32830974783050065,0.3219431255701251,0.006561403229105778,0.0017168503441517158,0.06269468968561154,0.1739687403852207,0.2778318108226902,bgn_gam_oracle_bgnzr_s004@cc56eea+dirty
443,498,0.3308073459146091,0.3313252575291966,0.4575298337092107,0.006657378355914251,0.0017980233822491314,0.0632664525310376,0.1778177217161288,0.2789522503131194,bgn_gam_oracle_bgnzr_s004@cc56eea+dirty
444,498,0.330958475107237,0.33144164912287016,0.4376112338291835,0.006608807906669729,0.0017918374253305177,0.06319775498247486,0.17638077291595125,0.2800416668834823,bgn_gam_oracle_bgnzr_s004@cc56eea+dirty
445,497,0.3282453456747167,0.3289372791956697,0.3359574969733905,0.00650960468211788,0.001724022274631645,0.06280271564066879,0.17299367818180847,0.2789591265154147,bgn_gam_oracle_bgnzr_s004@cc56eea+dirty
446,497,0.32940256142263047,0.3300912186414991,0.3624282044388783,0.006510652269508727,0.0017532881235028852,0.06314634014982978,0.17306258000630226,0.2802773463434961,bgn_gam_oracle_bgnzr_s004@cc56eea+dirty
447,497,0.3264448181722799,0.32710335140813135,0.2474063730204689,0.00641913741099858,0.0016642729839946874,0.06263806020773258,0.16969823985054913,0.27887044788424314,bgn_gam_oracle_bgnzr_s004@cc56eea+dirty
448,497,0.3254410309733051,0.32608859036729687,0.2123723681816032,0.0063687156851082016,0.0016277649431780431,0.0623939003510559,0.16788639119575244,0.2787938742014152,bgn_gam_oracle_bgnzr_s004@cc56eea+dirty
449,497,0.32567148875419155,0.32631713188850214,0.2173701320712444,0.006361613175776608,0.0016269879664175986,0.06237139571372653,0.16803122551428254,0.278975672486939,bgn_gam_oracle_bgnzr_s004@cc56eea+dirty
450,496,0.3220828169987422,0.3229397009832919,0.03873246698646095,0.006254046626619613,0.0015112003816282035,0.061495549366880994,0.1620135970704476,0.27836834477027,bgn_gam_oracle_bgnzr_s004@cc56eea+dirty
451,496,0.31801224250069027,0.3189267584787022,-0.08317215576216473,0.006226724992738079,0.001437606638355233,0.061309737918983684,0.15865562872378391,0.27560874052645473,bgn_gam_oracle_bgnzr_s004@cc56eea+dirty
452,496,0.3167735202379409,0.3174574879166775,-0.1392015694621002,0.0062029586503777176,0.001403211364984315,0.061054740707721926,0.1571971713103491,0.27501729483063775,bgn_gam_oracle_bgnzr_s004@cc56eea+dirty
453,497,0.31783593008437067,0.3183120335913043,-0.09541219709635329,0.006224136191274851,0.0014207290525020322,0.061101594347995516,0.15864530367539612,0.2754112308427859,bgn_gam_oracle_bgnzr_s004@cc56eea+dirty
454,498,0.320954386869151,0.3214109054816367,-0.005130209293675137,0.006257117009469365,0.001481504647423585,0.06116858491646251,0.16144650106208036,0.2773927644070125,bgn_gam_oracle_bgnzr_s004@cc56eea+dirty
455,498,0.3215959070957621,0.32204628758369097,0.014020258393475506,0.00626171809541708,0.0014952892411567045,0.0611994506085439,0.16218864497000768,0.2777026663601537,bgn_gam_oracle_bgnzr_s004@cc56eea+dirty
456,498,0.3247804257689933,0.3252485749800719,0.16014099917016142,0.0063491737572610035,0.0015763669466470546,0.06154105853841791,0.1667322650017378,0.27871612219259734,bgn_gam_oracle_bgnzr_s004@cc56eea+dirty
457,498,0.3262977605820998,0.32676065320546227,0.22422650229018015,0.00638331082406507,0.0016195422796835633,0.06194662310311069,0.1683428649665739,0.2795190662114826,bgn_gam_oracle_bgnzr_s004@cc56eea+dirty
458,498,0.3223459682143075,0.32280614786136547,0.05740157295393212,0.00627544919511953,0.0015229568689243888,0.061527306538736046,0.16285775572269384,0.2781802915826115,bgn_gam_oracle_bgnzr_s004@cc56eea+dirty
459,498,0.3241920540514356,0.3246488311709041,0.12791820087241984,0.006297818710785949,0.0015643565455853315,0.061707457926006126,0.16474712689240392,0.279211160397981,bgn_gam_oracle_bgnzr_s004@cc56eea+dirty
460,498,0.3214183921105136,0.321883490147301,0.03580502755019732,0.006251575171401547,0.001499712745672196,0.061390375938559595,0.16194957773579505,0.27763666374977486,bgn_gam_oracle_bgnzr_s004@cc56eea+dirty
461,496,0.32019964482042845,0.3211375405959533,-0.014751317351654716,0.006226166333296171,0.0014555266735820195,0.06107147281905097,0.16090272551679236,0.27683591794490164,bgn_gam_oracle_bgnzr_s004@cc56eea+dirty
462,496,0.3200508476347555,0.32099218997723483,-0.04201601332477518,0.006219791431236116,0.001437149085691585,0.06106004324363433,0.15985552746135162,0.27727018485906224,bgn_gam_oracle_bgnzr_s004@cc56eea+dirty
463,496,0.3180799951417786,0.3189236628791444,-0.09211676487109759,0.006211393240069463,0.0014018573649041302,0.0608787372744438,0.15881343496181952,0.27559603804304195,bgn_gam_oracle_bgnzr_s004@cc56eea+dirty
464,497,0.31836622125067754,0.319106203935939,-0.09802876637811937,0.00619972407299894,0.0013988049505866775,0.0609441770269544,0.1579917694536945,0.27639763316339383,bgn_gam_oracle_bgnzr_s004@cc56eea+dirty
465,497,0.3199432067273042,0.32067129468903544,-0.04464313032010601,0.006225393817461749,0.001433443009823643,0.06089666256663427,0.16027205499816802,0.2769052616286204,bgn_gam_oracle_bgnzr_s004@cc56eea+dirty
466,497,0.32176939367356655,0.32251908879999375,0.04229177662920208,0.006261225180782434,0.00146777736824866,0.06096507874605624,0.16273884536597882,0.27758171934405673,bgn_gam_oracle_bgnzr_s004@cc56eea+dirty
467,497,0.32019496715690926,0.32095557174253475,-0.0035339924885083207,0.006245122788318708,0.0014408575814052443,0.06095131954741581,0.16132817081465842,0.2765827874149268,bgn_gam_oracle_bgnzr_s004@cc56eea+dirty
468,497,0.3203356100241571,0.32110836008788135,-0.0011849733743369154,0.006250069881149923,0.0014315275988718845,0.060945374123119296,0.16163110310428613,0.2765687790746463,bgn_gam_oracle_bgnzr_s004@cc56eea+dirty
469,497,0.3217291236172579,0.3225174857410808,0.069777991346252,0.006277235295920134,0.0014739407119412553,0.061170637516639946,0.1634219717434327,0.27713333999181244,bgn_gam_oracle_bgnzr_s004@cc56eea+dirty
470,496,0.31996948171896017,0.32084057002163946,0.012299297958607694,0.006254799906585816,0.0014386009371627785,0.06092746976863272,0.1619979305527415,0.2759295919761582,bgn_gam_oracle_bgnzr_s004@cc56eea+dirty
471,496,0.32233744831348365,0.3234267067617063,0.10389926928287602,0.0062969242146615695,0.0014920268649486334,0.06121356870839469,0.1647344003224794,0.2770631840133958,bgn_gam_oracle_bgnzr_s004@cc56eea+dirty
472,496,0.325422701326025,0.32620827915136463,0.18249211278659927,0.00632891427573908,0.0015501485194539773,0.06133476910685553,0.16714432575219954,0.27921803112831,bgn_gam_oracle_bgnzr_s004@cc56eea+dirty
473,496,0.3239406528840826,0.32494870154232325,0.1254226829468395,0.00628345497397809,0.0015146825210488473,0.061154028727866676,0.16516556304436003,0.27867164078033707,bgn_gam_oracle_bgnzr_s004@cc56eea+dirty
474,496,0.3272902966456976,0.3282567102405207,0.24849838281780282,0.006353130666022779,0.0015901237773750145,0.06149911414285184,0.1689527167424074,0.2803103954258361,bgn_gam_oracle_bgnzr_s004@cc56eea+dirty
475,496,0.3274659513051901,0.3284429528380356,0.2554652161853144,0.00634387384037141,0.001591801579728809,0.06165432286681925,0.16850852784667042,0.2807825231512122,bgn_gam_oracle_bgnzr_s004@cc56eea+dirty
476,495,0.32989751555719166,0.3310908549505685,0.32873708231787174,0.0063756706122149965,0.0016388509367757736,0.0618466220277408,0.17050150944495857,0.28242097310185416,bgn_gam_oracle_bgnzr_s004@cc56eea+dirty
477,495,0.33386453102627,0.33498389671029155,0.4698754054366015,0.006463460279691653,0.0017397993391261865,0.062492164813190774,0.17439569113236766,0.2846957463536381,bgn_gam_oracle_bgnzr_s004@cc56eea+dirty
478,495,0.3330048110534828,0.3340978126063911,0.41030706301078324,0.00641389915140471,0.00171180168671528,0.06234078154034911,0.17241114316310058,0.28489752876772834,bgn_gam_oracle_bgnzr_s004@cc56eea+dirty
479,494,0.32955254364888514,0.3308501315363003,0.2777940238177475,0.0063174211738031335,0.0016151028123127698,0.061824030293619506,0.16859751512500937,0.2831603025127685,bgn_gam_oracle_bgnzr_s004@cc56eea+dirty
480,494,0.32889444112867683,0.33018716256475483,0.2481609788012271,0.006285432796117728,0.001605980717622368,0.06182285154483983,0.1672226411683208,0.28321041945174913,bgn_gam_oracle_bgnzr_s004@cc56eea+dirty
481,493,0.3270925991498049,0.3286161951240813,0.18529030837910573,0.006227328766370134,0.0015647504220366278,0.06150895791897226,0.16504865065759136,0.28239778918164943,bgn_gam_oracle_bgnzr_s004@cc56eea+dirty
482,493,0.3301674872900812,0.33167724577466323,0.28195986289096464,0.006267444314128937,0.0016277000480997151,0.06178626528614327,0.1672066965609201,0.2846971905176276,bgn_gam_oracle_bgnzr_s004@cc56eea+dirty
483,492,0.32809212349999456,0.32987116032876873,0.2274749753823384,0.0062302671338251465,0.001587390011816219,0.06169798311667382,0.16547559084569652,0.2833059659396592,bgn_gam_oracle_bgnzr_s004@cc56eea+dirty
484,492,0.32745673671798264,0.3292319884913009,0.18292519156331397,0.006196982904474588,0.0015671253189320842,0.06157121842242659,0.16405095028392916,0.28339936508914415,bgn_gam_oracle_bgnzr_s004@cc56eea+dirty
485,492,0.3260835260098413,0.32769566684562557,0.1436465730135673,0.006162987536508299,0.0015435059746521469,0.06165280177624903,0.16220173423737638,0.2828799451099324,bgn_gam_oracle_bgnzr_s004@cc56eea+dirty
486,493,0.329056859052762,0.3305492266003868,0.21902971258420384,0.0061824020641420155,0.0015994894870582548,0.06185112664970922,0.164078324823988,0.28523099377981903,bgn_gam_oracle_bgnzr_s004@cc56eea+dirty
487,493,0.3285841450193384,0.330106420904331,0.2064454197568815,0.006187774083631408,0.001594789151042949,0.06197430725732122,0.16363764394893543,0.2849390493437694,bgn_gam_oracle_bgnzr_s004@cc56eea+dirty
488,492,0.33147172961390553,0.33317404910291526,0.2858678518006794,0.006221803639341104,0.0016541905340337584,0.06224189641358984,0.16578025357049983,0.28703730604110483,bgn_gam_oracle_bgnzr_s004@cc56eea+dirty
489,492,0.33184137122420243,0.3335530154955355,0.2947153483066178,0.006213884083347607,0.0016606944771345746,0.062261384607802624,0.1660334661908766,0.28731791409621843,bgn_gam_oracle_bgnzr_s004@cc56eea+dirty
490,492,0.33091067734217383,0.3324944457952039,0.23830121505594312,0.006154780030464006,0.00163855065598515,0.06217854381460825,0.16338914439718694,0.2877600804006898,bgn_gam_oracle_bgnzr_s004@cc56eea+dirty
491,492,0.32650359183056765,0.3281825685820318,0.1299026475585008,0.006097448220490543,0.00155416833650818,0.06184139352194242,0.1602057074158099,0.2844973229920834,bgn_gam_oracle_bgnzr_s004@cc56eea+dirty
492,491,0.3290187598426825,0.3307004924376528,0.2222877396940736,0.006116541418367041,0.001612027511260181,0.06187781530944396,0.16262317916040303,0.2860193104113431,bgn_gam_oracle_bgnzr_s004@cc56eea+dirty
493,492,0.32875387227606806,0.3303899903920991,0.20355508971907665,0.006094732631241416,0.0015935352543654515,0.06191645701763044,0.16182446687299387,0.28616769639108564,bgn_gam_oracle_bgnzr_s004@cc56eea+dirty
494,492,0.33119043816163546,0.3326060885989426,0.2858148000680252,0.006112030531085341,0.0016489711505532595,0.062210162766978924,0.16349481395593804,0.28802179108395476,bgn_gam_oracle_bgnzr_s004@cc56eea+dirty
495,492,0.3280791597126458,0.32968837293451597,0.16471806270220354,0.006034638590793335,0.0015589155782644807,0.06181850469768002,0.15965570189372008,0.2866112208036862,bgn_gam_oracle_bgnzr_s004@cc56eea+dirty
496,492,0.3271433988316112,0.3287889946658661,0.1395679494506849,0.006024277105999046,0.0015369666106279341,0.06175215029233411,0.15935896961293028,0.2857053065713057,bgn_gam_oracle_bgnzr_s004@cc56eea+dirty
497,492,0.3256735757937136,0.3272912185138263,0.08518877911805296,0.005990415693380655,0.001503689281606327,0.061717725065320694,0.15705186288522985,0.2853033303951124,bgn_gam_oracle_bgnzr_s004@cc56eea+dirty
498,492,0.3238386036471413,0.3252333306015727,0.015700297501336922,0.005978721689368268,0.0014700893045889115,0.061639635986749534,0.1555713071792763,0.28402290329243085,bgn_gam_oracle_bgnzr_s004@cc56eea+dirty
499,493,0.3248858043490472,0.32630033261740715,0.05465276669842251,0.005988306736560789,0.001488210566462544,0.06177505549727605,0.1561961146557672,0.2848746384534253,bgn_gam_oracle_bgnzr_s004@cc56eea+dirty
500,493,0.3273599950287226,0.3286634743689537,0.16148036628015827,0.006023750155812394,0.0015452839587396172,0.06191047156750846,0.15927572004616855,0.285999670190334,bgn_gam_oracle_bgnzr_s004@cc56eea+dirty
501,494,0.32750661466689035,0.32837166068599727,0.15089550894190853,0.006012871980975292,0.0015353537586970027,0.0619651342754782,0.15885116568011143,0.2864033690664912,bgn_gam_oracle_bgnzr_s004@cc56eea+dirty
502,495,0.3311331106231849,0.33222378270645253,0.31064216701332514,0.0060955299446290205,0.0016264327819719008,0.0624987227430491,0.163534763782246,0.2879331831965038,bgn_gam_oracle_bgnzr_s004@cc56eea+dirty
503,495,0.3303052226193707,0.33133902380311075,0.2560127294925753,0.006057203207397481,0.0015977645896029442,0.06251207502766515,0.16137545339740572,0.288200456506255,bgn_gam_oracle_bgnzr_s004@cc56eea+dirty
504,495,0.32730249488853064,0.32831851022155933,0.10501367764398917,0.0059989620431294835,0.0015205519166799682,0.062250378615766995,0.1571458245810981,0.28710993186753986,bgn_gam_oracle_bgnzr_s004@cc56eea+dirty
505,495,0.32845941728561895,0.3294769716891357,0.14556630004089086,0.006003423828779037,0.0015396256205137534,0.06223077001091626,0.15805803658926426,0.2879292376143054,bgn_gam_oracle_bgnzr_s004@cc56eea+dirty
506,495,0.3255512379739334,0.32655916473632807,0.04669744772065121,0.005961190783074172,0.0014888406737331734,0.06203038291664907,0.1554010081460566,0.2860666621847955,bgn_gam_oracle_bgnzr_s004@cc56eea+dirty
507,495,0.3241030399408737,0.32492354939089474,0.02836130150111427,0.0059717623016142755,0.0014765701281961874,0.0619493936917408,0.15501629989238877,0.2846273480651298,bgn_gam_oracle_bgnzr_s004@cc56eea+dirty
508,496,0.3252928206817558,0.3259166713962288,0.055174956303848124,0.0059732902263366925,0.001491099416207244,0.061928725668924794,0.15555071129614223,0.28569108386919806,bgn_gam_oracle_bgnzr_s004@cc56eea+dirty
509,497,0.32889973657408694,0.32951508860297823,0.16553008509331346,0.0060038208493772794,0.0015605780295102304,0.062079415040671784,0.15864577539849273,0.28810858138332984,bgn_gam_oracle_bgnzr_s004@cc56eea+dirty
510,496,0.3297436208447681,0.3305402506813205,0.2021447884800718,0.0059983086848699714,0.001584786144267309,0.06213135747156425,0.15958125646496588,0.28855619569311103,bgn_gam_oracle_bgnzr_s004@cc56eea+dirty
511,496,0.32676858688309296,0.3274738430787582,0.1337870949791268,0.005974591490305322,0.0015274119409694337,0.06205139360714871,0.15734772665095917,0.2863902971319882,bgn_gam_oracle_bgnzr_s004@cc56eea+dirty
512,497,0.327449711217746,0.32810552256589287,0.1921408653782801,0.005994648879143008,0.0015470010908455682,0.06218864174057325,0.15882119262389935,0.2863549233907242,bgn_gam_oracle_bgnzr_s004@cc56eea+dirty
513,497,0.32683435584016207,0.32749724299930255,0.20690603158919743,0.006009557858971459,0.00155318662578699,0.06222188441911908,0.15940576317102786,0.2853252509423515,bgn_gam_oracle_bgnzr_s004@cc56eea+dirty
514,497,0.3287859855651447,0.3294313718918089,0.28045179642443424,0.006020973388056685,0.0016016813723490073,0.06244588217962072,0.16113754476716757,0.28659189794977213,bgn_gam_oracle_bgnzr_s004@cc56eea+dirty
515,496,0.3314118132413791,0.33225295161063517,0.38494640550838627,0.006063279430268067,0.0016759586048218519,0.06266888510027696,0.1641838191529382,0.2878844620404061,bgn_gam_oracle_bgnzr_s004@cc56eea+dirty
516,496,0.3299959425334674,0.33084540554872516,0.34872903889660534,0.0060347133344844615,0.001643528475071732,0.06273427973118638,0.16235438291847493,0.2872949293595568,bgn_gam_oracle_bgnzr_s004@cc56eea+dirty
517,495,0.3265840294285227,0.3275872876055666,0.22199493197297365,0.005962914297320673,0.0015631086792770366,0.062482158322265044,0.15842725651055178,0.285583495097861,bgn_gam_oracle_bgnzr_s004@cc56eea+dirty
518,495,0.3285943867781324,0.3295863298102846,0.2822380439818472,0.005970932761555032,0.0016053948362897165,0.06260003226048075,0.1598671196994019,0.2870832197484102,bgn_gam_oracle_bgnzr_s004@cc56eea+dirty
519,495,0.32939747904460615,0.33038119532456606,0.29998503279781913,0.005964220680355473,0.0016183007664160817,0.0626382888361605,0.16001513927264402,0.2879198749730523,bgn_gam_oracle_bgnzr_s004@cc56eea+dirty
520,495,0.3288419558688238,0.32977593663810556,0.25802452935470577,0.005940283678503302,0.0016056852373363374,0.06261402107300543,0.15874660568178073,0.2879870606887516,bgn_gam_oracle_bgnzr_s004@cc56eea+dirty
521,495,0.3283896497410725,0.329330216158888,0.25703328711161044,0.005945147770616105,0.0016068132162944141,0.06281375531544264,0.15860192891290922,0.2875503263816071,bgn_gam_oracle_bgnzr_s004@cc56eea+dirty
522,495,0.3265989941894522,0.32752077267327107,0.1809976081411882,0.005899761918107672,0.0015828802411244072,0.06493248104585417,0.15579352563845816,0.28704578097352507,bgn_gam_oracle_bgnzr_s004@cc56eea+dirty
523,495,0.32421439761852594,0.32513917738488196,0.07996448157123831,0.0058692326137080525,0.0015274250248286626,0.06454797011871827,0.1532671394177028,0.2856994217667549,bgn_gam_oracle_bgnzr_s004@cc56eea+dirty
524,495,0.32390215411773965,0.3247812290675232,0.027457394759168714,0.005851471969967063,0.0015094553783396368,0.06448685807444253,0.1515334987438189,0.286269460824184,bgn_gam_oracle_bgnzr_s004@cc56eea+dirty
525,494,0.3247829169521273,0.3257737215004767,0.013842327756514866,0.005843694355176925,0.0015190362951309753,0.06435264577122568,0.15130467410104456,0.287386218770332,bgn_gam_oracle_bgnzr_s004@cc56eea+dirty
526,493,0.3235219201283386,0.32467497706356246,-0.020345904008639483,0.005837236365216466,0.00148735961459055,0.06420657940785233,0.15031094389352076,0.2864839488511807,bgn_gam_oracle_bgnzr_s004@cc56eea+dirty
527,494,0.3254832817179614,0.32652185506721326,0.04549241168300317,0.005842157116743208,0.0015187307801311284,0.06424473544585373,0.15226912478070206,0.2876690465038128,bgn_gam_oracle_bgnzr_s004@cc56eea+dirty
528,494,0.327360988079762,0.32844719964184177,0.128684004259698,0.0058689428674276,0.0015622263257151674,0.06438968191459064,0.15447339991508968,0.2886229118334697,bgn_gam_oracle_bgnzr_s004@cc56eea+dirty
529,493,0.3291941715943201,0.33040845162642724,0.19496822649326412,0.005880653613383259,0.0015929493233406804,0.06454581156019282,0.15609124426901905,0.28983499801476714,bgn_gam_oracle_bgnzr_s004@cc56eea+dirty
530,491,0.3275017162487898,0.3289645327890795,0.12596414093889474,0.005849487069383003,0.0015689885372418245,0.06453902748589495,0.15430067707044887,0.2888748434902283,bgn_gam_oracle_bgnzr_s004@cc56eea+dirty
531,492,0.3226600400162026,0.3239385363991227,-0.023303068110771215,0.0058074590645187585,0.0014710399428281798,0.06434052133945431,0.14967064072836042,0.285846463555559,bgn_gam_oracle_bgnzr_s004@cc56eea+dirty
532,493,0.3208195217046876,0.3223374447580323,-0.07122305593439719,0.005825197525930596,0.0014341865086456647,0.06424298710322868,0.14895773117417394,0.2841421472261147,bgn_gam_oracle_bgnzr_s004@cc56eea+dirty
533,494,0.3183193732221641,0.31913765562711516,-0.16519805129790438,0.005830373569432396,0.0014080924976398175,0.0647603331472002,0.1469242369246808,0.2823835901263592,bgn_gam_oracle_bgnzr_s004@cc56eea+dirty
534,496,0.3191409913143117,0.31978626640429236,-0.11491074499528849,0.005861648884823107,0.001429217907810513,0.06476676835557231,0.14865388193425674,0.28240572891313237,bgn_gam_oracle_bgnzr_s004@cc56eea+dirty
535,496,0.3211484530771892,0.32196396733974386,-0.05599034761783424,0.005867142661242169,0.0014727520279078897,0.06485510365932348,0.15040711406784757,0.28374994088396405,bgn_gam_oracle_bgnzr_s004@cc56eea+dirty
536,496,0.315577467077494,0.31643772892974087,-0.22059315666573467,0.005871725576573996,0.001375215517256041,0.06463680292790391,0.14620667620275854,0.2796654171698541,bgn_gam_oracle_bgnzr_s004@cc56eea+dirty
537,496,0.31342490315938876,0.31436021497080474,-0.25903901579027333,0.005921140264150391,0.00134978940388674,0.06456427592482852,0.14671910239211744,0.27696330968870875,bgn_gam_oracle_bgnzr_s004@cc56eea+dirty
538,496,0.31163716333485697,0.3126313059920708,-0.29123684457472854,0.005965071951919899,0.0013003882437497066,0.06416437688960033,0.14691220764516172,0.2748354504357493,bgn_gam_oracle_bgnzr_s004@cc56eea+dirty
539,496,0.31021477423343086,0.31120752956678044,-0.33676987050822926,0.006015145428905294,0.001283976911806948,0.06390799335433173,0.1469448919306837,0.2732039620653005,bgn_gam_oracle_bgnzr_s004@cc56eea+dirty
540,496,0.31100017171744804,0.31199395516357525,-0.32776121377369816,0.006053114618102105,0.0012850349960585295,0.06372770105852561,0.148021042877607,0.2735157722576667,bgn_gam_oracle_bgnzr_s004@cc56eea+dirty
541,496,0.3081732862924851,0.30894472928513905,-0.4235032871255135,0.006115634822718063,0.0012447813362456586,0.06349510808179883,0.14664497497963974,0.27104616894088507,bgn_gam_oracle_bgnzr_s004@cc56eea+dirty
542,497,0.3056777848085398,0.3065088225018967,-0.4456438165560807,0.006211501331028565,0.0012343874093616797,0.06315169358843621,0.14845522579842363,0.2672076983520404,bgn_gam_oracle_bgnzr_s004@cc56eea+dirty
543,496,0.30623871071867903,0.3073708343995756,-0.42626816263631606,0.00626839599565949,0.0012446395902118773,0.06290848825074001,0.15077821968967453,0.26654845039851766,bgn_gam_oracle_bgnzr_s004@cc56eea+dirty
544,496,0.3070212865540315,0.30815790292724404,-0.36508069717349484,0.006323684592063588,0.0012820846646857337,0.06265940368298821,0.154214931147505,0.2654803672749889,bgn_gam_oracle_bgnzr_s004@cc56eea+dirty
545,496,0.30479242261772616,0.3057883578216103,-0.4474106314557977,0.00638672179368416,0.0012324656791424498,0.06251239236198777,0.15309125283315378,0.2635554764962359,bgn_gam_oracle_bgnzr_s004@cc56eea+dirty
546,497,0.30650829599929885,0.3074578569764489,-0.37681725981805697,0.006436019770807796,0.0012696212289050044,0.06217266284024262,0.15648152950029004,0.26355429505444156,bgn_gam_oracle_bgnzr_s004@cc56eea+dirty
547,497,0.304255301961485,0.3052711056815256,-0.4390275315520489,0.006482108751152865,0.0012242002606031187,0.06205198139553124,0.15579304939073035,0.26134233207272767,bgn_gam_oracle_bgnzr_s004@cc56eea+dirty
548,497,0.3035294572376923,0.30458604032192926,-0.43368065387769666,0.0065258938986180485,0.0012172124235530094,0.061867816956882926,0.15724607237759297,0.25962242609764835,bgn_gam_oracle_bgnzr_s004@cc56eea+dirty
549,497,0.30297553688922224,0.3034361735400222,-0.43152422067998203,0.006578893198579898,0.0012128002881536184,0.0617724604626757,0.1587711985308123,0.2580424044036209,bgn_gam_oracle_bgnzr_s004@cc56eea+dirty
550,499,0.30265733199855677,0.3030193174595316,-0.47794018692275514,0.006630990884438342,0.0012112176022860003,0.06167854936612641,0.158460468082202,0.2578599245087419,bgn_gam_oracle_bgnzr_s004@cc56eea+dirty
551,499,0.3034018487876965,0.30350440723368033,-0.4150600563894363,0.0066938773961327455,0.001239204118085478,0.06133278535525603,0.16221829357377743,0.25639404649446135,bgn_gam_oracle_bgnzr_s004@cc56eea+dirty
552,500,0.30193324788487247,0.3019332478848733,-0.45614243766730356,0.006735581202180803,0.0012230426224480297,0.061388995874032744,0.16155332433724312,0.2550768699311903,bgn_gam_oracle_bgnzr_s004@cc56eea+dirty
553,500,0.2995623005403829,0.2995623005403798,-0.5003053204533147,0.0067978785748688255,0.001192342843370535,0.061232622224471345,0.16160802926771708,0.252230879912138,bgn_gam_oracle_bgnzr_s004@cc56eea+dirty
554,500,0.3041804222340241,0.30418042223402636,-0.32113416130331,0.00686950397119049,0.0012642580837115042,0.060970642574830404,0.16912873523576757,0.25282642304161723,bgn_gam_oracle_bgnzr_s004@cc56eea+dirty
555,500,0.3042027843386197,0.30420278433862086,-0.344704561100999,0.0068580321207536415,0.0012500221460104459,0.06085191660826314,0.16797205980615937,0.2536231872756211,bgn_gam_oracle_bgnzr_s004@cc56eea+dirty
556,500,0.3031411997986824,0.3031411997986808,-0.3412658850293721,0.0069037621195085965,0.0012503683253240702,0.06061529803694009,0.16936625030995703,0.25141531431344766,bgn_gam_oracle_bgnzr_s004@cc56eea+dirty
557,500,0.29644328906114265,0.2964432890611417,-0.5437822788717783,0.00689901526055327,0.0011431420786008617,0.060476220723207436,0.16323100574643376,0.24745557660395506,bgn_gam_oracle_bgnzr_s004@cc56eea+dirty
558,500,0.29552301382045965,0.29552301382046153,-0.5633426269138372,0.006959126373594701,0.0011466229382398763,0.060366752690271246,0.16417433891735037,0.2457247202431586,bgn_gam_oracle_bgnzr_s004@cc56eea+dirty
559,500,0.30050110007128533,0.30050110007128655,-0.38128362140193306,0.007049936190266108,0.001216923544418986,0.05999391044518035,0.17208200578467303,0.24635075487843833,bgn_gam_oracle_bgnzr_s004@cc56eea+dirty
560,500,0.2991137808615673,0.29911378086156554,-0.4267709979381474,0.0070604471887781685,0.0011918562232878928,0.059695149322488476,0.17117522262722035,0.24529186097346006,bgn_gam_oracle_bgnzr_s004@cc56eea+dirty
561,500,0.2990366190289492,0.2990366190289514,-0.4146516641351645,0.0070982357653101335,0.0011981317482710257,0.059565108358756814,0.1725661303744265,0.24422086349831235,bgn_gam_oracle_bgnzr_s004@cc56eea+dirty
562,500,0.30161900537122643,0.3016190053712244,-0.3590620263183243,0.007137318957160019,0.0012323878692037352,0.05951823776622113,0.174648083813798,0.24591069765525964,bgn_gam_oracle_bgnzr_s004@cc56eea+dirty
563,500,0.3042525884247619,0.3042525884247595,-0.2592084464692107,0.007215950280600984,0.0012708704312691856,0.05952251416124266,0.1791163857613837,0.24594096428807205,bgn_gam_oracle_bgnzr_s004@cc56eea+dirty
564,500,0.30585228606129616,0.3058522860612971,-0.1666667732480152,0.007300667955874398,0.0013095992704314245,0.05976804787881098,0.18257749508332652,0.24537945956827523,bgn_gam_oracle_bgnzr_s004@cc56eea+dirty
565,500,0.30779502862947394,0.3077950286294755,-0.0799716671064954,0.007369501095830258,0.0013632612079739358,0.06011859485814739,0.18517528672208966,0.245861531835321,bgn_gam_oracle_bgnzr_s004@cc56eea+dirty
566,500,0.30686737178398077,0.3068673717839823,-0.10967892035208329,0.007334787261279221,0.0013336893228334814,0.05860190816464949,0.1843195718447872,0.24534440955636672,bgn_gam_oracle_bgnzr_s004@cc56eea+dirty
567,500,0.3046449119134623,0.3046449119134619,-0.16391322925996654,0.007299566404740667,0.001299580016379508,0.058457887640297454,0.18255392333394685,0.243890523452931,bgn_gam_oracle_bgnzr_s004@cc56eea+dirty
568,500,0.30522124103011267,0.3052212410301128,-0.14197208456457838,0.007306434785477935,0.0013002357823194035,0.05843036253892352,0.18317194162185513,0.24414759015489346,bgn_gam_oracle_bgnzr_s004@cc56eea+dirty
569,500,0.30641277585988935,0.3064127758598893,-0.10725669983667327,0.0073257515318099495,0.0013092914219732497,0.05832800738694466,0.18470464072152418,0.2444851425058289,bgn_gam_oracle_bgnzr_s004@cc56eea+dirty
570,500,0.3088413357056396,0.3088413357056408,-0.04114101505320523,0.007370618487246474,0.0013437465972581928,0.05857677413167356,0.1864077530569135,0.24624199528251944,bgn_gam_oracle_bgnzr_s004@cc56eea+dirty
571,500,0.30720475127847,0.3072047512784686,-0.09999888362650798,0.007302280712488948,0.0013109671370422457,0.05831377295988239,0.18410691731590864,0.2459256029869599,bgn_gam_oracle_bgnzr_s004@cc56eea+dirty
572,500,0.3062510703562197,0.30625107035622157,-0.11990185086122224,0.007276949220896528,0.00129323632565892,0.05822655814211833,0.18353311669218553,0.24516384964260704,bgn_gam_oracle_bgnzr_s004@cc56eea+dirty
573,500,0.30986485611227343,0.3098648561122735,0.009291132121800645,0.0074024085227341364,0.0013640405645336604,0.0587640901176471,0.1876783614328759,0.24656249046306847,bgn_gam_oracle_bgnzr_s004@cc56eea+dirty
574,500,0.3087012995546501,0.3087012995546521,-0.05419477526917356,0.007316070156973298,0.0013331127746668628,0.058411251919402225,0.18519789639016915,0.24697820049426625,bgn_gam_oracle_bgnzr_s004@cc56eea+dirty
575,500,0.30921739560498035,0.3092173956049796,-0.03328719951075491,0.00733703895013628,0.0013402384765865156,0.058480892086387876,0.18605645355848882,0.24697852909507098,bgn_gam_oracle_bgnzr_s004@cc56eea+dirty
576,500,0.3089621297098163,0.30896212970981596,-0.033197636079323134,0.007325601072634839,0.001316236352134013,0.05846810496182664,0.18590652694723342,0.2467718801509664,bgn_gam_oracle_bgnzr_s004@cc56eea+dirty
577,500,0.306473145075429,0.3064731450754279,-0.15196813047197458,0.007191727379898318,0.0012629230483528788,0.05792922850419749,0.18174854959382786,0.24676558385027042,bgn_gam_oracle_bgnzr_s004@cc56eea+dirty
578,500,0.3070685114058687,0.3070685114058691,-0.09912689322430578,0.007244155189625951,0.001285232449522059,0.058032178138693775,0.18333213460766298,0.24633391791877518,bgn_gam_oracle_bgnzr_s004@cc56eea+dirty
579,500,0.303413114008146,0.3034131140081467,-0.22316949774320594,0.0071435509384702115,0.0012174287736898546,0.05776567162312332,0.17897007151536468,0.24500863505988002,bgn_gam_oracle_bgnzr_s004@cc56eea+dirty
580,500,0.30721978732637345,0.30721978732637434,-0.07587963009621154,0.007270093633310426,0.0012863902211479954,0.05802791949518763,0.18476055544127695,0.2454537326623756,bgn_gam_oracle_bgnzr_s004@cc56eea+dirty
581,500,0.3076592582436386,0.30765925824363916,-0.07230063927702762,0.007247166746538409,0.0012777312706725127,0.05792877892537963,0.18420080629214863,0.24642297405953903,bgn_gam_oracle_bgnzr_s004@cc56eea+dirty
582,500,0.30731051057290537,0.3073105105729062,-0.09183662647231647,0.007216302820989293,0.0012677076670202857,0.05774721746715473,0.18367548693231803,0.2463799208717213,bgn_gam_oracle_bgnzr_s004@cc56eea+dirty
583,500,0.30794638640684696,0.30794638640684574,-0.0778837534379294,0.007223227550350929,0.001277559958384545,0.057894744000163464,0.18382884548405343,0.247058560809042,bgn_gam_oracle_bgnzr_s004@cc56eea+dirty
584,500,0.30763556838713324,0.30763556838713396,-0.10113566453100682,0.007198764225694829,0.0012769814550880314,0.057823330242742346,0.18275222816113768,0.24746972752038585,bgn_gam_oracle_bgnzr_s004@cc56eea+dirty
585,500,0.3070019536279745,0.30700195362797345,-0.12288391915183305,0.0071655611399553416,0.0012703294445113947,0.05764402277431223,0.18214024705676654,0.24713383000611844,bgn_gam_oracle_bgnzr_s004@cc56eea+dirty
586,500,0.3065942387094711,0.30659423870946817,-0.1297649465101997,0.007159906461031456,0.0012517056744993902,0.057668397615174574,0.18154545770449818,0.24706532333920198,bgn_gam_oracle_bgnzr_s004@cc56eea+dirty
587,500,0.30846233918459276,0.3084623391845943,-0.0436362571386445,0.0072370580003935795,0.0012825605833289948,0.057735998714964674,0.1850902357464059,0.2467602466495984,bgn_gam_oracle_bgnzr_s004@cc56eea+dirty
588,500,0.3078109695812133,0.3078109695812115,-0.049668146216867576,0.00721297664017206,0.001271366640199869,0.05772463119240623,0.18435346073779552,0.24649826471706593,bgn_gam_oracle_bgnzr_s004@cc56eea+dirty
589,500,0.30991963590644683,0.3099196359064472,0.01719497079290744,0.007263406612942907,0.0012922508849045357,0.05784530217382757,0.1867572954563104,0.24732952374156417,bgn_gam_oracle_bgnzr_s004@cc56eea+dirty
590,500,0.3109425470041195,0.3109425470041195,0.04059456564633615,0.007282388837112459,0.00129119221086824,0.05807275683266204,0.18700965844123424,0.2484203195938327,bgn_gam_oracle_bgnzr_s004@cc56eea+dirty
591,500,0.31173510307536323,0.311735103075363,0.08428476109210506,0.00732161379930533,0.0013099506336990007,0.058268161583588905,0.18837646115788198,0.24838092392742306,bgn_gam_oracle_bgnzr_s004@cc56eea+dirty
592,500,0.3094100738363782,0.3094100738363775,0.010038746130005459,0.007238877829672904,0.0012680756227420728,0.05798117058754265,0.18571350327945477,0.24747745046994676,bgn_gam_oracle_bgnzr_s004@cc56eea+dirty
593,500,0.31327108561223727,0.3132710856122376,0.17127262076999955,0.00739972129150439,0.0013389088349311626,0.05864325851004052,0.19133473493929395,0.24805199512678752,bgn_gam_oracle_bgnzr_s004@cc56eea+dirty
594,500,0.3115193807084058,0.31151938070840585,0.11840079750364818,0.007341459441573872,0.0013157746003307248,0.058550354779636715,0.189171906179147,0.24750417061030844,bgn_gam_oracle_bgnzr_s004@cc56eea+dirty
595,500,0.307046361017815,0.30704636101781646,-0.07162261153718806,0.007158086468969353,0.0012456498299069814,0.057873629733966564,0.1826813436339527,0.24678937275007629,bgn_gam_oracle_bgnzr_s004@cc56eea+dirty
596,500,0.3041035874667767,0.30410358746677857,-0.18830990993649066,0.007048107983404556,0.0011815707672179394,0.05744944242049581,0.17835716721181333,0.24630816635739214,bgn_gam_oracle_bgnzr_s004@cc56eea+dirty
597,500,0.30323046266389353,0.3032304626638933,-0.2683816485591441,0.006982821056073524,0.0011537635169895828,0.057307484124992765,0.1752703839777432,0.24744495547020834,bgn_gam_oracle_bgnzr_s004@cc56eea+dirty
598,500,0.30330634270288437,0.3033063427028862,-0.24930109906508316,0.0070007828093060906,0.0011666199219763414,0.05717548955782193,0.17636835338503956,0.24675684681088253,bgn_gam_oracle_bgnzr_s004@cc56eea+dirty
599,500,0.30643388078506034,0.3064338807850597,-0.07736042737450476,0.007143924218314561,0.0012265285822811505,0.057341829507090505,0.18300034810813712,0.24578973917821142,bgn_gam_oracle_bgnzr_s004@cc56eea+dirty
600,500,0.30536449059546383,0.30536449059546117,-0.1696442508427613,0.007068366342572609,0.0011935317417681765,0.0571308037385642,0.17974501634306306,0.24685866648035495,bgn_gam_oracle_bgnzr_s004@cc56eea+dirty
601,500,0.30846189818662034,0.3084618981866216,-0.13029199723388454,0.00709290304096897,0.0012298036392629557,0.05730148161455966,0.18059078658807376,0.2500714106658211,bgn_gam_oracle_bgnzr_s004@cc56eea+dirty
602,500,0.30706057198173675,0.3070605719817386,-0.20338833990680075,0.007029719793927218,0.0012028652716927473,0.05712585175736975,0.17804624974676483,0.25017139687994705,bgn_gam_oracle_bgnzr_s004@cc56eea+dirty
603,500,0.31098650061076594,0.3109865006107698,-0.04919215793182481,0.007171990015440104,0.0012836405659857992,0.05736815855385656,0.18382807156677416,0.2508382818992565,bgn_gam_oracle_bgnzr_s004@cc56eea+dirty
604,500,0.3111688743290907,0.3111688743290889,-0.033480994587939475,0.007187476359161792,0.0012850758580247217,0.05740522733383659,0.18443921016215534,0.25061573395537984,bgn_gam_oracle_bgnzr_s004@cc56eea+dirty
605,500,0.31243321826968584,0.3124332182696865,0.08549269126914594,0.007303955493974274,0.0013314868130504282,0.05788778785854718,0.18827388076312987,0.24933403638641857,bgn_gam_oracle_bgnzr_s004@cc56eea+dirty
606,500,0.31212109198561383,0.3121210919856117,0.04030638447965187,0.007237471089937197,0.001318528269203873,0.05777661263419763,0.18631287673223132,0.2504138335357142,bgn_gam_oracle_bgnzr_s004@cc56eea+dirty
607,500,0.31395520450669034,0.3139552045066902,0.12584214838492508,0.007316225368474276,0.0013651121214997763,0.058105464253205424,0.18927950062341156,0.25048181786427076,bgn_gam_oracle_bgnzr_s004@cc56eea+dirty
608,500,0.31647630336834026,0.3164763033683425,0.20353810550152612,0.007397952067189289,0.0014311274374391582,0.05856955557150167,0.19162439573341494,0.2518677064522034,bgn_gam_oracle_bgnzr_s004@cc56eea+dirty
609,499,0.31539472789008305,0.31591172588415173,0.1637724182724456,0.007327957404848716,0.001405774493476532,0.058361074048516204,0.18977295504271338,0.25191280220587403,bgn_gam_oracle_bgnzr_s004@cc56eea+dirty
610,499,0.31495987870156655,0.31545274508294385,0.145247851807325,0.007281803623605762,0.001409113061251497,0.05832336719927682,0.18864731577593485,0.2522140270528985,bgn_gam_oracle_bgnzr_s004@cc56eea+dirty
611,499,0.3136671393508411,0.31367881896846594,0.04781595035571708,0.007164198323316879,0.0013546272590881374,0.05791206157275513,0.18530563424842414,0.25307883401092485,bgn_gam_oracle_bgnzr_s004@cc56eea+dirty
612,500,0.3138980251589439,0.3138980251589406,0.009176630167751264,0.007116166910240537,0.001351239452539387,0.05795599291537668,0.18316547431620256,0.2549164161391053,bgn_gam_oracle_bgnzr_s004@cc56eea+dirty
613,500,0.3133264335384719,0.31332643353847023,-0.026948451179031333,0.007068025362884823,0.0013287515625258221,0.05781646829370861,0.18182115219068196,0.2551754740761567,bgn_gam_oracle_bgnzr_s004@cc56eea+dirty
614,500,0.3105442478821734,0.3105442478821724,-0.12249650498150483,0.006983371348309704,0.0012912931855081587,0.05757104503870069,0.17868479294086842,0.25398715452633375,bgn_gam_oracle_bgnzr_s004@cc56eea+dirty
615,500,0.3132723362619678,0.31327233626196765,-0.0369894804045619,0.007044472307532739,0.0013300288470133995,0.05775704515637179,0.18109277829978626,0.2556266072119565,bgn_gam_oracle_bgnzr_s004@cc56eea+dirty
616,500,0.3141188185186458,0.31411881851864903,-0.03395183831849389,0.00703382284561878,0.0013309693248747959,0.05775278567030824,0.18108670794251075,0.2566675599955977,bgn_gam_oracle_bgnzr_s004@cc56eea+dirty
617,500,0.31319131586074317,0.3131913158607426,-0.07579864446377568,0.006986197892844374,0.0012848303659962923,0.057548735244076936,0.1798286564371066,0.25641851464862847,bgn_gam_oracle_bgnzr_s004@cc56eea+dirty
618,500,0.3130061650852875,0.31300616508528795,-0.07189493494661431,0.0069846072094314204,0.0012884794998550934,0.057570787722700405,0.17954828455177593,0.2563889094635584,bgn_gam_oracle_bgnzr_s004@cc56eea+dirty
619,500,0.3122065452803325,0.31220654528033376,-0.038050386672930106,0.007021226171084604,0.0012909418489157381,0.057644766196542546,0.18081436062998119,0.2545173744675428,bgn_gam_oracle_bgnzr_s004@cc56eea+dirty
620,500,0.3110126928139937,0.3110126928139952,-0.06934811870300855,0.006998181288362433,0.0012647906341948189,0.05756145475171657,0.17980592178535595,0.253769039841999,bgn_gam_oracle_bgnzr_s004@cc56eea+dirty
621,500,0.31234669943543003,0.3123466994354297,-0.001199260311058054,0.007052900667860238,0.001294579581582777,0.05775071102303446,0.18230213114632962,0.2536264844761156,bgn_gam_oracle_bgnzr_s004@cc56eea+dirty
622,500,0.3113567108592215,0.3113567108592208,-0.017006088815566908,0.00703610105168134,0.0012725552361410606,0.05776523036419013,0.18159132312118256,0.25291815427954384,bgn_gam_oracle_bgnzr_s004@cc56eea+dirty
623,500,0.3131243215115877,0.31312432151158787,-0.003477502275096022,0.0070288220699571,0.001285971324037805,0.05778285333899623,0.1816063459841258,0.25508033209243347,bgn_gam_oracle_bgnzr_s004@cc56eea+dirty
624,500,0.31784831494424326,0.31784831494424515,0.16926783410552193,0.0071779097098189065,0.0013893078484600442,0.058417501952808135,0.18748595214997585,0.2566643120095036,bgn_gam_oracle_bgnzr_s004@cc56eea+dirty
625,500,0.31648349980543566,0.31648349980543694,0.1236011503067892,0.007121719355417923,0.0013509132104170317,0.05829753435792308,0.1857721111542127,0.25622359057355365,bgn_gam_oracle_bgnzr_s004@cc56eea+dirty
626,500,0.31715302669659934,0.31715302669660084,0.11479941453570854,0.007098744598891814,0.0013499969792568941,0.05833752061305634,0.18468406995522202,0.25783296268628747,bgn_gam_oracle_bgnzr_s004@cc56eea+dirty
627,500,0.3193668899272511,0.3193668899272557,0.16820106771195445,0.0071285828141842075,0.0013834237890309237,0.05848834388093311,0.1863655525376985,0.2593512891988842,bgn_gam_oracle_bgnzr_s004@cc56eea+dirty
628,500,0.31743133430351184,0.31743133430351117,0.07439315106621965,0.007025418759994342,0.0013501460921323215,0.05826742442881501,0.18278346800100692,0.2595242875401699,bgn_gam_oracle_bgnzr_s004@cc56eea+dirty
629,500,0.3165443973646166,0.31654439736461676,0.0240012659143197,0.006969390278718853,0.0013316589575833406,0.0582930845395307,0.18056749136206118,0.2599918009594538,bgn_gam_oracle_bgnzr_s004@cc56eea+dirty
630,500,0.31778547845500865,0.3177854784550084,0.08189775395925196,0.007014958529377769,0.0013590627576279403,0.058519532032296394,0.1824599911004584,0.2601844767938691,bgn_gam_oracle_bgnzr_s004@cc56eea+dirty
631,500,0.32058738250871005,0.32058738250871144,0.19201569254242193,0.007109206511621601,0.0014313978571676086,0.05905561822132826,0.18576791439871526,0.2612786860877434,bgn_gam_oracle_bgnzr_s004@cc56eea+dirty
632,500,0.31999009280352597,0.3199900928035268,0.15321479799351903,0.007059939331646675,0.0014132212723449473,0.05895060213361047,0.18455292657116512,0.26140749183301404,bgn_gam_oracle_bgnzr_s004@cc56eea+dirty
633,500,0.3217071946274482,0.32170719462744773,0.19467433797653752,0.007097683220335595,0.001453053275562559,0.059226420109992454,0.18547609287283418,0.26285763836664633,bgn_gam_oracle_bgnzr_s004@cc56eea+dirty
634,500,0.3205730940178245,0.32057309401782474,0.16242351877894032,0.007055634691182069,0.0014408258642523391,0.059132326826426704,0.18417616957241384,0.2623856840031377,bgn_gam_oracle_bgnzr_s004@cc56eea+dirty
635,500,0.3197104505877837,0.31971045058778125,0.11915375395252603,0.007007376511740425,0.0014320307090358317,0.059140364944817565,0.1825771425603245,0.2624506796134287,bgn_gam_oracle_bgnzr_s004@cc56eea+dirty
636,500,0.31784426762142487,0.3178442676214223,0.017733635696563905,0.006917056433001985,0.0013911200203503191,0.05885523170983619,0.17927935794857863,0.26245740658885086,bgn_gam_oracle_bgnzr_s004@cc56eea+dirty
637,500,0.3183249906114482,0.31832499061144803,0.018629287500227066,0.0068903264323624215,0.0013917390578125405,0.058779793420505586,0.1787921294946513,0.26337079199969465,bgn_gam_oracle_bgnzr_s004@cc56eea+dirty
638,500,0.31495074289319347,0.3149507428931947,-0.14512166909981014,0.006763620290435079,0.0013117598212288735,0.05834667628626435,0.17286137407067473,0.2632734620188156,bgn_gam_oracle_bgnzr_s004@cc56eea+dirty
639,500,0.3168164512563395,0.31681645125633723,-0.07918648675219521,0.006819574807752556,0.0013497448449018077,0.05856492322533381,0.1754771775583461,0.2637810151296283,bgn_gam_oracle_bgnzr_s004@cc56eea+dirty
640,500,0.3158130468157362,0.3158130468157362,-0.06749291225535929,0.006832740880681905,0.00134026845432316,0.05859710707349892,0.17586923134139992,0.26231258834913646,bgn_gam_oracle_bgnzr_s004@cc56eea+dirty
641,500,0.31635631446155654,0.31635631446155693,-0.049932533582035823,0.00683896563517934,0.0013406299066009892,0.05859346326285846,0.17633735110044182,0.2626527294862529,bgn_gam_oracle_bgnzr_s004@cc56eea+dirty
642,500,0.31559093151608514,0.3155909315160867,-0.06826644325647852,0.006821980988146457,0.0013229486570115732,0.05853772209924783,0.17561143331847123,0.26221796380687284,bgn_gam_oracle_bgnzr_s004@cc56eea+dirty
643,500,0.31167017439476064,0.31167017439475986,-0.20694808585785382,0.006744136226097603,0.0012590720379815705,0.05823181525269696,0.1710325275491897,0.26054974981257645,bgn_gam_oracle_bgnzr_s004@cc56eea+dirty
644,500,0.3070910223061031,0.3070910223061024,-0.33696026700052395,0.006707120114745727,0.0011889929655180369,0.05782651997542465,0.16776367803091127,0.25721633757315693,bgn_gam_oracle_bgnzr_s004@cc56eea+dirty
645,500,0.3079285636783529,0.3079285636783514,-0.3061850449420637,0.006728447747674082,0.001209072924846177,0.057682884879975374,0.1692199520467491,0.2572636938207748,bgn_gam_oracle_bgnzr_s004@cc56eea+dirty
646,500,0.3103952058818402,0.31039520588183944,-0.22868555624065778,0.006775754370169701,0.0012472030740694317,0.05767901554988195,0.1720678090785888,0.2583367045414265,bgn_gam_oracle_bgnzr_s004@cc56eea+dirty
647,500,0.3107895916639155,0.31078959166391296,-0.2299032020874552,0.0067664548488008975,0.001246133774589525,0.057468399231735245,0.17212097051409947,0.25877507954961165,bgn_gam_oracle_bgnzr_s004@cc56eea+dirty
648,500,0.3100959322681335,0.31009593226813137,-0.2815002415582564,0.0067501677769349335,0.0012104997791874412,0.05674062601455579,0.17019110504869703,0.2592189710872763,bgn_gam_oracle_bgnzr_s004@cc56eea+dirty
649,500,0.31230281622964573,0.3123028162296446,-0.20360136370201867,0.006804759459864723,0.0012443140471390078,0.05675395845378959,0.17316642273457475,0.25989697778596504,bgn_gam_oracle_bgnzr_s004@cc56eea+dirty
650,500,0.31892324990564885,0.3189232499056493,0.007928804820275914,0.006956646524084612,0.0013578620726767206,0.057101818251668914,0.18034858650476335,0.26303312847646176,bgn_gam_oracle_bgnzr_s004@cc56eea+dirty
651,500,0.31616637264872455,0.31616637264872394,-0.07187004159889351,0.0068900043809877725,0.0013210895355418503,0.05690737065899169,0.17772076559202382,0.2614890144370067,bgn_gam_oracle_bgnzr_s004@cc56eea+dirty
652,500,0.31410487840369167,0.31410487840369156,-0.16277214068315612,0.006815878490307234,0.001256709233178913,0.05668744608026052,0.17447150981449855,0.26119258584432914,bgn_gam_oracle_bgnzr_s004@cc56eea+dirty
653,500,0.31360544511624494,0.313605445116245,-0.14932481591183833,0.006844140712356566,0.0012542950366351026,0.056609579752552715,0.17553877295741963,0.2598740356310372,bgn_gam_oracle_bgnzr_s004@cc56eea+dirty
654,500,0.31731408369848857,0.31731408369848707,-0.0009729417363586167,0.006965672552691023,0.0013324220926856538,0.05693904837055244,0.1808696052673432,0.2607190319172094,bgn_gam_oracle_bgnzr_s004@cc56eea+dirty
655,500,0.31548983436377837,0.3154898343637768,-0.03805005977138452,0.006935026702634072,0.0012973629730805912,0.056863120845857984,0.17934410659706992,0.25955640430508187,bgn_gam_oracle_bgnzr_s004@cc56eea+dirty
656,500,0.3148693884631518,0.3148693884631549,-0.06383764984079954,0.006915934011534955,0.0012927204046124289,0.0567974653965982,0.178627809605071,0.25929681337581784,bgn_gam_oracle_bgnzr_s004@cc56eea+dirty
657,500,0.3144180021834062,0.31441800218340843,-0.09077062192950937,0.006894761833558697,0.0012743895823761483,0.05665376288319855,0.17804003557149764,0.2591532863590664,bgn_gam_oracle_bgnzr_s004@cc56eea+dirty
658,500,0.31571135097458713,0.31571135097458625,-0.08310166538293445,0.00689756782610635,0.0012867103324173438,0.05677831957219773,0.1777323372162989,0.26093078285597265,bgn_gam_oracle_bgnzr_s004@cc56eea+dirty
659,500,0.3178615855416087,0.3178615855416083,-0.029209008670225394,0.0069295697227522695,0.0013164840990172767,0.056797759994968174,0.1798363569733028,0.2620970665108563,bgn_gam_oracle_bgnzr_s004@cc56eea+dirty
660,500,0.3167289324713056,0.31672893247130596,-0.0629248071796974,0.006897797297589699,0.0013041858475163841,0.056779071427921594,0.17835586916403084,0.2617372739965708,bgn_gam_oracle_bgnzr_s004@cc56eea+dirty
661,500,0.3151327792182435,0.315132779218245,-0.173990228062292,0.006812710800533377,0.001263295224087985,0.05658211870468185,0.17428379611281755,0.26255252226996423,bgn_gam_oracle_bgnzr_s004@cc56eea+dirty
662,500,0.31562855266425405,0.3156285526642528,-0.13062338356544134,0.006844332393389516,0.0012742693507332378,0.05661074139478056,0.17583869355669443,0.26211092519238244,bgn_gam_oracle_bgnzr_s004@cc56eea+dirty
663,500,0.3150243393232835,0.3150243393232842,-0.13324298180604705,0.006847141407229556,0.0012750647335035112,0.056502011778010834,0.17606967575512308,0.26122749404600787,bgn_gam_oracle_bgnzr_s004@cc56eea+dirty
664,499,0.32055984758306333,0.32097588599002574,0.04716180990322591,0.006978153854364999,0.0013649104060462311,0.05659402427788247,0.18261233147909967,0.2634603428872061,bgn_gam_oracle_bgnzr_s004@cc56eea+dirty
665,499,0.3234895364589541,0.32389389702214516,0.12497274978979035,0.00704167419805004,0.0014195956756879887,0.05687395260733053,0.18489251393826597,0.26544347512797734,bgn_gam_oracle_bgnzr_s004@cc56eea+dirty
666,499,0.32713171702315313,0.32753097627033206,0.26843936201692165,0.007182894550445479,0.0015030678473902438,0.05743678572391396,0.18916733440858188,0.2668911386226004,bgn_gam_oracle_bgnzr_s004@cc56eea+dirty
667,499,0.3247984469757848,0.32522849028611106,0.2483202549418119,0.007163084222244275,0.0014517091634129943,0.05698254895884155,0.18880233719637668,0.26428717075762,bgn_gam_oracle_bgnzr_s004@cc56eea+dirty
668,499,0.3247246898401044,0.325157005669534,0.2447971978374695,0.007150426585240974,0.0014425725033630702,0.05699083828375642,0.18850157356914685,0.26441119672530417,bgn_gam_oracle_bgnzr_s004@cc56eea+dirty
669,499,0.3248625741442141,0.3252982523326981,0.2526874265348633,0.007146230073863786,0.0014431005292317254,0.057116684773180645,0.1881984597631117,0.2647962080967124,bgn_gam_oracle_bgnzr_s004@cc56eea+dirty
670,499,0.3252658609221198,0.32569171886199566,0.24455831519242607,0.00711093069448439,0.0014311233788428324,0.05703487580477916,0.18764932739224993,0.26567952538847245,bgn_gam_oracle_bgnzr_s004@cc56eea+dirty
671,499,0.32194390510697357,0.3223599624598987,0.08864375312443688,0.0069299222289459185,0.0013506179661746717,0.05656676848251656,0.18174436049350495,0.2657383402227366,bgn_gam_oracle_bgnzr_s004@cc56eea+dirty
672,499,0.32328639586438623,0.32369049174386033,0.13459967830265587,0.006949532612837096,0.001380033311653432,0.05669812522556112,0.1828413276793418,0.266614220632434,bgn_gam_oracle_bgnzr_s004@cc56eea+dirty
673,499,0.32334014089691193,0.32342441354300416,0.13964081363006708,0.006930327149684014,0.0013740755262448947,0.05670639386217125,0.18284920888818693,0.26667398359082395,bgn_gam_oracle_bgnzr_s004@cc56eea+dirty
674,500,0.3247928033791712,0.32479280337917116,0.23770216708970715,0.007003153890477994,0.0014187364806822812,0.05716099286412411,0.18515580113482993,0.2668476989464595,bgn_gam_oracle_bgnzr_s004@cc56eea+dirty
675,500,0.3268835160243964,0.32688351602439736,0.33656455640731914,0.0070949347364273035,0.0014873199172697157,0.0575656294758712,0.18840476017681135,0.26712633601198893,bgn_gam_oracle_bgnzr_s004@cc56eea+dirty
676,500,0.3265984127598941,0.32659841275989404,0.3065549399464054,0.007041802290116239,0.0014838895575816728,0.057484852954709696,0.18703458537013415,0.2677397749545333,bgn_gam_oracle_bgnzr_s004@cc56eea+dirty
677,500,0.3270190909757543,0.32701909097575305,0.31432197745201346,0.007029004598880725,0.0014832191147340506,0.057660623452868674,0.18651384519858258,0.26861509900198804,bgn_gam_oracle_bgnzr_s004@cc56eea+dirty
678,500,0.32463751678860114,0.32463751678860037,0.22393338802570797,0.006920821524910603,0.0014370836527192036,0.05742911291100033,0.18310887391865036,0.26806838231860375,bgn_gam_oracle_bgnzr_s004@cc56eea+dirty
679,500,0.3269064810418911,0.3269064810418904,0.28790060438303977,0.006969628837686985,0.0014879470778868618,0.05774054784084579,0.18484893295891586,0.2696270003748559,bgn_gam_oracle_bgnzr_s004@cc56eea+dirty
680,500,0.32582142808545345,0.32582142808545433,0.24431633481142992,0.00692287367607631,0.0014705725356771952,0.05762136351779783,0.1835056641890265,0.26923089386284876,bgn_gam_oracle_bgnzr_s004@cc56eea+dirty
681,500,0.3221287253389678,0.322128725338967,0.1132350047244104,0.006801892012206057,0.0014008458963407511,0.057394648068941664,0.17880661312756807,0.2679460968000026,bgn_gam_oracle_bgnzr_s004@cc56eea+dirty
682,500,0.3182667973583105,0.318266797358312,-0.06776568008122187,0.006658582004347776,0.001303427468133182,0.05706186430230955,0.17251430268601153,0.2674557340373825,bgn_gam_oracle_bgnzr_s004@cc56eea+dirty
683,499,0.3209145033991079,0.3212491916865787,0.013628143884063264,0.0067072679125305835,0.0013498518302848756,0.057052405039235754,0.17547472493754682,0.26869078770956834,bgn_gam_oracle_bgnzr_s004@cc56eea+dirty
684,499,0.3218742589858608,0.32222097349360324,0.08443232857066352,0.00676546236438104,0.001384084608403337,0.0572796206257013,0.17760284309715377,0.2684404379401598,bgn_gam_oracle_bgnzr_s004@cc56eea+dirty
685,498,0.3199285596047498,0.3205992630806951,0.018655794014152457,0.006717044815973561,0.0013534393048177122,0.05705398052357655,0.1757595730816248,0.2673253742556717,bgn_gam_oracle_bgnzr_s004@cc56eea+dirty
686,498,0.32401014821049984,0.32468457716901267,0.21196980651232392,0.006875782688882069,0.001459156753476543,0.057520865774464955,0.18205379187943665,0.2680279705659632,bgn_gam_oracle_bgnzr_s004@cc56eea+dirty
687,498,0.32274875224150623,0.3234392474953251,0.17622213368693196,0.00683235679083603,0.0014357129712779845,0.057426792592189975,0.18055289345887937,0.2675208585084081,bgn_gam_oracle_bgnzr_s004@cc56eea+dirty
688,498,0.325196778609222,0.3258615654689956,0.279950216998235,0.006917945631509387,0.0015041829795987313,0.05773376494464122,0.18395388925362247,0.2681676927712982,bgn_gam_oracle_bgnzr_s004@cc56eea+dirty
689,498,0.3232029697696653,0.3238595872290703,0.19689769631893134,0.006827825896927511,0.0014606927892397042,0.05760862909912266,0.18078283404145765,0.267913655090348,bgn_gam_oracle_bgnzr_s004@cc56eea+dirty
690,498,0.3235751678842069,0.32424307890283866,0.2377087091314798,0.006863359717488154,0.0014822433745287555,0.057757868147146535,0.18196413134240957,0.2675629723562194,bgn_gam_oracle_bgnzr_s004@cc56eea+dirty
691,498,0.3233017644130167,0.3239837211923171,0.23881866713156166,0.006848147208781435,0.001480675584305549,0.05780764659094701,0.181626040965942,0.2674621695036659,bgn_gam_oracle_bgnzr_s004@cc56eea+dirty
692,498,0.3256420577201987,0.32639622379864414,0.37863508202975915,0.006982314252024609,0.0015557149294295964,0.058367368963260134,0.18610430810872033,0.26722263425769105,bgn_gam_oracle_bgnzr_s004@cc56eea+dirty
693,498,0.3283933754530295,0.32908594160756566,0.46975675379508797,0.007042952884380114,0.0016256264938499718,0.058797638086946345,0.18832501852989442,0.2690276871200236,bgn_gam_oracle_bgnzr_s004@cc56eea+dirty
694,498,0.3299861783849732,0.33067451497696587,0.5322240468793413,0.007108464752230715,0.0016714032122327163,0.059133953973621776,0.190246977934924,0.2696237476776626,bgn_gam_oracle_bgnzr_s004@cc56eea+dirty
695,498,0.3308321488498228,0.33154720811542115,0.575839652699608,0.007156448107784373,0.0016949220689302968,0.059447441575713626,0.1915127024802808,0.2697643332638523,bgn_gam_oracle_bgnzr_s004@cc56eea+dirty
696,498,0.3313394435735924,0.3320537997128886,0.5587856854265384,0.007107138103486436,0.0016821410819229685,0.059470366447132335,0.1903808927553938,0.271184333141347,bgn_gam_oracle_bgnzr_s004@cc56eea+dirty
697,498,0.3306297811346303,0.33135173405010077,0.5219416243711362,0.007062918674951376,0.0016592377246940724,0.05931422919212604,0.18945743060215886,0.27096482089518875,bgn_gam_oracle_bgnzr_s004@cc56eea+dirty
698,498,0.3268251395713487,0.3275441223673156,0.36735665293251096,0.006887842332804663,0.0015666469362867583,0.05887582602986248,0.18392881240745604,0.2701571095163227,bgn_gam_oracle_bgnzr_s004@cc56eea+dirty
699,498,0.326911421165662,0.3276059571703174,0.35763033100871217,0.006854435158897006,0.001566634268414855,0.05888667602837371,0.18300692182041242,0.2708865885465176,bgn_gam_oracle_bgnzr_s004@cc56eea+dirty
700,498,0.3281560239041083,0.32884196977710844,0.4194525661642624,0.006907933009678778,0.001611621762844828,0.05920833780226089,0.1847778191140416,0.27118911037873966,bgn_gam_oracle_bgnzr_s004@cc56eea+dirty
701,498,0.3262400815996784,0.3268954802665097,0.3040811216079493,0.006778351690915698,0.0015569665026741745,0.05894151494567018,0.18051173139133816,0.2717500794337808,bgn_gam_oracle_bgnzr_s004@cc56eea+dirty
702,498,0.32425599146151135,0.3248786430451963,0.2045846436612014,0.006679765392721525,0.0015033913842819773,0.058722073790130044,0.17691584945202793,0.2717401888042236,bgn_gam_oracle_bgnzr_s004@cc56eea+dirty
703,498,0.3215553007407881,0.32217456447018394,0.08517851450934698,0.006570543809677758,0.0014409921494016069,0.05848605212106141,0.17250380892907555,0.27136736601783873,bgn_gam_oracle_bgnzr_s004@cc56eea+dirty
704,498,0.3193029811730156,0.3199270668391354,0.016825183599619396,0.006522267549807373,0.0013928494467253135,0.058301502463685435,0.17067128954636857,0.26986238105848465,bgn_gam_oracle_bgnzr_s004@cc56eea+dirty
705,498,0.32222117307108844,0.3228242225434197,0.09814247770366093,0.006557154219947165,0.0014461113751423399,0.058546835905974794,0.17249831472420266,0.27215954106482887,bgn_gam_oracle_bgnzr_s004@cc56eea+dirty
706,498,0.32290384508860376,0.3232983294039011,0.13879045715861268,0.006579621369027461,0.0014602913899693887,0.05867351032245842,0.17403892623544992,0.2719877668716309,bgn_gam_oracle_bgnzr_s004@cc56eea+dirty
707,499,0.31997172644924476,0.3202825434160417,0.017869019357909723,0.006483959914768601,0.0013894758826843274,0.05842613409771217,0.16972690340947535,0.2712465372791714,bgn_gam_oracle_bgnzr_s004@cc56eea+dirty
708,499,0.32209911081256,0.3224133905952891,0.09788578019426347,0.0065406158969678494,0.0014445471169291016,0.05867394836382848,0.17208772266432093,0.272274958258099,bgn_gam_oracle_bgnzr_s004@cc56eea+dirty
709,499,0.32235795735902456,0.32265777270759877,0.08093041862181294,0.006522140015857834,0.001444770435274067,0.05871523841310071,0.17141590356597014,0.2730041037738164,bgn_gam_oracle_bgnzr_s004@cc56eea+dirty
710,499,0.32279319697764053,0.32310016105815864,0.11557709764600435,0.006538074761229138,0.0014560578129554692,0.0587288410678169,0.1722679936295238,0.27298202575610025,bgn_gam_oracle_bgnzr_s004@cc56eea+dirty
711,499,0.32239445690462,0.3226991485017401,0.10395105763025961,0.006518748595072001,0.0014492460577923366,0.05886238699743869,0.17155386144834095,0.2729605437879041,bgn_gam_oracle_bgnzr_s004@cc56eea+dirty
712,499,0.32065972953297633,0.32097215793784434,0.04185141995084315,0.006467447845072361,0.001412644411747805,0.05888754046524261,0.169214696002592,0.2723766671374623,bgn_gam_oracle_bgnzr_s004@cc56eea+dirty
713,499,0.3208461696897685,0.32116107818580397,0.03215269419546447,0.006461149633019846,0.0014140777801110928,0.0588723224067313,0.16922778093204843,0.2725880092106224,bgn_gam_oracle_bgnzr_s004@cc56eea+dirty
714,499,0.31982335202814316,0.3201347454812307,0.002912021863740105,0.006451138634759733,0.0013973669252316974,0.05893691235564384,0.16814021126789405,0.2720585338806808,bgn_gam_oracle_bgnzr_s004@cc56eea+dirty
715,499,0.32156564133079946,0.32186037261441813,0.023008096006615707,0.006450340558074027,0.0014262940777465237,0.059032129995019736,0.16823371948940682,0.2740472173025078,bgn_gam_oracle_bgnzr_s004@cc56eea+dirty
716,499,0.3214437969236006,0.3217257960481351,-0.002759218075337526,0.0064317838842388045,0.0014254099129633506,0.058923851997690874,0.1675083073333957,0.2743484673821992,bgn_gam_oracle_bgnzr_s004@cc56eea+dirty
717,499,0.32022482003383074,0.3204964278456149,-0.07039835553410187,0.00638918365598916,0.0013974965302269986,0.058803035800979626,0.16512025713408643,0.2743706180509722,bgn_gam_oracle_bgnzr_s004@cc56eea+dirty
718,499,0.32118469405950717,0.321456360137357,-0.029574975434710354,0.006422928420890863,0.0014241214183935212,0.05873780528983503,0.16719895000454849,0.274233693800517,bgn_gam_oracle_bgnzr_s004@cc56eea+dirty
719,499,0.31763493782151314,0.31792198311777387,-0.09318732691910304,0.006407592077802724,0.0013786056955273599,0.05862105741696309,0.1653287495481801,0.2712164417908908,bgn_gam_oracle_bgnzr_s004@cc56eea+dirty
720,499,0.3191179784137324,0.31940949114340866,-0.024309379495852653,0.006454936416804127,0.0014130779482996465,0.05865953958022558,0.1677257719245645,0.27148545003218194,bgn_gam_oracle_bgnzr_s004@cc56eea+dirty
721,499,0.3208881274642536,0.321190054621596,0.04717418778593542,0.0064987969234817575,0.001453400285883972,0.05874466158809731,0.1704104130386879,0.2718997636547315,bgn_gam_oracle_bgnzr_s004@cc56eea+dirty
722,499,0.32079086755876834,0.3211108721163602,0.06612200797346098,0.00652463165594016,0.001454631135880273,0.05890275393718597,0.17086303790785465,0.27150065006553165,bgn_gam_oracle_bgnzr_s004@cc56eea+dirty
723,499,0.32240461798835157,0.3227311007610482,0.12087855314553947,0.006563601648010455,0.00148306766853965,0.05897697705299731,0.17283392721786806,0.2721638684738729,bgn_gam_oracle_bgnzr_s004@cc56eea+dirty
724,498,0.32514805550379966,0.3258002064596054,0.24349363972460572,0.006651984851513871,0.001546573020755763,0.05935222307120131,0.17673010912613119,0.27292439708858524,bgn_gam_oracle_bgnzr_s004@cc56eea+dirty
725,498,0.3241942174075773,0.32481255723473046,0.18694792132379862,0.006592772071513197,0.001531630126029337,0.05923306364269551,0.17461574040680541,0.273150569837763,bgn_gam_oracle_bgnzr_s004@cc56eea+dirty
726,498,0.32430886353013294,0.3249232875945694,0.11617492473401429,0.006515045331918824,0.0015052145781837601,0.059128366557046515,0.17138248833753253,0.2753257736853597,bgn_gam_oracle_bgnzr_s004@cc56eea+dirty
727,498,0.32038125372456205,0.32100014681319705,0.009446815855070003,0.006463722649830169,0.0014418309412645971,0.059026177126154614,0.16810816182152144,0.2727339246722185,bgn_gam_oracle_bgnzr_s004@cc56eea+dirty
728,498,0.32263089400834033,0.32326153096169324,0.0870106312631467,0.006485823139866109,0.0014809586251739678,0.05911450713193672,0.17019134323746885,0.2740904968357112,bgn_gam_oracle_bgnzr_s004@cc56eea+dirty
729,498,0.32177651941316104,0.3220923665505563,0.03040422061139157,0.006448255589969804,0.0014586768604993672,0.05909542288355607,0.168452307668704,0.27416044296494835,bgn_gam_oracle_bgnzr_s004@cc56eea+dirty
730,499,0.32306785253340986,0.3233931131104585,0.0812343984389387,0.006477279059755476,0.0014797206588302678,0.05924903327032841,0.16978944226649154,0.27485338388927066,bgn_gam_oracle_bgnzr_s004@cc56eea+dirty
731,499,0.32519161157933923,0.32553374157472587,0.199685638772964,0.006539649276519114,0.001528955814024112,0.0593133101098022,0.17370506435587693,0.2749111399319578,bgn_gam_oracle_bgnzr_s004@cc56eea+dirty
732,499,0.3224812114780487,0.3228265120858611,0.09644195026523693,0.006458859197832924,0.0014647856674038797,0.059097791496599446,0.16992940827686548,0.2740768650561815,bgn_gam_oracle_bgnzr_s004@cc56eea+dirty
733,499,0.3247107013136943,0.3250537225785927,0.2022647997962484,0.006537828621485461,0.0015291190958758773,0.059423381626545764,0.17353615288709434,0.2744489810306794,bgn_gam_oracle_bgnzr_s004@cc56eea+dirty
734,499,0.3231591953296378,0.323484507775503,0.10031512663428918,0.006449747097805883,0.001485553906596612,0.05933832710621536,0.16948129752563051,0.2751507865064676,bgn_gam_oracle_bgnzr_s004@cc56eea+dirty
735,499,0.32479983331851825,0.3251259425681068,0.15402362896502156,0.00647822721160885,0.0015133130688130263,0.059398487083330245,0.17151016734325172,0.27582457146096867,bgn_gam_oracle_bgnzr_s004@cc56eea+dirty
736,498,0.3246395337109942,0.32527247486311717,0.1363783633073208,0.006436954954831031,0.0014984136482886327,0.0593143188363848,0.17018956274485555,0.27645314174522706,bgn_gam_oracle_bgnzr_s004@cc56eea+dirty
737,498,0.3216373846135893,0.32225026892208536,0.01670004167550896,0.006351133026426236,0.0014305213403843072,0.05912373804290156,0.16615886798835378,0.2753939682888839,bgn_gam_oracle_bgnzr_s004@cc56eea+dirty
738,498,0.3213612136634927,0.3219653526391038,0.00701035010794017,0.006346110789746892,0.001417785891707428,0.0591040684064158,0.16548097514304008,0.2754797206927972,bgn_gam_oracle_bgnzr_s004@cc56eea+dirty
739,498,0.32445448646879393,0.3250897163096039,0.14944901168936303,0.0064376469325361264,0.001483868772917368,0.05935301588502426,0.17026392282378447,0.2761899896346447,bgn_gam_oracle_bgnzr_s004@cc56eea+dirty
740,498,0.3248029354296911,0.32542665750584626,0.1356753084308789,0.006420038529284388,0.0014831718605610492,0.059314606911852114,0.16970782262976414,0.276940791148593,bgn_gam_oracle_bgnzr_s004@cc56eea+dirty
741,498,0.32286296511310214,0.32347428303170533,0.05354138271192942,0.006354006330437561,0.0014234441627854974,0.05918964746866575,0.1665651367774967,0.27658009590698684,bgn_gam_oracle_bgnzr_s004@cc56eea+dirty
742,498,0.3240444358589608,0.3246324533848052,0.08368551108966588,0.006359416256210052,0.0014583236330005882,0.05928529686524235,0.16723000173801306,0.2775588639007162,bgn_gam_oracle_bgnzr_s004@cc56eea+dirty
743,497,0.32594974685229755,0.32680673114673875,0.1470331231058384,0.006398526019434059,0.0014929857744739252,0.05945544109449279,0.1691422008027786,0.27862906054586156,bgn_gam_oracle_bgnzr_s004@cc56eea+dirty
744,497,0.3232366623572576,0.32413165618121903,0.06956483046032615,0.006359437374758793,0.0014333302688192282,0.059229613790451614,0.16690281682380148,0.2768129144894442,bgn_gam_oracle_bgnzr_s004@cc56eea+dirty
745,497,0.32389438215038036,0.3247993862146628,0.08588957920758576,0.006361444905519633,0.001433754481143199,0.059285411751918024,0.16721174916243,0.2773946678121575,bgn_gam_oracle_bgnzr_s004@cc56eea+dirty
746,497,0.32098847770380096,0.32130836131830637,-0.031968979613143184,0.006303801161221827,0.0013694586842396815,0.05901507370767869,0.16388106955263426,0.2760010830791941,bgn_gam_oracle_bgnzr_s004@cc56eea+dirty
747,499,0.31690091368635204,0.3172349643288155,-0.13913965207869278,0.006277704992278625,0.0013076289245980083,0.0591096016885213,0.16057104802399227,0.2732089450067869,bgn_gam_oracle_bgnzr_s004@cc56eea+dirty
748,499,0.3178131629794356,0.3181564632477087,-0.08787139019468909,0.006303623530634601,0.0013199157827869152,0.05901753760539927,0.1624049831033001,0.27318460429938235,bgn_gam_oracle_bgnzr_s004@cc56eea+dirty
749,499,0.3197380004875215,0.3200664420684245,-0.030064611859572644,0.006321002096092865,0.0013464894465609798,0.058891581554362374,0.16455088805765947,0.2741448416352092,bgn_gam_oracle_bgnzr_s004@cc56eea+dirty
750,499,0.32214357227498375,0.32248341623375676,0.077414324005985,0.006381610921477302,0.001401980353167706,0.05901969459418593,0.1681714813046357,0.27476323268205344,bgn_gam_oracle_bgnzr_s004@cc56eea+dirty
751,499,0.3256688481556649,0.32570466825553657,0.19783632025857742,0.006462920425222003,0.001483987037192116,0.059517030605418186,0.17158463295131923,0.27680121458187024,bgn_gam_oracle_bgnzr_s004@cc56eea+dirty
752,500,0.32402821734757176,0.32402821734757004,0.15706193559674442,0.00642865994262625,0.0014477370905215856,0.059450637150992504,0.17009774885847354,0.27579166316392684,bgn_gam_oracle_bgnzr_s004@cc56eea+dirty
753,500,0.32574463444892,0.3257446344489162,0.2380646558966186,0.00647395027156672,0.001489539486531663,0.05964018686831086,0.17233774738210245,0.27642226339338727,bgn_gam_oracle_bgnzr_s004@cc56eea+dirty
754,500,0.32362124171496215,0.32362124171496165,0.13465044850765184,0.006388164062238532,0.0014356543635205732,0.059436525273583035,0.16870032176367147,0.27617188402508985,bgn_gam_oracle_bgnzr_s004@cc56eea+dirty
755,500,0.32396074933616165,0.32396074933615965,0.10696816288889875,0.006350748947116677,0.0014381680725705749,0.05939095239306981,0.1675509456714878,0.2772674660234004,bgn_gam_oracle_bgnzr_s004@cc56eea+dirty
756,500,0.32473899465604866,0.3247389946560466,0.12895578920672984,0.006360567180223045,0.0014592421918256649,0.059601019780936994,0.16772504840963043,0.27807143468218437,bgn_gam_oracle_bgnzr_s004@cc56eea+dirty
757,500,0.3241781227877579,0.32417812278775493,0.11046484261397592,0.006348711795116024,0.0014560342081158051,0.05957526062969755,0.16728810623578358,0.2776799323073957,bgn_gam_oracle_bgnzr_s004@cc56eea+dirty
758,500,0.32333171038608693,0.32333171038608743,0.08254354713681324,0.006322672334069878,0.0014387635825671324,0.059545861778773176,0.16600680613907132,0.27746195280920444,bgn_gam_oracle_bgnzr_s004@cc56eea+dirty
759,500,0.3215895592362634,0.32158955923626414,0.007930677029246495,0.00628297866451964,0.0014045135513795198,0.05949138014479799,0.16349681845158986,0.27692712934268837,bgn_gam_oracle_bgnzr_s004@cc56eea+dirty
760,500,0.32484055663896577,0.3248405566389637,0.12224210275019803,0.006340518099478034,0.0014684631871976087,0.05959866485259991,0.16741671228837338,0.27837570239527937,bgn_gam_oracle_bgnzr_s004@cc56eea+dirty
761,500,0.32871992275712125,0.3287199227571204,0.2519018017482325,0.0064230207837438534,0.0015544876390189027,0.06003032545072898,0.17109291728773676,0.28068487895043337,bgn_gam_oracle_bgnzr_s004@cc56eea+dirty
762,500,0.3305961621506193,0.33059616215061843,0.33535798876236533,0.0064522660182841475,0.0016022655331217866,0.06032010347625464,0.1731260885289336,0.2816401603099076,bgn_gam_oracle_bgnzr_s004@cc56eea+dirty
763,500,0.3338585214433738,0.3338585214433729,0.5026851717765325,0.006582800814225889,0.0017031141674197646,0.06111516399039489,0.17796722299301093,0.28246978578338533,bgn_gam_oracle_bgnzr_s004@cc56eea+dirty
764,500,0.3357132570573079,0.3357132570573068,0.5691498518382151,0.006618144032018913,0.00175542358149209,0.061495753895395876,0.17980892058701933,0.2834998113603554,bgn_gam_oracle_bgnzr_s004@cc56eea+dirty
765,500,0.33671097333090916,0.33671097333091055,0.6141737159918916,0.006636127795326575,0.0017888185895727504,0.06181386928748518,0.18061681212285277,0.28416869415899126,bgn_gam_oracle_bgnzr_s004@cc56eea+dirty
766,499,0.33431685712350534,0.3346358719628934,0.4898642189479349,0.006516293440060968,0.0017020240743639233,0.06130373103389865,0.17638850028655334,0.2839979892949928,bgn_gam_oracle_bgnzr_s004@cc56eea+dirty
767,499,0.3353326214382968,0.33564579585783166,0.5172062924397255,0.0065334063211241675,0.001732528936593216,0.06155463208320153,0.17680417486012384,0.2849355203422536,bgn_gam_oracle_bgnzr_s004@cc56eea+dirty
768,498,0.33122207853312347,0.3318323805560076,0.34986223526754673,0.006390063059296682,0.0016307861004559135,0.061022480169335105,0.17141781468111378,0.283414886902142,bgn_gam_oracle_bgnzr_s004@cc56eea+dirty
769,498,0.3331979740422554,0.33380424438351364,0.41994964001784346,0.006420389783899256,0.0016847643989194097,0.0613955446135066,0.1729881471482156,0.28477357821976884,bgn_gam_oracle_bgnzr_s004@cc56eea+dirty
770,498,0.3332088597579309,0.33381296708461095,0.4123863706911175,0.006391404158380117,0.0016774943172767536,0.06130357832487301,0.17245702052029768,0.2851082606562674,bgn_gam_oracle_bgnzr_s004@cc56eea+dirty
771,498,0.33397224960358607,0.33455951173755616,0.39746320391028583,0.0063417232327594,0.0016813305821956794,0.06129742919692418,0.1711482343544409,0.2867851903126055,bgn_gam_oracle_bgnzr_s004@cc56eea+dirty
772,498,0.3321075015119152,0.3326951480421545,0.3427103314474277,0.006302345330127121,0.0016504810323328674,0.061284311188557934,0.16921676106900443,0.2857640291110871,bgn_gam_oracle_bgnzr_s004@cc56eea+dirty
773,498,0.33065666308562075,0.3312226464664854,0.28683922758065145,0.006251151330719943,0.0015980182282140341,0.060936949318188396,0.1671531792493066,0.28529571239289053,bgn_gam_oracle_bgnzr_s004@cc56eea+dirty
774,498,0.33065117660622223,0.3311990675578946,0.26947385952672476,0.006227534423843102,0.0015859772625465634,0.06091853548172827,0.166316714299427,0.28577780028498007,bgn_gam_oracle_bgnzr_s004@cc56eea+dirty
775,498,0.3300343723930869,0.3305639699349329,0.22996832938154105,0.006179364871300121,0.0015924679795764204,0.06242485872273595,0.164765831818775,0.28596312284272934,bgn_gam_oracle_bgnzr_s004@cc56eea+dirty
776,498,0.3308577930303766,0.33137446983138524,0.237491469879335,0.006176693150670878,0.001602852942354595,0.06250405796336028,0.16451076594416053,0.28705937904447076,bgn_gam_oracle_bgnzr_s004@cc56eea+dirty
777,498,0.32781532203287456,0.3283424401340567,0.13438947832008974,0.006114993180624623,0.0015328576427751902,0.0622971606222209,0.161146981245365,0.28547247817438237,bgn_gam_oracle_bgnzr_s004@cc56eea+dirty
778,498,0.3274016713980777,0.3276681804582884,0.10999308242966557,0.006104829924119383,0.001532807165625243,0.06237787874320342,0.1604989774895969,0.2853628088224685,bgn_gam_oracle_bgnzr_s004@cc56eea+dirty
779,499,0.33009948614510487,0.33035886297278266,0.2040531714917783,0.006141367897615064,0.0015685316528603708,0.06261765427241787,0.16296005502162733,0.2870708818752095,bgn_gam_oracle_bgnzr_s004@cc56eea+dirty
780,499,0.3264235854810611,0.32668066984888333,0.06245498368040863,0.006063523306146804,0.0014867692684802079,0.062444837614136356,0.15869445459865758,0.2852515157504798,bgn_gam_oracle_bgnzr_s004@cc56eea+dirty
781,499,0.32506441564177174,0.32532360634382546,0.01967816980949612,0.00602525491779468,0.001441165191638602,0.06224713417728003,0.15686033633828864,0.2847133807891113,bgn_gam_oracle_bgnzr_s004@cc56eea+dirty
782,499,0.3210424558411657,0.3213124643486098,-0.08160938914499719,0.0060118843209254974,0.0013761832232718192,0.06209672047293862,0.15406302611167877,0.28166086422831094,bgn_gam_oracle_bgnzr_s004@cc56eea+dirty
783,498,0.320949349816932,0.3215022715460424,-0.05868368693965364,0.006015690418508469,0.0013762926533947958,0.062177903197661887,0.1550894084456709,0.28099067695545216,bgn_gam_oracle_bgnzr_s004@cc56eea+dirty
784,498,0.32312402346531804,0.3236649358383505,0.016742961382821085,0.006038319335426023,0.0014186258663915641,0.062276830075950494,0.15743138554427566,0.2821781235071653,bgn_gam_oracle_bgnzr_s004@cc56eea+dirty
785,498,0.32317013808319506,0.3237000743801899,0.00815985467468986,0.0060282563900869645,0.001414695543616197,0.062359676260617454,0.1565422130826564,0.28272508497106436,bgn_gam_oracle_bgnzr_s004@cc56eea+dirty
786,498,0.32176469610699016,0.32229595840830094,-0.05254471899354038,0.006015952049376593,0.001388961521931931,0.06215428667823248,0.15497703147675615,0.28198340265958255,bgn_gam_oracle_bgnzr_s004@cc56eea+dirty
787,498,0.32351615423378355,0.32401827626861374,-0.041106689900184935,0.005994798830223198,0.0013886410795058044,0.06197008636747304,0.15512284083810024,0.28390069795711076,bgn_gam_oracle_bgnzr_s004@cc56eea+dirty
788,498,0.32585472264324966,0.3263760567285012,0.06088041001265476,0.006025445953141582,0.0014238085835792556,0.0619915467261761,0.15840498690959304,0.28476158517447686,bgn_gam_oracle_bgnzr_s004@cc56eea+dirty
789,498,0.3246676398653989,0.325165875040041,-0.003478537797798081,0.006006252813167366,0.0014070996116090462,0.062042656872603436,0.1561548411076855,0.2846484533146138,bgn_gam_oracle_bgnzr_s004@cc56eea+dirty
790,498,0.32353825324954005,0.323804843936799,-0.027139614690492607,0.006015808335191833,0.0013906798142272962,0.06194265038018509,0.15598537930240972,0.28345292864891497,bgn_gam_oracle_bgnzr_s004@cc56eea+dirty
791,499,0.3267111179804968,0.32698261693346664,0.09612773130766179,0.006047424611359169,0.0014539018162054778,0.06219699524762954,0.15922299721526506,0.2852861576905788,bgn_gam_oracle_bgnzr_s004@cc56eea+dirty
792,499,0.32292795312767,0.3232028380000135,-0.020715494623790846,0.005993252866176139,0.001380994499457359,0.0619511309229,0.15552078009796716,0.2830119253122496,bgn_gam_oracle_bgnzr_s004@cc56eea+dirty
793,499,0.3208012964442995,0.3210744539445677,-0.12498739975101968,0.005971114958429345,0.0013344089884077186,0.06173287899236006,0.1528072821638354,0.28206986070483553,bgn_gam_oracle_bgnzr_s004@cc56eea+dirty
794,499,0.3217325295544742,0.3220120654534017,-0.08454609886457168,0.005982041538469927,0.0013595135824709449,0.06186742778784064,0.15374401408955213,0.28262094526972376,bgn_gam_oracle_bgnzr_s004@cc56eea+dirty
795,499,0.3239984453977992,0.3242780383810025,0.005449610680263172,0.006011799048513886,0.0013982607201368804,0.06186523449041968,0.15667944386659916,0.28359574131119086,bgn_gam_oracle_bgnzr_s004@cc56eea+dirty
796,499,0.32535733164179315,0.32563769142022164,0.06837613835063067,0.0060211498366838645,0.001436125878093907,0.06195228491522732,0.15816827464124666,0.2843240935096408,bgn_gam_oracle_bgnzr_s004@cc56eea+dirty
797,499,0.33013648958894926,0.3304277027559267,0.2680702190890259,0.00611678006529361,0.00155248378256861,0.06245918197505589,0.16398656641612885,0.2865283717071713,bgn_gam_oracle_bgnzr_s004@cc56eea+dirty
798,499,0.3282505335641205,0.32854208673387336,0.2022738683891998,0.006078633431337892,0.0015105464637816192,0.062096252527334916,0.1622401127130044,0.28535339250130076,bgn_gam_oracle_bgnzr_s004@cc56eea+dirty
799,499,0.3262431853969358,0.32653465304598633,0.12346362440244771,0.006047721664426425,0.0014666009836168269,0.06194669163263951,0.16015610262203953,0.28422638654927546,bgn_gam_oracle_bgnzr_s004@cc56eea+dirty
800,499,0.326755216918284,0.32703558045746134,0.12042968303757552,0.006032577949069898,0.001467735088947109,0.06201016865584753,0.15933487955555314,0.2852741978173495,bgn_gam_oracle_bgnzr_s004@cc56eea+dirty
801,499,0.32036027366068837,0.3206440667450109,-0.07509911318654955,0.005990393024618074,0.0013649094883091712,0.061816473970821614,0.15418988758841282,0.28081343184652646,bgn_gam_oracle_bgnzr_s004@cc56eea+dirty
802,498,0.3208191137883649,0.3213485739908621,-0.11095915364985509,0.005985503547445852,0.0013728894885509319,0.06179498574289897,0.15298916870585152,0.28199152120346516,bgn_gam_oracle_bgnzr_s004@cc56eea+dirty
803,498,0.32553656027983674,0.3260820590576569,0.08520393428359722,0.006052101292224521,0.0014690930176192811,0.061874235562861944,0.15905214181507632,0.28403603338813305,bgn_gam_oracle_bgnzr_s004@cc56eea+dirty
804,498,0.3271535591858576,0.32773002272161617,0.20842166201241685,0.006116023548492313,0.0015060470593477953,0.062189573306598536,0.16276129983555318,0.2837925484642181,bgn_gam_oracle_bgnzr_s004@cc56eea+dirty
805,498,0.32473220181244095,0.32532234749537015,0.11637564806694693,0.0060589570408181945,0.0014538300255433113,0.06195116889498443,0.15973891034647186,0.28272687069905067,bgn_gam_oracle_bgnzr_s004@cc56eea+dirty
806,498,0.32846554672696304,0.3290511257260871,0.26770229636095383,0.006132194519759639,0.0015363772491423819,0.06236532843177635,0.16417859568823048,0.28449078035058234,bgn_gam_oracle_bgnzr_s004@cc56eea+dirty
807,498,0.33220606516377094,0.3328044313174323,0.3874492281990548,0.006186673614550991,0.0016218707501887424,0.0626732823058514,0.1676175920074698,0.28681912868777254,bgn_gam_oracle_bgnzr_s004@cc56eea+dirty
808,498,0.33241649798194306,0.3329865631214231,0.3749782156418523,0.006173032647761219,0.0016255841647164913,0.06265594006306799,0.1669391157500103,0.2874579269444205,bgn_gam_oracle_bgnzr_s004@cc56eea+dirty
809,498,0.33045554524001586,0.331025196012421,0.3059316430263029,0.006113627197305896,0.0015633027497380652,0.06243359507515425,0.16479000949219152,0.28643519363276504,bgn_gam_oracle_bgnzr_s004@cc56eea+dirty
810,498,0.3323686203459152,0.3329153683462176,0.3553424934192107,0.006129251310856538,0.0016061364119083126,0.06265977494035496,0.16593516550796014,0.28798336868384083,bgn_gam_oracle_bgnzr_s004@cc56eea+dirty
811,498,0.33565152400783316,0.33616934165155415,0.47709468457577264,0.006196934198249551,0.0016886562243982632,0.06320858422084291,0.16926097808679832,0.2898493865197602,bgn_gam_oracle_bgnzr_s004@cc56eea+dirty
812,497,0.3350172984109654,0.3357855546715741,0.4738442045626708,0.006208186445644524,0.001699370038388903,0.0633956964154533,0.16906153566757107,0.28923137345783295,bgn_gam_oracle_bgnzr_s004@cc56eea+dirty
813,497,0.33401896099897854,0.33478125794191216,0.41266553268971157,0.0061608475166928965,0.0016583070571860653,0.06315812741048814,0.16713747382659372,0.2891949708236674,bgn_gam_oracle_bgnzr_s004@cc56eea+dirty
814,497,0.3345860057005786,0.33532447279006733,0.4226743307105384,0.006157693851556155,0.0016759205080253072,0.06334766370313975,0.16692210512936645,0.28997380231643055,bgn_gam_oracle_bgnzr_s004@cc56eea+dirty
815,497,0.3353412544077664,0.3360481308011852,0.42971906449042896,0.006148064002645432,0.0016948669533041534,0.06348558772569073,0.16706333249014185,0.29076382141707835,bgn_gam_oracle_bgnzr_s004@cc56eea+dirty
816,497,0.33282237916753266,0.3335028328563146,0.30808048639657204,0.006052844581492554,0.0016232851068256624,0.0632415582461741,0.16290711155764453,0.2902275126149863,bgn_gam_oracle_bgnzr_s004@cc56eea+dirty
817,497,0.3302559967230782,0.33090803350205467,0.19585994853351707,0.005993530414445932,0.0015634446931101665,0.06307255712717574,0.1591011354328725,0.2894060332396763,bgn_gam_oracle_bgnzr_s004@cc56eea+dirty
818,497,0.32947367246001796,0.33009856110538477,0.13367828835841158,0.005946598109264856,0.0015401971970575399,0.06298943154391355,0.15679894615733228,0.28977058395952,bgn_gam_oracle_bgnzr_s004@cc56eea+dirty
819,497,0.3310759433412056,0.3316848769542421,0.1887186926279874,0.005951139398253843,0.0015722049389858758,0.0630239974839365,0.15813408325992243,0.29086920079446893,bgn_gam_oracle_bgnzr_s004@cc56eea+dirty
820,497,0.32774814473886077,0.32837586620446213,0.07185476778396753,0.005898736966117364,0.001495442220371447,0.06274729694523822,0.15455873549441587,0.2890163380539799,bgn_gam_oracle_bgnzr_s004@cc56eea+dirty
821,497,0.328938984202388,0.3295473098838675,0.06937967537391629,0.005884216374011679,0.0015074050326635486,0.06276850583592232,0.1541957481897231,0.2905589898253199,bgn_gam_oracle_bgnzr_s004@cc56eea+dirty
822,497,0.32955167222703824,0.33016335195520496,0.09845032820031642,0.005887692057055542,0.0015145243958596,0.06279033704277961,0.15495167821592928,0.2908509619817414,bgn_gam_oracle_bgnzr_s004@cc56eea+dirty
823,497,0.3280625236085048,0.32864848025897897,0.004281921585073635,0.005857938799111854,0.0014613346971729835,0.06261561364118902,0.1523294571485459,0.29055250107546843,bgn_gam_oracle_bgnzr_s004@cc56eea+dirty
824,497,0.32671658640296247,0.32729289647558374,-0.04441579551756434,0.005857696129878917,0.0014297532570535687,0.062496478314537106,0.15137645716222622,0.289532202091265,bgn_gam_oracle_bgnzr_s004@cc56eea+dirty
825,497,0.3252685486062465,0.32581460841347365,-0.11769319585937126,0.005838123709239655,0.0013914773378757139,0.06233373093984504,0.1490455387193277,0.2891108024621002,bgn_gam_oracle_bgnzr_s004@cc56eea+dirty
826,497,0.32346483426529504,0.3240227279277251,-0.16834173836237792,0.005856407612324176,0.0013597867368329221,0.06214237807728739,0.1486046188610912,0.2873084862293918,bgn_gam_oracle_bgnzr_s004@cc56eea+dirty
827,497,0.320876107980975,0.3214387506515958,-0.2743589351636988,0.005899235951905677,0.0013273306611202942,0.06218408337511325,0.14650951569321405,0.2854758106816726,bgn_gam_oracle_bgnzr_s004@cc56eea+dirty
828,497,0.32480455489135035,0.3253831834066584,-0.10815363702367861,0.005931620351887217,0.0014064698016986836,0.06206256986560009,0.1517797838298166,0.28716005310408754,bgn_gam_oracle_bgnzr_s004@cc56eea+dirty
829,497,0.3265424481902935,0.3269262204367133,-0.06079670594854107,0.005931908699116819,0.0014250799092318074,0.06193898271949988,0.1533205207451532,0.28831022942057666,bgn_gam_oracle_bgnzr_s004@cc56eea+dirty
830,498,0.3289810864800884,0.3293529336231532,0.012430675175981383,0.005958798623535463,0.0014737362296170465,0.06206196015337205,0.15529065265082875,0.2900230481546235,bgn_gam_oracle_bgnzr_s004@cc56eea+dirty
831,498,0.3248290047342596,0.3250449952527762,-0.08713358449226591,0.0059612771045586275,0.0013930647897407557,0.061935728687213976,0.1530312582729699,0.2865228024224969,bgn_gam_oracle_bgnzr_s004@cc56eea+dirty
832,499,0.3219957576854196,0.3222172175625387,-0.19799232985860188,0.005964025403211583,0.0013225747955232974,0.06212437585430219,0.1504770377740323,0.2846716162004212,bgn_gam_oracle_bgnzr_s004@cc56eea+dirty
833,499,0.31839491681488685,0.31863374642194653,-0.2958997132383721,0.005984719272745196,0.0012928727624061838,0.06299293021109709,0.1478036355711138,0.2820095891375329,bgn_gam_oracle_bgnzr_s004@cc56eea+dirty
834,499,0.3153713936420607,0.31562076634249947,-0.3683939084700787,0.006030153241940719,0.0012496953798338136,0.06280758822458214,0.14695172301726753,0.27904176574482875,bgn_gam_oracle_bgnzr_s004@cc56eea+dirty
835,499,0.31712010469775725,0.31738000019079154,-0.3052664497345762,0.00606446711405912,0.0012689283255687828,0.06251267605913309,0.1501028598389361,0.27934618714363946,bgn_gam_oracle_bgnzr_s004@cc56eea+dirty
836,499,0.3183197967897948,0.31859385330411494,-0.23224239905003022,0.006080039014434021,0.0012927660830071163,0.06238790595909212,0.15257424203243636,0.2793717840021139,bgn_gam_oracle_bgnzr_s004@cc56eea+dirty
837,499,0.32223259974297713,0.3225051517918774,-0.11150092603828485,0.006116087142710268,0.001350016417752572,0.06229480954766817,0.1565544886431792,0.28164612623430557,bgn_gam_oracle_bgnzr_s004@cc56eea+dirty
838,499,0.3229022472165853,0.32318383555171426,-0.06277893708824978,0.006138907882111384,0.0013660647942805614,0.06226679050089959,0.15850562322517567,0.28132157518313344,bgn_gam_oracle_bgnzr_s004@cc56eea+dirty
839,499,0.3176532752098109,0.31793336848619197,-0.24029750874709502,0.006121993929376509,0.0012913211763047113,0.062342773857944955,0.15342320668331696,0.2781455067092188,bgn_gam_oracle_bgnzr_s004@cc56eea+dirty
840,499,0.3165533585775143,0.3168417382121078,-0.27263367201019784,0.0061548218458964965,0.001273289931745201,0.06215748555099627,0.15353858901676312,0.27682472886186643,bgn_gam_oracle_bgnzr_s004@cc56eea+dirty
841,499,0.31860376949475805,0.3188910822919455,-0.21279196181729215,0.006182729798406798,0.0013034380754461158,0.06193612765484454,0.156247293795217,0.27766012518534244,bgn_gam_oracle_bgnzr_s004@cc56eea+dirty
842,499,0.32180417905801995,0.32207628072974376,-0.1430373444410446,0.006217922964591311,0.0013500163286813143,0.06189937193442109,0.158639221928616,0.2799848691002596,bgn_gam_oracle_bgnzr_s004@cc56eea+dirty
843,499,0.32089898518424215,0.32117576902997136,-0.13498991637689833,0.006234884198363858,0.00133014688672118,0.061515657488516215,0.15969234305066524,0.278342440643293,bgn_gam_oracle_bgnzr_s004@cc56eea+dirty
844,499,0.3234801450854233,0.323487398579887,-0.04708305764375094,0.006265118867251581,0.0013712283652626666,0.06148403550873572,0.16258243426417537,0.2796539939518504,bgn_gam_oracle_bgnzr_s004@cc56eea+dirty
845,500,0.3224375807320341,0.32243758073203566,-0.06029262422567073,0.006263656526332398,0.001359350061947152,0.061478750436460256,0.16235725499700715,0.27857874150437933,bgn_gam_oracle_bgnzr_s004@cc56eea+dirty
846,500,0.3231008987483022,0.3231008987483036,-0.04834320630653412,0.006273339043154797,0.001368995171240427,0.06158458533925066,0.1624672756554537,0.2792822499068916,bgn_gam_oracle_bgnzr_s004@cc56eea+dirty
847,500,0.3243427110898557,0.3243427110898579,-0.004698200980792603,0.006288557928741073,0.0013916860848324848,0.06168769336620858,0.16361907714092513,0.2800481955533183,bgn_gam_oracle_bgnzr_s004@cc56eea+dirty
848,500,0.32305810294829185,0.3230581029482898,-0.047463784052428855,0.006261184759766733,0.0013596439357801554,0.06144920886845414,0.16243970967425775,0.27924877546999555,bgn_gam_oracle_bgnzr_s004@cc56eea+dirty
849,500,0.3211003661086659,0.321100366108667,-0.09011219999592647,0.006248790676960272,0.001338946377620306,0.06135185612170044,0.16133467427054987,0.27762667017621856,bgn_gam_oracle_bgnzr_s004@cc56eea+dirty
850,500,0.3210072256013153,0.32100722560131345,-0.05263300895381227,0.006276732654128132,0.001343035242604663,0.06150870261501296,0.16236585814848803,0.2769168954685842,bgn_gam_oracle_bgnzr_s004@cc56eea+dirty
851,500,0.32254164575574007,0.32254164575573924,0.00635698648915822,0.006289990260773559,0.0013886470540932043,0.06291205542889299,0.16387963250771478,0.27780673011278484,bgn_gam_oracle_bgnzr_s004@cc56eea+dirty
852,500,0.324175365033514,0.32417536503351363,0.009072209512480752,0.006286831004293124,0.0014078296555813134,0.06298544043735993,0.16374602355682388,0.27978010483939014,bgn_gam_oracle_bgnzr_s004@cc56eea+dirty
853,500,0.3263366539053501,0.3263366539053506,0.08770929210998893,0.006317413708032637,0.0014504940544701592,0.06322517345308395,0.165969175902053,0.28098014935673593,bgn_gam_oracle_bgnzr_s004@cc56eea+dirty
854,500,0.3264849624322157,0.32648496243221653,0.08769034830120541,0.006312454574337819,0.001463865933015122,0.06291470285735555,0.16597951706771596,0.2811462797341147,bgn_gam_oracle_bgnzr_s004@cc56eea+dirty
855,500,0.3256099921931169,0.3256099921931172,0.06442633761987482,0.006301128525996951,0.0014522538066347502,0.06279001753657992,0.165525111914878,0.28039847421405273,bgn_gam_oracle_bgnzr_s004@cc56eea+dirty
856,500,0.3281920382783134,0.32819203827831367,0.14168741173115817,0.006318234719296507,0.001502791658806415,0.06304347566955222,0.1673502609412796,0.28231879879342,bgn_gam_oracle_bgnzr_s004@cc56eea+dirty
857,500,0.3263707407393375,0.3263707407393383,0.06776629094259891,0.006263458365684629,0.0014621251188558226,0.06285540273685232,0.16462096095930676,0.2818116385523817,bgn_gam_oracle_bgnzr_s004@cc56eea+dirty
858,500,0.32668531296291003,0.3266853129629083,0.03152523712031601,0.006248806589575958,0.0014526978699876925,0.06267217274873103,0.16405147666185496,0.2825073569143631,bgn_gam_oracle_bgnzr_s004@cc56eea+dirty
859,500,0.3287226291516155,0.3287226291516155,0.11714645660514567,0.006293965281360262,0.0014642834933870097,0.06204117987913972,0.16623184412660844,0.2835939719292663,bgn_gam_oracle_bgnzr_s004@cc56eea+dirty
860,500,0.328365245474934,0.3283652454749327,0.0934811924658861,0.006276080568891191,0.0014551623566419164,0.0619801477619873,0.16579892772222027,0.28343332549644834,bgn_gam_oracle_bgnzr_s004@cc56eea+dirty
861,500,0.32939348282827113,0.32939348282827097,0.12788828210849293,0.006283164524280489,0.001476054471743593,0.062177882378007664,0.1662208868059177,0.2843777124164143,bgn_gam_oracle_bgnzr_s004@cc56eea+dirty
862,500,0.32581944250512934,0.3258194425051277,0.031086299944577643,0.0062438877513196715,0.0014037641694765663,0.06198404023149879,0.16369777059391996,0.2817114641205317,bgn_gam_oracle_bgnzr_s004@cc56eea+dirty
863,500,0.3247921069764206,0.3247921069764208,-0.016198621939105037,0.006216832130463718,0.0013859393894212065,0.06218131027951897,0.16190568104733205,0.2815607628892602,bgn_gam_oracle_bgnzr_s004@cc56eea+dirty
864,500,0.3217630741174834,0.32176307411748234,-0.11963717892722515,0.006177512452021201,0.001327227403685932,0.061903979820181705,0.15872528918492007,0.27988883228649303,bgn_gam_oracle_bgnzr_s004@cc56eea+dirty
865,500,0.3189681025859195,0.31896810258592057,-0.22893524248747618,0.0061687476282705645,0.001281324628549953,0.0616561892238858,0.15605144822527298,0.27818805864748514,bgn_gam_oracle_bgnzr_s004@cc56eea+dirty
866,500,0.32339222081190205,0.3233922208119016,-0.09426733850201867,0.0062101629791268525,0.0013537123597585424,0.061795432749286235,0.16010802958716888,0.28097677367243057,bgn_gam_oracle_bgnzr_s004@cc56eea+dirty
867,500,0.32212021825197945,0.3221202182519817,-0.10671485219486858,0.00621986823237917,0.0013192239139944468,0.06135852288462968,0.160523407750519,0.27927346914961954,bgn_gam_oracle_bgnzr_s004@cc56eea+dirty
868,500,0.32022153623266686,0.32022153623266564,-0.15613191365623266,0.006210189772729045,0.0012933314132794822,0.06134583407531073,0.15876337503836743,0.2780935508307157,bgn_gam_oracle_bgnzr_s004@cc56eea+dirty
869,500,0.3212038919249927,0.3212038919249921,-0.09841674301698974,0.00624239491077304,0.001309783072782765,0.06140741238577654,0.160772572931935,0.27807214887616494,bgn_gam_oracle_bgnzr_s004@cc56eea+dirty
870,500,0.3208579635736924,0.32085796357369223,-0.080552103846934,0.006268681342354475,0.0013099195640504688,0.061295487595931966,0.16194554268797673,0.2769900250769937,bgn_gam_oracle_bgnzr_s004@cc56eea+dirty
871,500,0.3225889474715148,0.32258894747151273,-0.02334867563580598,0.006298869935884148,0.0013423936680321059,0.061367497585290295,0.1638850691536555,0.27785844082784544,bgn_gam_oracle_bgnzr_s004@cc56eea+dirty
872,500,0.32312291736921,0.3231229173692093,-0.01609592198530959,0.00631171837367131,0.00134144310364816,0.06119048086179463,0.16476634059026923,0.27795768155904726,bgn_gam_oracle_bgnzr_s004@cc56eea+dirty
873,500,0.32492186230983194,0.3249218623098292,0.06000161660015179,0.0063346520842953976,0.0013737137452947737,0.06138513251065614,0.16674053127519642,0.2788759793115116,bgn_gam_oracle_bgnzr_s004@cc56eea+dirty
874,500,0.3234857736236853,0.3234857736236856,-0.010529685571586428,0.006289791404584692,0.001344841177152138,0.061241848524332024,0.16416775695890695,0.2787328350087148,bgn_gam_oracle_bgnzr_s004@cc56eea+dirty
875,500,0.3203652223637044,0.3203652223637038,-0.1272119348142294,0.0062357401849874785,0.0012807008769689567,0.06102433465874136,0.16034143083918215,0.27735266585448487,bgn_gam_oracle_bgnzr_s004@cc56eea+dirty
876,499,0.31960543673092695,0.3199266151152908,-0.12886286431584035,0.006252874878526502,0.0012733388647511292,0.06089678980135245,0.16081853120729803,0.27619745691858544,bgn_gam_oracle_bgnzr_s004@cc56eea+dirty
877,499,0.31960604848825597,0.3199220144219012,-0.14011806745566696,0.0062524413526630455,0.0012724255096535587,0.06077766826493236,0.16082849176112624,0.27619236497071886,bgn_gam_oracle_bgnzr_s004@cc56eea+dirty
878,499,0.32013565736323085,0.32044809541700653,-0.13742521533151375,0.006255769337745088,0.0012826490846661132,0.060726463165647566,0.161268647989485,0.27654884250531864,bgn_gam_oracle_bgnzr_s004@cc56eea+dirty
879,499,0.31728515044567224,0.31761036588765534,-0.20441125511856925,0.006252051210236581,0.001251169069709798,0.06097270448661874,0.1588967027257065,0.27463012317703117,bgn_gam_oracle_bgnzr_s004@cc56eea+dirty
880,499,0.3177723329874928,0.3181049808886421,-0.16309637449098427,0.006289867181586929,0.0012629559642291129,0.06070515464114573,0.1610936767660563,0.27391254611336696,bgn_gam_oracle_bgnzr_s004@cc56eea+dirty
881,499,0.3181612218765988,0.31850502506594774,-0.126274653834221,0.0063145216405513386,0.0012771281842160797,0.060721870479054196,0.16255371955949058,0.2735010993824062,bgn_gam_oracle_bgnzr_s004@cc56eea+dirty
882,499,0.31617494584782363,0.3165359509366335,-0.1419926295250439,0.006325170174553881,0.0012574793803814114,0.060653526295025725,0.16245279865498463,0.27124838172980353,bgn_gam_oracle_bgnzr_s004@cc56eea+dirty
883,499,0.31588995657499,0.31626148336786414,-0.11344790585328558,0.006338610851764098,0.0012602978185610439,0.0606905250617038,0.1634081809440223,0.270340953363553,bgn_gam_oracle_bgnzr_s004@cc56eea+dirty
884,499,0.3191155256192023,0.3194658993976005,-0.021535799492359335,0.006381369499912758,0.0013184221885011503,0.06083079957569281,0.16638987855959322,0.27230337310460107,bgn_gam_oracle_bgnzr_s004@cc56eea+dirty
885,499,0.318852277539644,0.3192092536005667,-0.03933338255815097,0.006368482632442703,0.001301150493963251,0.06070521158329262,0.16587904706765375,0.2723066591843565,bgn_gam_oracle_bgnzr_s004@cc56eea+dirty
886,499,0.3168439447123305,0.3172144451357204,-0.09979134361985606,0.006322306820303337,0.001257222291825923,0.06050474711768309,0.16371364804683167,0.2712709471065202,bgn_gam_oracle_bgnzr_s004@cc56eea+dirty
887,499,0.31384274787450894,0.31421785274595737,-0.18175069433103447,0.006309172958277513,0.001217754476104479,0.060376952330165407,0.16177597165961258,0.26893457454743674,bgn_gam_oracle_bgnzr_s004@cc56eea+dirty
888,499,0.3153487017675219,0.31573684849200034,-0.10362845654286666,0.006355941575958598,0.0012475524778769343,0.06040746790411897,0.1646540304337024,0.268949537959073,bgn_gam_oracle_bgnzr_s004@cc56eea+dirty
889,499,0.3148201904819863,0.31521356637391595,-0.10972783786635494,0.006360127661599018,0.0012461092497775806,0.060388086236559634,0.16460992028206112,0.26835671498929853,bgn_gam_oracle_bgnzr_s004@cc56eea+dirty
890,499,0.3152248661750829,0.31562003564435237,-0.11035756445627355,0.006351253307307608,0.0012439031425025991,0.060318758199741765,0.16444292820157652,0.2689335226772409,bgn_gam_oracle_bgnzr_s004@cc56eea+dirty
891,499,0.3165271975900524,0.31691558904720674,-0.10002710184645063,0.006354870638908882,0.0012511460655611367,0.0603193937418415,0.16466803865572108,0.27032185235287587,bgn_gam_oracle_bgnzr_s004@cc56eea+dirty
892,499,0.31712802327504847,0.31751910626038143,-0.08312455584037595,0.006360382022557312,0.0012561157122191352,0.06027859678895118,0.16521175994552617,0.270694029343171,bgn_gam_oracle_bgnzr_s004@cc56eea+dirty
893,499,0.31599692543293295,0.3163835225175644,-0.1232707186948995,0.006344641288290042,0.0012391812909611946,0.060256766684631195,0.16413889370477908,0.2700231109672611,bgn_gam_oracle_bgnzr_s004@cc56eea+dirty
894,499,0.3142870187725564,0.31470173516795785,-0.12138550034342431,0.0063656154211284895,0.0012156181205166283,0.06003191525999733,0.16476820949087284,0.26763364383072813,bgn_gam_oracle_bgnzr_s004@cc56eea+dirty
895,499,0.3159416372803028,0.31635780013991616,-0.05152803078538198,0.006411292499537627,0.0012466047271908224,0.060202808711579,0.1668519679940556,0.26829002766384935,bgn_gam_oracle_bgnzr_s004@cc56eea+dirty
896,499,0.3136380271096721,0.3140524288373471,-0.13877980613272564,0.0063814061663638915,0.001208298812510605,0.05988758245033832,0.16456674858013887,0.2669955005445013,bgn_gam_oracle_bgnzr_s004@cc56eea+dirty
897,499,0.3132969444292772,0.3137074731844266,-0.15202770881593602,0.006382854745751107,0.001194102053634547,0.05986349515174755,0.16436836254034543,0.266717110033322,bgn_gam_oracle_bgnzr_s004@cc56eea+dirty
898,499,0.312881107511917,0.31329930109975584,-0.15286192033958088,0.0063903996325323726,0.0011902723758750852,0.05982235801777979,0.16457531198438835,0.2661006466041092,bgn_gam_oracle_bgnzr_s004@cc56eea+dirty
