month,n,sr_max,sr_max_code,rf,mean_mu,sd_mu,mean_idio_sd,sr_ew,sr_orth,prov
414,498,0.30545693407718905,0.30634938786818866,0.192863233283281,0.006266927701012384,0.0013159398638495098,0.059066975986337686,0.16099226484882997,0.25958703595264615,bgn_gam_oracle_bgnbase_s006@de109da+dirty
415,499,0.3039142735002925,0.30474382707109987,0.0835420963531557,0.006171122406557129,0.00126970563375476,0.05888975586811137,0.15767083547888033,0.2598149211969983,bgn_gam_oracle_bgnbase_s006@de109da+dirty
416,499,0.3042711504366436,0.30509701380287735,0.09418657488717735,0.006163164859550238,0.001290360726585475,0.05911808679789906,0.1571516186840304,0.26054616046495044,bgn_gam_oracle_bgnbase_s006@de109da+dirty
417,499,0.3073251851705335,0.3081546839006504,0.23239943794738577,0.006260570392174417,0.0013564056588669896,0.0594655776005798,0.1607750920150299,0.26191628286088164,bgn_gam_oracle_bgnbase_s006@de109da+dirty
418,499,0.30925225311649535,0.310078307039979,0.3141827309349968,0.006316013708965351,0.0014098522866155053,0.05977576803392566,0.162548558229907,0.2630872902194392,bgn_gam_oracle_bgnbase_s006@de109da+dirty
419,498,0.3096066518714593,0.31122761539819854,0.35947029751146203,0.006350568879927836,0.0014301449970453744,0.05998616277472523,0.16370870459778566,0.2627845865380425,bgn_gam_oracle_bgnbase_s006@de109da+dirty
420,498,0.3126093850127437,0.3141402755251991,0.4293738159408525,0.006383795047083815,0.001489020398573523,0.060290172030457057,0.16508582675615563,0.2654643053261255,bgn_gam_oracle_bgnbase_s006@de109da+dirty
421,498,0.31225683545856314,0.31371474715738695,0.3895962772012748,0.006332134757791302,0.0014847729039078638,0.06014105766679769,0.16391074194016989,0.2657773503653372,bgn_gam_oracle_bgnbase_s006@de109da+dirty
422,498,0.3129613562580947,0.314408517447847,0.4066427129305644,0.006327726750891751,0.0015064621785893888,0.06032916197451112,0.16366332716519758,0.2667566791143636,bgn_gam_oracle_bgnbase_s006@de109da+dirty
423,498,0.31354481356978947,0.3150126920127679,0.43439360330664784,0.006337399443055096,0.0015135180119702732,0.06037535820375159,0.16444927944619409,0.26695839489729783,bgn_gam_oracle_bgnbase_s006@de109da+dirty
424,498,0.3129885383572746,0.3143900153880084,0.3917432134220987,0.006286605019129568,0.0015040602404358845,0.060284174319789496,0.16297314344568956,0.2672107401629917,bgn_gam_oracle_bgnbase_s006@de109da+dirty
425,498,0.31258865789767754,0.3139196368904108,0.35152046076380283,0.006235748286420552,0.001501954659354381,0.06023411740882031,0.1612850168048543,0.2677663391849863,bgn_gam_oracle_bgnbase_s006@de109da+dirty
426,498,0.315093952820024,0.3165319430838306,0.5298022377607706,0.006379432452081969,0.0015741727362267922,0.06094243590425759,0.1656159843507939,0.26805884583662803,bgn_gam_oracle_bgnbase_s006@de109da+dirty
427,498,0.3179880148218468,0.3194664311858835,0.7050309649260357,0.006524956324880009,0.001653097105215937,0.061590120744817026,0.1699736908821676,0.2687476920426153,bgn_gam_oracle_bgnbase_s006@de109da+dirty
428,498,0.3207529752320503,0.3222936284230742,0.8445880373345447,0.006629378445629039,0.001719710201987576,0.062275773268069594,0.17290140252795708,0.2701621293299223,bgn_gam_oracle_bgnbase_s006@de109da+dirty
429,497,0.3195498394574661,0.3217692943086522,0.8244957819242862,0.006605798896014517,0.0017085759770667714,0.062253773336200684,0.17235871090984026,0.26908098162224414,bgn_gam_oracle_bgnbase_s006@de109da+dirty
430,497,0.3213857719886012,0.32367277209566714,0.950553467754089,0.006711415217165464,0.00177343708972991,0.06293370482031062,0.17509050153391967,0.26950348923401646,bgn_gam_oracle_bgnbase_s006@de109da+dirty
431,497,0.32255839726331087,0.3243347104318968,1.0216873272872018,0.006786634121632095,0.0017879022530423428,0.06324798975932264,0.17695153136116545,0.26968884884995586,bgn_gam_oracle_bgnbase_s006@de109da+dirty
432,498,0.32230477608243274,0.3238757884082485,1.0480175698554814,0.0067948255416058765,0.0018077177864632417,0.06344875044252068,0.17736079370195085,0.26911617852325626,bgn_gam_oracle_bgnbase_s006@de109da+dirty
433,498,0.3210612668729397,0.32251921581465476,0.9332792341266827,0.006652610300441778,0.00177550578765628,0.06307970886851336,0.17359315274790935,0.2700847170890978,bgn_gam_oracle_bgnbase_s006@de109da+dirty
434,498,0.31711549618216806,0.31857192984174776,0.8473316796113417,0.006561115318498716,0.0017137071743210258,0.0628066966883389,0.17120257486717996,0.266930545793677,bgn_gam_oracle_bgnbase_s006@de109da+dirty
435,498,0.3172180524760307,0.3188140404611249,0.9636906661190616,0.006664963283873478,0.0017613556184097822,0.06331079637514983,0.17429002250158712,0.2650476954683477,bgn_gam_oracle_bgnbase_s006@de109da+dirty
436,498,0.31675075639041306,0.3183210207398155,0.9312159294305378,0.006617858898429278,0.0017534053933653075,0.06329275572790764,0.1727068799642084,0.2655247169039585,bgn_gam_oracle_bgnbase_s006@de109da+dirty
437,498,0.318367735647943,0.31996105511319245,1.018481689473239,0.006697144757559441,0.0017966097029170594,0.0637722101048881,0.174751999865242,0.26611981069566576,bgn_gam_oracle_bgnbase_s006@de109da+dirty
438,498,0.3181516586165491,0.31974845775100286,0.9943935984586885,0.006650384566828907,0.0017909649385498424,0.06372381475145548,0.17363544204021844,0.26659184373862443,bgn_gam_oracle_bgnbase_s006@de109da+dirty
439,498,0.3150523265779719,0.31654486167947143,0.8588363921035229,0.006516595571666225,0.0017313052284884552,0.06319185053131313,0.17004287724848657,0.2652232802361987,bgn_gam_oracle_bgnbase_s006@de109da+dirty
440,498,0.3138992041147759,0.31525468440258686,0.7332629070711533,0.006385443519901298,0.001681624798965879,0.0627244840768835,0.16634917673856855,0.2661966599007024,bgn_gam_oracle_bgnbase_s006@de109da+dirty
441,498,0.3131217637204362,0.31445186168236844,0.6848481695293478,0.006337442602648863,0.001653935339896809,0.06250915484588199,0.165005610608981,0.2661172436783344,bgn_gam_oracle_bgnbase_s006@de109da+dirty
442,498,0.3115498866767859,0.3128869353108905,0.5788753008195072,0.006226178420132968,0.0015857525278416332,0.06228131973722954,0.16155938134559447,0.2663867455177658,bgn_gam_oracle_bgnbase_s006@de109da+dirty
443,498,0.31046615341820283,0.3117624195760555,0.49987135148091855,0.006145800579744157,0.001552698311194246,0.062048358055090895,0.1594519868214704,0.2663912466973731,bgn_gam_oracle_bgnbase_s006@de109da+dirty
444,498,0.31464278406290735,0.31601158000909063,0.7493420064516008,0.006351080610261882,0.0016732561892466,0.06301718724481851,0.16557067144388352,0.2675564133420818,bgn_gam_oracle_bgnbase_s006@de109da+dirty
445,497,0.3163851528530482,0.318482667734764,0.9038948520094398,0.006477634874339386,0.0017494142145410452,0.06371730772845995,0.16917983742279918,0.26735322619232016,bgn_gam_oracle_bgnbase_s006@de109da+dirty
446,496,0.318344959106791,0.3211143044791303,1.0258806806153347,0.006592490076930309,0.0018395318638868977,0.06436764498734279,0.17244921856255732,0.26759069491644843,bgn_gam_oracle_bgnbase_s006@de109da+dirty
447,496,0.317311465856943,0.31981985899167914,0.8745515709790532,0.006437926991045339,0.0017809273629717942,0.06385360884319981,0.16838524401037813,0.268947905669197,bgn_gam_oracle_bgnbase_s006@de109da+dirty
448,496,0.3178027924431899,0.3203815539625991,0.9227193933702628,0.006479841698284388,0.0018156017462347906,0.06430188256243058,0.16915463407579048,0.2690452093150418,bgn_gam_oracle_bgnbase_s006@de109da+dirty
449,496,0.314963977408362,0.31750956475027525,0.8363292308163993,0.006409695851620849,0.001746223695627835,0.0639194968215499,0.16692916488997794,0.2670897994570922,bgn_gam_oracle_bgnbase_s006@de109da+dirty
450,496,0.3144542252140504,0.3169188889169997,0.790358016055458,0.006356863107230678,0.0017268530695283316,0.06384573300597443,0.16550731077836087,0.26737387649859107,bgn_gam_oracle_bgnbase_s006@de109da+dirty
451,496,0.3148247280628505,0.31721706833907587,0.7767834773960907,0.006308674949468059,0.0017205586652237646,0.06385176566728747,0.1641644923097367,0.268634749919913,bgn_gam_oracle_bgnbase_s006@de109da+dirty
452,496,0.3156041161134108,0.3179122266927352,0.7892593586913513,0.006297623338502098,0.0017314071526138351,0.06394028436043742,0.16427467691418157,0.269480590455915,bgn_gam_oracle_bgnbase_s006@de109da+dirty
453,496,0.31233960152179674,0.3145055528721353,0.6140454199287362,0.006124631293039962,0.0016487779895303692,0.06341146397770488,0.15893222843415367,0.2688802213695696,bgn_gam_oracle_bgnbase_s006@de109da+dirty
454,496,0.31406645815830264,0.3162796065504786,0.7387321185206581,0.006211936422807658,0.0017049260085973599,0.0638350207359662,0.16186967919378234,0.269139270820523,bgn_gam_oracle_bgnbase_s006@de109da+dirty
455,496,0.3121076427659943,0.31435791314351097,0.6978203618334865,0.006179973478628798,0.001686609950806471,0.06379474565439595,0.16090373010285794,0.2674344224514342,bgn_gam_oracle_bgnbase_s006@de109da+dirty
456,496,0.3155609786888835,0.3181510944726826,0.9576401270134116,0.006403115351048159,0.001809607089457601,0.06500003275643486,0.16725560315283503,0.2675897877069814,bgn_gam_oracle_bgnbase_s006@de109da+dirty
457,496,0.31715320410455444,0.31957457303943143,0.9196471216588502,0.0063422852011555345,0.0018145217296389364,0.06496192714474057,0.1658745744155676,0.2703179247409233,bgn_gam_oracle_bgnbase_s006@de109da+dirty
458,494,0.3185717795230715,0.3218973009002114,1.0020399670622562,0.006400362597973581,0.0018649951510889466,0.06553566975547946,0.16744107025667665,0.2710193105662309,bgn_gam_oracle_bgnbase_s006@de109da+dirty
459,494,0.31799516235273884,0.32118197672508186,0.9397009481796588,0.006322080013899927,0.0018511479400088581,0.06532682592947385,0.165506918681367,0.27152970951323924,bgn_gam_oracle_bgnbase_s006@de109da+dirty
460,493,0.3193307212930331,0.32295729957634445,1.0218395218420642,0.006378636149012581,0.001882940730875047,0.06590907863695766,0.16690895836474115,0.27223796425026003,bgn_gam_oracle_bgnbase_s006@de109da+dirty
461,493,0.31685970097466193,0.32027696731322497,0.8368920341609556,0.0061995342626772,0.0017989029876012807,0.0653020687149377,0.16171946113029262,0.27248281779495737,bgn_gam_oracle_bgnbase_s006@de109da+dirty
462,493,0.31308700004223616,0.31650370386899324,0.6890919878340589,0.006074313406250081,0.0017242384743332549,0.06480703194354935,0.15765143293454076,0.27049860496707406,bgn_gam_oracle_bgnbase_s006@de109da+dirty
463,492,0.31129430231393246,0.31507030751541476,0.5803250344465319,0.005978033483863126,0.001666962955466812,0.0643867312392561,0.15468165434888562,0.2701439032460475,bgn_gam_oracle_bgnbase_s006@de109da+dirty
464,492,0.31086480188402865,0.31465673965562574,0.5681868955993784,0.005953337961907242,0.0016637126439541536,0.06436416043861502,0.15432006345399815,0.26985596726022265,bgn_gam_oracle_bgnbase_s006@de109da+dirty
465,491,0.3129771581366781,0.31716984507666107,0.7011332157604061,0.006054897396940056,0.0017340834418135473,0.06485719125985073,0.15770125326988818,0.2703424055386387,bgn_gam_oracle_bgnbase_s006@de109da+dirty
466,491,0.311985395355155,0.31594209029291626,0.5984033871521379,0.005946660191610991,0.001700485541409211,0.06460170189157985,0.15412243242756762,0.27125847956796156,bgn_gam_oracle_bgnbase_s006@de109da+dirty
467,491,0.3127811337435025,0.316875968558851,0.7078027807261832,0.0060333241895011245,0.0017564064454552186,0.06502652352233217,0.15698291145110546,0.2705335527031817,bgn_gam_oracle_bgnbase_s006@de109da+dirty
468,491,0.3131558646697556,0.3170156286356295,0.6737838848533264,0.0059779650459598635,0.0017491121191340546,0.06497614665170655,0.1556209359445513,0.27175120951488724,bgn_gam_oracle_bgnbase_s006@de109da+dirty
469,490,0.31472347686565555,0.3187137721771717,0.7294268648754748,0.005997184692348347,0.0017863014068385027,0.06550029371177507,0.1562529515164236,0.27319568450620335,bgn_gam_oracle_bgnbase_s006@de109da+dirty
470,490,0.3142710596066602,0.31817569265456414,0.8081266986762422,0.006042286247204262,0.0018079491456940257,0.06576428517482807,0.158232330215028,0.2715305297402399,bgn_gam_oracle_bgnbase_s006@de109da+dirty
471,491,0.3141764061600698,0.31801869605345545,0.7256546551656693,0.005933701281458771,0.0017806004716269946,0.0655223019633009,0.15478542637812098,0.2734013276642973,bgn_gam_oracle_bgnbase_s006@de109da+dirty
472,492,0.3120223455818448,0.31490579269385355,0.5163110608322123,0.005756017749992105,0.001704995847418517,0.06506605853629306,0.14866393472890713,0.27433005422905343,bgn_gam_oracle_bgnbase_s006@de109da+dirty
473,492,0.3094216135635474,0.31208287080641794,0.263954735666126,0.005580136498546772,0.0015896937009424212,0.06432296561140254,0.14206001968293555,0.27488304012425585,bgn_gam_oracle_bgnbase_s006@de109da+dirty
474,492,0.3069056633224907,0.3095201018153614,0.13153325999618834,0.00550095962349098,0.001536312664581962,0.06404091462106168,0.13859577542831997,0.27382895612560904,bgn_gam_oracle_bgnbase_s006@de109da+dirty
475,492,0.3090825183794485,0.31171941086096033,0.24604241783822378,0.00555507973770448,0.0015892756372315893,0.06433369559186929,0.14104146300546763,0.27502601491687917,bgn_gam_oracle_bgnbase_s006@de109da+dirty
476,492,0.30619963308045645,0.3088061847260558,0.10706415427714899,0.00548356659392544,0.0015237473877882666,0.06410534340447957,0.13779576901819682,0.2734420255543941,bgn_gam_oracle_bgnbase_s006@de109da+dirty
477,492,0.30634539395388954,0.3091207532146726,0.15566220265025812,0.005508348393514778,0.0015214738630657753,0.0640652356107023,0.13899758766071707,0.2729966502015456,bgn_gam_oracle_bgnbase_s006@de109da+dirty
478,492,0.3068911094480606,0.30988326797103016,0.2260669427751442,0.005553624033106613,0.0015376190890600554,0.06420778566030748,0.14078624319341485,0.27269284329763066,bgn_gam_oracle_bgnbase_s006@de109da+dirty
479,492,0.31061175232051524,0.31319255280874037,0.3580740554109172,0.005615141835551439,0.0016184656229097868,0.06455936215711712,0.1436445928475671,0.275401328292508,bgn_gam_oracle_bgnbase_s006@de109da+dirty
480,493,0.3084799789416899,0.31107393565425706,0.2501935249848216,0.005538936009225934,0.001557499103428506,0.06423917484922304,0.1407033318037204,0.27452225743498027,bgn_gam_oracle_bgnbase_s006@de109da+dirty
481,493,0.3094587854504947,0.3120580004160942,0.29543951673235724,0.005557431278642649,0.0015756671983063898,0.06436532277100798,0.1416166130610701,0.2751535476740332,bgn_gam_oracle_bgnbase_s006@de109da+dirty
482,493,0.3068154709855309,0.3094563818559202,0.19643937030758543,0.005511232224567616,0.00152930647165432,0.06417378665642723,0.13950123792744384,0.2732675206693687,bgn_gam_oracle_bgnbase_s006@de109da+dirty
483,493,0.3072285268784803,0.31001422373622944,0.2732361991524514,0.0055494841757360545,0.0015510366958262573,0.06432684524593775,0.14115300458209423,0.2728831197149585,bgn_gam_oracle_bgnbase_s006@de109da+dirty
484,493,0.3080549783366728,0.3104737988771171,0.2941277652084288,0.005560271394128697,0.0015759179251470222,0.06438869772889218,0.14164000463706994,0.27356165441161295,bgn_gam_oracle_bgnbase_s006@de109da+dirty
485,494,0.3082354435917123,0.31059360688184334,0.2911201342721657,0.005554630645851829,0.0015754570467316695,0.06442813280316914,0.1413659357014569,0.2739064820507744,bgn_gam_oracle_bgnbase_s006@de109da+dirty
486,494,0.31186498441297067,0.3142610556131326,0.4858887084322066,0.005652234054733517,0.0016772801657090701,0.06492200134457062,0.1457832572932363,0.2756936894378914,bgn_gam_oracle_bgnbase_s006@de109da+dirty
487,493,0.31092590879642074,0.31375497156844945,0.4774772542497731,0.005643313961563495,0.001659033978434482,0.06477935855356982,0.1458742791582544,0.2745826204276953,bgn_gam_oracle_bgnbase_s006@de109da+dirty
488,493,0.314183169243923,0.3170175188587565,0.6415161010982017,0.005744764817525587,0.0017508151311312837,0.06550473746381678,0.14934744369289757,0.2764170850337445,bgn_gam_oracle_bgnbase_s006@de109da+dirty
489,493,0.31638338758032275,0.319337884224372,0.7799032030136606,0.005837625502529233,0.001815587380564094,0.06608522994856328,0.15264811014816343,0.2771227208386113,bgn_gam_oracle_bgnbase_s006@de109da+dirty
490,493,0.31485139719895977,0.317968193411128,0.8063197110421109,0.005860724363357934,0.0018364561395120462,0.06638282434026342,0.15340812353841277,0.27494972258680356,bgn_gam_oracle_bgnbase_s006@de109da+dirty
491,493,0.3161314014032824,0.31897754425911184,0.8866562011139872,0.0059123804496979925,0.0018562438185664384,0.06680718241853588,0.15483326138426837,0.27561880219301815,bgn_gam_oracle_bgnbase_s006@de109da+dirty
492,494,0.31537061651606735,0.3182650741366524,0.8837086339442334,0.005892249491355812,0.0018470530586788476,0.06685950065396705,0.15434797661114932,0.2750187773185106,bgn_gam_oracle_bgnbase_s006@de109da+dirty
493,494,0.31383751708588103,0.31655750851323483,0.7775386878617093,0.00579924744828093,0.0017971263704202778,0.06646087488115818,0.15136105815607317,0.27492511199325625,bgn_gam_oracle_bgnbase_s006@de109da+dirty
494,494,0.31232863143473083,0.3148830845934582,0.6607212800643937,0.0056865413138749606,0.0017465387155537683,0.06604615494178918,0.14785975219545788,0.27511210023295907,bgn_gam_oracle_bgnbase_s006@de109da+dirty
495,493,0.31302299118463095,0.3158711074898112,0.6618857869375687,0.005677406107242689,0.001745159480588345,0.06606166692277587,0.14763010695497306,0.27602308695222716,bgn_gam_oracle_bgnbase_s006@de109da+dirty
496,492,0.3112633715703237,0.3144629889351763,0.5791172256223109,0.0056186087144296385,0.0017034303404632196,0.06587763953677121,0.14531748241739031,0.275259360940181,bgn_gam_oracle_bgnbase_s006@de109da+dirty
497,491,0.3109203327812274,0.3142831635119633,0.548605481799106,0.005579385965110952,0.0016963575648975492,0.0657599149863802,0.14437442525449898,0.27536789694737884,bgn_gam_oracle_bgnbase_s006@de109da+dirty
498,491,0.311927423915823,0.3151410480694975,0.6360637365373877,0.005629118199991929,0.0017358640431815744,0.06610891952846314,0.14629165172656378,0.2754949553546767,bgn_gam_oracle_bgnbase_s006@de109da+dirty
499,491,0.31350655801210386,0.316980397911999,0.7366662174302495,0.005677861013743221,0.0017616244324929339,0.0663037318768402,0.1482042653972196,0.2762641084807564,bgn_gam_oracle_bgnbase_s006@de109da+dirty
500,491,0.3086023957655755,0.31196241435305644,0.45245897293588533,0.005494303314463006,0.0016201578551059902,0.06550875543628272,0.14117127259612158,0.2744195883420942,bgn_gam_oracle_bgnbase_s006@de109da+dirty
501,490,0.3072990204069306,0.3107637326904237,0.36162198610562285,0.005422556491694876,0.0015752940098246846,0.06529051378554755,0.13842489030190822,0.2743560418287955,bgn_gam_oracle_bgnbase_s006@de109da+dirty
502,490,0.3093770739241172,0.31279338375611354,0.4438986659981366,0.005459637637116548,0.0016270215937181337,0.06555167257054201,0.14010108374617672,0.27583665493004267,bgn_gam_oracle_bgnbase_s006@de109da+dirty
503,490,0.3075432781864561,0.31094567825753094,0.3621219548353763,0.005419779405031633,0.0015795877825142527,0.06536044530984997,0.13819654095568334,0.27474457961087434,bgn_gam_oracle_bgnbase_s006@de109da+dirty
504,490,0.3075077774695846,0.31105641107142673,0.38301378555173365,0.0054290285746029735,0.001571007618718551,0.06534450562377175,0.13871516214580074,0.2744433220086577,bgn_gam_oracle_bgnbase_s006@de109da+dirty
505,490,0.29998204996040123,0.30328436072528675,0.06776074175620138,0.005294157363935469,0.0014079685356125978,0.06461269539020499,0.13154261897094743,0.26960298531861404,bgn_gam_oracle_bgnbase_s006@de109da+dirty
506,490,0.3002887699212056,0.30325035463022254,0.07177343894345165,0.0052790792093387,0.0013988089093912276,0.06454092004094121,0.13130465085166484,0.2700600562939902,bgn_gam_oracle_bgnbase_s006@de109da+dirty
507,491,0.3026797187197356,0.30609678574066185,0.19201686518189892,0.0053313499742764295,0.0014378862930380886,0.06456382664266795,0.13460053987451912,0.271104604884805,bgn_gam_oracle_bgnbase_s006@de109da+dirty
508,490,0.3018203704863442,0.30557002687325924,0.14134838233734698,0.005315105418943507,0.0014066532925707657,0.06435619902559045,0.1333475707632944,0.2707655100119701,bgn_gam_oracle_bgnbase_s006@de109da+dirty
509,490,0.3036923086706816,0.3075391927815925,0.2227001023984558,0.005353043870798226,0.0014487634070981697,0.06448007029573105,0.13522495667841217,0.2719250437842202,bgn_gam_oracle_bgnbase_s006@de109da+dirty
510,489,0.30224322285710786,0.30573393299206114,0.13401369645882316,0.0053148645844909295,0.0014078233108668783,0.06429501127048211,0.13327151593474462,0.2712741580090269,bgn_gam_oracle_bgnbase_s006@de109da+dirty
511,490,0.3013432794671286,0.30487127324330243,0.004807816129536921,0.005258674590977889,0.0013618587187255368,0.06404037359607077,0.13022453494355601,0.2717523552404625,bgn_gam_oracle_bgnbase_s006@de109da+dirty
512,489,0.3016092925600978,0.30527783264335756,0.046995129545845726,0.005286972025255002,0.0013691405928815033,0.06376475315352428,0.13184207098686815,0.2712670891879372,bgn_gam_oracle_bgnbase_s006@de109da+dirty
513,490,0.2973741038712305,0.3015928756260641,-0.15675316988793547,0.005226365005280266,0.0012924953945194603,0.06367237624464755,0.12756930400151995,0.26862135121725744,bgn_gam_oracle_bgnbase_s006@de109da+dirty
514,491,0.2976427133433044,0.300386147286734,-0.2362463548084918,0.0052104389021571385,0.0012816209032228234,0.06369265565098485,0.12563599532070754,0.2698273179019123,bgn_gam_oracle_bgnbase_s006@de109da+dirty
515,492,0.29750774174853173,0.2997205781691407,-0.24204205560566297,0.005245709617284792,0.0012642025297736276,0.0634339896617457,0.12665500329533463,0.2692013494404696,bgn_gam_oracle_bgnbase_s006@de109da+dirty
516,494,0.3011345735747619,0.30308827391804244,-0.051562257446568394,0.00533986100188551,0.00135020674442904,0.06340355013534378,0.13210659008522363,0.2706101998412262,bgn_gam_oracle_bgnbase_s006@de109da+dirty
517,493,0.29972756664505595,0.3020222144478917,-0.1085239845648563,0.005311766018469748,0.0013209250520666703,0.06332752180042515,0.1306008059333648,0.26977776723911484,bgn_gam_oracle_bgnbase_s006@de109da+dirty
518,494,0.3052991409489164,0.30764552061476413,0.15481497607552178,0.005416152671375303,0.0014231980480567774,0.06358467437610411,0.13688069370280243,0.2728941940671987,bgn_gam_oracle_bgnbase_s006@de109da+dirty
519,494,0.30343287904614746,0.30569031394179913,0.05682144806235878,0.0053678571446249,0.00138193996951673,0.0633384567142175,0.13458930382601453,0.2719507885295844,bgn_gam_oracle_bgnbase_s006@de109da+dirty
520,493,0.30028523921096395,0.3021903952488056,-0.11209721513501582,0.005303138786989374,0.0013190865129564706,0.06310824799525142,0.13075205370230192,0.2703241116523204,bgn_gam_oracle_bgnbase_s006@de109da+dirty
521,495,0.29983550169188905,0.30186377755281246,-0.04543439780642924,0.0053338570281517474,0.0013276683644980248,0.06306369493670021,0.13242012373364895,0.2690097375657467,bgn_gam_oracle_bgnbase_s006@de109da+dirty
522,494,0.29888051980168406,0.30138418863210376,-0.0752592764371048,0.0053406527176285395,0.0013177983732370346,0.06292904026947647,0.13218493265439807,0.2680610167407359,bgn_gam_oracle_bgnbase_s006@de109da+dirty
523,494,0.29880821093235604,0.3009810754568319,-0.0762410333274244,0.005357835509682996,0.0013231557345081385,0.06294136653324557,0.13248492794173064,0.2678322064070522,bgn_gam_oracle_bgnbase_s006@de109da+dirty
524,495,0.3020481877718499,0.30420942004710216,0.04112980412902507,0.0054134980190147855,0.001373000936219931,0.06311299314338757,0.13558399954007147,0.2699075523303796,bgn_gam_oracle_bgnbase_s006@de109da+dirty
525,495,0.3037188330462321,0.3057398611987951,-0.05694769370778139,0.005362894164654107,0.0013541934297577848,0.06292388853201819,0.13294521529301076,0.2730763616237407,bgn_gam_oracle_bgnbase_s006@de109da+dirty
526,495,0.30749652185909737,0.3094758214891931,0.06604755389156816,0.005419490771617836,0.0014086619575623875,0.06295193078254162,0.13620364783772798,0.2756858307406068,bgn_gam_oracle_bgnbase_s006@de109da+dirty
527,495,0.3067566228031961,0.3082837032401002,-0.02738564657919236,0.005372708264971292,0.0013794703280104368,0.0627305935671434,0.13415032345283015,0.27586829529890416,bgn_gam_oracle_bgnbase_s006@de109da+dirty
528,496,0.3119040088853062,0.3135245274575152,0.23852874271582858,0.00550426904441638,0.001488186707435888,0.06299555513860444,0.14082204974808832,0.2783042598730248,bgn_gam_oracle_bgnbase_s006@de109da+dirty
529,496,0.3086071488178786,0.310192798559487,0.08194180970624242,0.005420167534763625,0.0014119682720800302,0.06270841784267785,0.1369377904113362,0.27656177222957123,bgn_gam_oracle_bgnbase_s006@de109da+dirty
530,495,0.3083825539375909,0.310501376419959,0.16535372790410233,0.005469582726344038,0.001427763628500582,0.06278788529089828,0.13902990611380658,0.27526439068476927,bgn_gam_oracle_bgnbase_s006@de109da+dirty
531,494,0.3131219686521864,0.31569322956898926,0.42635291341581294,0.005625613293181392,0.001539777630148458,0.06325537924431147,0.14569584787347878,0.2771607605074155,bgn_gam_oracle_bgnbase_s006@de109da+dirty
532,494,0.31275947988633307,0.3145289392822187,0.38886830816993806,0.005608169943730965,0.0015372200994597783,0.06324886285730433,0.1449789087977962,0.27712742242977306,bgn_gam_oracle_bgnbase_s006@de109da+dirty
533,496,0.31336703580345937,0.31508142298945857,0.3943351992107518,0.005612865348033904,0.001548823208004231,0.06339999763916422,0.14485444822287863,0.27787782919529935,bgn_gam_oracle_bgnbase_s006@de109da+dirty
534,496,0.3146178734237263,0.31643178711695463,0.49916703497929044,0.00566843607135751,0.0015947682857859525,0.06352663905019905,0.14743296170694817,0.2779351148739314,bgn_gam_oracle_bgnbase_s006@de109da+dirty
535,496,0.3132007143575435,0.3148850780641683,0.3682908630022369,0.005562799060811671,0.0015451536984548914,0.06321807693239594,0.14376734369664296,0.27825462864162187,bgn_gam_oracle_bgnbase_s006@de109da+dirty
536,496,0.315532392936681,0.3173033255514671,0.5032868965063634,0.00564343868327667,0.0016115351538592525,0.06359672882479102,0.1469640328135219,0.27921723451738095,bgn_gam_oracle_bgnbase_s006@de109da+dirty
537,496,0.31078442410620893,0.31239645629387786,0.19447700284511082,0.00545133427982881,0.0014755493186707842,0.0629601508017568,0.13900620280826775,0.2779644470932473,bgn_gam_oracle_bgnbase_s006@de109da+dirty
538,496,0.3120308273975238,0.31325398906856167,0.2431949737483419,0.005461883859817184,0.0014972591674494251,0.06311147879406333,0.13954709928232278,0.2790875209110448,bgn_gam_oracle_bgnbase_s006@de109da+dirty
539,497,0.3113611599655799,0.31253137869176023,0.17221232036118364,0.005420780421695309,0.001476534790119959,0.0630005236605987,0.1378665604998814,0.27917482592641474,bgn_gam_oracle_bgnbase_s006@de109da+dirty
540,497,0.3105859080045221,0.31177957168365095,0.16473672497159841,0.0054304765917818874,0.0014799344088930915,0.06307326518969739,0.13760477935952994,0.2784394565222547,bgn_gam_oracle_bgnbase_s006@de109da+dirty
541,497,0.3133477093368779,0.3145886513619255,0.3142865364616085,0.0055195976045539046,0.0015469253774500757,0.0633737873535221,0.14142391058322182,0.27961771128098695,bgn_gam_oracle_bgnbase_s006@de109da+dirty
542,497,0.31095004024036865,0.3122275877925541,0.23190568926663832,0.005462888020148453,0.001502323589921107,0.06326745941149729,0.13918980920844326,0.2780577719431774,bgn_gam_oracle_bgnbase_s006@de109da+dirty
543,497,0.3122832786695913,0.3132193745786242,0.3432882481500061,0.005530349094898788,0.0015403424463198594,0.06339836992890675,0.1422683399360107,0.2779938229322395,bgn_gam_oracle_bgnbase_s006@de109da+dirty
544,497,0.3132844041940731,0.3147249878202109,0.42137155929451686,0.005578111789633475,0.0015711338279839418,0.06374818204945741,0.14405642128833887,0.27819932673684167,bgn_gam_oracle_bgnbase_s006@de109da+dirty
545,497,0.31542529180334244,0.31693895553595214,0.5530777215889044,0.0056381488829603124,0.0016326205995786283,0.06419157417251362,0.14671799772142877,0.27922561460911594,bgn_gam_oracle_bgnbase_s006@de109da+dirty
546,497,0.31165255923536556,0.3130058441507078,0.2990082509140416,0.005487148628084035,0.001526830031786665,0.06362165610133165,0.14057968440406374,0.2781450521055639,bgn_gam_oracle_bgnbase_s006@de109da+dirty
547,497,0.308520300177046,0.3098204688775084,0.13004745680322782,0.005397570460432294,0.0014465573171217527,0.0632124180510853,0.13652495968907621,0.27666895561885996,bgn_gam_oracle_bgnbase_s006@de109da+dirty
548,497,0.30813251377046463,0.30905955597406753,0.12545381356182692,0.005412757004403673,0.001431609097084218,0.06314684608217669,0.13690213717148336,0.27604972537640016,bgn_gam_oracle_bgnbase_s006@de109da+dirty
549,498,0.30880089151459567,0.3097675949819692,0.1763635634662956,0.005435015240151719,0.0014361330342235522,0.06314750424649636,0.13799813538996672,0.2762508013184785,bgn_gam_oracle_bgnbase_s006@de109da+dirty
550,498,0.31082758885640793,0.31182104796177873,0.27185266965261917,0.005485033813390992,0.0014570033252179345,0.06324948487892755,0.14027946979863729,0.27737242174971427,bgn_gam_oracle_bgnbase_s006@de109da+dirty
551,498,0.3059112029909499,0.30692596296399977,0.1504421920204497,0.005426226832793185,0.0013867225991036848,0.06284973339861365,0.1379470831102783,0.27304260908645034,bgn_gam_oracle_bgnbase_s006@de109da+dirty
552,498,0.30557797469610976,0.3066199318522876,0.1685175726009215,0.0054468968378436605,0.0013915969112443854,0.06289820650255597,0.13858132830570724,0.2723474142788987,bgn_gam_oracle_bgnbase_s006@de109da+dirty
553,498,0.30738212973890056,0.3085094764114079,0.29771061308186414,0.00553134955367432,0.0014414787492328255,0.06317876598275166,0.14192265523906236,0.2726568055499744,bgn_gam_oracle_bgnbase_s006@de109da+dirty
554,498,0.3092813544005705,0.3104810536209155,0.4439002270538808,0.00562080158850828,0.0014974052937355672,0.0635998039797759,0.14544686145475366,0.2729471865999226,bgn_gam_oracle_bgnbase_s006@de109da+dirty
555,496,0.31134081642481404,0.3137802938551786,0.5632381152767505,0.0056955885612899985,0.001541525226593113,0.06393920683940761,0.14851150080079478,0.2736374208728866,bgn_gam_oracle_bgnbase_s006@de109da+dirty
556,496,0.30853332643649345,0.31031972128414953,0.31439075221462465,0.005528759945580647,0.0014590334066472814,0.06355658286672947,0.1416925760467569,0.2740730329952253,bgn_gam_oracle_bgnbase_s006@de109da+dirty
557,495,0.31249475396348503,0.3152926455068497,0.5398071367155856,0.0056539841715972,0.0015566021669760537,0.0640376940095345,0.14724223375146236,0.27563144932060774,bgn_gam_oracle_bgnbase_s006@de109da+dirty
558,495,0.3126530764015972,0.3154108983381093,0.5107780377497353,0.005621401802835128,0.001552071521700262,0.06403929518914779,0.1460074386733967,0.27646658755700887,bgn_gam_oracle_bgnbase_s006@de109da+dirty
559,495,0.31556935216346055,0.31838504462793715,0.6767515662301811,0.005717765585226375,0.001625930340308358,0.06443266031726111,0.1503407928474007,0.27745569381593366,bgn_gam_oracle_bgnbase_s006@de109da+dirty
560,495,0.3143510592964645,0.31709099464273055,0.57644769976411,0.005641105191807679,0.0015626993224392685,0.06400721247011805,0.14716892805705276,0.27777310002112765,bgn_gam_oracle_bgnbase_s006@de109da+dirty
561,495,0.3119262327870176,0.31446005046383935,0.4141063586529818,0.005526022969183874,0.0015058059220489038,0.06368127860383635,0.14304291206893432,0.2771943361750738,bgn_gam_oracle_bgnbase_s006@de109da+dirty
562,495,0.31482924112291566,0.31743766487324404,0.5634181996017009,0.005590117217288441,0.0015767066837701412,0.0641787287165343,0.1458643608482342,0.27900007043075653,bgn_gam_oracle_bgnbase_s006@de109da+dirty
563,495,0.3146366237057033,0.3172412871007294,0.5610068507902225,0.005584890384432398,0.0015792476322944553,0.0643038488581698,0.14549783224323706,0.278974166885472,bgn_gam_oracle_bgnbase_s006@de109da+dirty
564,495,0.31344125808361506,0.3159173090984033,0.4866098459402372,0.005524704115375804,0.0015572226838873873,0.06427011814804469,0.1430892175302812,0.2788743410491744,bgn_gam_oracle_bgnbase_s006@de109da+dirty
565,494,0.31153883511766195,0.3142218363096144,0.32398273948029294,0.005415599234859934,0.0014845153062931268,0.06385335731259625,0.13904822822516483,0.27878672137300986,bgn_gam_oracle_bgnbase_s006@de109da+dirty
566,494,0.3107255030676194,0.3130269737901936,0.2636886071980815,0.00537399926088237,0.001456531649270254,0.06378051743610125,0.13711143853909724,0.27883828947683015,bgn_gam_oracle_bgnbase_s006@de109da+dirty
567,495,0.3123430174505106,0.3147361356180187,0.3660032619217775,0.005434683431382999,0.0014924884124603197,0.06393859059571777,0.13984399476877343,0.27928805502062065,bgn_gam_oracle_bgnbase_s006@de109da+dirty
568,495,0.31092434124211943,0.3132676975174013,0.28792543930845504,0.005387147505158041,0.0014584605628189602,0.06374984738549119,0.13772651905382846,0.27875679709410023,bgn_gam_oracle_bgnbase_s006@de109da+dirty
569,495,0.31173676625303876,0.31406512071490295,0.3259748387258267,0.005410698104239575,0.0014664748971071958,0.06367417674918566,0.13914822080942632,0.27895803282836806,bgn_gam_oracle_bgnbase_s006@de109da+dirty
570,495,0.30954063521359493,0.31139183365705236,0.2148367973900149,0.005351043580920478,0.0014332690773403366,0.06369284048086381,0.13618651661632905,0.277972368303661,bgn_gam_oracle_bgnbase_s006@de109da+dirty
571,496,0.3104987407053805,0.31226272583634646,0.22749773658971686,0.005343085029874016,0.0014447083842253378,0.06373244913003662,0.13580371792462684,0.27922538956455145,bgn_gam_oracle_bgnbase_s006@de109da+dirty
572,494,0.31540058798584647,0.3176756795706273,0.47880051566063886,0.005465264591956392,0.001572583459614874,0.06416919582859497,0.1421122972262007,0.2815699307080031,bgn_gam_oracle_bgnbase_s006@de109da+dirty
573,495,0.31481575790696664,0.31700177974163996,0.43789236704273576,0.005422384946731581,0.0015498442320245336,0.06419744971103078,0.14037998142061675,0.28178435414849623,bgn_gam_oracle_bgnbase_s006@de109da+dirty
574,495,0.31663650594893483,0.3187983905467709,0.5027379309565542,0.00543865884925264,0.0015845100407619584,0.06432855074023118,0.14155172961275755,0.2832345048598186,bgn_gam_oracle_bgnbase_s006@de109da+dirty
575,494,0.3142643897142959,0.31668059640039536,0.36976700547915375,0.005359233967937355,0.0015216599057971316,0.06395771320563468,0.1383708313615224,0.28216239946318145,bgn_gam_oracle_bgnbase_s006@de109da+dirty
576,494,0.31158524913220387,0.31400804151291895,0.2485622942271917,0.005296649246557964,0.0014714097129107575,0.06391172184582662,0.13496347049662077,0.28083843951333537,bgn_gam_oracle_bgnbase_s006@de109da+dirty
577,494,0.3114012232272755,0.31380073069476744,0.2346113857449309,0.005281118976907604,0.0014708485722106281,0.06389503365119256,0.1346301960652285,0.2807942879313637,bgn_gam_oracle_bgnbase_s006@de109da+dirty
578,494,0.3115323919199877,0.3139437097927698,0.24270015631707706,0.005282945487929654,0.0014733758263166241,0.0639413928833532,0.13462483473661796,0.28094231629914196,bgn_gam_oracle_bgnbase_s006@de109da+dirty
579,493,0.3091674187248144,0.3115385111319407,0.11646602868282811,0.005224099197341021,0.001416617943468275,0.06369246296481675,0.1316593965360561,0.2797325438784809,bgn_gam_oracle_bgnbase_s006@de109da+dirty
580,493,0.30294046442772965,0.3049795987734107,-0.14877954142027103,0.005151082141325617,0.0013016619471430827,0.0634932883223003,0.12598922923502148,0.27549889129441835,bgn_gam_oracle_bgnbase_s006@de109da+dirty
581,495,0.30078889492503214,0.3027812319343839,-0.23104596209423542,0.0051613719907175285,0.0012654708379251716,0.06356380887675947,0.1247018751921753,0.2737213941835332,bgn_gam_oracle_bgnbase_s006@de109da+dirty
582,495,0.30477800641827313,0.3068925365876404,-0.0269618917216463,0.0052540941072379,0.0013325381165541618,0.0632683048780505,0.13059452084576936,0.2753810166321579,bgn_gam_oracle_bgnbase_s006@de109da+dirty
583,495,0.3025164444902825,0.30480936487996885,-0.05045090822176535,0.0052753249994648335,0.001314865553626949,0.06329243249258722,0.1305678979174997,0.2728886645143905,bgn_gam_oracle_bgnbase_s006@de109da+dirty
584,495,0.30440578832340454,0.306657298372683,-0.025909902094270555,0.005283119746001369,0.00134132314632346,0.06327988151165831,0.13141860263928143,0.2745761002802903,bgn_gam_oracle_bgnbase_s006@de109da+dirty
585,495,0.3057546567793953,0.3080690889105067,0.05687101308425805,0.005312157249390837,0.0013586713576607154,0.0633201874081692,0.133199209757924,0.27521606178083136,bgn_gam_oracle_bgnbase_s006@de109da+dirty
586,495,0.30504208224811846,0.30748160169874533,0.05118063157853551,0.0053164439703700765,0.0013431287534634874,0.0633247653617031,0.133112288052707,0.27446637446441596,bgn_gam_oracle_bgnbase_s006@de109da+dirty
587,495,0.3053068806562744,0.30787239144676454,0.08719921452953264,0.005329855902871498,0.0013482340045323574,0.06319702931691736,0.1342994974333989,0.27418230498192453,bgn_gam_oracle_bgnbase_s006@de109da+dirty
588,495,0.3039365447652087,0.30641617364613166,0.010130669621852507,0.0052994449883700225,0.0013168880549502234,0.06317712594106337,0.13229720379359,0.2736327339925014,bgn_gam_oracle_bgnbase_s006@de109da+dirty
589,495,0.30318728231298786,0.305161573865161,-0.07244522188789568,0.005283289717770547,0.0013036414159098798,0.0629605523789832,0.13109640512329188,0.27337933484461685,bgn_gam_oracle_bgnbase_s006@de109da+dirty
590,496,0.3039328385528464,0.30587568915853297,-0.046169010961080774,0.005299896868223676,0.0013054995141280885,0.06293871006418779,0.13179978249284272,0.27386855914038394,bgn_gam_oracle_bgnbase_s006@de109da+dirty
591,495,0.3031045641603337,0.30547837428817187,-0.07719938982320357,0.005296601837761774,0.0012994206580271722,0.06284272151120997,0.13129767004457865,0.27319095639440705,bgn_gam_oracle_bgnbase_s006@de109da+dirty
592,494,0.2999430694597131,0.30282607337651435,-0.19629751517234598,0.005281791305598196,0.0012349809031399128,0.06265014696201392,0.12926081452890664,0.2706612028796109,bgn_gam_oracle_bgnbase_s006@de109da+dirty
593,494,0.3017381078247875,0.30437175571341546,-0.09402286558485612,0.00533864742871719,0.0012722916878930319,0.06240738709236263,0.13261480948299878,0.2710335736020005,bgn_gam_oracle_bgnbase_s006@de109da+dirty
594,495,0.3010346951139945,0.3036402753865801,-0.0862354390534037,0.005359642321585399,0.0012565314803775242,0.06237841110232333,0.1329696219964815,0.27007585469361833,bgn_gam_oracle_bgnbase_s006@de109da+dirty
595,495,0.29626603160165255,0.2985891403452487,-0.2226694040097869,0.0053534509822008355,0.0011867305135011914,0.0622625244344933,0.13084885915158773,0.2658046981144602,bgn_gam_oracle_bgnbase_s006@de109da+dirty
596,496,0.2987035984185417,0.3008880815839975,-0.1689936155397003,0.005399477014966842,0.0012269584512874495,0.06220903174644359,0.13259590393409704,0.26766054241909687,bgn_gam_oracle_bgnbase_s006@de109da+dirty
597,496,0.29916260216912605,0.3013427730470293,-0.16712436083762153,0.005413519554252305,0.0012217525469246247,0.062139906944353174,0.13302428718518147,0.26796044774458255,bgn_gam_oracle_bgnbase_s006@de109da+dirty
598,496,0.3011944427296602,0.3032977872152124,-0.170567779421034,0.005425592018433709,0.0012281909831259469,0.06199932003166461,0.13344585655119182,0.27001906543899684,bgn_gam_oracle_bgnbase_s006@de109da+dirty
599,496,0.30491222820059294,0.30706043239668995,0.00806806694167211,0.005502145329846398,0.0012955281143651996,0.0620323471588034,0.13805779589895026,0.271866717157092,bgn_gam_oracle_bgnbase_s006@de109da+dirty
600,496,0.3082573286761003,0.30994488759742006,0.147341342938693,0.005563387985597562,0.0013561423029921755,0.062114199775393494,0.14170527288726853,0.2737557238095125,bgn_gam_oracle_bgnbase_s006@de109da+dirty
601,497,0.31040511815697513,0.31202951672496326,0.2110111935161343,0.005588496877437767,0.0013873047329686446,0.06219298242775012,0.14301307679978112,0.2754970004234268,bgn_gam_oracle_bgnbase_s006@de109da+dirty
602,497,0.3080193512371445,0.30958743775615605,0.08065151564881487,0.005517324694231633,0.001335361809790056,0.06200892195572312,0.13972250901590422,0.2745059948541233,bgn_gam_oracle_bgnbase_s006@de109da+dirty
603,497,0.30892995615444674,0.31056503131110486,0.15002229649486407,0.005562621146986453,0.0013537084377291072,0.06209058748965979,0.14174852785324477,0.27449056934806754,bgn_gam_oracle_bgnbase_s006@de109da+dirty
604,497,0.3113408318531805,0.312970991017275,0.248163191402631,0.005611879717353385,0.0014063520588884248,0.062282291825198455,0.14376623858813775,0.2761600663043972,bgn_gam_oracle_bgnbase_s006@de109da+dirty
605,497,0.3117748636876283,0.3134623008195399,0.3053994386953396,0.005649625524004739,0.0014219153101020807,0.062405920900893974,0.1454270349390505,0.27577988167427187,bgn_gam_oracle_bgnbase_s006@de109da+dirty
606,496,0.30887620295735596,0.3110080115818887,0.14611161430434835,0.005554073721588945,0.0013488469092649634,0.06210406264247482,0.14118698454849268,0.2747193916480186,bgn_gam_oracle_bgnbase_s006@de109da+dirty
607,495,0.30986694096675754,0.3124751383094507,0.19002012218645745,0.005568089333119063,0.001360767448567029,0.062099180523253826,0.14215580487189552,0.2753347930162833,bgn_gam_oracle_bgnbase_s006@de109da+dirty
608,495,0.3092893098314004,0.31188776600045304,0.1388300215186146,0.005548184285329287,0.0013413614462782575,0.062074252823048424,0.1407475985069076,0.2754087701772083,bgn_gam_oracle_bgnbase_s006@de109da+dirty
609,494,0.30973178860924033,0.31288364668531765,0.1737914327467401,0.00556595336509922,0.0013503871668500628,0.06198707130631813,0.14201441775229445,0.2752556739207313,bgn_gam_oracle_bgnbase_s006@de109da+dirty
610,494,0.3095326457243485,0.31247139496605986,0.10773749786227606,0.005533817220766621,0.0013474091917919544,0.06185516661246808,0.14053193497371086,0.27579201225136984,bgn_gam_oracle_bgnbase_s006@de109da+dirty
611,493,0.31516581662847964,0.31832168465405686,0.406007901132723,0.005719642226911278,0.001471311672272501,0.062328151842507167,0.14825133074721936,0.2781205402388954,bgn_gam_oracle_bgnbase_s006@de109da+dirty
612,494,0.3160881269858466,0.31926141849728684,0.4487582086593294,0.005725091802581518,0.0014794764648879979,0.06237009574294293,0.14875650814264976,0.27889640604824306,bgn_gam_oracle_bgnbase_s006@de109da+dirty
613,494,0.31340365541808063,0.3164692768662109,0.3250750531211919,0.0056408067405423696,0.0014153647393292767,0.06201570454597767,0.14585015820544106,0.2773978777511876,bgn_gam_oracle_bgnbase_s006@de109da+dirty
614,494,0.31494581813350747,0.3178488581116111,0.4602659603735493,0.00571709497244156,0.001451946626532542,0.06231471232148236,0.14890338747260462,0.2775223406484021,bgn_gam_oracle_bgnbase_s006@de109da+dirty
615,495,0.31341423358686066,0.31612217522671265,0.3513468308818414,0.0056428201420104344,0.0014198322666521437,0.06213182273107636,0.14593224153854323,0.27736665750298023,bgn_gam_oracle_bgnbase_s006@de109da+dirty
616,495,0.3119761175419878,0.3148586190185358,0.3592494617841397,0.005648108740324289,0.0014025701173033327,0.06214157925785518,0.14594137688163694,0.2757357655989955,bgn_gam_oracle_bgnbase_s006@de109da+dirty
617,495,0.3100036384579246,0.31291202814760705,0.2676525753790814,0.005589925727211295,0.00136126093511991,0.06200590440018888,0.14353987520042252,0.274770013073841,bgn_gam_oracle_bgnbase_s006@de109da+dirty
618,495,0.314767843533741,0.3177220256833605,0.49060111242484744,0.005725798140100007,0.0014544473398674803,0.06251693950825357,0.1490591905639211,0.2772366372457116,bgn_gam_oracle_bgnbase_s006@de109da+dirty
619,495,0.314900144167576,0.3177129766542393,0.4667472523498937,0.0056881306404819995,0.0014561304352944556,0.0624910682275522,0.14793339423040228,0.2779888696840802,bgn_gam_oracle_bgnbase_s006@de109da+dirty
620,495,0.31392953697856363,0.3166524751397978,0.4010901139902959,0.0056476506684155865,0.0014467091504966533,0.06245036085675097,0.14627824423006067,0.27776686168898207,bgn_gam_oracle_bgnbase_s006@de109da+dirty
621,494,0.3174521373776395,0.3207768467839354,0.5959314576050976,0.0057751305850705205,0.001536827121052754,0.06297421718610269,0.15110091935047054,0.2791851924745908,bgn_gam_oracle_bgnbase_s006@de109da+dirty
622,493,0.31736268338770224,0.32067404009651,0.5245885671220626,0.005706766665741027,0.0015031483150381678,0.06276021920442416,0.14907417244870863,0.2801713117286915,bgn_gam_oracle_bgnbase_s006@de109da+dirty
623,494,0.3177543495330543,0.3210970362365224,0.5695648426159653,0.005728667043256219,0.0015153600442423783,0.06295558396919233,0.14988114584242027,0.28018470473624646,bgn_gam_oracle_bgnbase_s006@de109da+dirty
624,494,0.3150053615222109,0.3179763884310805,0.3532130773653132,0.0055712209024501936,0.0014497912512663762,0.06271695535831155,0.14376749656742996,0.2802842926716958,bgn_gam_oracle_bgnbase_s006@de109da+dirty
625,494,0.3107957929275078,0.31371650096131426,0.15861397136815192,0.0054640453224058675,0.0013632986681478625,0.06227386184375508,0.13889361988785195,0.2780334283065387,bgn_gam_oracle_bgnbase_s006@de109da+dirty
626,493,0.3109257981202612,0.31376140024533045,0.1365798361062725,0.005457564573868413,0.0013624965240571604,0.062226002557043414,0.13844664781912697,0.2784014684666158,bgn_gam_oracle_bgnbase_s006@de109da+dirty
627,494,0.3103885656112601,0.3131430631170145,0.10048069610771426,0.0054417848420537755,0.0013567316939513785,0.06222152203549203,0.1376320358215165,0.2782058309558596,bgn_gam_oracle_bgnbase_s006@de109da+dirty
628,494,0.30656898006263633,0.30902187390996994,-0.03727808833364718,0.005385168990529355,0.0012875079544645677,0.062092134197918585,0.13424631567819878,0.27561289204874745,bgn_gam_oracle_bgnbase_s006@de109da+dirty
629,495,0.30677150776514295,0.30928432334160294,0.0009491557202231399,0.005426204082900643,0.0012947153473310265,0.06214438812289423,0.13566786489591964,0.2751417605727667,bgn_gam_oracle_bgnbase_s006@de109da+dirty
630,495,0.30581447320783656,0.3078694020178897,-0.04442410609466117,0.005425601540726879,0.001276039544383701,0.06204208498159194,0.13503320466074864,0.2743875464783979,bgn_gam_oracle_bgnbase_s006@de109da+dirty
631,496,0.30871003530112867,0.3107911532789009,0.1166082124206342,0.005497256518291316,0.0013340868012725934,0.062165134631420885,0.13885208915834796,0.2757208429408018,bgn_gam_oracle_bgnbase_s006@de109da+dirty
632,495,0.3057188464461796,0.30819134562906586,-0.038105098087724006,0.00542966621216033,0.0012811542917156166,0.06201567864049953,0.1351327244033095,0.27423194538149986,bgn_gam_oracle_bgnbase_s006@de109da+dirty
633,495,0.3015672971219958,0.30394765375725874,-0.24267935496667095,0.005366430669792247,0.0012021387832425877,0.061894560503775516,0.13054376917526453,0.2718476761404838,bgn_gam_oracle_bgnbase_s006@de109da+dirty
634,495,0.3007246234817864,0.3031655639655108,-0.25631325568478125,0.005401414390282652,0.0011911961834433246,0.06170848598143144,0.1310930558182932,0.27064720557301913,bgn_gam_oracle_bgnbase_s006@de109da+dirty
635,495,0.30114376464522236,0.30351494845411997,-0.26241590762794326,0.005416070332975928,0.0012008634225256199,0.061691198266241414,0.13167760980387913,0.2708294187510552,bgn_gam_oracle_bgnbase_s006@de109da+dirty
636,495,0.30297695863070556,0.30547231850718526,-0.17167464624051612,0.005473112332301511,0.001229098581923857,0.06157904581727233,0.13456546715997664,0.2714538128469179,bgn_gam_oracle_bgnbase_s006@de109da+dirty
637,495,0.30324974149016515,0.30542989108120416,-0.10169980040931434,0.005531737220880014,0.0012362459461923649,0.06102804594743092,0.13716180944969875,0.2704571014825392,bgn_gam_oracle_bgnbase_s006@de109da+dirty
638,495,0.3020571897307679,0.3041699195979678,-0.17026833057345414,0.00550763622444896,0.0012263700229050553,0.060944087073037743,0.13568970252581972,0.26986450395801165,bgn_gam_oracle_bgnbase_s006@de109da+dirty
639,496,0.3069373252819429,0.30910419821023233,0.04505222505803473,0.005622672828095926,0.001308456985535723,0.06099009133511212,0.14167848528784938,0.272282442433907,bgn_gam_oracle_bgnbase_s006@de109da+dirty
640,496,0.3076002080290207,0.30978747942845747,0.04459148289543126,0.005620376531101826,0.0013027123080292954,0.060978733991154756,0.14161590415408928,0.27306194108684684,bgn_gam_oracle_bgnbase_s006@de109da+dirty
641,495,0.30915683409914335,0.3120787601244828,0.17834547906181486,0.0057176751546002625,0.0013426954337057305,0.06103869762050556,0.14566252018797626,0.2726909941356565,bgn_gam_oracle_bgnbase_s006@de109da+dirty
642,495,0.30789476795648496,0.31078204805825427,0.11478401265835084,0.005682019565820563,0.0013209755424185533,0.061020732805755436,0.14395404530868836,0.2721698384726747,bgn_gam_oracle_bgnbase_s006@de109da+dirty
643,495,0.3090223190680953,0.3120448937666378,0.19879777301414497,0.005726160933160505,0.0013441187902142428,0.061037876253713694,0.14613805508226455,0.27228379044481643,bgn_gam_oracle_bgnbase_s006@de109da+dirty
644,495,0.30875789910983004,0.3118534743422956,0.20116020278597085,0.005718800061431666,0.0013388946845180403,0.06102573349915656,0.1460059835185366,0.2720545773176787,bgn_gam_oracle_bgnbase_s006@de109da+dirty
645,495,0.30652082250321455,0.30945803766818086,0.07560818009482405,0.005635212965522257,0.0012868758971591111,0.060955525594381686,0.14235993973577069,0.2714565567203616,bgn_gam_oracle_bgnbase_s006@de109da+dirty
646,495,0.3069491729129138,0.30983833159901075,0.08369638214638055,0.005626680694615908,0.001289896383009454,0.06088823172987159,0.1425710739061948,0.2718295120790901,bgn_gam_oracle_bgnbase_s006@de109da+dirty
647,495,0.3108859500510834,0.31392348158126643,0.3025342309451171,0.005755122078818929,0.0013708013340304791,0.06117436611496516,0.14821836768883442,0.2732789589756632,bgn_gam_oracle_bgnbase_s006@de109da+dirty
648,495,0.3130733260607438,0.31622273324965894,0.44877830864149776,0.005844319462545464,0.0014239601398377455,0.06162732189875123,0.15131492047505535,0.2740779128867638,bgn_gam_oracle_bgnbase_s006@de109da+dirty
649,495,0.31370446237770894,0.3164787228599638,0.35256558407439675,0.005746480203145547,0.0014044949709761177,0.061341578436650605,0.14827574715232983,0.27645034368237953,bgn_gam_oracle_bgnbase_s006@de109da+dirty
650,494,0.3136668239638297,0.31689554037919193,0.363506210940182,0.005742201619416533,0.0014085831669710244,0.06137392076159681,0.1483354900447166,0.2763755757094862,bgn_gam_oracle_bgnbase_s006@de109da+dirty
651,493,0.3150403040903494,0.3187406179228858,0.43061394961135563,0.005781522780702874,0.0014383687758759355,0.06152535977233969,0.14998871584002255,0.2770447226026888,bgn_gam_oracle_bgnbase_s006@de109da+dirty
652,493,0.3163104854947969,0.3200029537793134,0.4908371083980787,0.005820400333590223,0.0014753951942595505,0.06182921163454204,0.15112742575889543,0.27787195687482336,bgn_gam_oracle_bgnbase_s006@de109da+dirty
653,492,0.31447622933597874,0.31823782873698736,0.3488382805822074,0.005706237646852709,0.0014320935857823549,0.061457978845409,0.14747538467020962,0.2777522452361975,bgn_gam_oracle_bgnbase_s006@de109da+dirty
654,491,0.316623935778206,0.32099100472514946,0.5177789165731456,0.005809150518933779,0.0015042447765972178,0.06194580147756503,0.15133926421839897,0.27811354482210165,bgn_gam_oracle_bgnbase_s006@de109da+dirty
655,491,0.31602602290521054,0.3202967607618258,0.45557901287155617,0.005760561598877186,0.0014775622796182458,0.06180202405430213,0.14981553061948905,0.2782584301301321,bgn_gam_oracle_bgnbase_s006@de109da+dirty
656,491,0.3176216988513954,0.321583964536509,0.5407265193992694,0.005798763759689721,0.0014982913077702918,0.06204893448104527,0.15129938969519088,0.27927054670893825,bgn_gam_oracle_bgnbase_s006@de109da+dirty
657,493,0.31915642582049897,0.32293535506256094,0.6396509814867214,0.005856645741883323,0.0015436548831165677,0.06256989018978341,0.1531678824946754,0.280000756989357,bgn_gam_oracle_bgnbase_s006@de109da+dirty
658,493,0.3156115191254011,0.3190437553466037,0.4048257989100661,0.005679225776686224,0.0014498457269947927,0.06208945507423872,0.14668868536982133,0.2794513563916214,bgn_gam_oracle_bgnbase_s006@de109da+dirty
659,493,0.31627944348279746,0.3192707143708466,0.3902131643060894,0.00564807888728468,0.0014703784087903744,0.061999159951626505,0.14623654019896987,0.2804417242145383,bgn_gam_oracle_bgnbase_s006@de109da+dirty
660,494,0.31269544341044964,0.3150449607632282,0.2610004025635569,0.00556755778862673,0.0014183680166136468,0.06187385610278029,0.14265627883930102,0.2782582010244825,bgn_gam_oracle_bgnbase_s006@de109da+dirty
661,495,0.3143366122050677,0.3165975526470545,0.3108387267513316,0.005586252553112568,0.0014561286022915288,0.0621154772170245,0.14328098962870148,0.27978217202598715,bgn_gam_oracle_bgnbase_s006@de109da+dirty
662,495,0.31116551284023275,0.3136391703679707,0.15533505641333858,0.005492514462484243,0.0013938738823724777,0.061961924704386113,0.1392181615837899,0.27828453041151036,bgn_gam_oracle_bgnbase_s006@de109da+dirty
663,496,0.314383120935396,0.31629710284006085,0.33758673038404907,0.005584310104541507,0.0014678289725526038,0.06228819935980254,0.14351185435214275,0.279716096050065,bgn_gam_oracle_bgnbase_s006@de109da+dirty
664,496,0.31341842580981905,0.3153177364440257,0.28992487847143783,0.0055455932018818495,0.0014336185206162263,0.06219929083427347,0.1421062643748803,0.2793508891385916,bgn_gam_oracle_bgnbase_s006@de109da+dirty
665,495,0.3159182795349241,0.31828083330261786,0.42584340337076604,0.0056102109984762305,0.0014871702554573895,0.0624094332877591,0.1452648529069374,0.2805396261746855,bgn_gam_oracle_bgnbase_s006@de109da+dirty
666,495,0.3173550079725753,0.3198711475753557,0.5253689392067251,0.00566360397135405,0.001514454126495019,0.06268371000449509,0.147700786441441,0.28088908624197767,bgn_gam_oracle_bgnbase_s006@de109da+dirty
667,494,0.31737894299354696,0.32032946936476936,0.5341266913271376,0.005648805874650575,0.0015103786804341155,0.0626916701249064,0.14733847677722037,0.2811063263547614,bgn_gam_oracle_bgnbase_s006@de109da+dirty
668,494,0.3125064074409673,0.3153178410165385,0.26989236750102075,0.005487961653933628,0.0013956070970319178,0.0622563127595266,0.14061124208118256,0.2790855304240027,bgn_gam_oracle_bgnbase_s006@de109da+dirty
669,492,0.3116654049980103,0.31543282816017637,0.26928860500940277,0.005491219184583476,0.0013778883950886524,0.06213540592623955,0.14081021020847068,0.27804281931677377,bgn_gam_oracle_bgnbase_s006@de109da+dirty
670,492,0.31447613411430303,0.31832576137883006,0.44220526322824927,0.0055873937253335644,0.0014518758820648724,0.0625587690243647,0.14499131388325323,0.27905690786268855,bgn_gam_oracle_bgnbase_s006@de109da+dirty
671,492,0.3150304053579471,0.31891385334027694,0.4794921657783872,0.005588674214687703,0.0014745393558162029,0.06268384067689503,0.14565277590617215,0.2793374754142717,bgn_gam_oracle_bgnbase_s006@de109da+dirty
672,492,0.32012434365851433,0.3240758677619609,0.7561280568404278,0.005745124625237516,0.0016090400346045796,0.06351902671005227,0.15151228393839897,0.2819993319470182,bgn_gam_oracle_bgnbase_s006@de109da+dirty
673,492,0.3197442793708528,0.32368777089416123,0.7398099520212623,0.005726541386149084,0.001595655846559877,0.06352082513201428,0.15105713652082808,0.28181225256633874,bgn_gam_oracle_bgnbase_s006@de109da+dirty
674,492,0.3201747311336175,0.32402699141496755,0.7727499771047007,0.005736768053449847,0.001612154197346879,0.06368400339047299,0.1513674463273797,0.28213428478086827,bgn_gam_oracle_bgnbase_s006@de109da+dirty
675,492,0.32249133092936055,0.32618478552124563,0.8281710383767691,0.00575316324532829,0.0016633602916912445,0.06382839854173732,0.1524760083648889,0.28416848065487604,bgn_gam_oracle_bgnbase_s006@de109da+dirty
676,492,0.3232300681918884,0.3269436359860593,0.8652959915736153,0.005773540524207848,0.001688571660996972,0.06405058605692884,0.15291563515837617,0.2847709351521731,bgn_gam_oracle_bgnbase_s006@de109da+dirty
677,492,0.3234313476265716,0.32706982827885567,0.8551286801308198,0.005747166301408592,0.0016906351704499226,0.06405174746455393,0.15246308916732998,0.2852417274332334,bgn_gam_oracle_bgnbase_s006@de109da+dirty
678,492,0.3212352654894664,0.32458227313909516,0.6893495376671743,0.005623388322633964,0.0016223832203665957,0.06372443237084369,0.14773664844730916,0.28524722347403164,bgn_gam_oracle_bgnbase_s006@de109da+dirty
679,492,0.32133023136871885,0.32458377071817124,0.6877932862599435,0.005619896533045976,0.001636551154304711,0.06381528939541764,0.14755601759108744,0.28544761211846403,bgn_gam_oracle_bgnbase_s006@de109da+dirty
680,491,0.32075087937969365,0.3243216705377018,0.6471039230607526,0.00558580944664705,0.001611528010530283,0.06369853247028555,0.1464546969988884,0.2853631867459616,bgn_gam_oracle_bgnbase_s006@de109da+dirty
681,491,0.3185315638876941,0.3216772784219224,0.5223481432137426,0.005495458804566109,0.0015606721824327587,0.06339540793498057,0.14344214257252058,0.28440588764465624,bgn_gam_oracle_bgnbase_s006@de109da+dirty
682,491,0.3183276497578719,0.3215708333521711,0.5574888765659034,0.005528556315764796,0.0015550389636716656,0.0635346645214397,0.1440563930355782,0.28386660287175275,bgn_gam_oracle_bgnbase_s006@de109da+dirty
683,492,0.31353278405668283,0.31632709589297103,0.3131201145521962,0.0053928365727893765,0.0014449500150211952,0.0630801687406925,0.13812788118970432,0.28146668562438687,bgn_gam_oracle_bgnbase_s006@de109da+dirty
684,492,0.31259947812836425,0.31538938579920217,0.2726168608250587,0.005371458536778159,0.0014282464656277002,0.06300576422256898,0.13712001274764868,0.2809208711189155,bgn_gam_oracle_bgnbase_s006@de109da+dirty
685,494,0.31456280962001093,0.3168879173113741,0.3453819647029746,0.00540364775464495,0.0014645978509496343,0.06309108813439299,0.1389442371269511,0.2822131466910158,bgn_gam_oracle_bgnbase_s006@de109da+dirty
686,494,0.3162334427229172,0.31862786291052086,0.4460868265986347,0.0054531157480040985,0.001512589597745757,0.0633594150925152,0.14094339269685238,0.2830875312540088,bgn_gam_oracle_bgnbase_s006@de109da+dirty
687,494,0.3119752302344073,0.3140143783952607,0.22672825053766682,0.0053303081439421305,0.0014033283529906822,0.06294675714092812,0.13549503736854787,0.2810153716939827,bgn_gam_oracle_bgnbase_s006@de109da+dirty
688,495,0.31381131146758445,0.31542421724287195,0.2217610388782662,0.005312166417439676,0.0014090779700552335,0.06283640179375236,0.13518974619955462,0.28319829047419287,bgn_gam_oracle_bgnbase_s006@de109da+dirty
689,494,0.3128938718691409,0.31511170301594427,0.13850340275141312,0.005271664392865739,0.001384802596091299,0.0627973986403618,0.13303253612483826,0.28320473051390926,bgn_gam_oracle_bgnbase_s006@de109da+dirty
690,494,0.313212590038894,0.31537838125856715,0.07691742622410704,0.005243128766888969,0.0013699279814113252,0.0628367061904261,0.13152027904363026,0.28426139864420197,bgn_gam_oracle_bgnbase_s006@de109da+dirty
691,494,0.31281284129983994,0.3146548837233245,0.060970703341212865,0.005241592956264013,0.0013614314291738724,0.06268046906473422,0.131683492406405,0.28374518764153717,bgn_gam_oracle_bgnbase_s006@de109da+dirty
692,495,0.31256326957368497,0.3140120561295165,-0.002766069038747032,0.005216551050415913,0.0013382791791500556,0.06262035977032676,0.13011868825750608,0.28419170370145924,bgn_gam_oracle_bgnbase_s006@de109da+dirty
693,495,0.30856052983630033,0.31029835786421495,-0.16057707808529142,0.005183533706322192,0.0012577053122808388,0.06257376300240756,0.12683757173596025,0.28128603052583956,bgn_gam_oracle_bgnbase_s006@de109da+dirty
694,494,0.306383067416291,0.30843397947283024,-0.2357085162175116,0.005211626082649732,0.0012415658316116986,0.06252882333597924,0.12611748498941727,0.27922206929137894,bgn_gam_oracle_bgnbase_s006@de109da+dirty
695,494,0.3079526180912003,0.3097591736690747,-0.16182532456519969,0.0052528899316232475,0.0012606238679878218,0.06222846246042183,0.1288102071786325,0.2797190474669582,bgn_gam_oracle_bgnbase_s006@de109da+dirty
696,494,0.3144064056165599,0.3166767282427298,0.1838796865674102,0.005418455955233786,0.0013914304839594803,0.06234581877662914,0.1376031902358161,0.2826955074451142,bgn_gam_oracle_bgnbase_s006@de109da+dirty
697,494,0.3167952750481568,0.31918094447114276,0.3425990940654449,0.005513567690025808,0.0014492908937365333,0.06250160271715831,0.14197112801426418,0.28320212764595315,bgn_gam_oracle_bgnbase_s006@de109da+dirty
698,494,0.31645591266228473,0.31879186470837145,0.3143593683530991,0.005487676756902777,0.001435711090096201,0.06253173614938853,0.14082861381990333,0.28339309481440106,bgn_gam_oracle_bgnbase_s006@de109da+dirty
699,494,0.3192420100110704,0.32170519174339074,0.45568088446295896,0.005576206367101398,0.0014921309465188715,0.06283075466896393,0.1447595218240109,0.2845349570741565,bgn_gam_oracle_bgnbase_s006@de109da+dirty
700,493,0.31750561761900997,0.3200714844616954,0.39754564449912494,0.005549679580390417,0.0014597347374296688,0.0627604180792143,0.1432008671232403,0.2833784199172214,bgn_gam_oracle_bgnbase_s006@de109da+dirty
701,494,0.315597934643313,0.3181047144833018,0.2800219650828765,0.0054783728334743395,0.001414721336945934,0.06251940621604261,0.14045222481400177,0.28262206017209973,bgn_gam_oracle_bgnbase_s006@de109da+dirty
702,494,0.31421783755700067,0.3166709286819534,0.20700792616766003,0.0054207104487651635,0.0013832153851113676,0.06250792824103425,0.1377167537651331,0.28243042536417945,bgn_gam_oracle_bgnbase_s006@de109da+dirty
703,493,0.3112265255885517,0.3139480059550429,0.01834329272516005,0.005323416533056833,0.0013067097966045801,0.06225664095593283,0.1332222665512824,0.2812717154725311,bgn_gam_oracle_bgnbase_s006@de109da+dirty
704,493,0.3102744696596044,0.31309481692089686,-0.009150836518059972,0.0053284749752324,0.001290235057962382,0.06215524534818833,0.13290058394319607,0.2803706142057443,bgn_gam_oracle_bgnbase_s006@de109da+dirty
705,493,0.3138664261907517,0.31672315601732054,0.1597735041260146,0.005389609117268022,0.0013665046815906343,0.06227678541876007,0.13659472236510958,0.2825845277288784,bgn_gam_oracle_bgnbase_s006@de109da+dirty
706,494,0.31337993411372983,0.31573891134643883,0.09762577380073914,0.005355857877264711,0.0013503551236419282,0.0623254968356208,0.1348267452071218,0.2828934991864951,bgn_gam_oracle_bgnbase_s006@de109da+dirty
707,494,0.3161282316938248,0.3184217305427662,0.21164927795698593,0.005413012579617704,0.0014001840416521007,0.06231531822298123,0.13784122831129036,0.28449403271685564,bgn_gam_oracle_bgnbase_s006@de109da+dirty
708,494,0.32040389353177645,0.32271972343500127,0.4136305741944447,0.005510211345621218,0.0014914675958873096,0.06254564453983003,0.14283922642246052,0.2868023890858564,bgn_gam_oracle_bgnbase_s006@de109da+dirty
709,494,0.3191475904243901,0.32117703907270706,0.4019666602660417,0.005496685493248726,0.0014833529240640387,0.0626386983430063,0.14192862404199222,0.28585214736160564,bgn_gam_oracle_bgnbase_s006@de109da+dirty
710,494,0.3166211656529606,0.3185547824448528,0.23381770099044816,0.0053945384786465555,0.0014130337599433198,0.062361438944329155,0.1376847693051043,0.28511728611369697,bgn_gam_oracle_bgnbase_s006@de109da+dirty
711,495,0.3148364512565725,0.3167939547264033,0.16813257426390094,0.005367762177069315,0.0013796624327114487,0.06234269032627994,0.13620114975507402,0.2838507316270791,bgn_gam_oracle_bgnbase_s006@de109da+dirty
712,495,0.314139406473056,0.31603900298767484,0.11892048449344575,0.005341329510436141,0.001366791520449235,0.06221579336883774,0.13489303643094494,0.28370307615830265,bgn_gam_oracle_bgnbase_s006@de109da+dirty
713,495,0.31470491949027285,0.3164062561394881,0.2731216251314409,0.0054190393756186825,0.001405609761031271,0.06223748481499703,0.13884431610644574,0.2824206830887435,bgn_gam_oracle_bgnbase_s006@de109da+dirty
714,495,0.30940894557975906,0.3114066999420437,0.009590334318875524,0.005293342267559038,0.0012877224830143172,0.0618679002850197,0.13255790000054038,0.27957521126205925,bgn_gam_oracle_bgnbase_s006@de109da+dirty
715,495,0.3076151745472807,0.309767060052955,0.005732667778935203,0.005303584282597302,0.0012693421509177255,0.06177095112838849,0.13282553136653324,0.2774607608815201,bgn_gam_oracle_bgnbase_s006@de109da+dirty
716,495,0.3093158699160972,0.3114460025021137,0.022931337615329294,0.005313995029882946,0.0012847736191703926,0.06176750040424778,0.13335918915012168,0.27909072727551165,bgn_gam_oracle_bgnbase_s006@de109da+dirty
717,495,0.30916864295573887,0.3109423200340819,0.003180537439025709,0.005312913091426355,0.0012753721705963653,0.06171370124795617,0.13310990737242528,0.2790465952961933,bgn_gam_oracle_bgnbase_s006@de109da+dirty
718,496,0.3100973119198661,0.3118538349712087,0.036103382513504464,0.005328614212020859,0.0012926950634681205,0.06174056014932587,0.13403265471742123,0.27963474449597153,bgn_gam_oracle_bgnbase_s006@de109da+dirty
719,495,0.30857818542144555,0.3104075225369689,-0.008817897657818714,0.005321115386365679,0.0012660525628034039,0.06163561664057756,0.13324529392059678,0.27832748366987725,bgn_gam_oracle_bgnbase_s006@de109da+dirty
720,496,0.31110230972710945,0.3129791069094361,0.13556645696766467,0.005379173601246249,0.0013178780125196038,0.06164142994844544,0.1365796503373592,0.27951859729053274,bgn_gam_oracle_bgnbase_s006@de109da+dirty
721,495,0.3117765526553318,0.3141131892347799,0.1785306898525869,0.005381895084448173,0.0013344567691803374,0.06149517537657764,0.13754416454280008,0.2797967504919705,bgn_gam_oracle_bgnbase_s006@de109da+dirty
722,493,0.3145697412162318,0.3178695079021921,0.34581520631045193,0.0054779041653020425,0.0013918163348266657,0.06154630496777561,0.14231187150497585,0.280537793029029,bgn_gam_oracle_bgnbase_s006@de109da+dirty
723,493,0.3151059895061712,0.3180880386819927,0.3282620688197249,0.005439442443399448,0.001391602534107092,0.0615220753712136,0.14111928416807856,0.28173947586121534,bgn_gam_oracle_bgnbase_s006@de109da+dirty
724,493,0.3151129122950645,0.3183436734847635,0.33252388097274016,0.0054471005336491915,0.0013952751660782027,0.061568223473265515,0.14114156706936834,0.2817360565143908,bgn_gam_oracle_bgnbase_s006@de109da+dirty
725,492,0.31088643148502393,0.31472310814265597,0.1996231458459974,0.00539289790329063,0.0013209216861042891,0.06142609512283427,0.13821969666253725,0.2784702654432043,bgn_gam_oracle_bgnbase_s006@de109da+dirty
726,492,0.31205628098369004,0.315903426046728,0.25884235554962093,0.005415848472061348,0.0013482572844209888,0.06155915597598365,0.13970312752464345,0.2790379161712704,bgn_gam_oracle_bgnbase_s006@de109da+dirty
727,492,0.3112009196921904,0.3149570968016975,0.20020975544836375,0.0053814492777864535,0.0013263816931187943,0.06144773450620175,0.13783372451525452,0.27901232374846463,bgn_gam_oracle_bgnbase_s006@de109da+dirty
728,492,0.31243226725339435,0.3159119422298513,0.283017829771681,0.005430825771697191,0.0013534562754942804,0.061457700182643515,0.1402777525595915,0.27917033108467393,bgn_gam_oracle_bgnbase_s006@de109da+dirty
729,492,0.3102657900633358,0.314054002736964,0.15923717227151452,0.005386160427290757,0.0012995262441572173,0.06098389132957852,0.1375351027322156,0.27811680280066664,bgn_gam_oracle_bgnbase_s006@de109da+dirty
730,492,0.31073817570731127,0.3143388095973373,0.16917622143999714,0.005395352092634683,0.0012957046319442259,0.06099172269067131,0.13808619376517955,0.2783710059136065,bgn_gam_oracle_bgnbase_s006@de109da+dirty
731,494,0.3104430411201622,0.31321916905050906,0.08002864962591592,0.005345402291180133,0.0012780660634959685,0.06102902072545456,0.13552856107746233,0.2792971373147374,bgn_gam_oracle_bgnbase_s006@de109da+dirty
732,494,0.3121726989281898,0.31455142486141335,0.1577299851080026,0.005372005262444461,0.001305779419076473,0.06100050617831944,0.13713599790032827,0.2804380716593084,bgn_gam_oracle_bgnbase_s006@de109da+dirty
733,494,0.30832815683730397,0.3111273881965806,0.005795189507352491,0.005304027481353696,0.0012375237051858922,0.06095036141672024,0.13338658527285382,0.27798250154989396,bgn_gam_oracle_bgnbase_s006@de109da+dirty
734,494,0.30888082934406225,0.31126981711757473,0.032157097265782364,0.00532034543314298,0.0012550205177712524,0.0609490845339855,0.13422290636826717,0.2781934185819842,bgn_gam_oracle_bgnbase_s006@de109da+dirty
735,494,0.312610707623743,0.3153223427738413,0.2768527026988288,0.005442764590227578,0.0013187225488769836,0.061043479014130056,0.14048948662655655,0.27926360068656264,bgn_gam_oracle_bgnbase_s006@de109da+dirty
736,495,0.3098781873830449,0.3125245657940247,0.18555795575635498,0.005391432786489519,0.0012787177995941983,0.061016731719981655,0.13792002362549796,0.27749334784629265,bgn_gam_oracle_bgnbase_s006@de109da+dirty
737,494,0.3061978871033571,0.3093570776269154,0.06888522874113868,0.005349187485113079,0.001225383749120829,0.060891462813131736,0.13545429030163497,0.2746075040952825,bgn_gam_oracle_bgnbase_s006@de109da+dirty
738,494,0.30251509997036385,0.30513285849010285,-0.10400248352936249,0.005298342598598075,0.0011641123393968994,0.060843881843683334,0.13170078933338072,0.2723422255160659,bgn_gam_oracle_bgnbase_s006@de109da+dirty
739,496,0.30528658049522156,0.3074595951106301,-0.014575181852409093,0.005344474428266158,0.0011993521145201214,0.060730406015274886,0.13422648787061825,0.2741954525231667,bgn_gam_oracle_bgnbase_s006@de109da+dirty
740,496,0.3047414847712634,0.30682015612578234,-0.08089895904230912,0.0053171685036969675,0.0011845256760666253,0.06076603105289867,0.13257634943620628,0.27439184410394396,bgn_gam_oracle_bgnbase_s006@de109da+dirty
741,496,0.3088634373447228,0.3110043777813289,0.12092157080841559,0.005408264279813335,0.0012592747798564957,0.060846109284797834,0.13764901165537322,0.27649479654904263,bgn_gam_oracle_bgnbase_s006@de109da+dirty
742,496,0.3106073897133797,0.3121838283713081,0.1359837178995535,0.005408525237145523,0.0012770781454914668,0.06079979722746317,0.13791061892865242,0.2783120761506323,bgn_gam_oracle_bgnbase_s006@de109da+dirty
743,497,0.3094616582903723,0.31096699487828794,0.056313636668670994,0.005372326924952102,0.001250143715044787,0.060751738420415514,0.13605029538727414,0.27795113793050497,bgn_gam_oracle_bgnbase_s006@de109da+dirty
744,497,0.3124860248884424,0.3139929260069429,0.18725658563715347,0.00542280402064087,0.0013016233880776518,0.06088148073502835,0.1388938418267988,0.2799214469331931,bgn_gam_oracle_bgnbase_s006@de109da+dirty
745,497,0.31300142385997304,0.31404401133961524,0.201593407268666,0.005432293996623473,0.0013107649818869208,0.060914934586435196,0.1392460794677373,0.2803219946619157,bgn_gam_oracle_bgnbase_s006@de109da+dirty
746,498,0.31173742877894206,0.31285165282782157,0.18162737411290647,0.005427038936354014,0.0012781373330884853,0.060862700387441376,0.13894513413321163,0.2790599831620611,bgn_gam_oracle_bgnbase_s006@de109da+dirty
747,498,0.31063915724454744,0.31172133531386365,0.11493013963360386,0.005395129855803569,0.0012591731416638564,0.06082111243284754,0.13736687119858287,0.2786162750284244,bgn_gam_oracle_bgnbase_s006@de109da+dirty
748,498,0.3119095752633085,0.3130092442843134,0.15963981725311388,0.005422247368730274,0.0012677758060159324,0.06086197861656841,0.1385457248871354,0.27945064905352374,bgn_gam_oracle_bgnbase_s006@de109da+dirty
749,498,0.3089977906454821,0.3100557776562964,0.013886853126382303,0.005353252756252891,0.0012131851065110188,0.06067779242717292,0.13518416665497596,0.2778576536818608,bgn_gam_oracle_bgnbase_s006@de109da+dirty
750,497,0.3093477490079907,0.3104417630958098,0.04457589592364733,0.005365205585707105,0.001224097441306225,0.0606633787818399,0.13588140301332013,0.2779069522905868,bgn_gam_oracle_bgnbase_s006@de109da+dirty
751,498,0.311356132612697,0.3125039988876021,0.16844666030826103,0.00542997438655143,0.00125935582022834,0.060682467019337945,0.139215342155142,0.27849906611003583,bgn_gam_oracle_bgnbase_s006@de109da+dirty
752,498,0.31296701840026375,0.31413362374031883,0.23869210602651375,0.00545341441293526,0.0012840918825957526,0.06069460170768134,0.1408088299137431,0.27950174959143564,bgn_gam_oracle_bgnbase_s006@de109da+dirty
753,498,0.31508381826258897,0.31622560949811573,0.32412714741860654,0.005491157426366273,0.0013184559980999573,0.06071106518122851,0.14287213369478333,0.280829781085326,bgn_gam_oracle_bgnbase_s006@de109da+dirty
754,498,0.3145363034588912,0.3156558320150626,0.2832965705841247,0.005466841615887789,0.0013072272412796098,0.060743849705924356,0.14162301314676495,0.28084872857254484,bgn_gam_oracle_bgnbase_s006@de109da+dirty
755,497,0.3157368626357875,0.3173383182261643,0.32370739261288556,0.005481920544996156,0.0013244366787346657,0.06081923643768412,0.14249216013411198,0.28175477054950593,bgn_gam_oracle_bgnbase_s006@de109da+dirty
756,497,0.31519277663451845,0.3167865617074359,0.2663384116455679,0.005442762037665654,0.0013112679525101709,0.06083288768742594,0.1405973605244087,0.28209726807636204,bgn_gam_oracle_bgnbase_s006@de109da+dirty
757,497,0.3150073680424208,0.31611123355222936,0.27043087239813224,0.005446847775368224,0.0013117221421649315,0.06079955901318288,0.14073233102855454,0.28182273315735634,bgn_gam_oracle_bgnbase_s006@de109da+dirty
758,498,0.31174028264017656,0.3127207255953919,0.016559210307936754,0.005318953699035337,0.0012334548113817055,0.06061912545808601,0.13473265829815834,0.28112117424429073,bgn_gam_oracle_bgnbase_s006@de109da+dirty
759,498,0.31003697971246413,0.311018459041806,-0.04652813638464685,0.005287706177139768,0.0012039833184710395,0.06054638525170583,0.13306652870251426,0.2800289765868701,bgn_gam_oracle_bgnbase_s006@de109da+dirty
760,498,0.310398509023873,0.3113738491561191,-0.057558308207181504,0.005293777604601015,0.001205705209615076,0.060499429109128824,0.1329151956552894,0.28050095395231633,bgn_gam_oracle_bgnbase_s006@de109da+dirty
761,498,0.31110118559966854,0.3121287417930997,0.010097942009220052,0.005330335153450384,0.0012186094795829648,0.06049964905011468,0.13476576172374946,0.28039639289501744,bgn_gam_oracle_bgnbase_s006@de109da+dirty
762,498,0.3052610898621784,0.3060153167321095,-0.23315827604455336,0.0052596230330323596,0.0011293463167563328,0.0605187160103889,0.1293680746495354,0.2764927381421024,bgn_gam_oracle_bgnbase_s006@de109da+dirty
763,499,0.3030725647642347,0.30359135842395263,-0.3414974613752533,0.005256375723762683,0.0011128917826865867,0.060464972043608435,0.1277460374158671,0.27483436727839394,bgn_gam_oracle_bgnbase_s006@de109da+dirty
764,499,0.30645303022056763,0.3069566488049215,-0.20786629271694063,0.005337711972451253,0.001169186981711403,0.06017511096025113,0.1322391972905071,0.27645298774173244,bgn_gam_oracle_bgnbase_s006@de109da+dirty
765,499,0.30412630575164706,0.3041819419538338,-0.3113219800811045,0.0053426152265277395,0.00114085810859776,0.06023407046892634,0.13070253971388168,0.2746081862626923,bgn_gam_oracle_bgnbase_s006@de109da+dirty
766,499,0.3042142975101905,0.3047209249690014,-0.29793941990154005,0.005374386104798051,0.0011539114540819546,0.06012580731771645,0.13160546535759057,0.27427420640233513,bgn_gam_oracle_bgnbase_s006@de109da+dirty
767,499,0.3023500867487993,0.30287435853669487,-0.3461934192819516,0.005400818413150398,0.0011366123683598088,0.06022728091392502,0.13128517561053438,0.2723596475653426,bgn_gam_oracle_bgnbase_s006@de109da+dirty
768,499,0.30462417196504105,0.3051513978157794,-0.21423802966894664,0.0054547734015054,0.0011904637044970745,0.06010761382586283,0.13481675134008897,0.27316721930621823,bgn_gam_oracle_bgnbase_s006@de109da+dirty
769,499,0.30443169500399886,0.3049751869774183,-0.17561958271451084,0.005484969770885044,0.0011931102437091276,0.05999541537871391,0.136305834751624,0.2722120062298332,bgn_gam_oracle_bgnbase_s006@de109da+dirty
770,499,0.30675864260206454,0.30732570790757835,-0.06665776674300572,0.0055508470799172155,0.0012314525333067285,0.05977175496632115,0.1398376552020335,0.27303167398428035,bgn_gam_oracle_bgnbase_s006@de109da+dirty
771,499,0.305165521120821,0.3057372660341346,-0.1398829859235602,0.005526582072895939,0.0012020443392575797,0.05968434981076707,0.13829444389179996,0.27203059031954485,bgn_gam_oracle_bgnbase_s006@de109da+dirty
772,499,0.3059118208923306,0.30646226259411063,-0.1258564307812988,0.005527134083105767,0.0012206512803001207,0.05977890812731431,0.13828879102230238,0.2728703949483185,bgn_gam_oracle_bgnbase_s006@de109da+dirty
773,499,0.3090684453811429,0.3096187735771825,-0.026606302724799556,0.005580229632766639,0.0012749969383677893,0.05965110305057014,0.141483564340416,0.2747830143073765,bgn_gam_oracle_bgnbase_s006@de109da+dirty
774,499,0.3123872238203754,0.31292912166131803,0.10922361824889268,0.005650641010668106,0.001335109998443277,0.059736703270974106,0.14471052842506468,0.2768476847819752,bgn_gam_oracle_bgnbase_s006@de109da+dirty
775,499,0.3173698071158439,0.3179762568412078,0.4111267964134277,0.005836575757226945,0.0014464699702910362,0.06023771385868829,0.15243942419725776,0.27836274251263665,bgn_gam_oracle_bgnbase_s006@de109da+dirty
776,499,0.3246798276450877,0.32529638867676247,0.708723726846751,0.006042099186606819,0.0016007769588447336,0.0611354637475271,0.15933032611510625,0.28289722101798337,bgn_gam_oracle_bgnbase_s006@de109da+dirty
777,499,0.3232767313248323,0.32388903408641573,0.6113346593439236,0.0059608504071249485,0.001554516206220188,0.06090544645841681,0.15702466634455384,0.2825793679224465,bgn_gam_oracle_bgnbase_s006@de109da+dirty
778,499,0.32558314843176805,0.3262134097803179,0.7427515731820653,0.006054159571729967,0.001619073360538021,0.06135975866977179,0.16014698708397132,0.2834736832065175,bgn_gam_oracle_bgnbase_s006@de109da+dirty
779,499,0.32368869565845865,0.32429806930688637,0.6320061213296296,0.005949522151066064,0.0015733497601232316,0.06111908452203195,0.15677631138245374,0.28318820576850684,bgn_gam_oracle_bgnbase_s006@de109da+dirty
780,499,0.325171202465687,0.325755109289718,0.6761487308017078,0.005965668671087559,0.0016105067850414952,0.06134713286910869,0.1574567799387771,0.28450601639384065,bgn_gam_oracle_bgnbase_s006@de109da+dirty
781,499,0.32370094447182207,0.3242914765613401,0.6087182945984903,0.005909880186493542,0.0015757254761300462,0.06124313836835145,0.15541843998407837,0.28394966096980123,bgn_gam_oracle_bgnbase_s006@de109da+dirty
782,499,0.3253563822032288,0.32597628710443843,0.7381754942727285,0.006002020844916294,0.0016342677103499818,0.0617544848056048,0.1582994474556162,0.28424999626318403,bgn_gam_oracle_bgnbase_s006@de109da+dirty
783,499,0.32447051497150925,0.32505615359727935,0.6294288159487447,0.005879486979569794,0.0015890394605574992,0.061444879361919814,0.15478928045522267,0.2851690616845222,bgn_gam_oracle_bgnbase_s006@de109da+dirty
784,499,0.32330073052122316,0.3238488249800695,0.5267060968076485,0.005781760655564872,0.0015491505069462922,0.06128238026653061,0.15152337213468403,0.28559417020046224,bgn_gam_oracle_bgnbase_s006@de109da+dirty
785,499,0.323113279203291,0.32366654690962393,0.5292942308164383,0.005768788707531335,0.001546313413189948,0.061437266903475805,0.15101322115420523,0.28565223302844145,bgn_gam_oracle_bgnbase_s006@de109da+dirty
786,499,0.31729063598185475,0.3178194710872123,0.24422360236493884,0.005594189654823453,0.0014178050952142148,0.06099403422890133,0.14387000885113174,0.28279810507665204,bgn_gam_oracle_bgnbase_s006@de109da+dirty
787,499,0.3145655546236157,0.3150894091319906,0.12357088889000205,0.00553000065001802,0.0013604249333688532,0.06082603617836175,0.140983016026118,0.28120326695798237,bgn_gam_oracle_bgnbase_s006@de109da+dirty
788,499,0.3153381886787078,0.3158794167867738,0.1768090131494845,0.005573440739849233,0.0013860193508650437,0.0609710434244371,0.14245033566472753,0.28132912239612656,bgn_gam_oracle_bgnbase_s006@de109da+dirty
789,499,0.31104810251040993,0.31157255798086714,-0.022711810601387245,0.00548499525491648,0.0012935428714218316,0.060831869756641274,0.1376034436176066,0.2789555777895517,bgn_gam_oracle_bgnbase_s006@de109da+dirty
790,499,0.309860297618134,0.3103760114355215,-0.07610529949385127,0.005469485265951969,0.0012683289031975504,0.06071805278275652,0.13650053724287123,0.2781744189755882,bgn_gam_oracle_bgnbase_s006@de109da+dirty
791,499,0.3105030346433779,0.3110117962796646,-0.10260749034488838,0.005466424541027831,0.0012704184647123638,0.0606307702963875,0.1361505271728601,0.27906122710491155,bgn_gam_oracle_bgnbase_s006@de109da+dirty
792,499,0.3092886417911266,0.3098037562085861,-0.13398050906920772,0.0054657250592541175,0.0012517803454734997,0.0605522828344751,0.13585468386523633,0.277854222233308,bgn_gam_oracle_bgnbase_s006@de109da+dirty
793,499,0.3139925696494174,0.31452805565860403,0.09241975155021952,0.0055890874483310714,0.0013463946348672405,0.060770057226607326,0.14164363287839576,0.2802292187835781,bgn_gam_oracle_bgnbase_s006@de109da+dirty
794,499,0.31053744549529,0.310589952764348,-0.021690082511824683,0.005550874673132173,0.0012851712615773757,0.06055063409579883,0.1393834951306358,0.27749909250285526,bgn_gam_oracle_bgnbase_s006@de109da+dirty
795,500,0.3114097258116232,0.3114097258116227,0.1516727825668076,0.005659661740687735,0.0013216367077545233,0.06066231689468418,0.14433287082895246,0.27594209488286353,bgn_gam_oracle_bgnbase_s006@de109da+dirty
796,500,0.3101987686996597,0.3101987686996589,0.05902346825421543,0.005618124370711747,0.0012924307459613973,0.06060253804700651,0.14209553569228203,0.2757392515386744,bgn_gam_oracle_bgnbase_s006@de109da+dirty
797,500,0.3140991197106334,0.3140991197106332,0.22265287629067018,0.005712123084110554,0.001365309499986444,0.060847501141943705,0.14607509512430578,0.27806532251868415,bgn_gam_oracle_bgnbase_s006@de109da+dirty
798,499,0.31179700327954313,0.3123787365519261,0.12096863893061514,0.005651507921292057,0.0013261385291750726,0.06066637696206273,0.14357633127584932,0.2767728461238042,bgn_gam_oracle_bgnbase_s006@de109da+dirty
799,499,0.3092847648691007,0.30983053225734436,-0.037922259170625555,0.0055533850869055506,0.001271533340595123,0.06044050057299291,0.13920828643370958,0.276184935809912,bgn_gam_oracle_bgnbase_s006@de109da+dirty
800,499,0.3090415232602189,0.30958081453004516,-0.05696458240928624,0.005553513904361929,0.00126271221420363,0.06045565325675973,0.13890708543345653,0.2760642764201461,bgn_gam_oracle_bgnbase_s006@de109da+dirty
801,499,0.30900010686141716,0.3095439858995153,-0.04077114315473184,0.0055717389174109065,0.0012612988061918198,0.06037077900055492,0.13969497964413227,0.27561998966437956,bgn_gam_oracle_bgnbase_s006@de109da+dirty
802,499,0.3117791882153289,0.31235270477380195,0.0931159557552415,0.005649877514952822,0.0013090125181918245,0.060400377572303376,0.14343599435657384,0.2768255366239726,bgn_gam_oracle_bgnbase_s006@de109da+dirty
803,499,0.3135745406706258,0.3141565314840482,0.17683703152528912,0.005689638301691913,0.0013441832661026216,0.06049402612349527,0.14546593398596522,0.2777924667920006,bgn_gam_oracle_bgnbase_s006@de109da+dirty
804,498,0.31392092062324695,0.31508297856501044,0.22270354043806995,0.005708328492925893,0.0013501995034118199,0.060438168711219646,0.1466038340716095,0.2775854107125425,bgn_gam_oracle_bgnbase_s006@de109da+dirty
805,498,0.3130711913382355,0.31427585620251025,0.2091500339070186,0.005711157768927723,0.0013408205921648815,0.06044839546482229,0.14652002317768423,0.27666849053326065,bgn_gam_oracle_bgnbase_s006@de109da+dirty
806,498,0.3136449532415151,0.3148779997842107,0.2845731082093882,0.005754985719745521,0.0013615721435831089,0.06050725688803802,0.14851720502220855,0.2762531384550472,bgn_gam_oracle_bgnbase_s006@de109da+dirty
807,498,0.31273835370461983,0.3139689702195661,0.24157215184420636,0.0057192232270587215,0.0013415648639238554,0.06050300765830018,0.14707517399421272,0.27599668670556166,bgn_gam_oracle_bgnbase_s006@de109da+dirty
808,498,0.31235936493059197,0.3135841470322577,0.22170772086954102,0.005700419179355706,0.0013323202493692534,0.060544121663764015,0.14636340524827862,0.275945875968406,bgn_gam_oracle_bgnbase_s006@de109da+dirty
809,498,0.31266526516113785,0.3138887209287204,0.22554954171768266,0.00569804619068029,0.0013350583311533264,0.060522065172011155,0.14627825497472227,0.2763371856262468,bgn_gam_oracle_bgnbase_s006@de109da+dirty
810,498,0.30880388833866484,0.31006484100315,0.1295921896806775,0.00564195742727204,0.001275378632187245,0.06030982775805009,0.14412743879253806,0.27310643134166906,bgn_gam_oracle_bgnbase_s006@de109da+dirty
811,496,0.3104911461911876,0.312825307620864,0.15605021870537283,0.00565303388563644,0.0012973736078116444,0.06035466946260453,0.1445607510167549,0.27478526366708467,bgn_gam_oracle_bgnbase_s006@de109da+dirty
812,496,0.30953448659581423,0.3117584235389376,0.08292900721260887,0.005614671095891069,0.0012723586913790672,0.06015404944298127,0.14306582565483192,0.2744881926820087,bgn_gam_oracle_bgnbase_s006@de109da+dirty
813,495,0.313176209436597,0.31562533620745403,0.2635644379618181,0.005719135820591253,0.0013445612957953077,0.06031062527723561,0.14756613268163188,0.27623101680018175,bgn_gam_oracle_bgnbase_s006@de109da+dirty
814,496,0.3154694655877339,0.31794579129554273,0.38140562721300597,0.005777331628586345,0.0013953215636675713,0.06058149653253665,0.14999773962075738,0.2775277676681631,bgn_gam_oracle_bgnbase_s006@de109da+dirty
815,496,0.3188822849863316,0.32128986358055983,0.46718316825414136,0.005815117063216276,0.0014446083616842253,0.060708821159030375,0.15181135695139555,0.2804268595885208,bgn_gam_oracle_bgnbase_s006@de109da+dirty
816,496,0.3221749832282103,0.3244329185068685,0.5366720534348183,0.00583408845912192,0.001506131577489136,0.060940061683470284,0.1529095031928353,0.2835760985192826,bgn_gam_oracle_bgnbase_s006@de109da+dirty
817,496,0.3218670816329309,0.32412050680883775,0.5270128078740005,0.00582484763860664,0.0015044789932686204,0.060964847117600696,0.15273002697242788,0.28332306136264523,bgn_gam_oracle_bgnbase_s006@de109da+dirty
818,496,0.3213830019502712,0.32356462384800116,0.47801381315594915,0.005786638096359583,0.0014919270307058143,0.06095155424767968,0.15144927931460786,0.2834610197851795,bgn_gam_oracle_bgnbase_s006@de109da+dirty
819,496,0.31741276284867054,0.31945301566754003,0.22917224530324132,0.005609816570373733,0.0013923944623728157,0.060587605054237645,0.14435555329357508,0.28268770092193996,bgn_gam_oracle_bgnbase_s006@de109da+dirty
820,496,0.3165597660775945,0.3185232412377551,0.16651046798556057,0.00556371052378175,0.0013697045925507864,0.06050677574070555,0.1426587089313634,0.28259260122150737,bgn_gam_oracle_bgnbase_s006@de109da+dirty
821,496,0.31395219497338206,0.3158540356641514,0.03616105215455584,0.005492580645029371,0.0013125539745957055,0.06036067081866597,0.13934715282304358,0.2813331685541466,bgn_gam_oracle_bgnbase_s006@de109da+dirty
822,496,0.31429909780173715,0.31621766078546987,0.06237649243621416,0.00550940202171663,0.0013163724409170758,0.06039681391757524,0.14014384059726095,0.2813247710771937,bgn_gam_oracle_bgnbase_s006@de109da+dirty
823,496,0.3138135363246879,0.31531919504435757,0.03660944945670353,0.005498984290264807,0.0013008516253957614,0.06031991006281687,0.1395980484319505,0.2810539458086241,bgn_gam_oracle_bgnbase_s006@de109da+dirty
824,497,0.31724967715037256,0.31879348739008123,0.21872559174146228,0.00560816544682852,0.001380756054517643,0.0606432976958309,0.14420014938206913,0.28258392482624445,bgn_gam_oracle_bgnbase_s006@de109da+dirty
825,497,0.31960167729418093,0.32126683176239795,0.4356236846628173,0.005751989773374438,0.0014616015353370714,0.06105800690196059,0.1500489799261366,0.2821888299567855,bgn_gam_oracle_bgnbase_s006@de109da+dirty
826,497,0.31907489544482726,0.32073138013324864,0.3980739019669026,0.0057197433932598355,0.001440936875377953,0.061014829561368035,0.14855401131214271,0.2823835948248397,bgn_gam_oracle_bgnbase_s006@de109da+dirty
827,496,0.3195135030385453,0.32162041879527575,0.4062285568545434,0.005710328515974065,0.0014488289281718576,0.06115561698474549,0.1482962344995394,0.2830143202334824,bgn_gam_oracle_bgnbase_s006@de109da+dirty
828,496,0.3187853175690226,0.32097758827222533,0.43387805876290014,0.005719025152184158,0.001443541633407015,0.061238732642909084,0.14894918314980168,0.2818478659429399,bgn_gam_oracle_bgnbase_s006@de109da+dirty
829,496,0.317943073214583,0.32003905754454043,0.3451499060529978,0.005642326841892106,0.001414758243554558,0.061175904186327255,0.14610935519880963,0.2823824607310478,bgn_gam_oracle_bgnbase_s006@de109da+dirty
830,495,0.31779833327476753,0.3202760849363088,0.3049813176301557,0.0056035392481464065,0.0014074911868914033,0.06115883023588972,0.14474296525528832,0.2829227008236112,bgn_gam_oracle_bgnbase_s006@de109da+dirty
831,495,0.32054470891190384,0.32308576267667277,0.4536764112197651,0.005683322606911808,0.0014773684567691242,0.061471877817538004,0.14809914083005085,0.2842807677223662,bgn_gam_oracle_bgnbase_s006@de109da+dirty
832,495,0.3220737574325802,0.32457158836610245,0.5202667622389257,0.005718453673918146,0.001521311187345936,0.06170003802598296,0.14956625803064125,0.28523926743254013,bgn_gam_oracle_bgnbase_s006@de109da+dirty
833,495,0.3203993499485814,0.3230399626241628,0.5334388067844744,0.005727940399486095,0.0015132811374492878,0.06187288294421952,0.14954030404762003,0.28336097281174566,bgn_gam_oracle_bgnbase_s006@de109da+dirty
834,495,0.31893897197821525,0.3214705619988713,0.42470603920586847,0.005660079953888705,0.0014771524010580288,0.06183142392485107,0.1466356543204343,0.28323144728038036,bgn_gam_oracle_bgnbase_s006@de109da+dirty
835,494,0.3176352469445323,0.32075929121500546,0.4096325463143274,0.005654257441941406,0.0014535254333883061,0.061752999232636274,0.14652880042152142,0.28181813417263263,bgn_gam_oracle_bgnbase_s006@de109da+dirty
836,494,0.31092848767220393,0.31382332920177786,0.04314166771336236,0.005460909895020491,0.001315920317962213,0.06130545349958098,0.13747131571389637,0.27888736400563957,bgn_gam_oracle_bgnbase_s006@de109da+dirty
837,494,0.3113366528764422,0.3142890032686913,0.09059482608818226,0.005494955757864734,0.0013323727302353068,0.06136236083751394,0.13878980607427432,0.27868961436367085,bgn_gam_oracle_bgnbase_s006@de109da+dirty
838,494,0.31262452503842036,0.3156344406236128,0.14519911166616503,0.005521076920846696,0.0013533023708040795,0.06124017352276401,0.14044936450944184,0.27929924751848484,bgn_gam_oracle_bgnbase_s006@de109da+dirty
839,494,0.3135222776492603,0.316631271761853,0.2139624958857827,0.005558160617330122,0.0013570040390715693,0.061225165183981606,0.14234309366146658,0.27934684939920623,bgn_gam_oracle_bgnbase_s006@de109da+dirty
840,494,0.31756267900504304,0.32068841537779513,0.40108615837838785,0.005654755610528292,0.001440141406248502,0.061605570856979236,0.1463641490456704,0.28182191357486164,bgn_gam_oracle_bgnbase_s006@de109da+dirty
841,493,0.31557513101362095,0.31908014296144455,0.28773537338224237,0.0055722349451946445,0.0013847020813035457,0.06136055503764187,0.14331631915269194,0.281154932339427,bgn_gam_oracle_bgnbase_s006@de109da+dirty
842,492,0.31772282469684493,0.3215511486342595,0.3641975485020288,0.005605228945322051,0.0014282964816379998,0.06145585812552769,0.14510786401714565,0.2826508466884959,bgn_gam_oracle_bgnbase_s006@de109da+dirty
843,492,0.32353233980598867,0.32744683594281915,0.5429233763407457,0.005711215723062743,0.0015155766155775879,0.061905487961127444,0.14947283082161691,0.28693387347350613,bgn_gam_oracle_bgnbase_s006@de109da+dirty
844,491,0.3234113979942096,0.3276814408571668,0.5510290559014496,0.005708705027570137,0.0015125920420060524,0.062012786831507655,0.14923181368484412,0.2869229829360154,bgn_gam_oracle_bgnbase_s006@de109da+dirty
845,490,0.32217540346385015,0.3268630654003625,0.5076633470821014,0.005677875028892414,0.001474265104347853,0.06188613934871291,0.14806560740726682,0.2861355736363652,bgn_gam_oracle_bgnbase_s006@de109da+dirty
846,490,0.3192819867314606,0.3238652482583084,0.3904378673602882,0.005597919377473072,0.0014138668394799443,0.06164309234908568,0.14522444726333775,0.2843428335095622,bgn_gam_oracle_bgnbase_s006@de109da+dirty
847,490,0.32362420475704207,0.3283988494855077,0.6148031839777349,0.0057343059337640065,0.0015084605127675817,0.06207974157246651,0.15053640660580023,0.28648109220477547,bgn_gam_oracle_bgnbase_s006@de109da+dirty
848,490,0.3249765456838629,0.32907501012820795,0.6306858867415307,0.005727905055099702,0.0015333400154354227,0.06217403781023453,0.15056471841094846,0.28799309160889197,bgn_gam_oracle_bgnbase_s006@de109da+dirty
849,491,0.32772545700695405,0.3316813508443508,0.7524412237415029,0.005788104454835523,0.0015964006118375051,0.0626628170525616,0.1526249281604945,0.290016562413978,bgn_gam_oracle_bgnbase_s006@de109da+dirty
850,491,0.3252641761859573,0.3290659648520833,0.5529511952833377,0.005632206236277525,0.001518159432280009,0.06222744583998001,0.14709952130095375,0.29010087063461176,bgn_gam_oracle_bgnbase_s006@de109da+dirty
851,491,0.32390163720989074,0.3268819854452601,0.4351981410224376,0.005509758924834704,0.001491638795496886,0.06209670932638149,0.14366521434052987,0.29029739367713464,bgn_gam_oracle_bgnbase_s006@de109da+dirty
852,493,0.32100528388861793,0.3234837625094536,0.2553448209552534,0.005394101029593478,0.0014207990864596003,0.06193460312821711,0.13849461234362762,0.28959218676649495,bgn_gam_oracle_bgnbase_s006@de109da+dirty
853,493,0.32300083734504437,0.32610597050150025,0.4395665253757109,0.0054939248076123805,0.001475481163090544,0.06234523104115722,0.14285447758125797,0.28969318107367603,bgn_gam_oracle_bgnbase_s006@de109da+dirty
854,493,0.32170318016430033,0.3248532922340759,0.38295621940061936,0.005461389198842663,0.0014474311418288842,0.06223687761501801,0.14138280269657852,0.28897030856038586,bgn_gam_oracle_bgnbase_s006@de109da+dirty
855,493,0.31978427787607827,0.32311376396659586,0.3684921623482189,0.005462546907738589,0.0014227932756322025,0.06210219717160043,0.1416401782018925,0.28670550098604836,bgn_gam_oracle_bgnbase_s006@de109da+dirty
856,493,0.320390222389465,0.3236924377040828,0.38599097539824057,0.005455937548763002,0.0014299643340425809,0.06212250289197381,0.14150644534857576,0.2874470743068738,bgn_gam_oracle_bgnbase_s006@de109da+dirty
857,493,0.31915608253277966,0.32233288039478464,0.3131025306044497,0.005395341673226263,0.0014045623114360085,0.06195527609485396,0.1392101036063603,0.28719532042074936,bgn_gam_oracle_bgnbase_s006@de109da+dirty
858,492,0.31906253188473055,0.3225321016811208,0.29104660762894613,0.005381959919266075,0.0014079121362077587,0.061916505991507734,0.13862580940891817,0.2873739449191889,bgn_gam_oracle_bgnbase_s006@de109da+dirty
859,492,0.3171537341676477,0.32060962724243786,0.25188794088174166,0.005348788996019763,0.0014090798862130217,0.06223414877746646,0.13747206117752558,0.285810992601904,bgn_gam_oracle_bgnbase_s006@de109da+dirty
860,492,0.3208232733852926,0.3244249542699426,0.4514136475853164,0.005450429091854205,0.0014878924218258416,0.06261634739374096,0.14217821160462937,0.2875985550912303,bgn_gam_oracle_bgnbase_s006@de109da+dirty
861,492,0.32454617490716653,0.3281916210368426,0.6095189597599667,0.005535653656453858,0.0015667043184326927,0.06304763838992916,0.14594238529402445,0.2898810787574167,bgn_gam_oracle_bgnbase_s006@de109da+dirty
862,491,0.3235349785847767,0.32743924347377174,0.5437901169772644,0.005468635981332649,0.0015416646272976087,0.06292592847151936,0.1437949146101801,0.2898239205105454,bgn_gam_oracle_bgnbase_s006@de109da+dirty
863,491,0.31725643772967593,0.3210125750002155,0.23929428005425865,0.005298911585020677,0.001411616646070091,0.06237132276291068,0.1363078528569614,0.28648179092299864,bgn_gam_oracle_bgnbase_s006@de109da+dirty
864,491,0.31664719634877053,0.32008639543859735,0.22337728642608348,0.005290402848092517,0.0014027898423529701,0.06241341388769941,0.13562929865214768,0.2861295865559229,bgn_gam_oracle_bgnbase_s006@de109da+dirty
865,492,0.31910212070287935,0.32237263961464685,0.2991307506390658,0.0053216901347905255,0.001450443481778663,0.06251953653388194,0.13746933488451782,0.28797282059854756,bgn_gam_oracle_bgnbase_s006@de109da+dirty
866,491,0.3219896882720662,0.3263515208371593,0.4518334015582426,0.005399414275346082,0.0015144904894089516,0.06278821698119066,0.14099969006560045,0.2894761592168636,bgn_gam_oracle_bgnbase_s006@de109da+dirty
867,491,0.3209630963244456,0.3241034436762108,0.32813542401933227,0.00531900979696089,0.0014916712414760622,0.06267819652822872,0.1376701590256446,0.28993833226399895,bgn_gam_oracle_bgnbase_s006@de109da+dirty
868,492,0.32341422926095054,0.32672618363246253,0.4893464517506999,0.00539136470484835,0.0015401019227047777,0.0629531729392465,0.14099769431429743,0.29106084224180107,bgn_gam_oracle_bgnbase_s006@de109da+dirty
869,492,0.3254334167499278,0.3286742788803257,0.562920688566722,0.005414795332081912,0.0015779653324761158,0.06313750816982897,0.14236851957280028,0.2926399039300372,bgn_gam_oracle_bgnbase_s006@de109da+dirty
870,492,0.32543079025274296,0.3282676677031514,0.5632994861065759,0.005410482521901517,0.0015884976347398038,0.06328015846501812,0.1421390724694772,0.2927484984112497,bgn_gam_oracle_bgnbase_s006@de109da+dirty
871,493,0.32774087157189213,0.33041097243457934,0.6360496178546627,0.005437718110888988,0.001626800294791392,0.0634380139732254,0.1435345918423913,0.2946385919110761,bgn_gam_oracle_bgnbase_s006@de109da+dirty
872,493,0.3286064522886598,0.33106732463436533,0.6021665724096625,0.0053776709993715276,0.0016466361877213182,0.06337831792295563,0.14173206863770782,0.2964695957521029,bgn_gam_oracle_bgnbase_s006@de109da+dirty
873,492,0.3295879358394694,0.3322426698084291,0.6450282616974058,0.0053864824872456715,0.0016747136523005488,0.06349010975289178,0.14230758741476968,0.2972822867496647,bgn_gam_oracle_bgnbase_s006@de109da+dirty
874,492,0.32782643449704574,0.33050336415320397,0.5692589247225339,0.005346817763214264,0.001638542232747737,0.06339151752824093,0.14080257567020113,0.29604865451422524,bgn_gam_oracle_bgnbase_s006@de109da+dirty
875,492,0.3322029727426842,0.3349538922633442,0.8346712168303103,0.0054954127301345985,0.001762730213750665,0.0642256198202959,0.14660415131170915,0.29810407229229535,bgn_gam_oracle_bgnbase_s006@de109da+dirty
876,492,0.3332408560759759,0.33612149073803876,0.9124181504746737,0.005548883873823338,0.001794705061483542,0.06460615198294566,0.14824528568763443,0.2984506716856924,bgn_gam_oracle_bgnbase_s006@de109da+dirty
877,492,0.33179226341125384,0.335904435714586,0.9451338195251686,0.0055827060048403866,0.0017755481826139102,0.06484326247545212,0.14921438781560725,0.2963463725581543,bgn_gam_oracle_bgnbase_s006@de109da+dirty
878,493,0.33339680579285785,0.336096546329179,0.9647932892230311,0.00557279414591167,0.0018172982604279374,0.06501109655253084,0.14919116497447354,0.29815336054862773,bgn_gam_oracle_bgnbase_s006@de109da+dirty
879,493,0.3334941705019176,0.33652256157080834,0.934876755475936,0.005547317712019946,0.0018228866631432514,0.0651804458011232,0.1480065814933747,0.2988518254811356,bgn_gam_oracle_bgnbase_s006@de109da+dirty
880,493,0.33415877233025,0.336552539983246,0.9076073768611562,0.005519406972307598,0.0018403426706855408,0.06529194390398295,0.14690165262844238,0.3001366181929361,bgn_gam_oracle_bgnbase_s006@de109da+dirty
881,493,0.33624015537096913,0.33862693532043187,1.0418219896174117,0.005589870796361502,0.0019042834339189018,0.06582040119838939,0.14960629358533825,0.3011235610236287,bgn_gam_oracle_bgnbase_s006@de109da+dirty
882,492,0.3324833845519316,0.3350917547072885,0.82883944837504,0.005437190775418883,0.0017863377022005334,0.0650710046647791,0.14460251435759622,0.2993915727681205,bgn_gam_oracle_bgnbase_s006@de109da+dirty
883,492,0.3349924181296633,0.337576345655655,0.9435417412490613,0.0054859329428409796,0.001868709072955081,0.065580338018587,0.14663039498656458,0.30119669232985147,bgn_gam_oracle_bgnbase_s006@de109da+dirty
884,491,0.33734731798914086,0.34019322823874304,1.1126921694375265,0.005583311560934483,0.0019471897245764893,0.06618527992083058,0.15008539415907057,0.30212180890260626,bgn_gam_oracle_bgnbase_s006@de109da+dirty
885,489,0.33656177802393034,0.3400395769968603,1.0914041575601556,0.005582377667244943,0.0019222308421773366,0.0662920461632697,0.14976303121818932,0.3014048189843172,bgn_gam_oracle_bgnbase_s006@de109da+dirty
886,489,0.33553978194882517,0.33879775026048436,1.0537956516586082,0.005567478751152234,0.0019143063673318559,0.06631576912130357,0.14895621341826534,0.30066425087522014,bgn_gam_oracle_bgnbase_s006@de109da+dirty
887,489,0.3345619756899901,0.3380418898826079,0.9976277567821532,0.005502379271365758,0.0018913977442514824,0.06633490753278849,0.1466901806389651,0.30068872024353904,bgn_gam_oracle_bgnbase_s006@de109da+dirty
888,489,0.33457796631682163,0.338174742865474,1.0456898787851758,0.00553426101900678,0.0019119739346723098,0.06668891290042703,0.14776044782851439,0.3001820540975378,bgn_gam_oracle_bgnbase_s006@de109da+dirty
889,488,0.3359696855500585,0.3398305330017085,1.1519640081898346,0.005606471878262594,0.001967868812373931,0.06726203262815278,0.14999863072140834,0.30062608068879815,bgn_gam_oracle_bgnbase_s006@de109da+dirty
890,487,0.33134369720674905,0.33551565960250246,0.9055670668382301,0.005445322839091743,0.0018138017204149019,0.06638186309386068,0.144181129060015,0.2983294281521974,bgn_gam_oracle_bgnbase_s006@de109da+dirty
891,487,0.3274762533832042,0.3313754006826548,0.6427765974780884,0.005281376655138996,0.0016910290366915664,0.06565696355962798,0.13783814364523034,0.2970544439767522,bgn_gam_oracle_bgnbase_s006@de109da+dirty
892,487,0.32941563308920074,0.33301865070181674,0.6974430158383672,0.005288725777626035,0.0017466445736813887,0.06579072992196085,0.13892935054235417,0.29868594690985817,bgn_gam_oracle_bgnbase_s006@de109da+dirty
893,487,0.32955837244386227,0.33305490872044724,0.6844507086657765,0.005276152678103767,0.0017519498185312257,0.06591290234106172,0.13810583074277782,0.29922483246330783,bgn_gam_oracle_bgnbase_s006@de109da+dirty
894,487,0.3299969290800923,0.33350768842514816,0.6900174213003792,0.005251581537941501,0.001748954351023492,0.06590596061960106,0.1376162470908597,0.2999328953931511,bgn_gam_oracle_bgnbase_s006@de109da+dirty
895,487,0.3355900157159636,0.3389686035881252,0.9922946089261576,0.005410580315780767,0.0019234805340008528,0.0669624903283509,0.14401425915012228,0.3031180492971049,bgn_gam_oracle_bgnbase_s006@de109da+dirty
896,488,0.3336512749220892,0.33662291115683246,0.8880532776937967,0.005328043834222929,0.001869125530219988,0.06665131673115715,0.14113999531044083,0.3023287531494553,bgn_gam_oracle_bgnbase_s006@de109da+dirty
897,490,0.333752113253004,0.33669956138096063,0.9227138839006536,0.005340879310469584,0.0018746472306240638,0.066859423793655,0.1417610071396197,0.3021494497026376,bgn_gam_oracle_bgnbase_s006@de109da+dirty
898,489,0.3354905119574522,0.33859573486436956,1.02965512367813,0.005404718378655964,0.0019336828928705877,0.06725571559539666,0.14430381375851267,0.30287009252849956,bgn_gam_oracle_bgnbase_s006@de109da+dirty
