month,n,sr_max,sr_max_code,rf,mean_mu,sd_mu,mean_idio_sd,sr_ew,sr_orth,prov
414,493,0.3258126006095812,0.3269817510701529,-0.018950137284250795,0.006103637110445369,0.0015712131705458762,0.06263993809917366,0.15768656661289376,0.28511190333940095,bgn_gam_oracle_bgnzr_s001@cc56eea+dirty
415,493,0.3270907406919311,0.3282481678348188,0.042067815298693516,0.0061198365690236034,0.0016085029386105779,0.06279618198650627,0.15927006768241841,0.2856945890051717,bgn_gam_oracle_bgnzr_s001@cc56eea+dirty
416,493,0.3293831818935925,0.33049852061347434,0.12151342876375938,0.006146973672341116,0.001657809130419332,0.06297433100752788,0.1613036647383605,0.28718357936400546,bgn_gam_oracle_bgnzr_s001@cc56eea+dirty
417,493,0.33089194442369607,0.3320632433734109,0.19616156510708632,0.006168870395751771,0.0016922604481176007,0.06311212902110461,0.16334126210269811,0.28776572238401166,bgn_gam_oracle_bgnzr_s001@cc56eea+dirty
418,493,0.3327802061237616,0.33392041131809147,0.2277984205768485,0.0061506877328883405,0.0017166306361729806,0.0631166594980455,0.16363003741158083,0.28977211122614593,bgn_gam_oracle_bgnzr_s001@cc56eea+dirty
419,492,0.33294437441353136,0.33429817773639753,0.25200911060628167,0.006167847955350482,0.0017185559174936918,0.0632757152960594,0.1644268637227094,0.289509521328628,bgn_gam_oracle_bgnzr_s001@cc56eea+dirty
420,492,0.33155517043857446,0.3330248154185291,0.24275234909540372,0.006158715879159247,0.0016937870335270895,0.06334262397484865,0.1638531561313914,0.28823770445646774,bgn_gam_oracle_bgnzr_s001@cc56eea+dirty
421,491,0.3320943501158912,0.3337217620946152,0.2867347566145042,0.006174072431742328,0.0017167272397673723,0.06353540482169151,0.1648814666641162,0.28827202314755773,bgn_gam_oracle_bgnzr_s001@cc56eea+dirty
422,491,0.32875031822582296,0.3303014644307578,0.13246216407036682,0.006080991487222602,0.0016232423554629581,0.063044080251726,0.16017657191788134,0.28708925013350056,bgn_gam_oracle_bgnzr_s001@cc56eea+dirty
423,491,0.3307953152157193,0.3323457450108802,0.2121725316098256,0.006109159785724612,0.0016803299519233216,0.06336242045869529,0.1620853181716146,0.2883641624784078,bgn_gam_oracle_bgnzr_s001@cc56eea+dirty
424,491,0.3328616620407163,0.3343741174708462,0.285160153318646,0.006149107242099806,0.0017383514914282425,0.06368158586752755,0.16417388799895255,0.28955797442967346,bgn_gam_oracle_bgnzr_s001@cc56eea+dirty
425,491,0.3351064136670228,0.3365105770942681,0.33825522928623625,0.006144056710903526,0.0018339794120548838,0.06399776314109774,0.1652914572540443,0.29150479008004015,bgn_gam_oracle_bgnzr_s001@cc56eea+dirty
426,491,0.3328906525600477,0.3342464279488245,0.27141991040200575,0.00610439541052008,0.0017704223943084902,0.06402785978397507,0.16256711520455916,0.29049633322285145,bgn_gam_oracle_bgnzr_s001@cc56eea+dirty
427,492,0.3351277227540487,0.3363706975937602,0.28091616589673596,0.006097452801560242,0.0017874676879860553,0.06406359013237126,0.16268648997017254,0.29299094958633015,bgn_gam_oracle_bgnzr_s001@cc56eea+dirty
428,491,0.3358289918834701,0.337223866164156,0.32656801320237816,0.00612071072457134,0.0018154280473463597,0.06428489143442387,0.16384869927921233,0.2931462357492896,bgn_gam_oracle_bgnzr_s001@cc56eea+dirty
429,489,0.3349162741470504,0.336681709371653,0.3335865395973467,0.006140086741831635,0.001794210478059715,0.06434352423282336,0.16436125870258592,0.29181207536057147,bgn_gam_oracle_bgnzr_s001@cc56eea+dirty
430,489,0.33392478438250295,0.3357823285548458,0.28991800088374403,0.006119570014371662,0.0017635044012237232,0.06422833762457682,0.16315815420425597,0.291350610676486,bgn_gam_oracle_bgnzr_s001@cc56eea+dirty
431,488,0.33412196476686584,0.33609288193182846,0.273323206220464,0.0060983216741543065,0.0017730825654470109,0.06425800589300798,0.1622891688002563,0.29206114604615363,bgn_gam_oracle_bgnzr_s001@cc56eea+dirty
432,488,0.332126806831067,0.33422970774266425,0.24033255219905447,0.0060860659417711245,0.0017366566868181911,0.06424015350957663,0.16130532427589345,0.2903253488348025,bgn_gam_oracle_bgnzr_s001@cc56eea+dirty
433,487,0.33308086301244905,0.33532302869172464,0.28887115630537663,0.006099929628491,0.0017726411824609293,0.06438358083690553,0.1625943593343752,0.2906990464686149,bgn_gam_oracle_bgnzr_s001@cc56eea+dirty
434,487,0.3310496318505701,0.3335799366634683,0.22455884982019192,0.006043385701892219,0.001719142423375065,0.06415375622215484,0.1601479260941249,0.28973522484528647,bgn_gam_oracle_bgnzr_s001@cc56eea+dirty
435,488,0.33121333881577153,0.3332079472144009,0.21507551184915108,0.006008592643470464,0.0017307327039624183,0.0642137732288082,0.15911603454133533,0.29048986791509895,bgn_gam_oracle_bgnzr_s001@cc56eea+dirty
436,487,0.3328319735967018,0.3348384625670629,0.22705581334436967,0.005989329889527943,0.001754840685938307,0.06430848195223093,0.1587566898494978,0.2925293764330447,bgn_gam_oracle_bgnzr_s001@cc56eea+dirty
437,486,0.3336877143937306,0.3358744278055521,0.264919584809204,0.005982726815165433,0.0017611503189774818,0.06435562108274727,0.159662363856048,0.2930109559474028,bgn_gam_oracle_bgnzr_s001@cc56eea+dirty
438,486,0.3321846981118856,0.33438980984900996,0.22277059403307037,0.005942557870983805,0.001721306500852987,0.0643356852676058,0.15764082171525504,0.29239706733930104,bgn_gam_oracle_bgnzr_s001@cc56eea+dirty
439,485,0.33265352638244783,0.3347903619957357,0.20338705878955826,0.005907943352762906,0.0017091238681416956,0.06428663268921184,0.15688452510547685,0.2933353275640473,bgn_gam_oracle_bgnzr_s001@cc56eea+dirty
440,486,0.33177925046406875,0.33380155615253837,0.14885497910738543,0.005832347329293893,0.0016605036133141536,0.0641299095796933,0.1539013354535387,0.29392490534848625,bgn_gam_oracle_bgnzr_s001@cc56eea+dirty
441,486,0.33089297154841923,0.33287374227460914,0.13309306778777594,0.005800105317139126,0.0016423439496496691,0.06403178807250232,0.1529493837198174,0.29342229744835524,bgn_gam_oracle_bgnzr_s001@cc56eea+dirty
442,486,0.3325919360431604,0.3342537978374768,0.16016434808018026,0.005789616231444339,0.0016835666916998207,0.06414388090599883,0.15341827581298356,0.29509359289471027,bgn_gam_oracle_bgnzr_s001@cc56eea+dirty
443,488,0.33181665464827165,0.3334326121470015,0.1482575739539758,0.005781749760567105,0.0016701502017588093,0.06419854079146835,0.15272840098990353,0.2945782202285797,bgn_gam_oracle_bgnzr_s001@cc56eea+dirty
444,488,0.33669781005885036,0.3383283197081198,0.3373897685553916,0.005845149759043853,0.0017844237956898786,0.06470031735108678,0.15811888427534126,0.2972605485663157,bgn_gam_oracle_bgnzr_s001@cc56eea+dirty
445,488,0.3349356231036698,0.3365917543799428,0.2581350828588377,0.005787164078367375,0.0017370282246475081,0.06457437510690156,0.15489719698151505,0.2969658734452719,bgn_gam_oracle_bgnzr_s001@cc56eea+dirty
446,490,0.33138770382332305,0.3327510293023653,0.14166170795943123,0.005767072207296363,0.0016734068608357416,0.06439521152757617,0.1521176948409989,0.29441130610347693,bgn_gam_oracle_bgnzr_s001@cc56eea+dirty
447,490,0.3299011301149956,0.3312701351002565,0.08679882192484295,0.005731982780668488,0.0016312538592593725,0.06423887840409807,0.1502069129958921,0.2937220436729184,bgn_gam_oracle_bgnzr_s001@cc56eea+dirty
448,489,0.3275434485858802,0.32906814232003173,0.0032676610875216256,0.005712690257988137,0.0015625301557423065,0.06396375856947498,0.14779171924302528,0.29230518030770847,bgn_gam_oracle_bgnzr_s001@cc56eea+dirty
449,489,0.3278712483549659,0.3293783831882179,0.010243367057539048,0.005711813751420171,0.0015739683907929414,0.06390994570207585,0.1484190988443583,0.29235479574666173,bgn_gam_oracle_bgnzr_s001@cc56eea+dirty
450,488,0.3305228836446913,0.3319736229291942,0.09235187936490541,0.005721855015552796,0.0016243635953337467,0.06404982725727663,0.15016175991544492,0.29444324151166795,bgn_gam_oracle_bgnzr_s001@cc56eea+dirty
451,489,0.33470897694620305,0.336133361421268,0.23205480189792763,0.005767569232086603,0.0017243426312074405,0.06441194439314488,0.15424656638191253,0.2970489791394075,bgn_gam_oracle_bgnzr_s001@cc56eea+dirty
452,489,0.3335198154100768,0.33500881083580186,0.21461885244167,0.005767676195553717,0.001702694367472947,0.06445817124344104,0.15361072461767866,0.29603920779789183,bgn_gam_oracle_bgnzr_s001@cc56eea+dirty
453,489,0.3271691763836997,0.32866236314153613,-0.01159332791362645,0.00570712493341146,0.0015538616640078167,0.06410529350559642,0.14716805742228,0.29220067222739393,bgn_gam_oracle_bgnzr_s001@cc56eea+dirty
454,489,0.32879936409123556,0.3302884903251619,0.03292673718659464,0.005717758162050213,0.001588414050868738,0.06420363529593388,0.14838120969239407,0.29341444824177054,bgn_gam_oracle_bgnzr_s001@cc56eea+dirty
455,489,0.324597007302121,0.3260880521976928,-0.09797867446498577,0.0057113880698755806,0.001509501508933738,0.06400353833965478,0.14522659310972083,0.29029718187270914,bgn_gam_oracle_bgnzr_s001@cc56eea+dirty
456,489,0.32457163203947864,0.3258171881109766,-0.11623247184562445,0.005718395095431456,0.0015082116999919548,0.06401736172415623,0.14476088758081304,0.2905013420822457,bgn_gam_oracle_bgnzr_s001@cc56eea+dirty
457,491,0.32252238335647276,0.3238200647934113,-0.18712310608548735,0.005731711106583243,0.001469283436979071,0.06379986273507955,0.14346139431938432,0.2888589900035616,bgn_gam_oracle_bgnzr_s001@cc56eea+dirty
458,491,0.32281830594031286,0.32389057623418127,-0.16035107458943426,0.0057425880541901566,0.0014723052034835522,0.06369470501298588,0.1444321759471357,0.2887057415455208,bgn_gam_oracle_bgnzr_s001@cc56eea+dirty
459,493,0.3209779175616901,0.3219639208637138,-0.19126360167385179,0.005753883879206303,0.0014437414137312445,0.06392877656939773,0.14354147563423614,0.2870934836163738,bgn_gam_oracle_bgnzr_s001@cc56eea+dirty
460,493,0.3235341190777908,0.3246455101832796,-0.10939843240773772,0.0057646989783609,0.0014741397682166793,0.06369019243029385,0.1466270465962829,0.28840047748555064,bgn_gam_oracle_bgnzr_s001@cc56eea+dirty
461,492,0.32513380142069676,0.32626772011691324,-0.06037069597171651,0.005779896738466766,0.0015025458516086134,0.06375236095768116,0.14791722289609388,0.28953839813914206,bgn_gam_oracle_bgnzr_s001@cc56eea+dirty
462,492,0.3252553471717222,0.32654443931461263,-0.0576221881597031,0.005801239827381249,0.0015085400165517826,0.06368445149170818,0.1484728793298422,0.2893904714521604,bgn_gam_oracle_bgnzr_s001@cc56eea+dirty
463,492,0.3247206503088668,0.32602726010020655,-0.07160312222113083,0.005797069840350027,0.0014973386769798946,0.06359439823268256,0.14813058837133591,0.2889651008785926,bgn_gam_oracle_bgnzr_s001@cc56eea+dirty
464,492,0.3255435378015978,0.3269123636886095,-0.008930928923385517,0.005820259794352682,0.001521579364104071,0.06357863121643625,0.15033311661969284,0.2887534398960299,bgn_gam_oracle_bgnzr_s001@cc56eea+dirty
465,491,0.324203001277699,0.32570058064276614,-0.03854261556437494,0.00580171071689672,0.0015025352465809646,0.06352224482995192,0.14928929521431838,0.28778514967225083,bgn_gam_oracle_bgnzr_s001@cc56eea+dirty
466,491,0.3252740493464034,0.32682550885397804,0.03713880643953643,0.005820081219061659,0.0015394514500643925,0.06362760666081574,0.15153330751494395,0.2878208885605559,bgn_gam_oracle_bgnzr_s001@cc56eea+dirty
467,491,0.3247606010238544,0.326200414555496,0.02271605473569296,0.005800866526224025,0.0015449601972688854,0.06389762322303384,0.1508421315571482,0.28760406694737667,bgn_gam_oracle_bgnzr_s001@cc56eea+dirty
468,491,0.32335520473785434,0.3250461697945982,0.004945850135648109,0.005803056537506315,0.0015129257554381205,0.06392407545309367,0.1502344213578509,0.28633582917674033,bgn_gam_oracle_bgnzr_s001@cc56eea+dirty
469,490,0.32636670483915614,0.32811011245850685,0.04891710120124201,0.0057891719973095996,0.001552643218750438,0.06388576984391596,0.15110966452009927,0.2892768489115434,bgn_gam_oracle_bgnzr_s001@cc56eea+dirty
470,488,0.32883432280532326,0.3309039575802769,0.16175656434644134,0.005830119113149115,0.001616790098096174,0.06400960032108481,0.15470465350252263,0.29016974694047615,bgn_gam_oracle_bgnzr_s001@cc56eea+dirty
471,487,0.3303414040649203,0.3324229338569597,0.1775481857591931,0.005818051739366857,0.0016357776210813707,0.0640405571489524,0.15470173517573305,0.29187808477718963,bgn_gam_oracle_bgnzr_s001@cc56eea+dirty
472,487,0.3299607042243569,0.33195786576043834,0.1740691984930078,0.005816251204434669,0.0016350815301295525,0.06410994815980833,0.1547928683423629,0.291398754703203,bgn_gam_oracle_bgnzr_s001@cc56eea+dirty
473,488,0.33104955521401724,0.33302822776318397,0.22539885279294652,0.005832766431150067,0.001673840770410477,0.06442651770398454,0.15553489316881827,0.2922374120716972,bgn_gam_oracle_bgnzr_s001@cc56eea+dirty
474,487,0.32682607644752715,0.3288847314790775,0.0502383068801457,0.005768849251998473,0.001573439705056396,0.06395226255175214,0.15048362893054631,0.29012059849307237,bgn_gam_oracle_bgnzr_s001@cc56eea+dirty
475,487,0.3302769863891082,0.3323876867324124,0.18575377369917048,0.005810317614901018,0.0016462413458669199,0.06403927779196093,0.154538500671659,0.2918916572093605,bgn_gam_oracle_bgnzr_s001@cc56eea+dirty
476,486,0.32695964347515943,0.3292479363685297,0.07861448045125145,0.0057634150216333314,0.0015644987375618142,0.0637712200828718,0.15113786542897092,0.28993094711495987,bgn_gam_oracle_bgnzr_s001@cc56eea+dirty
477,486,0.32964009642776937,0.3318259435265669,0.18556370774679165,0.005790668805225982,0.0016242387140454416,0.06410076523403349,0.15393894373521394,0.29148824122869127,bgn_gam_oracle_bgnzr_s001@cc56eea+dirty
478,487,0.3291501940493786,0.33128295202090824,0.1583973754032385,0.005761576023413551,0.0015983105020807374,0.06393736745462701,0.15306580232100034,0.2913944241102977,bgn_gam_oracle_bgnzr_s001@cc56eea+dirty
479,487,0.32851161321932076,0.3307170103375189,0.18001126790065664,0.00574178498328592,0.0016056786077094528,0.06387944166555432,0.1528490214692425,0.29078696094538975,bgn_gam_oracle_bgnzr_s001@cc56eea+dirty
480,488,0.32886171588705,0.3308059666896668,0.1743151705630989,0.005743024261522682,0.0016065628921496029,0.06363942419107535,0.1531381330882084,0.29103048013985233,bgn_gam_oracle_bgnzr_s001@cc56eea+dirty
481,488,0.32940171864974344,0.33129535158998885,0.17751468976983714,0.0057132540017170415,0.0016135983887145065,0.06348806113143268,0.15256481145861983,0.2919408682490352,bgn_gam_oracle_bgnzr_s001@cc56eea+dirty
482,488,0.3274239691010989,0.3293766980613268,0.12588670672319363,0.00569609888871301,0.001568832297961949,0.06344643775325705,0.15110100975023158,0.29047364836483497,bgn_gam_oracle_bgnzr_s001@cc56eea+dirty
483,488,0.3230938281350123,0.32522707963839315,-0.03911023177208017,0.005659044341123717,0.0014789116368166227,0.06327784176445964,0.14636437773614555,0.2880400852465639,bgn_gam_oracle_bgnzr_s001@cc56eea+dirty
484,489,0.32380593612371117,0.32560780735158645,-0.02028239112300189,0.005652027241984429,0.0014934657879361935,0.06313464133642596,0.14713897983206953,0.2884448038757689,bgn_gam_oracle_bgnzr_s001@cc56eea+dirty
485,488,0.32077814917286795,0.32279458286183643,-0.09919747736789501,0.00565853037530963,0.0014474021811802143,0.06308368713375112,0.14508274916118194,0.2860937204529388,bgn_gam_oracle_bgnzr_s001@cc56eea+dirty
486,487,0.31955891438649303,0.3214045607223358,-0.16008128372947422,0.005652716722904838,0.0014181635006687962,0.06302920189264205,0.14340245745751934,0.2855759705560297,bgn_gam_oracle_bgnzr_s001@cc56eea+dirty
487,489,0.31902476911810673,0.320495007833958,-0.23655752084308007,0.005672895605725164,0.0014045093126142706,0.06320239811822453,0.141523414863815,0.2859159428156216,bgn_gam_oracle_bgnzr_s001@cc56eea+dirty
488,491,0.3225164876371817,0.3239901604826422,-0.10292752557251023,0.005682168187150682,0.0014694936137566545,0.06301753451028755,0.14557761324731053,0.2877916665211848,bgn_gam_oracle_bgnzr_s001@cc56eea+dirty
489,491,0.3210243234891038,0.32251624489627656,-0.16755474053612546,0.0057004810186557665,0.0014397623569331467,0.0629351131279793,0.14467703716790936,0.28657489629755106,bgn_gam_oracle_bgnzr_s001@cc56eea+dirty
490,491,0.3225958316267061,0.3241047621923561,-0.11579068488762433,0.005715286915782182,0.001456170808418755,0.06282671624372273,0.1462190016134278,0.2875553410216866,bgn_gam_oracle_bgnzr_s001@cc56eea+dirty
491,491,0.3186355785162605,0.31990384548747414,-0.2023716813167482,0.0057280275510421625,0.0013907145613101398,0.06276661482266685,0.14427742782555183,0.2840997284694843,bgn_gam_oracle_bgnzr_s001@cc56eea+dirty
492,493,0.3222663403535368,0.3235510319147208,-0.08516141615599501,0.005748043313880662,0.001452513231521187,0.06277037508309233,0.14777940326417155,0.28638582733045115,bgn_gam_oracle_bgnzr_s001@cc56eea+dirty
493,493,0.3214995794435129,0.32279044557048825,-0.11855441395156799,0.005770008858280568,0.0014372251130607033,0.06268364824885812,0.1475951477873324,0.2856180175198882,bgn_gam_oracle_bgnzr_s001@cc56eea+dirty
494,493,0.312636178135643,0.31405824242709296,-0.3317068495115431,0.005828237407269302,0.0013260455812227898,0.06284331770396977,0.14290923763547744,0.27806173716947846,bgn_gam_oracle_bgnzr_s001@cc56eea+dirty
495,491,0.32252657662956,0.32413498578044536,-0.0673049552728542,0.005821833664217118,0.001489582313259427,0.06262865076772452,0.15023483066974874,0.28539952397650453,bgn_gam_oracle_bgnzr_s001@cc56eea+dirty
496,491,0.320603244612975,0.32221586605738534,-0.136389367249793,0.005815157065480219,0.0014529232304032115,0.06263033261234237,0.14832067348429237,0.2842312760298082,bgn_gam_oracle_bgnzr_s001@cc56eea+dirty
497,490,0.324148197258,0.32584197136112797,-0.03751650518391328,0.005816349238308049,0.0015151447492132905,0.06249871538755116,0.15106632831609623,0.28679438319936584,bgn_gam_oracle_bgnzr_s001@cc56eea+dirty
498,490,0.32722960049306593,0.32895778171934603,0.06747594748212793,0.005839829172298512,0.0015709030557956186,0.0626417445135573,0.15403976813329343,0.2887056654662196,bgn_gam_oracle_bgnzr_s001@cc56eea+dirty
499,490,0.3302992416606591,0.3319644057725059,0.13742323572018122,0.00583794395623091,0.0016177776085633982,0.06276121262641421,0.15528056711912538,0.2915227855876265,bgn_gam_oracle_bgnzr_s001@cc56eea+dirty
500,490,0.3294258028148011,0.331171788950368,0.11067813273293264,0.005823011186652355,0.0015928277926420512,0.06276835073782364,0.15448601297499368,0.29095606430398785,bgn_gam_oracle_bgnzr_s001@cc56eea+dirty
501,490,0.32964844444884556,0.3314187577030062,0.15406508096333932,0.005846560277088021,0.0016170690233672587,0.06291191612567532,0.1557220950674157,0.29054900797517513,bgn_gam_oracle_bgnzr_s001@cc56eea+dirty
502,490,0.33179891604389944,0.3336324593881705,0.24135971215104451,0.005867943075104964,0.0016729490873903078,0.06327929007236185,0.15770977648327436,0.29192147418355896,bgn_gam_oracle_bgnzr_s001@cc56eea+dirty
503,489,0.3315239331051331,0.3334604520038533,0.22001003616843168,0.005851394717330593,0.0016709970578156887,0.06326056952271959,0.1572022539524517,0.2918828010927771,bgn_gam_oracle_bgnzr_s001@cc56eea+dirty
504,488,0.3335041334354718,0.3354204422155996,0.23341016032467207,0.005833580993007636,0.0017112015544039933,0.06330133298648276,0.15724135517232485,0.29410910091684644,bgn_gam_oracle_bgnzr_s001@cc56eea+dirty
505,488,0.3351520633130642,0.3370429440801155,0.2996176666211142,0.005850761036166005,0.0017496658260452117,0.06350333614704812,0.1582859663013069,0.2954191233063048,bgn_gam_oracle_bgnzr_s001@cc56eea+dirty
506,487,0.33490629667507915,0.3369012919674308,0.2856738175225849,0.00583700392039649,0.0017440771731501376,0.06344814819123383,0.15777408931869938,0.295414224932164,bgn_gam_oracle_bgnzr_s001@cc56eea+dirty
507,487,0.3338708516750965,0.33586239480838803,0.24731648202485104,0.005805709614264794,0.0017172004228092395,0.06346768079624159,0.1565136352463867,0.29491223708116165,bgn_gam_oracle_bgnzr_s001@cc56eea+dirty
508,487,0.3370728863432889,0.338927228267467,0.3474928683152447,0.005844255205573885,0.0018374813901667723,0.06404921311067852,0.15872808099282892,0.297360937266699,bgn_gam_oracle_bgnzr_s001@cc56eea+dirty
509,487,0.33711203321400995,0.33884122348945095,0.36814156414716825,0.005845037164563779,0.0018632979353606115,0.06420484399920072,0.15930504796723474,0.29709665873220586,bgn_gam_oracle_bgnzr_s001@cc56eea+dirty
510,487,0.33525848493723154,0.3369376996434414,0.3265137901451627,0.005825881307772468,0.0018322859825259865,0.06420180751490032,0.15777786526028562,0.29581142127428933,bgn_gam_oracle_bgnzr_s001@cc56eea+dirty
511,487,0.3321228635955314,0.334029587411937,0.21141916727077584,0.005775995085116633,0.0017474079975856513,0.06388827808232815,0.15441964464557675,0.29404110234868486,bgn_gam_oracle_bgnzr_s001@cc56eea+dirty
512,487,0.32898512206824615,0.33085337041290175,0.11462198626647352,0.0057513807269237325,0.0016791692921389566,0.06376366909376664,0.15216523186079023,0.2916795377722112,bgn_gam_oracle_bgnzr_s001@cc56eea+dirty
513,487,0.3305834498327607,0.33251169779005124,0.17515169615540704,0.005763086959993014,0.0017285378683122034,0.0641099776230506,0.15339129736381057,0.2928421540632026,bgn_gam_oracle_bgnzr_s001@cc56eea+dirty
514,486,0.33263091491503255,0.3346824614434757,0.26464164257427814,0.005791700514056482,0.0017854259065721986,0.06432677413077631,0.1557850149217084,0.2938951423263997,bgn_gam_oracle_bgnzr_s001@cc56eea+dirty
515,486,0.32697890292347875,0.3290620526893545,0.061733023299816676,0.005735946579786192,0.0016500604766177208,0.0639240096919644,0.14993784184688172,0.29057502738422175,bgn_gam_oracle_bgnzr_s001@cc56eea+dirty
516,485,0.32564003290297544,0.3279718402262046,0.023346613709650268,0.005730662628202659,0.0016219472874657351,0.06369590866025843,0.14940584110348573,0.28934292055139504,bgn_gam_oracle_bgnzr_s001@cc56eea+dirty
517,484,0.32739765756247463,0.32979868625724396,0.11434109476308688,0.005761146659504789,0.001638988564338731,0.0636245605097863,0.15245418523048032,0.2897359963537596,bgn_gam_oracle_bgnzr_s001@cc56eea+dirty
518,485,0.33199635653487963,0.33437950745259243,0.28930513104078576,0.005818652196822524,0.0017514880377110004,0.06415175016778349,0.156778678447515,0.2926465901675357,bgn_gam_oracle_bgnzr_s001@cc56eea+dirty
519,485,0.33575065905236934,0.33798095098906156,0.44138160545847044,0.005876846851679484,0.0018522278327870788,0.06474563654836193,0.1609167206857128,0.2946766262496173,bgn_gam_oracle_bgnzr_s001@cc56eea+dirty
520,486,0.336681337886862,0.33882881668368314,0.4700611425521595,0.005877321694737897,0.0018657298758215583,0.0650084602300069,0.16114561422697446,0.29561193192545265,bgn_gam_oracle_bgnzr_s001@cc56eea+dirty
521,486,0.3388570397364856,0.3409034056212719,0.5248859519313104,0.005897970681176158,0.0019292883592155108,0.06534036750929853,0.16208008314944186,0.29758047655255243,bgn_gam_oracle_bgnzr_s001@cc56eea+dirty
522,484,0.3368079228506689,0.33901732367091075,0.4658763612383159,0.005842516105825112,0.001856155884929479,0.064988975610741,0.16000240498380053,0.2963761247036981,bgn_gam_oracle_bgnzr_s001@cc56eea+dirty
523,484,0.338420766302761,0.3407062241312504,0.5001616530781956,0.005840136890107076,0.0018863145202221193,0.06512536153117109,0.16072438133293565,0.29781922085401585,bgn_gam_oracle_bgnzr_s001@cc56eea+dirty
524,484,0.3346888430898164,0.3369223775892472,0.33811255741417673,0.005749207238309135,0.0017888604199617335,0.06485715400977919,0.15597143464648194,0.2961241855423463,bgn_gam_oracle_bgnzr_s001@cc56eea+dirty
525,484,0.33117918368212323,0.3335523132798837,0.2545774289025063,0.005713472655804791,0.0017217703308582692,0.06477502443510762,0.15307917179614727,0.29367740612202897,bgn_gam_oracle_bgnzr_s001@cc56eea+dirty
526,484,0.3312234061557408,0.3335443146850159,0.25107237908483615,0.005669250174776777,0.001717952947382194,0.0646975988064108,0.152336826900074,0.29411296461636594,bgn_gam_oracle_bgnzr_s001@cc56eea+dirty
527,483,0.3342538573146813,0.3366183861253629,0.3832288303242418,0.005724773350546206,0.0018072420222594514,0.06512823111786437,0.15612903134758652,0.2955492627299342,bgn_gam_oracle_bgnzr_s001@cc56eea+dirty
528,482,0.3359006466863992,0.33840202601845626,0.4346593634019744,0.005739286357885818,0.0018420819913813266,0.06531899455343891,0.15696862977603618,0.29696816952423516,bgn_gam_oracle_bgnzr_s001@cc56eea+dirty
529,481,0.33510479868661597,0.3377854354673003,0.4199584695771612,0.005738601819111453,0.001827165473811595,0.06533652254136194,0.15667597427903654,0.29622266150062204,bgn_gam_oracle_bgnzr_s001@cc56eea+dirty
530,480,0.3334322886137547,0.336152610779662,0.3545267191446993,0.005702253713536576,0.0017876892868111307,0.06510827901019975,0.15497917356310317,0.29522626382472095,bgn_gam_oracle_bgnzr_s001@cc56eea+dirty
531,480,0.32871695387039546,0.33146172022401704,0.19581921567138288,0.005630799635662908,0.001680896018914429,0.06461249994186931,0.15022524956980685,0.29238195935030076,bgn_gam_oracle_bgnzr_s001@cc56eea+dirty
532,481,0.33086845162565237,0.3334958440049003,0.2491770946203154,0.005632148500588207,0.0017429739977802405,0.06471195569585382,0.1516665103081818,0.29405986113731136,bgn_gam_oracle_bgnzr_s001@cc56eea+dirty
533,481,0.3291721881584388,0.3317364529726785,0.2122687974359058,0.005627001596913736,0.0016907326473168435,0.06463561782638835,0.15038646444296633,0.2928109300715379,bgn_gam_oracle_bgnzr_s001@cc56eea+dirty
534,481,0.3294393076135063,0.3319791791590165,0.21114837877768328,0.005618218379929376,0.001689829977191005,0.06462945093458614,0.15018746507038885,0.2932132035509267,bgn_gam_oracle_bgnzr_s001@cc56eea+dirty
535,481,0.3278873903961592,0.33018969566223966,0.133699382561336,0.005582868635443217,0.0016424072922285224,0.0644418810870758,0.14789829950454808,0.2926366924780047,bgn_gam_oracle_bgnzr_s001@cc56eea+dirty
536,481,0.3281049523386267,0.3304419589761202,0.1430819927530804,0.005590994477183827,0.0016564530792257434,0.06454134178442159,0.14862505349071226,0.29251231294428515,bgn_gam_oracle_bgnzr_s001@cc56eea+dirty
537,482,0.3230514211278189,0.325669058578372,-0.0028677003096775695,0.005573312623655393,0.0015616404489529185,0.06424260427960031,0.1449218287429092,0.2887211184629803,bgn_gam_oracle_bgnzr_s001@cc56eea+dirty
538,482,0.3244387284593623,0.32696427320763344,0.04315790497911818,0.005567113784593667,0.0015952551997409886,0.0643894465769452,0.1456918855710816,0.2898868106745643,bgn_gam_oracle_bgnzr_s001@cc56eea+dirty
539,481,0.3282684368679152,0.33069238423076025,0.18176558188043437,0.005593495428407608,0.001693895328422835,0.06466083139897597,0.14915216801232714,0.29242742248449777,bgn_gam_oracle_bgnzr_s001@cc56eea+dirty
540,483,0.33117156564043143,0.333405253310133,0.236586293870904,0.005583803766453333,0.001744549037137116,0.06494359925121385,0.15003837946636744,0.29523395904915967,bgn_gam_oracle_bgnzr_s001@cc56eea+dirty
541,483,0.33517787840948426,0.3372877105875976,0.400882779744022,0.005635947507587829,0.0018530610519191099,0.0654743356969041,0.1541193253256921,0.2976431483105843,bgn_gam_oracle_bgnzr_s001@cc56eea+dirty
542,483,0.3354194129856273,0.3375832729178308,0.4201839871226181,0.0056340075193780925,0.0018588530620290479,0.06576988378809184,0.1541215036673103,0.2979139887869484,bgn_gam_oracle_bgnzr_s001@cc56eea+dirty
543,483,0.3376260032694048,0.3397570365385646,0.4702118324130305,0.00564913607337032,0.001920433131161424,0.06611740968728093,0.15543302546182927,0.2997196901764288,bgn_gam_oracle_bgnzr_s001@cc56eea+dirty
544,483,0.33792948870991585,0.34008939702430757,0.46522252151674665,0.005634792244036933,0.0019398041415368706,0.06643895623011259,0.1544905304714855,0.30054785864215394,bgn_gam_oracle_bgnzr_s001@cc56eea+dirty
545,483,0.33624207203896694,0.3383890965907658,0.41586577402580216,0.005608726288947338,0.0018907541757865747,0.06633142270032841,0.15311906133607955,0.29935477959206824,bgn_gam_oracle_bgnzr_s001@cc56eea+dirty
546,483,0.3406736601046889,0.34271223731032036,0.6006799635547151,0.005685956941165612,0.0020195650780982246,0.06703233242510545,0.15764854793246924,0.30200244704953805,bgn_gam_oracle_bgnzr_s001@cc56eea+dirty
547,483,0.3420829705221569,0.344066650722072,0.6536946155121189,0.005703364271027597,0.002074777629241892,0.06741942107961503,0.15872661906162974,0.3030290730648252,bgn_gam_oracle_bgnzr_s001@cc56eea+dirty
548,482,0.3401741942464029,0.34227536911743844,0.5744811356806488,0.0056439033485953406,0.002013906293161402,0.06705734415800602,0.15641391780308334,0.30208139424446473,bgn_gam_oracle_bgnzr_s001@cc56eea+dirty
549,482,0.3371894461284227,0.3392690138890263,0.4447675024429444,0.00558577372831068,0.0019354018395217553,0.06678665926418209,0.1527093743978804,0.3006269607859556,bgn_gam_oracle_bgnzr_s001@cc56eea+dirty
550,481,0.3379569364220478,0.34009439143187403,0.4911736424032219,0.005594003089671202,0.001965286556124078,0.06700231834794272,0.15350105515577447,0.3010852320221634,bgn_gam_oracle_bgnzr_s001@cc56eea+dirty
551,480,0.3398437643933908,0.34196460797193673,0.5371542097784955,0.005607653049477303,0.002017281796876467,0.06730401919776764,0.1543438079040858,0.3027734683864113,bgn_gam_oracle_bgnzr_s001@cc56eea+dirty
552,479,0.3397658405620384,0.34200754086782414,0.5507976069109188,0.0056070088137782186,0.002016996261317114,0.06726431200820555,0.15466174135341673,0.30252367208923886,bgn_gam_oracle_bgnzr_s001@cc56eea+dirty
553,479,0.33846469722953004,0.3408084685236539,0.5155334531384419,0.005588785011995453,0.0019839279720945614,0.0671426279681903,0.15396994050983717,0.30141600602833724,bgn_gam_oracle_bgnzr_s001@cc56eea+dirty
554,479,0.3379532605970147,0.34013765641769217,0.5034813682109159,0.005581328397186156,0.001991522628508812,0.06724855062443233,0.1533122865857657,0.30117727193464944,bgn_gam_oracle_bgnzr_s001@cc56eea+dirty
555,479,0.3385131014544287,0.3406878551257435,0.4793213006631815,0.005538885587081692,0.0019653182122740093,0.06716275519343527,0.15176243511338788,0.30258764539344807,bgn_gam_oracle_bgnzr_s001@cc56eea+dirty
556,479,0.340088351887367,0.3421664410729971,0.5390937763836907,0.005551890717627637,0.0020133209121838084,0.06749251369015541,0.15293430606622416,0.30376172424699605,bgn_gam_oracle_bgnzr_s001@cc56eea+dirty
557,478,0.34168243057429926,0.3440992882836984,0.6270428068018925,0.0056018395764820365,0.002099771054557134,0.06796452750907474,0.15535036999170404,0.3043240803922711,bgn_gam_oracle_bgnzr_s001@cc56eea+dirty
558,479,0.3380614722567253,0.3403146711764423,0.443606247977601,0.005499009370571665,0.0019721920886430436,0.06735330829102493,0.1502064296703163,0.3028590225007024,bgn_gam_oracle_bgnzr_s001@cc56eea+dirty
559,479,0.33832460010753707,0.3418597678923171,0.44877935103837746,0.005469291544802815,0.001979544624414537,0.06745082543350388,0.14933656818634505,0.30358215435076213,bgn_gam_oracle_bgnzr_s001@cc56eea+dirty
560,481,0.3372312316934744,0.33881059418167064,0.3206770913895106,0.005386377922653647,0.0019247112949550608,0.06728822434155964,0.14511545124959374,0.30441157901453847,bgn_gam_oracle_bgnzr_s001@cc56eea+dirty
561,481,0.3334906300955401,0.33511264981510736,0.17845591378163095,0.005361811182691049,0.0018210962950709541,0.06701982248569305,0.14137544479938052,0.302041361355192,bgn_gam_oracle_bgnzr_s001@cc56eea+dirty
562,481,0.3340785228484955,0.3356038300894104,0.21756463289203104,0.005369223333960838,0.0018238768636919982,0.0671139045950035,0.14254313683659162,0.302142207527213,bgn_gam_oracle_bgnzr_s001@cc56eea+dirty
563,483,0.3307633881655577,0.3321469710706168,0.10901494050797295,0.005362538591416502,0.001741071496820518,0.066932799526263,0.1396360521138764,0.2998436124062179,bgn_gam_oracle_bgnzr_s001@cc56eea+dirty
564,485,0.3215407973135051,0.3229969120424756,-0.16171355168946044,0.005413000009123559,0.0015537128886739277,0.06670801420642443,0.13379283775951628,0.2923832431950578,bgn_gam_oracle_bgnzr_s001@cc56eea+dirty
565,486,0.32559651608277984,0.32699828430541217,-0.0699281873753832,0.005395656293882111,0.0016263031736427208,0.06649836127946136,0.13627924550841652,0.29570434310118043,bgn_gam_oracle_bgnzr_s001@cc56eea+dirty
566,486,0.32625869587587797,0.32747393964473853,-0.047355534060862785,0.005394892799885715,0.0016384154820922126,0.06647831634436567,0.13706606206707017,0.2960703147295498,bgn_gam_oracle_bgnzr_s001@cc56eea+dirty
567,489,0.3294710546304598,0.3307285573146532,0.10297161772879332,0.005422419967646991,0.0017011526765325635,0.06652071968670781,0.14115323725556603,0.2977027703122383,bgn_gam_oracle_bgnzr_s001@cc56eea+dirty
568,489,0.32889071996173846,0.3301869038264936,0.062183348522099786,0.005420893847939273,0.0016855987741936545,0.06645859405359625,0.14008756142262857,0.2975644145586161,bgn_gam_oracle_bgnzr_s001@cc56eea+dirty
569,488,0.3333125452003509,0.33471251373102,0.20185980761601682,0.005416587207771803,0.0017762173878271383,0.06647567789430796,0.1435725619157185,0.3008058713737037,bgn_gam_oracle_bgnzr_s001@cc56eea+dirty
570,486,0.3267160594495301,0.3283519008242117,-0.021297392935402656,0.00540037319122653,0.0016198423597846192,0.06602561195200601,0.13818643132549335,0.29605386959091345,bgn_gam_oracle_bgnzr_s001@cc56eea+dirty
571,486,0.32349879240575,0.3252079325156448,-0.09591733898069796,0.005409044050708502,0.0015563400037453409,0.06572725479607032,0.13673369694445,0.2931814537242795,bgn_gam_oracle_bgnzr_s001@cc56eea+dirty
572,485,0.32464296722864,0.32642374503141564,-0.06464122013560786,0.005383598190933201,0.0015731971342105298,0.0654236995313813,0.1375580981674852,0.2940592215856533,bgn_gam_oracle_bgnzr_s001@cc56eea+dirty
573,483,0.3250221502820858,0.3270631971669843,-0.033091447323727936,0.005382060109866151,0.0015916054296673907,0.06547679120899841,0.13823081634062342,0.2941626073922306,bgn_gam_oracle_bgnzr_s001@cc56eea+dirty
574,483,0.32775835155079364,0.3297547875563502,0.03418793214495496,0.005370337806593799,0.001635852560690239,0.06544031847588865,0.13946875450881682,0.29660411920108765,bgn_gam_oracle_bgnzr_s001@cc56eea+dirty
575,483,0.32970297398027243,0.33165700837605555,0.10434146935341863,0.005365287351538002,0.0016722600405282377,0.06555620739080839,0.1409735612339571,0.29804446997797485,bgn_gam_oracle_bgnzr_s001@cc56eea+dirty
576,484,0.32854347774014575,0.33062415541104695,0.08027058616400717,0.0053727289069488305,0.001637050390147598,0.0654649725357166,0.14066504103535168,0.2969076674592835,bgn_gam_oracle_bgnzr_s001@cc56eea+dirty
577,484,0.3324533457320384,0.334386021611593,0.18916385179966383,0.005388051266304427,0.0017221278715427693,0.06568724663741785,0.1436463814855787,0.2998181851965051,bgn_gam_oracle_bgnzr_s001@cc56eea+dirty
578,483,0.3328014401192533,0.3349816457765943,0.23595973850014823,0.005411734651672138,0.0017378402100174473,0.0658668622725179,0.1448232272256762,0.299638167464342,bgn_gam_oracle_bgnzr_s001@cc56eea+dirty
579,483,0.3349526909745214,0.3371224031261753,0.3635738658429593,0.00542452623978044,0.0017972842331639076,0.06620102893589375,0.14750065132716403,0.3007272236581444,bgn_gam_oracle_bgnzr_s001@cc56eea+dirty
580,483,0.33213447685254643,0.334269680264544,0.25659928769498885,0.005385034699960665,0.00173512922300026,0.06603862946131848,0.144355310748589,0.2991234778027178,bgn_gam_oracle_bgnzr_s001@cc56eea+dirty
581,484,0.331924926206422,0.33407036620025654,0.24995268161218678,0.005385920923285309,0.0017218836361843923,0.06604674868523693,0.1443883414062072,0.29887482915612557,bgn_gam_oracle_bgnzr_s001@cc56eea+dirty
582,483,0.3312450133173611,0.3334094837590826,0.21436838726151777,0.005355106647161933,0.0017060264054186381,0.06598553609275551,0.14285149929097388,0.29885901023382183,bgn_gam_oracle_bgnzr_s001@cc56eea+dirty
583,483,0.3331878715405297,0.33524875668708276,0.28938624778364563,0.005360663260303312,0.0017546447416752426,0.06621460064415043,0.14444292965746244,0.30025055839028486,bgn_gam_oracle_bgnzr_s001@cc56eea+dirty
584,484,0.33175962914822965,0.33393137032423825,0.25702375942799066,0.005350036506129136,0.0017220503644920194,0.06618492429392805,0.14340298620992142,0.2991655646605203,bgn_gam_oracle_bgnzr_s001@cc56eea+dirty
585,484,0.3292139095385296,0.33144261816410575,0.19831626319246906,0.005337469023200838,0.0016721967517842756,0.06612017887900626,0.1418647868550777,0.2970794178064285,bgn_gam_oracle_bgnzr_s001@cc56eea+dirty
586,484,0.32657533803781424,0.32867271479038623,0.08114092605879109,0.005318868355920989,0.0016186556823404895,0.0659337142043528,0.13895947801365766,0.2955363173701067,bgn_gam_oracle_bgnzr_s001@cc56eea+dirty
587,484,0.3254364632826312,0.32730296010697046,0.06394392362299446,0.0053161248889759954,0.0016041787265838,0.06598478570224159,0.13833084928318373,0.2945733656841712,bgn_gam_oracle_bgnzr_s001@cc56eea+dirty
588,487,0.32948562674762083,0.33114053647558517,0.16425736790033074,0.005318656973430099,0.0016684465175169619,0.06632010922643887,0.1404668359464685,0.29804336300689604,bgn_gam_oracle_bgnzr_s001@cc56eea+dirty
589,488,0.3323621948797379,0.33385075587921026,0.23203996597706902,0.005301552091448136,0.0017167708089765913,0.06649756809924759,0.14171036530897035,0.3006373246110254,bgn_gam_oracle_bgnzr_s001@cc56eea+dirty
590,489,0.32582750954950035,0.3273066265033968,0.02943460108881408,0.00529336748577783,0.0015722330702677607,0.06613557867892768,0.1367689930616791,0.29573266393167347,bgn_gam_oracle_bgnzr_s001@cc56eea+dirty
591,489,0.3219504932007891,0.32344910425124196,-0.09101208996574921,0.005320457908671378,0.0015188331516983065,0.06613290145812947,0.1343142657239022,0.29259493860161073,bgn_gam_oracle_bgnzr_s001@cc56eea+dirty
592,489,0.3281337466269637,0.32949950877452894,0.07858809306384132,0.0053132379611587075,0.0016290821393078608,0.06624856986899631,0.13830225192454862,0.29756384657422197,bgn_gam_oracle_bgnzr_s001@cc56eea+dirty
593,490,0.327435395380905,0.3286227502658495,0.04737458238859078,0.005334747119956422,0.0016059389836546654,0.06623316519355754,0.13797822749838798,0.29694434981095813,bgn_gam_oracle_bgnzr_s001@cc56eea+dirty
594,491,0.3255577283027661,0.3268555175689117,-0.003961822981451369,0.005332140436935467,0.001565386446726832,0.06600867266661757,0.1370799929228646,0.2952912291246136,bgn_gam_oracle_bgnzr_s001@cc56eea+dirty
595,491,0.32884874458237556,0.330102923447005,0.08700479038031751,0.005308847828143191,0.001601553220026503,0.06595959756618401,0.13875738007128358,0.298140715584366,bgn_gam_oracle_bgnzr_s001@cc56eea+dirty
596,491,0.3274100288541859,0.32869119148436216,0.06663250386784794,0.0053030629103557195,0.0015778113568385161,0.06591767471271401,0.13814407545294874,0.29683925180398374,bgn_gam_oracle_bgnzr_s001@cc56eea+dirty
597,491,0.32519209447087294,0.3265669868756134,-0.0026886912429530153,0.005303627679570142,0.0015287353659301872,0.06572526175392893,0.13672090952988136,0.2950547257775668,bgn_gam_oracle_bgnzr_s001@cc56eea+dirty
598,493,0.32441208883929806,0.3254173188654761,-0.04143451659958314,0.005310425624612391,0.0015108420134587574,0.06574223136930023,0.13567016457949457,0.2946808609802297,bgn_gam_oracle_bgnzr_s001@cc56eea+dirty
599,493,0.3291886606689992,0.3300938977142346,0.12029282125426706,0.005310614853918264,0.0015994571532417924,0.06586895597698308,0.13954800526332323,0.29814682379672774,bgn_gam_oracle_bgnzr_s001@cc56eea+dirty
600,493,0.32451139341260005,0.3255475701915452,-0.026545701705794216,0.00529684764385904,0.0015428344840436098,0.06577435623358165,0.13565571987663427,0.2947968285435571,bgn_gam_oracle_bgnzr_s001@cc56eea+dirty
601,493,0.32881839373045224,0.3300288541187241,0.09930141261188179,0.005291601678134841,0.001613146218881094,0.06584965976237062,0.13893939015514495,0.2980224520380824,bgn_gam_oracle_bgnzr_s001@cc56eea+dirty
602,493,0.3270156520853728,0.32805570713460624,0.057398249513499464,0.0052895603590787064,0.0015760653356757333,0.065888701808472,0.1376351836160243,0.29664084840056143,bgn_gam_oracle_bgnzr_s001@cc56eea+dirty
603,492,0.3266965755760696,0.32773773791606686,0.05077236694575144,0.005278288704351165,0.0015643453291283736,0.06585913580600057,0.1370622667499749,0.29655452707131164,bgn_gam_oracle_bgnzr_s001@cc56eea+dirty
604,493,0.3316681710061456,0.3326842182248902,0.20622369952000436,0.005261596503022506,0.0016484995047591371,0.06603808083762397,0.14028504536287972,0.30053931807019296,bgn_gam_oracle_bgnzr_s001@cc56eea+dirty
605,489,0.3301161079358515,0.331668696294089,0.17294853673103763,0.005255322573061969,0.0016191011838260774,0.06580685514134715,0.1398696056126329,0.299020297211546,bgn_gam_oracle_bgnzr_s001@cc56eea+dirty
606,489,0.3325917971016098,0.3341446780887457,0.24003698370844168,0.005255374068338432,0.0016666378970987294,0.06604658184375126,0.14081890690738938,0.30130937415999254,bgn_gam_oracle_bgnzr_s001@cc56eea+dirty
607,489,0.3305843217585678,0.3320277683585272,0.19001959782995284,0.005266637485036873,0.0016278944524930083,0.06607323498828396,0.1401716949567386,0.29939587459670736,bgn_gam_oracle_bgnzr_s001@cc56eea+dirty
608,489,0.32732911756785554,0.3288233373128861,0.06566583113141641,0.0052541834554565275,0.001565926815574943,0.06604329960534572,0.1367574726190161,0.2973915682910497,bgn_gam_oracle_bgnzr_s001@cc56eea+dirty
609,489,0.3281297437327792,0.329607756412708,0.07521457421325589,0.005234280393333241,0.0015764013729216396,0.06611077551391728,0.1364898631366073,0.29839511722394113,bgn_gam_oracle_bgnzr_s001@cc56eea+dirty
610,488,0.32992857860527675,0.33147257334174024,0.1328560439401275,0.005230292191587767,0.0016271999507778058,0.06617016992600856,0.13776578823870667,0.29978901676256603,bgn_gam_oracle_bgnzr_s001@cc56eea+dirty
611,488,0.33086085107099816,0.33221769435909787,0.10265563101870111,0.005220662961562595,0.0016211653510968176,0.06597052622632016,0.13704326234612788,0.3011445616592729,bgn_gam_oracle_bgnzr_s001@cc56eea+dirty
612,489,0.330196653173274,0.3315657855451993,0.11892720537302634,0.005230042436036578,0.0016040411986323947,0.06588617765847395,0.13764550686854463,0.3001392080447552,bgn_gam_oracle_bgnzr_s001@cc56eea+dirty
613,489,0.3305736334235724,0.33190619508186925,0.11012202504819495,0.005231257222566196,0.0016154923413800883,0.06590892059662036,0.1374166924378906,0.3006585767183311,bgn_gam_oracle_bgnzr_s001@cc56eea+dirty
614,489,0.33094613964250635,0.33217695013332166,0.12036978715621163,0.005218826644437292,0.0016160757169183906,0.06594017556562269,0.13731095992804057,0.30111633570418816,bgn_gam_oracle_bgnzr_s001@cc56eea+dirty
615,488,0.3319098753523244,0.3333031119122786,0.11940358183137077,0.005228239711827564,0.001636067059603441,0.06597430890328201,0.13747972685612952,0.30209847742079,bgn_gam_oracle_bgnzr_s001@cc56eea+dirty
616,488,0.3311193134802502,0.3324701078837285,0.14115715266182677,0.005237922102450767,0.0016234683761854054,0.0658620405266762,0.1384144791012426,0.30080131604559823,bgn_gam_oracle_bgnzr_s001@cc56eea+dirty
617,489,0.3250465527958449,0.3264401286326311,-0.05553643845396251,0.0052636849056448025,0.001499825913551641,0.06563710995140638,0.1342741076408027,0.29601642775651504,bgn_gam_oracle_bgnzr_s001@cc56eea+dirty
618,489,0.32507627967994723,0.32648549141264793,-0.06858510034257627,0.005283880029750834,0.0014982137900134119,0.06550245459439548,0.13462106038955793,0.29589146271926514,bgn_gam_oracle_bgnzr_s001@cc56eea+dirty
619,488,0.3190327283290878,0.3207281796567209,-0.22802872800472723,0.005364114124012554,0.0014052087250152883,0.06524967949884942,0.13275503186992343,0.29009995390953985,bgn_gam_oracle_bgnzr_s001@cc56eea+dirty
620,488,0.3192698888302386,0.32094601225624314,-0.18412998187395968,0.005362335956851414,0.0013993158416664088,0.06490565725357987,0.13431219301275737,0.28964374103677215,bgn_gam_oracle_bgnzr_s001@cc56eea+dirty
621,488,0.32132903056944434,0.3230325179223189,-0.15639715369020565,0.005374338711265074,0.0014334078227226793,0.06476209632663456,0.13538635724997866,0.2914153052900277,bgn_gam_oracle_bgnzr_s001@cc56eea+dirty
622,489,0.3196254295800556,0.3213045233738806,-0.17630784024314283,0.005404471875826538,0.0014184237282874699,0.0647571028389893,0.13531929174133214,0.2895670984709059,bgn_gam_oracle_bgnzr_s001@cc56eea+dirty
623,490,0.3211984787770557,0.32287253185646103,-0.12922406472453793,0.005416402786875468,0.001442441802994089,0.06473551127602795,0.13696562980884677,0.2905320619480071,bgn_gam_oracle_bgnzr_s001@cc56eea+dirty
624,489,0.32386672233185787,0.3256012029179803,-0.09200520450768318,0.005414333026757797,0.0014792184410564958,0.0646075002278094,0.13824514969454457,0.2928786991570293,bgn_gam_oracle_bgnzr_s001@cc56eea+dirty
625,489,0.32518981131758545,0.3268152978744444,-0.08394110290866187,0.00541248954444434,0.0014948885206007665,0.0644970678890101,0.13835886053566734,0.29428768084314805,bgn_gam_oracle_bgnzr_s001@cc56eea+dirty
626,489,0.32338477658221587,0.3250433202006943,-0.1142972244205155,0.005427123464523749,0.0014652721295507131,0.06459840953175795,0.1377130500110363,0.2925967012489845,bgn_gam_oracle_bgnzr_s001@cc56eea+dirty
627,488,0.3241416798804503,0.3259769204766389,-0.0889702888641317,0.005446751321155663,0.00146736750504043,0.06445026472983965,0.13905682724593824,0.2927986124147681,bgn_gam_oracle_bgnzr_s001@cc56eea+dirty
628,486,0.32718290685151113,0.3291542451458487,0.0001846087794505944,0.005433348945206101,0.00151603071573144,0.06424300273927004,0.14123512601776225,0.2951292830516,bgn_gam_oracle_bgnzr_s001@cc56eea+dirty
629,486,0.3259572256141671,0.327971139463175,-0.06972897250880952,0.005444687097357823,0.0014885564917349423,0.06425201365482701,0.13968652338549692,0.29450940242131163,bgn_gam_oracle_bgnzr_s001@cc56eea+dirty
630,486,0.325288950040823,0.3271253481283528,-0.1021273960182642,0.005448199464701552,0.001481387727802295,0.06410748460812668,0.1390587620088859,0.29406727415205025,bgn_gam_oracle_bgnzr_s001@cc56eea+dirty
631,488,0.3296441981384999,0.33131261109541,0.018682911150627327,0.005446756494857631,0.0015409822554049207,0.06409618597537826,0.1420308411441562,0.2974769529396488,bgn_gam_oracle_bgnzr_s001@cc56eea+dirty
632,488,0.32230169747628123,0.324088215945219,-0.1844066459815449,0.005491753558016157,0.0013959388358417376,0.06382745266122945,0.13810914842325572,0.2912116881546746,bgn_gam_oracle_bgnzr_s001@cc56eea+dirty
633,488,0.3137882870708306,0.31577552846616586,-0.3854549377258497,0.005624307935940119,0.0013211905391517587,0.06411504132193611,0.13474491486824244,0.2833847155723048,bgn_gam_oracle_bgnzr_s001@cc56eea+dirty
634,489,0.30937404955902736,0.31093370890262945,-0.5083393781493276,0.0057645311758129855,0.001312780099156817,0.06550075613118642,0.1335419310624213,0.27906783259392515,bgn_gam_oracle_bgnzr_s001@cc56eea+dirty
635,491,0.31037684009707694,0.3120568406760416,-0.4663992729947626,0.005845223155835679,0.0013708786343229857,0.06503324797483119,0.1374073748843058,0.278303784013172,bgn_gam_oracle_bgnzr_s001@cc56eea+dirty
636,491,0.3105379987653842,0.3122994414054243,-0.4429768814208701,0.005885113927790666,0.001372537291432198,0.064582628920699,0.13949120214949332,0.27744558601660785,bgn_gam_oracle_bgnzr_s001@cc56eea+dirty
637,491,0.3143481182998996,0.31600266932331034,-0.37058246735147204,0.005892057847539665,0.0014202331419548744,0.0640505380721709,0.1427070097753961,0.2800882875802783,bgn_gam_oracle_bgnzr_s001@cc56eea+dirty
638,489,0.3155108044753028,0.31714305812251375,-0.3582390744932026,0.005921182248079869,0.0014298230340264706,0.063458907958191,0.14476289022421834,0.2803404597174365,bgn_gam_oracle_bgnzr_s001@cc56eea+dirty
639,491,0.3202724640178085,0.32175543222644265,-0.20016360805922362,0.0059425003815451564,0.0015070423692901448,0.06322147780052233,0.15020785115216528,0.2828640179667386,bgn_gam_oracle_bgnzr_s001@cc56eea+dirty
640,492,0.32418468905449743,0.32566078546394345,-0.05742294409383819,0.005974286741984682,0.0015787691869359217,0.06337939809813849,0.15428829401188413,0.28511547651480373,bgn_gam_oracle_bgnzr_s001@cc56eea+dirty
641,492,0.32647289775017746,0.32776497177130154,0.016090256028739452,0.00598890358875197,0.0016256476655541615,0.06344854097083037,0.15641003631572986,0.2865666650277207,bgn_gam_oracle_bgnzr_s001@cc56eea+dirty
642,493,0.3220289736147001,0.3232175106059132,-0.10101371370634643,0.005949878471073939,0.0015257428246087425,0.0632816570191784,0.15269147051310358,0.28352773176513657,bgn_gam_oracle_bgnzr_s001@cc56eea+dirty
643,494,0.3235598699747554,0.3261815597166694,-0.045944931465449236,0.0059560832280507936,0.001547326001062981,0.06325596432771886,0.15441764539911668,0.2843346272395842,bgn_gam_oracle_bgnzr_s001@cc56eea+dirty
644,496,0.322692775670992,0.3234932446876651,-0.13197829191278768,0.005931374269941103,0.0015185207520192457,0.0632152365250669,0.15153896466582348,0.2848974721865034,bgn_gam_oracle_bgnzr_s001@cc56eea+dirty
645,496,0.3213939688249522,0.32221162999022335,-0.1456920306153614,0.005942840911150289,0.0015031921865794908,0.06310717213267233,0.1515873682908181,0.283399634741681,bgn_gam_oracle_bgnzr_s001@cc56eea+dirty
646,496,0.31915808596779494,0.3199562576561376,-0.23712785156316907,0.0059220055729638866,0.0014477043585857973,0.06295955130139572,0.14887308813668118,0.2823095596455677,bgn_gam_oracle_bgnzr_s001@cc56eea+dirty
647,496,0.3208126346269557,0.3214268447614544,-0.186922007079557,0.005936230874506954,0.0014674327106988952,0.06289736090494676,0.15076247819672106,0.28318089925747425,bgn_gam_oracle_bgnzr_s001@cc56eea+dirty
648,497,0.32308598357756346,0.3236783311085134,-0.11270396273137658,0.005952164675415202,0.001515155371425065,0.0630444279263218,0.1529062134965598,0.28461244290864385,bgn_gam_oracle_bgnzr_s001@cc56eea+dirty
649,497,0.32340348611780245,0.32399194029426237,-0.09198611596925999,0.005961920645459879,0.0015402320730862303,0.06298677419503129,0.15377705493170504,0.28450383514054606,bgn_gam_oracle_bgnzr_s001@cc56eea+dirty
650,496,0.3207426651986344,0.3215436801422546,-0.18112826194211976,0.005956754392103826,0.001494014611772551,0.06273507569233333,0.1516169088268813,0.28264495438005693,bgn_gam_oracle_bgnzr_s001@cc56eea+dirty
651,496,0.3152206414479926,0.3158907307492914,-0.32526332953812687,0.005976234245193202,0.0013947510759013523,0.06284261874687097,0.1475942094813975,0.2785318691325021,bgn_gam_oracle_bgnzr_s001@cc56eea+dirty
652,497,0.31317485571499915,0.31342698705198824,-0.3903524717800576,0.00602398779132287,0.0013634458407896042,0.0626599345994901,0.147205497588092,0.2764218365685909,bgn_gam_oracle_bgnzr_s001@cc56eea+dirty
653,498,0.31053098706491544,0.3110261927786108,-0.4672991391482351,0.006095776987193624,0.0013148194123034948,0.062483918232216225,0.14642984612470986,0.27383899300757825,bgn_gam_oracle_bgnzr_s001@cc56eea+dirty
654,497,0.312645719274755,0.3133541380105826,-0.40784483572116537,0.006115463198971341,0.0013516756421720682,0.061978483155298504,0.1495527734899187,0.27455657654170657,bgn_gam_oracle_bgnzr_s001@cc56eea+dirty
655,497,0.31213030115504964,0.3128710072988546,-0.4088731860339457,0.006152094937190099,0.0013437484535043095,0.0618297331116134,0.15064847188681438,0.27336854760068807,bgn_gam_oracle_bgnzr_s001@cc56eea+dirty
656,497,0.31317954003821624,0.31386484981861995,-0.39974394187188705,0.006177999786641974,0.0013656225799882943,0.0616557669625304,0.15150692132830024,0.27409319051769404,bgn_gam_oracle_bgnzr_s001@cc56eea+dirty
657,497,0.3121109889750462,0.31283369831172064,-0.41611098513030903,0.006210213056864968,0.0013446588721568416,0.06145488508040437,0.1521204143571674,0.2725300882008904,bgn_gam_oracle_bgnzr_s001@cc56eea+dirty
658,497,0.3159544365916384,0.31643386210246766,-0.3101272371180828,0.006234551840663365,0.0013851884620700373,0.06117240392819284,0.15613509809361364,0.27467988121673076,bgn_gam_oracle_bgnzr_s001@cc56eea+dirty
659,498,0.3193198902751046,0.31979769990969137,-0.16223112463173708,0.006282960300548251,0.0014462704132006184,0.06124297239295256,0.16105559667710634,0.27572864759448934,bgn_gam_oracle_bgnzr_s001@cc56eea+dirty
660,498,0.3208340857863121,0.321301668956994,-0.09410730304072834,0.006325552873008222,0.0014858504981337475,0.061171619939081955,0.16409499597660035,0.27569429246500227,bgn_gam_oracle_bgnzr_s001@cc56eea+dirty
661,498,0.3195041634609888,0.31999407047794715,-0.10878858423220025,0.006324169637242237,0.001468273817710531,0.06115653842063159,0.16366101628524626,0.2744047780513062,bgn_gam_oracle_bgnzr_s001@cc56eea+dirty
662,498,0.3240522868757406,0.3245433173781906,0.0647542704818244,0.006426014121707867,0.0015785249431272518,0.06166936548486736,0.1689056206519651,0.27655157917027295,bgn_gam_oracle_bgnzr_s001@cc56eea+dirty
663,498,0.32512061117820285,0.325603573013079,0.10426754485001698,0.006435472227067409,0.0016094537246563413,0.06186851597916367,0.16975857993697474,0.27728223230252225,bgn_gam_oracle_bgnzr_s001@cc56eea+dirty
664,498,0.3240992699327017,0.32460491607640746,0.08388514607878096,0.0064186742016522835,0.001585470488965002,0.06179514491805087,0.16931587155763297,0.27635569907202817,bgn_gam_oracle_bgnzr_s001@cc56eea+dirty
665,498,0.325747138977302,0.326257514251258,0.14449811853156885,0.006467526305372346,0.0016289304494591344,0.06214277601850819,0.17127896072674625,0.27708250786410793,bgn_gam_oracle_bgnzr_s001@cc56eea+dirty
666,498,0.3262826575369647,0.3267979793818217,0.1620116783391701,0.006487996899779384,0.0016523525235565288,0.062393374624138284,0.17158542333904678,0.27752263890887224,bgn_gam_oracle_bgnzr_s001@cc56eea+dirty
667,498,0.32387350278299,0.3243819923023969,0.04427682904787657,0.006391004805029078,0.0015808136934494438,0.06201711318278754,0.16728334738982248,0.27732711279458305,bgn_gam_oracle_bgnzr_s001@cc56eea+dirty
668,498,0.32474725001965316,0.32524916465748044,0.06266303283522161,0.006388198959913949,0.0015988193969071155,0.06215481097088942,0.16748378157625102,0.2782264532790614,bgn_gam_oracle_bgnzr_s001@cc56eea+dirty
669,498,0.32625478847399525,0.3267327998053415,0.10345533700156828,0.006406680650500945,0.0016382892084424454,0.06235874887272461,0.16860799946734345,0.2793090215475177,bgn_gam_oracle_bgnzr_s001@cc56eea+dirty
670,498,0.3210999754933262,0.3216129547036452,-0.0584917360958033,0.006321482218541323,0.0015317136969975995,0.061988162882522346,0.16340240510866627,0.27641426928890267,bgn_gam_oracle_bgnzr_s001@cc56eea+dirty
671,498,0.3172853285160407,0.3178128888208791,-0.19020732694391293,0.006273473987690065,0.0014441129595460657,0.06181709200083376,0.1591350009720373,0.27449231529709817,bgn_gam_oracle_bgnzr_s001@cc56eea+dirty
672,498,0.3161533745241755,0.31670657302201566,-0.17337124020693545,0.006292155434401878,0.0014439660486212748,0.06159311974053694,0.1600933377594716,0.2726225952265427,bgn_gam_oracle_bgnzr_s001@cc56eea+dirty
673,498,0.31843386439379784,0.3189535695381502,-0.12023867598161696,0.006307960560535592,0.0014821149904734163,0.061694024626917,0.16179459715064945,0.27426745035754185,bgn_gam_oracle_bgnzr_s001@cc56eea+dirty
674,498,0.3192437255246471,0.3197684493401308,-0.08502971992906291,0.006311158283611936,0.0015025062243107313,0.06175087139022961,0.16263891190902438,0.27470919282016176,bgn_gam_oracle_bgnzr_s001@cc56eea+dirty
675,498,0.31628180971595665,0.3168121582129095,-0.17280460964923444,0.0062685648017072855,0.001446286270502243,0.06154344331920378,0.15982874823471627,0.2729266465461449,bgn_gam_oracle_bgnzr_s001@cc56eea+dirty
676,498,0.3153314726765068,0.31587567351906826,-0.20024687037948138,0.006237756153432149,0.001420272555591435,0.061350051308250844,0.1588232871023436,0.2724134745829234,bgn_gam_oracle_bgnzr_s001@cc56eea+dirty
677,498,0.3170709328600197,0.3176196499443103,-0.14520926159474543,0.0062677628602527975,0.0014497360196925426,0.0613557481439942,0.16071848730187085,0.27331949126273725,bgn_gam_oracle_bgnzr_s001@cc56eea+dirty
678,498,0.314086633116108,0.3146320643485002,-0.26211837460797494,0.006240318597130424,0.0013874157333177179,0.06118194140466986,0.15729441117866177,0.2718618791117481,bgn_gam_oracle_bgnzr_s001@cc56eea+dirty
679,498,0.31342759747387383,0.31400508955032114,-0.24701272331200286,0.0062712947706532705,0.001380728700624507,0.06105966395702391,0.15852437486344537,0.27038284234100085,bgn_gam_oracle_bgnzr_s001@cc56eea+dirty
680,498,0.31425944967218916,0.31484740444859044,-0.22889517606773188,0.006280214786561771,0.0013764495288603677,0.060971143115010826,0.15958846394819548,0.270722226429458,bgn_gam_oracle_bgnzr_s001@cc56eea+dirty
681,498,0.315843496811647,0.3164551518402637,-0.15350131612002826,0.00633027168403499,0.001403570863718664,0.060951209690091344,0.16277861360213872,0.2706662842541983,bgn_gam_oracle_bgnzr_s001@cc56eea+dirty
682,498,0.3113028758772934,0.3119245676423658,-0.32326333473800417,0.006295924129260471,0.001318573069808963,0.060892203550250566,0.15716899865693607,0.2687143211491519,bgn_gam_oracle_bgnzr_s001@cc56eea+dirty
683,498,0.3128549981727018,0.3131693189989162,-0.2725282831108123,0.0063159538926666255,0.0013377742942661357,0.06057915282354628,0.1597700198209021,0.268982881700806,bgn_gam_oracle_bgnzr_s001@cc56eea+dirty
684,499,0.3154949082137157,0.31581672566641567,-0.15095433613779508,0.0063722133496195025,0.0013869655787277372,0.06058932236446341,0.1639577492012398,0.2695457170604724,bgn_gam_oracle_bgnzr_s001@cc56eea+dirty
685,499,0.3109524660569531,0.31095887408092715,-0.23446951332855093,0.006350970508915791,0.0013149792050602535,0.06061449474385212,0.1610824449454818,0.2659772209744406,bgn_gam_oracle_bgnzr_s001@cc56eea+dirty
686,500,0.3112461371097876,0.31124613710978705,-0.2210226234527655,0.0063708835729798475,0.0013154789716731986,0.06066890911746931,0.1618257389831621,0.2658694944297261,bgn_gam_oracle_bgnzr_s001@cc56eea+dirty
687,498,0.31596401924336276,0.31662982357148034,-0.14468475114182294,0.006382887231014442,0.0013572779248764873,0.0603809603666983,0.16439697293350727,0.26982753148394584,bgn_gam_oracle_bgnzr_s001@cc56eea+dirty
688,498,0.3140916094426641,0.3147630170285823,-0.213175586129522,0.006357292897676857,0.0013242320215371077,0.0601923892910843,0.1627165701058653,0.268657508615088,bgn_gam_oracle_bgnzr_s001@cc56eea+dirty
689,498,0.3153578706490825,0.3160407756887612,-0.12721434296318423,0.00639695491504432,0.001359127936902821,0.06023932795837464,0.16534576407926962,0.26853559332305643,bgn_gam_oracle_bgnzr_s001@cc56eea+dirty
690,498,0.3166996913211529,0.3173836406918862,-0.08224024073500556,0.006438041207005403,0.0013919460527954965,0.06043601866533402,0.16709377750231127,0.26903227316238776,bgn_gam_oracle_bgnzr_s001@cc56eea+dirty
691,498,0.3134108333341584,0.31412434117504984,-0.186617544033634,0.006401119761768966,0.0013290670892855815,0.060352894504936236,0.1637891829284884,0.26720676265175214,bgn_gam_oracle_bgnzr_s001@cc56eea+dirty
692,498,0.31305255468473514,0.31377609639454984,-0.1671964413153771,0.006410561799644773,0.0013196872133283716,0.060220458530530326,0.1647680190905383,0.2661830232746241,bgn_gam_oracle_bgnzr_s001@cc56eea+dirty
693,498,0.3092705547479371,0.3100132605002507,-0.2671193932281918,0.006385868609286003,0.001235486263617065,0.059340458700526816,0.16146599455419444,0.26377454129752853,bgn_gam_oracle_bgnzr_s001@cc56eea+dirty
694,498,0.31230371807748813,0.3130191048814551,-0.18206906744960624,0.006411476116340691,0.0012785745633417977,0.059146473496297196,0.16472569258567116,0.2653282090679281,bgn_gam_oracle_bgnzr_s001@cc56eea+dirty
695,498,0.3083025525928958,0.3090343743909838,-0.3035818683441435,0.006381058367862284,0.001217940254067192,0.05904938129445029,0.16100986834900233,0.26291878257274093,bgn_gam_oracle_bgnzr_s001@cc56eea+dirty
696,498,0.3041058278999597,0.3045438617621841,-0.43232709259011615,0.006379844481629935,0.0011595395302570804,0.05920380371307075,0.15705576602310456,0.2604109078391605,bgn_gam_oracle_bgnzr_s001@cc56eea+dirty
697,499,0.30064700657111615,0.30072396846345095,-0.5244423174465328,0.006422785071240905,0.00113641869313667,0.05938339196891646,0.15515340090609434,0.2575190182247624,bgn_gam_oracle_bgnzr_s001@cc56eea+dirty
698,500,0.2988607981182611,0.2988607981182593,-0.5895955202634515,0.006512060636903242,0.0011477938240484608,0.05967037076003635,0.1542317649225059,0.25598894378619735,bgn_gam_oracle_bgnzr_s001@cc56eea+dirty
699,500,0.3041530961253784,0.3041530961253799,-0.43226539456602914,0.006552327198945058,0.0012135622850674695,0.0591115088002482,0.16077292732278312,0.25818824861468187,bgn_gam_oracle_bgnzr_s001@cc56eea+dirty
700,500,0.30453265808052177,0.30453265808052105,-0.40433723512591124,0.006574680556814608,0.0012174723572940538,0.058846678620068975,0.16249886687871334,0.257554378919719,bgn_gam_oracle_bgnzr_s001@cc56eea+dirty
701,500,0.3067624242362696,0.30676242423627076,-0.34623448741014246,0.006603083492378347,0.0012386219720908651,0.058633015674971374,0.16506901787415781,0.25856412021271247,bgn_gam_oracle_bgnzr_s001@cc56eea+dirty
702,500,0.3094714453414176,0.3094714453414201,-0.26993998385079604,0.006647715831145443,0.0012703752160995263,0.05845149986068822,0.1680888576932498,0.25984362874830014,bgn_gam_oracle_bgnzr_s001@cc56eea+dirty
703,500,0.3070073409695634,0.30700734096956284,-0.31275755629360674,0.0066564238788743065,0.00124442929557513,0.05851326844235895,0.1669062050388095,0.2576738755263029,bgn_gam_oracle_bgnzr_s001@cc56eea+dirty
704,500,0.3051531554152228,0.3051531554152222,-0.3750290084807,0.00664590179302945,0.0012078179845283355,0.05834946765200928,0.16532484163010852,0.2564880991388229,bgn_gam_oracle_bgnzr_s001@cc56eea+dirty
705,500,0.30383406962407483,0.30383406962407417,-0.41592450793662256,0.006650233123952515,0.0011866956792235233,0.05827811189104129,0.1641924609791687,0.255648152001792,bgn_gam_oracle_bgnzr_s001@cc56eea+dirty
706,500,0.3064860933921974,0.3064860933921972,-0.3346052817765866,0.006706419776224096,0.0012198453113250653,0.05801656939965145,0.16810204284059246,0.25627217686598436,bgn_gam_oracle_bgnzr_s001@cc56eea+dirty
707,500,0.3108130955802373,0.31081309558023673,-0.16110006279975653,0.006802816648947771,0.0012945963953449643,0.05796130419840123,0.17428003011647472,0.25735433061592417,bgn_gam_oracle_bgnzr_s001@cc56eea+dirty
708,500,0.30946130687622586,0.30946130687622786,-0.16097352158629352,0.006815240735864761,0.001280844787592039,0.05795600807603787,0.1745241886463278,0.25555353261280234,bgn_gam_oracle_bgnzr_s001@cc56eea+dirty
709,500,0.308180174483349,0.3081801744833475,-0.19701493880531334,0.006781927811485802,0.0012568031822103379,0.057741689976585305,0.1735587503308783,0.25466130473272003,bgn_gam_oracle_bgnzr_s001@cc56eea+dirty
710,500,0.3083283679102683,0.3083283679102693,-0.19983795784236383,0.006789424165079701,0.0012588907419112262,0.05774237494068353,0.17356506266545335,0.25483632292149216,bgn_gam_oracle_bgnzr_s001@cc56eea+dirty
711,499,0.30789749770012975,0.3083401634582669,-0.2683063751070681,0.006764585421513822,0.001229377959438672,0.057687599667321385,0.17130282281788226,0.2558441165722336,bgn_gam_oracle_bgnzr_s001@cc56eea+dirty
712,499,0.3112161951274186,0.3116456455144756,-0.15052786412336147,0.006849493697843512,0.0012951336986058869,0.05770332478931872,0.17592190911166958,0.25672359066531647,bgn_gam_oracle_bgnzr_s001@cc56eea+dirty
713,499,0.30919129082773195,0.30963545987734525,-0.22909049849311117,0.006794800139045737,0.001243300236172806,0.05759023931031259,0.1732362327733324,0.2561024443034914,bgn_gam_oracle_bgnzr_s001@cc56eea+dirty
714,499,0.3084864646394968,0.3089326557787465,-0.24205066725750063,0.006786449026788251,0.0012295145924832334,0.05755776083330911,0.1727977072732941,0.255548138766199,bgn_gam_oracle_bgnzr_s001@cc56eea+dirty
715,499,0.3059600187659716,0.30641246502618597,-0.33112540061521645,0.006743071907909818,0.001187072883015838,0.05750251142158404,0.16969868237162658,0.25458572286090103,bgn_gam_oracle_bgnzr_s001@cc56eea+dirty
716,499,0.300372912057071,0.300843726560294,-0.49916921497509065,0.006723094721399877,0.0011279126146006137,0.0576345093769083,0.16426792389313385,0.25147551665616374,bgn_gam_oracle_bgnzr_s001@cc56eea+dirty
717,499,0.2939129239721249,0.29446166243863026,-0.6728865401940414,0.006780245737044959,0.0010573720320893054,0.058159499069834926,0.1595637721534691,0.24682829962141672,bgn_gam_oracle_bgnzr_s001@cc56eea+dirty
718,499,0.2902534633423702,0.2908720479262875,-0.7288293247803068,0.006873757487991901,0.0010326046017711111,0.05840433603279361,0.1593891944444754,0.24257402514816345,bgn_gam_oracle_bgnzr_s001@cc56eea+dirty
719,499,0.29096791215921985,0.2915593874702008,-0.6831163471582845,0.0069635226374468034,0.0010652615699247893,0.057953681843868746,0.16347656404510014,0.24070259432399924,bgn_gam_oracle_bgnzr_s001@cc56eea+dirty
720,499,0.29230324448918243,0.29287185440699226,-0.6721132275162139,0.007029956482772046,0.0010803835430743232,0.057643949803925724,0.1657863461419471,0.24074067826565013,bgn_gam_oracle_bgnzr_s001@cc56eea+dirty
721,499,0.2929397337227672,0.2935197055245868,-0.6152224606508593,0.00710152900517497,0.0010983725624478156,0.05730457152251206,0.16964177834358066,0.23882075838166417,bgn_gam_oracle_bgnzr_s001@cc56eea+dirty
722,499,0.29123738080960876,0.2918344537350292,-0.6914522620478708,0.007144625407839242,0.0010761061091742864,0.05742617657752442,0.1678177060400614,0.2380261110052689,bgn_gam_oracle_bgnzr_s001@cc56eea+dirty
723,499,0.28881578574235894,0.2894735772025726,-0.7227188866645291,0.007210784976913437,0.001054921716377678,0.057396209062442485,0.1682040833741324,0.23478063044093758,bgn_gam_oracle_bgnzr_s001@cc56eea+dirty
724,499,0.2858385101315303,0.28603516227943926,-0.7740817683919398,0.007285594169058939,0.0010211440479446774,0.0574454758892776,0.1680244669478255,0.231238907585017,bgn_gam_oracle_bgnzr_s001@cc56eea+dirty
725,500,0.2869365509686313,0.2869365509686296,-0.6939661232081827,0.007376519375388532,0.001064260670169135,0.05722092502659277,0.17265639038954025,0.2291775624694281,bgn_gam_oracle_bgnzr_s001@cc56eea+dirty
726,500,0.2917852621602039,0.29178526216020323,-0.5030465796154533,0.007515516190275181,0.001135107917867546,0.05708873844892579,0.18083682864743483,0.22899056884211894,bgn_gam_oracle_bgnzr_s001@cc56eea+dirty
727,500,0.2929174292297177,0.2929174292297186,-0.49275736562914674,0.007538012121119371,0.001151861469827576,0.05701521508363567,0.1816787021994603,0.2297682952751891,bgn_gam_oracle_bgnzr_s001@cc56eea+dirty
728,499,0.2902222839372132,0.2909724581976573,-0.5799779349778809,0.0074940428987265014,0.0011151827061458243,0.056914058559589864,0.17871937828461051,0.22866647747165456,bgn_gam_oracle_bgnzr_s001@cc56eea+dirty
729,499,0.29493219850193236,0.29563972700778784,-0.44812309829663927,0.007604325967034332,0.0011748873377246459,0.056857188822666174,0.18430006972572502,0.23025743421717385,bgn_gam_oracle_bgnzr_s001@cc56eea+dirty
730,499,0.29241032455016364,0.2931535277330094,-0.5289843679738867,0.007530372085364721,0.001120315335565406,0.05656190373250407,0.18130220294115848,0.2294195046464337,bgn_gam_oracle_bgnzr_s001@cc56eea+dirty
731,499,0.29338412990959584,0.2941202434888049,-0.47961780108335267,0.0075882847799652615,0.001136932733272929,0.05646314534185355,0.18384296549378304,0.2286394797957306,bgn_gam_oracle_bgnzr_s001@cc56eea+dirty
732,499,0.2921280826323677,0.2928908239353815,-0.507760478103626,0.007579034551935408,0.0011164697373818842,0.056323949873427266,0.18299683579988418,0.22770809109404455,bgn_gam_oracle_bgnzr_s001@cc56eea+dirty
733,499,0.29060512029833163,0.29138707947689957,-0.5462007389299817,0.007561090706533061,0.0010844974165551548,0.05618916108589869,0.18177727661022874,0.22673411223672585,bgn_gam_oracle_bgnzr_s001@cc56eea+dirty
734,499,0.2991720492939715,0.29992867435539766,-0.23364297915080734,0.007894605109127035,0.001227120024563488,0.056925054386200484,0.19375330890821826,0.2279551937681418,bgn_gam_oracle_bgnzr_s001@cc56eea+dirty
735,499,0.29732720976263893,0.2980801854096961,-0.27564009562627306,0.007840939934888342,0.0012176626274464626,0.05678037421616582,0.1923630319021423,0.2267155345860792,bgn_gam_oracle_bgnzr_s001@cc56eea+dirty
736,499,0.2967352945244946,0.2974872962827899,-0.28955088711688204,0.007819177334695473,0.0012055059609717548,0.05666138706295205,0.1918948678677337,0.22633646348426403,bgn_gam_oracle_bgnzr_s001@cc56eea+dirty
737,499,0.29848917942768566,0.2992117290146021,-0.2557867846622996,0.007838209118107084,0.0012250176170457577,0.056714407006056636,0.19286625492294118,0.22781219885557533,bgn_gam_oracle_bgnzr_s001@cc56eea+dirty
738,499,0.30017195614557796,0.30022525484838286,-0.23227790308763968,0.007849322342762517,0.0012374677006827457,0.05675713516902659,0.19330437686121998,0.22964455391443148,bgn_gam_oracle_bgnzr_s001@cc56eea+dirty
739,500,0.30080570315319516,0.3008057031531977,-0.1991394564727365,0.007879100887185395,0.0012474502650901306,0.05681788335728824,0.19462979507586944,0.22935412339483505,bgn_gam_oracle_bgnzr_s001@cc56eea+dirty
740,500,0.30011482189244687,0.30011482189244576,-0.22091197746750477,0.007845757240583675,0.0012415124147916877,0.05681642704953122,0.19337350450034743,0.22951164257350698,bgn_gam_oracle_bgnzr_s001@cc56eea+dirty
741,500,0.30045480545580183,0.30045480545580117,-0.16584932134136415,0.007905888112848038,0.0012626535182327758,0.056938100176249125,0.1955221866629548,0.22813190185508994,bgn_gam_oracle_bgnzr_s001@cc56eea+dirty
742,500,0.30251380943062206,0.3025138094306232,-0.09395755240976454,0.007993508230775001,0.0012909209187864066,0.05732267750358615,0.19811277199599528,0.22861744130378484,bgn_gam_oracle_bgnzr_s001@cc56eea+dirty
743,500,0.3017105973873014,0.3017105973873027,-0.13498390373005711,0.007924795401595278,0.0012712495411789234,0.0571731948843978,0.19613120678094667,0.22926367855037966,bgn_gam_oracle_bgnzr_s001@cc56eea+dirty
744,500,0.2995943234902197,0.2995943234902185,-0.20821159527406738,0.007827608026900319,0.0012352911721694052,0.056901951002766654,0.1933815510560169,0.22882380640731315,bgn_gam_oracle_bgnzr_s001@cc56eea+dirty
745,500,0.30351826896625417,0.303518268966254,-0.05027448836724267,0.00803480336120856,0.0013190969039618167,0.057567022315244236,0.1992362923383909,0.2289721367579965,bgn_gam_oracle_bgnzr_s001@cc56eea+dirty
746,500,0.30168304086179304,0.30168304086179454,-0.14843456414211853,0.007886540976115509,0.0012711576293929524,0.05718528241198453,0.19517919959540406,0.23003855587469618,bgn_gam_oracle_bgnzr_s001@cc56eea+dirty
747,500,0.3043798445787675,0.30437984457876444,-0.09648792596632938,0.007941688953544909,0.0012982676722254102,0.057382236894348015,0.19699662645377958,0.2320332281196482,bgn_gam_oracle_bgnzr_s001@cc56eea+dirty
748,500,0.3062551869090761,0.30625518690907827,-0.058344517115750456,0.007983248430072433,0.0013239763921388046,0.05763919467907101,0.197908979294787,0.2337183677488971,bgn_gam_oracle_bgnzr_s001@cc56eea+dirty
749,500,0.30433507429861184,0.30433507429861295,-0.15201137589903901,0.007827259239444651,0.0012695591033791943,0.05703915540187869,0.19450924317737076,0.23406407619903577,bgn_gam_oracle_bgnzr_s001@cc56eea+dirty
750,500,0.3059556953247627,0.3059556953247619,-0.07040553598260726,0.007929437239301269,0.0013090240667862675,0.05744515019647409,0.1970343111329696,0.23406487933480138,bgn_gam_oracle_bgnzr_s001@cc56eea+dirty
751,500,0.30313038905423306,0.30313038905423556,-0.18858811397601757,0.007756807089054616,0.0012481499251535062,0.056928702128030036,0.19250373027731138,0.23415880636331157,bgn_gam_oracle_bgnzr_s001@cc56eea+dirty
752,500,0.3009081405084378,0.3009081405084391,-0.2680266030404511,0.0076619156299172165,0.001207806747780874,0.05662638685364609,0.18965257847040062,0.23361851061885971,bgn_gam_oracle_bgnzr_s001@cc56eea+dirty
753,500,0.2968253558744835,0.29682535587448566,-0.3942132412899965,0.00753361341934655,0.0011386559343607805,0.05626333699467629,0.18510644065218781,0.23203641420926122,bgn_gam_oracle_bgnzr_s001@cc56eea+dirty
754,500,0.2995747471370694,0.2995747471370697,-0.30042622734689894,0.0076233463310991754,0.001187160062839464,0.056355205044321566,0.18868236714628092,0.23268861908205804,bgn_gam_oracle_bgnzr_s001@cc56eea+dirty
755,500,0.29798913056589615,0.2979891305658957,-0.33525736249117843,0.007581356156114473,0.001153295387229315,0.05625058874858105,0.1872367131009807,0.2318187550707659,bgn_gam_oracle_bgnzr_s001@cc56eea+dirty
756,500,0.3010134933737359,0.3010134933737368,-0.21937877926760121,0.007696730611561796,0.0012076819250893137,0.05654025493429245,0.19122985899338038,0.23246561944174027,bgn_gam_oracle_bgnzr_s001@cc56eea+dirty
757,500,0.3002700030592773,0.3002700030592785,-0.2552965338907249,0.0076454821543358266,0.0011862425476485113,0.056331660956195476,0.19000423959360524,0.23250906148723377,bgn_gam_oracle_bgnzr_s001@cc56eea+dirty
758,500,0.30377231302685637,0.303772313026857,-0.18054222370813494,0.00772335928785231,0.0012209838340275002,0.056607616823540846,0.19251845495700703,0.23497715349083037,bgn_gam_oracle_bgnzr_s001@cc56eea+dirty
759,500,0.3072517119602133,0.30725171196021467,-0.059714291518036325,0.007873149147041299,0.001291812940005001,0.057196850074362746,0.19659019193018007,0.2361268958406408,bgn_gam_oracle_bgnzr_s001@cc56eea+dirty
760,500,0.30552977908619444,0.30552977908619655,-0.06081485625040601,0.007864756095716931,0.001279229834770948,0.05720705620577702,0.19652129483808178,0.23393979264678874,bgn_gam_oracle_bgnzr_s001@cc56eea+dirty
761,500,0.3033869439435451,0.3033869439435448,-0.18131079070107617,0.007698111469734606,0.0012163409345909643,0.056694128309977485,0.19209506865331982,0.23482572762472198,bgn_gam_oracle_bgnzr_s001@cc56eea+dirty
762,500,0.3034920261264748,0.303492026126475,-0.1776465483936333,0.007684703321954635,0.0012076143602663663,0.05664464178151533,0.19180806188665903,0.235195827594021,bgn_gam_oracle_bgnzr_s001@cc56eea+dirty
763,500,0.30825117410491537,0.3082511741049154,-0.047444059444142664,0.007851936984539813,0.0012853931906973727,0.05719204218676972,0.1966972643936138,0.23733725480237533,bgn_gam_oracle_bgnzr_s001@cc56eea+dirty
764,500,0.30885819099124534,0.3088581909912443,-0.02279028705000921,0.00786887614282238,0.001301298078272542,0.05736277507951945,0.19716319422065956,0.2377394729259133,bgn_gam_oracle_bgnzr_s001@cc56eea+dirty
765,500,0.30773334310159944,0.3077333431016,-0.06682242791052223,0.007786891079773059,0.0012819807448960603,0.05721586776780804,0.1952536428342272,0.23785673296430093,bgn_gam_oracle_bgnzr_s001@cc56eea+dirty
766,500,0.3054639776620505,0.30546397766205136,-0.16587851325640487,0.007653515007328879,0.0012322155385109275,0.05682487100074057,0.19155184180583285,0.2379414498356999,bgn_gam_oracle_bgnzr_s001@cc56eea+dirty
767,500,0.3069400882642319,0.3069400882642317,-0.11234338450365534,0.007707747228096209,0.001268253238001226,0.057036626148289485,0.19325468616103303,0.23846350676876138,bgn_gam_oracle_bgnzr_s001@cc56eea+dirty
768,500,0.31064392389835405,0.31064392389835677,0.01710284527689293,0.007872697417726787,0.0013428745908146958,0.05769373242833966,0.1975691446280612,0.23972083878107597,bgn_gam_oracle_bgnzr_s001@cc56eea+dirty
769,500,0.31489279836297984,0.31489279836297795,0.19068252443076056,0.008117054890420593,0.0014458639087607799,0.05869861310778869,0.2035716961752889,0.24024162623738657,bgn_gam_oracle_bgnzr_s001@cc56eea+dirty
770,500,0.3157320447790414,0.31573204477904165,0.22167572463271495,0.008158402846890789,0.0014625756525569716,0.05891841825402464,0.20436234441324552,0.240671469614237,bgn_gam_oracle_bgnzr_s001@cc56eea+dirty
771,500,0.3148224445922701,0.3148224445922711,0.19394856082266385,0.008101025794988347,0.0014350351369889099,0.058742225512450515,0.20312645304677163,0.24052612268044954,bgn_gam_oracle_bgnzr_s001@cc56eea+dirty
772,500,0.3136529005518458,0.31365290055184464,0.10454081985009732,0.007960991466525558,0.0013956995895401756,0.058347538059630694,0.19992031064759083,0.24168163234957854,bgn_gam_oracle_bgnzr_s001@cc56eea+dirty
773,500,0.31243948290805595,0.3124394829080561,0.03207509640065468,0.007827709390901135,0.0013543547207983374,0.057987853176982344,0.19684867255241567,0.2426294099943476,bgn_gam_oracle_bgnzr_s001@cc56eea+dirty
774,500,0.3086759089937703,0.30867590899377123,-0.10519146836631686,0.007645298683336291,0.0012737871059613165,0.05734675148983179,0.19204814285616026,0.24165745926544502,bgn_gam_oracle_bgnzr_s001@cc56eea+dirty
775,500,0.31286242691478,0.31286242691477945,0.04774093101269119,0.007824433372794887,0.0013428756278989202,0.05802512880360669,0.19708702944642878,0.24298065972210334,bgn_gam_oracle_bgnzr_s001@cc56eea+dirty
776,500,0.31245194374752394,0.3124519437475205,0.04449435542784924,0.007813932614976695,0.0013352226003530208,0.05805159189053716,0.19692272563055893,0.24258536081519322,bgn_gam_oracle_bgnzr_s001@cc56eea+dirty
777,500,0.3179335489041438,0.31793354890414366,0.24898179012488647,0.00808495713348815,0.0014467132080989036,0.0590646981814284,0.20390428351318732,0.24393602580135093,bgn_gam_oracle_bgnzr_s001@cc56eea+dirty
778,500,0.3188098903388241,0.3188098903388241,0.2481437655701841,0.008076774976492104,0.0014573663904692646,0.05913219285150208,0.20378858158256014,0.24517332684128038,bgn_gam_oracle_bgnzr_s001@cc56eea+dirty
779,500,0.3159058225635109,0.31590582256351213,0.09335819435392002,0.00783347600438062,0.001381214485727527,0.05832512078388743,0.1977820006751391,0.24633060901655668,bgn_gam_oracle_bgnzr_s001@cc56eea+dirty
780,500,0.31969019029252405,0.3196901902925244,0.2763132759447568,0.00810937393444512,0.0014757938986812887,0.05947359952147732,0.2043059980139883,0.24588793574467707,bgn_gam_oracle_bgnzr_s001@cc56eea+dirty
781,500,0.31788961325724036,0.317889613257241,0.17799855697623487,0.007940490836216216,0.0014420225465279924,0.05895962148376211,0.20045919425542386,0.24671829615029384,bgn_gam_oracle_bgnzr_s001@cc56eea+dirty
782,500,0.31807221521167667,0.318072215211675,0.15520127375859719,0.007902755748156872,0.0014369790198451098,0.05890193554590407,0.19959034473789905,0.2476562706193198,bgn_gam_oracle_bgnzr_s001@cc56eea+dirty
783,500,0.3210844943815279,0.32108449438152686,0.28500237299301756,0.008087337909647772,0.0015115047863416904,0.05974602827369632,0.20371939316323331,0.24818070308032694,bgn_gam_oracle_bgnzr_s001@cc56eea+dirty
784,500,0.3220727545997236,0.32207275459972345,0.3752765541401048,0.00822220919036628,0.0015520275893949164,0.06037511390820895,0.20660299042706604,0.2470750161429671,bgn_gam_oracle_bgnzr_s001@cc56eea+dirty
785,500,0.3171186955926678,0.31711869559266775,0.16756089212066452,0.007898818421224248,0.0014434727306705556,0.05928299796477443,0.19940371874066803,0.24658147547370154,bgn_gam_oracle_bgnzr_s001@cc56eea+dirty
786,500,0.31668517802273666,0.31668517802273805,0.19762451445170173,0.00792816372734623,0.0014720323797933665,0.05957215812235054,0.20011588715370177,0.24544476708208574,bgn_gam_oracle_bgnzr_s001@cc56eea+dirty
787,500,0.31537566682813123,0.31537566682813367,0.11551896747316545,0.007789532549675751,0.0014238318621582692,0.05911730303911424,0.19719704840397367,0.24612016440765128,bgn_gam_oracle_bgnzr_s001@cc56eea+dirty
788,500,0.3163228862733246,0.31632288627332306,0.15013114407289435,0.007833125213335087,0.0014508102379923794,0.059386534238835484,0.19793542091690144,0.2467422491725641,bgn_gam_oracle_bgnzr_s001@cc56eea+dirty
789,500,0.31989128752155266,0.31989128752155105,0.2981659361513848,0.008020579894744214,0.001547217366309255,0.060279348848541886,0.2025837637861059,0.24756868639319454,bgn_gam_oracle_bgnzr_s001@cc56eea+dirty
790,500,0.31850659918713453,0.31850659918713464,0.22234540459506383,0.007893537944438657,0.0015101164940268608,0.059898165210989174,0.1997614709251606,0.2480762150218561,bgn_gam_oracle_bgnzr_s001@cc56eea+dirty
791,500,0.3222994136087468,0.322299413608745,0.3720360001821554,0.008111743202455652,0.001616869825397449,0.06111955008246164,0.2044815558816838,0.2491268859773025,bgn_gam_oracle_bgnzr_s001@cc56eea+dirty
792,500,0.3195667433282794,0.31956674332827983,0.26995701328105365,0.007944297051788379,0.00155580856132711,0.06055369584734133,0.2007365097708129,0.24865187931418242,bgn_gam_oracle_bgnzr_s001@cc56eea+dirty
793,500,0.3225662404724724,0.3225662404724717,0.41969644043188464,0.008147597222701787,0.0016413578447880388,0.06156592748640802,0.20530513157239083,0.24879465919225072,bgn_gam_oracle_bgnzr_s001@cc56eea+dirty
794,500,0.32046414279664215,0.32046414279664465,0.32993116174663445,0.007999190641745394,0.0015826404447785447,0.061126092559311784,0.20209983938971696,0.24870247633877163,bgn_gam_oracle_bgnzr_s001@cc56eea+dirty
795,500,0.3183956167451725,0.3183956167451724,0.2518845121431816,0.007878028991313284,0.00154658260070506,0.06070491024738076,0.1994169739907473,0.24821087656851867,bgn_gam_oracle_bgnzr_s001@cc56eea+dirty
796,500,0.31995964560207796,0.3199596456020772,0.28671435574118886,0.007910904528884804,0.001579606242342207,0.06098786658443241,0.20018533724575527,0.24959969063604737,bgn_gam_oracle_bgnzr_s001@cc56eea+dirty
797,500,0.316635917615294,0.3166359176152931,0.13572668159454992,0.007680445348861137,0.001487198213111629,0.06019684675129825,0.19455854095730332,0.24981048509749265,bgn_gam_oracle_bgnzr_s001@cc56eea+dirty
798,500,0.3190801156808236,0.3190801156808243,0.26568560529459145,0.007858993263604282,0.0015568581341479744,0.061005765491696555,0.19919825623859716,0.2492632643098256,bgn_gam_oracle_bgnzr_s001@cc56eea+dirty
799,500,0.316270420765884,0.3162704207658874,0.15010337930304593,0.0076910028961330885,0.001490410903641479,0.060393355501450426,0.19482561265034726,0.2491384348245894,bgn_gam_oracle_bgnzr_s001@cc56eea+dirty
800,500,0.3158042054178863,0.3158042054178856,0.196679646907001,0.007744563100780706,0.001520189937377634,0.060726327016269226,0.19618246269749662,0.2474767413103055,bgn_gam_oracle_bgnzr_s001@cc56eea+dirty
801,500,0.3136009368263782,0.31360093682637813,0.06518726670426042,0.007557751153193726,0.0014670819479327467,0.060119185621056816,0.19125773407565536,0.24852771824210665,bgn_gam_oracle_bgnzr_s001@cc56eea+dirty
802,500,0.3131665623648948,0.31316656236489465,0.05286657585052181,0.00752369266138809,0.00145704734800293,0.06000790999085368,0.1907357713195711,0.2483810808466978,bgn_gam_oracle_bgnzr_s001@cc56eea+dirty
803,500,0.3133312099778888,0.3133312099778875,0.07789476230155491,0.007544855408389181,0.0014632661019689831,0.060265983433081864,0.19114635314538264,0.248273073097806,bgn_gam_oracle_bgnzr_s001@cc56eea+dirty
804,500,0.3122638381364061,0.3122638381364045,0.044412115414419535,0.007490823462255909,0.0014469914448368806,0.06004960944247203,0.18984356574182698,0.24792766113144427,bgn_gam_oracle_bgnzr_s001@cc56eea+dirty
805,500,0.312658256268565,0.31265825626856525,0.08150894889266998,0.007519083075219105,0.0014648760010766149,0.060208558293416474,0.19097863518698566,0.24755271381064664,bgn_gam_oracle_bgnzr_s001@cc56eea+dirty
806,500,0.3101627459599139,0.31016274595991383,-0.008711480277824011,0.007408022402755261,0.0014253967800729054,0.05988184364918368,0.18749981582257785,0.24707235387208634,bgn_gam_oracle_bgnzr_s001@cc56eea+dirty
807,500,0.31443125183844484,0.31443125183844517,0.12733950318320797,0.007541282078994962,0.0015124394338889445,0.060475611093021256,0.19205245741090515,0.24896358315047598,bgn_gam_oracle_bgnzr_s001@cc56eea+dirty
808,500,0.3138453255820514,0.31384532558205025,0.09720457834284074,0.007492440857305722,0.0015014251185463128,0.06039059799145707,0.1907060339455082,0.24925909613588534,bgn_gam_oracle_bgnzr_s001@cc56eea+dirty
809,500,0.30769853102629474,0.3076985310262942,-0.1369822861127942,0.007225961135715135,0.001362745592246383,0.05939165996978796,0.18205517022583356,0.24806108318271616,bgn_gam_oracle_bgnzr_s001@cc56eea+dirty
810,500,0.31197987507254243,0.3119798750725419,-0.003550017413884095,0.007342044851664339,0.001455947916999795,0.059863851907629904,0.18665813878187237,0.24998036258227657,bgn_gam_oracle_bgnzr_s001@cc56eea+dirty
811,500,0.31202283656447294,0.3120228365644757,0.04287052464083324,0.007390460406821836,0.0014895333405094276,0.06020216131287117,0.18794643995981306,0.24906703162837948,bgn_gam_oracle_bgnzr_s001@cc56eea+dirty
812,500,0.315873740191582,0.31587374019158465,0.18520060964627377,0.007548867981311222,0.0015886549268195793,0.061029971826483134,0.19262157193869625,0.2503460600178974,bgn_gam_oracle_bgnzr_s001@cc56eea+dirty
813,500,0.31529929614026225,0.3152992961402634,0.15733263747204984,0.0074757096934092646,0.0015737990904780104,0.06090288531224313,0.19115139660299793,0.25074845906459364,bgn_gam_oracle_bgnzr_s001@cc56eea+dirty
814,500,0.31082280907313864,0.31082280907313803,-0.0216091819627923,0.007275038807535486,0.0014726774376426683,0.06014017560504781,0.18469314957434962,0.24999851827645642,bgn_gam_oracle_bgnzr_s001@cc56eea+dirty
815,500,0.3081822926973087,0.3081822926973074,-0.10518893303862618,0.007181280145109554,0.001425056065056684,0.059902120255139704,0.18126354459653685,0.24923854624128455,bgn_gam_oracle_bgnzr_s001@cc56eea+dirty
816,500,0.30631091620058604,0.3063109162005857,-0.20479384548301705,0.007063830998792385,0.001360882767459224,0.05951169556294468,0.17707542709137594,0.24994133412472866,bgn_gam_oracle_bgnzr_s001@cc56eea+dirty
817,500,0.3059180407161797,0.30591804071617745,-0.2231606645488971,0.007043746590326544,0.0013553618435277804,0.059442087595068256,0.17636108001072606,0.24996523176849303,bgn_gam_oracle_bgnzr_s001@cc56eea+dirty
818,499,0.3064543574013896,0.30687429502017355,-0.24770792842904213,0.007005553211971575,0.0013452773165046187,0.05914506289338536,0.17529221788983607,0.2513700688577717,bgn_gam_oracle_bgnzr_s001@cc56eea+dirty
819,499,0.3071628456757806,0.30758817659360915,-0.2135933815796446,0.007030707663568324,0.0013651785781511158,0.0590624779613512,0.17704009134106566,0.2510096010546022,bgn_gam_oracle_bgnzr_s001@cc56eea+dirty
820,499,0.30132977006561906,0.3018073963924888,-0.34513199311016846,0.00695437380475255,0.001261625894142285,0.05870767307658563,0.1725035145089724,0.24706713219255128,bgn_gam_oracle_bgnzr_s001@cc56eea+dirty
821,499,0.3015488704785502,0.30201834105008374,-0.3326437076233356,0.006965381822717242,0.0012613900132148923,0.05851382324925155,0.17342235297324088,0.24669091749822109,bgn_gam_oracle_bgnzr_s001@cc56eea+dirty
822,499,0.299691320758649,0.2997256615582185,-0.37204317637873063,0.006963108334803548,0.0012179938818035333,0.058313812110820505,0.1722171622903788,0.24526748001052398,bgn_gam_oracle_bgnzr_s001@cc56eea+dirty
823,500,0.3000504198765266,0.30005041987652625,-0.3019681649529173,0.007022669714727826,0.0012356087861140081,0.058284596684982745,0.17552782509541093,0.2433520846127165,bgn_gam_oracle_bgnzr_s001@cc56eea+dirty
824,500,0.2983897249906034,0.29838972499060473,-0.4098971560447733,0.006958328309173509,0.0011990099253204088,0.05812484889347161,0.17135897184979124,0.24427961590470534,bgn_gam_oracle_bgnzr_s001@cc56eea+dirty
825,500,0.2987794998259778,0.29877949982597474,-0.4030720177096799,0.006981635821799518,0.0012033175820584554,0.058053551907299085,0.1721115563206383,0.24422694711507412,bgn_gam_oracle_bgnzr_s001@cc56eea+dirty
826,500,0.305437451701736,0.3054374517017375,-0.2504049112325384,0.00708315649646696,0.0012972916258777302,0.05811153245690777,0.17783986087963755,0.24832442647545055,bgn_gam_oracle_bgnzr_s001@cc56eea+dirty
827,500,0.3028209680809575,0.30282096808095815,-0.3459136544252033,0.007015480851685791,0.0012376846473642878,0.05792715232740676,0.17466702675379142,0.24737010424559913,bgn_gam_oracle_bgnzr_s001@cc56eea+dirty
828,500,0.30493050310049113,0.304930503100492,-0.28076354761080335,0.007069511782019081,0.0012753789520091549,0.05799317354452664,0.17699027221192987,0.24830838742069428,bgn_gam_oracle_bgnzr_s001@cc56eea+dirty
829,500,0.3078719111900696,0.307871911190068,-0.16165535252487126,0.007167562596665083,0.0013404763087860878,0.05824375086213137,0.1813869847146766,0.24876469901483972,bgn_gam_oracle_bgnzr_s001@cc56eea+dirty
830,500,0.3089746062953589,0.3089746062953589,-0.14370862879355234,0.007181013135902356,0.001350843788566157,0.058245812000376804,0.1820293355611524,0.24966102685548944,bgn_gam_oracle_bgnzr_s001@cc56eea+dirty
831,500,0.3119465236679172,0.3119465236679167,-0.062208150688620054,0.007243684123130468,0.0014070413334758547,0.058368420164229266,0.1849958710225568,0.25117157747863106,bgn_gam_oracle_bgnzr_s001@cc56eea+dirty
832,500,0.31491283483337495,0.31491283483337684,0.010672674014289918,0.007307998427964229,0.0014664048146483906,0.05862404141892135,0.18750642320561253,0.2530048118108235,bgn_gam_oracle_bgnzr_s001@cc56eea+dirty
833,500,0.31760355917609784,0.3176035591760984,0.13473875961909762,0.0074473283016281274,0.001527097979230445,0.059247426355343746,0.19139480799643374,0.25345620582919914,bgn_gam_oracle_bgnzr_s001@cc56eea+dirty
834,500,0.3159635001028897,0.3159635001028887,0.0945349185711969,0.007396085686828044,0.0014970009025794728,0.05913093251402319,0.1898601669654039,0.25255900379344576,bgn_gam_oracle_bgnzr_s001@cc56eea+dirty
835,500,0.31516686702685326,0.3151668670268507,0.082210200896988,0.0073742161992256606,0.001484661702166043,0.059111853683135936,0.1893827239439665,0.25192129315142375,bgn_gam_oracle_bgnzr_s001@cc56eea+dirty
836,500,0.3134969944978676,0.31349699449786633,0.12178906968110623,0.007413432269631554,0.001478265939358553,0.05932656251797432,0.1904064498297901,0.24904969267680627,bgn_gam_oracle_bgnzr_s001@cc56eea+dirty
837,500,0.3118474862414894,0.31184748624148834,0.06338288460196444,0.007338005053071337,0.0014280434116201322,0.059133077683326145,0.18808959795018582,0.24873913608049975,bgn_gam_oracle_bgnzr_s001@cc56eea+dirty
838,500,0.31167743065990494,0.311677430659905,0.058501722428661945,0.007331790921193855,0.001428764134922281,0.05918409924719266,0.1879501781277973,0.24863135627770105,bgn_gam_oracle_bgnzr_s001@cc56eea+dirty
839,500,0.31090845863155264,0.3109084586315519,-0.010171053612772181,0.007228681381696708,0.001411420995894101,0.05895531604223496,0.1848307322100442,0.2500033401363806,bgn_gam_oracle_bgnzr_s001@cc56eea+dirty
840,500,0.30576744707192366,0.30576744707192205,-0.21266780887793224,0.0070464303672161735,0.001302972878832204,0.058379718571183944,0.17785349200325534,0.24872045969547746,bgn_gam_oracle_bgnzr_s001@cc56eea+dirty
841,500,0.30654541802583307,0.3065454180258341,-0.20786316476096878,0.007040852239109705,0.001313192718815945,0.058398734945369804,0.17754365588719945,0.24989666577775793,bgn_gam_oracle_bgnzr_s001@cc56eea+dirty
842,500,0.3112067711499315,0.3112067711499322,-0.07696837078093972,0.0071426605616140065,0.001396426568773184,0.058785581355755234,0.1822607708777149,0.2522511958517282,bgn_gam_oracle_bgnzr_s001@cc56eea+dirty
843,500,0.31045884223164505,0.310458842231645,-0.11698023091003341,0.007093533745360977,0.001375612962197959,0.05873998508058121,0.18026134951329031,0.25276577812564116,bgn_gam_oracle_bgnzr_s001@cc56eea+dirty
844,500,0.3105924810582062,0.3105924810582046,-0.07574716466469524,0.007118726814321517,0.001381388429034239,0.05880433860288745,0.1817223283548435,0.2518822833531303,bgn_gam_oracle_bgnzr_s001@cc56eea+dirty
845,500,0.3094805525344487,0.3094805525344472,-0.12245091572723323,0.007062049196963455,0.0013399343309262984,0.05865437338961165,0.17988214643366696,0.25183452065085216,bgn_gam_oracle_bgnzr_s001@cc56eea+dirty
846,500,0.3075979813893217,0.307597981389326,-0.2246931077132296,0.006950432880485398,0.0012893334379401285,0.058355672474385376,0.17555497234665143,0.2525806204742398,bgn_gam_oracle_bgnzr_s001@cc56eea+dirty
847,500,0.3091225833812087,0.30912258338121,-0.18715302344400506,0.006972986963063156,0.0013109285114849484,0.05836346071547427,0.17687093973686743,0.2535220744488924,bgn_gam_oracle_bgnzr_s001@cc56eea+dirty
848,500,0.31230861953670946,0.3123086195367055,-0.07264029402051456,0.007079434708085269,0.0013919607288428977,0.05883756871395403,0.18092816099185682,0.2545617300322849,bgn_gam_oracle_bgnzr_s001@cc56eea+dirty
849,500,0.31724457359388014,0.3172445735938782,0.11094414082959766,0.007255749026476953,0.001498512533257588,0.059468319653763944,0.18747344535660895,0.25592543203223356,bgn_gam_oracle_bgnzr_s001@cc56eea+dirty
850,500,0.31893958554867685,0.3189395855486778,0.14869032512180844,0.007289384558627683,0.0015343321648080336,0.0596478896782249,0.1885575517532239,0.25723240252112883,bgn_gam_oracle_bgnzr_s001@cc56eea+dirty
851,500,0.3150557264146386,0.3150557264146384,0.05179603433425928,0.007194487833318986,0.00146643191926324,0.05935087117356911,0.18529765963556236,0.25480362650527344,bgn_gam_oracle_bgnzr_s001@cc56eea+dirty
852,500,0.3108959901055844,0.31089599010558583,-0.05680875214169127,0.007086655326071339,0.0014018023483075308,0.05904047338526589,0.18118750578906206,0.2526408605306557,bgn_gam_oracle_bgnzr_s001@cc56eea+dirty
853,500,0.3136762358156801,0.31367623581568005,0.049583244159536036,0.0071697488572848075,0.001455977425671194,0.0593931377429272,0.18466844569350804,0.25355541027680323,bgn_gam_oracle_bgnzr_s001@cc56eea+dirty
854,500,0.31421966798987483,0.31421966798987444,0.04929608637271702,0.007160908214952165,0.001461563333741848,0.05936236290938859,0.1845203210757838,0.25433491868352803,bgn_gam_oracle_bgnzr_s001@cc56eea+dirty
855,500,0.31200587032964244,0.3120058703296404,-0.017614298782762036,0.007076229347124127,0.0014277845462252175,0.05910864374074318,0.1820243438584158,0.2534063956633117,bgn_gam_oracle_bgnzr_s001@cc56eea+dirty
856,500,0.30874240000543546,0.3087424000054363,-0.15310297232100858,0.006955127274912194,0.0013537450363471897,0.05874072336572134,0.1771932532246024,0.25283279172765194,bgn_gam_oracle_bgnzr_s001@cc56eea+dirty
857,500,0.3068606592746709,0.30686065927467165,-0.23255078613237892,0.006878724510716062,0.0012894333817757059,0.05860314770615567,0.17359392872833632,0.2530387561602905,bgn_gam_oracle_bgnzr_s001@cc56eea+dirty
858,500,0.31029519046382503,0.31029519046382503,-0.13128887085247853,0.006945380356148173,0.0013416254359430062,0.05868091965479223,0.17720185307924669,0.2547206479464563,bgn_gam_oracle_bgnzr_s001@cc56eea+dirty
859,500,0.3107249292723809,0.3107249292723806,-0.14093256072255353,0.006914354503368042,0.0013564071653580933,0.058487767981356215,0.17681473301905407,0.25551229296988187,bgn_gam_oracle_bgnzr_s001@cc56eea+dirty
860,500,0.3089507458329082,0.30895074583290805,-0.24042404138750123,0.006844154258589264,0.0013122624778337069,0.05825199580220209,0.17331575657388115,0.2557581120393514,bgn_gam_oracle_bgnzr_s001@cc56eea+dirty
861,500,0.3121127176728957,0.31211271767289644,-0.14013590156120023,0.00691574846505684,0.0013628516833455275,0.05838946999371831,0.1770252886023563,0.25705329355682877,bgn_gam_oracle_bgnzr_s001@cc56eea+dirty
862,500,0.3120718802801661,0.3120718802801653,-0.1135994496737867,0.006941380496027308,0.001359163816927558,0.058489658111294696,0.17780621220349876,0.25646405082085616,bgn_gam_oracle_bgnzr_s001@cc56eea+dirty
863,500,0.31243598543826834,0.3124359854382673,-0.14306205672780026,0.006892986928392213,0.0013514371600409846,0.0583490707529239,0.17633831423203714,0.25791673836838347,bgn_gam_oracle_bgnzr_s001@cc56eea+dirty
864,500,0.3140763486869591,0.31407634868695766,-0.06020531924997423,0.006949350600743361,0.0014011375116602075,0.05860244226243875,0.17905991440399824,0.2580339122250506,bgn_gam_oracle_bgnzr_s001@cc56eea+dirty
865,500,0.3122781885478765,0.31227818854787603,-0.1143359840096025,0.006900929876325951,0.0013741606019177796,0.05852362205441554,0.17690850480564116,0.25733450598428403,bgn_gam_oracle_bgnzr_s001@cc56eea+dirty
866,500,0.31468809603961206,0.3146880960396129,-0.025614942115717326,0.006983356115093021,0.0014206546325865727,0.05875969203724665,0.1802111154277806,0.25797781235081296,bgn_gam_oracle_bgnzr_s001@cc56eea+dirty
867,500,0.31106008415220043,0.3110600841522004,-0.1455172144427377,0.006879412047065079,0.0013464720584069679,0.058489646651016004,0.17581612167469135,0.2566068341101697,bgn_gam_oracle_bgnzr_s001@cc56eea+dirty
868,500,0.30909813321666596,0.30909813321666757,-0.20685097686209716,0.0068476562840078525,0.0013112607357400154,0.058307660811890365,0.17390347584340657,0.2555371539475414,bgn_gam_oracle_bgnzr_s001@cc56eea+dirty
869,500,0.30569948219572907,0.3056994821957295,-0.3175600291096371,0.006773108888888294,0.001256189495694905,0.05804490148013664,0.17032661623707224,0.25385235318185645,bgn_gam_oracle_bgnzr_s001@cc56eea+dirty
870,500,0.3037303838961196,0.30373038389611723,-0.3387521029024951,0.006762298202886587,0.0012328614168691785,0.057977764295155644,0.16933639512461524,0.2521454568059563,bgn_gam_oracle_bgnzr_s001@cc56eea+dirty
871,500,0.30114576082911293,0.30114576082911215,-0.4060248116893624,0.006756037969916056,0.0011956578844076597,0.057828283502064474,0.1679498563621233,0.2499632273221152,bgn_gam_oracle_bgnzr_s001@cc56eea+dirty
872,500,0.301525142238099,0.30152514223809906,-0.38111406323807284,0.00679810327625057,0.0012037960355450385,0.05783563771135986,0.16916627158396763,0.2496000479969608,bgn_gam_oracle_bgnzr_s001@cc56eea+dirty
873,500,0.3002420754951915,0.3002420754951886,-0.39762531441075066,0.006830534912604429,0.0011894313174844156,0.05774850501584847,0.16939479737552646,0.2478925301814571,bgn_gam_oracle_bgnzr_s001@cc56eea+dirty
874,500,0.30121795853793915,0.30121795853793804,-0.3644129520622363,0.006860552888731328,0.0011960445137359117,0.05754441548417912,0.17129478652531044,0.24777077038063217,bgn_gam_oracle_bgnzr_s001@cc56eea+dirty
875,500,0.30246972264530275,0.3024697226453028,-0.3372342341465469,0.006898569428223288,0.001207115216681286,0.05746403196997437,0.17270424468870824,0.2483166868811461,bgn_gam_oracle_bgnzr_s001@cc56eea+dirty
876,500,0.303355429605947,0.3033554296059503,-0.31538136360052577,0.006918565280952725,0.001217317164000614,0.05734430319942429,0.17396200553971042,0.24851908840169692,bgn_gam_oracle_bgnzr_s001@cc56eea+dirty
877,500,0.30669934151352546,0.30669934151352535,-0.185534951040735,0.007008290940173996,0.0012652805500847487,0.057371600704726536,0.17881679746018195,0.2491767224901122,bgn_gam_oracle_bgnzr_s001@cc56eea+dirty
878,500,0.3072214082567401,0.3072214082567405,-0.1840708785114317,0.007001396243719592,0.0012596751396774315,0.05726616436783897,0.17895899794640008,0.24971718151796235,bgn_gam_oracle_bgnzr_s001@cc56eea+dirty
879,500,0.30493148880826687,0.3049314888082641,-0.2966424958340091,0.006922636545915886,0.0012059543922990754,0.05714505855691333,0.17450212318927474,0.25006443543467227,bgn_gam_oracle_bgnzr_s001@cc56eea+dirty
880,500,0.30822966099926313,0.30822966099926064,-0.22350573188826284,0.006957201014508773,0.0012489100742229303,0.05712120944146476,0.17710868513338626,0.2522658073739755,bgn_gam_oracle_bgnzr_s001@cc56eea+dirty
881,500,0.31236673993370784,0.31236673993370884,-0.07360361641085016,0.007066074293990585,0.0013188779947877465,0.05732783940719934,0.1822961429864819,0.25365546804487543,bgn_gam_oracle_bgnzr_s001@cc56eea+dirty
882,500,0.31260760436143464,0.31260760436143403,-0.07837905831048374,0.007044238172616936,0.0013153884736552316,0.05718380572927076,0.18228753335258194,0.25395820421641546,bgn_gam_oracle_bgnzr_s001@cc56eea+dirty
883,500,0.31450849918708973,0.31450849918708984,-0.010992325547620415,0.007089648968767259,0.0013435163344632883,0.05736933742223975,0.1840003490184084,0.25506757461900076,bgn_gam_oracle_bgnzr_s001@cc56eea+dirty
884,500,0.31213225254597254,0.3121322525459755,-0.06627617410871708,0.007036557341878172,0.0013088338691861737,0.057176789244222356,0.18227816865687477,0.2533795814790898,bgn_gam_oracle_bgnzr_s001@cc56eea+dirty
885,500,0.31338683124245786,0.3133868312424578,-0.03397658509708832,0.007060196032098866,0.0013319889237283634,0.05724727693402912,0.18350106545571113,0.2540446121703973,bgn_gam_oracle_bgnzr_s001@cc56eea+dirty
886,500,0.314573711570624,0.3145737115706223,0.024482340801255692,0.0071004129695695665,0.0013573362527842473,0.057380893297432296,0.18527617341730881,0.2542230508336281,bgn_gam_oracle_bgnzr_s001@cc56eea+dirty
887,500,0.3153908867360171,0.31539088673601917,0.06131096326422118,0.0071288248203434075,0.0013813030780162232,0.0576839892499276,0.18581651056529055,0.2548404124888171,bgn_gam_oracle_bgnzr_s001@cc56eea+dirty
888,500,0.31338772173867335,0.3133877217386711,-0.021871482554392974,0.007022480818208104,0.0013414130021823692,0.057417951858792775,0.18261937680240975,0.2546802453133255,bgn_gam_oracle_bgnzr_s001@cc56eea+dirty
889,500,0.31666962085557043,0.3166696208555704,0.1029635091894355,0.007157533486925642,0.0014071643355939186,0.057966847088755255,0.18694414017263608,0.25560034668975806,bgn_gam_oracle_bgnzr_s001@cc56eea+dirty
890,500,0.3170554441481457,0.3170554441481457,0.13055622958696314,0.007166639859892862,0.0014107777356409373,0.058015673026615484,0.1877388982611739,0.25549610710079035,bgn_gam_oracle_bgnzr_s001@cc56eea+dirty
891,500,0.318363189653156,0.3183631896531546,0.18847799842075993,0.0072189547996756274,0.0014349641623190954,0.0582525934211185,0.18964521024286318,0.2557143225516937,bgn_gam_oracle_bgnzr_s001@cc56eea+dirty
892,500,0.3190092221893667,0.31900922218936684,0.21375370057152718,0.007221968574760437,0.00145085971157311,0.05843209720941763,0.18963576650823596,0.25652516426794963,bgn_gam_oracle_bgnzr_s001@cc56eea+dirty
893,500,0.32203495211035504,0.3220349521103594,0.33429609385256864,0.0073555546174537126,0.0015194269235325778,0.05908912231857817,0.19362221674400798,0.2573265387865291,bgn_gam_oracle_bgnzr_s001@cc56eea+dirty
894,500,0.32396285647307493,0.3239628564730749,0.3805971009861165,0.00739013449767322,0.0015764416751513377,0.05941413138608003,0.1948451551801411,0.25881904465672706,bgn_gam_oracle_bgnzr_s001@cc56eea+dirty
895,500,0.32405995554835926,0.32405995554835987,0.37462152254504777,0.007358149251201209,0.0015651226753421138,0.059506338140372476,0.19382506249885878,0.2597050248595858,bgn_gam_oracle_bgnzr_s001@cc56eea+dirty
896,500,0.3260392814064828,0.3260392814064833,0.40890476796473346,0.007386995894579286,0.001609884226613741,0.0597886515129653,0.19483311970215145,0.26142239476981083,bgn_gam_oracle_bgnzr_s001@cc56eea+dirty
897,500,0.33060441005057334,0.33060441005057395,0.5794013183637741,0.0076070091309655705,0.0017323429287722427,0.06088328418511355,0.2002280126880604,0.26307416992148347,bgn_gam_oracle_bgnzr_s001@cc56eea+dirty
898,500,0.3335495151353331,0.33354951513533454,0.7387235574712236,0.007821524839449614,0.0018496100177796632,0.06189969370712483,0.2055061061064466,0.2627213721796948,bgn_gam_oracle_bgnzr_s001@cc56eea+dirty
