month,n,sr_max,sr_max_code,rf,mean_mu,sd_mu,mean_idio_sd,sr_ew,sr_orth,prov
414,500,0.402321269174244,0.4023212691742442,0.42020049944981985,0.023680928491729637,0.006181561255787801,0.16244921017260008,0.2630729332553791,0.3043928964650544,bgn_gam_oracle_g0235_s008@de109da+dirty
415,500,0.40038469557499595,0.40038469557499484,0.3809782019196757,0.023200641091934874,0.006129238845858307,0.16009341845283998,0.26170306551589323,0.30301717764883607,bgn_gam_oracle_g0235_s008@de109da+dirty
416,500,0.39867739464516255,0.39867739464516355,0.3573948039649358,0.022830058976040027,0.006108621162514585,0.1582131853709857,0.2605583338900455,0.30174992898341874,bgn_gam_oracle_g0235_s008@de109da+dirty
417,500,0.40234058169731873,0.4023405816973197,0.41234493074956446,0.023295459004308825,0.0063281798139342375,0.16203100084251706,0.2619463020598475,0.30538840599752304,bgn_gam_oracle_g0235_s008@de109da+dirty
418,500,0.39726800455313627,0.3972680045531355,0.3309220721327935,0.022426182054021596,0.0061288601270267406,0.15630757294496084,0.2594072851100279,0.3008815844704946,bgn_gam_oracle_g0235_s008@de109da+dirty
419,500,0.39151747993163977,0.3915174799316398,0.23468100094919228,0.02145926266750334,0.005887292311682016,0.15050074374360983,0.25598359500836804,0.2962403351649025,bgn_gam_oracle_g0235_s008@de109da+dirty
420,500,0.39113969733402476,0.3911396973340255,0.23679245571474156,0.02146191972535936,0.005847293126813886,0.15070944636867523,0.25625576789535204,0.29550506637097773,bgn_gam_oracle_g0235_s008@de109da+dirty
421,500,0.3944259548754508,0.3944259548754506,0.3039674088186244,0.022095423559166265,0.006059741502142492,0.15533662840471021,0.25863241019622535,0.2977937378043779,bgn_gam_oracle_g0235_s008@de109da+dirty
422,500,0.3919863720617148,0.3919863720617145,0.2674286825487373,0.021712410560709758,0.005958475834272042,0.153495716543101,0.2572094011965891,0.29579830935655665,bgn_gam_oracle_g0235_s008@de109da+dirty
423,500,0.3891117742771327,0.3891117742771333,0.22105829269606744,0.02124805349077089,0.005802311067204969,0.15049258839217242,0.25539936277911235,0.29356283547670275,bgn_gam_oracle_g0235_s008@de109da+dirty
424,500,0.39180830273618805,0.3918083027361879,0.24523409503712532,0.021316915818626873,0.005896863807624354,0.1510700058437552,0.25607037211219547,0.29654967647821523,bgn_gam_oracle_g0235_s008@de109da+dirty
425,500,0.3844422613402174,0.38444226134021725,0.12194499974338636,0.020132962626820246,0.005537142763326462,0.14371623305416267,0.2508635086883623,0.29131315163058463,bgn_gam_oracle_g0235_s008@de109da+dirty
426,500,0.3872427431408204,0.3872427431408206,0.16978565742251372,0.020468394218304355,0.005663878268328493,0.14660544032972259,0.25258127427357857,0.2935296271274208,bgn_gam_oracle_g0235_s008@de109da+dirty
427,500,0.3781560006698125,0.3781560006698121,0.02892600001129148,0.019227756677058457,0.0052412671724648965,0.13851167548410023,0.24600848273613346,0.2871964262738183,bgn_gam_oracle_g0235_s008@de109da+dirty
428,500,0.37853218710310443,0.3785321871031049,0.02601765897005007,0.01908730857788433,0.0052667306716748215,0.1381701731250965,0.2453036338219366,0.28829280932207263,bgn_gam_oracle_g0235_s008@de109da+dirty
429,500,0.37641748003651,0.3764174800365093,-0.055799307310539274,0.01834738395674274,0.005076260672403912,0.13370755169955206,0.2402180920310285,0.2898023249354786,bgn_gam_oracle_g0235_s008@de109da+dirty
430,500,0.38279709771080467,0.38279709771080417,0.08312463580932963,0.019352037878596767,0.005454648907667046,0.14046829305267555,0.24766550902233156,0.29188253400387754,bgn_gam_oracle_g0235_s008@de109da+dirty
431,500,0.37892055287306475,0.3789205528730646,0.016241618555188773,0.01877668847327299,0.005250173542368756,0.13723256402984757,0.24415166651481202,0.2897770679810069,bgn_gam_oracle_g0235_s008@de109da+dirty
432,500,0.37725354501629327,0.3772535450162937,-0.021417821846589222,0.018436320376624495,0.005125286325100385,0.1349087854699937,0.24187591321676555,0.28951041403188954,bgn_gam_oracle_g0235_s008@de109da+dirty
433,500,0.37809320135347846,0.3780932013534788,-0.023156778141112482,0.018370109361072643,0.005158638961731531,0.13483353685314045,0.24145493137270216,0.29095357881546274,bgn_gam_oracle_g0235_s008@de109da+dirty
434,500,0.3766072406945403,0.37660724069454077,-0.05914281580897311,0.01806791619397171,0.005049561469608169,0.13308106140456216,0.2391266638273411,0.29094922648180593,bgn_gam_oracle_g0235_s008@de109da+dirty
435,500,0.3798723687101538,0.3798723687101535,0.0261235862561714,0.018609859533006933,0.0053065139153397846,0.13714458466019253,0.2438309371517904,0.29128935888072305,bgn_gam_oracle_g0235_s008@de109da+dirty
436,500,0.3865778495463068,0.3865778495463071,0.13907313995015821,0.019386541031979704,0.005710845011165991,0.14282379064893638,0.2488797972144564,0.2958061532462401,bgn_gam_oracle_g0235_s008@de109da+dirty
437,500,0.379316671245305,0.3793166712453052,0.008597109680548448,0.0182985194292994,0.00538308825351698,0.13605722608879434,0.24188107824261076,0.292189460920155,bgn_gam_oracle_g0235_s008@de109da+dirty
438,500,0.3798258127374341,0.3798258127374343,0.017312936999668443,0.01826519767327442,0.005426136749299714,0.13632414671425433,0.24190951545283607,0.2928266284937666,bgn_gam_oracle_g0235_s008@de109da+dirty
439,500,0.3816606849649291,0.381660684964929,0.05534175446054876,0.018551026477277736,0.005550359481436648,0.13848501129481122,0.24393915117343512,0.29352779931836576,bgn_gam_oracle_g0235_s008@de109da+dirty
440,500,0.3782843576683262,0.37828435766832647,-0.046670027685471425,0.017674267651077918,0.005268707172624873,0.13325397787627885,0.2375395193802138,0.2944045379900846,bgn_gam_oracle_g0235_s008@de109da+dirty
441,500,0.38313437307927906,0.3831343730792786,0.03791407526314882,0.018194772369280708,0.005589013819356107,0.13738938112990184,0.24215467622460238,0.2969058110199431,bgn_gam_oracle_g0235_s008@de109da+dirty
442,500,0.38189315927345513,0.38189315927345496,0.003141769280657214,0.017855807343579964,0.005478347527536,0.1354985003263323,0.2399503259897553,0.29709632471181924,bgn_gam_oracle_g0235_s008@de109da+dirty
443,500,0.3841790919658035,0.3841790919658049,0.03746416162081376,0.018034917148436462,0.005587920862045572,0.13665206668289204,0.24178376472098626,0.2985534890451225,bgn_gam_oracle_g0235_s008@de109da+dirty
444,500,0.3918290892339786,0.39182908923397863,0.16531353922684683,0.01899392007060203,0.005962316524251351,0.14381277706084114,0.2481065556458734,0.3032707902444122,bgn_gam_oracle_g0235_s008@de109da+dirty
445,500,0.40064849534122415,0.4006484953412245,0.2838353128158641,0.019840363153625105,0.006416494177678454,0.15078267097779463,0.252531110948438,0.3110422074611975,bgn_gam_oracle_g0235_s008@de109da+dirty
446,500,0.39823923711472436,0.39823923711472414,0.2446501022488006,0.01939554791283453,0.006327701755053378,0.1484874935715757,0.2506347980034278,0.3094780897050688,bgn_gam_oracle_g0235_s008@de109da+dirty
447,500,0.4022141439636367,0.40221414396363564,0.29487584254396887,0.01971754625172251,0.006485933146661646,0.1517464430123794,0.25220492615333984,0.31331915490181805,bgn_gam_oracle_g0235_s008@de109da+dirty
448,500,0.40827117410701524,0.4082711741070154,0.37477278963532185,0.02022290350951238,0.006803702577225586,0.15607806092751889,0.25469368981458534,0.3190869410918481,bgn_gam_oracle_g0235_s008@de109da+dirty
449,500,0.4059651213797456,0.4059651213797459,0.341708231755803,0.0198684951888693,0.006728835528146895,0.15380021771393518,0.2533611466544891,0.3171999513600121,bgn_gam_oracle_g0235_s008@de109da+dirty
450,500,0.4211994982194071,0.421199498219407,0.5463334424579386,0.021586498967968173,0.007489069237496479,0.16751049856874078,0.2596180487320503,0.3316737645229768,bgn_gam_oracle_g0235_s008@de109da+dirty
451,500,0.41764472960146337,0.41764472960146337,0.5098323278857937,0.02119675661624333,0.007320367129389015,0.1647381469419903,0.25857378067489006,0.3279736576485577,bgn_gam_oracle_g0235_s008@de109da+dirty
452,500,0.4150761633902635,0.4150761633902632,0.44783528725612415,0.020571515432384266,0.007168177868175087,0.16033661497392304,0.2562945222889975,0.32649860529477803,bgn_gam_oracle_g0235_s008@de109da+dirty
453,500,0.4060423706520726,0.4060423706520729,0.342807293839767,0.01970971977982176,0.006801285353888742,0.15408763349348176,0.2528424559039815,0.3177122900631927,bgn_gam_oracle_g0235_s008@de109da+dirty
454,500,0.40053963548227495,0.4005396354822745,0.25600990873518176,0.018852553763927575,0.00653099450180334,0.14849270191797176,0.24883721974322387,0.3138662735349821,bgn_gam_oracle_g0235_s008@de109da+dirty
455,500,0.3966290967374582,0.39662909673745766,0.20198947091733832,0.018355672153820037,0.00635347775170841,0.1452619716914868,0.24618123569285524,0.3109814135467116,bgn_gam_oracle_g0235_s008@de109da+dirty
456,500,0.3935630838456606,0.39356308384566036,0.15466168520777004,0.017878294895837712,0.006198421327519241,0.14242810233152267,0.243402797577605,0.30926845797381586,bgn_gam_oracle_g0235_s008@de109da+dirty
457,500,0.3937270718759682,0.3937270718759677,0.14862525928721712,0.01773675413397641,0.006220126231603297,0.1418033181449028,0.242628150852673,0.3100848070154944,bgn_gam_oracle_g0235_s008@de109da+dirty
458,500,0.39327122044603874,0.39327122044603824,0.13104127524754336,0.01753293044028208,0.006174337159705208,0.14083931689408094,0.2415930230567372,0.3103144599296392,bgn_gam_oracle_g0235_s008@de109da+dirty
459,500,0.39424360255018365,0.39424360255018376,0.1445059837104919,0.01754730171122111,0.006238156486311646,0.14150331424350593,0.24183667805508063,0.3113567717250268,bgn_gam_oracle_g0235_s008@de109da+dirty
460,500,0.3933590558504424,0.3933590558504425,0.11587919541663505,0.01721820463662102,0.006196489383767157,0.13883479408057564,0.23983333464858705,0.31178729674393457,bgn_gam_oracle_g0235_s008@de109da+dirty
461,500,0.3941621364484354,0.3941621364484359,0.12290038327974717,0.017193640265209545,0.006206443151672269,0.13865585903235192,0.24003798311757063,0.3126428576993946,bgn_gam_oracle_g0235_s008@de109da+dirty
462,500,0.39202018130555405,0.3920201813055544,0.07669069246370765,0.016816267029898174,0.006085667015621031,0.13610559867499483,0.23714511237776142,0.3121570409684497,bgn_gam_oracle_g0235_s008@de109da+dirty
463,500,0.3903962411100715,0.390396241110071,0.027449476576349573,0.016444369298348385,0.0058639453271694675,0.1333919583000877,0.23406538027522272,0.31244619189468203,bgn_gam_oracle_g0235_s008@de109da+dirty
464,500,0.3892945766089183,0.38929457660891786,-0.07354183569323007,0.01572639928925098,0.005541558012622373,0.128354295367475,0.22646705714410142,0.31664323679119893,bgn_gam_oracle_g0235_s008@de109da+dirty
465,500,0.3892418003005355,0.38924180030053673,-0.04535882502397544,0.01580500783333795,0.005654213270147883,0.12894132378788853,0.22817363321166348,0.3153505544757948,bgn_gam_oracle_g0235_s008@de109da+dirty
466,500,0.39022515295290344,0.39022515295290366,0.0018319814243836132,0.016052856431751243,0.0057940624864343745,0.1312273121333693,0.23137685326478655,0.3142298868191922,bgn_gam_oracle_g0235_s008@de109da+dirty
467,500,0.39055393956481876,0.3905539395648194,-0.07016391792765382,0.015475618266365298,0.005558238357109578,0.12777691510657413,0.22530577932840487,0.3190136133628473,bgn_gam_oracle_g0235_s008@de109da+dirty
468,500,0.3921180184784867,0.39211801847848643,-0.054856767527062006,0.01549849719870783,0.005609813103324789,0.12855142548741472,0.2258687614282141,0.32053056488637605,bgn_gam_oracle_g0235_s008@de109da+dirty
469,500,0.39418536477125404,0.39418536477125676,-0.11635923505610232,0.01507157010094725,0.005416010714403885,0.12529293748639156,0.22070287716812179,0.3266073205082206,bgn_gam_oracle_g0235_s008@de109da+dirty
470,500,0.39714883827817726,0.3971488382781795,-0.15083611894665364,0.014801464613243064,0.00529960764019652,0.1235095332934622,0.21722932274070889,0.33247348930000226,bgn_gam_oracle_g0235_s008@de109da+dirty
471,500,0.4140565555740014,0.41405655557400173,-0.2707197112764963,0.01415758193561611,0.004803828350105577,0.11913633435727516,0.20479447201391973,0.35986394018621254,bgn_gam_oracle_g0235_s008@de109da+dirty
472,500,0.40405858614937995,0.40405858614937956,-0.2244275823885001,0.014348013318222812,0.004909377350769465,0.12011488657146831,0.20980987681193336,0.3453160242925272,bgn_gam_oracle_g0235_s008@de109da+dirty
473,499,0.39847014043111423,0.40102847411716563,-0.19027066611264157,0.014478769730833316,0.0049935781193472546,0.12118161619854204,0.21331696328342803,0.3365625142387793,bgn_gam_oracle_g0235_s008@de109da+dirty
474,499,0.41522097552074677,0.41877481242038944,-0.275875253551232,0.013946595131907165,0.004737836660625963,0.11806214092005261,0.20322818399277714,0.3620866798756874,bgn_gam_oracle_g0235_s008@de109da+dirty
475,499,0.45009955693533676,0.45508185469077905,-0.3950743021197711,0.013294469737735883,0.004370855554670221,0.1147320998017998,0.18791928743033814,0.40899382949509205,bgn_gam_oracle_g0235_s008@de109da+dirty
476,499,0.43160891047291505,0.4359485939155153,-0.332145676453682,0.01358754114183492,0.0045323643523356395,0.11538782316891398,0.19641951167331284,0.38432489775401507,bgn_gam_oracle_g0235_s008@de109da+dirty
477,498,0.47119873091804554,0.48199177043990105,-0.45133978969654825,0.012948969075931583,0.004223347185549797,0.11270132061582355,0.1805483708153879,0.4352361770518231,bgn_gam_oracle_g0235_s008@de109da+dirty
478,498,0.48027497504485656,0.4916578038521892,-0.4779516279150531,0.012775774138591094,0.004162654201983397,0.111453021120538,0.17742363192577065,0.44630136285766175,bgn_gam_oracle_g0235_s008@de109da+dirty
479,498,0.47070314263713103,0.48210754356807506,-0.4566256286657505,0.012880727757914455,0.004219774263419087,0.11155868744503365,0.18059353559701824,0.43468082933232727,bgn_gam_oracle_g0235_s008@de109da+dirty
480,498,0.47519090700245714,0.48618044215706385,-0.45407612395961405,0.012889550741134289,0.00419492949706958,0.11108712311267209,0.18113625836248853,0.43931316165607387,bgn_gam_oracle_g0235_s008@de109da+dirty
481,498,0.4577462127175854,0.4681724324961483,-0.40413578564197544,0.013120422047330512,0.004318010518966875,0.11152958184374438,0.18803599390313097,0.4173416589008994,bgn_gam_oracle_g0235_s008@de109da+dirty
482,498,0.45595769745388304,0.46578399619738914,-0.3923495456899292,0.013141228152046047,0.0043209436010210114,0.11162805740208344,0.1893373187685826,0.41478765843377124,bgn_gam_oracle_g0235_s008@de109da+dirty
483,498,0.4519775997987886,0.461247985154434,-0.3712146417589657,0.013168209162322171,0.004436700904404675,0.11123656580499483,0.19189763574437557,0.40921760484562836,bgn_gam_oracle_g0235_s008@de109da+dirty
484,498,0.44676101500605275,0.45541231005756744,-0.3469889910148674,0.013253898530571885,0.004472669055337211,0.1113052832402231,0.19493367095831932,0.40199038353666144,bgn_gam_oracle_g0235_s008@de109da+dirty
485,498,0.44834700655176724,0.45662067976859705,-0.34212348888406047,0.013226476037539802,0.004459051129459749,0.11121212533923402,0.19527913788594517,0.40358530274336357,bgn_gam_oracle_g0235_s008@de109da+dirty
486,498,0.4232535986350343,0.429936325923,-0.2633054709113356,0.013614904222141816,0.004678890537283882,0.11281863520124877,0.20566115922856076,0.3699285016625122,bgn_gam_oracle_g0235_s008@de109da+dirty
487,498,0.4071650034560172,0.41233222233404765,-0.19290425903627595,0.013902544812447184,0.004886532105841902,0.11480144095405022,0.21359545983139336,0.3466414856573779,bgn_gam_oracle_g0235_s008@de109da+dirty
488,498,0.40547925666426227,0.4090781440251942,-0.17615818235654115,0.013904706031421531,0.004928282676117431,0.11441282728382508,0.21501722375838161,0.3437746661291968,bgn_gam_oracle_g0235_s008@de109da+dirty
489,498,0.3999408791010677,0.40342354084624504,-0.10809070940243318,0.01415449704692263,0.005162659094365301,0.11669069606512417,0.22111950158265964,0.33325496664861726,bgn_gam_oracle_g0235_s008@de109da+dirty
490,498,0.3973402419069588,0.3990341769558413,0.03658533043447901,0.014931851862252222,0.005614962754214628,0.12227746516939555,0.2336369602244704,0.3213923438038775,bgn_gam_oracle_g0235_s008@de109da+dirty
491,498,0.3995799927445671,0.40263327882746236,-0.08810352950300365,0.01414847342698546,0.005239776482156985,0.11713596126081488,0.22222711227888167,0.3320832443378281,bgn_gam_oracle_g0235_s008@de109da+dirty
492,498,0.39842711756337423,0.4008139034852,-0.04165248540321949,0.014353119187954178,0.005452514110103122,0.11894153822490826,0.22617953456825568,0.3280045520299163,bgn_gam_oracle_g0235_s008@de109da+dirty
493,498,0.400506428582527,0.40341812111115927,-0.08105767667473843,0.014072685828752875,0.005330110546905927,0.1173110987311111,0.2221698255067029,0.3332356042955974,bgn_gam_oracle_g0235_s008@de109da+dirty
494,498,0.3981019109840144,0.3998149700912536,0.025137786338354735,0.01461055705031473,0.005627982614605571,0.12088925595109817,0.2312103621028532,0.3240785398408719,bgn_gam_oracle_g0235_s008@de109da+dirty
495,498,0.39893101857711283,0.4003341919941493,0.06225788656743277,0.014750696423433607,0.005745395233752169,0.12236141980374902,0.23365955196430538,0.32334064291210407,bgn_gam_oracle_g0235_s008@de109da+dirty
496,498,0.07894297940269197,0.0790265418382552,-0.0017678603674345821,0.004158210912125951,0.0005303696705737585,0.10334162504501503,0.07337828424052219,0.029113938223658126,bgn_gam_oracle_g0235_s008@de109da+dirty
497,498,0.0786722109998805,0.07874605700990435,-0.099194682973535,0.004297585948114903,0.0005378947232517044,0.09996559848285509,0.07382547171004071,0.02718669730584607,bgn_gam_oracle_g0235_s008@de109da+dirty
498,499,0.07874640912160791,0.07881138748955369,-0.10963507935624091,0.0043115537915566025,0.0005334198163590944,0.0982839150315496,0.07392524014868253,0.027130348661734336,bgn_gam_oracle_g0235_s008@de109da+dirty
499,499,0.07912542861863271,0.07916884774859842,0.005383308418828721,0.004120630339570048,0.0005060791668644578,0.09963944710967299,0.07368300980968294,0.0288382995245647,bgn_gam_oracle_g0235_s008@de109da+dirty
500,499,0.07918291550290864,0.07922485992941844,0.019452863641569746,0.004094490432559442,0.0004978297480851883,0.09945068773765939,0.07376587329644664,0.02878419782369052,bgn_gam_oracle_g0235_s008@de109da+dirty
501,499,0.07913056449314991,0.07917752242602745,-0.007105218417124326,0.0041158504052684584,0.0004980817426124887,0.09837834427104976,0.0739339543327987,0.028203131629664705,bgn_gam_oracle_g0235_s008@de109da+dirty
502,498,0.0789770248272615,0.07904454130890354,-0.05280059862012268,0.004166950640743385,0.0005000752381381152,0.09676037171301935,0.0741601926952002,0.02715946004574932,bgn_gam_oracle_g0235_s008@de109da+dirty
503,499,0.07879457581251974,0.0788684257990458,-0.1191406424421087,0.004277519166135179,0.000515463440874886,0.09511193301201774,0.07431782131640156,0.026181035354972675,bgn_gam_oracle_g0235_s008@de109da+dirty
504,499,0.07912543037038733,0.07917861155077624,-0.013900668807704972,0.004096707192134758,0.0004882221006548173,0.09597905632931118,0.07422776372241395,0.027405707873880948,bgn_gam_oracle_g0235_s008@de109da+dirty
505,499,0.07904276514913965,0.07910147838171663,-0.035506792296977716,0.004117397392134235,0.0004890908262539143,0.0953047170823957,0.07430881897451315,0.026943610467698626,bgn_gam_oracle_g0235_s008@de109da+dirty
506,499,0.07932550032436128,0.07937047501671565,0.044663331928946504,0.004019919310593803,0.00047660220828482636,0.09635964081156626,0.07417984563630003,0.028104901762591873,bgn_gam_oracle_g0235_s008@de109da+dirty
507,498,0.07969082986195263,0.07976130219818754,0.10299991663025646,0.003967917598412585,0.00047821726508554365,0.09755479298624586,0.07400924909200624,0.02955096297794802,bgn_gam_oracle_g0235_s008@de109da+dirty
508,498,0.07961077909631976,0.07969216716766885,0.06648086379095562,0.003988673056431612,0.0004775836867982981,0.09627360829677929,0.07420854097380097,0.02882652588958174,bgn_gam_oracle_g0235_s008@de109da+dirty
509,497,0.08005827073869914,0.08012760835090443,0.18967069438556325,0.003911129411742791,0.0004775219778723224,0.09868542673393688,0.07381818859266051,0.030987122269892326,bgn_gam_oracle_g0235_s008@de109da+dirty
510,497,0.07966844424475107,0.07977665793483264,0.08178852131181619,0.003966201997027432,0.0004679854767596733,0.09589760419098944,0.07427024532883214,0.028826926079172883,bgn_gam_oracle_g0235_s008@de109da+dirty
511,497,0.07900790931059869,0.07919954204792481,-0.07731360409503178,0.004149804504901407,0.0004791229407534932,0.09255603024878842,0.07468086014335387,0.02578795963004064,bgn_gam_oracle_g0235_s008@de109da+dirty
512,497,0.07905246871411889,0.07923121874250853,-0.054198474627278025,0.004105392466072296,0.00046926336072681196,0.09217423338206443,0.07471117091176815,0.025836674530390208,bgn_gam_oracle_g0235_s008@de109da+dirty
513,497,0.07923714683654129,0.07939596459110183,-0.018031930595659846,0.0040513506783725565,0.0004629535861966229,0.09248134580593316,0.07473452913880778,0.026330127101787715,bgn_gam_oracle_g0235_s008@de109da+dirty
514,497,0.07896561371069534,0.07918471778481137,-0.10536114899044843,0.00417600037161282,0.0004754724827337942,0.09049682944438515,0.07487742848258061,0.025078653323948277,bgn_gam_oracle_g0235_s008@de109da+dirty
515,497,0.07918182134088418,0.07935217123100703,-0.043192525501970204,0.004074930239298294,0.00045995436437265666,0.0907127219323593,0.07487900133489976,0.02574676659209426,bgn_gam_oracle_g0235_s008@de109da+dirty
516,497,0.07914227593938114,0.07928259838598774,-0.053912035627626795,0.004084481055388412,0.0004553223608932432,0.09021030726881328,0.07490635257119085,0.02554482697818869,bgn_gam_oracle_g0235_s008@de109da+dirty
517,498,0.0790092177184026,0.07915936187935524,-0.0957173697075664,0.004143031566541139,0.0004616358643252762,0.08908360506457964,0.07501209511893124,0.02481213554578392,bgn_gam_oracle_g0235_s008@de109da+dirty
518,498,0.07909691618441332,0.07924119761825205,-0.08807644880112059,0.004124176152324924,0.00046019318994961004,0.08867755939395044,0.07505177703877913,0.02497104149220636,bgn_gam_oracle_g0235_s008@de109da+dirty
519,498,0.07896046503287908,0.07913100666110626,-0.15077745549190086,0.004238847404758146,0.000471259936859427,0.08744013474727963,0.07503404867654312,0.024589562367286613,bgn_gam_oracle_g0235_s008@de109da+dirty
520,498,0.07902196562359412,0.07919103074711885,-0.157322223818727,0.004244730374094768,0.00046820593664434696,0.08662535068671473,0.07505778763207097,0.02471435952630426,bgn_gam_oracle_g0235_s008@de109da+dirty
521,498,0.40342194763634626,0.4075134681503326,-0.10852514819034952,0.014494233284643557,0.0042497348105899665,0.0993415583174891,0.2398521485313834,0.3243766555712388,bgn_gam_oracle_g0235_s008@de109da+dirty
522,498,0.40275187705104143,0.4066835176103217,-0.1009103418420591,0.014465292452965966,0.00427034287206896,0.09942046571005038,0.24018423584893098,0.32329646969585407,bgn_gam_oracle_g0235_s008@de109da+dirty
523,497,0.4013902166724026,0.4057174523970015,-0.08313012426251351,0.014519438935698306,0.004327571479034921,0.09975740625703361,0.24180504488317806,0.32038168847386167,bgn_gam_oracle_g0235_s008@de109da+dirty
524,498,0.40101328180326423,0.40402266677663845,-0.048049912434058796,0.014621568856963243,0.004434934422895347,0.10031221966891467,0.24471731895849919,0.31768708816127295,bgn_gam_oracle_g0235_s008@de109da+dirty
525,497,0.40012688584777334,0.40400384048218546,-0.020983150052565645,0.014714735943926614,0.004495534008643869,0.10065217752202513,0.24737206862190222,0.3144973520460195,bgn_gam_oracle_g0235_s008@de109da+dirty
526,497,0.40006954872898054,0.40419313410589114,-0.03654618659811881,0.014613184653412364,0.004468907185893301,0.1005085866210503,0.24545801747552382,0.31592088483858677,bgn_gam_oracle_g0235_s008@de109da+dirty
527,497,0.40105906281221787,0.40571414072679785,-0.06548542384351369,0.014421535308906169,0.004345561350547588,0.10000341416024733,0.24203240371395782,0.3197947582688907,bgn_gam_oracle_g0235_s008@de109da+dirty
528,497,0.4028727239601565,0.4078010130282841,-0.08252579939140424,0.014196817291829337,0.0043231554562542475,0.09917622997695895,0.23905304158727989,0.3242839419689891,bgn_gam_oracle_g0235_s008@de109da+dirty
529,497,0.4117794617331304,0.41848690111055264,-0.15652398692710112,0.013749850980837197,0.0041470450143228045,0.09731698285538047,0.22975455976554135,0.34172381739084107,bgn_gam_oracle_g0235_s008@de109da+dirty
530,497,0.40351490463459416,0.40789565852612536,-0.05866618199136624,0.014184659434873315,0.0043480110049856895,0.09886817060241831,0.24063272928906457,0.3239138278264165,bgn_gam_oracle_g0235_s008@de109da+dirty
531,497,0.4100176137035324,0.4156171217974157,-0.11952041409037668,0.013771530992809205,0.0042476680952863504,0.0970922060718993,0.2327903047091542,0.33752498808319104,bgn_gam_oracle_g0235_s008@de109da+dirty
532,497,0.4040716066821564,0.4077400210858376,-0.031446124682630666,0.014088268335021975,0.004551963019185201,0.0985607997657468,0.24161914987428684,0.32387350885913196,bgn_gam_oracle_g0235_s008@de109da+dirty
533,497,0.40774934891069736,0.41213949514447545,-0.07346639950189983,0.01384104777054443,0.0044136615048983655,0.09776468705296759,0.23663745901590955,0.3320575921848367,bgn_gam_oracle_g0235_s008@de109da+dirty
534,497,0.4321783171053269,0.4398143677810867,-0.21706994410974592,0.013060547988699033,0.004099000357303759,0.09474394286853277,0.21808991844912184,0.37311510991495356,bgn_gam_oracle_g0235_s008@de109da+dirty
535,496,0.42041285378255916,0.42831064431736326,-0.15796811206021924,0.013317402990711984,0.004292143312171742,0.09569274341105738,0.22548998635982062,0.3548256384156074,bgn_gam_oracle_g0235_s008@de109da+dirty
536,496,0.46759420119589956,0.47937694826151317,-0.32253718575060963,0.012469528687755457,0.00388353921056413,0.09322301367282619,0.2017697017481216,0.42182143668678745,bgn_gam_oracle_g0235_s008@de109da+dirty
537,497,0.45475764734534085,0.46210523483060806,-0.28495527887285943,0.01265012221627805,0.003966971580563426,0.09365356559374577,0.20736774518809656,0.4047260012337656,bgn_gam_oracle_g0235_s008@de109da+dirty
538,498,0.4796008634379219,0.4868379397867019,-0.3456601624371067,0.012341493513580016,0.0038343714825357076,0.09302621933786125,0.1980637050395316,0.43679257887058204,bgn_gam_oracle_g0235_s008@de109da+dirty
539,498,0.4469125312067436,0.45266278945956956,-0.2564525151901144,0.01269586509344322,0.004039371820188405,0.09349387536236356,0.2109582380187493,0.39398912721246926,bgn_gam_oracle_g0235_s008@de109da+dirty
540,498,0.5218811194202688,0.5304531356081186,-0.43479920093394275,0.011877000654971498,0.0036289034416829625,0.09259134587800369,0.18389867963658396,0.4884067755828884,bgn_gam_oracle_g0235_s008@de109da+dirty
541,498,0.49232636323111784,0.5004227331186208,-0.3735719717315708,0.012115949845955418,0.0037521210806423346,0.0925059868144064,0.19306638484189043,0.4528913986558606,bgn_gam_oracle_g0235_s008@de109da+dirty
542,498,0.4836720379173644,0.49142496816899217,-0.35228267020932763,0.012173431220241612,0.0037949047831195982,0.09230323231740864,0.1962199519066095,0.4420818597690978,bgn_gam_oracle_g0235_s008@de109da+dirty
543,497,0.4887898365549819,0.5010997063494212,-0.3705801674302528,0.011998229820860844,0.0037803671034920667,0.09189925542243801,0.1928489552762623,0.44913782380055695,bgn_gam_oracle_g0235_s008@de109da+dirty
544,497,0.4776084678911272,0.4890530986503659,-0.3422720587032128,0.012081298365135612,0.0038376644584375784,0.09196773135170902,0.19667167340884395,0.43523568497984505,bgn_gam_oracle_g0235_s008@de109da+dirty
545,497,0.5140457061291178,0.5243248411812573,-0.41847517221386266,0.011736583918413703,0.0036757736805055606,0.09162241757520137,0.18493958198071034,0.4796252068090078,bgn_gam_oracle_g0235_s008@de109da+dirty
546,498,0.4899770667475712,0.49796311207329597,-0.3644767042551457,0.011942715512398092,0.0037956248064950904,0.09164373524254885,0.19287833332804777,0.45041700064623263,bgn_gam_oracle_g0235_s008@de109da+dirty
547,498,0.5041596423862333,0.5125062016225537,-0.3922546905430974,0.011806370461333043,0.0037410968133147517,0.09177274354622163,0.18837115541466076,0.46764650412331793,bgn_gam_oracle_g0235_s008@de109da+dirty
548,498,0.4958611890063359,0.5018058888671941,-0.37556010201296675,0.011854249470682327,0.0037675257291323464,0.091741715086235,0.19070953336886487,0.457720649135482,bgn_gam_oracle_g0235_s008@de109da+dirty
549,499,0.45476439720469614,0.45595388125548464,-0.26915341862513864,0.012253833541173542,0.003992097323841854,0.09204392238828245,0.20619992430462353,0.40532980174386163,bgn_gam_oracle_g0235_s008@de109da+dirty
550,500,0.4766219500850831,0.47662195008508557,-0.3181618842306375,0.01197693968796834,0.003916613030507059,0.09149591186467614,0.197990205285235,0.433553182336398,bgn_gam_oracle_g0235_s008@de109da+dirty
551,500,0.4717829713035946,0.4717829713036031,-0.3046374191108108,0.01197486312200111,0.003977625345774542,0.0913347734361532,0.1995657543144356,0.42749582654917073,bgn_gam_oracle_g0235_s008@de109da+dirty
552,500,0.46877908837354426,0.4687790883735413,-0.29797386405579024,0.01199502131080223,0.0039854916197500975,0.09151372671194909,0.20043644360297583,0.42376770260618296,bgn_gam_oracle_g0235_s008@de109da+dirty
553,499,0.07930269289139633,0.07943204796150555,-0.2775357636429369,0.00449817893874662,0.0005639183694671257,0.08473932501302779,0.07477126810803317,0.02642299311856519,bgn_gam_oracle_g0235_s008@de109da+dirty
554,499,0.07827360143373449,0.07834650239428183,-0.34773402515773794,0.004649064623007502,0.0005297417177070056,0.08890300271692005,0.07391418260212473,0.025757528834631706,bgn_gam_oracle_g0235_s008@de109da+dirty
555,500,0.07773673801397804,0.07773673801397818,-0.3758300351490904,0.004677728636338605,0.00048372436587660467,0.09169273526823755,0.07310554941564827,0.026430646637758723,bgn_gam_oracle_g0235_s008@de109da+dirty
556,500,0.39801977385441434,0.39801977385441506,-0.29961698524149194,0.01510424485582486,0.0037486546930653266,0.10556461009738548,0.2244828559307263,0.32867489677841827,bgn_gam_oracle_g0235_s008@de109da+dirty
557,500,0.4027130173097501,0.40271301730974707,-0.3129868109877191,0.014973494788989147,0.0036849946564942097,0.10500623523063604,0.22262072281285056,0.33558573879860726,bgn_gam_oracle_g0235_s008@de109da+dirty
558,500,0.4256883017058914,0.425688301705888,-0.40726765278339855,0.014351999831687218,0.003509201410528256,0.10270838892359971,0.2102229912564599,0.3701578368161782,bgn_gam_oracle_g0235_s008@de109da+dirty
559,500,0.3988598868174143,0.39885988681741624,-0.28573519933180236,0.015002126743593377,0.003769644751895885,0.10502297901431379,0.22519120085511163,0.32920834188919534,bgn_gam_oracle_g0235_s008@de109da+dirty
560,500,0.3875236155442532,0.38752361554425463,-0.17284982017904707,0.015655915983974648,0.004031027000615068,0.10813099937705596,0.237299834967644,0.30637124690286954,bgn_gam_oracle_g0235_s008@de109da+dirty
561,500,0.386285635956721,0.3862856359567222,-0.1070776025413638,0.016028275440499555,0.00419860820789602,0.11043586060942924,0.24313847740665714,0.30016707572760354,bgn_gam_oracle_g0235_s008@de109da+dirty
562,500,0.3877003046514999,0.38770030465149924,-0.07272897094490069,0.016157747994567175,0.004299441658223545,0.1111919101837268,0.24565454847924328,0.29994227617714203,bgn_gam_oracle_g0235_s008@de109da+dirty
563,500,0.39101387037897306,0.3910138703789721,0.01593333554014149,0.016714766813373153,0.004523782402706156,0.11459429912870533,0.25239668854495,0.2986431958714075,bgn_gam_oracle_g0235_s008@de109da+dirty
564,500,0.39844498057396044,0.3984449805739599,0.13111399789976144,0.017382025094409,0.004892570616298858,0.11926968832217817,0.2592896959973813,0.3025347188244174,bgn_gam_oracle_g0235_s008@de109da+dirty
565,500,0.39991575237355104,0.3999157523735499,0.14171001028477437,0.01739564073989041,0.00496943625829958,0.11985320940587911,0.2593354014720236,0.30443021949183646,bgn_gam_oracle_g0235_s008@de109da+dirty
566,500,0.4029097805952008,0.4029097805952001,0.1807295633158309,0.017605009700221913,0.0051077447991310435,0.12113012162480616,0.26147079974098564,0.3065441439370229,bgn_gam_oracle_g0235_s008@de109da+dirty
567,500,0.3980434177161063,0.3980434177161065,0.10752090533053416,0.01703428942167465,0.004903366976326106,0.11793906636647565,0.25676130112565754,0.3041581769924624,bgn_gam_oracle_g0235_s008@de109da+dirty
568,500,0.40015651508901207,0.4001565150890124,0.14444722676102228,0.017281580339090403,0.004991790206043385,0.1198561204513679,0.25880022837656963,0.30520104580492213,bgn_gam_oracle_g0235_s008@de109da+dirty
569,500,0.4001082890510532,0.4001082890510535,0.1295177664217284,0.01709535660507862,0.005014353921333579,0.11937498921785487,0.2572618874792189,0.3064359055626329,bgn_gam_oracle_g0235_s008@de109da+dirty
570,500,0.4025058171280099,0.40250581712801037,0.1620681571154879,0.017260237850424166,0.005110867895248115,0.120852180555876,0.25885076664808526,0.3082324016510683,bgn_gam_oracle_g0235_s008@de109da+dirty
571,500,0.40271245028031605,0.4027124502803162,0.1528941786865858,0.017086128817363794,0.005178841935088448,0.12006483822808021,0.257761630926655,0.3094127651419814,bgn_gam_oracle_g0235_s008@de109da+dirty
572,500,0.40161527118742013,0.4016152711874202,0.11878608940597053,0.01679729889570813,0.005201865689249836,0.11873662148839487,0.2552295214404706,0.3100850164651839,bgn_gam_oracle_g0235_s008@de109da+dirty
573,500,0.4067120936649286,0.4067120936649288,0.19122143834455693,0.017194158180177915,0.0054479716781372246,0.12161918380546707,0.25901336439401557,0.3135710512764253,bgn_gam_oracle_g0235_s008@de109da+dirty
574,500,0.0804216786928026,0.08042167869280266,0.3774421090187478,0.0040043692816003965,0.000463048277695857,0.10940203163728685,0.06992864237636004,0.0397194080918576,bgn_gam_oracle_g0235_s008@de109da+dirty
575,500,0.08022774988456308,0.08022774988456315,0.2872579399356623,0.003987466337818754,0.00045409268862113897,0.10630877414930437,0.07066270178439475,0.03799045180133695,bgn_gam_oracle_g0235_s008@de109da+dirty
576,500,0.0799616058481648,0.07996160584816484,0.19576606998073207,0.003984995498907306,0.00044575548356280497,0.10350680712590962,0.07139463866583153,0.03600922075791999,bgn_gam_oracle_g0235_s008@de109da+dirty
577,500,0.07971786324415205,0.07971786324415205,0.11086691657323121,0.003998430272859673,0.00044083037374788054,0.10053137138200603,0.07209318384955575,0.03402220690442467,bgn_gam_oracle_g0235_s008@de109da+dirty
578,500,0.07935750849735039,0.07935750849735042,-0.0068500457925346914,0.004066400728126828,0.00044092581590451235,0.09702765819857817,0.07295749935505126,0.03122206659983823,bgn_gam_oracle_g0235_s008@de109da+dirty
579,500,0.0794400029191405,0.07944000291914044,0.01451037629069071,0.004046932319944952,0.00043934592936661785,0.09723013725352604,0.07287884929401243,0.03161308889326814,bgn_gam_oracle_g0235_s008@de109da+dirty
580,500,0.07934798016015095,0.07934798016015084,0.002255863482507292,0.004054668167432343,0.0004356317888177166,0.09664246898503992,0.07298786944962475,0.03112672274268915,bgn_gam_oracle_g0235_s008@de109da+dirty
581,500,0.07946640272005855,0.07946640272005852,0.017669112417317605,0.0040326104579939785,0.00043019738627617885,0.09644771835054765,0.07298692553655665,0.031429569866411836,bgn_gam_oracle_g0235_s008@de109da+dirty
582,500,0.07962935542591174,0.07962935542591179,0.0579616051496273,0.00400008407382153,0.0004304252278169792,0.09737712553532148,0.07281358976501619,0.03223376166503235,bgn_gam_oracle_g0235_s008@de109da+dirty
583,500,0.07965153666689498,0.07965153666689494,0.06849079297594106,0.003990256089073232,0.00042491454574458475,0.09746256714790093,0.07279242666897551,0.03233620127719919,bgn_gam_oracle_g0235_s008@de109da+dirty
584,500,0.08016724118482109,0.08016724118482112,0.23290004509791123,0.003941623794867756,0.00043682841882310613,0.10237162679122105,0.0718103214851247,0.03563796132480521,bgn_gam_oracle_g0235_s008@de109da+dirty
585,500,0.08026736227097055,0.08026736227097048,0.27148969641314996,0.003940672129881855,0.0004443656728564801,0.10414613850769476,0.0715682072540683,0.036343378439241875,bgn_gam_oracle_g0235_s008@de109da+dirty
586,500,0.08031140733239985,0.08031140733239985,0.2835653981179023,0.003940158212575699,0.00044683604595148235,0.10511756362339218,0.07156565201811763,0.036445570360914156,bgn_gam_oracle_g0235_s008@de109da+dirty
587,500,0.08023695202208936,0.08023695202208933,0.2592083132974912,0.003939872807657255,0.00044784605846303244,0.10440682684422689,0.0717670129744466,0.0358812530232806,bgn_gam_oracle_g0235_s008@de109da+dirty
588,500,0.07998108797079775,0.07998108797079775,0.15796570407681615,0.00395055698175713,0.00044366233987082966,0.10128425927789046,0.07246937308421282,0.033840277743742875,bgn_gam_oracle_g0235_s008@de109da+dirty
589,500,0.07987275419284123,0.0798727541928413,0.11150711050031582,0.003964923714563373,0.0004463584171211155,0.09965869262950358,0.07286562658058095,0.032714787564179164,bgn_gam_oracle_g0235_s008@de109da+dirty
590,500,0.0795454728515895,0.07954547285158951,0.052438574951492206,0.003990685782103631,0.00044483843872910125,0.09779971145993176,0.07329707610545867,0.030903412199521942,bgn_gam_oracle_g0235_s008@de109da+dirty
591,500,0.07918687917318315,0.07918687917318323,-0.03578107206240755,0.0040628259247571154,0.0004517846784209097,0.09510241377566293,0.07378324269437876,0.02875056400648012,bgn_gam_oracle_g0235_s008@de109da+dirty
592,500,0.07912608986553246,0.07912608986553252,-0.06589998206961589,0.004091500165674018,0.0004536039938479788,0.09397047861959004,0.07399084124031312,0.028040925625932873,bgn_gam_oracle_g0235_s008@de109da+dirty
593,500,0.07903793109670867,0.07903793109670867,-0.11090622070302505,0.004151330750834043,0.00046103465764667657,0.0925247285485718,0.07418865353050805,0.027258727765218687,bgn_gam_oracle_g0235_s008@de109da+dirty
594,500,0.07905773880704797,0.07905773880704792,-0.09543761622095165,0.004120262515059032,0.00045030392397066136,0.09193523238871289,0.07419822558216359,0.02729009684375972,bgn_gam_oracle_g0235_s008@de109da+dirty
595,500,0.07878572684041635,0.0787857268404161,-0.20602530897484841,0.0043189314153093,0.000483446346718497,0.08958687731651398,0.07431670916376025,0.026157551354088447,bgn_gam_oracle_g0235_s008@de109da+dirty
596,500,0.07884416157077706,0.07884416157077695,-0.19296609071857843,0.004281659559856118,0.0004693143870372075,0.08866280451341584,0.0743249209758745,0.02630984484425573,bgn_gam_oracle_g0235_s008@de109da+dirty
597,500,0.07904912818673328,0.07904912818673336,-0.14279351362133233,0.004176905851741358,0.0004384958242378891,0.08824132164035282,0.07434903009802904,0.026851189742075888,bgn_gam_oracle_g0235_s008@de109da+dirty
598,500,0.0795436309486343,0.07954363094863431,0.01146971552680601,0.003984383514336056,0.00040816764386251666,0.09020727790172019,0.07391837439830816,0.0293813401805308,bgn_gam_oracle_g0235_s008@de109da+dirty
599,500,0.07931715133127329,0.0793171513312733,-0.06082635323422585,0.004046728309898118,0.00041634840581283655,0.0883583524417036,0.07423927291810635,0.027923840206873926,bgn_gam_oracle_g0235_s008@de109da+dirty
600,500,0.07912995159266735,0.0791299515926672,-0.13155254712657546,0.004139713072555006,0.00043169690689291886,0.08686004608246725,0.07445998689948473,0.026781702522178107,bgn_gam_oracle_g0235_s008@de109da+dirty
601,500,0.07948025887606466,0.07948025887606486,-0.03891835076443687,0.004014493689829757,0.000402252610630464,0.08732513323072562,0.07433009285059641,0.02814513897332844,bgn_gam_oracle_g0235_s008@de109da+dirty
602,500,0.07949008831936671,0.0794900883193668,-0.03945378914687312,0.0040126112546400045,0.000399846685840281,0.08718239656292033,0.07436312753808275,0.028085572876043664,bgn_gam_oracle_g0235_s008@de109da+dirty
603,500,0.07958523684868007,0.07958523684867991,0.005049454704681597,0.003973420161748961,0.0003942642852657463,0.0879363059863486,0.07420080367269438,0.02877586938020759,bgn_gam_oracle_g0235_s008@de109da+dirty
604,500,0.07979962719665479,0.07979962719665482,0.04603998121465372,0.003944451623886047,0.00039541248919424337,0.08850044768790466,0.07411450410206925,0.02958075020058561,bgn_gam_oracle_g0235_s008@de109da+dirty
605,500,0.08032606363616791,0.08032606363616793,0.23405822491717018,0.003893813875127184,0.0004013110373698175,0.0929649131556543,0.0732637169479118,0.03293484899400571,bgn_gam_oracle_g0235_s008@de109da+dirty
606,500,0.08029248404966276,0.08029248404966273,0.21485856686821764,0.00389321904496171,0.00040113603108502064,0.09252428107467321,0.07340711132537091,0.03253120043481258,bgn_gam_oracle_g0235_s008@de109da+dirty
607,500,0.08034766499793036,0.08034766499793033,0.265519150130858,0.0038926674056022283,0.0004063554163131485,0.09388659016598294,0.07313075385926956,0.03328122760047433,bgn_gam_oracle_g0235_s008@de109da+dirty
608,500,0.08014061271219704,0.08014061271219704,0.18431664066913375,0.0038915992159958153,0.00039768560012208836,0.09152281516894233,0.07362362440278365,0.03165564303065406,bgn_gam_oracle_g0235_s008@de109da+dirty
609,500,0.08007944967339446,0.08007944967339437,0.1681384922032031,0.0038923357701983225,0.00039570558846519237,0.09116100021999796,0.07372784395703226,0.03125577203399746,bgn_gam_oracle_g0235_s008@de109da+dirty
610,500,0.07995088619836331,0.07995088619836332,0.11102928418185018,0.0039055235408802804,0.00039526834959488884,0.08977958135929731,0.07406384788935805,0.03011130418506768,bgn_gam_oracle_g0235_s008@de109da+dirty
611,500,0.07983022839396016,0.07983022839396017,0.10749867874470916,0.003908949442422874,0.0004020960323713328,0.08986103368146078,0.07405707304671091,0.029806296267499706,bgn_gam_oracle_g0235_s008@de109da+dirty
612,500,0.07994989492188322,0.07994989492188327,0.14189918766972442,0.0038913254087426337,0.00040272517164739816,0.09049648234957486,0.07398600527859042,0.03029945083556067,bgn_gam_oracle_g0235_s008@de109da+dirty
613,500,0.07986065729926276,0.07986065729926277,0.10924094405655396,0.0038993227013629215,0.0004039336771736416,0.08946834984919894,0.07418178125678361,0.02957681378784736,bgn_gam_oracle_g0235_s008@de109da+dirty
614,500,0.07977539034573128,0.0797753903457313,0.08887410982410236,0.003904288845760536,0.0004019661770717554,0.08897232273845936,0.07431611903115473,0.029003919682709028,bgn_gam_oracle_g0235_s008@de109da+dirty
615,500,0.07971456897946448,0.07971456897946443,0.05250304685400978,0.003919259870654002,0.0004024451338620135,0.0879182323226658,0.07454799572578047,0.02823134500605343,bgn_gam_oracle_g0235_s008@de109da+dirty
616,500,0.07955431913165947,0.0795543191316595,0.01563897305597968,0.003937927411889688,0.0004019467345223508,0.08690060230361706,0.074681525387076,0.027414584774558305,bgn_gam_oracle_g0235_s008@de109da+dirty
617,500,0.08016925653739634,0.0801692565373964,0.13808350701989747,0.003863676337715679,0.00040386075126125196,0.08883943041512594,0.07439961786553828,0.029863130365397794,bgn_gam_oracle_g0235_s008@de109da+dirty
618,500,0.08028235118356476,0.08028235118356469,0.1788823903180742,0.003851104619493932,0.00041165978014714007,0.08971098023413038,0.0742624650326757,0.030501511418810745,bgn_gam_oracle_g0235_s008@de109da+dirty
619,500,0.08026851496558159,0.0802685149655816,0.16485609149624558,0.0038484670300427885,0.0004142024699136586,0.08892033950714767,0.0744355820872432,0.03003961740956556,bgn_gam_oracle_g0235_s008@de109da+dirty
620,500,0.08009276854128565,0.08009276854128557,0.11615486650874461,0.0038618061097285233,0.0004112117461927762,0.08792111268184202,0.07468633066861499,0.02892755751642809,bgn_gam_oracle_g0235_s008@de109da+dirty
621,500,0.07998027820057924,0.0799802782005792,0.08979276881175395,0.0038724198729077177,0.0004129065236695533,0.08731691409448263,0.07479327305480833,0.028333923250953654,bgn_gam_oracle_g0235_s008@de109da+dirty
622,500,0.08015637740074703,0.08015637740074709,0.13666323335946257,0.003850014272485892,0.0004154202077637841,0.08831252581890132,0.07468390025014102,0.029109446601369396,bgn_gam_oracle_g0235_s008@de109da+dirty
623,500,0.0798769685316457,0.07987696853164573,0.04753607847372083,0.003891975662637098,0.00041623232774317174,0.08650178066960926,0.074997719902186,0.027489490924329108,bgn_gam_oracle_g0235_s008@de109da+dirty
624,500,0.08000077767321331,0.08000077767321324,0.09566803039565654,0.003860246612109768,0.00041261679894053985,0.08720512813526102,0.07491795606257459,0.028061081371270225,bgn_gam_oracle_g0235_s008@de109da+dirty
625,500,0.07997769461055865,0.07997769461055863,0.08160250104832399,0.003868420648576065,0.0004175831234753864,0.08687575095432783,0.07498681164894698,0.027810244766005413,bgn_gam_oracle_g0235_s008@de109da+dirty
626,500,0.07979259139895255,0.0797925913989525,-0.006003943725601854,0.003930704431777968,0.0004255745365787605,0.08526681632704061,0.07525916167739162,0.026512567317716028,bgn_gam_oracle_g0235_s008@de109da+dirty
627,500,0.07966850304136619,0.07966850304136618,-0.0367690539795482,0.003962151062332811,0.0004282202752366134,0.08453884169162844,0.07530722880889786,0.0259979165699192,bgn_gam_oracle_g0235_s008@de109da+dirty
628,500,0.07947186945687006,0.07947186945687006,-0.10621388958480862,0.0040543857930794795,0.0004403922258013281,0.08364348807320421,0.07534792995362143,0.025267914173393,bgn_gam_oracle_g0235_s008@de109da+dirty
629,500,0.07939897282336743,0.07939897282336744,-0.10111978180724975,0.004038569358279095,0.0004264957930950635,0.08324172690845687,0.07540512928786754,0.02486490222152142,bgn_gam_oracle_g0235_s008@de109da+dirty
630,500,0.07935293900570187,0.07935293900570187,-0.1237291123508332,0.004063978755261163,0.0004271796828899582,0.08243851305798594,0.07546454180817433,0.024535522381334163,bgn_gam_oracle_g0235_s008@de109da+dirty
631,500,0.079684396866818,0.07968439686681805,-0.03143450963023604,0.003936301107918854,0.0004041694944899366,0.08289336092547556,0.07549484232636673,0.02549768393689081,bgn_gam_oracle_g0235_s008@de109da+dirty
632,500,0.08000943885929322,0.08000943885929322,0.0669779564660918,0.003859039397266422,0.00040060778392584273,0.0842875473141807,0.07532984404765501,0.026961544880346796,bgn_gam_oracle_g0235_s008@de109da+dirty
633,500,0.07969072721928082,0.07969072721928049,-0.02846932448255081,0.003926770605606751,0.0004030638324965382,0.08243255233199151,0.07553017991451337,0.025412672563488208,bgn_gam_oracle_g0235_s008@de109da+dirty
634,500,0.0800911705205613,0.08009117052056122,0.08018911043042071,0.0038389672707013385,0.0004008265740260929,0.08380514955319285,0.07542041434062047,0.026951005473687974,bgn_gam_oracle_g0235_s008@de109da+dirty
635,500,0.08011811881994531,0.08011811881994538,0.10117929336458921,0.0038295451784339496,0.0004016780673422223,0.08417283341848131,0.07540270945229362,0.0270803318018791,bgn_gam_oracle_g0235_s008@de109da+dirty
636,500,0.08000578002210464,0.08000578002210469,0.06501811107873583,0.0038440798161343925,0.00040172682040869,0.08353652313120818,0.07552283640160729,0.026405037754213857,bgn_gam_oracle_g0235_s008@de109da+dirty
637,500,0.07989925806347511,0.07989925806347505,0.034854739582510307,0.0038618811819470158,0.0004014166994615203,0.08298440625598845,0.07559179234279997,0.025879960770773997,bgn_gam_oracle_g0235_s008@de109da+dirty
638,500,0.07959270590331785,0.07959270590331788,-0.042489209920515844,0.003932293137030541,0.00040287211709833605,0.08179776692850624,0.07568176430804398,0.024642836367466482,bgn_gam_oracle_g0235_s008@de109da+dirty
639,500,0.07968159434732143,0.07968159434732137,-0.02686550646474431,0.003913745002879361,0.0003975074087442431,0.08183427096240553,0.07572127827096262,0.024808153795527216,bgn_gam_oracle_g0235_s008@de109da+dirty
640,500,0.07952176269538792,0.07952176269538798,-0.06786202922109978,0.003955168999717174,0.0003982790088748709,0.08134753575319191,0.07571068017466301,0.024322903808375353,bgn_gam_oracle_g0235_s008@de109da+dirty
641,500,0.07976005860152331,0.07976005860152323,-0.01817997140689499,0.0038937732174027756,0.00039067894047718164,0.08147032984583025,0.07579095229090987,0.02484750488390043,bgn_gam_oracle_g0235_s008@de109da+dirty
642,500,0.0794393991420638,0.07943939914206379,-0.11429609509120875,0.004011946237433926,0.0004064272790483146,0.08049477030123853,0.07573274371750012,0.02398269511692906,bgn_gam_oracle_g0235_s008@de109da+dirty
643,500,0.07927186180793995,0.07927186180793994,-0.15768453982364625,0.004078029078409228,0.00040894632387884994,0.07976444879733845,0.07569848518584528,0.02353226327970796,bgn_gam_oracle_g0235_s008@de109da+dirty
644,500,0.07921120866923478,0.07921120866923456,-0.18743696404288976,0.0041340544850344205,0.0004140028736319289,0.07948530965146171,0.07557799843718148,0.023714588992231125,bgn_gam_oracle_g0235_s008@de109da+dirty
645,500,0.07929612148382982,0.07929612148382992,-0.15368656089285637,0.004070370039639428,0.0003997616486020486,0.07915584571211448,0.07568397899268949,0.02366030866688838,bgn_gam_oracle_g0235_s008@de109da+dirty
646,500,0.07900916718207139,0.0790091671820716,-0.24280702994023798,0.004240958978514341,0.00041842423924625294,0.07887614984074423,0.07533451228371317,0.023815116161370626,bgn_gam_oracle_g0235_s008@de109da+dirty
647,500,0.07862321199874087,0.07862321199874067,-0.291968241818669,0.004344771718516359,0.00041703994837451755,0.08010202950679132,0.07485930212239235,0.024035273053313416,bgn_gam_oracle_g0235_s008@de109da+dirty
648,500,0.07859107026756669,0.07859107026756676,-0.22934187606466958,0.004223112307463408,0.00037831162624776766,0.07988922907304691,0.07486465728515079,0.02391316406037736,bgn_gam_oracle_g0235_s008@de109da+dirty
649,500,0.07844917161222448,0.07844917161222445,-0.24885144400456657,0.004255293996770261,0.00037269236764074786,0.07988073145052177,0.07467842724518661,0.024029253646953273,bgn_gam_oracle_g0235_s008@de109da+dirty
650,500,0.07864199379400334,0.07864199379400354,-0.1951050395074999,0.00416139055474603,0.0003511949311542304,0.07948317805782176,0.07461410191671508,0.024845502270191992,bgn_gam_oracle_g0235_s008@de109da+dirty
651,500,0.0783357300446479,0.07833573004464778,-0.23914642530139069,0.004230710567884957,0.00034477187507999654,0.07908589063711319,0.07447845946400375,0.02427850237343117,bgn_gam_oracle_g0235_s008@de109da+dirty
652,500,0.07827227673986131,0.07827227673986122,-0.24539393705174845,0.004239519646869581,0.0003316836817253881,0.07874897239975916,0.07432181810118144,0.024552324944418884,bgn_gam_oracle_g0235_s008@de109da+dirty
653,500,0.07877903780931735,0.0787790378093175,-0.14486101398734413,0.004097082237764024,0.00031659640974559443,0.07883813463078883,0.0741143690723656,0.026705750226627772,bgn_gam_oracle_g0235_s008@de109da+dirty
654,500,0.07906413231114741,0.07906413231114749,-0.08670124337209612,0.004037157167377703,0.00031470143575456375,0.07895575112216952,0.07394967778841838,0.027974670205450598,bgn_gam_oracle_g0235_s008@de109da+dirty
655,500,0.07969515478542039,0.07969515478542034,0.08936765543714258,0.003958262008577887,0.00032273521863879684,0.08160715889388012,0.07317549613848831,0.03156999304970142,bgn_gam_oracle_g0235_s008@de109da+dirty
656,500,0.07977650291706981,0.07977650291706974,0.09796072718370759,0.003953652261091741,0.0003237474397357049,0.0816019955845144,0.07322870740061364,0.031651964079857035,bgn_gam_oracle_g0235_s008@de109da+dirty
657,500,0.07957848752490773,0.07957848752490773,0.04498500595026883,0.003963985709905448,0.0003183795890461987,0.08083566827428418,0.07349674761344374,0.03051169885466307,bgn_gam_oracle_g0235_s008@de109da+dirty
658,500,0.07903154766581325,0.07903154766581318,-0.10009555062939182,0.004043136038794741,0.00031154060430946034,0.0786945080533064,0.07413660350103723,0.027381554882506303,bgn_gam_oracle_g0235_s008@de109da+dirty
659,500,0.07898480828546894,0.07898480828546889,-0.10692540819447342,0.004045551099453215,0.00031021908973348007,0.078454883531463,0.07420558582399528,0.027057918848461992,bgn_gam_oracle_g0235_s008@de109da+dirty
660,500,0.07910377007830596,0.0791037700783061,-0.09757594327288396,0.004034942214563944,0.00030856527532536267,0.07823533187072443,0.07423963270320252,0.027310865542766606,bgn_gam_oracle_g0235_s008@de109da+dirty
661,500,0.07880993455666636,0.07880993455666631,-0.16573802678508023,0.004102994118626736,0.00031132589411494895,0.0773549935941395,0.07442124761741727,0.02593229044826353,bgn_gam_oracle_g0235_s008@de109da+dirty
662,500,0.07834106441790302,0.07834106441790312,-0.25836812426389594,0.004238345076136257,0.00032065819698990917,0.0771965131084483,0.0743399644549536,0.024716230678771912,bgn_gam_oracle_g0235_s008@de109da+dirty
663,500,0.07838766962629723,0.07838766962629741,-0.24258203700758774,0.004216312277804414,0.00031096274586522117,0.07693287651295544,0.07418424735575647,0.025324379433689186,bgn_gam_oracle_g0235_s008@de109da+dirty
664,500,0.07875911936813841,0.07875911936813838,-0.13829369420436807,0.0040871460693044275,0.0002972986480884083,0.077282956525722,0.07389406591468334,0.027251897296172042,bgn_gam_oracle_g0235_s008@de109da+dirty
665,500,0.07877054004452791,0.07877054004452794,-0.13392631104995753,0.00408206501955142,0.0002995964383983596,0.07705758289184887,0.07388109889230769,0.027319978136368005,bgn_gam_oracle_g0235_s008@de109da+dirty
666,500,0.07825729630519423,0.07825729630519401,-0.25821907339514605,0.0042393824432103815,0.00031078003538610683,0.07662316977724745,0.07398871953235917,0.025492622598721783,bgn_gam_oracle_g0235_s008@de109da+dirty
667,500,0.0781316683869349,0.07813166838693485,-0.2564491568398023,0.0042411137734037095,0.00030094944196185324,0.0767826474889008,0.07377261066051155,0.02573246045869964,bgn_gam_oracle_g0235_s008@de109da+dirty
668,500,0.07819822123441775,0.07819822123441765,-0.22473316160712153,0.004198141115105386,0.00028696018362975095,0.07664300214665327,0.07359249641464573,0.026440617914248867,bgn_gam_oracle_g0235_s008@de109da+dirty
669,500,0.07868098676199757,0.07868098676199761,-0.15519928358934507,0.004117882167488739,0.0002769375396020617,0.07668247042430001,0.07335688589291686,0.02845109786871523,bgn_gam_oracle_g0235_s008@de109da+dirty
670,500,0.07879866320982162,0.07879866320982162,-0.1227875558315431,0.004086974572054141,0.00027398183885787847,0.07666091692057725,0.07324631704397586,0.0290552295318462,bgn_gam_oracle_g0235_s008@de109da+dirty
671,500,0.07843758196518526,0.0784375819651852,-0.20388013530295762,0.004164499324453766,0.00027208727865941804,0.07574767861394542,0.07356203160731208,0.027222817090631436,bgn_gam_oracle_g0235_s008@de109da+dirty
672,500,0.07868881141697827,0.0786888114169783,-0.1404084583376386,0.00410051266086192,0.0002669497193321602,0.07604184712152497,0.07329296120089429,0.028636879729135534,bgn_gam_oracle_g0235_s008@de109da+dirty
673,500,0.07908891840127923,0.07908891840127906,-0.038378036629707964,0.004035113307094454,0.00026490664157565174,0.07701556682882023,0.07284511463898168,0.030800102063431894,bgn_gam_oracle_g0235_s008@de109da+dirty
674,500,0.07924761505304216,0.07924761505304219,0.035492848120885344,0.004017163715173105,0.0002660885104077366,0.0781159804409853,0.0724694054598306,0.03206820487482623,bgn_gam_oracle_g0235_s008@de109da+dirty
675,500,0.07935875621072624,0.07935875621072613,0.07575402496017992,0.004009138901966699,0.0002705807421454114,0.07860912472136906,0.07230244323349036,0.03271343592136701,bgn_gam_oracle_g0235_s008@de109da+dirty
676,500,0.07923544132630858,0.07923544132630865,0.013405002804374339,0.004014681662211624,0.0002664880280231392,0.07750382617863298,0.07271582033280294,0.03147482542449461,bgn_gam_oracle_g0235_s008@de109da+dirty
677,500,0.07915470032398288,0.07915470032398297,-0.00591497514005231,0.004014916928864773,0.00026163769468303115,0.07692410533402397,0.07288681325753353,0.030870358542475152,bgn_gam_oracle_g0235_s008@de109da+dirty
678,500,0.07940673720223432,0.0794067372022343,0.090005954359292,0.003999060364756451,0.00026523315878950734,0.07832191882051429,0.07242566684671974,0.03255691470199019,bgn_gam_oracle_g0235_s008@de109da+dirty
679,500,0.07894804366608928,0.07894804366608918,-0.026222178424360813,0.004017548493759879,0.000261984648379716,0.0762185412735902,0.07307472183459145,0.029881074738031473,bgn_gam_oracle_g0235_s008@de109da+dirty
680,500,0.07891702848203662,0.07891702848203654,-0.03401729397859417,0.004014681749849073,0.0002605587647328825,0.07585058035668953,0.07317610926270911,0.029549186411924066,bgn_gam_oracle_g0235_s008@de109da+dirty
681,500,0.07899473153971753,0.07899473153971769,-0.01828373183829949,0.00400708408487191,0.00026293873218717205,0.07604193059662533,0.07315767846632758,0.02980137064716108,bgn_gam_oracle_g0235_s008@de109da+dirty
682,500,0.07872345493529863,0.0787234549352986,-0.09585819332983973,0.004042129264390583,0.00026323584849485913,0.07498531076738019,0.07355311551600867,0.028059250788976513,bgn_gam_oracle_g0235_s008@de109da+dirty
683,500,0.07861241902544767,0.07861241902544773,-0.12121928959443225,0.00405815780640466,0.0002644777238123769,0.0745562536001678,0.07368132743282309,0.027403912362465314,bgn_gam_oracle_g0235_s008@de109da+dirty
684,500,0.07848516956876538,0.07848516956876526,-0.15977185843379452,0.004089561602732834,0.00026746234021387345,0.07415148595724358,0.07384321406819529,0.026591381654899778,bgn_gam_oracle_g0235_s008@de109da+dirty
685,500,0.07860989652032137,0.07860989652032134,-0.13577701421933105,0.004065344281309024,0.0002631260680612686,0.07402038066863068,0.0737867108909593,0.027111568136675944,bgn_gam_oracle_g0235_s008@de109da+dirty
686,500,0.07893512062565668,0.0789351206256568,-0.0537696699213865,0.004010934244602827,0.00025969637120153524,0.0746261830361285,0.07345360021795361,0.028901935630819196,bgn_gam_oracle_g0235_s008@de109da+dirty
687,500,0.07929335232498089,0.0792933523249809,0.06435752148749188,0.003977998970520027,0.00026213896036339875,0.07614530484306022,0.07297302039996803,0.031022153642830813,bgn_gam_oracle_g0235_s008@de109da+dirty
688,500,0.07922018612424957,0.07922018612424957,0.03212971743480593,0.003980731290629216,0.0002625765488188467,0.07564372758268093,0.07317555396363748,0.030350884528717162,bgn_gam_oracle_g0235_s008@de109da+dirty
689,500,0.07876944551749687,0.07876944551749693,-0.10544948271253969,0.004033649594146375,0.000264175858660592,0.07388624341791558,0.07382783787305296,0.027460442496873842,bgn_gam_oracle_g0235_s008@de109da+dirty
690,500,0.07891581077708808,0.07891581077708801,-0.06315102832814153,0.0040070478302212005,0.000263070526493598,0.07418361927869874,0.07368386262597694,0.0282558591998426,bgn_gam_oracle_g0235_s008@de109da+dirty
691,500,0.07875868038564844,0.07875868038564841,-0.1074074204865958,0.0040333280819994195,0.0002634578837326631,0.07376377045277205,0.07388281361470517,0.027281121466381487,bgn_gam_oracle_g0235_s008@de109da+dirty
692,500,0.07875089294154156,0.07875089294154161,-0.1182117506277845,0.004038545505235969,0.00026181421108370783,0.07356059630946732,0.0739785657759074,0.02699768406419117,bgn_gam_oracle_g0235_s008@de109da+dirty
693,500,0.0789360570940524,0.0789360570940524,-0.15923871458762304,0.00406984659319881,0.0002637844470364034,0.07314463027634878,0.0741516913156879,0.027063403048737902,bgn_gam_oracle_g0235_s008@de109da+dirty
694,500,0.07878983061057919,0.07878983061057936,-0.20817238375597327,0.004120173736427581,0.0002676637234556362,0.072771764401665,0.07423530572718451,0.026399939227869613,bgn_gam_oracle_g0235_s008@de109da+dirty
695,500,0.07865454417973253,0.07865454417973254,-0.2538169159562175,0.004179361727298224,0.00026986743835121944,0.07294622530406596,0.0741083469948195,0.026353182460889312,bgn_gam_oracle_g0235_s008@de109da+dirty
696,500,0.07797294230521716,0.07797294230521723,-0.34125210280096424,0.0042953092397614336,0.0002724904675604546,0.07526809590059445,0.07344911254306526,0.02617264981557768,bgn_gam_oracle_g0235_s008@de109da+dirty
697,500,0.07768351525671809,0.07768351525671818,-0.3778099959886791,0.004333747434809422,0.00026769697902182156,0.07668831762124388,0.07278788841473313,0.027141330895243697,bgn_gam_oracle_g0235_s008@de109da+dirty
698,500,0.07791430494031132,0.0779143049403113,-0.29275762391070986,0.0042735770270398475,0.00025560142020324145,0.07768492169037719,0.07217169226039265,0.029357890772380112,bgn_gam_oracle_g0235_s008@de109da+dirty
699,500,0.07760697453573502,0.07760697453573498,-0.3221384397361286,0.004313816104675668,0.00025073848248030324,0.07876193465478898,0.07161217935158368,0.02990883256007892,bgn_gam_oracle_g0235_s008@de109da+dirty
700,500,0.07787363505947877,0.07787363505947872,-0.2453113653018065,0.004251208451240853,0.00024243857903627302,0.07925466335731161,0.07105681161695547,0.031862714263059616,bgn_gam_oracle_g0235_s008@de109da+dirty
701,500,0.07793243796976737,0.07793243796976737,-0.22879233290218112,0.00423676455801204,0.00023656814457757172,0.07909539225932162,0.07093065195979022,0.032284787446578415,bgn_gam_oracle_g0235_s008@de109da+dirty
702,500,0.0778574715000503,0.07785747150005039,-0.24827352031426636,0.004253837041537934,0.00023470936509102725,0.07874991521268872,0.07093147656183593,0.032101580975691296,bgn_gam_oracle_g0235_s008@de109da+dirty
703,500,0.0780453082317729,0.07804530823177284,-0.20335014825509823,0.0042215719055024616,0.00023154070338269277,0.07900863574588358,0.07057064101725928,0.033329487895939244,bgn_gam_oracle_g0235_s008@de109da+dirty
704,500,0.07806429781763753,0.07806429781763763,-0.18007099029506884,0.0042058985165788695,0.0002277016882481072,0.07908624308901388,0.0704121987260704,0.03370692605861856,bgn_gam_oracle_g0235_s008@de109da+dirty
705,500,0.078401218001518,0.07840121800151799,-0.04157979614167497,0.004159243074520926,0.00022948307022050373,0.0811556183772687,0.06940210019801399,0.03647052881747641,bgn_gam_oracle_g0235_s008@de109da+dirty
706,500,0.07856445324786572,0.07856445324786569,-0.006555795936017253,0.004155045394863806,0.00023399615136555173,0.08170861023202294,0.06922915590057499,0.03714427664432249,bgn_gam_oracle_g0235_s008@de109da+dirty
707,500,0.07862684772015593,0.07862684772015603,0.012223629061737244,0.00415401480771442,0.00023831507520376342,0.0820951727307857,0.06912264120011333,0.03747321251145925,bgn_gam_oracle_g0235_s008@de109da+dirty
708,500,0.07859234282557694,0.07859234282557696,-0.007737464576493742,0.004152306221726909,0.00023768956812624957,0.08162353273300636,0.06932558852271956,0.03702322415446268,bgn_gam_oracle_g0235_s008@de109da+dirty
709,500,0.37060095177440566,0.37060095177440433,-0.11379770981335974,0.02077316278439081,0.0030450718101039274,0.09836720886892991,0.27857119472014696,0.24442412918589954,bgn_gam_oracle_g0235_s008@de109da+dirty
710,500,0.3707304798808087,0.370730479880809,-0.11479412828464032,0.020754484438770333,0.0030526571731918934,0.09845954078846117,0.2785113269416173,0.2446886378193198,bgn_gam_oracle_g0235_s008@de109da+dirty
711,500,0.3691129049207712,0.36911290492077015,-0.16288646996584225,0.020289682125742357,0.002990300975010126,0.09709867005637378,0.27501579483451943,0.246192301200886,bgn_gam_oracle_g0235_s008@de109da+dirty
712,500,0.07823614936400981,0.07823614936400987,-0.07401453034999823,0.004154535122648413,0.0002339049904729951,0.08044352131880564,0.07000560798937995,0.03493007181992208,bgn_gam_oracle_g0235_s008@de109da+dirty
713,500,0.07827989515108234,0.07827989515108237,-0.07285542963314884,0.004151512485686403,0.00023493581074707665,0.08033950218902787,0.07006421550387866,0.034910567034788974,bgn_gam_oracle_g0235_s008@de109da+dirty
714,500,0.07852429091803619,0.07852429091803613,-0.007474028599004721,0.004138430945772851,0.00023872051297846729,0.0814104051184429,0.069674429940616,0.03621516362838326,bgn_gam_oracle_g0235_s008@de109da+dirty
715,500,0.07886857106549597,0.07886857106549611,-0.11469463420779594,0.004152568525132266,0.00024061270048271558,0.07933374843311705,0.07056698314844159,0.035221476278554084,bgn_gam_oracle_g0235_s008@de109da+dirty
716,500,0.0790284662765652,0.0790284662765652,-0.060340635538852126,0.0041333610367362,0.0002387892258591344,0.08002937892411219,0.07024616964967366,0.036207376756338915,bgn_gam_oracle_g0235_s008@de109da+dirty
717,500,0.07878533892357542,0.07878533892357535,-0.16134302733140315,0.004169453898147408,0.00023889936341044344,0.07830769042648361,0.07102306118323078,0.03410065115896919,bgn_gam_oracle_g0235_s008@de109da+dirty
718,500,0.07890615261859879,0.07890615261859901,-0.13216501283626705,0.004149034037525475,0.00023684285904674674,0.07831291287617224,0.07087288583565038,0.034687389270403046,bgn_gam_oracle_g0235_s008@de109da+dirty
719,500,0.07896030375979585,0.07896030375979583,-0.11523383825039846,0.00413961509004428,0.000236821881275818,0.07843354598886278,0.07078868230293202,0.03498130969037307,bgn_gam_oracle_g0235_s008@de109da+dirty
720,500,0.07853101806287785,0.0785310180628779,-0.25425093867359405,0.00422918820990516,0.00023695256376612264,0.07665254967379224,0.0716470721325529,0.03215303800303804,bgn_gam_oracle_g0235_s008@de109da+dirty
721,500,0.0786275063235323,0.07862750632353226,-0.2228563891257557,0.004204198493679257,0.00023464643395965998,0.07673588149275394,0.07139247492057857,0.03294539839449011,bgn_gam_oracle_g0235_s008@de109da+dirty
722,500,0.07890138726946762,0.07890138726946763,-0.1255858073563687,0.0041477372599811185,0.0002312226715372434,0.07779457383067641,0.07071854801924303,0.034990225479361,bgn_gam_oracle_g0235_s008@de109da+dirty
723,500,0.07938842899249468,0.07938842899249472,0.087197376399668,0.004135189290799707,0.00024376678975360572,0.08147796291559765,0.06926471931296511,0.03879331535706283,bgn_gam_oracle_g0235_s008@de109da+dirty
724,500,0.07934640767044192,0.0793464076704419,0.03578828845787707,0.004125384590132381,0.00024390899069054616,0.08055243501909061,0.0696612100393606,0.0379890540294971,bgn_gam_oracle_g0235_s008@de109da+dirty
725,500,0.07953647801492358,0.07953647801492357,0.12419167647680956,0.004139461712107072,0.00025015208611114346,0.08231057324247122,0.06915130355312359,0.03929565563675176,bgn_gam_oracle_g0235_s008@de109da+dirty
726,500,0.07958325976170044,0.07958325976170046,0.15081605392988498,0.004144528428786176,0.00025273972962062724,0.08292639408085774,0.06902148509861154,0.039617292046282435,bgn_gam_oracle_g0235_s008@de109da+dirty
727,500,0.07949342877354006,0.07949342877354017,0.10544252740633626,0.004130141169073294,0.00024972365894742455,0.08200498169041019,0.06936679898696145,0.03882592454116669,bgn_gam_oracle_g0235_s008@de109da+dirty
728,500,0.07924850175980258,0.0792485017598026,-0.022644974905691933,0.004115967802975422,0.00024358342394342682,0.07947277324687493,0.07028585695792375,0.036609060939386505,bgn_gam_oracle_g0235_s008@de109da+dirty
729,500,0.07893230463990404,0.07893230463990399,-0.145753189332821,0.004149060967192633,0.00023937013545467708,0.07741941863179527,0.07120059429845774,0.03407028158546748,bgn_gam_oracle_g0235_s008@de109da+dirty
730,500,0.07881460322021094,0.078814603220211,-0.17245233247980454,0.0041637621534699075,0.00023979673745703448,0.07698815120634671,0.07140382048854055,0.03336519294713523,bgn_gam_oracle_g0235_s008@de109da+dirty
731,500,0.07900455323948573,0.07900455323948558,-0.12155618426084464,0.004137520545531778,0.0002370194097258479,0.07750499157845585,0.07106716951999847,0.03451342998003147,bgn_gam_oracle_g0235_s008@de109da+dirty
732,500,0.07912966602546563,0.07912966602546566,-0.09580835140781777,0.004127111050298214,0.00023826339238133373,0.07779834354636563,0.07094154969057474,0.03505425185054509,bgn_gam_oracle_g0235_s008@de109da+dirty
733,500,0.07880645182020735,0.07880645182020735,-0.20073769888590096,0.004179173905027428,0.00023600549141219996,0.07619012889425435,0.07166852600807597,0.03277314797697042,bgn_gam_oracle_g0235_s008@de109da+dirty
734,500,0.07833002608351101,0.07833002608351092,-0.3037453255231593,0.004270477394340603,0.0002370681883563374,0.0762966056045094,0.07180575751379481,0.031297382863645584,bgn_gam_oracle_g0235_s008@de109da+dirty
735,500,0.07803259658148805,0.07803259658148783,-0.3488548879067502,0.004317861402198785,0.00023678479425073528,0.07791274846690145,0.07126771911782294,0.03178047106309714,bgn_gam_oracle_g0235_s008@de109da+dirty
736,500,0.07829581889806797,0.07829581889806791,-0.26232431938671164,0.0042603360551482705,0.0002269347877471574,0.07863899362502014,0.07063779407115375,0.03377184190535561,bgn_gam_oracle_g0235_s008@de109da+dirty
737,500,0.07837446497391148,0.07837446497391153,-0.22315156934077993,0.004235869923989643,0.00022254849155397307,0.07902422884804834,0.07032331927679787,0.03460039776997408,bgn_gam_oracle_g0235_s008@de109da+dirty
738,500,0.07840226522905207,0.07840226522905204,-0.19858879125789358,0.004219515790656127,0.0002198847097038276,0.0791396091582134,0.07013092591376877,0.03505094040855542,bgn_gam_oracle_g0235_s008@de109da+dirty
739,500,0.07867328049944747,0.07867328049944752,-0.17082687910212138,0.0042005748063845575,0.00021745841708979818,0.07925570173550532,0.06997964326825311,0.035949055517395426,bgn_gam_oracle_g0235_s008@de109da+dirty
740,500,0.07809249962066164,0.07809249962066156,-0.25330660175676206,0.004249989499918938,0.0002181196378663441,0.07812440316206909,0.07050801888000667,0.0335716810812277,bgn_gam_oracle_g0235_s008@de109da+dirty
741,500,0.07808351201643048,0.07808351201643043,-0.2533653381586986,0.004250183149492029,0.00021676841135428855,0.07810217332515636,0.07039794706059845,0.03378111748408008,bgn_gam_oracle_g0235_s008@de109da+dirty
742,500,0.07771558481501131,0.07771558481501128,-0.33306400369435324,0.004311828294673909,0.00021269085210698228,0.07839123162445591,0.0702953455992038,0.03314025513220613,bgn_gam_oracle_g0235_s008@de109da+dirty
743,500,0.07754454135149934,0.07754454135149937,-0.32032680788970885,0.004318942778145321,0.0002049449413246076,0.07953267510932752,0.06966983230918318,0.034048059554469275,bgn_gam_oracle_g0235_s008@de109da+dirty
744,500,0.07724688397544906,0.07724688397544897,-0.35911260636074815,0.004344138694851026,0.0001963093087638172,0.07994492092979727,0.06936248494665298,0.033998923011498865,bgn_gam_oracle_g0235_s008@de109da+dirty
745,500,0.07682299316567676,0.0768229931656766,-0.3494127654919623,0.004354446268265592,0.00019157367125007135,0.08104589710537244,0.068692647169628,0.03439611175354877,bgn_gam_oracle_g0235_s008@de109da+dirty
746,500,0.07657130398750532,0.07657130398750538,-0.37471701140310903,0.00436952925402201,0.00018638648151286227,0.08130966277515841,0.06836185795374917,0.03449378163464205,bgn_gam_oracle_g0235_s008@de109da+dirty
747,500,0.07616884009277534,0.07616884009277537,-0.4377637220537749,0.004383246544497796,0.00018263640683863496,0.08094473228500194,0.06822919544034314,0.0338595494748858,bgn_gam_oracle_g0235_s008@de109da+dirty
748,500,0.07599696085253824,0.07599696085253815,-0.3393649850474789,0.004387586171290941,0.00017864382404622723,0.0836419899056863,0.06706317475587925,0.03575008602066055,bgn_gam_oracle_g0235_s008@de109da+dirty
749,500,0.07559360300186532,0.07559360300186538,-0.3189678884538279,0.004389537794008853,0.00017608897097160528,0.08449749498083273,0.06650267240845929,0.03594144372916548,bgn_gam_oracle_g0235_s008@de109da+dirty
750,500,0.0754594446791719,0.07545944467917182,-0.36165540426575105,0.004403095905486641,0.0001735707275501013,0.08420782679123459,0.06648026867366012,0.035700163422132516,bgn_gam_oracle_g0235_s008@de109da+dirty
751,500,0.07529608577878134,0.0752960857787813,-0.3913841631565935,0.0044083244230542626,0.00016922963503872293,0.08401564380439284,0.06636345266690442,0.035572358422420264,bgn_gam_oracle_g0235_s008@de109da+dirty
752,500,0.07508307095350177,0.07508307095350189,-0.33630746566533587,0.004415087872769563,0.00016706815976748072,0.08582377192877726,0.06548864192926238,0.03672472358057224,bgn_gam_oracle_g0235_s008@de109da+dirty
753,500,0.07495608491700405,0.0749560849170039,-0.2658199631514168,0.004404553341430493,0.0001665718823879504,0.08708508258914748,0.06477289968622509,0.037721162923793114,bgn_gam_oracle_g0235_s008@de109da+dirty
754,500,0.0749829725550668,0.07498297255506675,-0.3548161054247205,0.004423078999534095,0.00016429806569359786,0.08559060648268144,0.06530472303698985,0.03684751446510264,bgn_gam_oracle_g0235_s008@de109da+dirty
755,500,0.07494061259159365,0.07494061259159375,-0.2925309306021754,0.004416789739957302,0.0001637053678560269,0.08662743149631728,0.06462794035774565,0.03793843355647405,bgn_gam_oracle_g0235_s008@de109da+dirty
756,500,0.07495781941894841,0.07495781941894865,-0.324432666159008,0.004426411340055953,0.0001624878510084577,0.08636644497548611,0.06465279696270744,0.037930074307106335,bgn_gam_oracle_g0235_s008@de109da+dirty
757,500,0.07487543950841248,0.07487543950841244,-0.47311973387702455,0.0044101232907675075,0.00015655750271284887,0.0833545105118293,0.0655179685822561,0.03624537535234584,bgn_gam_oracle_g0235_s008@de109da+dirty
758,500,0.07484234243676698,0.07484234243676706,-0.4341097128185253,0.004423419390760037,0.00015618444972184044,0.08441419886964309,0.06502235281394173,0.03706035423416208,bgn_gam_oracle_g0235_s008@de109da+dirty
759,500,0.07470057999407051,0.0747005799940706,-0.4463089034482848,0.0044236602968253675,0.0001534554336028502,0.08444020519447355,0.06483767864902892,0.037097871621641396,bgn_gam_oracle_g0235_s008@de109da+dirty
760,500,0.0746104372007819,0.07461043720078184,-0.3857582397268517,0.004444703933361065,0.00015428021337204995,0.08613980500625747,0.06410327566406678,0.038177053165854555,bgn_gam_oracle_g0235_s008@de109da+dirty
761,500,0.07450122803430673,0.07450122803430673,-0.4723327829896885,0.004422967572819118,0.00014927784675521232,0.08436718260978443,0.06451534263023473,0.037258603622830365,bgn_gam_oracle_g0235_s008@de109da+dirty
762,500,0.07433440186954181,0.07433440186954195,-0.5128888087982282,0.004407247787028526,0.0001447825792777685,0.08350704570570415,0.0645230440255293,0.03691043336215585,bgn_gam_oracle_g0235_s008@de109da+dirty
763,500,0.07412704154464465,0.07412704154464478,-0.5020066626242384,0.004416053760710304,0.0001422841343819182,0.0839134054626233,0.0642224927322939,0.03701742448377428,bgn_gam_oracle_g0235_s008@de109da+dirty
764,500,0.07414732816127759,0.07414732816127725,-0.5065288121621626,0.004417205420637778,0.00014037456607568876,0.08401034548055822,0.06401925038473572,0.037408045306226635,bgn_gam_oracle_g0235_s008@de109da+dirty
765,500,0.07384559193525785,0.07384559193525789,-0.3150513186509742,0.004474670105890576,0.0001445050292981287,0.08861625582488361,0.06234230644252219,0.03958040267222245,bgn_gam_oracle_g0235_s008@de109da+dirty
766,500,0.07373471408408666,0.07373471408408648,-0.32696164319457505,0.004476308964563577,0.00014232706394874393,0.08840647226696703,0.06229317589045534,0.03945083393976357,bgn_gam_oracle_g0235_s008@de109da+dirty
767,500,0.0734676288788509,0.07346762887885061,-0.22255518981361772,0.0044850383292404875,0.00014382033245702576,0.0907389421758191,0.06127068973945482,0.04053880945380652,bgn_gam_oracle_g0235_s008@de109da+dirty
768,500,0.34154749805658474,0.34154749805658435,-0.11386450691085928,0.025700913717508576,0.0020456258710828193,0.1217277500949766,0.2590688079492417,0.22257144061283263,bgn_gam_oracle_g0235_s008@de109da+dirty
769,500,0.3359736693355819,0.3359736693355815,-0.21528938149909915,0.02459167925211183,0.0019693110704229523,0.11753986884049139,0.2557915108940338,0.21782793540168885,bgn_gam_oracle_g0235_s008@de109da+dirty
770,500,0.3351146807592707,0.33511468075927175,-0.23915243773405057,0.024298608686223737,0.0019545133563981594,0.11656515484439546,0.2548755699975462,0.21757824587677382,bgn_gam_oracle_g0235_s008@de109da+dirty
771,500,0.3355523067605028,0.33555230676050274,-0.23274792906643194,0.0243270902586892,0.001984533501173106,0.1167640290876339,0.25507003910823267,0.21802436955904544,bgn_gam_oracle_g0235_s008@de109da+dirty
772,500,0.33764856574962515,0.3376485657496255,-0.19887342045209744,0.024629372231380082,0.0020311951611178304,0.11805436028132596,0.25626293929895666,0.21985417870633753,bgn_gam_oracle_g0235_s008@de109da+dirty
773,500,0.33838896796329593,0.3383889679632963,-0.18845033369601447,0.0246958871182558,0.0020514142004318843,0.11850621974582203,0.2566380518519023,0.22055385732497362,bgn_gam_oracle_g0235_s008@de109da+dirty
774,500,0.34824052873125433,0.3482405287312551,-0.022609352211915814,0.026457517740223688,0.0022516360359185867,0.12580815141241217,0.2616407911524176,0.22981636638011782,bgn_gam_oracle_g0235_s008@de109da+dirty
775,500,0.3568327698603448,0.35683276986034485,0.13088759793114516,0.02818575072367104,0.00243109357661003,0.13318781201066252,0.265357760123773,0.23856840693666867,bgn_gam_oracle_g0235_s008@de109da+dirty
776,500,0.3567735106205276,0.3567735106205283,0.13626677667978335,0.028216235782454527,0.002445394021301565,0.133512703594394,0.2655226627046287,0.23829614657131928,bgn_gam_oracle_g0235_s008@de109da+dirty
777,500,0.35756782488375505,0.35756782488375577,0.1285580826609033,0.028051592409681945,0.002465773118346199,0.13292933786846312,0.2653366840102507,0.2396897859954489,bgn_gam_oracle_g0235_s008@de109da+dirty
778,500,0.3553429951466023,0.3553429951466013,0.0760498735871008,0.027395648859355394,0.0024148489547076023,0.13039651963104024,0.2640950366647207,0.2377445179364144,bgn_gam_oracle_g0235_s008@de109da+dirty
779,500,0.3567117746105037,0.3567117746105034,0.09902686145854755,0.027629237160032915,0.002459275906723483,0.13163096003659855,0.26463900860120665,0.23918504399804194,bgn_gam_oracle_g0235_s008@de109da+dirty
780,500,0.3505537391704707,0.3505537391704713,-0.010297034291112256,0.02635191026067653,0.002355796745990152,0.12648140148689047,0.2618573207200985,0.23306365575029048,bgn_gam_oracle_g0235_s008@de109da+dirty
781,500,0.35394106937603564,0.3539410693760353,0.0373932708518619,0.026833368761241906,0.002435292553304413,0.12874721853411078,0.26302974176044785,0.23683250524470617,bgn_gam_oracle_g0235_s008@de109da+dirty
782,500,0.36052304345902686,0.3605230434590257,0.16559251400905117,0.028286716347425588,0.0026283987967245293,0.1351191442182408,0.26610775152874444,0.2432355431290324,bgn_gam_oracle_g0235_s008@de109da+dirty
783,500,0.35883278901341337,0.3588327890134133,0.12363914827187027,0.02772114885127568,0.0025882377561900244,0.13294536948811717,0.26509794282011134,0.24183476008152716,bgn_gam_oracle_g0235_s008@de109da+dirty
784,500,0.3565428794059646,0.35654287940596424,0.07146087690828273,0.02708743127894901,0.002539400252220231,0.13051175394915948,0.26377516558319086,0.23988640410964607,bgn_gam_oracle_g0235_s008@de109da+dirty
785,500,0.36252204241477337,0.36252204241477376,0.1735340552358149,0.02824701660193831,0.0026762713866262085,0.135712341773562,0.26611061901836885,0.24618564069059606,bgn_gam_oracle_g0235_s008@de109da+dirty
786,500,0.36366962355878873,0.3636696235587889,0.19128572400786098,0.028459026890582922,0.0027053544580345466,0.1368377701944723,0.2665043655889413,0.24744902145982922,bgn_gam_oracle_g0235_s008@de109da+dirty
787,500,0.36183363388377754,0.36183363388377837,0.1522288803098795,0.027970698721508796,0.0026428093457394135,0.13490465503739102,0.2656494348367858,0.24567042227430605,bgn_gam_oracle_g0235_s008@de109da+dirty
788,500,0.37012482612916897,0.370124826129169,0.32497836472485414,0.03006333204005621,0.002871348694445362,0.1441618788246622,0.26938734547836274,0.2538165577996613,bgn_gam_oracle_g0235_s008@de109da+dirty
789,500,0.3717618475884043,0.37176184758840536,0.343434808348549,0.030222399746074442,0.0029562027434165495,0.1452466481804662,0.26960975433820217,0.25596377026454,bgn_gam_oracle_g0235_s008@de109da+dirty
790,500,0.3733580335236466,0.373358033523647,0.3742947656942509,0.030583914514174998,0.0030259092699448675,0.14710397274258163,0.2702326130020011,0.25762483588884655,bgn_gam_oracle_g0235_s008@de109da+dirty
791,500,0.3699244532233577,0.36992445322335854,0.2979988861520704,0.029591939634038007,0.0029609912324759465,0.14290350838413743,0.2687147614293837,0.2542370509633668,bgn_gam_oracle_g0235_s008@de109da+dirty
792,500,0.3666880031059171,0.36668800310591737,0.20951358616001464,0.02845471439641127,0.0029011061239387903,0.13834956853391822,0.266633462462773,0.2517274087518443,bgn_gam_oracle_g0235_s008@de109da+dirty
793,500,0.36469756948948157,0.3646975694894817,0.16136964460375516,0.02785346806837751,0.002884966943712282,0.13597071853198878,0.26537542613692844,0.25016034936452036,bgn_gam_oracle_g0235_s008@de109da+dirty
794,500,0.360642465742525,0.36064246574252556,0.0865968817585315,0.026949122309706378,0.0028081429072099933,0.13233979012732916,0.26354418260358237,0.2461858076995056,bgn_gam_oracle_g0235_s008@de109da+dirty
795,500,0.3614371565722115,0.3614371565722115,0.10355675145181067,0.027109245742975772,0.0028229734384320323,0.13323318042745022,0.26400311432734747,0.2468586109020036,bgn_gam_oracle_g0235_s008@de109da+dirty
796,500,0.3554241036889413,0.3554241036889412,-0.025535774199258395,0.02561409091663429,0.0027039013028511286,0.12706273384524663,0.26051611982266637,0.24178015798578145,bgn_gam_oracle_g0235_s008@de109da+dirty
797,500,0.35783297509850887,0.35783297509850903,0.014608080639127448,0.026000233953831824,0.0027680869900170153,0.129013852536701,0.26156203143560575,0.24419201825434275,bgn_gam_oracle_g0235_s008@de109da+dirty
798,500,0.3642313668958675,0.3642313668958679,0.06569105134232398,0.02652143547099886,0.0029604978871703154,0.13164036807729007,0.2627337332061268,0.25226072636540914,bgn_gam_oracle_g0235_s008@de109da+dirty
799,500,0.37475276386751116,0.37475276386751116,0.23897523419252453,0.02849753857365871,0.0032299197515874224,0.14059690613559553,0.26687902798825924,0.2630878530954641,bgn_gam_oracle_g0235_s008@de109da+dirty
800,500,0.37518663905332506,0.37518663905332467,0.2346153555010802,0.028471232189105796,0.0032179478385806104,0.1406589217976479,0.2669108258360378,0.26367333042166835,bgn_gam_oracle_g0235_s008@de109da+dirty
801,500,0.3749248046229909,0.3749248046229907,0.218209545407889,0.028229949886872864,0.0032227237851544075,0.1397977851530537,0.26650440180693447,0.2637119886146929,bgn_gam_oracle_g0235_s008@de109da+dirty
802,500,0.3713201015279372,0.3713201015279375,0.1595466796901839,0.027514728545432847,0.0031343536486741533,0.1369740855565615,0.2650909555312372,0.2600103903582571,bgn_gam_oracle_g0235_s008@de109da+dirty
803,500,0.3695669239249394,0.3695669239249396,0.1293071837849548,0.02713171237731223,0.003103602272043975,0.1356766363034996,0.2642178787163243,0.258396253506098,bgn_gam_oracle_g0235_s008@de109da+dirty
804,500,0.3734633777271838,0.3734633777271842,0.1816254939686936,0.027704194991844133,0.003218528776016326,0.13845813756543365,0.26546062381705515,0.2626890780105962,bgn_gam_oracle_g0235_s008@de109da+dirty
805,500,0.371468732455962,0.3714687324559619,0.14012903854863049,0.027152951602938017,0.0031757652391726163,0.13612479598719399,0.26449666357542717,0.26082663619712304,bgn_gam_oracle_g0235_s008@de109da+dirty
806,500,0.3680712970148952,0.3680712970148957,0.07101713582321009,0.026326376452464988,0.0030945609763486175,0.1325833492504439,0.26278930917988347,0.2577174007842444,bgn_gam_oracle_g0235_s008@de109da+dirty
807,500,0.36757582038581765,0.36757582038581743,0.056549832426565624,0.026125820922609663,0.0031176804458526663,0.13190285808445482,0.2623504758738395,0.2574572033194582,bgn_gam_oracle_g0235_s008@de109da+dirty
808,500,0.36098236698522446,0.3609823669852252,-0.058400320580965726,0.024833192056987162,0.0029535712400830384,0.12640153083401004,0.258935653544411,0.2515165930863887,bgn_gam_oracle_g0235_s008@de109da+dirty
809,500,0.3626834196859048,0.3626834196859044,-0.03675430844116623,0.025020003832546128,0.003004803209844829,0.1274278391423328,0.25958999436696395,0.2532830387918263,bgn_gam_oracle_g0235_s008@de109da+dirty
810,500,0.3571004466121789,0.3571004466121785,-0.1275482602552861,0.024030609084936632,0.0028823237291200027,0.12328049776267035,0.25644846153400236,0.24850536321669384,bgn_gam_oracle_g0235_s008@de109da+dirty
811,500,0.3543010992231398,0.35430109922314007,-0.16742296519770694,0.02357384925772191,0.002830828451288736,0.1214581680691116,0.2549126902311012,0.24606663583238547,bgn_gam_oracle_g0235_s008@de109da+dirty
812,500,0.3513289669181221,0.35132896691812143,-0.2241535344927277,0.022956111017259622,0.0027601245140518493,0.11920591227828943,0.2524760029182797,0.24431109460309766,bgn_gam_oracle_g0235_s008@de109da+dirty
813,500,0.3519742250539481,0.35197422505394704,-0.22306979703263624,0.022929952009554985,0.0027971877349208417,0.11934358470392763,0.252374697998954,0.24534234634947155,bgn_gam_oracle_g0235_s008@de109da+dirty
814,500,0.35947921387220105,0.35947921387220017,-0.0945756422186932,0.024210746004766824,0.0029820251849378004,0.12497958541176214,0.2575123942887,0.25082398608162815,bgn_gam_oracle_g0235_s008@de109da+dirty
815,500,0.3564615295715289,0.35646152957152927,-0.1306117700278459,0.023804865805741385,0.002915771194191283,0.12349927461523338,0.2562352270483031,0.24780704284579666,bgn_gam_oracle_g0235_s008@de109da+dirty
816,500,0.3562149244571986,0.3562149244571985,-0.13527683441060329,0.023707964918444985,0.002910261857069579,0.12325886486225471,0.2560171788803172,0.24767776752105017,bgn_gam_oracle_g0235_s008@de109da+dirty
817,500,0.35363352687618627,0.35363352687618615,-0.17877643842354643,0.02326454273018873,0.0028688387062483665,0.12152303835107123,0.25423973280666573,0.24580241982796988,bgn_gam_oracle_g0235_s008@de109da+dirty
818,500,0.35029629072991064,0.3502962907299111,-0.23815214154866463,0.02263662652222255,0.0027880502590516567,0.11909507456194339,0.25151834059454914,0.2438155360999345,bgn_gam_oracle_g0235_s008@de109da+dirty
819,500,0.3614750020470664,0.3614750020470666,-0.061268117442698,0.024351460880130994,0.0030696050611569675,0.12665435135810726,0.2585402090492215,0.2526284572444512,bgn_gam_oracle_g0235_s008@de109da+dirty
820,500,0.3632013799289936,0.3632013799289938,-0.027383906124813482,0.02467862063276143,0.0030923680638566967,0.12835679671511843,0.25965951524779823,0.2539531030005414,bgn_gam_oracle_g0235_s008@de109da+dirty
821,500,0.3574259979414229,0.3574259979414225,-0.1127697581320878,0.023779647206320958,0.002989175528067721,0.12441439455710343,0.2567320167334236,0.24868054927639827,bgn_gam_oracle_g0235_s008@de109da+dirty
822,500,0.35937719214575575,0.3593771921457565,-0.0845773060948041,0.024011521430320825,0.0030318763299316998,0.12565103589614018,0.2577119445202775,0.2504725930838439,bgn_gam_oracle_g0235_s008@de109da+dirty
823,500,0.3650628373727422,0.36506283737274275,0.007955946738872453,0.024910348735015766,0.0032154118949092323,0.1300223086050169,0.26069557190213105,0.2555556573845667,bgn_gam_oracle_g0235_s008@de109da+dirty
824,500,0.36992286749533954,0.3699228674953388,0.08925888867459332,0.02576339185015653,0.003363812433589834,0.1343423781139656,0.26295663475071185,0.2601859645264426,bgn_gam_oracle_g0235_s008@de109da+dirty
825,500,0.36737348509283135,0.36737348509283113,0.02959972137896421,0.02506918489651798,0.003291437499617216,0.13133333584320114,0.26118524490546063,0.2583515925883317,bgn_gam_oracle_g0235_s008@de109da+dirty
826,500,0.36784857995440995,0.36784857995441,0.02490134942900541,0.02495762454701218,0.003373439183832827,0.1311203322759459,0.26090988031017054,0.259304092005908,bgn_gam_oracle_g0235_s008@de109da+dirty
827,500,0.37168385185429986,0.3716838518542996,0.07721097470909707,0.025470050292875048,0.003480944525195126,0.13369265580448125,0.26245677431641984,0.2631830681192637,bgn_gam_oracle_g0235_s008@de109da+dirty
828,500,0.36978031483628904,0.3697803148362887,0.04491997248037629,0.02509379369465101,0.003462313346449563,0.13216783680627703,0.26144303427437915,0.2615052983590024,bgn_gam_oracle_g0235_s008@de109da+dirty
829,500,0.36312788085642056,0.3631278808564208,-0.0635143902944905,0.023915044343599968,0.0033250035244234695,0.1269314075167638,0.2577578228404476,0.2557787376226319,bgn_gam_oracle_g0235_s008@de109da+dirty
830,500,0.3650383643805784,0.36503836438057835,-0.036865084173791605,0.02412264365669802,0.0033921906030191565,0.128076154934016,0.258628257368631,0.25761294990763395,bgn_gam_oracle_g0235_s008@de109da+dirty
831,500,0.3566529231062774,0.35665292310627644,-0.1654070273499414,0.02280849491548531,0.003181256913628479,0.12231523756842662,0.2536401219684225,0.25073491198494074,bgn_gam_oracle_g0235_s008@de109da+dirty
832,500,0.35279046270465203,0.3527904627046522,-0.23126724275943616,0.022115507560579076,0.003089351440919194,0.11950397729292575,0.2504983689910636,0.2484183521968122,bgn_gam_oracle_g0235_s008@de109da+dirty
833,500,0.35928504430792046,0.35928504430792046,-0.1207169785097339,0.02314072269156091,0.003274936042369919,0.12421719072378304,0.255438479871395,0.2526597040771149,bgn_gam_oracle_g0235_s008@de109da+dirty
834,500,0.3649784998603506,0.36497849986035047,-0.039799347686682904,0.02390916785730972,0.0034640213294574425,0.12809901473568083,0.25835504000590487,0.25780220841540363,bgn_gam_oracle_g0235_s008@de109da+dirty
835,500,0.07661918364939432,0.07661918364939427,0.06410266124509517,0.004493996638896111,0.0002539824970871623,0.1047830623899162,0.06143420988403611,0.04578577463605715,bgn_gam_oracle_g0235_s008@de109da+dirty
836,500,0.07673033304774882,0.07673033304774875,-0.02191380898856217,0.004464787072559674,0.0002469992061291178,0.10172951557690342,0.062387321443694715,0.04466952129472135,bgn_gam_oracle_g0235_s008@de109da+dirty
837,500,0.07670835134249164,0.07670835134249164,0.064259937424948,0.00448480694431124,0.0002580067317662427,0.10453955630227578,0.06160205980953567,0.04570948909040145,bgn_gam_oracle_g0235_s008@de109da+dirty
838,500,0.07670525873499803,0.07670525873499799,0.06165251547501323,0.00448087783105273,0.0002582744241199914,0.10440165345214185,0.06170357955555048,0.04556714811829729,bgn_gam_oracle_g0235_s008@de109da+dirty
839,500,0.0766984401389642,0.07669844013896414,0.051224915906958,0.004471932124459,0.0002592444643713043,0.10385090895462712,0.061892034123924224,0.045299302773368084,bgn_gam_oracle_g0235_s008@de109da+dirty
840,500,0.0766839467225896,0.07668394672258964,0.0641498711946919,0.004471931384120598,0.00026017796832531137,0.10415179893152489,0.061832326337176335,0.04535626863715632,bgn_gam_oracle_g0235_s008@de109da+dirty
841,500,0.07676885740838657,0.0767688574083867,0.011007940341948796,0.004451582285308115,0.0002564492764940326,0.10237729956212788,0.06243794783063641,0.0446649766426438,bgn_gam_oracle_g0235_s008@de109da+dirty
842,500,0.07683056986154826,0.07683056986154817,-0.041259913769517494,0.0044390254365436,0.0002532812530653697,0.10065014197909923,0.06307386553092978,0.04387053626565826,bgn_gam_oracle_g0235_s008@de109da+dirty
843,500,0.07683626016394514,0.0768362601639451,0.01814052799055145,0.004442143848003482,0.00025878578590116753,0.10232150752450593,0.06256832592642284,0.04459837964261019,bgn_gam_oracle_g0235_s008@de109da+dirty
844,500,0.07673402005391232,0.07673402005391239,0.09278248696252714,0.004462369918036491,0.000266626668311637,0.10462919608873963,0.061938083579092806,0.04529661837470356,bgn_gam_oracle_g0235_s008@de109da+dirty
845,500,0.07662182758546204,0.07662182758546202,0.2743163342571508,0.004554623293615524,0.0002876268373030608,0.11120182764457763,0.06047944935133882,0.0470440290440255,bgn_gam_oracle_g0235_s008@de109da+dirty
846,500,0.07634306472820204,0.07634306472820196,0.3736569188582107,0.00461943239267341,0.0003018386169166361,0.11509380664092353,0.05979771297662327,0.04746047887305634,bgn_gam_oracle_g0235_s008@de109da+dirty
847,500,0.07653976794902774,0.07653976794902771,0.31071331268885977,0.00457072283789838,0.00029983259331658877,0.11288234063702535,0.06032141099441672,0.04711330441959761,bgn_gam_oracle_g0235_s008@de109da+dirty
848,500,0.07657755221639591,0.07657755221639592,0.3284156039961687,0.0045793514529734215,0.00030435219764200284,0.11376653846695046,0.06023344989517656,0.04728692226377285,bgn_gam_oracle_g0235_s008@de109da+dirty
849,500,0.07669875665325888,0.07669875665325883,0.33273885247293133,0.004577655939416754,0.0003071822026485527,0.11411314626290682,0.06026875324594078,0.04743813502168615,bgn_gam_oracle_g0235_s008@de109da+dirty
850,500,0.07677536319188914,0.07677536319188923,0.36923113029220656,0.004601217293375669,0.0003149695346016215,0.11567517801929325,0.06001386115204992,0.04788311667873092,bgn_gam_oracle_g0235_s008@de109da+dirty
851,500,0.07682098843493956,0.07682098843493969,0.3589747671339439,0.004592225302178461,0.00031563413265582656,0.11543445387696522,0.06012967932002522,0.047810939428043556,bgn_gam_oracle_g0235_s008@de109da+dirty
852,500,0.07695644410303493,0.07695644410303493,0.2980563223599008,0.004547972950903424,0.0003110509636462235,0.11332074159916694,0.060635436703713116,0.047388164184040085,bgn_gam_oracle_g0235_s008@de109da+dirty
853,500,0.07720420247191029,0.07720420247191027,0.13630839004839135,0.004455253445257998,0.00029392771450257194,0.10719289327827639,0.06206938942475104,0.045911651851815595,bgn_gam_oracle_g0235_s008@de109da+dirty
854,500,0.07726208905131879,0.0772620890513188,0.0775648133915235,0.004429495502225889,0.00028738866427368713,0.10519742313445747,0.06268415739858268,0.045167763015270375,bgn_gam_oracle_g0235_s008@de109da+dirty
855,500,0.07733047905198416,0.07733047905198409,0.011180195528979652,0.00441006778299218,0.00028211827495998776,0.10282449507647942,0.0634337030978768,0.04422859145055127,bgn_gam_oracle_g0235_s008@de109da+dirty
856,500,0.07733453726680771,0.07733453726680775,0.0031933537969354494,0.004404968443417132,0.0002813526145495208,0.10244937584244689,0.0636108710095624,0.04398053823768058,bgn_gam_oracle_g0235_s008@de109da+dirty
857,500,0.07717651752960984,0.07717651752960987,0.13313763245573587,0.004439803200395805,0.0002911068381877152,0.10706287064724086,0.06238076337716344,0.04544067801519384,bgn_gam_oracle_g0235_s008@de109da+dirty
858,500,0.37739041922844657,0.3773904192284453,0.16185459436155447,0.024572371400289696,0.004075090847278831,0.13626097957074892,0.2658507810036812,0.2678561008548347,bgn_gam_oracle_g0235_s008@de109da+dirty
859,500,0.3762883856876365,0.37628838568763645,0.14297526980611824,0.024342102532584585,0.0040582477696524035,0.13550292966194855,0.26512739487442066,0.2670213730968188,bgn_gam_oracle_g0235_s008@de109da+dirty
860,500,0.36909625054227746,0.3690962505422778,0.02400805526439173,0.02306863421441124,0.0038892126447958647,0.12953379976021298,0.2608795180412998,0.2611013581559981,bgn_gam_oracle_g0235_s008@de109da+dirty
861,500,0.3664527997317449,0.366452799731745,-0.02039568212077459,0.022638793449188212,0.0037930990596049354,0.12771670940621965,0.25919407752451745,0.25904842135679723,bgn_gam_oracle_g0235_s008@de109da+dirty
862,500,0.36877460821433783,0.36877460821433816,0.02032230879780131,0.022980903509304797,0.003866159737944315,0.1296887070561229,0.26071273854471405,0.2608133041548186,bgn_gam_oracle_g0235_s008@de109da+dirty
863,500,0.36525300135600264,0.3652530013560026,-0.031776555260358635,0.022413189974504966,0.003785642269862408,0.12709492564398356,0.2585955720895073,0.257949772427247,bgn_gam_oracle_g0235_s008@de109da+dirty
864,500,0.36962568891889186,0.3696256889188917,0.034559948097974295,0.022983226640255996,0.0039754840877441,0.1303751477075387,0.26089234947190315,0.2618364602109412,bgn_gam_oracle_g0235_s008@de109da+dirty
865,500,0.37292605597824663,0.37292605597824646,0.0781993494670954,0.023364863329919435,0.004090421491898349,0.13255337992611763,0.2623654170731482,0.26502496326105457,bgn_gam_oracle_g0235_s008@de109da+dirty
866,500,0.3847072504414467,0.38470725044144644,0.15588989716479207,0.02404662648292911,0.004495127801784022,0.1365822487019177,0.2644750936934643,0.27937894222373183,bgn_gam_oracle_g0235_s008@de109da+dirty
867,500,0.3899361811688076,0.3899361811688078,0.24078897125099072,0.024924987894440087,0.004644185882244706,0.14140397452942732,0.26710525060260343,0.28408627296128475,bgn_gam_oracle_g0235_s008@de109da+dirty
868,500,0.07844042325731716,0.07844042325731712,0.2175255635722058,0.004455327497597977,0.000327708410286369,0.11165442360616643,0.062154381989120516,0.047851152549730235,bgn_gam_oracle_g0235_s008@de109da+dirty
869,500,0.07848699924919307,0.07848699924919303,0.30826389596680015,0.004500428861851022,0.00034090935903194276,0.11537925549274294,0.06147116790344415,0.04880066155012052,bgn_gam_oracle_g0235_s008@de109da+dirty
870,500,0.0783676731880051,0.0783676731880052,0.42907314723488876,0.004580175860364586,0.0003602210959579032,0.12062839849282662,0.060532985036355576,0.049771979300509285,bgn_gam_oracle_g0235_s008@de109da+dirty
871,500,0.07825141050833333,0.0782514105083333,0.5205392657078722,0.004647535650705969,0.00037417401028923063,0.12487425349954129,0.05988543541702521,0.050368818444122776,bgn_gam_oracle_g0235_s008@de109da+dirty
872,500,0.07865092147858412,0.07865092147858407,0.5300458287543631,0.004650458823783689,0.00038279115038256046,0.1253804903201795,0.059905494167100816,0.05096370490874711,bgn_gam_oracle_g0235_s008@de109da+dirty
873,500,0.07832945303087509,0.07832945303087509,0.5834387563509597,0.004690943718721545,0.00039093262810531974,0.12772912809091883,0.05953678263192912,0.050900635810906036,bgn_gam_oracle_g0235_s008@de109da+dirty
874,500,0.07845348075510172,0.07845348075510174,0.4869013760588457,0.004617538761600142,0.0003779117651700755,0.12385699441577075,0.060245683144340284,0.050253420829460646,bgn_gam_oracle_g0235_s008@de109da+dirty
875,500,0.07856240422751352,0.07856240422751357,0.44318887780468846,0.004582083815088039,0.0003730422837693105,0.12210636225550713,0.0606163327104498,0.04997711042810787,bgn_gam_oracle_g0235_s008@de109da+dirty
876,500,0.0786133608204024,0.07861336082040238,0.2949615686846646,0.004485650394047896,0.00035132515262410177,0.11620169294302753,0.061846750355520376,0.04852875405304282,bgn_gam_oracle_g0235_s008@de109da+dirty
877,500,0.0786399663378581,0.07863996633785808,0.33053764350192066,0.00450279301366219,0.00035875342896677135,0.11781045333997313,0.06160821039943402,0.048874049525269796,bgn_gam_oracle_g0235_s008@de109da+dirty
878,500,0.07867063761979128,0.07867063761979108,0.24616952544212625,0.004454433375335015,0.00034693244713592767,0.11457619613005875,0.0623705538551265,0.047947713556636705,bgn_gam_oracle_g0235_s008@de109da+dirty
879,500,0.07870394460403338,0.07870394460403343,0.2540069796624901,0.004454230289414112,0.00034824994417442307,0.1148551717328339,0.06237296991576035,0.04799920332799711,bgn_gam_oracle_g0235_s008@de109da+dirty
880,500,0.07870743929104276,0.07870743929104282,0.22444547382432586,0.004436096850438078,0.00034770623474745556,0.11378694979175785,0.06269092222593357,0.04758896164253986,bgn_gam_oracle_g0235_s008@de109da+dirty
881,500,0.07874379668395111,0.07874379668395105,0.20150548519298475,0.0044203567459423125,0.00034920893628169106,0.11304052981889479,0.06298423045887112,0.04726068376258685,bgn_gam_oracle_g0235_s008@de109da+dirty
882,500,0.07884549910071674,0.07884549910071685,0.22948402892073672,0.004429102201248185,0.00035575808459881734,0.11413907694005279,0.06281268824946837,0.047656887469873885,bgn_gam_oracle_g0235_s008@de109da+dirty
883,500,0.07883418880462625,0.07883418880462621,0.23160197574288427,0.004424599921992998,0.00035801801423957993,0.11433485458387443,0.06285510987079417,0.04758218666280326,bgn_gam_oracle_g0235_s008@de109da+dirty
884,500,0.07891473236309117,0.07891473236309113,0.2593870497600028,0.0044398299690503575,0.00036558610334275964,0.11592740953147626,0.0625987317068167,0.04805136598096137,bgn_gam_oracle_g0235_s008@de109da+dirty
885,500,0.07830191528214799,0.07830191528214785,0.21654055069743466,0.0044189459954583595,0.0003630841104030618,0.11468433947229979,0.06301838554666313,0.04647443404652497,bgn_gam_oracle_g0235_s008@de109da+dirty
886,500,0.07834553713609893,0.07834553713609886,0.19669437325097533,0.0044061127194165335,0.00036430202056202793,0.11373861272554364,0.06328103096809877,0.04619019710672796,bgn_gam_oracle_g0235_s008@de109da+dirty
887,500,0.07835321390886778,0.07835321390886776,0.18083647949381684,0.004397070421434727,0.0003651783161049301,0.11296405799510126,0.06349212333554868,0.04591270416989469,bgn_gam_oracle_g0235_s008@de109da+dirty
888,500,0.07835286483622088,0.07835286483622095,0.2193572189279152,0.004408232897461062,0.000369382633738364,0.11473772760998767,0.06318815391152298,0.04632956543392978,bgn_gam_oracle_g0235_s008@de109da+dirty
889,500,0.07842556705583764,0.07842556705583768,0.2247526475328651,0.004405798056282098,0.0003758438201136192,0.11484205518992081,0.06322792742458527,0.04639826248493648,bgn_gam_oracle_g0235_s008@de109da+dirty
890,500,0.07835007764378348,0.07835007764378343,0.22067935996561086,0.004399884298568642,0.00037257033064108967,0.11474049615931912,0.0633485834834062,0.04610522353739122,bgn_gam_oracle_g0235_s008@de109da+dirty
891,500,0.07832466229696591,0.0783246622969659,0.13826810109717327,0.004365858997418183,0.0003655936393765263,0.11142163968820841,0.06425172873164635,0.04479361649753997,bgn_gam_oracle_g0235_s008@de109da+dirty
892,500,0.07828623569990334,0.07828623569990344,0.10190761613788013,0.004355337420947338,0.0003615571245214102,0.10991904925527028,0.06469234142690877,0.044086683485663594,bgn_gam_oracle_g0235_s008@de109da+dirty
893,500,0.07843434617127366,0.07843434617127366,0.14535987035364356,0.00435711122437116,0.00036851145209514287,0.11134449133124275,0.06436800069159926,0.044818602681046066,bgn_gam_oracle_g0235_s008@de109da+dirty
894,500,0.07843545939560347,0.0784354593956034,0.09805830712557376,0.004345675354999738,0.0003654260540979007,0.10958287852118156,0.06492642335644669,0.04400773614648694,bgn_gam_oracle_g0235_s008@de109da+dirty
895,500,0.07857648401214039,0.0785764840121404,0.1565025185267886,0.004353236407394436,0.00037632447150740217,0.11158287383234215,0.0644262734030578,0.044983542936329515,bgn_gam_oracle_g0235_s008@de109da+dirty
896,500,0.07875184034211463,0.07875184034211459,0.25288052776155506,0.00437987321578626,0.00039134801235790747,0.11538247711674196,0.06361291156696021,0.04642466843440041,bgn_gam_oracle_g0235_s008@de109da+dirty
897,500,0.07880174110871904,0.07880174110871906,0.2717948113368074,0.004383919659621936,0.0003958797093237052,0.116292778078703,0.0634949578080022,0.046670169645348425,bgn_gam_oracle_g0235_s008@de109da+dirty
898,500,0.07879924728923289,0.07879924728923283,0.23698195277608083,0.004367689851568302,0.00039325940003522735,0.11479493042196066,0.06389581249997046,0.04611557782700218,bgn_gam_oracle_g0235_s008@de109da+dirty
