month,n,sr_max,sr_max_code,rf,mean_mu,sd_mu,mean_idio_sd,sr_ew,sr_orth,prov
414,499,0.32639107365561854,0.32675869439330374,0.374138074791315,0.006879761551178547,0.0014511115740296285,0.05762840958429963,0.18365729599591982,0.2698168463783062,bgn_gam_oracle_bgnzr_s002@cc56eea+dirty
415,499,0.3275643902902209,0.32791977188244875,0.40300272334373255,0.006886273797981473,0.0014719438738330017,0.05780674836439684,0.18364207231565505,0.2712453115941654,bgn_gam_oracle_bgnzr_s002@cc56eea+dirty
416,499,0.32771235632934925,0.32807001832289945,0.42283030616503475,0.006888330197100047,0.0014787716255295978,0.057890760786390015,0.18385521197211502,0.271279651875372,bgn_gam_oracle_bgnzr_s002@cc56eea+dirty
417,499,0.32945314977506224,0.32981779949124057,0.5612870083247259,0.0069894199729178905,0.0015356931023811158,0.058283635477364704,0.1875159714469857,0.27088214845021225,bgn_gam_oracle_bgnzr_s002@cc56eea+dirty
418,499,0.3263766004815803,0.3267500212983682,0.4369571892108946,0.006899304831707024,0.0014784360745887463,0.058126655181090295,0.18436344277125236,0.2693172967179127,bgn_gam_oracle_bgnzr_s002@cc56eea+dirty
419,499,0.32460322735605107,0.32495785360077545,0.31239852631008524,0.0068050985744239475,0.0014376492977826586,0.05796301324761438,0.1810405376436826,0.26942824450983327,bgn_gam_oracle_bgnzr_s002@cc56eea+dirty
420,499,0.32578116453961103,0.3261357543727507,0.34632488254398924,0.006819358518385118,0.0014527136637062191,0.058066271680597435,0.18143789240345076,0.27058022538422677,bgn_gam_oracle_bgnzr_s002@cc56eea+dirty
421,499,0.32613152762195935,0.32649878601593996,0.39444990071504166,0.006831954829908239,0.0014636122448255556,0.05817718656298003,0.1825200465833841,0.2702743160276835,bgn_gam_oracle_bgnzr_s002@cc56eea+dirty
422,499,0.3272697154420136,0.327625884991714,0.45682450267529545,0.0068502216080932096,0.0015156300974805276,0.059177751860573086,0.18340446321675957,0.27105030809366154,bgn_gam_oracle_bgnzr_s002@cc56eea+dirty
423,499,0.32941562539098884,0.3297629271304641,0.5523563576579646,0.0069072298190552784,0.0015712856405334207,0.05964231984188043,0.18496113068280273,0.27258766367588144,bgn_gam_oracle_bgnzr_s002@cc56eea+dirty
424,499,0.32969744938543827,0.33004445351517847,0.5320635691749058,0.006876236012819003,0.0015666460279905746,0.05963876847594142,0.1841409082034531,0.2734822371878493,bgn_gam_oracle_bgnzr_s002@cc56eea+dirty
425,499,0.33084167038457796,0.33118829302698993,0.5985739323444167,0.006916952649814867,0.0015943059125935511,0.0598967613910022,0.18571402603346085,0.27380013038218365,bgn_gam_oracle_bgnzr_s002@cc56eea+dirty
426,499,0.33162418613816735,0.3319632603931249,0.6170012308453744,0.006921141358376947,0.0016181726521827915,0.06008830561169546,0.18574741415895027,0.27472258546589373,bgn_gam_oracle_bgnzr_s002@cc56eea+dirty
427,499,0.33057847177265914,0.330616235337349,0.5490200851927444,0.00684879926847113,0.0015982129988048196,0.06009357317533683,0.18342665899849428,0.27502142965266707,bgn_gam_oracle_bgnzr_s002@cc56eea+dirty
428,500,0.3319781269012078,0.33197812690120776,0.6837693613603282,0.006959052673466532,0.0016608940616967187,0.0606633956407983,0.1871175953736917,0.27421976997000386,bgn_gam_oracle_bgnzr_s002@cc56eea+dirty
429,500,0.3300519872039539,0.33005198720395246,0.5661988997488371,0.006853809369251445,0.0016147340659274502,0.06043829719439718,0.18354316957087374,0.2743104430406477,bgn_gam_oracle_bgnzr_s002@cc56eea+dirty
430,500,0.3260564797578728,0.32605647975787355,0.3539057515134724,0.006711975409559433,0.0015178295181557434,0.05999685746799344,0.17854665674561482,0.27282580405280527,bgn_gam_oracle_bgnzr_s002@cc56eea+dirty
431,500,0.3247418022777773,0.3247418022777765,0.2611498761384639,0.006638574470038751,0.0015023169850249796,0.05999438125466886,0.1754961366818401,0.273236791366697,bgn_gam_oracle_bgnzr_s002@cc56eea+dirty
432,500,0.32333864835076753,0.32333864835076653,0.2354973117748369,0.0066185276576510585,0.0014849161338467858,0.05993407343797442,0.17476383667815057,0.2720394877712315,bgn_gam_oracle_bgnzr_s002@cc56eea+dirty
433,500,0.32287992004395666,0.32287992004395705,0.22174817409974473,0.006597133459729649,0.001472292895286974,0.059848149640879415,0.17425384799978363,0.2718217048450328,bgn_gam_oracle_bgnzr_s002@cc56eea+dirty
434,500,0.32107263521184776,0.3210726352118468,0.15843192919191446,0.006544084566866012,0.001440990411491875,0.05962573275285693,0.17237322681144682,0.2708784003210477,bgn_gam_oracle_bgnzr_s002@cc56eea+dirty
435,499,0.32091157638487633,0.32129322003744865,0.19756913792599276,0.006574241277380581,0.0014547916515005005,0.059754784134568174,0.1734004875465274,0.27003057378092005,bgn_gam_oracle_bgnzr_s002@cc56eea+dirty
436,499,0.32119486584849205,0.3215725013089353,0.18059712475898296,0.006553733964007774,0.0014496015659274536,0.059705405935398886,0.17286161374046413,0.270712032134653,bgn_gam_oracle_bgnzr_s002@cc56eea+dirty
437,499,0.3210608974593864,0.321408594109782,0.10707385164650227,0.006480684639520361,0.0014319078806609735,0.05955100641187701,0.1703957418254972,0.2721128277850295,bgn_gam_oracle_bgnzr_s002@cc56eea+dirty
438,499,0.3232306858828616,0.3235860966835771,0.29352674048462696,0.006573926516688263,0.0014992607330842375,0.05994279322864707,0.1747577971243433,0.27191503937912664,bgn_gam_oracle_bgnzr_s002@cc56eea+dirty
439,499,0.32176879619436854,0.32212114936459235,0.20749691505559464,0.006511485572129039,0.0014647455714507144,0.05983146091216889,0.17251084964416313,0.27161584077410145,bgn_gam_oracle_bgnzr_s002@cc56eea+dirty
440,499,0.32396954856742366,0.3243301392153938,0.3239370748258416,0.006569748751938411,0.0015146764913627083,0.06018615315976148,0.17479476423418083,0.2727692409259105,bgn_gam_oracle_bgnzr_s002@cc56eea+dirty
441,499,0.32234788733495773,0.32234953348332546,0.31383749536705036,0.0065579297160371156,0.0014995528044669472,0.06029916550609234,0.17451832476761522,0.2710193992865009,bgn_gam_oracle_bgnzr_s002@cc56eea+dirty
442,499,0.32248799104735554,0.3228762737556893,0.3349831556159039,0.006568979892223789,0.0015027322231661042,0.060436435600873896,0.17492704357934566,0.2709225605119459,bgn_gam_oracle_bgnzr_s002@cc56eea+dirty
443,499,0.3256937022256204,0.32610174530415426,0.520978495329335,0.006674920021722985,0.0015917909951158173,0.06102867414625367,0.17911469243627703,0.2720189600430252,bgn_gam_oracle_bgnzr_s002@cc56eea+dirty
444,499,0.3226389164356696,0.3226413130984538,0.2727086735960303,0.006495714873088886,0.0015240280607507794,0.06055037055314792,0.17239376364826806,0.27272011413529457,bgn_gam_oracle_bgnzr_s002@cc56eea+dirty
445,500,0.32519394529727663,0.32519394529727474,0.40455324845578816,0.00654393855674223,0.0015795118044330874,0.06093469142024708,0.17474972223133328,0.27425104674017203,bgn_gam_oracle_bgnzr_s002@cc56eea+dirty
446,500,0.32578903585072544,0.32578903585072494,0.4551280281383204,0.006548235709306896,0.0015957204114764995,0.06100873539490841,0.1758421720677844,0.2742590498106288,bgn_gam_oracle_bgnzr_s002@cc56eea+dirty
447,500,0.3287375095848004,0.3287375095848003,0.5393705011724659,0.006583555533467115,0.0016528408162434284,0.06136883566531294,0.1774151608926872,0.2767529781112367,bgn_gam_oracle_bgnzr_s002@cc56eea+dirty
448,500,0.3286491884537282,0.3286491884537283,0.49654839690577796,0.00654733381653956,0.0016328594751379255,0.0613263533504705,0.17603803611372576,0.27752639318183187,bgn_gam_oracle_bgnzr_s002@cc56eea+dirty
449,500,0.32930142588066297,0.32930142588066275,0.48566368571095164,0.006522785550769495,0.0016368841582389865,0.06148650943188773,0.17488194524145648,0.2790264043340737,bgn_gam_oracle_bgnzr_s002@cc56eea+dirty
450,500,0.32943289193124486,0.32943289193124503,0.4375996418744416,0.006474447071673792,0.001623956091765517,0.06130217760765405,0.173643090332213,0.27995375951407075,bgn_gam_oracle_bgnzr_s002@cc56eea+dirty
451,499,0.32582299628874173,0.32610313989998735,0.22998138708378585,0.006339202664824678,0.0015606049801641913,0.06140494106886847,0.16824968810365745,0.2790209084703069,bgn_gam_oracle_bgnzr_s002@cc56eea+dirty
452,498,0.325419326842608,0.32599174310315976,0.22894636718753097,0.00635244219398732,0.0015232532944436828,0.06070959752047935,0.16864073407225344,0.2783128475192398,bgn_gam_oracle_bgnzr_s002@cc56eea+dirty
453,498,0.3273033414166334,0.32792984295187366,0.42768228505287414,0.006451298834567038,0.001598192885217904,0.06125386248908359,0.17280439092840907,0.2779678394677249,bgn_gam_oracle_bgnzr_s002@cc56eea+dirty
454,498,0.3301169416281792,0.33076416484107773,0.5409931646681528,0.00650062797820193,0.0016573723667698897,0.061663276286818745,0.17533049543470305,0.27970772695898877,bgn_gam_oracle_bgnzr_s002@cc56eea+dirty
455,498,0.3319295738683875,0.33258781062200227,0.6686741950420225,0.006579248752026621,0.0017211826506811152,0.06212029494332488,0.17799549615801263,0.28016931551458707,bgn_gam_oracle_bgnzr_s002@cc56eea+dirty
456,498,0.3301065706287318,0.3307985589530681,0.6179225665671498,0.006542693215757819,0.0016799732265018626,0.06199406754933549,0.17666438891971156,0.27885487562509426,bgn_gam_oracle_bgnzr_s002@cc56eea+dirty
457,498,0.32971072773470755,0.3303928562182782,0.6019732991968629,0.0065292088983259465,0.0016788094822142272,0.06204925975320054,0.17640148286404603,0.27855283309763,bgn_gam_oracle_bgnzr_s002@cc56eea+dirty
458,498,0.32879948964142214,0.3294628983009498,0.5533950837262452,0.006484889904972924,0.0016580566477656534,0.06197549993500746,0.17450919678958907,0.27866762392555067,bgn_gam_oracle_bgnzr_s002@cc56eea+dirty
459,498,0.3252990232868837,0.3258872840430412,0.30451156833137605,0.0063294845061182105,0.0015692236291899551,0.0614405140004352,0.16817252592078272,0.27845548311502893,bgn_gam_oracle_bgnzr_s002@cc56eea+dirty
460,498,0.32508475983667384,0.32566000766596276,0.29920483109175566,0.006315165230750892,0.0015712197775927886,0.06137477873183194,0.167777031449221,0.27844383418591806,bgn_gam_oracle_bgnzr_s002@cc56eea+dirty
461,498,0.3242478556604281,0.3248099731987741,0.2230862918360719,0.006278473014462333,0.0015549483894900535,0.06139137855147351,0.16594391733856506,0.27856648793190697,bgn_gam_oracle_bgnzr_s002@cc56eea+dirty
462,498,0.3261983119102101,0.32678531252773574,0.3489220235069363,0.00631011820544847,0.0016084411500741874,0.061833416768326675,0.16833105613918808,0.27941008255275296,bgn_gam_oracle_bgnzr_s002@cc56eea+dirty
463,498,0.32724013146525466,0.3278518012228299,0.4063514578800502,0.006336142431222826,0.0016252614655324971,0.062111179479238096,0.16927284511684598,0.28005857877852164,bgn_gam_oracle_bgnzr_s002@cc56eea+dirty
464,498,0.329836778200573,0.3304152401399945,0.48148064087330456,0.006345321578141352,0.001689278602929275,0.06245152625102983,0.1704165495176135,0.28240131002572344,bgn_gam_oracle_bgnzr_s002@cc56eea+dirty
465,498,0.3270979561572316,0.3276518924173801,0.30619560764921494,0.006243185172884243,0.001625920406404194,0.06210675493269624,0.16604066043385823,0.28182187992582547,bgn_gam_oracle_bgnzr_s002@cc56eea+dirty
466,498,0.32567012337107315,0.3272225599111429,0.24465552885365716,0.006200497115238681,0.0015922473592434934,0.061980449807339966,0.1643283322313029,0.2811711729224896,bgn_gam_oracle_bgnzr_s002@cc56eea+dirty
467,499,0.330122360714701,0.3304060187651953,0.41626492381811975,0.006264338253785808,0.0017001422393566684,0.06245485260911298,0.16797358769945364,0.2841929747182733,bgn_gam_oracle_bgnzr_s002@cc56eea+dirty
468,499,0.33189720701365044,0.332164609655597,0.4692669898145699,0.0062662285292479055,0.0017568705088621993,0.06275010797379818,0.1682115219813372,0.28611298449420997,bgn_gam_oracle_bgnzr_s002@cc56eea+dirty
469,499,0.33240300281070245,0.33267188237807865,0.5392859343958488,0.006302442485929417,0.0017962576271197835,0.06303708875884777,0.1701247668167843,0.28556841560842583,bgn_gam_oracle_bgnzr_s002@cc56eea+dirty
470,499,0.3310409566712156,0.33130005812632035,0.4362456498595992,0.006253901794603637,0.0017573930497171769,0.06298343816162415,0.167587055159767,0.2854867666577049,bgn_gam_oracle_bgnzr_s002@cc56eea+dirty
471,499,0.33156635597848755,0.33184399503874085,0.5503051214706287,0.006319412718826781,0.0018028532939025866,0.06362312170743556,0.16963104941846713,0.28488867209849306,bgn_gam_oracle_bgnzr_s002@cc56eea+dirty
472,499,0.3306167755225772,0.33088880213165556,0.4804196314567212,0.006278465320182117,0.001771390233773021,0.06351197926974142,0.16807021236897923,0.28471012621821584,bgn_gam_oracle_bgnzr_s002@cc56eea+dirty
473,498,0.32927098593799015,0.3297979554858859,0.41003002619774004,0.00623711095411972,0.0017383494987007631,0.06341921524427342,0.1661715366456602,0.2842646699633919,bgn_gam_oracle_bgnzr_s002@cc56eea+dirty
474,498,0.33016466161954394,0.33067544734731935,0.4302850744215956,0.006239979561585642,0.0017609661435659429,0.06357464403164194,0.16633786416387042,0.28520241711414324,bgn_gam_oracle_bgnzr_s002@cc56eea+dirty
475,498,0.328461959593974,0.3289442604656595,0.3270397741178297,0.006179917134002849,0.0017073941629786476,0.06335327097008134,0.16368953750484577,0.28476831672741104,bgn_gam_oracle_bgnzr_s002@cc56eea+dirty
476,498,0.32577043467187966,0.3262460046839178,0.16361413516231002,0.006122036656560657,0.0016412765346835458,0.06306996017496012,0.16022133164944535,0.28364678914238367,bgn_gam_oracle_bgnzr_s002@cc56eea+dirty
477,498,0.3300242139487303,0.33049537274450924,0.3663246448099683,0.006206757894808038,0.0017319321222230666,0.06258056319024617,0.1647383752997421,0.28596721751990845,bgn_gam_oracle_bgnzr_s002@cc56eea+dirty
478,498,0.33251490630309644,0.33299477016375456,0.4933534457959895,0.006250157800107078,0.001791380846476624,0.06282835709618004,0.16746083979411167,0.28726821969930444,bgn_gam_oracle_bgnzr_s002@cc56eea+dirty
479,498,0.33150325005547376,0.3319677591162714,0.4133668947912934,0.006191456982167439,0.00174123719384692,0.06247676298559263,0.16554994191496503,0.28720658336690974,bgn_gam_oracle_bgnzr_s002@cc56eea+dirty
480,498,0.33176134553118797,0.3322155472557847,0.3958632804884046,0.006170812773153857,0.0017324259600542949,0.062416300476847354,0.1648117544447423,0.28792824798117717,bgn_gam_oracle_bgnzr_s002@cc56eea+dirty
481,498,0.333069665789525,0.333533652986396,0.4862234636684028,0.006215275751348486,0.00178100373676234,0.06269981612738931,0.16655118888959763,0.2884373480473835,bgn_gam_oracle_bgnzr_s002@cc56eea+dirty
482,498,0.33276508606523575,0.3330010452001126,0.4573558049589876,0.006186860448315449,0.0017595111680002303,0.06255877988171442,0.165983996103551,0.28841275204383754,bgn_gam_oracle_bgnzr_s002@cc56eea+dirty
483,499,0.3288212235335184,0.3290332672072773,0.19604303236723006,0.006067509776931846,0.001637902815284485,0.062156555519848736,0.15941252216445015,0.2875952795566171,bgn_gam_oracle_bgnzr_s002@cc56eea+dirty
484,499,0.33165226333186737,0.33187791722027954,0.39819799726369925,0.006151463637179735,0.0017237992196376469,0.06276349312816981,0.16400059127913738,0.28826555436479684,bgn_gam_oracle_bgnzr_s002@cc56eea+dirty
485,499,0.32911603714393867,0.32932529783080994,0.25494181411120503,0.006085921690786896,0.0016619287756062077,0.06252421453908782,0.1605143834413979,0.28731950614909235,bgn_gam_oracle_bgnzr_s002@cc56eea+dirty
486,499,0.3284536565932665,0.3286573094063606,0.18378377474863952,0.006061685991634223,0.001647926086941017,0.06245932562798666,0.159095966061518,0.287350444775086,bgn_gam_oracle_bgnzr_s002@cc56eea+dirty
487,499,0.32351835494965747,0.3237219737496243,-0.04444745557514064,0.006000202363476767,0.0015294618766667509,0.06212729896791001,0.1541542201396813,0.2844303120317158,bgn_gam_oracle_bgnzr_s002@cc56eea+dirty
488,498,0.3187307489881906,0.3191519545290329,-0.2734193149506281,0.005967535268865767,0.001422713328166246,0.0618738624811357,0.1494182197531337,0.2815377167563472,bgn_gam_oracle_bgnzr_s002@cc56eea+dirty
489,498,0.320566122811252,0.3209897419593239,-0.18031424962061973,0.005970261630403789,0.0014510366545702601,0.06173672418713948,0.1513310172384456,0.28259788094714366,bgn_gam_oracle_bgnzr_s002@cc56eea+dirty
490,498,0.3167713350039514,0.3172018154133937,-0.34905977677152755,0.005996446154273748,0.0013936842301148279,0.06169655483314428,0.14854199982914662,0.2797844759219914,bgn_gam_oracle_bgnzr_s002@cc56eea+dirty
491,498,0.31945265637248305,0.3198943326827589,-0.20283180509062543,0.006020313646999788,0.0014236731266145622,0.06138133109931995,0.15233561980156574,0.2807914859875715,bgn_gam_oracle_bgnzr_s002@cc56eea+dirty
492,498,0.319793201705838,0.3202359627923892,-0.17284591621337997,0.006022866827932206,0.001432814974445718,0.0611562061117707,0.15332686229819784,0.2806395644863003,bgn_gam_oracle_bgnzr_s002@cc56eea+dirty
493,498,0.3200287399830525,0.3204853712226438,-0.1534506983936267,0.006037074759235089,0.001429768909469124,0.06102601552756822,0.15415411596653947,0.28045481444559817,bgn_gam_oracle_bgnzr_s002@cc56eea+dirty
494,498,0.32028964773293356,0.32077614977802893,-0.10790054113964571,0.006053703288430634,0.0014275746508022906,0.06091663386294313,0.15567166011625325,0.27991390226556523,bgn_gam_oracle_bgnzr_s002@cc56eea+dirty
495,498,0.32198473410766304,0.32244881434355227,-0.035214007055883526,0.0060741163408005215,0.001467132445803128,0.060986568148974775,0.15705317041626088,0.2810844546761407,bgn_gam_oracle_bgnzr_s002@cc56eea+dirty
496,498,0.324878680238874,0.32533863652830797,0.10194652563132692,0.006123732867097162,0.0015264146760433717,0.06115711540452592,0.16057666310452884,0.2824204173567612,bgn_gam_oracle_bgnzr_s002@cc56eea+dirty
497,498,0.3217141624457583,0.32217105849701627,-0.05415198921836518,0.006089387752615969,0.0014704246953860403,0.061183111126275794,0.15674351092641156,0.28094745790029435,bgn_gam_oracle_bgnzr_s002@cc56eea+dirty
498,497,0.32019743984619436,0.3208771568497183,-0.13863940643877357,0.006072243376383523,0.0014296704738866065,0.06111888837118366,0.15491090893351883,0.2802302816924829,bgn_gam_oracle_bgnzr_s002@cc56eea+dirty
499,497,0.32239248237076223,0.323045890369236,-0.06770869194811191,0.006081050536407248,0.0014581124370127224,0.06093248370018514,0.15682052422209902,0.28168108894969907,bgn_gam_oracle_bgnzr_s002@cc56eea+dirty
500,497,0.32297719356279003,0.32343630221978925,-0.0201907063107648,0.006101149917961547,0.0014616097805756976,0.060890763246282606,0.15827257323082752,0.28153873645484073,bgn_gam_oracle_bgnzr_s002@cc56eea+dirty
501,498,0.32176953291716914,0.322004136937735,-0.08325982533116842,0.006085430759615541,0.0014354522000522682,0.06086724946642121,0.1568198191216162,0.28096828405426255,bgn_gam_oracle_bgnzr_s002@cc56eea+dirty
502,499,0.32016312234499356,0.3203989795734142,-0.17143851783239483,0.00607935124981145,0.0014097070175596476,0.060891956933864455,0.15484130045426397,0.2802295426669495,bgn_gam_oracle_bgnzr_s002@cc56eea+dirty
503,498,0.3197141689222852,0.3201848688497011,-0.1926042588743264,0.006094066258387717,0.0014071371606879783,0.06075745589271263,0.15490353623927258,0.2796820413795564,bgn_gam_oracle_bgnzr_s002@cc56eea+dirty
504,498,0.31130617512554193,0.31182983758264016,-0.517692928299614,0.006119828029628351,0.001286371374550119,0.06084847955499808,0.14865821557378253,0.2735183167791755,bgn_gam_oracle_bgnzr_s002@cc56eea+dirty
505,498,0.30715736500695445,0.3076965686951911,-0.6444574737224549,0.006210487848330146,0.001248342697520256,0.060882627236530505,0.14794394142046302,0.2691806773804428,bgn_gam_oracle_bgnzr_s002@cc56eea+dirty
506,498,0.31100723704626426,0.3115484416672877,-0.47867985868015117,0.006243367776024921,0.0012955908843092217,0.0602573602330399,0.153282377026913,0.2706104476699495,bgn_gam_oracle_bgnzr_s002@cc56eea+dirty
507,498,0.3092376810096931,0.3095703325491428,-0.5676682133949362,0.006287335279128092,0.001266889472655627,0.06036750567205363,0.15198891429031378,0.269308955085241,bgn_gam_oracle_bgnzr_s002@cc56eea+dirty
508,499,0.31337339393602576,0.31338018522941063,-0.3683097485213879,0.006325663393193393,0.001333630687897186,0.06009410440913656,0.15726217005290816,0.27105625596402266,bgn_gam_oracle_bgnzr_s002@cc56eea+dirty
509,500,0.3141138077379004,0.31411380773790176,-0.3241410636335782,0.0063543737005356815,0.0013406797581085783,0.06013164906500275,0.15857484154848656,0.27114849038760114,bgn_gam_oracle_bgnzr_s002@cc56eea+dirty
510,500,0.3164055347196672,0.3164055347196682,-0.21721983300841022,0.006395693488280926,0.0013829298133878482,0.059985842639342916,0.16172578851703656,0.2719507891692563,bgn_gam_oracle_bgnzr_s002@cc56eea+dirty
511,500,0.3230415538488576,0.3230415538488577,0.0892623072521381,0.006491860039858108,0.0014983492116648202,0.06022654813205445,0.16884994468613485,0.27540069297765674,bgn_gam_oracle_bgnzr_s002@cc56eea+dirty
512,500,0.32543668590434205,0.3254366859043444,0.21217290247666099,0.006541707228068555,0.0015346150150630875,0.060414277795092376,0.17168234544720257,0.2764673738330597,bgn_gam_oracle_bgnzr_s002@cc56eea+dirty
513,500,0.3237836240157177,0.32378362401571853,0.13166996850784013,0.006487899388464152,0.0015076171846790994,0.06040065296420858,0.16925717785223013,0.27602145374273024,bgn_gam_oracle_bgnzr_s002@cc56eea+dirty
514,500,0.3225245881169574,0.3225245881169575,0.061961391735503205,0.006444462382738754,0.0014652045834270843,0.06006697843070305,0.16791769115945593,0.27536477431888523,bgn_gam_oracle_bgnzr_s002@cc56eea+dirty
515,500,0.3217589292862799,0.3217589292862776,0.0410528798319068,0.006433424259033088,0.0014534200136564605,0.06004646144890251,0.16737129609101267,0.27480112412482566,bgn_gam_oracle_bgnzr_s002@cc56eea+dirty
516,500,0.3182218069136629,0.318221806913659,-0.17455570385898572,0.00633932379746653,0.0013680939179887424,0.0599023139870101,0.1613940968765439,0.27425729505120067,bgn_gam_oracle_bgnzr_s002@cc56eea+dirty
517,499,0.3192599549506211,0.31957020001478553,-0.0903455224468688,0.0063660793800711536,0.0013960146678202105,0.059775750717724556,0.1637292831976138,0.27407962466894215,bgn_gam_oracle_bgnzr_s002@cc56eea+dirty
518,499,0.3200632731841194,0.3203712077107161,-0.058587912076526014,0.006383331511022356,0.0014136593447166383,0.059742198689379356,0.16473647010580644,0.2744128172269127,bgn_gam_oracle_bgnzr_s002@cc56eea+dirty
519,499,0.3188207712557618,0.3188249388895027,-0.11148721429184588,0.0063677080219861374,0.0013811793981968973,0.05973825376416773,0.16340885683963277,0.27375943762815413,bgn_gam_oracle_bgnzr_s002@cc56eea+dirty
520,500,0.32077410111587057,0.3207741011158721,0.05230994436540009,0.006446977599151132,0.0014181422260097368,0.05986240522648656,0.1675517745866942,0.27353688376441004,bgn_gam_oracle_bgnzr_s002@cc56eea+dirty
521,500,0.3200943951607188,0.3200943951607178,-0.02116345595632312,0.006400020554875748,0.0013952947794073263,0.059801169862801255,0.16572018295497434,0.2738562447246296,bgn_gam_oracle_bgnzr_s002@cc56eea+dirty
522,500,0.3157040969400738,0.3157040969400738,-0.18974515636627512,0.006350684916186694,0.0013230571650216948,0.059758539908328044,0.16169041809632417,0.27115546374835114,bgn_gam_oracle_bgnzr_s002@cc56eea+dirty
523,500,0.3129470481665959,0.3129470481665972,-0.2764149126332439,0.006346075958676128,0.0012829201867120795,0.059693493808061576,0.15978775592040434,0.26907940837995575,bgn_gam_oracle_bgnzr_s002@cc56eea+dirty
524,500,0.3118969976723196,0.31189699767232276,-0.2891262190339572,0.006359668763221125,0.0012691435775543083,0.059583000386585996,0.1600476306349026,0.2677022470678211,bgn_gam_oracle_bgnzr_s002@cc56eea+dirty
525,500,0.3112841661414951,0.31128416614149523,-0.2935454764792037,0.0063798879230261,0.0012508099431405256,0.05938084023837493,0.1607576918415368,0.2665610560531816,bgn_gam_oracle_bgnzr_s002@cc56eea+dirty
526,500,0.3168748856420475,0.31687488564204797,-0.05152311850575631,0.0064535744870762276,0.0013267947808485994,0.05931281098170489,0.1664576594229979,0.26963223243907236,bgn_gam_oracle_bgnzr_s002@cc56eea+dirty
527,500,0.3153450577785038,0.31534505777850147,-0.14588843766083803,0.006412846532005375,0.0013104905579060884,0.05912795884193871,0.1644136640056384,0.2690922751651726,bgn_gam_oracle_bgnzr_s002@cc56eea+dirty
528,500,0.31894829310635914,0.31894829310636014,-0.021577336645052365,0.006453576795002761,0.001364207476884678,0.05910740072053116,0.16754511930136995,0.27139758044932843,bgn_gam_oracle_bgnzr_s002@cc56eea+dirty
529,500,0.3206449782930325,0.3206449782930335,0.0764419519740567,0.006490602842209423,0.0013842930842388468,0.05931667564901555,0.16940644736769042,0.2722400736386861,bgn_gam_oracle_bgnzr_s002@cc56eea+dirty
530,500,0.32216536193105777,0.322165361931055,0.15598575451777286,0.006528986011085313,0.0014138811100290066,0.05944910568045313,0.1711874384630206,0.27292010065335787,bgn_gam_oracle_bgnzr_s002@cc56eea+dirty
531,500,0.32198102182710236,0.32198102182710486,0.1826844094973235,0.006553498233436798,0.0014017145212363365,0.05941100012929484,0.17234625105107282,0.27197159440916907,bgn_gam_oracle_bgnzr_s002@cc56eea+dirty
532,500,0.32055996886046156,0.320559968860462,0.0744683316193695,0.006497100146963869,0.0013696007725211923,0.059344995633701644,0.16937007218326877,0.2721625842845677,bgn_gam_oracle_bgnzr_s002@cc56eea+dirty
533,500,0.31958560916097084,0.3195856091609713,0.04318697621388332,0.006469853576413195,0.0013479047840591364,0.05923537785690616,0.16862091642126661,0.2714810271971893,bgn_gam_oracle_bgnzr_s002@cc56eea+dirty
534,500,0.3241033710244834,0.3241033710244827,0.29141798395400254,0.006570122968393646,0.00142579076142441,0.059490673654478674,0.17436925394883906,0.2732002166667501,bgn_gam_oracle_bgnzr_s002@cc56eea+dirty
535,500,0.3250852529559719,0.32508525295597124,0.3055789641571176,0.006550095261410912,0.001442291017863698,0.059576643613232824,0.17387452257842664,0.27467812451590035,bgn_gam_oracle_bgnzr_s002@cc56eea+dirty
536,500,0.3245392581642956,0.3245392581642959,0.27349260546035997,0.006519657430205761,0.0014304543340901378,0.05944573091802351,0.17298382044770316,0.2745948432748657,bgn_gam_oracle_bgnzr_s002@cc56eea+dirty
537,500,0.32042287425044125,0.32042287425044164,0.061560545900061873,0.006406921627777144,0.001338983818912196,0.05905917907764546,0.16802043017646082,0.2728368622203223,bgn_gam_oracle_bgnzr_s002@cc56eea+dirty
538,500,0.3221615479273593,0.32216154792736074,0.10381590558611983,0.0064124251311557506,0.0013744713182478974,0.05907819504233581,0.1687876903451766,0.2744062290672225,bgn_gam_oracle_bgnzr_s002@cc56eea+dirty
539,499,0.3250535187228278,0.3254225858839812,0.2949944071078657,0.0064899496784750575,0.0014289089437841008,0.05938481327987654,0.1727829653139939,0.2753285980994254,bgn_gam_oracle_bgnzr_s002@cc56eea+dirty
540,499,0.32467582307306253,0.3250381580805379,0.26313876475383824,0.006464012959894565,0.0014178189208586493,0.059317752585781265,0.1718214304250275,0.2754846386549857,bgn_gam_oracle_bgnzr_s002@cc56eea+dirty
541,499,0.32386005700170656,0.32421125831766334,0.21871106187202435,0.006423797807809946,0.001408499064709942,0.05926951815782009,0.17030733775007303,0.27546460249845384,bgn_gam_oracle_bgnzr_s002@cc56eea+dirty
542,499,0.3226413020009673,0.32298509763948025,0.15910265480286254,0.006393526724730641,0.001386168504491219,0.0592756337660483,0.16880138018154425,0.2749609132325632,bgn_gam_oracle_bgnzr_s002@cc56eea+dirty
543,499,0.32269877821091375,0.3230251480437981,0.13248101193406336,0.006362549634040248,0.001389178084709594,0.05927655172823438,0.16765369419190604,0.2757294693764585,bgn_gam_oracle_bgnzr_s002@cc56eea+dirty
544,499,0.3215119367275537,0.3218384640589815,0.07208687804030091,0.006341499613484759,0.00136764123767591,0.05925630944775163,0.16628764996647225,0.27516966207583726,bgn_gam_oracle_bgnzr_s002@cc56eea+dirty
545,499,0.32636112206241624,0.3266731073200232,0.30740819328881475,0.006443006781983596,0.0014756689350726368,0.059536610326426626,0.1718809056006402,0.2774320390361271,bgn_gam_oracle_bgnzr_s002@cc56eea+dirty
546,499,0.32602623417434246,0.32634359941735547,0.350042716137501,0.006460524124214478,0.0014905991144023324,0.05967706919366395,0.1728019682436357,0.27646443738938414,bgn_gam_oracle_bgnzr_s002@cc56eea+dirty
547,499,0.3229116849119708,0.32322124372278693,0.161403676962997,0.006358331264853943,0.001414738060267514,0.05942369098585708,0.1680460017553887,0.27573990923824543,bgn_gam_oracle_bgnzr_s002@cc56eea+dirty
548,499,0.3212964553942444,0.3215970907637281,0.08889455898862898,0.006313196677210049,0.0013914570918832512,0.05946610292586888,0.16574263026062055,0.2752467852004759,bgn_gam_oracle_bgnzr_s002@cc56eea+dirty
549,499,0.32253994837027894,0.32286266462302365,0.18870605648183683,0.006353581225604155,0.001418459869642266,0.05961884509573225,0.16818450564406887,0.2752198945497261,bgn_gam_oracle_bgnzr_s002@cc56eea+dirty
550,499,0.3230859680826278,0.32339892819965627,0.19459517056809622,0.0063460460456232866,0.0014249366843780873,0.05967855908651552,0.16783715941130148,0.2760710609474201,bgn_gam_oracle_bgnzr_s002@cc56eea+dirty
551,499,0.3243929693774944,0.3247061309679225,0.2672896124031908,0.006375940834792463,0.0014531484050953462,0.05980402048034119,0.16973155006658416,0.27644529204445256,bgn_gam_oracle_bgnzr_s002@cc56eea+dirty
552,499,0.3217355224041492,0.32176810771176506,0.11939837800371982,0.006303057723075831,0.0013994501800100962,0.059620843051197955,0.16594333163476166,0.27563845352676447,bgn_gam_oracle_bgnzr_s002@cc56eea+dirty
553,500,0.3231048911385519,0.3231048911385528,0.1910280078739847,0.006328994148070752,0.0014247291085303037,0.059854317232999284,0.16727459050350224,0.2764344082228931,bgn_gam_oracle_bgnzr_s002@cc56eea+dirty
554,500,0.3225517631044573,0.3225517631044582,0.18128358729568606,0.006316586346651979,0.001416945336985712,0.059843698405673676,0.16691804285532508,0.27600363557595,bgn_gam_oracle_bgnzr_s002@cc56eea+dirty
555,500,0.32376567267775597,0.32376567267775536,0.24779788350733634,0.006343970979584888,0.0014459413371906025,0.05991917477641159,0.16871311033299605,0.27633330817374535,bgn_gam_oracle_bgnzr_s002@cc56eea+dirty
556,499,0.32246093837665096,0.3227765623521301,0.17429916739232773,0.006300433833653076,0.0014081013243989404,0.059875523473119904,0.16630245184313408,0.2762689835825085,bgn_gam_oracle_bgnzr_s002@cc56eea+dirty
557,499,0.3205526038774293,0.3208850454877859,0.1051568334528262,0.006268799436319881,0.0013729839738467824,0.05969991753544851,0.16499245640460916,0.2748298768004913,bgn_gam_oracle_bgnzr_s002@cc56eea+dirty
558,499,0.32048634191684355,0.32084218374254697,0.17970458225138858,0.006307695431200055,0.001387739643659899,0.059873515272499116,0.16665797147694983,0.27374553128485607,bgn_gam_oracle_bgnzr_s002@cc56eea+dirty
559,499,0.3212027061462304,0.3215550057534276,0.20954477299711433,0.006308934571181842,0.0014007070070856903,0.05997090653184035,0.16722414336282096,0.27423942880671326,bgn_gam_oracle_bgnzr_s002@cc56eea+dirty
560,499,0.32390875374653866,0.3242525549298851,0.31941481586711246,0.006361519161787903,0.0014675333139856483,0.06033556454629306,0.16944401558273683,0.2760536294578158,bgn_gam_oracle_bgnzr_s002@cc56eea+dirty
561,499,0.31968469104033803,0.320027882954688,0.1339862527824292,0.006277230014121356,0.0013894657700395012,0.06010793041845789,0.16500904459260904,0.27380707968967993,bgn_gam_oracle_bgnzr_s002@cc56eea+dirty
562,499,0.3174724869768949,0.31782300103410177,0.05507916883670041,0.006232065335122509,0.0013455240780027953,0.05998913951335806,0.16296719315145464,0.2724527003786734,bgn_gam_oracle_bgnzr_s002@cc56eea+dirty
563,499,0.31777221248222354,0.3181154697799174,0.046842656035095145,0.006220833689557021,0.0013459144770675091,0.059917250695222336,0.16263629288359094,0.2729992953524427,bgn_gam_oracle_bgnzr_s002@cc56eea+dirty
564,499,0.31761414910558977,0.31796050557402206,0.02437803802664113,0.006211472528077806,0.0013342538287494045,0.05989003652579113,0.16213875271077915,0.27311128241334265,bgn_gam_oracle_bgnzr_s002@cc56eea+dirty
565,499,0.3171285262962085,0.3174826941896806,-0.0053249467669679385,0.006196134449077252,0.001311662652713928,0.05965314743356997,0.16164447214951333,0.2728398189676687,bgn_gam_oracle_bgnzr_s002@cc56eea+dirty
566,499,0.3160759558918635,0.3164365811090074,-0.04664557143328944,0.006178494123226327,0.0012914615518494035,0.0596414988073932,0.1605467212109669,0.27226597327129093,bgn_gam_oracle_bgnzr_s002@cc56eea+dirty
567,499,0.31935418939959825,0.3197209618855512,0.09110173598838331,0.006219001113358494,0.0013358369987178191,0.05972438424559397,0.16348966663480463,0.2743323298313834,bgn_gam_oracle_bgnzr_s002@cc56eea+dirty
568,499,0.3235080331257825,0.3238958085284219,0.3085686735059152,0.0063106405836396645,0.0014186983355316475,0.060290909308344194,0.16870942825276844,0.27603365069414343,bgn_gam_oracle_bgnzr_s002@cc56eea+dirty
569,499,0.3262091532567463,0.3266114378660335,0.4542403676113834,0.006385871905937953,0.0014832031262841936,0.06064443229974407,0.1720384234059318,0.2771555385347454,bgn_gam_oracle_bgnzr_s002@cc56eea+dirty
570,499,0.3265587008676213,0.32697574083644576,0.4898232420231716,0.006390934158975155,0.0014878802676710774,0.06083844071194382,0.17213738294889455,0.27750550715950517,bgn_gam_oracle_bgnzr_s002@cc56eea+dirty
571,499,0.31840412542052915,0.3187964256655053,0.09685332082161122,0.006204576512584433,0.0013296644199885849,0.06026178769121619,0.1628666991058723,0.2735975610402427,bgn_gam_oracle_bgnzr_s002@cc56eea+dirty
572,499,0.3172645863790598,0.31765297015522503,0.03651705645349422,0.0061846381123408225,0.0013130670290626676,0.060174188446630236,0.16164317437007059,0.27299872151686505,bgn_gam_oracle_bgnzr_s002@cc56eea+dirty
573,499,0.31878755740846065,0.3191669242066853,0.08151775736859465,0.006182776321801212,0.001340733129286327,0.06034636542092038,0.16253964651005298,0.2742377983991988,bgn_gam_oracle_bgnzr_s002@cc56eea+dirty
574,499,0.3145970006920169,0.31500778247034245,-0.024145694722022305,0.006152626290658816,0.0012758838857952765,0.060170257695948165,0.16019630297992837,0.27075527207420336,bgn_gam_oracle_bgnzr_s002@cc56eea+dirty
575,499,0.31671112799066503,0.31712754466480325,0.06640149901787595,0.00618978207735878,0.0013141536087222386,0.06037166531151283,0.16206607650805566,0.2721038872166373,bgn_gam_oracle_bgnzr_s002@cc56eea+dirty
576,499,0.3150993936288377,0.3155060234659946,-0.02849513958874514,0.0061564371458111425,0.0012746673591558985,0.06026786234729289,0.15976080537963355,0.2715954950467921,bgn_gam_oracle_bgnzr_s002@cc56eea+dirty
577,499,0.31563702072847355,0.3160380467607204,-0.011543559748871115,0.006152474668385428,0.0012796138234138913,0.06023878005183994,0.15990740200574122,0.27213296683445226,bgn_gam_oracle_bgnzr_s002@cc56eea+dirty
578,499,0.3138140764098788,0.3142274126575616,-0.06826829476344173,0.006141316198098365,0.0012508306276685954,0.06014329872208175,0.15889313661208462,0.2706145703589492,bgn_gam_oracle_bgnzr_s002@cc56eea+dirty
579,499,0.31497040750635263,0.31539501207777326,-0.01443965028384003,0.006169609455052162,0.0012636209465778482,0.060173291099120604,0.1602857914252254,0.2711361699808917,bgn_gam_oracle_bgnzr_s002@cc56eea+dirty
580,499,0.3112495239900726,0.31166809290200176,-0.20467868457196542,0.006139747405260922,0.0012045048994571489,0.06013783935894869,0.15631298331479293,0.26915147673991324,bgn_gam_oracle_bgnzr_s002@cc56eea+dirty
581,499,0.3124104531515491,0.31241884113416807,-0.24442143577775818,0.0061324277012580605,0.0012083037338715468,0.060055465324529274,0.15549674818944573,0.2709631940704574,bgn_gam_oracle_bgnzr_s002@cc56eea+dirty
582,500,0.3101108401626489,0.3101108401626476,-0.32031251008143113,0.00613971886946243,0.00118209323667632,0.06007051366586889,0.15404989394234772,0.2691419019081484,bgn_gam_oracle_bgnzr_s002@cc56eea+dirty
583,500,0.3045255900335591,0.3045255900335589,-0.43486246674602935,0.006184062611654594,0.0011350453338691369,0.06005861444447104,0.15276064249188115,0.2634388374760923,bgn_gam_oracle_bgnzr_s002@cc56eea+dirty
584,500,0.30004270554937024,0.30004270554937096,-0.5848963738413585,0.006250035408824511,0.001098496268960052,0.06021208032878222,0.15093078781368263,0.2593174163902749,bgn_gam_oracle_bgnzr_s002@cc56eea+dirty
585,500,0.30330010287001613,0.3033001028700165,-0.5227430801299117,0.006270529040974731,0.0011207682020642957,0.059914465589652174,0.153328701497697,0.2616892464317028,bgn_gam_oracle_bgnzr_s002@cc56eea+dirty
586,500,0.29950284249306935,0.29950284249307013,-0.6126765065800077,0.006336047262789709,0.0010902250192632351,0.060013462848741636,0.15247521379053758,0.25778530183266496,bgn_gam_oracle_bgnzr_s002@cc56eea+dirty
587,500,0.30133190739952825,0.30133190739952703,-0.5222585101608314,0.00637373800762135,0.0011180431817415825,0.059497556858533855,0.15634770361224098,0.2575971932925837,bgn_gam_oracle_bgnzr_s002@cc56eea+dirty
588,500,0.30136392579945287,0.3013639257994567,-0.5281018105255519,0.006405842014548261,0.0011219899885352754,0.05937191362329273,0.15686973627479328,0.2573171226606091,bgn_gam_oracle_bgnzr_s002@cc56eea+dirty
589,500,0.3043768959811027,0.3043768959811058,-0.43349753400154,0.006435251327720829,0.00115020821900049,0.059005061058530074,0.1601197965628562,0.2588569982746469,bgn_gam_oracle_bgnzr_s002@cc56eea+dirty
590,500,0.30404479562321984,0.30404479562321834,-0.42044153662568506,0.00647077543401754,0.001151462354253857,0.05885486610715184,0.16141461101957516,0.2576597777980971,bgn_gam_oracle_bgnzr_s002@cc56eea+dirty
591,500,0.3047939381973169,0.3047939381973182,-0.40276018846811323,0.0064974427429961385,0.0011584121393093676,0.05862073902183891,0.16251780814864092,0.2578513269238524,bgn_gam_oracle_bgnzr_s002@cc56eea+dirty
592,500,0.30312803531721844,0.3031280353172168,-0.5379913924171384,0.006508296815514383,0.0011253623618787821,0.05856138908134443,0.16018894860734065,0.2573443345779184,bgn_gam_oracle_bgnzr_s002@cc56eea+dirty
593,500,0.3091376724433964,0.30913767244339696,-0.23024640165364074,0.0066162486974492025,0.0012257837260237425,0.05825131815599792,0.16915254375377148,0.25875377768324287,bgn_gam_oracle_bgnzr_s002@cc56eea+dirty
594,500,0.31174153242691377,0.31174153242691266,-0.1323006903283449,0.006649283588508995,0.0012639664077264989,0.05840172994799702,0.1710242464793458,0.2606405382054996,bgn_gam_oracle_bgnzr_s002@cc56eea+dirty
595,500,0.31285407797786574,0.31285407797786435,-0.04601292936081634,0.006675216119131897,0.001286010796207532,0.05838355361987216,0.17316141598166,0.26056246491505064,bgn_gam_oracle_bgnzr_s002@cc56eea+dirty
596,500,0.3073920810358754,0.307392081035878,-0.2872781338785757,0.006583726452557085,0.0011835631716214652,0.058160395319578104,0.16718052079877915,0.2579545792363748,bgn_gam_oracle_bgnzr_s002@cc56eea+dirty
597,500,0.3056270678053257,0.3056270678053247,-0.3424748218541519,0.0065854518502050175,0.001155209914659259,0.058112712422335185,0.16611075316600946,0.2565445814237795,bgn_gam_oracle_bgnzr_s002@cc56eea+dirty
598,500,0.30406411225001434,0.3040641122500137,-0.3985847913102211,0.006587252198193717,0.0011191498780369774,0.05791312666423238,0.16556509646136489,0.2550356508257782,bgn_gam_oracle_bgnzr_s002@cc56eea+dirty
599,500,0.3051176716287733,0.3051176716287752,-0.3421408356618523,0.00660624689279042,0.001136112968415457,0.057895830891312755,0.1668585405997795,0.25545062334837954,bgn_gam_oracle_bgnzr_s002@cc56eea+dirty
600,499,0.30381046408753326,0.3043769575016685,-0.3605201317749632,0.006618620865057898,0.0011230180075161385,0.057785756345803935,0.1669775380748136,0.25380957402658494,bgn_gam_oracle_bgnzr_s002@cc56eea+dirty
601,499,0.3054404785580841,0.30599336163028573,-0.2994051778737048,0.00665108861231107,0.0011527756500930041,0.05767616976242592,0.16892036275178768,0.2544794628051464,bgn_gam_oracle_bgnzr_s002@cc56eea+dirty
602,499,0.3058073846774847,0.30635734162125644,-0.28045797202706985,0.006663542181058704,0.0011657988525345343,0.05768263437586052,0.16947939513858662,0.25454840629385583,bgn_gam_oracle_bgnzr_s002@cc56eea+dirty
603,499,0.30842847697472736,0.3089592835258057,-0.18109002811413275,0.006696114932273372,0.001201870691819072,0.057733239153379315,0.1718672817762931,0.25610498406664833,bgn_gam_oracle_bgnzr_s002@cc56eea+dirty
604,499,0.31145245861523074,0.31199001411984023,-0.008619779209457471,0.006779943440738456,0.0012546456344565968,0.05784596988319861,0.17626104615529745,0.2567774865242514,bgn_gam_oracle_bgnzr_s002@cc56eea+dirty
605,499,0.3098277985562873,0.3098947840256634,-0.06712344837003659,0.00673564014289884,0.0012277447644138148,0.05772827939813482,0.17473182983321212,0.2558555303318119,bgn_gam_oracle_bgnzr_s002@cc56eea+dirty
606,500,0.30921179378151215,0.30921179378151165,-0.07010140789088694,0.006733561833806773,0.0012252289792866655,0.057868134659874046,0.1743119678629042,0.2553963023877641,bgn_gam_oracle_bgnzr_s002@cc56eea+dirty
607,500,0.30867262268240847,0.30867262268240914,-0.17630611434401444,0.006671816319130937,0.0012092457254953039,0.05773364392647623,0.1713359944058786,0.2567542891843975,bgn_gam_oracle_bgnzr_s002@cc56eea+dirty
608,500,0.31092633690090443,0.310926336900904,-0.10455099237199081,0.006709634600182846,0.0012353034485204915,0.05770614793916799,0.173671782217383,0.25790172360814617,bgn_gam_oracle_bgnzr_s002@cc56eea+dirty
609,500,0.3117608966389159,0.31176089663892,-0.13786746787677723,0.006676599002699376,0.0012243124465507575,0.05769918498252872,0.17210113112792155,0.25995395234077656,bgn_gam_oracle_bgnzr_s002@cc56eea+dirty
610,500,0.31050530443713625,0.3105053044371359,-0.18780095784798898,0.0066623838362175275,0.001203814544172767,0.05757543129598665,0.1714702187339708,0.2588658111279334,bgn_gam_oracle_bgnzr_s002@cc56eea+dirty
611,500,0.3082842804052382,0.30828428040523653,-0.2996678454251572,0.006620298124580769,0.0011645317862848498,0.057519381357948915,0.1683510407133396,0.25825786461540917,bgn_gam_oracle_bgnzr_s002@cc56eea+dirty
612,500,0.3088344367793575,0.3088344367793582,-0.2549907673230951,0.006645993432146647,0.0011724828870985186,0.05748406064613429,0.16984819963768089,0.2579346785925876,bgn_gam_oracle_bgnzr_s002@cc56eea+dirty
613,500,0.3078316649686476,0.30783166496864917,-0.2550805984927267,0.006651459897576674,0.00115481732300221,0.057397300395585826,0.17002792087331622,0.25661418526820967,bgn_gam_oracle_bgnzr_s002@cc56eea+dirty
614,500,0.3082365479820604,0.30823654798206207,-0.2609732140977514,0.00664825270093638,0.0011603875686502403,0.05739334274684082,0.16973428555161849,0.2572936878747294,bgn_gam_oracle_bgnzr_s002@cc56eea+dirty
615,500,0.30642335235438134,0.30642335235438245,-0.3205974825485035,0.006627668512416097,0.001124851636045105,0.057323201715279964,0.16832257852654248,0.25605230017766545,bgn_gam_oracle_bgnzr_s002@cc56eea+dirty
616,500,0.3031798810417295,0.30317988104172494,-0.4684512510221833,0.0066035098407805255,0.0010821163669287566,0.05723436628055622,0.1651026155065976,0.25428166788299517,bgn_gam_oracle_bgnzr_s002@cc56eea+dirty
617,500,0.3066824398149324,0.30668243981493454,-0.3146710920731784,0.006655478245248796,0.0011198199469156906,0.0569955664902077,0.16972241794801513,0.25543770226166473,bgn_gam_oracle_bgnzr_s002@cc56eea+dirty
618,500,0.30735198563126265,0.30735198563125987,-0.32914724134179374,0.006659106783756213,0.0011263337319386525,0.056991421022227595,0.16934826646672685,0.25648861127971034,bgn_gam_oracle_bgnzr_s002@cc56eea+dirty
619,500,0.3075695664872125,0.3075695664872123,-0.30809880298685094,0.006669187458702833,0.0011241800946013116,0.056929060872085796,0.16998779421719087,0.25632633116070186,bgn_gam_oracle_bgnzr_s002@cc56eea+dirty
620,500,0.3058689275463743,0.30586892754637707,-0.3808076579538433,0.00665348845515062,0.001108758521495962,0.05689907033751733,0.16839007700436506,0.25534404791346355,bgn_gam_oracle_bgnzr_s002@cc56eea+dirty
621,500,0.31066992683113553,0.3106699268311372,-0.16094216522201615,0.006738510352653486,0.0011798303042624776,0.056871018237872,0.1739976883152628,0.25737250804662054,bgn_gam_oracle_bgnzr_s002@cc56eea+dirty
622,500,0.3090383193959757,0.3090383193959772,-0.2361452670998423,0.006701735026074008,0.0011554241016980846,0.05677522202698476,0.1720912255837853,0.2566890978054187,bgn_gam_oracle_bgnzr_s002@cc56eea+dirty
623,500,0.3081530386407848,0.30815303864078447,-0.31119425105920173,0.0066763603402583745,0.0011299950198176807,0.056673397685648726,0.17059095652150152,0.2566262277644828,bgn_gam_oracle_bgnzr_s002@cc56eea+dirty
624,500,0.30641556868656833,0.30641556868656805,-0.40899279562002,0.006639830736962837,0.0010975804210286543,0.05665883630587361,0.16784692124748757,0.25635505019650534,bgn_gam_oracle_bgnzr_s002@cc56eea+dirty
625,500,0.3028674905333495,0.3028674905333492,-0.5497016370595134,0.006645971989056274,0.0010571059251871255,0.05683728516935083,0.16504578928010016,0.25394606565740946,bgn_gam_oracle_bgnzr_s002@cc56eea+dirty
626,500,0.30437105380205065,0.30437105380205065,-0.43699113156474634,0.006705511218410222,0.0010799560934493973,0.05645084307436781,0.16930108181494813,0.25294047143321896,bgn_gam_oracle_bgnzr_s002@cc56eea+dirty
627,500,0.3030422785410753,0.30304227854107907,-0.4795750183118817,0.006711707236891193,0.0010647262677542933,0.0563944212570817,0.16875866138617607,0.25170446319148304,bgn_gam_oracle_bgnzr_s002@cc56eea+dirty
628,500,0.2999076396543302,0.29990763965433076,-0.6041723115628805,0.006699465238538447,0.0010251084002479223,0.056395934534036594,0.16609437083158893,0.24971434140050947,bgn_gam_oracle_bgnzr_s002@cc56eea+dirty
629,500,0.2986179179242762,0.29861791792427667,-0.6225453345626092,0.006735521179104692,0.0010103646604629024,0.05632573198447777,0.1664645540431348,0.24791573800920755,bgn_gam_oracle_bgnzr_s002@cc56eea+dirty
630,500,0.2980861241469791,0.2980861241469799,-0.6457714921909581,0.006769181677011572,0.0010176133043995883,0.056273683385763225,0.16699969417371474,0.24691383022190957,bgn_gam_oracle_bgnzr_s002@cc56eea+dirty
631,500,0.2985868857253196,0.29858688572531894,-0.6516145072192566,0.006818813158563526,0.0010158406944571654,0.05621405426251048,0.16768733167786004,0.24705280229518634,bgn_gam_oracle_bgnzr_s002@cc56eea+dirty
632,500,0.29577157023588757,0.2957715702358876,-0.7325643081030492,0.006851655339787208,0.0009818452642589661,0.05613919680513342,0.16686577397724542,0.24420613267233363,bgn_gam_oracle_bgnzr_s002@cc56eea+dirty
633,500,0.2962432680062969,0.29624326800629647,-0.7201543144843207,0.006892844025490334,0.000990547186063622,0.05605218086476667,0.16797857491849363,0.24401490160931294,bgn_gam_oracle_bgnzr_s002@cc56eea+dirty
634,500,0.29201665399796894,0.29201665399797055,-0.8311910918857761,0.006934717097912075,0.0009676268276608834,0.05616205527015744,0.1666490953496961,0.2397953403035543,bgn_gam_oracle_bgnzr_s002@cc56eea+dirty
635,500,0.28853115504481175,0.2885311550448133,-0.88758537798393,0.006991977794476933,0.0009428275120018072,0.05634525083589618,0.1662947346488744,0.23578865252499676,bgn_gam_oracle_bgnzr_s002@cc56eea+dirty
636,500,0.2899693469395367,0.2899693469395362,-0.7649473427962876,0.007087861571872907,0.0009656434383932872,0.05606294333183308,0.17140447921274346,0.2338861403981638,bgn_gam_oracle_bgnzr_s002@cc56eea+dirty
637,500,0.2916763367391364,0.2916763367391385,-0.6331442915004277,0.007181071988928106,0.0009802909602802281,0.05587512792267745,0.1760521085174037,0.23255266177822695,bgn_gam_oracle_bgnzr_s002@cc56eea+dirty
638,500,0.2886041853090952,0.2886041853090951,-0.7627480438693722,0.0071480690894543605,0.0009453575000433026,0.05575545501059325,0.17304836332639215,0.23096891506863765,bgn_gam_oracle_bgnzr_s002@cc56eea+dirty
639,500,0.28871556066218657,0.2887155606621859,-0.7309110387435992,0.007199921852711483,0.0009729048226393557,0.05646750829946712,0.17502621517075495,0.22961380396544395,bgn_gam_oracle_bgnzr_s002@cc56eea+dirty
640,500,0.28789225100249605,0.28789225100249655,-0.6799995308548376,0.007257559300373341,0.0009736452049342384,0.05633923760170846,0.17697931811170595,0.2270688643297442,bgn_gam_oracle_bgnzr_s002@cc56eea+dirty
641,500,0.2901016121977224,0.2901016121977223,-0.5312366209148617,0.0073501419106661425,0.0010044389736148338,0.0563054542702135,0.18152518593966244,0.22629085767942259,bgn_gam_oracle_bgnzr_s002@cc56eea+dirty
642,500,0.2906376307998608,0.2906376307998607,-0.5623824276570077,0.007352567528178053,0.001002154456744,0.056151589177805786,0.18155119856122673,0.22695681249510496,bgn_gam_oracle_bgnzr_s002@cc56eea+dirty
643,500,0.2915881977705538,0.29158819777055656,-0.4870060312414896,0.00740097745772742,0.001019108806184576,0.056228862373443315,0.18333701886048345,0.22674041235393022,bgn_gam_oracle_bgnzr_s002@cc56eea+dirty
644,500,0.29375735834195854,0.29375735834195854,-0.37101283034768245,0.007485277034062104,0.0010516334907393551,0.05636381289444455,0.18673406837632725,0.22676810465246425,bgn_gam_oracle_bgnzr_s002@cc56eea+dirty
645,500,0.29118473261852984,0.2911847326185304,-0.48724195938713155,0.007408597801397254,0.0010100594590025632,0.05609947359113999,0.1836304073870491,0.22598323387585878,bgn_gam_oracle_bgnzr_s002@cc56eea+dirty
646,500,0.2892404455965681,0.2892404455965688,-0.5672594652946771,0.007383066723624916,0.000995588894037799,0.055890460134643064,0.18210017056684338,0.22472107878084738,bgn_gam_oracle_bgnzr_s002@cc56eea+dirty
647,500,0.2907597931356342,0.29075979313563394,-0.5128266094193783,0.0074227668034825825,0.0010155352677801725,0.05586782410954692,0.18369092427517253,0.2253861167934033,bgn_gam_oracle_bgnzr_s002@cc56eea+dirty
648,500,0.29140960420164874,0.2914096042016474,-0.4966314632142992,0.007441281833852317,0.0010287429835955408,0.055874297208857344,0.1844476522610699,0.22560722726974197,bgn_gam_oracle_bgnzr_s002@cc56eea+dirty
649,500,0.2939329091196268,0.2939329091196256,-0.35681830846524687,0.0075543571724536115,0.001076410458318172,0.056024307166608736,0.18869009147498242,0.2253721465547363,bgn_gam_oracle_bgnzr_s002@cc56eea+dirty
650,500,0.29365231553524535,0.2936523155352456,-0.38026553277285685,0.007543497551978288,0.0010685847998599617,0.05597070687639163,0.18800388213000857,0.22557974803438613,bgn_gam_oracle_bgnzr_s002@cc56eea+dirty
651,500,0.2901897206072547,0.2901897206072584,-0.5396705286619556,0.00744921557352023,0.0010215589244755832,0.05569189074649993,0.18408268001529668,0.22432931343117515,bgn_gam_oracle_bgnzr_s002@cc56eea+dirty
652,500,0.2915376008979606,0.2915376008979605,-0.5007494430337659,0.007477909316137063,0.0010353343011866758,0.05554516478546943,0.1855492270030613,0.22486808821152232,bgn_gam_oracle_bgnzr_s002@cc56eea+dirty
653,500,0.29302332479022397,0.2930233247902227,-0.40431015078279464,0.007545259535764399,0.0010738913599456727,0.05575109815145107,0.1877842638915023,0.22494385767529576,bgn_gam_oracle_bgnzr_s002@cc56eea+dirty
654,500,0.29330824661245064,0.29330824661244614,-0.4758642890355543,0.007487673062923448,0.0010553561892636208,0.05557955708693776,0.18592189322778188,0.2268540877953656,bgn_gam_oracle_bgnzr_s002@cc56eea+dirty
655,500,0.29626559586578094,0.2962655958657801,-0.35264795966571766,0.007578332828230631,0.0010924619310037486,0.055775758191471674,0.18935759345689193,0.22785303398006504,bgn_gam_oracle_bgnzr_s002@cc56eea+dirty
656,500,0.2922602718039785,0.2922602718039778,-0.5348457905742103,0.007451691637764349,0.0010334653600613992,0.05551813976646291,0.18419588456993374,0.22690954713813838,bgn_gam_oracle_bgnzr_s002@cc56eea+dirty
657,500,0.29267856431986855,0.292678564319867,-0.4974154682166941,0.007493798220340969,0.001053796817112295,0.05555688878088581,0.18570927133265203,0.22621407682422168,bgn_gam_oracle_bgnzr_s002@cc56eea+dirty
658,500,0.29389198119836163,0.29389198119836435,-0.5116808698195773,0.007482701550708151,0.0010633236759070223,0.055552375485885735,0.18506893072220618,0.2283024036098556,bgn_gam_oracle_bgnzr_s002@cc56eea+dirty
659,500,0.2921855605892245,0.29218556058922507,-0.576058279985114,0.007449177118841415,0.0010447844411264474,0.05545503898977573,0.18351404390160958,0.22736533928397595,bgn_gam_oracle_bgnzr_s002@cc56eea+dirty
660,500,0.28975691563587036,0.2897569156358691,-0.7112267487185999,0.00739345513595113,0.0010046767360160978,0.05528594459573414,0.18043181674610995,0.22672324464975152,bgn_gam_oracle_bgnzr_s002@cc56eea+dirty
661,500,0.28469488412681904,0.28469488412681926,-0.9402265080285535,0.007359130015218285,0.0009687125005847904,0.05549454625026003,0.17500042638563182,0.22455740427077878,bgn_gam_oracle_bgnzr_s002@cc56eea+dirty
662,500,0.28246323987481364,0.2824632398748156,-1.0622239079755607,0.007407484499733903,0.000940096619328547,0.0558168275649365,0.1731888064238101,0.2231392372714233,bgn_gam_oracle_bgnzr_s002@cc56eea+dirty
663,500,0.2811159418233252,0.28111594182332855,-1.018754570034193,0.007492940422124938,0.0009380279439647871,0.05568804640140405,0.17592183422646104,0.21926623312679208,bgn_gam_oracle_bgnzr_s002@cc56eea+dirty
664,500,0.2788739065818142,0.2788739065818117,-1.0376559126757223,0.0075856320441120345,0.0009417137093145435,0.05586262354631613,0.17707838339681808,0.21543885885738426,bgn_gam_oracle_bgnzr_s002@cc56eea+dirty
665,500,0.2785788820183698,0.27857888201837205,-1.004307110321914,0.0076638406516671,0.0009409757032595056,0.055830207925861866,0.17919067003472902,0.21330001706307866,bgn_gam_oracle_bgnzr_s002@cc56eea+dirty
666,500,0.2769192029223839,0.27691920292238553,-1.0134207314874595,0.007745436244458524,0.0009354986192490416,0.05582451834993548,0.18034547909881413,0.21014222116411457,bgn_gam_oracle_bgnzr_s002@cc56eea+dirty
667,500,0.27515705407392954,0.2751570540739293,-1.0174739242832689,0.007808604149699691,0.0009206115211528112,0.05577473285546547,0.1815987642099971,0.20672032615116798,bgn_gam_oracle_bgnzr_s002@cc56eea+dirty
668,500,0.27773196278419426,0.2777319627841943,-0.9180996777732476,0.007905252216487437,0.0009477394232413657,0.05570861165348532,0.18541611285345708,0.20677501842890775,bgn_gam_oracle_bgnzr_s002@cc56eea+dirty
669,500,0.27930614376340507,0.2793061437634042,-0.7766049520888821,0.008028748522854479,0.0009719157167951763,0.05588679323041869,0.1896150634901758,0.20508059303990836,bgn_gam_oracle_bgnzr_s002@cc56eea+dirty
670,500,0.27713785841815636,0.2771378584181539,-0.9107909855917818,0.007963005532070602,0.0009399879550522693,0.05563476310456447,0.18638823019751807,0.20509709947349108,bgn_gam_oracle_bgnzr_s002@cc56eea+dirty
671,500,0.2771729760557765,0.2771729760557762,-0.8715502201288021,0.008029056433430075,0.0009317545864628314,0.05554781900242946,0.18831683232540875,0.20337558683022883,bgn_gam_oracle_bgnzr_s002@cc56eea+dirty
672,500,0.27409337991446336,0.2740933799144595,-1.055557091156774,0.007955194399858414,0.0008880818313324548,0.05541215914785894,0.18363346417645438,0.20348447544589046,bgn_gam_oracle_bgnzr_s002@cc56eea+dirty
673,500,0.2776193928429568,0.27761939284295506,-0.8041196473541691,0.008164983522897124,0.0009459520157161619,0.05560293151079222,0.19136338502451303,0.2011282728868618,bgn_gam_oracle_bgnzr_s002@cc56eea+dirty
674,500,0.27571716586940087,0.27571716586940215,-0.8853033790045622,0.008125593728065192,0.0009250744070219115,0.055390101368318366,0.18953788613992725,0.20023822130817753,bgn_gam_oracle_bgnzr_s002@cc56eea+dirty
675,500,0.2764601195033441,0.2764601195033474,-0.8771599996482486,0.008152349208430425,0.0009310375406200932,0.05535627859710676,0.1904099706093232,0.20043512857869994,bgn_gam_oracle_bgnzr_s002@cc56eea+dirty
676,500,0.27822873267492504,0.2782287326749248,-0.7614663004807035,0.00826099694514484,0.0009631498001741256,0.055546769486554196,0.19350717600672246,0.1999154834418741,bgn_gam_oracle_bgnzr_s002@cc56eea+dirty
677,500,0.27895967896426727,0.2789596789642693,-0.6792470059454385,0.00834513158170479,0.0009802272871997173,0.05575579329844158,0.19583457898068315,0.19866383707989138,bgn_gam_oracle_bgnzr_s002@cc56eea+dirty
678,500,0.2816723972784762,0.28167239727847443,-0.5311279199048249,0.008490108863904895,0.001015548922771075,0.056154344697543206,0.19956744355492137,0.1987766959720304,bgn_gam_oracle_bgnzr_s002@cc56eea+dirty
679,500,0.2836554740505409,0.28365547405054253,-0.36292460720063346,0.008681795580507459,0.0010545512086575673,0.056790428595522656,0.20366826192671833,0.19743268990363969,bgn_gam_oracle_bgnzr_s002@cc56eea+dirty
680,500,0.2831351833540236,0.2831351833540264,-0.39699294921400624,0.008630109276776212,0.001034987355267566,0.05651988816967359,0.20316651046627804,0.197202690341365,bgn_gam_oracle_bgnzr_s002@cc56eea+dirty
681,500,0.28653619246133855,0.28653619246133866,-0.18999245156907357,0.008869777404219356,0.0011008967433774539,0.05752018839319544,0.20763458627478118,0.1974610548253546,bgn_gam_oracle_bgnzr_s002@cc56eea+dirty
682,500,0.2853437116787933,0.2853437116787933,-0.23286261713684148,0.00881062271627937,0.0010944783644220926,0.05729479883072724,0.2065831473961326,0.1968360663256053,bgn_gam_oracle_bgnzr_s002@cc56eea+dirty
683,500,0.2854466057076041,0.2854466057076016,-0.21160649294780265,0.00882448134452649,0.0010946512841310371,0.057370793591939806,0.2069591985568243,0.19659006801644224,bgn_gam_oracle_bgnzr_s002@cc56eea+dirty
684,500,0.28693991093454785,0.2869399109345467,-0.12455557187514119,0.00892635280460483,0.0011275447994383465,0.0578166595613702,0.2087996060437443,0.19681777613595636,bgn_gam_oracle_bgnzr_s002@cc56eea+dirty
685,500,0.2834525768839147,0.28345257688391473,-0.3570079771621192,0.008622341808301561,0.0010591701036611536,0.05667208853180057,0.20335146656306607,0.19746783127583536,bgn_gam_oracle_bgnzr_s002@cc56eea+dirty
686,500,0.2828285539261824,0.2828285539261844,-0.44436169777929013,0.008506161789934222,0.0010389342134794752,0.05627199867925457,0.2009046861555539,0.1990710877970828,bgn_gam_oracle_bgnzr_s002@cc56eea+dirty
687,500,0.28281413000988626,0.2828141300098875,-0.4204969176939502,0.008537352087325808,0.0010432537372484446,0.05634999638247336,0.20172225884521797,0.1982220028645451,bgn_gam_oracle_bgnzr_s002@cc56eea+dirty
688,500,0.28439746158304624,0.2843974615830481,-0.2968862580546102,0.00867530419954972,0.001080291620314774,0.056944894082579786,0.20447736664313076,0.19766366050837705,bgn_gam_oracle_bgnzr_s002@cc56eea+dirty
689,500,0.2844193478178207,0.2844193478178211,-0.3139076550802953,0.008648296006910937,0.001080883964455167,0.05684677021008666,0.2042440549065085,0.1979361802411616,bgn_gam_oracle_bgnzr_s002@cc56eea+dirty
690,500,0.2846059908555265,0.2846059908555267,-0.26797872794674016,0.00869865372458824,0.0010970462440612456,0.05715051798309436,0.20503202470315995,0.19738905460277895,bgn_gam_oracle_bgnzr_s002@cc56eea+dirty
691,500,0.2841148519927245,0.28411485199272263,-0.3623178001789502,0.008580436058965211,0.0010603733861749964,0.05607225645846686,0.2026771843442557,0.19910602218198312,bgn_gam_oracle_bgnzr_s002@cc56eea+dirty
692,500,0.2854011049484312,0.2854011049484327,-0.23805428767910503,0.008706339201113278,0.001108278837962878,0.0565533176709462,0.2053592081794872,0.19819532366249076,bgn_gam_oracle_bgnzr_s002@cc56eea+dirty
693,500,0.2864233223460711,0.28642332234607093,-0.1306730465279881,0.00882764566884335,0.0011418442619867332,0.05701704457052419,0.20781927275911768,0.19710268758602154,bgn_gam_oracle_bgnzr_s002@cc56eea+dirty
694,500,0.2860141747060281,0.2860141747060275,-0.17794624713896467,0.008758594888921037,0.00113573406172472,0.05686702455728453,0.20649975859488492,0.1978938044331469,bgn_gam_oracle_bgnzr_s002@cc56eea+dirty
695,500,0.2858078682872797,0.2858078682872813,-0.22874640533567564,0.008691693149776277,0.001127923385638097,0.056610322642614765,0.2056196936926462,0.19851115621209148,bgn_gam_oracle_bgnzr_s002@cc56eea+dirty
696,500,0.28546516157495816,0.28546516157495816,-0.24567506764800745,0.008660808569093955,0.0011088157530037826,0.05652428165432472,0.20488569044699248,0.19877679020216657,bgn_gam_oracle_bgnzr_s002@cc56eea+dirty
697,500,0.28485844647443803,0.2848584464744351,-0.27977568824517496,0.008617219207477217,0.0010984609165746498,0.05638746680156824,0.2039934380062507,0.1988240724314343,bgn_gam_oracle_bgnzr_s002@cc56eea+dirty
698,500,0.2840922645236808,0.28409226452368147,-0.3680005279742984,0.008501677598223331,0.0010787560522512447,0.05599302848477849,0.2017668719633396,0.19999636031768767,bgn_gam_oracle_bgnzr_s002@cc56eea+dirty
699,500,0.2882053372558054,0.28820533725580555,-0.16363781783253242,0.008731024748958462,0.0011489465749229706,0.056794362081924364,0.20659637573960454,0.20094838629357706,bgn_gam_oracle_bgnzr_s002@cc56eea+dirty
700,500,0.2898697470359136,0.2898697470359149,-0.145514783639198,0.008741147787654654,0.0011626337991053628,0.056839740059097046,0.20703902837175028,0.20287757633002748,bgn_gam_oracle_bgnzr_s002@cc56eea+dirty
701,500,0.2904185418018924,0.29041854180189325,-0.13816320705686883,0.00873024612793766,0.0011630397156135335,0.05694226410837378,0.20665077701741913,0.2040548597324613,bgn_gam_oracle_bgnzr_s002@cc56eea+dirty
702,500,0.2892480109838225,0.2892480109838227,-0.2667259775385474,0.008553261245454372,0.0011282038938449004,0.056310090233497694,0.2035429576715777,0.20551076915919478,bgn_gam_oracle_bgnzr_s002@cc56eea+dirty
703,500,0.28983361437931693,0.2898336143793156,-0.26851301588228443,0.008527267981254518,0.001127972638044572,0.05624235673016882,0.2033474319193473,0.20652686497399075,bgn_gam_oracle_bgnzr_s002@cc56eea+dirty
704,500,0.2929236102240056,0.2929236102240051,-0.10032929943010474,0.008718944948709261,0.0011829236550221155,0.05700736875212813,0.20705181040537404,0.20720470369787022,bgn_gam_oracle_bgnzr_s002@cc56eea+dirty
705,500,0.29501905377188303,0.29501905377188353,-0.024315462846564908,0.008787253845172791,0.001205840148377342,0.05732969700859469,0.20862583757897143,0.20859410821720215,bgn_gam_oracle_bgnzr_s002@cc56eea+dirty
706,500,0.29448254675653834,0.29448254675653696,-0.060616269281193395,0.008730120948557879,0.0011949336750710687,0.057173502185894766,0.20763851575851022,0.2088210169447024,bgn_gam_oracle_bgnzr_s002@cc56eea+dirty
707,500,0.29444211754026467,0.29444211754026595,-0.08723499186028275,0.008677340064372468,0.00119201971206583,0.05707026318828714,0.20679449179228543,0.20960009242833227,bgn_gam_oracle_bgnzr_s002@cc56eea+dirty
708,500,0.2953979542539111,0.2953979542539123,-0.01903166600701364,0.008736538430006342,0.0012139949250954665,0.05738415727325645,0.20800263693078308,0.2097495039499178,bgn_gam_oracle_bgnzr_s002@cc56eea+dirty
709,500,0.29665205281584733,0.2966520528158489,-0.03013371283182771,0.008702618149779935,0.0012352379535647206,0.05730659944295384,0.2073464437451733,0.2121553504064556,bgn_gam_oracle_bgnzr_s002@cc56eea+dirty
710,500,0.29416619903496105,0.29416619903496277,-0.24261394621491375,0.008422547567681434,0.0011593484988370515,0.05629024822014616,0.20207187137129884,0.2137772472813175,bgn_gam_oracle_bgnzr_s002@cc56eea+dirty
711,500,0.2936113357487846,0.2936113357487832,-0.30658417021940404,0.008343243444714026,0.0011403515580361212,0.056032308355732016,0.200475860432897,0.21451584058962903,bgn_gam_oracle_bgnzr_s002@cc56eea+dirty
712,500,0.2935764425157772,0.2935764425157754,-0.2580925815510592,0.008388369678295994,0.0011640947412593374,0.056188482414811204,0.20156850647064473,0.21344147862918558,bgn_gam_oracle_bgnzr_s002@cc56eea+dirty
713,500,0.2914583321830927,0.29145833218309203,-0.4040729768153308,0.008223724837920486,0.0011099393142140308,0.05564115635052537,0.1978638171591469,0.21400436738104597,bgn_gam_oracle_bgnzr_s002@cc56eea+dirty
714,500,0.2934056746748758,0.2934056746748771,-0.3179763319904394,0.008306542365395476,0.0011513042216453229,0.05592517987249707,0.2000337319172539,0.2146471430666508,bgn_gam_oracle_bgnzr_s002@cc56eea+dirty
715,500,0.2945104904717827,0.294510490471782,-0.24697173567706648,0.00837634312123442,0.001171894707313237,0.05618666318270833,0.2017133551819685,0.21458832992304827,bgn_gam_oracle_bgnzr_s002@cc56eea+dirty
716,500,0.29810730228985716,0.298107302289856,0.01238301491565913,0.008673022107579946,0.0012583982603110615,0.05737016401775172,0.2075213106666494,0.21401604915924474,bgn_gam_oracle_bgnzr_s002@cc56eea+dirty
717,500,0.30043577350729445,0.3004357735072963,0.10740226529193798,0.008771121251683393,0.0013026625923841801,0.05788101869680499,0.20940374842845963,0.21543380455962965,bgn_gam_oracle_bgnzr_s002@cc56eea+dirty
718,500,0.30109526593993424,0.3010952659399359,0.12196191038795272,0.008783472716918627,0.0013068539939751242,0.05798269940584606,0.20980427027796666,0.21596418069802603,bgn_gam_oracle_bgnzr_s002@cc56eea+dirty
719,500,0.29820424580150723,0.2982042458015097,-0.08085393105950829,0.008506619539994138,0.001231187675040885,0.05691469144346212,0.20486427293076867,0.21669425901623066,bgn_gam_oracle_bgnzr_s002@cc56eea+dirty
720,500,0.2991345402507985,0.29913454025079955,-0.04999688376042049,0.008520409181764655,0.0012565242400692457,0.05702782201409008,0.20519391422368977,0.21766242380488562,bgn_gam_oracle_bgnzr_s002@cc56eea+dirty
721,500,0.2968781975288155,0.2968781975288172,-0.22189841455010065,0.008315129973760084,0.0012102875642427298,0.056370848925180565,0.20097660549842972,0.21850644889862392,bgn_gam_oracle_bgnzr_s002@cc56eea+dirty
722,500,0.2962282317825919,0.2962282317825918,-0.31098575429495584,0.008207626688029377,0.0011742480482281998,0.05592894473231408,0.19893557662064285,0.21948986687237595,bgn_gam_oracle_bgnzr_s002@cc56eea+dirty
723,500,0.29938433223695315,0.29938433223695404,-0.11509301950402222,0.008403917348336766,0.001241354116923829,0.05677857945948006,0.20312922078110915,0.21993066646974396,bgn_gam_oracle_bgnzr_s002@cc56eea+dirty
724,500,0.2979292634282821,0.2979292634282795,-0.1787403107519977,0.008314852154269432,0.0012104223358526893,0.05643720539512834,0.20137698443120958,0.2195658355671735,bgn_gam_oracle_bgnzr_s002@cc56eea+dirty
725,500,0.29973024653617386,0.29973024653616986,-0.09175194163064351,0.00839258601339451,0.0012407836881738422,0.05679074724311842,0.20321981568748074,0.22031778684568779,bgn_gam_oracle_bgnzr_s002@cc56eea+dirty
726,500,0.30062368061667477,0.3006236806166755,-0.07193892493849989,0.008407950918517343,0.0012481680782390036,0.056888704820619876,0.20357355291741752,0.22120670401254997,bgn_gam_oracle_bgnzr_s002@cc56eea+dirty
727,500,0.3034142381186372,0.3034142381186375,0.05276145915465405,0.008527003839212025,0.0012908447106189562,0.057484938612591734,0.20608218176362134,0.2226888732125133,bgn_gam_oracle_bgnzr_s002@cc56eea+dirty
728,500,0.30414833929438495,0.30414833929438273,0.05319683715779078,0.00851159535957358,0.001317809150579552,0.05756202544939788,0.20581810663120367,0.22393105920858497,bgn_gam_oracle_bgnzr_s002@cc56eea+dirty
729,500,0.30522035527243785,0.30522035527243896,0.03848481451146497,0.00847244640854124,0.0013308464102720905,0.057404940742213445,0.20549679995130277,0.22567793530251784,bgn_gam_oracle_bgnzr_s002@cc56eea+dirty
730,500,0.3082681587285078,0.30826815872850705,0.2034489561490179,0.008660765307936169,0.001401894244329315,0.05828137351999624,0.2088866228862785,0.22670605740700925,bgn_gam_oracle_bgnzr_s002@cc56eea+dirty
731,500,0.30829674611120916,0.30829674611121155,0.2524400917476731,0.008716811846050977,0.0014155091335390148,0.05866737679969077,0.2097527889872226,0.2259439115684267,bgn_gam_oracle_bgnzr_s002@cc56eea+dirty
732,500,0.3086189056160408,0.3086189056160401,0.2857068260985807,0.008743471398128302,0.0014252918403579926,0.0589183473394991,0.21027402441994547,0.22589923319454377,bgn_gam_oracle_bgnzr_s002@cc56eea+dirty
733,500,0.3078861063968635,0.3078861063968639,0.2589917224542589,0.008691398830259246,0.0014218139778450975,0.05884955121727271,0.209327898058002,0.22577795642364967,bgn_gam_oracle_bgnzr_s002@cc56eea+dirty
734,500,0.30799666417450194,0.307996664174503,0.33695291660105364,0.008771349846842842,0.0014535402137152264,0.05933300716816973,0.21081287256221634,0.2245437104545297,bgn_gam_oracle_bgnzr_s002@cc56eea+dirty
735,500,0.3075732813699081,0.3075732813699083,0.2840004491309531,0.00869704977966333,0.0014429609147457877,0.05920538929520265,0.2094195819189403,0.2252659808349874,bgn_gam_oracle_bgnzr_s002@cc56eea+dirty
736,500,0.30837345974902014,0.30837345974902025,0.33927537798802027,0.00874770988652345,0.0014706604380971373,0.05959921005623183,0.21028996564564936,0.22554893266502538,bgn_gam_oracle_bgnzr_s002@cc56eea+dirty
737,500,0.3078087067411062,0.30780870674110866,0.35145510745117287,0.008753203539432064,0.0014748470697897574,0.059735949538253064,0.21077900652062723,0.22431765502476553,bgn_gam_oracle_bgnzr_s002@cc56eea+dirty
738,500,0.30474421034119353,0.3047442103411936,0.15152531137157121,0.00848896275025387,0.0013987187387842193,0.058715067767462714,0.20583660532310924,0.22472277509308256,bgn_gam_oracle_bgnzr_s002@cc56eea+dirty
739,500,0.3011727331215344,0.30117273312153514,-0.04424986662606499,0.008256538584874193,0.0013031102690864837,0.05779987195982274,0.2014424361426942,0.22388827592527386,bgn_gam_oracle_bgnzr_s002@cc56eea+dirty
740,500,0.30142937849100454,0.3014293784910059,-0.0851776852257546,0.00818584620353846,0.0012844956622355714,0.05751459294666566,0.20021824542398464,0.2253271497552266,bgn_gam_oracle_bgnzr_s002@cc56eea+dirty
741,500,0.3037919542408814,0.3037919542408818,0.12224741376558423,0.008413904985676969,0.0013463387503888603,0.05848635928044729,0.20504079840254721,0.22416026064389685,bgn_gam_oracle_bgnzr_s002@cc56eea+dirty
742,500,0.30670575755788526,0.3067057575578861,0.28136822090788965,0.008578788029293785,0.001418783282574384,0.05939759341951936,0.20793711987152563,0.22545637249519268,bgn_gam_oracle_bgnzr_s002@cc56eea+dirty
743,500,0.30556994872248816,0.3055699487224876,0.21177588871160577,0.008471857974516921,0.0013958738307132163,0.05909155142157031,0.2061271066094645,0.2255761722413839,bgn_gam_oracle_bgnzr_s002@cc56eea+dirty
744,500,0.30377190311104785,0.3037719031110485,0.14189247911028743,0.008391006439468735,0.0013797501212233529,0.05886340168365281,0.20464058232809457,0.22449855497113158,bgn_gam_oracle_bgnzr_s002@cc56eea+dirty
745,500,0.3032004884384527,0.303200488438453,0.07190021223291382,0.00829195009945186,0.0013589197355796299,0.058543831258651306,0.20249159830752303,0.22567163934393933,bgn_gam_oracle_bgnzr_s002@cc56eea+dirty
746,500,0.30474948229620225,0.30474948229620347,0.024463969980332317,0.00822139385943708,0.0013602867435947865,0.058287854271301225,0.2012210032411169,0.22887191792450576,bgn_gam_oracle_bgnzr_s002@cc56eea+dirty
747,500,0.3066715002229723,0.3066715002229737,0.17317049405641838,0.008375983783490696,0.0014227359488878024,0.05907404880887365,0.20439880483818243,0.2286231345024626,bgn_gam_oracle_bgnzr_s002@cc56eea+dirty
748,500,0.30499465238275625,0.30499465238275686,0.10804582788890119,0.008281705009922773,0.001395392623637423,0.05873065495255178,0.20268540373994906,0.22790428932526077,bgn_gam_oracle_bgnzr_s002@cc56eea+dirty
749,500,0.3024038397213331,0.30240383972133283,-0.04541779566650875,0.008112012467476382,0.0013365438354929482,0.0581123232365835,0.19909255965585212,0.2276186173578222,bgn_gam_oracle_bgnzr_s002@cc56eea+dirty
750,500,0.30110049151516755,0.30110049151516444,-0.10794543957886046,0.008016237496775895,0.001323657133856488,0.05781485417485246,0.19711918758212238,0.2276082860478492,bgn_gam_oracle_bgnzr_s002@cc56eea+dirty
751,500,0.29922570738469456,0.299225707384697,-0.23696503548136744,0.007878594391905535,0.0012742062132696883,0.057389920492270846,0.1934589679052783,0.2282753856570948,bgn_gam_oracle_bgnzr_s002@cc56eea+dirty
752,500,0.3027691332313754,0.3027691332313745,-0.06952244926002674,0.008012993011245086,0.001340048360705082,0.05789573063061574,0.19735368680682508,0.2296098219620231,bgn_gam_oracle_bgnzr_s002@cc56eea+dirty
753,500,0.30195290480693676,0.30195290480693704,-0.07934476233251446,0.007993669874476259,0.0013244876857278765,0.057925338665269235,0.19695294631796004,0.22887790120066587,bgn_gam_oracle_bgnzr_s002@cc56eea+dirty
754,500,0.3035053753690695,0.30350537536906874,-0.026186804550224766,0.008050593640528866,0.001345262948067373,0.058223051915689245,0.19831284255619924,0.22975536850136913,bgn_gam_oracle_bgnzr_s002@cc56eea+dirty
755,500,0.30474349415844143,0.3047434941584413,0.009318439183749064,0.008062158426131559,0.001371541480751897,0.0583950408447659,0.19861515777902708,0.23112900365879702,bgn_gam_oracle_bgnzr_s002@cc56eea+dirty
756,500,0.3011333368266326,0.3011333368266315,-0.19370096769507447,0.00785895878454024,0.0012939378118806946,0.057524402801701485,0.19370589757426168,0.23056303214802631,bgn_gam_oracle_bgnzr_s002@cc56eea+dirty
757,500,0.3017825341718435,0.3017825341718422,-0.16859023146088997,0.007884178380903708,0.001310218032257657,0.05762181675916339,0.19465611096511232,0.23061157038431043,bgn_gam_oracle_bgnzr_s002@cc56eea+dirty
758,500,0.3024276208018157,0.3024276208018163,-0.1690494985949858,0.007859174490835851,0.001317477606434571,0.05753662052195619,0.1942671121535398,0.23178169677386262,bgn_gam_oracle_bgnzr_s002@cc56eea+dirty
759,500,0.3001843335203079,0.30018433352030993,-0.22969315047851988,0.007792125301941579,0.001282201550722453,0.057205928250632324,0.1927266786275642,0.23014573955695775,bgn_gam_oracle_bgnzr_s002@cc56eea+dirty
760,500,0.3015925514745526,0.3015925514745516,-0.1589441264387627,0.007841733492578737,0.0013103875579710063,0.05741622487819697,0.19398963963201046,0.23092441798210378,bgn_gam_oracle_bgnzr_s002@cc56eea+dirty
761,500,0.30222683252708493,0.30222683252708343,-0.12949990185251448,0.007861267834265133,0.0013212944999726254,0.05746876605614373,0.19481692695062675,0.2310571861528414,bgn_gam_oracle_bgnzr_s002@cc56eea+dirty
762,500,0.3015202274164795,0.30152022741647816,-0.1477569743508573,0.007834974217491545,0.0013131984838875468,0.057318928429618596,0.19444029972826035,0.2304504662240235,bgn_gam_oracle_bgnzr_s002@cc56eea+dirty
763,500,0.3021005953523391,0.3021005953523371,-0.04985480259143439,0.007910963666300275,0.0013307474325039465,0.057626723944772806,0.19634269404580337,0.22959598473639245,bgn_gam_oracle_bgnzr_s002@cc56eea+dirty
764,500,0.3012788712485829,0.30127887124858066,-0.05558379095443203,0.007885715299980042,0.0013173059745025023,0.057635888943307664,0.19589827603355783,0.22889478741967925,bgn_gam_oracle_bgnzr_s002@cc56eea+dirty
765,500,0.3016203405981961,0.3016203405981948,-0.0199756153204787,0.007909622470954083,0.001320495246766556,0.057761196618818615,0.19690211225412824,0.22848279596598625,bgn_gam_oracle_bgnzr_s002@cc56eea+dirty
766,500,0.30251753237682805,0.3025175323768296,-0.007647622846461509,0.00789828504025487,0.0013280557144954234,0.05784968418076659,0.19662227836416055,0.22990549590266818,bgn_gam_oracle_bgnzr_s002@cc56eea+dirty
767,500,0.30286690915911396,0.30286690915911607,0.00716935671100914,0.007902875030121196,0.0013335094024491095,0.057860013992833415,0.19673095602094443,0.23027222065781236,bgn_gam_oracle_bgnzr_s002@cc56eea+dirty
768,500,0.30261832971814084,0.302618329718143,0.00839963757201513,0.007895721176408027,0.0013332092380366602,0.05780699863159592,0.1966314967278544,0.23003023274335307,bgn_gam_oracle_bgnzr_s002@cc56eea+dirty
769,500,0.30214911975083475,0.3021491197508373,-0.0974161863383351,0.007775500251820867,0.0012883883309926937,0.057411585075586045,0.1937282160815734,0.2318695082585364,bgn_gam_oracle_bgnzr_s002@cc56eea+dirty
770,500,0.30190705071914553,0.3019070507191453,-0.09165499313779528,0.007761560786241226,0.0013015369727101805,0.05735503979197725,0.19360637762990904,0.23165586073949818,bgn_gam_oracle_bgnzr_s002@cc56eea+dirty
771,500,0.30552368623494747,0.3055236862349506,0.055947768245341575,0.007885848326197435,0.0013575354439605302,0.05778469208847923,0.19712224690629224,0.23342566830836192,bgn_gam_oracle_bgnzr_s002@cc56eea+dirty
772,500,0.30673801343719453,0.30673801343719326,0.12635058549129866,0.0079326794925314,0.0013867125419096602,0.05797068868529043,0.19865176096841192,0.233721387022124,bgn_gam_oracle_bgnzr_s002@cc56eea+dirty
773,500,0.30976765347335433,0.30976765347335344,0.2682999690072131,0.008051763503324984,0.0014343267954484357,0.058552482892296226,0.2017589257408726,0.23505177094052535,bgn_gam_oracle_bgnzr_s002@cc56eea+dirty
774,500,0.30955242820280565,0.3095524282028056,0.22489723826670813,0.007988402053246833,0.001424513759032227,0.058429603207598615,0.2002626562868035,0.23604570384399445,bgn_gam_oracle_bgnzr_s002@cc56eea+dirty
775,500,0.30648268013122254,0.3064826801312228,0.025862562886352566,0.007767292799625656,0.0013508365172620646,0.057668866170178516,0.1949467661796141,0.23648972826854053,bgn_gam_oracle_bgnzr_s002@cc56eea+dirty
776,500,0.3075907454329045,0.3075907454329073,0.10215178403898778,0.007825974717875368,0.001380734465570527,0.05787926775356722,0.19699927598493178,0.23622733105502958,bgn_gam_oracle_bgnzr_s002@cc56eea+dirty
777,500,0.3074932752856855,0.3074932752856864,0.06384710246956798,0.007774191940569732,0.0013739150021275471,0.05779634236394356,0.1956440791933269,0.23722459531531206,bgn_gam_oracle_bgnzr_s002@cc56eea+dirty
778,500,0.309313484465814,0.30931348446581325,0.17754746256078113,0.007865960331678912,0.0014183694602566712,0.05826879316293367,0.19785971965009516,0.23775273502605415,bgn_gam_oracle_bgnzr_s002@cc56eea+dirty
779,500,0.30993204585451606,0.30993204585451567,0.23076971275059358,0.007917202855648137,0.0014403048745832768,0.05843398079746639,0.19931401221242673,0.23734320631387462,bgn_gam_oracle_bgnzr_s002@cc56eea+dirty
780,500,0.3121509144737394,0.31215091447373877,0.3128959555329972,0.00798490243135098,0.0014776024088783005,0.05876550672601635,0.20103399849405404,0.23879599003392926,bgn_gam_oracle_bgnzr_s002@cc56eea+dirty
781,500,0.3134172756323267,0.3134172756323255,0.39353084909278685,0.008061346086987076,0.0015093791239070965,0.05918916387679389,0.20289957761985178,0.23887685125703492,bgn_gam_oracle_bgnzr_s002@cc56eea+dirty
782,500,0.30826186769973435,0.3082618676997333,0.0645060519111224,0.0077013161231764965,0.0013712184379191129,0.05783203577289585,0.1944156406780234,0.23922361450634888,bgn_gam_oracle_bgnzr_s002@cc56eea+dirty
783,500,0.3100604364241679,0.31006043642416786,0.14868050987504927,0.007778776734870334,0.0014010387908583242,0.058287399213524736,0.1962079550800672,0.24008313684814228,bgn_gam_oracle_bgnzr_s002@cc56eea+dirty
784,500,0.3114377336629348,0.3114377336629342,0.2040795804640626,0.007808910817889503,0.0014299122795698802,0.05842600101483895,0.19728464944984542,0.2409818023016608,bgn_gam_oracle_bgnzr_s002@cc56eea+dirty
785,500,0.31398061706058317,0.3139806170605833,0.29735037528285324,0.007870825664629835,0.0014881832282245125,0.05885575358722514,0.19878367059884805,0.24304090230451592,bgn_gam_oracle_bgnzr_s002@cc56eea+dirty
786,500,0.3158357426631363,0.31583574266313635,0.4227426727314882,0.007979170300297577,0.0015427772853070822,0.05945733582974701,0.20134790476990105,0.2433335932179232,bgn_gam_oracle_bgnzr_s002@cc56eea+dirty
787,500,0.3169562775678503,0.31695627756785094,0.39333131258894644,0.007938283635084068,0.0015537599891336244,0.0593732668658812,0.2009091287179023,0.24514649474851052,bgn_gam_oracle_bgnzr_s002@cc56eea+dirty
788,500,0.31856924984139,0.31856924984139023,0.48924935000801073,0.008015580944318012,0.0016028482294956597,0.05991014717263568,0.20229133379457095,0.24609872656338438,bgn_gam_oracle_bgnzr_s002@cc56eea+dirty
789,500,0.3158191440961678,0.3158191440961677,0.33661386093460544,0.007843434480543249,0.001545667169292641,0.05931971478603262,0.19861734561808725,0.24554608894718988,bgn_gam_oracle_bgnzr_s002@cc56eea+dirty
790,500,0.31634376972169886,0.316343769721697,0.36091451620091597,0.007862124709910451,0.0015575072495418554,0.05953919850066319,0.19888722491338592,0.24600254553151982,bgn_gam_oracle_bgnzr_s002@cc56eea+dirty
791,500,0.3176451807094567,0.31764518070945563,0.39851848973971377,0.007885402939402377,0.0015776783460682692,0.05984893202533201,0.1995584299891125,0.24713335235905307,bgn_gam_oracle_bgnzr_s002@cc56eea+dirty
792,500,0.31822125076236746,0.31822125076236907,0.4231968960913549,0.007898481008191745,0.001608739959519046,0.06004269532612733,0.1997394012933971,0.24772754390200705,bgn_gam_oracle_bgnzr_s002@cc56eea+dirty
793,500,0.3160893414899048,0.3160893414899029,0.3235756805836952,0.007790632328426794,0.0015539480657738055,0.059664290418912316,0.19725843135812346,0.24698498549841882,bgn_gam_oracle_bgnzr_s002@cc56eea+dirty
794,500,0.3129344655235474,0.31293446552354737,0.08929395678578265,0.0075491222762865086,0.0014738907522061741,0.05884137816443206,0.19117157183660363,0.2477527191254025,bgn_gam_oracle_bgnzr_s002@cc56eea+dirty
795,500,0.3128535077290021,0.31285350772900217,0.04690784111420969,0.007509919437881703,0.0014613291777366333,0.05883768061136939,0.1899757828259312,0.24856894262561324,bgn_gam_oracle_bgnzr_s002@cc56eea+dirty
796,500,0.31252164700680557,0.3125216470068078,0.053032250431859766,0.007513503278486166,0.001464051999323499,0.05899615044184154,0.1899840703941269,0.24814478202115356,bgn_gam_oracle_bgnzr_s002@cc56eea+dirty
797,500,0.31129196963573375,0.31129196963573424,0.00900404587568982,0.00746472929597755,0.0014434781949455302,0.05879968695506695,0.18871893874763385,0.24756383523782588,bgn_gam_oracle_bgnzr_s002@cc56eea+dirty
798,500,0.3138929434268678,0.31389294342686697,0.16741754400739578,0.007587130665660373,0.001512327899104923,0.05959670566097422,0.19256859639856874,0.2478832701379179,bgn_gam_oracle_bgnzr_s002@cc56eea+dirty
799,500,0.31525465908596956,0.3152546590859687,0.30213649975305124,0.007694421360011894,0.001555171940062461,0.06031543192740865,0.19521775499253305,0.24753894281725902,bgn_gam_oracle_bgnzr_s002@cc56eea+dirty
800,500,0.31437158645238006,0.3143715864523797,0.24592175658604626,0.007627239516969743,0.0015245028846535722,0.06010245622611434,0.1938031882950611,0.24752740974537618,bgn_gam_oracle_bgnzr_s002@cc56eea+dirty
801,500,0.3155288384359859,0.3155288384359861,0.31614137568004036,0.007691498412309469,0.0015619350975220444,0.060573592503949586,0.1951446659121025,0.24794557316237045,bgn_gam_oracle_bgnzr_s002@cc56eea+dirty
802,500,0.3155378952574875,0.31553789525748743,0.29580635944615447,0.007648901263136576,0.0015650938153127041,0.06058978849816281,0.19421801914040732,0.2486835828612366,bgn_gam_oracle_bgnzr_s002@cc56eea+dirty
803,500,0.31876220869367455,0.318762208693675,0.43603684883291954,0.007769402344450687,0.0016323428859755691,0.061271933051633524,0.19757974699602723,0.2501431375597891,bgn_gam_oracle_bgnzr_s002@cc56eea+dirty
804,500,0.3161209223592749,0.31612092235927314,0.3248833487550237,0.007662783551799301,0.001591325127003322,0.06095189745655306,0.19450832204866889,0.24919660954172315,bgn_gam_oracle_bgnzr_s002@cc56eea+dirty
805,500,0.31801818250415026,0.31801818250414987,0.43989108425538803,0.007763314880495481,0.0016303625276463452,0.06147284137188821,0.19712828511135028,0.24955160510864524,bgn_gam_oracle_bgnzr_s002@cc56eea+dirty
806,500,0.3172895003063839,0.31728950030638664,0.35354996027206737,0.007667021001797275,0.0015993002925316128,0.06101857873610179,0.1951026397196927,0.2502150814381151,bgn_gam_oracle_bgnzr_s002@cc56eea+dirty
807,500,0.31576820552656376,0.3157682055265631,0.2701826434068527,0.007581141722077641,0.0015685404329542144,0.06076495465152452,0.19292051471233987,0.2499824686344866,bgn_gam_oracle_bgnzr_s002@cc56eea+dirty
808,500,0.3143299758832921,0.3143299758832898,0.20528838421545248,0.007497627671858462,0.0015294607368282645,0.060316197192876245,0.1909160550478191,0.2497086175200389,bgn_gam_oracle_bgnzr_s002@cc56eea+dirty
809,500,0.3151795698922885,0.3151795698922869,0.2491867862666294,0.0075300258110599415,0.001544208768444514,0.06052830897454639,0.19186817970662132,0.25004952088247573,bgn_gam_oracle_bgnzr_s002@cc56eea+dirty
810,500,0.31597306275806425,0.3159730627580639,0.2785615520472958,0.007547683261540716,0.001577496653358334,0.060796842984343104,0.1919461256156259,0.2509893648142526,bgn_gam_oracle_bgnzr_s002@cc56eea+dirty
811,500,0.3167258621320784,0.3167258621320789,0.304685964956393,0.0075492491394273656,0.001591597122827082,0.060837518549814854,0.19238189622737079,0.2516038110746128,bgn_gam_oracle_bgnzr_s002@cc56eea+dirty
812,499,0.31830600714061075,0.31886231443637447,0.3627709852940126,0.007587593587429546,0.001623289475788936,0.06116698352904351,0.19342689151646097,0.25279389197541496,bgn_gam_oracle_bgnzr_s002@cc56eea+dirty
813,499,0.31536670814998297,0.31589582247834436,0.22293353147217126,0.007444410075662235,0.0015543005271019047,0.06055796112998206,0.189811016528172,0.2518490393348733,bgn_gam_oracle_bgnzr_s002@cc56eea+dirty
814,499,0.31735079420720674,0.3178855931055412,0.3425865740180815,0.007540915938256359,0.001614480017678012,0.061127484543812595,0.19237327670263446,0.25239661050544343,bgn_gam_oracle_bgnzr_s002@cc56eea+dirty
815,499,0.31841507802163876,0.3189597541074272,0.4047654466535006,0.0075774484208071344,0.0016422153117916925,0.061508898534809654,0.1934669593609194,0.2529005684990974,bgn_gam_oracle_bgnzr_s002@cc56eea+dirty
816,499,0.3184229447979142,0.31898933232366766,0.42480283979633443,0.0075864322237933395,0.0016612605488904163,0.06182754977863849,0.19364254143582713,0.25277606279086134,bgn_gam_oracle_bgnzr_s002@cc56eea+dirty
817,499,0.3189091975424517,0.31946745522024006,0.4389736789979248,0.007578363495621337,0.0016733245060161148,0.062001216106815214,0.1937686541554163,0.2532918967199092,bgn_gam_oracle_bgnzr_s002@cc56eea+dirty
818,499,0.3179147996336569,0.31848332762815296,0.3842067099683041,0.007519936824687889,0.0016355675216018345,0.06192055264619691,0.1920330609583984,0.25336361878741837,bgn_gam_oracle_bgnzr_s002@cc56eea+dirty
819,499,0.3162546801004471,0.31682500554035314,0.3334562253928379,0.007463583052407996,0.0015990287273079011,0.06174231314040665,0.19091218410540756,0.2521300470898681,bgn_gam_oracle_bgnzr_s002@cc56eea+dirty
820,499,0.3192675406676825,0.3198602104306784,0.46217235007449703,0.007557749400007349,0.0016467351255297648,0.06243657906413997,0.19332693819127258,0.2540796282537783,bgn_gam_oracle_bgnzr_s002@cc56eea+dirty
821,499,0.3193800000921938,0.319989950426868,0.4698315169906084,0.007550453869664286,0.0016421177298017366,0.06263323562075411,0.19314257982877098,0.2543610196472261,bgn_gam_oracle_bgnzr_s002@cc56eea+dirty
822,499,0.3192321789520659,0.3198247929875987,0.42798013057377254,0.007499887679874819,0.0016177217843725035,0.062466859242437646,0.1919219915987731,0.2550982814901823,bgn_gam_oracle_bgnzr_s002@cc56eea+dirty
823,499,0.31635559432375493,0.31698517744096705,0.3567590418516701,0.007454542331848043,0.0015687607904929166,0.06220747096202209,0.1906287978884119,0.2524708368813222,bgn_gam_oracle_bgnzr_s002@cc56eea+dirty
824,499,0.31740952841183817,0.31804497365933476,0.39165172281643656,0.0074779169070188735,0.0015902904338277895,0.06247471423447686,0.19138513210526364,0.2532203387085569,bgn_gam_oracle_bgnzr_s002@cc56eea+dirty
825,499,0.3212578858651535,0.32190803909131127,0.599228834648975,0.007660834436843674,0.0017004970009632163,0.0636708757596316,0.19599301480838163,0.2545454131915747,bgn_gam_oracle_bgnzr_s002@cc56eea+dirty
826,499,0.3222229490863406,0.32287864289405666,0.6600707568749877,0.007716320356049431,0.001741857013727586,0.06409310451577231,0.19715536463162672,0.25486739908208883,bgn_gam_oracle_bgnzr_s002@cc56eea+dirty
827,499,0.3176383891715557,0.31828797533173475,0.45261179078510083,0.007511452643284425,0.0016411189750637455,0.06304896162028392,0.19209218776769701,0.25297181201493674,bgn_gam_oracle_bgnzr_s002@cc56eea+dirty
828,499,0.31265919123643465,0.31325010505454454,0.13385901231170055,0.0072112976246858414,0.0014707975483149525,0.061533842107878316,0.18346386671982265,0.25317341778479147,bgn_gam_oracle_bgnzr_s002@cc56eea+dirty
829,498,0.314777534465575,0.31591011896911225,0.20300560465342624,0.007249543396811928,0.0015090411582172258,0.06167392077880142,0.18524853016117862,0.25449534038435584,bgn_gam_oracle_bgnzr_s002@cc56eea+dirty
830,498,0.31188649598058993,0.31241491464771326,-0.0143972249909931,0.007073816485814223,0.001442982883122456,0.06091663529284077,0.179291686291439,0.25520124921681475,bgn_gam_oracle_bgnzr_s002@cc56eea+dirty
831,498,0.31286823900088573,0.31393070860082617,0.06435670454894649,0.007125084209778578,0.0014766868065474424,0.06107565505581605,0.18145501912334108,0.25487371580934604,bgn_gam_oracle_bgnzr_s002@cc56eea+dirty
832,498,0.3143688433010877,0.3153961694937794,0.10404703446193464,0.007143405817543112,0.0014924421584205957,0.06107197611374668,0.18248879099888343,0.2559797077860464,bgn_gam_oracle_bgnzr_s002@cc56eea+dirty
833,498,0.3158905517621068,0.3169352907685021,0.18480491891574502,0.00719829081433176,0.0015244120924850146,0.06130370472406434,0.18443862111127732,0.2564551339613597,bgn_gam_oracle_bgnzr_s002@cc56eea+dirty
834,498,0.3189438857792738,0.3199942722601069,0.32329342061057453,0.007291369880783622,0.00158766266293191,0.06185018115941172,0.1871566021159407,0.25825880151583974,bgn_gam_oracle_bgnzr_s002@cc56eea+dirty
835,498,0.3178552325257059,0.3184225804717685,0.2722466889051726,0.007239301191577195,0.001564975830776894,0.061733939189271184,0.18580489412234866,0.25789240036137817,bgn_gam_oracle_bgnzr_s002@cc56eea+dirty
836,499,0.318523338138044,0.31905810526572626,0.3001169576247947,0.007240834937827835,0.0015829841000286095,0.06197432980144665,0.1858063707466364,0.2587143396268677,bgn_gam_oracle_bgnzr_s002@cc56eea+dirty
837,499,0.3168873550054082,0.31742124663343674,0.20969666615809443,0.007166214941643435,0.0015444395869230424,0.06165593854400953,0.18375247851494123,0.25817169171297555,bgn_gam_oracle_bgnzr_s002@cc56eea+dirty
838,499,0.3155903871071397,0.3160679794677407,0.052604639816257126,0.007029370122934485,0.0014853676174529735,0.06119299427400893,0.17906241153176675,0.2598729405129794,bgn_gam_oracle_bgnzr_s002@cc56eea+dirty
839,499,0.314063302605253,0.31453656385699397,-0.019631129755797255,0.006976125505627943,0.001452195145636764,0.060912779871502884,0.17741790690279777,0.25914984922540263,bgn_gam_oracle_bgnzr_s002@cc56eea+dirty
840,498,0.3170596673778486,0.3180313863292685,0.12118598962347042,0.007056238242093391,0.0015207668219913528,0.06140998433894329,0.18074882353336486,0.2604931773944502,bgn_gam_oracle_bgnzr_s002@cc56eea+dirty
841,498,0.32023860502900936,0.32119517234202805,0.2625291417001404,0.007137848517249065,0.0015922087675337283,0.06192673076915172,0.18364438940973904,0.26234996167190494,bgn_gam_oracle_bgnzr_s002@cc56eea+dirty
842,498,0.3176429053615091,0.31858974920817623,0.13700914020812446,0.00703646463951323,0.0015380683953907473,0.061481410543622994,0.18023279802152675,0.2615590828930094,bgn_gam_oracle_bgnzr_s002@cc56eea+dirty
843,498,0.3184637005929407,0.31895849454069825,0.21270394857115413,0.007079662749117574,0.0015667831275182735,0.061755541283935636,0.18200649341971015,0.26132884446308485,bgn_gam_oracle_bgnzr_s002@cc56eea+dirty
844,499,0.31914071928929283,0.31960979174603416,0.2073038509184677,0.007075043006643581,0.0015749510309755585,0.0618622962607735,0.1820197873115045,0.2621442269735534,bgn_gam_oracle_bgnzr_s002@cc56eea+dirty
845,499,0.32076419631634256,0.32125716454000747,0.3214188808735445,0.007121778560840563,0.001614981897005028,0.06233407518699165,0.1836572408997781,0.2629822950381832,bgn_gam_oracle_bgnzr_s002@cc56eea+dirty
846,499,0.31923851316281077,0.31971200937272204,0.19348028751260998,0.0070157624132451595,0.0015549364500296492,0.06189087649686307,0.1802427544078931,0.2634877184421658,bgn_gam_oracle_bgnzr_s002@cc56eea+dirty
847,499,0.3214101279843067,0.3218606623831461,0.25030677622229497,0.007029672420561564,0.0016041800248155164,0.06207496769092697,0.18131912797056687,0.26538244893527074,bgn_gam_oracle_bgnzr_s002@cc56eea+dirty
848,499,0.3216915967332718,0.3221328331624945,0.20907301711013565,0.006995129303669578,0.0015914947681980674,0.061957405248174086,0.18015873407707017,0.26651137676382497,bgn_gam_oracle_bgnzr_s002@cc56eea+dirty
849,498,0.31907534585797964,0.3199253029278291,0.1043783212640411,0.00690766249605148,0.0015442606557621117,0.06157275817930614,0.17732254619450175,0.2652655102825999,bgn_gam_oracle_bgnzr_s002@cc56eea+dirty
850,498,0.31845428061771486,0.31928433900015724,0.0641052629116716,0.00688380913011069,0.0015373590104463312,0.06155289790138427,0.17616568528363596,0.2652899925973334,bgn_gam_oracle_bgnzr_s002@cc56eea+dirty
851,497,0.31743544616105107,0.31858392985310624,-0.02001165194501639,0.006825223835923765,0.001505214066698417,0.061273619091156015,0.17400687092459488,0.2654936371186642,bgn_gam_oracle_bgnzr_s002@cc56eea+dirty
852,497,0.3171140991006351,0.31831151232165206,-0.011895256975425648,0.0068402520843286975,0.001503571092329088,0.06141333249487083,0.1740408250956475,0.26508704805862104,bgn_gam_oracle_bgnzr_s002@cc56eea+dirty
853,497,0.3214711349847024,0.3226592506655258,0.14542064291120615,0.006922907748128439,0.0015813230908554117,0.061741391384407096,0.1781408779940227,0.26759954823555193,bgn_gam_oracle_bgnzr_s002@cc56eea+dirty
854,497,0.3253179868416707,0.32647990586232317,0.31559032708277424,0.007036750870494727,0.001669751049732597,0.06236879516489819,0.18192943350297627,0.2696914418145366,bgn_gam_oracle_bgnzr_s002@cc56eea+dirty
855,497,0.3277414509333713,0.3289282210294009,0.4334381836110677,0.007111082360503111,0.0017343515629048795,0.06273662608941283,0.18470332162009304,0.27073814220093906,bgn_gam_oracle_bgnzr_s002@cc56eea+dirty
856,497,0.3288796783344657,0.3300846202546461,0.4958351785698685,0.0071473465139298715,0.0017605320531040457,0.06308679859195135,0.18585751253622082,0.2713278973036686,bgn_gam_oracle_bgnzr_s002@cc56eea+dirty
857,497,0.3323162061400468,0.333500907681856,0.6480744752829398,0.007248743225382447,0.0018472509197644306,0.063844554467338,0.18882742835008226,0.2734561448678903,bgn_gam_oracle_bgnzr_s002@cc56eea+dirty
858,496,0.32950391189798056,0.3310495324593131,0.554863773556321,0.007148582023842552,0.001800990374482071,0.06346423493855115,0.18617679160763312,0.2718658312895537,bgn_gam_oracle_bgnzr_s002@cc56eea+dirty
859,496,0.33056768802930364,0.33207554086712837,0.5869641108176505,0.00715705500254948,0.001854581683878364,0.06379211350222366,0.18647099062879485,0.27295341364957304,bgn_gam_oracle_bgnzr_s002@cc56eea+dirty
860,496,0.33234052458189334,0.3338859597610429,0.6711610461076435,0.007207387518956591,0.0019016746765680734,0.06424060474414202,0.1880103816773458,0.27404802619414503,bgn_gam_oracle_bgnzr_s002@cc56eea+dirty
861,496,0.3320897298817346,0.3335291218435383,0.6319179080661753,0.007165887838838053,0.0019066057892627953,0.06419613149309986,0.18675287899123577,0.274603260871768,bgn_gam_oracle_bgnzr_s002@cc56eea+dirty
862,496,0.3305857466257873,0.3319622551652535,0.5389166959096333,0.007077538156251136,0.0018750031698077587,0.06377640905819901,0.1847385170902557,0.2741507179918056,bgn_gam_oracle_bgnzr_s002@cc56eea+dirty
863,496,0.3314164394311449,0.33281316389816085,0.6113200804970574,0.007152526578237822,0.0018995331990971484,0.06413404088783382,0.18618721653827086,0.2741736251409839,bgn_gam_oracle_bgnzr_s002@cc56eea+dirty
864,496,0.3310619556928176,0.3324345975492341,0.5921092963709639,0.0071338880230615576,0.0019019544096036364,0.06421149326910035,0.18555754641460345,0.27417223687993175,bgn_gam_oracle_bgnzr_s002@cc56eea+dirty
865,495,0.33081315882520756,0.3324656181426785,0.5767644848884784,0.007101184642754322,0.0018954569088296502,0.06411792932011526,0.1849854268653713,0.274258523840825,bgn_gam_oracle_bgnzr_s002@cc56eea+dirty
866,495,0.32966501653625524,0.33100916490534255,0.5056774254377546,0.0070480810332901244,0.0018718624328596493,0.06398397879469955,0.1830246677633849,0.27419152816590087,bgn_gam_oracle_bgnzr_s002@cc56eea+dirty
867,496,0.33061847175042536,0.33194991187157197,0.5507445860382678,0.007078137207437997,0.001890671322835535,0.06431935412463395,0.18382896790023134,0.2748008086293098,bgn_gam_oracle_bgnzr_s002@cc56eea+dirty
868,496,0.33047417186508665,0.33178142411679157,0.5121793672615554,0.007049675392468777,0.0018937369731657344,0.06439755301138571,0.18274663022449653,0.2753485925359089,bgn_gam_oracle_bgnzr_s002@cc56eea+dirty
869,496,0.3292046361286898,0.33051696888382337,0.4411858666870493,0.00699009096025912,0.0018579012997775757,0.06415945085914657,0.18087043600649316,0.2750664971010539,bgn_gam_oracle_bgnzr_s002@cc56eea+dirty
870,496,0.32848746960605896,0.3297420683702047,0.4056685818926717,0.006944983682495678,0.001843043408451775,0.06413729720839854,0.1795092628632824,0.27510078559406637,bgn_gam_oracle_bgnzr_s002@cc56eea+dirty
871,496,0.32924719281402787,0.33055876181793137,0.47135764230232247,0.006954863950644107,0.0018506675514327086,0.0643400911180164,0.1804688412789704,0.27538102930910735,bgn_gam_oracle_bgnzr_s002@cc56eea+dirty
872,496,0.33193630352925413,0.3332751362301828,0.6337700695990731,0.007072037920218988,0.001943240566769595,0.06510589054945169,0.18402789803100994,0.2762524974492599,bgn_gam_oracle_bgnzr_s002@cc56eea+dirty
873,496,0.33362722605469236,0.3350204185109795,0.7446451290469566,0.00716576110907336,0.002010617546644054,0.0658751140364223,0.18681125962155012,0.2764211989764146,bgn_gam_oracle_bgnzr_s002@cc56eea+dirty
874,496,0.32759077999173897,0.3289148291787346,0.47282191946398844,0.0069608948286355625,0.0018572550413144668,0.06473346143262512,0.18029810727125903,0.2735110814025595,bgn_gam_oracle_bgnzr_s002@cc56eea+dirty
875,496,0.32944002858231963,0.3306387183861831,0.5185552647145597,0.006985897980272289,0.0019070058246482271,0.0650073515688625,0.1814598543781565,0.2749600947071735,bgn_gam_oracle_bgnzr_s002@cc56eea+dirty
876,496,0.3295307923124993,0.3306971205868615,0.5237550451518792,0.006981810762763657,0.001915151785924844,0.06522541517054815,0.18092159370522345,0.2754231653533624,bgn_gam_oracle_bgnzr_s002@cc56eea+dirty
877,496,0.33085088807441815,0.3319528821487955,0.5727427832670604,0.007016719629400744,0.0019627367028645657,0.06559759726385853,0.1818609869373507,0.276385404046241,bgn_gam_oracle_bgnzr_s002@cc56eea+dirty
878,496,0.3330075095642488,0.3342124613439848,0.7370983053566664,0.007135350175183366,0.002039210153099899,0.06642185699199847,0.18550445791269224,0.27655396854990427,bgn_gam_oracle_bgnzr_s002@cc56eea+dirty
879,496,0.3354997319218961,0.33670905480216,0.8872173123954794,0.007244550548065934,0.002143319605429804,0.06729215204962363,0.1887811839548325,0.277347678382704,bgn_gam_oracle_bgnzr_s002@cc56eea+dirty
880,496,0.335194715484666,0.3364594520034479,0.9304967900725915,0.007293072353866423,0.0021709485729544805,0.06770775915430854,0.18998029030328023,0.27615753943198357,bgn_gam_oracle_bgnzr_s002@cc56eea+dirty
881,495,0.3343675622937444,0.3359066697822407,0.8767323434413973,0.007245224783025854,0.0021326961653371406,0.06750857661090386,0.1886430445142776,0.27607149159347355,bgn_gam_oracle_bgnzr_s002@cc56eea+dirty
882,495,0.3333222273294034,0.3348463076604297,0.8147692758218629,0.007170961707410057,0.0020886599939642825,0.06723762640708984,0.18678155428526239,0.2760731030191389,bgn_gam_oracle_bgnzr_s002@cc56eea+dirty
883,494,0.33349596912893,0.3353354971498508,0.8345703553784298,0.007209356514771611,0.0021140477597714814,0.0675425975848924,0.18751414732150767,0.27578615987669164,bgn_gam_oracle_bgnzr_s002@cc56eea+dirty
884,494,0.3330842152563934,0.33488665556635844,0.8783711970548789,0.007245249146830035,0.0021614341666975653,0.06819648424315929,0.18808340518279695,0.27489948553573407,bgn_gam_oracle_bgnzr_s002@cc56eea+dirty
885,493,0.33059047159950383,0.33245846693117503,0.7462701081766532,0.007116428737149851,0.0020771462347364783,0.06737392405783424,0.18507600801145851,0.2739286972387612,bgn_gam_oracle_bgnzr_s002@cc56eea+dirty
886,494,0.3328780310996241,0.3346057959064369,0.8834222927398747,0.007203004008973219,0.0021891482607340777,0.06827597013336051,0.18728857027168944,0.27519225104342737,bgn_gam_oracle_bgnzr_s002@cc56eea+dirty
887,493,0.3338427280851678,0.33582584039167973,1.0430838753187304,0.007315801103802129,0.0022533585037256333,0.06925849467064223,0.19076786802664292,0.2739682237485155,bgn_gam_oracle_bgnzr_s002@cc56eea+dirty
888,493,0.33340335312754515,0.3354468188797385,1.0837287479499327,0.007350605128150734,0.0022762403480534425,0.06954434126726028,0.19171027767392404,0.27277273564430427,bgn_gam_oracle_bgnzr_s002@cc56eea+dirty
889,493,0.3358784856426789,0.3380909039608537,1.236981606764771,0.007477267030087346,0.002367455919415226,0.07056063518787561,0.19461350196452273,0.27375160633450896,bgn_gam_oracle_bgnzr_s002@cc56eea+dirty
890,493,0.33751325503924606,0.33961582350644,1.3094660400145883,0.007539244590376836,0.002427276438262941,0.07119628206060023,0.19638383413246663,0.27449697087330305,bgn_gam_oracle_bgnzr_s002@cc56eea+dirty
891,493,0.3340907776665817,0.3362846323809451,1.216235980443966,0.007451270746392515,0.0023664649743531897,0.07084149171845266,0.19376989530499708,0.272157813401254,bgn_gam_oracle_bgnzr_s002@cc56eea+dirty
892,493,0.33465815544237393,0.33720079034147166,1.245722645281575,0.0074734342090529505,0.00238796628497853,0.07119974396205181,0.19463208030735568,0.2722396633837971,bgn_gam_oracle_bgnzr_s002@cc56eea+dirty
893,494,0.3383487270169088,0.3402282069723094,1.4521781388991462,0.00764626664890511,0.0025767228809488586,0.07292196480914782,0.19850498428724922,0.27399932899020324,bgn_gam_oracle_bgnzr_s002@cc56eea+dirty
894,494,0.33693975176436824,0.33876547383524636,1.330871418722072,0.007512038339975423,0.0025026496913528092,0.07218398005918548,0.19556199381001052,0.27437912255870983,bgn_gam_oracle_bgnzr_s002@cc56eea+dirty
895,493,0.3333554631943163,0.33537223054448634,1.1410935970855287,0.007326947889758954,0.0023781509789357236,0.070921461726552,0.19108607703514977,0.2731519284296085,bgn_gam_oracle_bgnzr_s002@cc56eea+dirty
896,493,0.3357332594420922,0.3375406771044525,1.2043552498839911,0.007374410657137874,0.0024309119946207295,0.0714133613474003,0.19236824710746708,0.2751568261926491,bgn_gam_oracle_bgnzr_s002@cc56eea+dirty
897,493,0.33188306713943544,0.3336641680895635,0.9728769939034256,0.00713896941079385,0.0022772573191933844,0.06997252256182745,0.18621075472312373,0.2747215409816341,bgn_gam_oracle_bgnzr_s002@cc56eea+dirty
898,492,0.33144375351893024,0.3333250055905249,0.8663471204104695,0.007005973762607695,0.0022164497672509434,0.06933940059177297,0.18274281373216575,0.27651406072018897,bgn_gam_oracle_bgnzr_s002@cc56eea+dirty
