month,n,sr_max,sr_max_code,rf,mean_mu,sd_mu,mean_idio_sd,sr_ew,sr_orth,prov
414,493,0.3600203573822673,0.36170890055971744,-0.1183411578007822,0.003015322304237915,0.0006630103262309916,0.17579085512742212,0.3311903475202388,0.1411651920236675,gs_bx_oracle_g28_s000@c60eee5+dirty
415,493,0.35236333887332105,0.35391363503887474,-0.13447858840997975,0.0028936314621525456,0.000640410824858279,0.17541962875506434,0.3234753525492829,0.13972694398387175,gs_bx_oracle_g28_s000@c60eee5+dirty
416,493,0.3420501022045079,0.3436843524778819,-0.15061601901917732,0.002765286996951035,0.000619161883047909,0.17550876646867936,0.3133236664259258,0.1372098847588229,gs_bx_oracle_g28_s000@c60eee5+dirty
417,493,0.3402256299210981,0.3417785877993665,-0.15061601901917732,0.0027578982885433584,0.0006217182858065238,0.17617545877819765,0.3112561878724597,0.1373792734232937,gs_bx_oracle_g28_s000@c60eee5+dirty
418,493,0.3614936561991658,0.3630165148328348,-0.11296201426438299,0.0030465128962475496,0.0006694524800790486,0.17505115175353989,0.3343601039871018,0.13740809413558988,gs_bx_oracle_g28_s000@c60eee5+dirty
419,493,0.36491298828394475,0.36646563035331786,-0.10220372719158463,0.003112579239980716,0.0006854118942195748,0.1744903613373121,0.33864836997829895,0.13593664159953175,gs_bx_oracle_g28_s000@c60eee5+dirty
420,493,0.3524804807428796,0.354120567120339,-0.12909944487358058,0.002916681137088094,0.0006563890589719708,0.17527596154460492,0.3254749987784076,0.1353089593298503,gs_bx_oracle_g28_s000@c60eee5+dirty
421,493,0.34628669477680046,0.3479361115907375,-0.13985773194637893,0.0028321461428939864,0.0006408157074377181,0.17523992035756242,0.31912267637170944,0.13444401215672705,gs_bx_oracle_g28_s000@c60eee5+dirty
422,493,0.3505681694873232,0.35222639776791625,-0.12909944487358058,0.002909473945221114,0.0006566103836570502,0.17571596769852485,0.32395954587085285,0.1339710942585876,gs_bx_oracle_g28_s000@c60eee5+dirty
423,493,0.35386335581882433,0.355488022387137,-0.12372030133718138,0.002940157219900562,0.0006638550433539043,0.17495209655886954,0.32709049904885185,0.13502251672714782,gs_bx_oracle_g28_s000@c60eee5+dirty
424,493,0.35504985690788143,0.35677618904963015,-0.1183411578007822,0.002974735116785279,0.0006756309384743256,0.17563319237596284,0.32789050090631644,0.136191851098779,gs_bx_oracle_g28_s000@c60eee5+dirty
425,493,0.35805122605051565,0.35986127001875107,-0.11296201426438299,0.0030138961108507564,0.0006772700986373242,0.17516606067416288,0.331043736089747,0.1364211320581213,gs_bx_oracle_g28_s000@c60eee5+dirty
426,493,0.35992633135362406,0.3617172643572262,-0.10758287072798381,0.003053599009886233,0.0006864727378832567,0.17552008951941198,0.33284197703369295,0.13697876596750824,gs_bx_oracle_g28_s000@c60eee5+dirty
427,493,0.3581396378073162,0.3599841776929702,-0.11296201426438299,0.003012743594336135,0.0006766752951881172,0.17524841743007868,0.33066064402481843,0.1375773915359931,gs_bx_oracle_g28_s000@c60eee5+dirty
428,493,0.35373596049979356,0.35562426021250076,-0.12372030133718138,0.002935646145172718,0.0006693261721918594,0.17512700134717574,0.3260818077280771,0.1371123058645753,gs_bx_oracle_g28_s000@c60eee5+dirty
429,493,0.3543896295555141,0.3562585419916509,-0.12372030133718138,0.0029359303822699915,0.0006732823919412704,0.17512399523264388,0.32589977076987736,0.13921691329948352,gs_bx_oracle_g28_s000@c60eee5+dirty
430,493,0.35188882496027307,0.35370582388549676,-0.12909944487358058,0.0028985792689599998,0.0006666739910107617,0.17555698121462132,0.3224346108706609,0.14093142603623646,gs_bx_oracle_g28_s000@c60eee5+dirty
431,493,0.3546016338959164,0.356624622864458,-0.12372030133718138,0.002937067280627665,0.0006788722285793183,0.17522865060689968,0.3254823325927897,0.14072515742258088,gs_bx_oracle_g28_s000@c60eee5+dirty
432,493,0.3619798402605899,0.36395201436493574,-0.10758287072798381,0.003051505156811168,0.0006974470983762302,0.1746144812926971,0.33358757387980076,0.14053019358155974,gs_bx_oracle_g28_s000@c60eee5+dirty
433,493,0.3667905074878206,0.36885013644769665,-0.08606629658238704,0.0031918078033772667,0.0007266514355665374,0.17492346899461736,0.3397169805080274,0.13830274595134223,gs_bx_oracle_g28_s000@c60eee5+dirty
434,493,0.3378284851424876,0.33997512476927366,-0.15061601901917732,0.002728328930009782,0.0006351428865018036,0.17647624682728869,0.30739507388035664,0.14012977530759851,gs_bx_oracle_g28_s000@c60eee5+dirty
435,493,0.3610415150960751,0.363132709819065,-0.10758287072798381,0.0030542836697025114,0.0007034112619088317,0.17558981353289727,0.33245198938782783,0.1408071389345904,gs_bx_oracle_g28_s000@c60eee5+dirty
436,493,0.37005485761448953,0.3718591212506434,-0.06992886597318951,0.0032994826755971323,0.0007482316160802477,0.17393377914848016,0.3445707134225806,0.13495043940474574,gs_bx_oracle_g28_s000@c60eee5+dirty
437,493,0.3703992087139143,0.3722192982331434,-0.05917057890039106,0.003358144559700057,0.0007607766856420013,0.17265122737265926,0.34672602212294035,0.13029443349082923,gs_bx_oracle_g28_s000@c60eee5+dirty
438,493,0.3695667674594531,0.37122249354669157,-0.053791435363991884,0.003394255157560699,0.0007625858391995307,0.17260418176704956,0.34725612064579114,0.12646257266268635,gs_bx_oracle_g28_s000@c60eee5+dirty
439,493,0.3619045475176544,0.36332748837258555,-0.02689571768199598,0.0035264900838705665,0.0007828700530488767,0.17180766273656642,0.3431916633423818,0.11486680863612174,gs_bx_oracle_g28_s000@c60eee5+dirty
440,493,0.3542934834320275,0.35560315619189214,-0.010758287072798361,0.0035905674426210447,0.0007890016107457577,0.17011093170895109,0.33852365864463646,0.10452561858343626,gs_bx_oracle_g28_s000@c60eee5+dirty
441,493,0.3620079653027018,0.36335005892611516,-0.02689571768199598,0.0035320418752543014,0.0007807362000963052,0.17185006134353437,0.34351330492588356,0.11422948954407128,gs_bx_oracle_g28_s000@c60eee5+dirty
442,493,0.36936906208466813,0.37082133959655034,-0.048412291827592706,0.0034412903143377295,0.0007648092850183406,0.17262332263573332,0.3481851819226919,0.12329064487936378,gs_bx_oracle_g28_s000@c60eee5+dirty
443,493,0.3687052447865113,0.3701822767863025,-0.04303314829119352,0.0034716789229475523,0.0007638628248572906,0.17230022647912205,0.34816960731541374,0.12133211477144791,gs_bx_oracle_g28_s000@c60eee5+dirty
444,493,0.3714411071994964,0.3730482657768783,-0.05917057890039106,0.0033873431551457397,0.0007525922408910984,0.17300272549611348,0.3487934918532658,0.1277168593349899,gs_bx_oracle_g28_s000@c60eee5+dirty
445,493,0.3714083230863707,0.3730884960678225,-0.08068715304598786,0.0032577217657335667,0.0007362223530471505,0.17309641706125595,0.34680427763575633,0.1329320708910049,gs_bx_oracle_g28_s000@c60eee5+dirty
446,493,0.37136363252841703,0.37301853590515605,-0.06454972243679032,0.0033489262282073995,0.0007558814587275821,0.1722228485982908,0.34988088936382705,0.12447614559697195,gs_bx_oracle_g28_s000@c60eee5+dirty
447,493,0.3672519703821005,0.36872278300829725,-0.03765400475479434,0.0034978897698852126,0.000770573937602132,0.17148251358119954,0.34887344049041263,0.11472284981605774,gs_bx_oracle_g28_s000@c60eee5+dirty
448,493,0.35411575919259797,0.35534755278969143,-0.010758287072798361,0.003605695166330863,0.000787018775946747,0.17058491225788414,0.3393405991150092,0.10122217494608904,gs_bx_oracle_g28_s000@c60eee5+dirty
449,493,0.362037944331142,0.36344867604837333,-0.02689571768199598,0.0035368625011696028,0.0007811556542625905,0.17165180863165858,0.3447688768196685,0.11048029105692715,gs_bx_oracle_g28_s000@c60eee5+dirty
450,493,0.3427422209929504,0.3438566078595948,0.005379143536399181,0.003645074873235401,0.0007896260587260516,0.1695596700511863,0.3296375654681455,0.09386855428424652,gs_bx_oracle_g28_s000@c60eee5+dirty
451,493,0.3507984508290538,0.35195480889016095,-0.005379143536399181,0.00361513511007841,0.0007859093029992081,0.17029338777953484,0.33596579255490755,0.10092838717138458,gs_bx_oracle_g28_s000@c60eee5+dirty
452,493,0.35728210184351505,0.35864338532038986,-0.01613743060919754,0.0035742431628718496,0.0007829327066876445,0.17064666666657624,0.3410772615263414,0.10638045857868632,gs_bx_oracle_g28_s000@c60eee5+dirty
453,493,0.35757366950976577,0.35902234398474975,-0.01613743060919754,0.0035826966366230384,0.000774177283830404,0.17076722325329782,0.34147004727128794,0.1060996510042497,gs_bx_oracle_g28_s000@c60eee5+dirty
454,493,0.36716552992661255,0.36888282201884526,-0.04303314829119352,0.0034705649633826243,0.0007521299280859292,0.17336673977790287,0.3471160394965177,0.11967030329426834,gs_bx_oracle_g28_s000@c60eee5+dirty
455,493,0.3617970102382572,0.3634288501085666,-0.02689571768199598,0.003541421011595691,0.0007737595669614867,0.17214869489638812,0.3446401719480645,0.11009190931648936,gs_bx_oracle_g28_s000@c60eee5+dirty
456,493,0.35298932541294653,0.35455027575943476,-0.010758287072798361,0.003608522904456052,0.0007832303330500509,0.17202842546146055,0.33771674725219164,0.10270765541519472,gs_bx_oracle_g28_s000@c60eee5+dirty
457,493,0.327554641432762,0.3286680507680715,0.021516574145596722,0.0036899154832759538,0.0007888540103093789,0.1694454727881303,0.3170116314251901,0.08243584575465142,gs_bx_oracle_g28_s000@c60eee5+dirty
458,493,0.3217205602821271,0.32271100155456955,0.02689571768199598,0.0037014081260500274,0.0007899531223100659,0.16971284973771825,0.311715329780441,0.07960949747433851,gs_bx_oracle_g28_s000@c60eee5+dirty
459,493,0.3157551040302855,0.31672080851821316,0.03227486121839516,0.0037073293995479955,0.000792121051477544,0.16961802659193692,0.3062722333611136,0.07680237491882658,gs_bx_oracle_g28_s000@c60eee5+dirty
460,493,0.3212076310929208,0.3222587942409195,0.02689571768199598,0.0037053231514057356,0.0007978604193346467,0.1703212233391107,0.3113045375510672,0.0791443439068269,gs_bx_oracle_g28_s000@c60eee5+dirty
461,493,0.3322279266465639,0.3334180502258902,0.01613743060919754,0.003694266004713339,0.0007902313241636977,0.1708174685925786,0.3210187302571918,0.08557084823662195,gs_bx_oracle_g28_s000@c60eee5+dirty
462,493,0.3525808297195953,0.3541289914148704,-0.010758287072798361,0.0036231748710637912,0.0007815929767511563,0.17287045853561947,0.3374304051047787,0.10224462429185817,gs_bx_oracle_g28_s000@c60eee5+dirty
463,493,0.3365312958552322,0.33784221159952493,0.010758287072798361,0.0036748633254619304,0.000795894461216858,0.17172255568992295,0.3239423110714879,0.09118493399496001,gs_bx_oracle_g28_s000@c60eee5+dirty
464,493,0.3313119772965458,0.3325277743152644,0.01613743060919754,0.0036853192267936744,0.0007987808023774342,0.17190650760166248,0.31933046959200767,0.08829313387967812,gs_bx_oracle_g28_s000@c60eee5+dirty
465,493,0.34440486865065445,0.34582496466378354,0.0,0.0036378647375328223,0.0007917719316314592,0.17258042474036475,0.3301427643533693,0.09808398796638629,gs_bx_oracle_g28_s000@c60eee5+dirty
466,493,0.3546530708077193,0.35627674935789916,-0.01613743060919754,0.0035812093688312534,0.0007852137862031973,0.1728901665026807,0.3386148645896754,0.10544559787995401,gs_bx_oracle_g28_s000@c60eee5+dirty
467,492,0.3605805951147379,0.3624833090603654,-0.03227486121839516,0.0035119787547079778,0.0007631599897146128,0.17439130663923408,0.3423094783989026,0.11332513653894177,gs_bx_oracle_g28_s000@c60eee5+dirty
468,492,0.349857626239311,0.35147790227846576,-0.010758287072798361,0.003592130707355881,0.000785295748979344,0.17337752665453357,0.3347847294709234,0.1015851541854717,gs_bx_oracle_g28_s000@c60eee5+dirty
469,492,0.34320789457936074,0.3447251226047895,0.0,0.0036289258349528042,0.0007896741685682935,0.17225269594912465,0.33018854032475853,0.09363325659082306,gs_bx_oracle_g28_s000@c60eee5+dirty
470,492,0.35691326917396643,0.3588496776478482,-0.02689571768199598,0.003526803432780896,0.0007742864421387252,0.17448058461883162,0.3401825786753647,0.10799488357430416,gs_bx_oracle_g28_s000@c60eee5+dirty
471,492,0.34923128752168936,0.3508829647516334,-0.010758287072798361,0.0035794660231396997,0.0007845540127623352,0.17325470341880705,0.33434452351102245,0.10087731054228304,gs_bx_oracle_g28_s000@c60eee5+dirty
472,492,0.36353584965511665,0.36549756912291853,-0.048412291827592706,0.003415981901023301,0.0007530436822820951,0.17476447196172573,0.34363057943153585,0.11864374768193431,gs_bx_oracle_g28_s000@c60eee5+dirty
473,492,0.36443924566967706,0.36639031075769746,-0.048412291827592706,0.003417222474433446,0.0007547229469478627,0.17392168080994325,0.34512502551148483,0.11706699171833272,gs_bx_oracle_g28_s000@c60eee5+dirty
474,492,0.3655464387223901,0.36790393743091815,-0.07530800950958869,0.0032750040378158973,0.0007256703777052266,0.17510621321211176,0.34374604045236945,0.12434974280608743,gs_bx_oracle_g28_s000@c60eee5+dirty
475,492,0.3649557690231831,0.36730615505445924,-0.08068715304598786,0.003235586826956694,0.0007194671536164902,0.17505706579496907,0.34228410809350734,0.1266266270968913,gs_bx_oracle_g28_s000@c60eee5+dirty
476,492,0.3654040644168045,0.36786966075140604,-0.08068715304598786,0.003229474391866362,0.0007211264464938756,0.17454886177895687,0.3425831907803749,0.12710974662494398,gs_bx_oracle_g28_s000@c60eee5+dirty
477,492,0.36348276992800543,0.3661898673363806,-0.09144544011878622,0.0031624642833983953,0.0007054826237880311,0.17478837963288518,0.3398152857801419,0.12901664847877511,gs_bx_oracle_g28_s000@c60eee5+dirty
478,492,0.36614336434212114,0.3687161408747083,-0.07530800950958869,0.0032597723041116744,0.0007272552937365082,0.1738504437595904,0.3443571969072846,0.12441496770857137,gs_bx_oracle_g28_s000@c60eee5+dirty
479,492,0.36754929746088094,0.369817659370541,-0.06454972243679032,0.003322890517760603,0.000735369972997409,0.17263681492690058,0.3474378211436504,0.11991432984818758,gs_bx_oracle_g28_s000@c60eee5+dirty
480,492,0.36576737223310973,0.3678078993113915,-0.048412291827592706,0.003410295413189562,0.0007494022236515719,0.1723116407690186,0.3472283344998621,0.11497066717544134,gs_bx_oracle_g28_s000@c60eee5+dirty
481,492,0.36615928823654753,0.3683422575809853,-0.048412291827592706,0.0034163557773927897,0.0007481662412916491,0.1723711798295298,0.3475403685377673,0.11527496084808692,gs_bx_oracle_g28_s000@c60eee5+dirty
482,492,0.3676737371654502,0.369718615356438,-0.053791435363991884,0.0033817089396754353,0.0007433767510278449,0.1714588041812475,0.348823150044735,0.11621698238242484,gs_bx_oracle_g28_s000@c60eee5+dirty
483,492,0.36973835138406186,0.3717486483011884,-0.06992886597318951,0.0032981400515123944,0.0007302710167656569,0.17144361925989574,0.3492409945489077,0.12139677182978878,gs_bx_oracle_g28_s000@c60eee5+dirty
484,491,0.3689528259184023,0.3714265799803541,-0.05917057890039106,0.0033581112695968886,0.0007420408934443828,0.1711601658477682,0.3498723438762958,0.11711332436440312,gs_bx_oracle_g28_s000@c60eee5+dirty
485,491,0.361247302554461,0.3632079535036927,-0.02689571768199598,0.0035067026589491682,0.0007698920796053094,0.16917584238587643,0.34597009122476424,0.103943780866402,gs_bx_oracle_g28_s000@c60eee5+dirty
486,491,0.3672846736151712,0.36936651104552654,-0.048412291827592706,0.00341557059658796,0.0007560839413457026,0.1707017958968719,0.3498544841545697,0.11180282371006013,gs_bx_oracle_g28_s000@c60eee5+dirty
487,491,0.36847563857349225,0.37077096374579566,-0.06454972243679032,0.0033359231352331257,0.0007299464194456875,0.1712468702859488,0.35082824812370705,0.11266692744809151,gs_bx_oracle_g28_s000@c60eee5+dirty
488,491,0.3692517939514716,0.37150494587589983,-0.05917057890039106,0.003368177554678291,0.0007334750482043177,0.17104642488426647,0.3510026723599852,0.11464733460717232,gs_bx_oracle_g28_s000@c60eee5+dirty
489,491,0.3661037927294054,0.3683885971707444,-0.04303314829119352,0.003457632896467372,0.0007473007232742195,0.17142585265641447,0.3489805714960157,0.11065508469641029,gs_bx_oracle_g28_s000@c60eee5+dirty
490,491,0.3683245214379853,0.3704989477597069,-0.053791435363991884,0.0034062050708394426,0.000737178254510986,0.1718139180910204,0.350123607627575,0.11435214241269284,gs_bx_oracle_g28_s000@c60eee5+dirty
491,491,0.36741444593253064,0.3695099760810091,-0.048412291827592706,0.0034230611765955913,0.0007424926423753287,0.1711434116377834,0.34969359246991144,0.11272872954751151,gs_bx_oracle_g28_s000@c60eee5+dirty
492,491,0.36955120709695083,0.37174541975965464,-0.06454972243679032,0.0033370736748026867,0.0007315037929147055,0.17163080382428836,0.34972564050900495,0.11941553934635002,gs_bx_oracle_g28_s000@c60eee5+dirty
493,491,0.36781338512799344,0.37028452828645625,-0.08606629658238704,0.0032037490923470958,0.0007115880074612283,0.17221130644466656,0.3457377115587122,0.12550745430235744,gs_bx_oracle_g28_s000@c60eee5+dirty
494,491,0.36612539345397394,0.3684801676137155,-0.09144544011878622,0.0031738507183261175,0.0007001927972621358,0.17295967966446069,0.34366202077484104,0.126270420957483,gs_bx_oracle_g28_s000@c60eee5+dirty
495,491,0.3689868497209477,0.3713187514544022,-0.06454972243679032,0.003331580274920502,0.0007322967859882756,0.17228220708865055,0.348062382534348,0.12249029811173795,gs_bx_oracle_g28_s000@c60eee5+dirty
496,491,0.3632346803824418,0.3651087255936136,-0.03227486121839516,0.00349683124268238,0.0007585695612312546,0.17107451854880226,0.34583698752605596,0.11106849729530532,gs_bx_oracle_g28_s000@c60eee5+dirty
497,491,0.36112905830106057,0.3628447980725827,-0.02689571768199598,0.003526024584703972,0.0007608029828985964,0.17142692671957874,0.3439069781842715,0.11019159271729302,gs_bx_oracle_g28_s000@c60eee5+dirty
498,491,0.3207072356690229,0.3217938074260701,0.02689571768199598,0.0036737291737638043,0.0007836833432765875,0.16917182161041647,0.31081921384950506,0.07902244815520368,gs_bx_oracle_g28_s000@c60eee5+dirty
499,491,0.28750735664343696,0.2882930703627907,0.053791435363991884,0.0036611948957772002,0.0007741451944866324,0.1677895255841411,0.28069332161626814,0.06222330209915494,gs_bx_oracle_g28_s000@c60eee5+dirty
500,491,0.26316346550055675,0.2638051276515908,0.06992886597318951,0.003589940582844087,0.0007547865630341713,0.1664614548626027,0.2580786055017197,0.051482452899511956,gs_bx_oracle_g28_s000@c60eee5+dirty
501,491,0.2543671802914966,0.2549506137157912,0.07530800950958869,0.003547473090540477,0.0007472896841629706,0.16573977951096636,0.24973742678608013,0.04831024810238491,gs_bx_oracle_g28_s000@c60eee5+dirty
502,491,0.22582610743843934,0.22625897395775882,0.09144544011878622,0.0033598981186667306,0.0007057867334046778,0.1632823805826911,0.22253725005787492,0.03840056168178268,gs_bx_oracle_g28_s000@c60eee5+dirty
503,491,0.22588551483489097,0.22631649581478,0.09144544011878622,0.003354880870806308,0.0007038214351906321,0.16288949545113368,0.22261761643990646,0.038283973968730525,gs_bx_oracle_g28_s000@c60eee5+dirty
504,491,0.20512470469342495,0.2055024924287207,0.10220372719158459,0.003188706663741471,0.0006731561320122876,0.16229391747540828,0.20247747814215705,0.032848368616372775,gs_bx_oracle_g28_s000@c60eee5+dirty
505,491,0.20510514786292183,0.20547180751848565,0.10220372719158459,0.0031834461184370687,0.0006718960735950581,0.16206065109441806,0.20250453419239267,0.03255818347809184,gs_bx_oracle_g28_s000@c60eee5+dirty
506,491,0.19431784898857318,0.194638135182966,0.10758287072798377,0.003080718346459997,0.0006533296514209289,0.16158767636011165,0.1920183879682756,0.029805454494282114,gs_bx_oracle_g28_s000@c60eee5+dirty
507,491,0.2257386835377124,0.22618160647735056,0.09144544011878622,0.003348137436547402,0.0007092196424942376,0.1628861997984115,0.22255040773897977,0.03780567762325282,gs_bx_oracle_g28_s000@c60eee5+dirty
508,491,0.2718309511985009,0.27250081616875466,0.06454972243679032,0.003586121173185163,0.0007637054927990278,0.1646265411905766,0.2665771900720718,0.053185221281482814,gs_bx_oracle_g28_s000@c60eee5+dirty
509,491,0.2155455121449189,0.21593284603696122,0.09682458365518541,0.003271534478486029,0.0006943180505124483,0.16225274823285568,0.21280393193070968,0.03426885409005189,gs_bx_oracle_g28_s000@c60eee5+dirty
510,491,0.1942445705208839,0.19456269425356829,0.10758287072798377,0.003085508218316466,0.0006559976870323681,0.1617693352792035,0.19209262591507123,0.02883359578504109,gs_bx_oracle_g28_s000@c60eee5+dirty
511,491,0.16033748206520249,0.16056620205565025,0.12372030133718138,0.0026818824398088087,0.000569303513703809,0.1596919350613036,0.15885199864752106,0.021775001278922936,gs_bx_oracle_g28_s000@c60eee5+dirty
512,491,0.13656557405237416,0.13674874791290895,0.13447858840997975,0.002349598709661467,0.0005005561948494432,0.15856898234513736,0.1354090488673175,0.01773543067148099,gs_bx_oracle_g28_s000@c60eee5+dirty
513,491,0.23533120540120334,0.23579730102969237,0.08606629658238704,0.0034119833633205403,0.0007316365063899049,0.16380161216015404,0.23181409784417395,0.04053393980697039,gs_bx_oracle_g28_s000@c60eee5+dirty
514,491,0.2449772316977573,0.24550830698621845,0.08068715304598786,0.003476268152538582,0.0007437479214243078,0.16450334467418348,0.24096282596375873,0.0441674150687583,gs_bx_oracle_g28_s000@c60eee5+dirty
515,491,0.27967853474912263,0.28048505690624015,0.05917057890039106,0.0036245800859135645,0.0007715859939740303,0.16670173099091812,0.27354073471124474,0.05827134161016564,gs_bx_oracle_g28_s000@c60eee5+dirty
516,491,0.23553134208002005,0.2360639863148436,0.08606629658238704,0.003426078470556624,0.0007326013106817279,0.16436667987960774,0.2317678040111388,0.041936834952935695,gs_bx_oracle_g28_s000@c60eee5+dirty
517,491,0.235448466336002,0.23599293851395656,0.08606629658238704,0.0034269821828156743,0.0007346343409652467,0.16473498636282874,0.23160754133783945,0.042354776536023105,gs_bx_oracle_g28_s000@c60eee5+dirty
518,491,0.20500187048456456,0.20541530670036534,0.10220372719158459,0.0031937353391861076,0.000678604018231832,0.1632795234702572,0.20224226779369012,0.03352360392075281,gs_bx_oracle_g28_s000@c60eee5+dirty
519,491,0.2050899197093221,0.2054861244883578,0.10220372719158459,0.003197240069758833,0.0006808062520791536,0.16314892012948776,0.2023305272334296,0.03352958269675597,gs_bx_oracle_g28_s000@c60eee5+dirty
520,491,0.18325185887056225,0.18357270029864628,0.11296201426438303,0.0029803183770043817,0.000636922845619472,0.16228962508375902,0.18110936186439647,0.027939986123610656,gs_bx_oracle_g28_s000@c60eee5+dirty
521,491,0.11199262810780289,0.11215447725001698,0.1452368754827781,0.0019701211150794412,0.00042326514807341365,0.1581963056727722,0.11103171063779457,0.014639261707398297,gs_bx_oracle_g28_s000@c60eee5+dirty
522,491,0.09940152318844665,0.09954240512051703,0.15061601901917737,0.0017580629857551627,0.00038006141540387515,0.15806634039608458,0.09852413462421206,0.013177925054174394,gs_bx_oracle_g28_s000@c60eee5+dirty
523,491,0.048004256349583274,0.04807195982873608,0.17213259316477408,0.0008404944017589865,0.00018080251566554605,0.1558634999794324,0.04760461929672754,0.0061813307054502595,gs_bx_oracle_g28_s000@c60eee5+dirty
524,491,0.12434303866073564,0.1245244020447361,0.13985773194637893,0.002183215382529118,0.00047111779027635543,0.16040619367176331,0.1231313594254341,0.017316454297279165,gs_bx_oracle_g28_s000@c60eee5+dirty
525,491,0.11199147008376983,0.11215075770627672,0.1452368754827781,0.001975336765344,0.0004268226477314096,0.15899506543278616,0.11093948694077974,0.015314033069066924,gs_bx_oracle_g28_s000@c60eee5+dirty
526,491,0.1119501128492535,0.11211008324063239,0.1452368754827781,0.0019715529511264394,0.00042919170719232027,0.15895468531122436,0.11090839079103769,0.015236686618259929,gs_bx_oracle_g28_s000@c60eee5+dirty
527,491,0.0866927404480236,0.08681213514892729,0.15599516255557655,0.0015334519457604425,0.0003338440079827817,0.1572627692631132,0.08593113189587119,0.011466116059188274,gs_bx_oracle_g28_s000@c60eee5+dirty
528,491,0.04611206772442898,0.04617856746622798,0.17751173670117326,0.0007976407617639527,0.00017294996008367314,0.1550139704026761,0.04571610262278097,0.006029987628982679,gs_bx_oracle_g28_s000@c60eee5+dirty
529,491,0.045975925235752516,0.046044751292278405,0.18827002377397165,0.0007752132853999552,0.00016742645857257095,0.15346161773104655,0.04558041627291247,0.0060175870306561656,gs_bx_oracle_g28_s000@c60eee5+dirty
530,491,0.046059992604401336,0.04612774564165028,0.18289088023757244,0.0007874813175139669,0.00016993928378299613,0.15416656653483574,0.045668001168632295,0.005996381240323596,gs_bx_oracle_g28_s000@c60eee5+dirty
531,491,0.0459813635568956,0.04604990777594973,0.18827002377397165,0.0007778511815748918,0.00016867684960476556,0.15398542570559484,0.04557683992532495,0.0060858406956403694,gs_bx_oracle_g28_s000@c60eee5+dirty
532,491,0.04589354122796079,0.04596191358683329,0.19364916731037082,0.0007683947905396347,0.00016580498329912095,0.1540175717332139,0.04547395202920116,0.006191672899019187,gs_bx_oracle_g28_s000@c60eee5+dirty
533,491,0.04570844535070647,0.04577811744591744,0.20440745438316926,0.000743204968755817,0.0001607582434318458,0.15235712826777853,0.04529026566514385,0.0061687772175052415,gs_bx_oracle_g28_s000@c60eee5+dirty
534,491,0.04578770982796394,0.04585695562558994,0.19902831084677008,0.000754353548117486,0.0001631708972373954,0.15311255029030102,0.04537549090706938,0.006130187291779085,gs_bx_oracle_g28_s000@c60eee5+dirty
535,491,0.09938186715419733,0.09951970701574937,0.15061601901917737,0.0017660011372901121,0.00038359335501812584,0.15922442276111543,0.09845527565248123,0.013539358007249218,gs_bx_oracle_g28_s000@c60eee5+dirty
536,491,0.07383440584802177,0.07393251693585016,0.16137430609197573,0.0013119970400549965,0.0002830236582596567,0.15804387814730875,0.07319226932848924,0.009716542465109924,gs_bx_oracle_g28_s000@c60eee5+dirty
537,491,0.07382101602780837,0.07391784937190783,0.16137430609197573,0.001315008747517851,0.0002811977588812643,0.15844397376393038,0.0732023021560874,0.009537576548936432,gs_bx_oracle_g28_s000@c60eee5+dirty
538,491,0.11188339059305982,0.11203200035100923,0.1452368754827781,0.0019867453105255504,0.00042686703185728254,0.16075677998306143,0.11086037324719149,0.015095387841740816,gs_bx_oracle_g28_s000@c60eee5+dirty
539,491,0.07384521132777504,0.07394390742200882,0.16137430609197573,0.0013175140330383083,0.00028065389007681717,0.1585201774443244,0.07322074304852076,0.00958321571635809,gs_bx_oracle_g28_s000@c60eee5+dirty
540,491,0.0993634095741848,0.09950202317729702,0.15061601901917737,0.001771531741509248,0.0003778773160780021,0.15972523986263729,0.09849547408486561,0.013104531544651446,gs_bx_oracle_g28_s000@c60eee5+dirty
541,491,0.04799593736556692,0.04806224821236811,0.17213259316477408,0.0008419747921155371,0.00017910632693388136,0.1563078964315471,0.04761035812740883,0.006071556849713129,gs_bx_oracle_g28_s000@c60eee5+dirty
542,491,0.04594869797978098,0.04601696044400586,0.18827002377397165,0.0007812289157482723,0.00016520189161097352,0.15493279724019593,0.045591450107336035,0.005718611994830358,gs_bx_oracle_g28_s000@c60eee5+dirty
543,491,0.045224799776715036,0.04530434239343153,0.23130317206516515,0.0006943490520378913,0.00014479249591889702,0.1505955479173145,0.04482944930737659,0.005966824083322454,gs_bx_oracle_g28_s000@c60eee5+dirty
544,491,0.045037311718995034,0.04511879745135328,0.2420614591379636,0.0006769954414224907,0.00014052163777243204,0.1498831992343668,0.044646699715379365,0.005918754210023558,gs_bx_oracle_g28_s000@c60eee5+dirty
545,491,0.0448761600467915,0.04495928419900564,0.252819746210762,0.0006596944375804887,0.0001374911742528345,0.14868981923853888,0.04447337062065141,0.005999087112505143,gs_bx_oracle_g28_s000@c60eee5+dirty
546,491,0.04522822515388537,0.04530568402495935,0.23130317206516515,0.0006952810261713182,0.00014583621015188577,0.15067856952848774,0.04483692984556641,0.005936503397986453,gs_bx_oracle_g28_s000@c60eee5+dirty
547,491,0.04558070600221601,0.0456520580073547,0.20978659791956844,0.0007358982808816427,0.00015526947169675369,0.1529418857468303,0.04520373302383435,0.005850066697941038,gs_bx_oracle_g28_s000@c60eee5+dirty
548,491,0.04531533419442153,0.045390056810602035,0.22592402852876597,0.0007064694584733483,0.00014767837730114683,0.151610707651899,0.0449235164087678,0.005946190933974414,gs_bx_oracle_g28_s000@c60eee5+dirty
549,491,0.04568674296094868,0.045755511598122765,0.20440745438316926,0.000748715138174354,0.00015757538588692088,0.15370624637170738,0.04530827155920133,0.0058684760114923705,gs_bx_oracle_g28_s000@c60eee5+dirty
550,491,0.04595349682843957,0.046019351501882515,0.18827002377397165,0.0007836534683886957,0.000164633194264855,0.15551847846671432,0.045586181347591334,0.005798615430076503,gs_bx_oracle_g28_s000@c60eee5+dirty
551,491,0.045876486059869256,0.04594539850642971,0.19364916731037082,0.0007701663571173667,0.00016229862719410634,0.1544810661854048,0.04549570569861147,0.005898536783534556,gs_bx_oracle_g28_s000@c60eee5+dirty
552,491,0.04605594978317706,0.04612280780045496,0.18289088023757244,0.0007921223476177263,0.00016722199159910185,0.1552178482947454,0.04567927401086788,0.005878302158836084,gs_bx_oracle_g28_s000@c60eee5+dirty
553,491,0.04612948279474696,0.04619400725412848,0.17751173670117326,0.0008031875596672965,0.00016850301516805921,0.15577637410340328,0.04575324302837817,0.0058796203361289184,gs_bx_oracle_g28_s000@c60eee5+dirty
554,491,0.045905235683156353,0.04597199478538513,0.19364916731037082,0.0007698450142520508,0.00016082466259665658,0.1538778403200618,0.045526499943078814,0.005884595658069957,gs_bx_oracle_g28_s000@c60eee5+dirty
555,491,0.045547147702078385,0.045618955079934874,0.21516574145596762,0.000724445694002115,0.00014998295103906193,0.1512678260454185,0.04517178695003815,0.005835437218864339,gs_bx_oracle_g28_s000@c60eee5+dirty
556,491,0.04600642142566748,0.04607019862051879,0.18827002377397165,0.0007793405290734675,0.00016209893502370696,0.1536119350901563,0.04564269180461209,0.0057736900873974805,gs_bx_oracle_g28_s000@c60eee5+dirty
557,491,0.045921661516120156,0.04598854311825178,0.19364916731037082,0.0007661765179296871,0.00015973607185782262,0.1527165837329941,0.04555289642963664,0.005807979276125897,gs_bx_oracle_g28_s000@c60eee5+dirty
558,491,0.04537011374426019,0.045444545321648995,0.22592402852876597,0.0007003447856129457,0.0001446734960657597,0.14942771269299654,0.0449809082542331,0.005930018026226594,gs_bx_oracle_g28_s000@c60eee5+dirty
559,491,0.044768195165177924,0.04485150488989347,0.26357803328356033,0.0006435735362044483,0.00013067909478905603,0.14693424022839072,0.044354129197771,0.0060747445588187525,gs_bx_oracle_g28_s000@c60eee5+dirty
560,491,0.044925286300071816,0.04500751752723643,0.252819746210762,0.0006585686215451163,0.00013486656902431685,0.14775488169802165,0.044522687662714326,0.0060009692910234095,gs_bx_oracle_g28_s000@c60eee5+dirty
561,491,0.04535771654469632,0.045435559928008455,0.22592402852876597,0.0007035443527924532,0.00014608908273719913,0.15040878098913787,0.04495676659109523,0.006017606486203843,gs_bx_oracle_g28_s000@c60eee5+dirty
562,491,0.04606612896720299,0.04613490690380255,0.18289088023757244,0.0007952208184370665,0.00016712122870922826,0.15567505351957747,0.045682070048928394,0.005936052060736806,gs_bx_oracle_g28_s000@c60eee5+dirty
563,491,0.045823980872688186,0.04589514479808382,0.19902831084677008,0.0007597608191790215,0.0001588262617304205,0.15358104080782276,0.04542740002783789,0.006015691957812243,gs_bx_oracle_g28_s000@c60eee5+dirty
564,491,0.045831694127708246,0.045903400382516266,0.19902831084677008,0.0007593930457908368,0.00015790576638063776,0.15328166137210175,0.045445045231812045,0.005940711278488764,gs_bx_oracle_g28_s000@c60eee5+dirty
565,491,0.045997052781734694,0.046068315138473204,0.18827002377397165,0.0007832590233937945,0.00016390638557578036,0.15467081828724938,0.04562136652486352,0.005866837394180094,gs_bx_oracle_g28_s000@c60eee5+dirty
566,491,0.04611690828889266,0.04618705881607704,0.17751173670117326,0.0008049022735431765,0.0001696752794506654,0.15622364485181697,0.045750587368534525,0.005801119336837103,gs_bx_oracle_g28_s000@c60eee5+dirty
567,491,0.06096110357295502,0.06105023986338713,0.1667534496283749,0.001083375059207091,0.00022857155772874478,0.157585179524255,0.06048270259183833,0.007622259246429685,gs_bx_oracle_g28_s000@c60eee5+dirty
568,491,0.0460513306356815,0.04611888497245888,0.18289088023757244,0.0007959370333355838,0.00016633027004856322,0.15585741400734301,0.045692529142700396,0.005737406544801642,gs_bx_oracle_g28_s000@c60eee5+dirty
569,491,0.04605343963739433,0.04612189091508916,0.18289088023757244,0.0007932699468797794,0.00016510278163863506,0.15517594159038595,0.04570522952910619,0.0056525477553792695,gs_bx_oracle_g28_s000@c60eee5+dirty
570,491,0.08670079752462131,0.08682547077133847,0.15599516255557655,0.0015498705964048119,0.0003280237170159584,0.1587624376022152,0.08599617383356957,0.011031154853045361,gs_bx_oracle_g28_s000@c60eee5+dirty
571,491,0.046116955005949097,0.04618400439534499,0.17751173670117326,0.0008046111073495746,0.00017084403998029568,0.1562583355427423,0.04574030224786125,0.005882031051858927,gs_bx_oracle_g28_s000@c60eee5+dirty
572,491,0.09943615265737396,0.09957909726343386,0.15061601901917737,0.00177424038003733,0.0003817813455891751,0.15929839538532525,0.09856978614472438,0.013097546132153158,gs_bx_oracle_g28_s000@c60eee5+dirty
573,491,0.07385693597018983,0.07395935153685626,0.16137430609197573,0.0013211722574349005,0.0002828440883940331,0.15883258946483161,0.07323947738767562,0.009530264575806434,gs_bx_oracle_g28_s000@c60eee5+dirty
574,491,0.04800121664156548,0.04806865665588036,0.17213259316477408,0.0008475719666896747,0.0001808484871703605,0.15731366987964232,0.04760857735477035,0.0061270026379421595,gs_bx_oracle_g28_s000@c60eee5+dirty
575,491,0.04603959879721624,0.04610695643660993,0.18289088023757244,0.0007964087698266468,0.0001692255680295573,0.15641059858604733,0.045652522490796814,0.005957503473429601,gs_bx_oracle_g28_s000@c60eee5+dirty
576,491,0.06093217888548927,0.06102033067402178,0.1667534496283749,0.0010849526623652737,0.00023261791585862078,0.15847941266281432,0.060420573744881155,0.00787938399068368,gs_bx_oracle_g28_s000@c60eee5+dirty
577,491,0.060921708816716755,0.0610101441183932,0.1667534496283749,0.0010853942221618258,0.00023146449557670472,0.15850527432390638,0.06043543061556564,0.007682013502980548,gs_bx_oracle_g28_s000@c60eee5+dirty
578,491,0.045956233938867254,0.0460247237508825,0.18827002377397165,0.0007846915206648703,0.00016409046574285366,0.1555734697577607,0.04559434082483682,0.005755998835346713,gs_bx_oracle_g28_s000@c60eee5+dirty
579,491,0.04587539802163741,0.045944972115703385,0.19364916731037082,0.0007712299313276083,0.00015771936027487212,0.15442681162038996,0.04552932607181124,0.005624287607363533,gs_bx_oracle_g28_s000@c60eee5+dirty
580,491,0.04568619191075665,0.04575628899746228,0.20440745438316926,0.0007484629195903327,0.00015423451531389312,0.15355782290871164,0.04532297285659097,0.005749457604609733,gs_bx_oracle_g28_s000@c60eee5+dirty
581,491,0.04560117445577496,0.04567360929654296,0.20978659791956844,0.0007374154058848159,0.00015211508499741924,0.15299012238783957,0.04522015510620999,0.00588257459930033,gs_bx_oracle_g28_s000@c60eee5+dirty
582,491,0.04595402024078608,0.046021539235102965,0.18827002377397165,0.0007856702040720943,0.00016383105171271438,0.15588162848284529,0.045584142220176774,0.005818758831681678,gs_bx_oracle_g28_s000@c60eee5+dirty
583,491,0.047969733904992276,0.04803724334462566,0.17213259316477408,0.0008528890501131931,0.00017812726153854205,0.15875678211339161,0.04759704955350713,0.0059679347111670136,gs_bx_oracle_g28_s000@c60eee5+dirty
584,491,0.04606231912466596,0.04612815212815785,0.17751173670117326,0.0008104667970934281,0.00017040815789689292,0.1582181478300656,0.04570951487669523,0.0056901223958492255,gs_bx_oracle_g28_s000@c60eee5+dirty
585,491,0.04606945712939629,0.04613228028131425,0.17751173670117326,0.0008090298523515887,0.0001702081318657576,0.157846702553896,0.045712833253103234,0.005721167378364501,gs_bx_oracle_g28_s000@c60eee5+dirty
586,491,0.060914533371766846,0.06099246794790346,0.1667534496283749,0.001090320868592779,0.00022881235779986626,0.15929334680696927,0.06044135113612165,0.007577826122321805,gs_bx_oracle_g28_s000@c60eee5+dirty
587,491,0.045945628866235474,0.04600784156396994,0.18827002377397165,0.0007868024336166667,0.0001645991793925834,0.15623877028363384,0.045581854937532855,0.0057702090401962015,gs_bx_oracle_g28_s000@c60eee5+dirty
588,491,0.04568297555964579,0.04575058172230363,0.20440745438316926,0.0007519020675906051,0.00015738277056076108,0.15447309727110228,0.04529863236926008,0.005913388322934442,gs_bx_oracle_g28_s000@c60eee5+dirty
589,491,0.04594502358674154,0.046007503285402804,0.18827002377397165,0.0007871271384664178,0.00016584189550740698,0.1564669406181139,0.04556322125725344,0.005910842668249972,gs_bx_oracle_g28_s000@c60eee5+dirty
590,491,0.07381074016399895,0.07390573771239502,0.16137430609197573,0.0013250568485997786,0.00027845256778405295,0.15993676465956924,0.07319545223356559,0.009510580207389333,gs_bx_oracle_g28_s000@c60eee5+dirty
591,491,0.16023718017304703,0.1604773973152813,0.12372030133718138,0.002731382849271815,0.0005799561901002452,0.16429832379539114,0.1584265880635892,0.024020202004549268,gs_bx_oracle_g28_s000@c60eee5+dirty
592,491,0.16021266399272227,0.1604537813908517,0.12372030133718138,0.0027257820054201964,0.0005830158264418306,0.16410995129515765,0.15835017077178365,0.02435818384428284,gs_bx_oracle_g28_s000@c60eee5+dirty
593,491,0.2540075697744157,0.2545814323756142,0.07530800950958869,0.0035714979180077643,0.0007651744372559042,0.1685511693120908,0.24880093172678472,0.051165827214933755,gs_bx_oracle_g28_s000@c60eee5+dirty
594,491,0.22555825248951183,0.2260058184222796,0.09144544011878622,0.0033934236727033574,0.0007291365306367993,0.1667591245018963,0.2217072562185406,0.04150202171182468,gs_bx_oracle_g28_s000@c60eee5+dirty
595,491,0.22552385052398805,0.22597543590035307,0.09144544011878622,0.003386346070839491,0.0007339256805286865,0.16623274725410808,0.22178029969638602,0.04092072606573962,gs_bx_oracle_g28_s000@c60eee5+dirty
596,491,0.2714493973259117,0.2721189594231939,0.06454972243679032,0.0036355607734803426,0.0007882102308699213,0.16875157491770057,0.2652304079574339,0.057772017476749656,gs_bx_oracle_g28_s000@c60eee5+dirty
597,491,0.2796662008859185,0.28038050318434576,0.05917057890039106,0.003661398959465984,0.0007932444898155782,0.16915410888399735,0.27280552004724434,0.06156567346919442,gs_bx_oracle_g28_s000@c60eee5+dirty
598,491,0.3019439676217751,0.3028541092373922,0.04303314829119352,0.003706705553741543,0.0008001245796147092,0.17073862429529282,0.29295586237934923,0.0731233360887711,gs_bx_oracle_g28_s000@c60eee5+dirty
599,491,0.2875939448029525,0.28838574224276464,0.053791435363991884,0.0036862815272218066,0.0007933305227049265,0.17010724167314373,0.2796721657596715,0.06703548900857287,gs_bx_oracle_g28_s000@c60eee5+dirty
600,491,0.25424311976279085,0.25482683791765365,0.07530800950958869,0.0035729942674589395,0.0007628766613357076,0.16808890066985974,0.24911821580571064,0.050790535540553176,gs_bx_oracle_g28_s000@c60eee5+dirty
601,491,0.215631067001116,0.2160333664541322,0.09682458365518541,0.0033165491650822185,0.0007062935449597821,0.1653702344548545,0.21239470061987914,0.03721892266887484,gs_bx_oracle_g28_s000@c60eee5+dirty
602,491,0.21563302341097382,0.21602986424354664,0.09682458365518541,0.003320475137720827,0.0007065231521140625,0.16542982320698638,0.21245701531181413,0.0368729905235955,gs_bx_oracle_g28_s000@c60eee5+dirty
603,491,0.22587603553776642,0.22631438629637746,0.09144544011878622,0.0034000398021734025,0.0007224756637986028,0.16592688392520866,0.22224415417912893,0.0403425254968239,gs_bx_oracle_g28_s000@c60eee5+dirty
604,491,0.2155134285123457,0.21591196748607422,0.09682458365518541,0.0033248891482526607,0.0007163055358057241,0.16654273247533832,0.21199859186160971,0.038763835179720846,gs_bx_oracle_g28_s000@c60eee5+dirty
605,491,0.2156537307601088,0.2160511549813956,0.09682458365518541,0.0033222704757906564,0.0007113342377672813,0.1658940331313578,0.21218177175866643,0.03854124185994379,gs_bx_oracle_g28_s000@c60eee5+dirty
606,491,0.18332744732648756,0.18362484212028726,0.11296201426438303,0.0030076201632747326,0.0006414484172127317,0.16425230803045823,0.18091467169876888,0.029645143065479426,gs_bx_oracle_g28_s000@c60eee5+dirty
607,491,0.17201951531787224,0.17228085372338153,0.1183411578007822,0.0028746859566775446,0.0006114261249460225,0.16363444789254622,0.16988711612499904,0.0270015078269117,gs_bx_oracle_g28_s000@c60eee5+dirty
608,491,0.14862698430400373,0.14884349081454223,0.12909944487358058,0.0025658944359442837,0.0005487893326308423,0.16276395027247972,0.14694117259919232,0.022322012867950457,gs_bx_oracle_g28_s000@c60eee5+dirty
609,491,0.18330603249435895,0.18360189881359676,0.11296201426438303,0.0030167413349938073,0.0006457083531447204,0.16509144699389283,0.18075674605374842,0.03046473871353058,gs_bx_oracle_g28_s000@c60eee5+dirty
610,491,0.215459162570732,0.2158522689309949,0.09682458365518541,0.003334902546613616,0.0007164438425437673,0.16765227036010888,0.21166683564475325,0.040246756686944815,gs_bx_oracle_g28_s000@c60eee5+dirty
611,491,0.22549634032729005,0.22593814290146527,0.09144544011878622,0.00341872697395663,0.0007385875258046084,0.16867059395507927,0.22129363428813573,0.04333274656134607,gs_bx_oracle_g28_s000@c60eee5+dirty
612,491,0.2798360134471849,0.2805527288726842,0.05917057890039106,0.0036960371164216996,0.0007939572223626301,0.17134930889564273,0.27211748880787834,0.06527071860265715,gs_bx_oracle_g28_s000@c60eee5+dirty
613,491,0.2450781965357364,0.24562317798409322,0.08068715304598786,0.003540705033768873,0.0007621057444275253,0.16920607544743274,0.2397064582671777,0.051030738601502014,gs_bx_oracle_g28_s000@c60eee5+dirty
614,491,0.17185356471400645,0.17213356305027475,0.1183411578007822,0.0028836121814289697,0.0006252455888373962,0.16546334980369157,0.16949037799442715,0.028401751217440954,gs_bx_oracle_g28_s000@c60eee5+dirty
615,491,0.19418181159361766,0.1945184379767273,0.10758287072798377,0.0031333122261980556,0.0006770904663366831,0.16639820238058634,0.19121526675757053,0.03381268567579878,gs_bx_oracle_g28_s000@c60eee5+dirty
616,491,0.25435329560050535,0.2549324260195023,0.07530800950958869,0.003581349261330873,0.0007685856563030863,0.1688183300398884,0.24873365418512683,0.05317112241199913,gs_bx_oracle_g28_s000@c60eee5+dirty
617,491,0.2719102694067872,0.2725758268265716,0.06454972243679032,0.003659423069085638,0.0007899303903936778,0.17006449434765597,0.26476839698355015,0.0619103429778319,gs_bx_oracle_g28_s000@c60eee5+dirty
618,491,0.2544091059360387,0.2549799798642014,0.07530800950958869,0.0035774865064507866,0.0007693613336938728,0.16912823095178722,0.24835549874798746,0.055168282779265186,gs_bx_oracle_g28_s000@c60eee5+dirty
619,491,0.28774060498480386,0.2884716768070855,0.053791435363991884,0.003688710311233,0.0007943747914937836,0.17056287466635636,0.2791411414887509,0.06982033289363547,gs_bx_oracle_g28_s000@c60eee5+dirty
620,491,0.32180615454909484,0.3228368296601302,0.02689571768199598,0.003715866792255305,0.000803293008632674,0.17219127754687596,0.3090577873392267,0.08967990405133837,gs_bx_oracle_g28_s000@c60eee5+dirty
621,491,0.30884671609931036,0.30973710340222427,0.03765400475479434,0.0037145419863787734,0.0008045631359871511,0.17188858117568404,0.2979715588070084,0.08123573220849037,gs_bx_oracle_g28_s000@c60eee5+dirty
622,491,0.32716346758001985,0.32827665618634827,0.021516574145596722,0.0037079211839491583,0.000803156450459093,0.17243820554890063,0.31389329328777826,0.09223304694053816,gs_bx_oracle_g28_s000@c60eee5+dirty
623,491,0.31562010817455183,0.31661078945054555,0.03227486121839516,0.0037149555623467133,0.0008025094598291657,0.17154387917774783,0.30415058961593355,0.08431175197085976,gs_bx_oracle_g28_s000@c60eee5+dirty
624,491,0.3152978557806724,0.3163250315030898,0.03227486121839516,0.0037133652604940536,0.0008057622884519117,0.1715229815915072,0.3042553814128548,0.08271276044969075,gs_bx_oracle_g28_s000@c60eee5+dirty
625,491,0.2796449123661087,0.28039133542542694,0.05917057890039106,0.0036607229978950066,0.0007957182080785657,0.16966405820234137,0.2723059348035549,0.06364554095151315,gs_bx_oracle_g28_s000@c60eee5+dirty
626,491,0.31528386532560304,0.31639542644555685,0.03227486121839516,0.003711600391096521,0.0008093097584399037,0.17121770540915796,0.3044761752917226,0.08184237541993276,gs_bx_oracle_g28_s000@c60eee5+dirty
627,491,0.2947346231398495,0.2956594076560242,0.048412291827592706,0.0036940149656853093,0.000805308364580961,0.17062371642748234,0.2860973847582406,0.07082926310420257,gs_bx_oracle_g28_s000@c60eee5+dirty
628,491,0.22557592589372114,0.22604107546614605,0.09144544011878622,0.0033914159715291306,0.0007275418830966639,0.16662507126225218,0.22172331980988266,0.04151226078273824,gs_bx_oracle_g28_s000@c60eee5+dirty
629,491,0.18321962760242805,0.18353429196237903,0.11296201426438303,0.0030046872288880537,0.0006416173736010206,0.16456476123098826,0.18078345833548393,0.0297787362229286,gs_bx_oracle_g28_s000@c60eee5+dirty
630,491,0.1603226740601185,0.16057649541040397,0.12372030133718138,0.0027198813448013662,0.0005710318856791464,0.16318984223810118,0.15852613779262692,0.023933730472704244,gs_bx_oracle_g28_s000@c60eee5+dirty
631,491,0.13656945793781203,0.13677167325577402,0.13447858840997975,0.0023867096767659583,0.0005038729437173876,0.16227005891288027,0.13514334957559873,0.019684814119399867,gs_bx_oracle_g28_s000@c60eee5+dirty
632,491,0.13655320984695815,0.1367578866378487,0.13447858840997975,0.002376013762655466,0.0004967890788617247,0.16147407587216356,0.13519133150117607,0.019237541590507525,gs_bx_oracle_g28_s000@c60eee5+dirty
633,491,0.13655730559718268,0.13675974489674042,0.13447858840997975,0.002377475874199927,0.0004993206315955828,0.16164104440774005,0.1351607441683094,0.019480014061369594,gs_bx_oracle_g28_s000@c60eee5+dirty
634,491,0.16042223023390173,0.16068033034402163,0.12372030133718138,0.0027093212004900983,0.0005665636734599242,0.16195069062351905,0.15867124017624187,0.02363745955369023,gs_bx_oracle_g28_s000@c60eee5+dirty
635,491,0.17195924962250633,0.17223829419949027,0.1183411578007822,0.0028602153976032595,0.0006028987173237009,0.16309306552229202,0.16989586342600735,0.02655897440540394,gs_bx_oracle_g28_s000@c60eee5+dirty
636,491,0.18327555410352814,0.18358444346700734,0.11296201426438303,0.0029963934651506662,0.0006357828772987392,0.16382250915576815,0.1809279530998031,0.029240460308803562,gs_bx_oracle_g28_s000@c60eee5+dirty
637,491,0.26327747030285614,0.2639271686421834,0.06992886597318951,0.0036067381610153217,0.000772447242254811,0.16788183757698624,0.2576681837809633,0.054056761243077,gs_bx_oracle_g28_s000@c60eee5+dirty
638,491,0.2633884387839058,0.2639929537723689,0.06992886597318951,0.0036072889200205716,0.0007699798420427369,0.16774082155631637,0.257763078424006,0.054144852815415645,gs_bx_oracle_g28_s000@c60eee5+dirty
639,491,0.2546814722623189,0.2552379646242265,0.07530800950958869,0.00356288005775037,0.0007588791837187693,0.16684820842814027,0.24950439000199998,0.051090230802299325,gs_bx_oracle_g28_s000@c60eee5+dirty
640,491,0.2633992093556266,0.26399910474354915,0.06992886597318951,0.0036112458596789638,0.000775297210645463,0.16815881503397184,0.2575448201967012,0.05522507654153177,gs_bx_oracle_g28_s000@c60eee5+dirty
641,491,0.21557387960917532,0.2159669024487831,0.09682458365518541,0.003322792921080021,0.0007162755618672044,0.16636918601075404,0.2120035781785287,0.039071478206636714,gs_bx_oracle_g28_s000@c60eee5+dirty
642,491,0.24523930967457377,0.24578071288400513,0.08068715304598786,0.0035373008138242937,0.0007605101124287624,0.16821532766401423,0.24021649880871526,0.04937967911746684,gs_bx_oracle_g28_s000@c60eee5+dirty
643,491,0.21561089350190518,0.21601810226344298,0.09682458365518541,0.003330690111284824,0.000717820130168467,0.16666516571448498,0.2119594809768644,0.03951247677263671,gs_bx_oracle_g28_s000@c60eee5+dirty
644,491,0.12438651677390647,0.12455490731776422,0.13985773194637893,0.00219545769544943,0.00047145382105652245,0.16153798960252025,0.12306238073868861,0.018101270730845328,gs_bx_oracle_g28_s000@c60eee5+dirty
645,491,0.16047301858529614,0.16070745950301213,0.12372030133718138,0.0027162892461029117,0.0005854586089918277,0.16205821046648414,0.15864897582857118,0.02412658621567167,gs_bx_oracle_g28_s000@c60eee5+dirty
646,491,0.1605059240665362,0.16073773672619654,0.12372030133718138,0.0027186148381701594,0.000585000092662112,0.16225433045855145,0.15862223560184735,0.02451811642693437,gs_bx_oracle_g28_s000@c60eee5+dirty
647,491,0.21574018952262214,0.2161110377736597,0.09682458365518541,0.003316431719046934,0.0007138879412672594,0.1653556522575903,0.2122552229539619,0.0386205865312898,gs_bx_oracle_g28_s000@c60eee5+dirty
648,491,0.2156875265042684,0.21607047352873923,0.09682458365518541,0.003314686880063645,0.0007130475017869475,0.16544819406348327,0.2121824583522543,0.03872613403276069,gs_bx_oracle_g28_s000@c60eee5+dirty
649,491,0.22587403886444601,0.22629590820338813,0.09144544011878622,0.00339869663994539,0.000733993584683449,0.16622897671820638,0.2218990487174294,0.042188785372859014,gs_bx_oracle_g28_s000@c60eee5+dirty
650,491,0.23592978260265532,0.23639894850475077,0.08606629658238704,0.0034629256077740606,0.0007497538013243668,0.1658239404259426,0.2316539383811158,0.04471370205490034,gs_bx_oracle_g28_s000@c60eee5+dirty
651,491,0.22597052839885765,0.22639408377367293,0.09144544011878622,0.0034051966907102443,0.0007355122861450811,0.1662525583382633,0.22198516906902252,0.0422523894975943,gs_bx_oracle_g28_s000@c60eee5+dirty
652,491,0.20514934267398824,0.20549287132650507,0.10220372719158459,0.0032420998214574685,0.0007014657722666997,0.16605159019247434,0.201960382939666,0.03603132695909095,gs_bx_oracle_g28_s000@c60eee5+dirty
653,491,0.20506122149938344,0.2054112543361192,0.10220372719158459,0.0032436504472293745,0.0007002892939689653,0.16644683489843015,0.20185778219110362,0.03610457494152461,gs_bx_oracle_g28_s000@c60eee5+dirty
654,491,0.22567158031122747,0.22610200361706648,0.09144544011878622,0.003417128709408062,0.0007414407043241937,0.1680007513786189,0.22145858330846288,0.04340228149735209,gs_bx_oracle_g28_s000@c60eee5+dirty
655,491,0.2154558112441186,0.21585244361260073,0.09682458365518541,0.0033323619881932055,0.0007309138300207841,0.16741777568528593,0.21165764150726163,0.04027715717928448,gs_bx_oracle_g28_s000@c60eee5+dirty
656,491,0.23548992076078662,0.23594331154188017,0.08606629658238704,0.0034789197985931,0.0007607511531558522,0.16824408774162045,0.23085933749574022,0.046470087916308835,gs_bx_oracle_g28_s000@c60eee5+dirty
657,490,0.20478982293124032,0.20520619978371207,0.10220372719158459,0.0032392219320718763,0.0007084032024329854,0.16704715668754685,0.20154608703198582,0.03630490846020633,gs_bx_oracle_g28_s000@c60eee5+dirty
658,490,0.17179199642942086,0.17209574726288188,0.1183411578007822,0.0028771119072517645,0.0006353705651648671,0.16472625557205683,0.16953832994495532,0.027735261251367646,gs_bx_oracle_g28_s000@c60eee5+dirty
659,490,0.19401513485333574,0.19439554343157459,0.10758287072798377,0.0031203255411091364,0.000690025738525062,0.1655304725526728,0.19125606486254593,0.032603530567281866,gs_bx_oracle_g28_s000@c60eee5+dirty
660,490,0.20460605720405706,0.20502110220750536,0.10220372719158459,0.003234451808372202,0.000713455726742039,0.16724968989359545,0.20140251852611626,0.036064722041453,gs_bx_oracle_g28_s000@c60eee5+dirty
661,490,0.17171436817447527,0.17201176944677987,0.1183411578007822,0.0028815870859932647,0.000627648544453315,0.16502455962877705,0.16960455588804849,0.02683503045604915,gs_bx_oracle_g28_s000@c60eee5+dirty
662,490,0.1601873278441268,0.16046567709081871,0.12372030133718138,0.002732390511908608,0.0005952090776968587,0.16432398521531988,0.15834347711323385,0.024234753094111525,gs_bx_oracle_g28_s000@c60eee5+dirty
663,490,0.1484825952354769,0.14872091086690148,0.12909944487358058,0.002571954724712182,0.0005570564188266177,0.16347282732631016,0.1468694653663802,0.02182753377860441,gs_bx_oracle_g28_s000@c60eee5+dirty
664,490,0.16024651750624827,0.16051457604128475,0.12372030133718138,0.002730531313540469,0.0005884835098094859,0.16394778505312335,0.15840656562496896,0.024213763436994495,gs_bx_oracle_g28_s000@c60eee5+dirty
665,490,0.14849621336365856,0.14873649339259457,0.12909944487358058,0.002563939283985392,0.0005556061103192617,0.16302721840396775,0.1468654874981433,0.021946616260324098,gs_bx_oracle_g28_s000@c60eee5+dirty
666,490,0.08667151913472791,0.08679783580433288,0.15599516255557655,0.0015461728754119148,0.0003360498733940054,0.15887063505091784,0.08589010035176514,0.011612187161995781,gs_bx_oracle_g28_s000@c60eee5+dirty
667,490,0.11191266882460989,0.11207758999225842,0.1452368754827781,0.001987265400413097,0.0004317662796813893,0.16062739640026083,0.11083269800960588,0.015509948270652404,gs_bx_oracle_g28_s000@c60eee5+dirty
668,490,0.08666357593652194,0.08678725892420522,0.15599516255557655,0.0015511947477418095,0.0003351667859123629,0.15951241204541194,0.08586335467983412,0.01174988158367189,gs_bx_oracle_g28_s000@c60eee5+dirty
669,490,0.12435408763607139,0.12453689383924615,0.13985773194637893,0.0021916022774253873,0.0004743773868815599,0.1610276454333161,0.123087501626622,0.017703278089553007,gs_bx_oracle_g28_s000@c60eee5+dirty
670,490,0.1364854664356175,0.13669926946130195,0.13447858840997975,0.0023895234635051095,0.0005157293339178933,0.16254981456163153,0.13505085217547275,0.019737017880791307,gs_bx_oracle_g28_s000@c60eee5+dirty
671,490,0.12424375866953903,0.12443651752732011,0.13985773194637893,0.0022022659216533874,0.0004753881254449424,0.16256265269202874,0.12299272006580077,0.017586994602552884,gs_bx_oracle_g28_s000@c60eee5+dirty
672,490,0.1484277625646983,0.14867118150670722,0.12909944487358058,0.00256875530874894,0.000554503808842382,0.1637360910822656,0.14677799267339509,0.022068565126243153,gs_bx_oracle_g28_s000@c60eee5+dirty
673,490,0.11187996436971222,0.1120482437690694,0.1452368754827781,0.001993047008772752,0.00042876347850132616,0.16119323468711785,0.11084468590471498,0.015184927858016133,gs_bx_oracle_g28_s000@c60eee5+dirty
674,490,0.16024285907935146,0.1605182815064041,0.12372030133718138,0.002728953390757525,0.0005871241150998165,0.16383102254452228,0.15842160070004374,0.024090876230656085,gs_bx_oracle_g28_s000@c60eee5+dirty
675,490,0.17177434368054287,0.17207401340389525,0.1183411578007822,0.0028783173632061575,0.0006199101890457185,0.16460660112055597,0.16968366762621903,0.02671849710960712,gs_bx_oracle_g28_s000@c60eee5+dirty
676,490,0.11193209116568269,0.11209781941362106,0.1452368754827781,0.001987540905511863,0.00042491190059101727,0.16069851911054794,0.11082340413781314,0.015715155997623503,gs_bx_oracle_g28_s000@c60eee5+dirty
677,490,0.08666795360811103,0.08679220257678869,0.15599516255557655,0.0015472949300097617,0.0003308676895236346,0.15927659600794675,0.08584993623689052,0.01187950465042696,gs_bx_oracle_g28_s000@c60eee5+dirty
678,490,0.04798486834162603,0.04805553677935331,0.17213259316477408,0.0008470902926439916,0.00018045992965586369,0.15779771721130384,0.04754850918598643,0.0064565365292352,gs_bx_oracle_g28_s000@c60eee5+dirty
679,490,0.11192027997224947,0.11209107872723785,0.1452368754827781,0.001998630647186084,0.0004257924731989254,0.16146787676500318,0.11085048035358921,0.015437618807485714,gs_bx_oracle_g28_s000@c60eee5+dirty
680,490,0.06094565101454375,0.06103529353745776,0.1667534496283749,0.0010875245927020902,0.00022873684956673519,0.15871463310075754,0.060406148305805596,0.008091330202357203,gs_bx_oracle_g28_s000@c60eee5+dirty
681,490,0.060949324932207866,0.061037179193739834,0.1667534496283749,0.0010855312115266393,0.00022749536859286297,0.15832853144050585,0.0604111868529963,0.008081380618695205,gs_bx_oracle_g28_s000@c60eee5+dirty
682,490,0.07385907583864428,0.07396239145565711,0.16137430609197573,0.0013249512152997116,0.00027726324502313327,0.1593434841587923,0.07320077749461511,0.009839169574839973,gs_bx_oracle_g28_s000@c60eee5+dirty
683,490,0.04799382733600234,0.048061368020518934,0.17213259316477408,0.0008509455694511812,0.0001773707894496169,0.158098087695539,0.04758878501418138,0.006222138155974305,gs_bx_oracle_g28_s000@c60eee5+dirty
684,490,0.1119134694035187,0.11207262187722902,0.1452368754827781,0.0020075415297255822,0.000424005634127813,0.16222599977999475,0.11085558832875202,0.01535132470565904,gs_bx_oracle_g28_s000@c60eee5+dirty
685,490,0.16026229514729778,0.16052167824739097,0.12372030133718138,0.0027464192943742953,0.0005781504898083243,0.16480113784370096,0.15843726274115585,0.02411715200784567,gs_bx_oracle_g28_s000@c60eee5+dirty
686,490,0.19402325368231002,0.19437973508768489,0.10758287072798377,0.003145192495583676,0.0006660812432572813,0.16647956607229678,0.1914855214813493,0.03127807590766642,gs_bx_oracle_g28_s000@c60eee5+dirty
687,490,0.20467370714885796,0.20505305179330222,0.10220372719158459,0.003250542033519782,0.000693308117520131,0.16749683444207103,0.20173037264240162,0.03458588081304632,gs_bx_oracle_g28_s000@c60eee5+dirty
688,490,0.20467349621775122,0.2050492270235355,0.10220372719158459,0.0032492458619244563,0.0006932507280832498,0.1677109598037377,0.20160084281291232,0.03533185858571893,gs_bx_oracle_g28_s000@c60eee5+dirty
689,490,0.13643894703393475,0.13664731899016344,0.13447858840997975,0.002400296003250814,0.0005153063900966427,0.1637826498242895,0.13496429319125086,0.020005644981227946,gs_bx_oracle_g28_s000@c60eee5+dirty
690,490,0.11190475911273581,0.11207107186807833,0.1452368754827781,0.0020009950764376117,0.0004294735102867843,0.16181139295836466,0.11081876288551427,0.015552392246969393,gs_bx_oracle_g28_s000@c60eee5+dirty
691,490,0.13646353479206944,0.13667494817439674,0.13447858840997975,0.0023959455863814855,0.0005112866470524684,0.1633087686660119,0.13501329652044458,0.019842028389982013,gs_bx_oracle_g28_s000@c60eee5+dirty
692,490,0.16019943832762,0.1604611496793072,0.12372030133718138,0.002730940186282566,0.0005872737537539258,0.16427055529922407,0.15833844126829796,0.02434744457249424,gs_bx_oracle_g28_s000@c60eee5+dirty
693,490,0.12430533623051626,0.1244943671942381,0.13985773194637893,0.002195445613702267,0.00046673264885942,0.1614781953855197,0.12311182379184196,0.01718416300051168,gs_bx_oracle_g28_s000@c60eee5+dirty
694,490,0.14853344407084743,0.14877408784989546,0.12909944487358058,0.002563761268812544,0.0005480200651662058,0.1625326945556694,0.1469965005484176,0.021312269566299766,gs_bx_oracle_g28_s000@c60eee5+dirty
695,490,0.17184693461631556,0.17214687582523105,0.1183411578007822,0.002871862574100265,0.0006207648319536282,0.1636654821989611,0.16984997747308447,0.026121908226944903,gs_bx_oracle_g28_s000@c60eee5+dirty
696,490,0.17185413970264815,0.17215717859719967,0.1183411578007822,0.0028698591753573703,0.0006190661773223797,0.16355881183924983,0.16985470889241677,0.026138538597436263,gs_bx_oracle_g28_s000@c60eee5+dirty
697,490,0.1941884423661335,0.19457031038090453,0.10758287072798377,0.0031161686475075063,0.000667598230050866,0.16433187217822037,0.19169714082823414,0.031005763123415044,gs_bx_oracle_g28_s000@c60eee5+dirty
698,490,0.26274030367576606,0.2634832359179772,0.06992886597318951,0.003605737489953807,0.0007814829014778956,0.168095251141854,0.25761233882181495,0.05165607478688437,gs_bx_oracle_g28_s000@c60eee5+dirty
699,490,0.2626353583595252,0.2633795157467635,0.06992886597318951,0.003600791493502387,0.0007765052533798857,0.1682174855311117,0.25740636349594764,0.05214686464619219,gs_bx_oracle_g28_s000@c60eee5+dirty
700,490,0.23518156248729893,0.23573402112962463,0.08606629658238704,0.003451653166826914,0.0007457328078026727,0.16671286232219068,0.2312061056834643,0.04305930826957193,gs_bx_oracle_g28_s000@c60eee5+dirty
701,490,0.22517285260712533,0.22568347748321704,0.09144544011878622,0.0033747452793194206,0.0007263849345674672,0.16597450441066283,0.2217761463014142,0.03896350193352633,gs_bx_oracle_g28_s000@c60eee5+dirty
702,490,0.17166535354369267,0.17198526832578584,0.1183411578007822,0.0028586383811054473,0.0006073455597908411,0.16339048896924224,0.16982178544827822,0.02509093052160393,gs_bx_oracle_g28_s000@c60eee5+dirty
703,490,0.1828884134808068,0.18324250198505623,0.11296201426438303,0.002988562713206374,0.0006364934097190404,0.1640093287615227,0.1807942715479075,0.02759715856728808,gs_bx_oracle_g28_s000@c60eee5+dirty
704,490,0.09928379130653738,0.09943346515336851,0.15061601901917737,0.0017624110710845364,0.00037068297009820245,0.15914219702000157,0.09848224966455725,0.012590381932565838,gs_bx_oracle_g28_s000@c60eee5+dirty
705,490,0.07379390635989984,0.07390217210442654,0.16137430609197573,0.001308242553212623,0.00027524496045121016,0.15761656768814622,0.07321518840175782,0.00922370875238226,gs_bx_oracle_g28_s000@c60eee5+dirty
706,490,0.1484014342341852,0.1486469223282272,0.12909944487358058,0.0025498385151673554,0.0005430756664893489,0.16232102413668328,0.1468799259012064,0.021196062134729368,gs_bx_oracle_g28_s000@c60eee5+dirty
707,490,0.17179280225402233,0.17208863162530935,0.1183411578007822,0.0028539266425728935,0.0006047806331856038,0.16275231345410401,0.16986644027978545,0.025654616991171393,gs_bx_oracle_g28_s000@c60eee5+dirty
708,490,0.1485193533421942,0.14875556437048668,0.12909944487358058,0.0025483543751395944,0.0005398818637002185,0.1614117480318723,0.14704975819137558,0.02084147147016025,gs_bx_oracle_g28_s000@c60eee5+dirty
709,490,0.2046877922331632,0.20508088095715185,0.10220372719158459,0.0032102265077903723,0.0006847277922853727,0.1653284235163497,0.20179589150935529,0.03428571800664375,gs_bx_oracle_g28_s000@c60eee5+dirty
710,490,0.20474489430723178,0.20513426358249917,0.10220372719158459,0.003219338948850278,0.0006862553546251153,0.1655658329081254,0.2018259427707784,0.03444939142519067,gs_bx_oracle_g28_s000@c60eee5+dirty
711,490,0.19405305320112787,0.19440687626268302,0.10758287072798377,0.003118365233627958,0.0006590264229884986,0.1648719043597191,0.19155050724024933,0.031064298361349697,gs_bx_oracle_g28_s000@c60eee5+dirty
712,490,0.21524655897361578,0.21568986471966536,0.09682458365518541,0.0033160920970661117,0.0006992516868706167,0.16584275851782276,0.21215598456142198,0.03634445438792459,gs_bx_oracle_g28_s000@c60eee5+dirty
713,490,0.1717537821095521,0.17204979353084632,0.1183411578007822,0.0028685880291358943,0.0006049668465109294,0.16353893457257263,0.1698896854568629,0.02523601482611097,gs_bx_oracle_g28_s000@c60eee5+dirty
714,490,0.22526163569479757,0.2257557086747128,0.09144544011878622,0.0033901660048919844,0.0007126284350593589,0.16603865520960787,0.22210433848910058,0.037582806444100635,gs_bx_oracle_g28_s000@c60eee5+dirty
715,490,0.2350803999030582,0.23562605729894023,0.08606629658238704,0.0034550781918386317,0.0007253971570833339,0.16631660055705913,0.2316114858167308,0.04023573109001598,gs_bx_oracle_g28_s000@c60eee5+dirty
716,490,0.2940123409277206,0.29492718895350734,0.048412291827592706,0.003692221227507539,0.0007817347304532097,0.16978177340368608,0.28715760063326445,0.06311710557641892,gs_bx_oracle_g28_s000@c60eee5+dirty
717,490,0.2622663040781715,0.2629736104017034,0.06992886597318951,0.003598363931045418,0.0007609393965826145,0.16828132989075206,0.2574521365242192,0.05002011249426268,gs_bx_oracle_g28_s000@c60eee5+dirty
718,490,0.2704753198225841,0.27126118831934853,0.06454972243679032,0.0036265382331567625,0.000773142538179433,0.16886243927170055,0.265249591723201,0.05291079968970733,gs_bx_oracle_g28_s000@c60eee5+dirty
719,490,0.26211625239470265,0.26281993567443884,0.06992886597318951,0.003593223518091442,0.0007643140944252352,0.1683599644487619,0.25726399220058094,0.050201275745372205,gs_bx_oracle_g28_s000@c60eee5+dirty
720,490,0.262032384116445,0.26275994604932085,0.06992886597318951,0.003589683690574786,0.0007655067618507661,0.16841721762658643,0.25714363219448144,0.05037978510848819,gs_bx_oracle_g28_s000@c60eee5+dirty
721,490,0.2532292068653678,0.25389715309730615,0.07530800950958869,0.0035436832376479705,0.0007597567010503781,0.16781866470887838,0.24869424634419898,0.04770956974186745,gs_bx_oracle_g28_s000@c60eee5+dirty
722,490,0.21481176348049774,0.2152848911742412,0.09682458365518541,0.003295501709698114,0.0007017337390281059,0.16598082605776668,0.2118568050802732,0.03550757483665187,gs_bx_oracle_g28_s000@c60eee5+dirty
723,490,0.18277752744539508,0.1831307049471155,0.11296201426438303,0.0029879373425300802,0.0006318250673819915,0.16471744792316767,0.18058322647738898,0.02823690588694509,gs_bx_oracle_g28_s000@c60eee5+dirty
724,490,0.16005941216612907,0.16033762933719664,0.12372030133718138,0.002707781345461113,0.0005746509683504912,0.16314255541695627,0.15837609130458977,0.023152302823845207,gs_bx_oracle_g28_s000@c60eee5+dirty
725,490,0.13628751735419628,0.13651165481227365,0.13447858840997975,0.002371289427158705,0.0005062026991664039,0.1622426946580504,0.13498501609185254,0.018797149178869283,gs_bx_oracle_g28_s000@c60eee5+dirty
726,490,0.11172902414582703,0.11190874511009968,0.1452368754827781,0.0019801566251513593,0.00042550847184375456,0.16142621809984,0.11068419559788686,0.01524413596854611,gs_bx_oracle_g28_s000@c60eee5+dirty
727,490,0.09919857914247326,0.09934923388093554,0.15061601901917737,0.0017680660358647695,0.0003807449174316448,0.16097004016103328,0.09828609491275199,0.013423920838825008,gs_bx_oracle_g28_s000@c60eee5+dirty
728,490,0.045965679663881896,0.046037721253199854,0.18289088023757244,0.0007916607744171834,0.00016834700444334072,0.15684008218268222,0.045567628446323664,0.006036136574034768,gs_bx_oracle_g28_s000@c60eee5+dirty
729,490,0.04793006580458735,0.048002094947212685,0.17213259316477408,0.0008417042337132713,0.0001778904838577882,0.15769933852277854,0.047514265262991455,0.006299667018990544,gs_bx_oracle_g28_s000@c60eee5+dirty
730,490,0.17152662708430907,0.17184170356390607,0.1183411578007822,0.002848919689370026,0.0006076448696665024,0.16374653224452423,0.16955959589654243,0.02590226318916672,gs_bx_oracle_g28_s000@c60eee5+dirty
731,490,0.20442644303570773,0.20486862750998536,0.10220372719158459,0.0031869303378567176,0.0006823349945558522,0.16481172613805542,0.20161233095470985,0.03380293802674556,gs_bx_oracle_g28_s000@c60eee5+dirty
732,490,0.21474586573961893,0.21523179121042565,0.09682458365518541,0.003282492769737378,0.0007038839466551018,0.16581475455261457,0.21164335724555097,0.03637136491926754,gs_bx_oracle_g28_s000@c60eee5+dirty
733,490,0.27812374731328776,0.2790434974704547,0.05917057890039106,0.0036208457017781566,0.0007874681505412405,0.16924680077100882,0.27171848402192383,0.059345465373632965,gs_bx_oracle_g28_s000@c60eee5+dirty
734,490,0.3127461084910719,0.31402350564326215,0.03227486121839516,0.0036719242738921702,0.0008081284094007977,0.1717481165901567,0.302643826224419,0.07884695824540718,gs_bx_oracle_g28_s000@c60eee5+dirty
735,490,0.31242836696536935,0.3137537461263912,0.03227486121839516,0.003675668600006362,0.0008074672888891824,0.1724992792458325,0.30202193057444116,0.07996397899513849,gs_bx_oracle_g28_s000@c60eee5+dirty
736,490,0.3060058102978359,0.3072160562863261,0.03765400475479434,0.0036694812703889582,0.0008167567699814141,0.17203422035543534,0.296489343284206,0.07572070558925996,gs_bx_oracle_g28_s000@c60eee5+dirty
737,490,0.33269541473565856,0.33434330011579644,0.010758287072798361,0.0036378102119240356,0.0008135590414802962,0.1739371146685745,0.31934859799378146,0.0932883269521863,gs_bx_oracle_g28_s000@c60eee5+dirty
738,490,0.3226380950994491,0.3241259183639564,0.021516574145596722,0.003664435470046228,0.0008151621073230452,0.17403360242572882,0.31086364690722135,0.08636627490486985,gs_bx_oracle_g28_s000@c60eee5+dirty
739,490,0.33232504015764386,0.3340514256616248,0.010758287072798361,0.0036550425148541552,0.0008064431104705526,0.1750214857258083,0.3190366696016528,0.09303513188718249,gs_bx_oracle_g28_s000@c60eee5+dirty
740,490,0.34731916871952945,0.3494161154431408,-0.010758287072798361,0.0035976787459701056,0.0007933616302128698,0.1767485788456984,0.330525618841354,0.10669311247482159,gs_bx_oracle_g28_s000@c60eee5+dirty
741,490,0.3555974146237746,0.357951893022229,-0.02689571768199598,0.003522802178754341,0.0007861110605795306,0.17609387386939676,0.33718759368342255,0.11293382112146824,gs_bx_oracle_g28_s000@c60eee5+dirty
742,490,0.3511045198768777,0.3533040050342922,-0.01613743060919754,0.003557342587214739,0.0007945452358169675,0.1750263114105742,0.3339337250854754,0.10845575654851577,gs_bx_oracle_g28_s000@c60eee5+dirty
743,490,0.3417438645365533,0.3436786015125128,0.0,0.0036194849941851848,0.0007927689981469473,0.17403302526277845,0.32731262599135486,0.09826145640596604,gs_bx_oracle_g28_s000@c60eee5+dirty
744,490,0.34520506566476233,0.3473222721617885,-0.005379143536399181,0.0036021332081344385,0.0007934949155061192,0.1740929463757053,0.3304462161434177,0.0998590786914768,gs_bx_oracle_g28_s000@c60eee5+dirty
745,490,0.33325673425652697,0.33514298916349505,0.010758287072798361,0.003648172855634039,0.000801932229239181,0.17319284548622577,0.32101838847141695,0.0894832117804221,gs_bx_oracle_g28_s000@c60eee5+dirty
746,490,0.33349667537971517,0.3353471352267673,0.010758287072798361,0.003649079830142668,0.0008045232510777009,0.17308217085670335,0.32109297699792894,0.09010733938992205,gs_bx_oracle_g28_s000@c60eee5+dirty
747,490,0.3378937207215302,0.3398080548014026,0.005379143536399181,0.003642724398440621,0.0008021717113573285,0.1736842460219684,0.3247261668156824,0.09340815322140268,gs_bx_oracle_g28_s000@c60eee5+dirty
748,490,0.3242717987279652,0.3259313061466752,0.021516574145596722,0.003664250559140311,0.0007992345919440081,0.1716302639272132,0.31356301946133297,0.08264642930315676,gs_bx_oracle_g28_s000@c60eee5+dirty
749,490,0.3428146899120464,0.3448312728608946,0.0,0.0036157649154833576,0.0007899137194945544,0.17227538401094686,0.32952643122881153,0.09452112325346045,gs_bx_oracle_g28_s000@c60eee5+dirty
750,490,0.3430791771995345,0.3450323924205536,0.0,0.003614009316864266,0.0007886669757003584,0.17194068864102607,0.3297940234341917,0.09454746921519072,gs_bx_oracle_g28_s000@c60eee5+dirty
751,490,0.34666051095631456,0.3487685276999758,-0.005379143536399181,0.0036015442278204625,0.0007871091294507491,0.1723958328433763,0.3326508555775548,0.09755469307016378,gs_bx_oracle_g28_s000@c60eee5+dirty
752,490,0.34701054033514367,0.3492016144459566,-0.005379143536399181,0.0035930857245765266,0.0007889591042096255,0.17162210576826875,0.3329502070797442,0.09777768001565498,gs_bx_oracle_g28_s000@c60eee5+dirty
753,489,0.339077951878432,0.341176247388988,0.005379143536399181,0.0036335328976731655,0.0007832233709951889,0.171596380843769,0.326512243885955,0.09145278586588199,gs_bx_oracle_g28_s000@c60eee5+dirty
754,489,0.34362174587738376,0.34581531089164746,0.0,0.0036291449497600128,0.0007847502584133789,0.17200178266444832,0.33000798979956275,0.0957634111144386,gs_bx_oracle_g28_s000@c60eee5+dirty
755,489,0.33944813174331756,0.34147386704110705,0.005379143536399181,0.0036482181654265916,0.0007839149432110668,0.172143966509205,0.3264874467023774,0.09290307470579728,gs_bx_oracle_g28_s000@c60eee5+dirty
756,489,0.33939836671301116,0.34137198091820004,0.005379143536399181,0.003644464700629512,0.0007864365726358661,0.17200460678440163,0.32648658137887854,0.09272412580872635,gs_bx_oracle_g28_s000@c60eee5+dirty
757,489,0.356591371084043,0.35889665723960823,-0.021516574145596722,0.0035507380786390648,0.0007755384230666129,0.17260613456408425,0.3404457556457803,0.10608531186913352,gs_bx_oracle_g28_s000@c60eee5+dirty
758,489,0.3474607009484929,0.34972228822931545,-0.005379143536399181,0.003606293312164665,0.0007847272159735198,0.17153285685234138,0.33380725507145176,0.09644508886034979,gs_bx_oracle_g28_s000@c60eee5+dirty
759,489,0.33546357019446527,0.3374061746311522,0.010758287072798361,0.0036498783405550742,0.0007902559563376317,0.17032232495401087,0.32416045396984755,0.08634701505946386,gs_bx_oracle_g28_s000@c60eee5+dirty
760,489,0.31981194883877634,0.3214279253810827,0.02689571768199598,0.0036849452338145205,0.0007856310861444216,0.16989938759515547,0.31089654316907406,0.07498681261112633,gs_bx_oracle_g28_s000@c60eee5+dirty
761,489,0.31980512065422223,0.3213868304179514,0.02689571768199598,0.0036906784296614438,0.0007799616459486463,0.17021033996030316,0.3109061154878659,0.07491797213557926,gs_bx_oracle_g28_s000@c60eee5+dirty
762,489,0.2790924073974322,0.28009639159046174,0.05917057890039106,0.0036509486180033653,0.0007620704991663523,0.16822755082042481,0.27343927296594334,0.055888602297343104,gs_bx_oracle_g28_s000@c60eee5+dirty
763,489,0.3079434759950713,0.3092470574584775,0.03765400475479434,0.0037077034088663953,0.000777968627739045,0.1701202283947103,0.3000314914128448,0.06935624390428817,gs_bx_oracle_g28_s000@c60eee5+dirty
764,489,0.32003351774781735,0.321468972723618,0.02689571768199598,0.0037085156663871407,0.0007855224392861764,0.17089252087951673,0.3109397388952247,0.07574913370997732,gs_bx_oracle_g28_s000@c60eee5+dirty
765,489,0.30790141438886853,0.3091710022578613,0.03765400475479434,0.0037047128712944283,0.000783147142892072,0.16980566464774974,0.3002054213979642,0.06841042278729531,gs_bx_oracle_g28_s000@c60eee5+dirty
766,489,0.33502699134779707,0.33677225837730584,0.010758287072798361,0.003685296656062028,0.0007874322339099254,0.17243620622500105,0.32391618179691756,0.08556513367992331,gs_bx_oracle_g28_s000@c60eee5+dirty
767,489,0.34327664011504233,0.34517487874004465,0.0,0.003665954117217406,0.000785814059358774,0.1737004259175439,0.33064561503251816,0.09226228323881913,gs_bx_oracle_g28_s000@c60eee5+dirty
768,489,0.343962756772914,0.34581953310038605,0.0,0.003661690866472184,0.0007853436942077645,0.1728040718339851,0.3314319897898968,0.09199572919833038,gs_bx_oracle_g28_s000@c60eee5+dirty
769,489,0.3257928981758435,0.3272584489538988,0.021516574145596722,0.003709899392326847,0.000784914149689984,0.17185242016918512,0.31526793879461534,0.08214097193246625,gs_bx_oracle_g28_s000@c60eee5+dirty
770,489,0.3304304641291412,0.3319440081602386,0.01613743060919754,0.0037045725351238143,0.0007871410400571062,0.17279913141274786,0.31935442223698524,0.08483539722474932,gs_bx_oracle_g28_s000@c60eee5+dirty
771,489,0.3198179552657151,0.32113453539979087,0.02689571768199598,0.003712068759165683,0.000790130155828966,0.17211515272021077,0.30972329726971787,0.07971827669184103,gs_bx_oracle_g28_s000@c60eee5+dirty
772,489,0.3397299211564277,0.3413195712211648,0.005379143536399181,0.003678002168812588,0.0007869871398010828,0.17384857761224815,0.32630010284055094,0.09457622436531532,gs_bx_oracle_g28_s000@c60eee5+dirty
773,489,0.3398166183072556,0.34138103546938336,0.005379143536399181,0.003669580317138066,0.0007836544237399312,0.17317853721924784,0.3266213972108764,0.09377524706335866,gs_bx_oracle_g28_s000@c60eee5+dirty
774,489,0.3398685260108753,0.341406381409621,0.005379143536399181,0.0036703726107024243,0.0007829348655386834,0.17299329732849938,0.3267965648390101,0.09335213003583634,gs_bx_oracle_g28_s000@c60eee5+dirty
775,489,0.33114147009220496,0.3325067427247228,0.01613743060919754,0.003704999449257476,0.0007824395401198838,0.1723576960978925,0.3195814722425752,0.08673151569121111,gs_bx_oracle_g28_s000@c60eee5+dirty
776,489,0.307981120437162,0.30905679121148083,0.03765400475479434,0.0037137450348545087,0.0007846610317967724,0.17104573754784677,0.2991140123561624,0.07337014486783583,gs_bx_oracle_g28_s000@c60eee5+dirty
777,489,0.3078216664094386,0.3089235340120519,0.03765400475479434,0.0037157537096077155,0.0007893609672126045,0.17149141684370356,0.2988051687805837,0.07395707823522081,gs_bx_oracle_g28_s000@c60eee5+dirty
778,489,0.3256249693371982,0.3269456139512809,0.021516574145596722,0.0037042498110987617,0.0007904806623393681,0.17228885734224275,0.3143915082605849,0.08479151012622585,gs_bx_oracle_g28_s000@c60eee5+dirty
779,489,0.34423192246926326,0.34581691750248444,0.0,0.0036501294023831106,0.00078259107600802,0.17304766590130333,0.3300075470501661,0.09793178920461569,gs_bx_oracle_g28_s000@c60eee5+dirty
780,489,0.3605034523619887,0.3623132702984897,-0.02689571768199598,0.0035580753721347128,0.0007664570807997565,0.17368217440045267,0.34269560806036037,0.11190379520397213,gs_bx_oracle_g28_s000@c60eee5+dirty
781,489,0.36467760712538444,0.366649035058996,-0.03765400475479434,0.003509530104030911,0.0007562464570903682,0.17395972669116108,0.3453585021125621,0.11712071617465325,gs_bx_oracle_g28_s000@c60eee5+dirty
782,489,0.36528085946227834,0.3671911265665744,-0.03765400475479434,0.0035076814663927997,0.0007526103070074319,0.17345566417115832,0.34564537903980824,0.11814981268680892,gs_bx_oracle_g28_s000@c60eee5+dirty
783,489,0.34970341843649144,0.35124373962819255,-0.005379143536399181,0.003634623324229289,0.0007680107019752796,0.1716685440560552,0.33466838115048275,0.10143744636120837,gs_bx_oracle_g28_s000@c60eee5+dirty
784,489,0.3269969909751899,0.3282391761575634,0.021516574145596722,0.0037024582910546197,0.0007731276494227583,0.170507429644182,0.3158391163639116,0.08469170373355321,gs_bx_oracle_g28_s000@c60eee5+dirty
785,489,0.3273622048255294,0.3285940291917839,0.021516574145596722,0.003701246512082418,0.0007730398484484391,0.17015799925239422,0.3161127620931607,0.08508075452218712,gs_bx_oracle_g28_s000@c60eee5+dirty
786,489,0.3026863595728037,0.30370399031067746,0.04303314829119352,0.0036989419213600784,0.0007632823370909865,0.16844860443772242,0.29434471108445776,0.07057069737535349,gs_bx_oracle_g28_s000@c60eee5+dirty
787,489,0.29574266476006034,0.2967438206065278,0.048412291827592706,0.003700701442974025,0.0007452300027096879,0.16820705789170537,0.28824859129752883,0.06615491950241964,gs_bx_oracle_g28_s000@c60eee5+dirty
788,489,0.3375902886161189,0.3391554178456387,0.010758287072798361,0.0036920409579198126,0.0007504584873464516,0.17066801683131785,0.32575200715536967,0.08861621071882081,gs_bx_oracle_g28_s000@c60eee5+dirty
789,489,0.36189556965694053,0.36399022263376,-0.02689571768199598,0.0035737827224680465,0.0007397495372130306,0.17283821324240137,0.3450739037566092,0.10905230067951761,gs_bx_oracle_g28_s000@c60eee5+dirty
790,489,0.3691521083949052,0.37156546467944535,-0.053791435363991884,0.003442283646837238,0.0007241337679404303,0.17390134667924878,0.3493806464803719,0.11919078402863707,gs_bx_oracle_g28_s000@c60eee5+dirty
791,489,0.3678826994677339,0.37048114636537494,-0.08068715304598786,0.0032945539409491805,0.0006986938468623534,0.17626978861873055,0.3450428695330148,0.1276052457859392,gs_bx_oracle_g28_s000@c60eee5+dirty
792,489,0.3604839392501886,0.36318634681016476,-0.10758287072798381,0.003112649226879799,0.0006678543246319741,0.17676693656606737,0.3366122855135507,0.1289993786755483,gs_bx_oracle_g28_s000@c60eee5+dirty
793,489,0.3641864722198739,0.36674983107465464,-0.09682458365518541,0.00318470323717902,0.0006788241740263767,0.17634449331963598,0.3407757415707801,0.12846665133349527,gs_bx_oracle_g28_s000@c60eee5+dirty
794,489,0.3575588595382121,0.3602363940641304,-0.11296201426438299,0.0030766155119430925,0.0006550861297168426,0.17753101713520422,0.33347683251387217,0.12900209382324662,gs_bx_oracle_g28_s000@c60eee5+dirty
795,489,0.35351648575248573,0.3564296228522692,-0.12372030133718138,0.0029980300744424527,0.0006413005744070192,0.17731095293700133,0.3288662521457319,0.12969538888644938,gs_bx_oracle_g28_s000@c60eee5+dirty
796,489,0.34591739134010535,0.349049316540622,-0.13447858840997975,0.0029023903715892415,0.0006282864159761349,0.17787021391353008,0.32078303243972,0.12944917045049437,gs_bx_oracle_g28_s000@c60eee5+dirty
797,489,0.34856351532364327,0.3517231754634529,-0.12909944487358058,0.0029420025763267498,0.0006393784703024067,0.17748415225407385,0.32451653695786187,0.1272224094082971,gs_bx_oracle_g28_s000@c60eee5+dirty
798,489,0.33713110529436907,0.34039800089719724,-0.14523687548277814,0.0028187773464333266,0.0006163651984910218,0.17926884325150197,0.31212743388954883,0.1274121154778002,gs_bx_oracle_g28_s000@c60eee5+dirty
799,489,0.3409349704958867,0.34435012221355404,-0.13985773194637893,0.0028610729382990653,0.0006235478315189823,0.1793650244207467,0.3149377755557912,0.13057890961024765,gs_bx_oracle_g28_s000@c60eee5+dirty
800,489,0.29902868171881225,0.30221135209284217,-0.19364916731037085,0.0024026244057070195,0.0005385991813282283,0.18057041212920014,0.27186455459566816,0.12453038362178798,gs_bx_oracle_g28_s000@c60eee5+dirty
801,489,0.278005854361391,0.2808875068023475,-0.20978659791956844,0.0022154972157499868,0.000497656693638935,0.18060448544620566,0.2522402930622127,0.11688494178077867,gs_bx_oracle_g28_s000@c60eee5+dirty
802,489,0.2718963029145197,0.27485407952717544,-0.21516574145596762,0.0021608657936407465,0.0004879518842287564,0.1808153849071165,0.24609107492407775,0.11561480173963977,gs_bx_oracle_g28_s000@c60eee5+dirty
803,489,0.2844395753768647,0.28747813817583495,-0.20440745438316926,0.002279008782096352,0.0005029856699751015,0.18137252392807376,0.2577819131651226,0.12022627535401856,gs_bx_oracle_g28_s000@c60eee5+dirty
804,489,0.2773538229642625,0.2802212810749815,-0.20978659791956844,0.002213257279144748,0.0004890508155601583,0.18143736872404703,0.2504536049106503,0.11915592683602165,gs_bx_oracle_g28_s000@c60eee5+dirty
805,489,0.25021076657789915,0.2528665502792164,-0.23668231560156439,0.001971645484465039,0.0004451322163508857,0.18172048982880087,0.22414973527991475,0.11118598781071325,gs_bx_oracle_g28_s000@c60eee5+dirty
806,489,0.2545180417082604,0.257185065245518,-0.2313031720651652,0.00201161248552176,0.00046111264743182366,0.18168072684560127,0.2290284856225613,0.1110197564780432,gs_bx_oracle_g28_s000@c60eee5+dirty
807,489,0.26025671171523324,0.2630024704651398,-0.22592402852876597,0.0020609311018661733,0.00046751962901401243,0.1818446700985807,0.23400081242178286,0.11391740770738952,gs_bx_oracle_g28_s000@c60eee5+dirty
808,489,0.2457506950842574,0.24832564468789592,-0.24206145913796356,0.001928233754654332,0.0004410651437679341,0.18126168698577558,0.22034988168784672,0.10880870265997848,gs_bx_oracle_g28_s000@c60eee5+dirty
809,489,0.2566765546216744,0.25937981549926925,-0.2313031720651652,0.0020225928879038127,0.00045516252785330404,0.18147142581496553,0.23036175046286705,0.11320917637778823,gs_bx_oracle_g28_s000@c60eee5+dirty
810,489,0.3006803163784683,0.30374525155364446,-0.19364916731037085,0.0024091024842902704,0.000530924780056748,0.18105522403607624,0.27169638549861325,0.1288011132112015,gs_bx_oracle_g28_s000@c60eee5+dirty
811,489,0.2572652769044763,0.2599553865271942,-0.2313031720651652,0.002029145108513899,0.0004529245894302412,0.1819947510633609,0.2307859891957179,0.11368047278090841,gs_bx_oracle_g28_s000@c60eee5+dirty
812,489,0.269354242530363,0.27210453695178366,-0.2205448849923668,0.002119293874646021,0.0004703006311037546,0.1813847155928719,0.2407631451295621,0.12076761120609708,gs_bx_oracle_g28_s000@c60eee5+dirty
813,489,0.3075440862972745,0.3104268668746631,-0.18827002377397167,0.0024624047403330115,0.0005365112307537623,0.1804951865439496,0.2773923064014365,0.13280389062718378,gs_bx_oracle_g28_s000@c60eee5+dirty
814,489,0.31661791410927925,0.3195583324465278,-0.17751173670117326,0.0025534883545533286,0.0005525936157661923,0.1802936459196133,0.28628706269584714,0.13522803432681785,gs_bx_oracle_g28_s000@c60eee5+dirty
815,489,0.31179682763104827,0.3145972694539193,-0.18289088023757244,0.002507413131353733,0.000546252709424975,0.18029987735825534,0.28204394085715034,0.13292282402414535,gs_bx_oracle_g28_s000@c60eee5+dirty
816,489,0.2806649533934413,0.28338620586789476,-0.20978659791956844,0.002219925772057525,0.0004950572333864024,0.1798609444038871,0.25380148398451835,0.1198232981961306,gs_bx_oracle_g28_s000@c60eee5+dirty
817,489,0.3115668504686564,0.3146061101391781,-0.18289088023757244,0.002495108056138717,0.0005510430625106082,0.1790732424449995,0.2827832473647019,0.13079578479764517,gs_bx_oracle_g28_s000@c60eee5+dirty
818,489,0.3006129809166764,0.30375377874670834,-0.19364916731037085,0.0023987691909838054,0.0005376353774999419,0.1796174309477336,0.27282725642722633,0.12622778000900803,gs_bx_oracle_g28_s000@c60eee5+dirty
819,489,0.31348346925506426,0.3167512467225483,-0.17751173670117326,0.00252961417472681,0.0005665157405922882,0.1793260609742533,0.28579054002130727,0.12882411548510778,gs_bx_oracle_g28_s000@c60eee5+dirty
820,489,0.3267075637151388,0.33010553073392357,-0.16137430609197573,0.0026660364384205617,0.0005921774494560335,0.17948658511494578,0.2976417821007877,0.13471155012302666,gs_bx_oracle_g28_s000@c60eee5+dirty
821,489,0.35715117398154744,0.3605119643153075,-0.11296201426438299,0.0030415888346317353,0.0006599299072459776,0.1771178570366806,0.3300067624066413,0.1365741477816508,gs_bx_oracle_g28_s000@c60eee5+dirty
822,489,0.3671598640069767,0.37007082578135136,-0.06992886597318951,0.0033373134970946933,0.0007068676032961485,0.17609844259582833,0.34472701081532076,0.12637109539746558,gs_bx_oracle_g28_s000@c60eee5+dirty
823,489,0.36604912826555464,0.36882296989179897,-0.048412291827592706,0.0034556860251609626,0.0007272912413017347,0.17521284701169193,0.34575375357610894,0.12019278760393164,gs_bx_oracle_g28_s000@c60eee5+dirty
824,489,0.3674091452992086,0.37049482837236647,-0.06454972243679032,0.003360883856281844,0.0007144414969495912,0.17581958176674933,0.3447172444009193,0.1271200277774194,gs_bx_oracle_g28_s000@c60eee5+dirty
825,489,0.3674643813470564,0.37027017507137855,-0.053791435363991884,0.0034230989338205156,0.0007203513370883084,0.17494162541662736,0.34610626106228237,0.12345253181795071,gs_bx_oracle_g28_s000@c60eee5+dirty
826,489,0.3652190725370614,0.3685396551656995,-0.08068715304598786,0.0032658819101159964,0.0006979954675868809,0.17690282869603838,0.3418153244624677,0.12863613375505814,gs_bx_oracle_g28_s000@c60eee5+dirty
827,489,0.3660051148009401,0.36932446634788546,-0.07530800950958869,0.0032923029272569925,0.0007047470479815375,0.1764774527556695,0.34291064580166164,0.12795324558735002,gs_bx_oracle_g28_s000@c60eee5+dirty
828,489,0.367029217727075,0.37045347041002985,-0.08068715304598786,0.0032720678253996076,0.0006901820596075495,0.1762479631120131,0.3435600072815348,0.12913933584334542,gs_bx_oracle_g28_s000@c60eee5+dirty
829,489,0.3677292172002771,0.37065310692015097,-0.053791435363991884,0.003433543513059794,0.000715301220086691,0.17532779132383222,0.3467880605792291,0.12232259898491983,gs_bx_oracle_g28_s000@c60eee5+dirty
830,489,0.3676642475269677,0.37097370891354764,-0.08606629658238704,0.003245738031709326,0.0006864859000461813,0.17610270102942865,0.34302905764716457,0.13231804306015715,gs_bx_oracle_g28_s000@c60eee5+dirty
831,488,0.3670432730546603,0.37046712288289235,-0.08606629658238704,0.003248915287124481,0.000679882162454949,0.17709698259989257,0.3413060243324065,0.1350220798576465,gs_bx_oracle_g28_s000@c60eee5+dirty
832,488,0.3654598828299365,0.36888609085798835,-0.09682458365518541,0.003184957038205955,0.0006667870879450506,0.17748723159012045,0.3381331688970728,0.13866104734096943,gs_bx_oracle_g28_s000@c60eee5+dirty
833,488,0.3671268261933268,0.3705546118253621,-0.09144544011878622,0.003224713203468767,0.0006636761424067112,0.17746952234122823,0.3402685140339985,0.1378384738303489,gs_bx_oracle_g28_s000@c60eee5+dirty
834,488,0.3699510660693273,0.372909658774736,-0.06992886597318951,0.0033622170367787513,0.0006833698824691228,0.1761508875246727,0.34663063746664863,0.12927100392314048,gs_bx_oracle_g28_s000@c60eee5+dirty
835,488,0.3661117776156231,0.3687034668527724,-0.03765400475479434,0.0035283945488277656,0.0007060275072670892,0.17438192606339226,0.3461129459280409,0.11934681549955355,gs_bx_oracle_g28_s000@c60eee5+dirty
836,488,0.3665056017790621,0.369279596490565,-0.04303314829119352,0.0035077962589623425,0.0006989438760383415,0.17537032370826836,0.3465176290732054,0.1193812752357626,gs_bx_oracle_g28_s000@c60eee5+dirty
837,488,0.3623305388686733,0.3650618610002933,-0.03227486121839516,0.0035579326828397238,0.0007056464125860592,0.17533111506590418,0.34409177453027273,0.11350889875895685,gs_bx_oracle_g28_s000@c60eee5+dirty
838,488,0.3637294407082567,0.3666882214394172,-0.03765400475479434,0.003535986878852369,0.0007054124917396265,0.17563106049552724,0.3454862139342752,0.11374700883672266,gs_bx_oracle_g28_s000@c60eee5+dirty
839,488,0.36820055916275696,0.3714629951163857,-0.06454972243679032,0.003395778416702965,0.0006899329210536449,0.1766699629823324,0.3463871139901647,0.12485038658062517,gs_bx_oracle_g28_s000@c60eee5+dirty
840,488,0.3678987222766752,0.3712321386793491,-0.05917057890039106,0.0034257535321303547,0.0006928811297438152,0.17650254659662795,0.3465208250198211,0.12358312053186186,gs_bx_oracle_g28_s000@c60eee5+dirty
841,488,0.3651053938602235,0.36849408926662053,-0.08606629658238704,0.003264987430573792,0.0006685346254603032,0.17875591874877098,0.34022443985335227,0.13247369230266665,gs_bx_oracle_g28_s000@c60eee5+dirty
842,488,0.36371131007395013,0.36718657919646974,-0.09144544011878622,0.0032304483362876877,0.0006641412094894398,0.17865310687997088,0.3392613866499254,0.13110159649706382,gs_bx_oracle_g28_s000@c60eee5+dirty
843,488,0.3672077970668088,0.3703477435451053,-0.05917057890039106,0.0034244483876292907,0.0006925330879405328,0.17723774169660358,0.34518776245562877,0.12524765417976913,gs_bx_oracle_g28_s000@c60eee5+dirty
844,488,0.3665609534068632,0.36970276957001713,-0.053791435363991884,0.003453368710536222,0.0006906390226821824,0.17709532244469114,0.34533519119595274,0.12292492946592767,gs_bx_oracle_g28_s000@c60eee5+dirty
845,488,0.367070099192385,0.37026331107392774,-0.07530800950958869,0.0033292220903299473,0.0006727731730612855,0.17751325244723057,0.34393843203004804,0.12824512736872065,gs_bx_oracle_g28_s000@c60eee5+dirty
846,488,0.36754456765946686,0.3705448699761449,-0.05917057890039106,0.003428075708416617,0.0006812907983130399,0.17693868005637525,0.3462129223035023,0.12339214580374831,gs_bx_oracle_g28_s000@c60eee5+dirty
847,488,0.3685805152078754,0.37145071345418157,-0.05917057890039106,0.003429864044765761,0.0006788716122034477,0.17649870791118435,0.34678708399070785,0.12486118118985023,gs_bx_oracle_g28_s000@c60eee5+dirty
848,488,0.36963107332356926,0.3724902914517926,-0.07530800950958869,0.0033401906762324227,0.0006641631892661717,0.17710852847713962,0.3449762570743966,0.13273474458962753,gs_bx_oracle_g28_s000@c60eee5+dirty
849,488,0.36675923302562247,0.3697695602344111,-0.09144544011878622,0.003236473171130142,0.0006492249655060633,0.1773729532452746,0.34148065457519233,0.13380320459705375,gs_bx_oracle_g28_s000@c60eee5+dirty
850,488,0.3666319719751811,0.36911382030748063,-0.04303314829119352,0.003520177838587565,0.0006850979647518476,0.1751374029746569,0.34779937760605306,0.11599394730438349,gs_bx_oracle_g28_s000@c60eee5+dirty
851,488,0.36628474196095745,0.3686877786382584,-0.04303314829119352,0.00351859626670806,0.0006900294607600165,0.17538102722763826,0.3472884374974609,0.1164270302549085,gs_bx_oracle_g28_s000@c60eee5+dirty
852,488,0.3615976262021894,0.3638038719637847,-0.02689571768199598,0.0035921740786100144,0.0007010033795327233,0.17402548936269777,0.34471355004591353,0.10920353332105034,gs_bx_oracle_g28_s000@c60eee5+dirty
853,488,0.3490587511676763,0.3509711795370607,-0.005379143536399181,0.003660770023232412,0.0007167059774738482,0.1729556430116803,0.33529308114037804,0.0970595770963878,gs_bx_oracle_g28_s000@c60eee5+dirty
854,488,0.36432001271466635,0.36677506516501446,-0.03765400475479434,0.0035302852584950823,0.0007009895993310683,0.1746522711164714,0.34613723211402264,0.11365776792132548,gs_bx_oracle_g28_s000@c60eee5+dirty
855,488,0.36327352075157554,0.3655735506691903,-0.03227486121839516,0.003551257093230697,0.0007047611926611452,0.17385055104720518,0.3453649671198957,0.11265296429974105,gs_bx_oracle_g28_s000@c60eee5+dirty
856,488,0.3635867436120379,0.365770287818021,-0.03227486121839516,0.003544367503779424,0.0007031688029869843,0.1735270901006124,0.34521827999004295,0.11410372163572105,gs_bx_oracle_g28_s000@c60eee5+dirty
857,488,0.3599395981757684,0.3620594985739769,-0.021516574145596722,0.0035864677185820687,0.000705472592046079,0.17183480657954553,0.34370847901620616,0.10686905907370857,gs_bx_oracle_g28_s000@c60eee5+dirty
858,488,0.3537290738800667,0.355778942955728,-0.010758287072798361,0.0036280983049138066,0.0007107492706473062,0.17098121667815655,0.33994207320220987,0.09779388822944445,gs_bx_oracle_g28_s000@c60eee5+dirty
859,488,0.36163986500571293,0.3639460613024376,-0.02689571768199598,0.003558657716741648,0.0007049323464847272,0.17164947767318472,0.346166213715984,0.10465344926417841,gs_bx_oracle_g28_s000@c60eee5+dirty
860,488,0.3679801340624636,0.3705330708445088,-0.048412291827592706,0.0034645069615903234,0.0006938393175944373,0.17336795573326033,0.34931253515263616,0.11571573726104419,gs_bx_oracle_g28_s000@c60eee5+dirty
861,488,0.3669610342154334,0.36944795589878104,-0.04303314829119352,0.0034848499099676337,0.0006959280281517513,0.17296084267352022,0.3483587039704443,0.1153542977114111,gs_bx_oracle_g28_s000@c60eee5+dirty
862,488,0.36838380467505766,0.37111586260246343,-0.053791435363991884,0.0034262145175190132,0.0006961005676978965,0.1739470552673233,0.34776136337030955,0.12152638270636777,gs_bx_oracle_g28_s000@c60eee5+dirty
863,488,0.36862765551928184,0.37150560280900585,-0.05917057890039106,0.0033979804906461753,0.0006967704838395561,0.17431311552668297,0.3476009736395363,0.12271883123012828,gs_bx_oracle_g28_s000@c60eee5+dirty
864,488,0.34508467379850055,0.34709827469420274,0.0,0.0036390412789334852,0.0007286663926152535,0.1707856867483361,0.33214764328654883,0.09360221765433253,gs_bx_oracle_g28_s000@c60eee5+dirty
865,488,0.3262244790933203,0.32790764898763164,0.021516574145596722,0.003678025527638773,0.0007374749595515011,0.1695583918857789,0.31592162351213143,0.08133841993281686,gs_bx_oracle_g28_s000@c60eee5+dirty
866,488,0.30852541216033785,0.30997641126038294,0.03765400475479434,0.003673971551840794,0.0007366688802343677,0.16782601297131247,0.30040588174980754,0.07031526263071917,gs_bx_oracle_g28_s000@c60eee5+dirty
867,488,0.3149316191930963,0.3164476825455571,0.03227486121839516,0.003673616452518706,0.0007348512612355668,0.1682066547170027,0.3059827383405313,0.0745418580746106,gs_bx_oracle_g28_s000@c60eee5+dirty
868,488,0.3145012034763213,0.31601202580781557,0.03227486121839516,0.0036645905768275338,0.0007370260769342138,0.1683700446488344,0.30550758874262546,0.07467342371099167,gs_bx_oracle_g28_s000@c60eee5+dirty
869,488,0.31448918965825434,0.31597651392622045,0.03227486121839516,0.0036645397685006217,0.0007366147789134853,0.16850550547916654,0.30528239656033257,0.0755387897856811,gs_bx_oracle_g28_s000@c60eee5+dirty
870,488,0.31485029444628887,0.31631490180038024,0.03227486121839516,0.0036664036801985155,0.0007350628713770329,0.16800692956557053,0.30591799266007613,0.07446401600601728,gs_bx_oracle_g28_s000@c60eee5+dirty
871,488,0.29464998206306336,0.29584892059830825,0.048412291827592706,0.0036504089542458294,0.0007329483794490085,0.16713761588031825,0.2875962072783756,0.06408614116060653,gs_bx_oracle_g28_s000@c60eee5+dirty
872,488,0.2943971371938041,0.29562712116661227,0.048412291827592706,0.0036511046460922674,0.0007344470993113311,0.1671733613069533,0.28765249971497386,0.0626555168810735,gs_bx_oracle_g28_s000@c60eee5+dirty
873,488,0.307828764550606,0.30924897410200347,0.03765400475479434,0.0036664981771859654,0.0007422579075575809,0.1682936068718111,0.29983303548811063,0.06970436940922578,gs_bx_oracle_g28_s000@c60eee5+dirty
874,488,0.3142377150399069,0.3157380557386177,0.03227486121839516,0.0036638839107716054,0.0007410903219286453,0.16815809264079498,0.3057775814976971,0.0724252180315732,gs_bx_oracle_g28_s000@c60eee5+dirty
875,488,0.34013198551503704,0.3421650864946223,0.005379143536399181,0.003628282809967501,0.0007341867064399952,0.1701745424128922,0.32788281424506294,0.09045787800484223,gs_bx_oracle_g28_s000@c60eee5+dirty
876,488,0.3483857122688353,0.3507126518812046,-0.005379143536399181,0.0036058520489604586,0.0007342058299448769,0.17070337123127202,0.3349182063124673,0.0959291383965439,gs_bx_oracle_g28_s000@c60eee5+dirty
877,488,0.3607117675966365,0.363570620214926,-0.03227486121839516,0.003492065241381381,0.000729163388298706,0.17212443302884745,0.34454124593219265,0.10679095998342848,gs_bx_oracle_g28_s000@c60eee5+dirty
878,488,0.36447272432672156,0.36746071136398295,-0.04303314829119352,0.0034490850150386554,0.0007233054666866966,0.17261559861735748,0.34658795316744473,0.1127703750873584,gs_bx_oracle_g28_s000@c60eee5+dirty
879,488,0.364555249865707,0.36754110214253494,-0.04303314829119352,0.003445302075829609,0.0007190447577426577,0.1724375445317454,0.34638549322283074,0.11365570944490343,gs_bx_oracle_g28_s000@c60eee5+dirty
880,488,0.365291325601421,0.3684355935668698,-0.05917057890039106,0.003357553379597186,0.0007091939390129534,0.1737000728694406,0.34569358502538994,0.1180410853556374,gs_bx_oracle_g28_s000@c60eee5+dirty
881,488,0.36744756744029256,0.3704273313775286,-0.053791435363991884,0.0033948611366791293,0.0007095990815697944,0.17261573239250413,0.34726564793410253,0.12010114313650934,gs_bx_oracle_g28_s000@c60eee5+dirty
882,488,0.3663738981889139,0.36970478962124653,-0.08606629658238704,0.003213163956898107,0.0006804910852106685,0.17373985017448001,0.34335379347322653,0.12782020881568593,gs_bx_oracle_g28_s000@c60eee5+dirty
883,488,0.3644712968768031,0.3681064538667804,-0.09144544011878622,0.0031745104196684824,0.0006757653800757977,0.17410806877882717,0.34117923682505746,0.1282031770531841,gs_bx_oracle_g28_s000@c60eee5+dirty
884,488,0.3665175823976118,0.37003213935701945,-0.08606629658238704,0.003210218645793874,0.0006841135609375465,0.1736100235091015,0.3432025738627801,0.12863565407985894,gs_bx_oracle_g28_s000@c60eee5+dirty
885,488,0.36469356301419337,0.36818591618902696,-0.09682458365518541,0.003137758899125063,0.0006697785104140509,0.17352453509688742,0.34039736100599155,0.13088556652337222,gs_bx_oracle_g28_s000@c60eee5+dirty
886,488,0.36846156997661544,0.371731127635828,-0.06454972243679032,0.003332988267639883,0.0007035065843655786,0.17257882298649224,0.3474270391542199,0.1227125951732928,gs_bx_oracle_g28_s000@c60eee5+dirty
887,488,0.3680956098015227,0.37138071269083894,-0.05917057890039106,0.003366419395825734,0.0007091347550030733,0.17297895193841933,0.34687360732989797,0.12317905054471975,gs_bx_oracle_g28_s000@c60eee5+dirty
888,488,0.36399577075227396,0.36688700189932477,-0.03765400475479434,0.0034874734603937817,0.0007230592982879907,0.17307093557444217,0.34489210446137275,0.11637163488474124,gs_bx_oracle_g28_s000@c60eee5+dirty
889,488,0.3643092472125145,0.36733284035182145,-0.04303314829119352,0.0034659049167327398,0.0007190231446629934,0.1747476986279292,0.3434618000092324,0.12147106461609315,gs_bx_oracle_g28_s000@c60eee5+dirty
890,488,0.36614164414805506,0.3690473536756566,-0.048412291827592706,0.0034430184656740175,0.0007117991890354489,0.17468274713426288,0.3443540275878189,0.12441867730967333,gs_bx_oracle_g28_s000@c60eee5+dirty
891,488,0.36575458245282355,0.3689183525398427,-0.08606629658238704,0.0032167254191591142,0.0006778589444701894,0.17603644731193233,0.3392094686443765,0.13679675057266183,gs_bx_oracle_g28_s000@c60eee5+dirty
892,488,0.36547575716148295,0.3688262499647706,-0.08606629658238704,0.0032175338825201527,0.0006747979246357256,0.17638627880230784,0.3386235975829812,0.13750122993165717,gs_bx_oracle_g28_s000@c60eee5+dirty
893,488,0.36499958542768624,0.3682870997422151,-0.08606629658238704,0.0032091750326634846,0.0006707799087173009,0.17616431794293452,0.33807509478355263,0.137586073602944,gs_bx_oracle_g28_s000@c60eee5+dirty
894,488,0.3665482059229877,0.36994676213637384,-0.08068715304598786,0.0032427054674028684,0.0006775821666930532,0.1758016716083521,0.33968797222992875,0.137730420705377,gs_bx_oracle_g28_s000@c60eee5+dirty
895,488,0.365828845119147,0.36921398859065707,-0.08068715304598786,0.0032413863635826433,0.0006805590818925837,0.17617161715749574,0.33882486078544327,0.13794367558874826,gs_bx_oracle_g28_s000@c60eee5+dirty
896,488,0.3655535822945556,0.368977963755835,-0.08068715304598786,0.003240098271219776,0.0006848879608899664,0.17604623803385863,0.3390187991097822,0.13673213001538279,gs_bx_oracle_g28_s000@c60eee5+dirty
897,488,0.36264195030396407,0.3663912205285154,-0.09682458365518541,0.0031384369727094612,0.0006655803706593214,0.17635174918417557,0.33451126059159636,0.14004071071543395,gs_bx_oracle_g28_s000@c60eee5+dirty
898,488,0.36483961152186667,0.36857393712324943,-0.09144544011878622,0.003177850038628245,0.000669551817833426,0.17659891729751823,0.3357589224570576,0.14273712945797318,gs_bx_oracle_g28_s000@c60eee5+dirty
