month,method,P,kappa,mat,mn,stdev,sharpe,xret,hjd
464,ff,6,0.0,0,0.23331781844087676,0.5080567580507996,0.4592357344797838,0.6290332285605628,0.1151988830081443
464,fm,6,0.0,0,0.181976336326714,0.45636075966655354,0.39875544176865163,0.5851726072298875,0.14670350337969812
464,linrank,6,0.0,0,0.27830053429311963,0.5452205043001503,0.5104366620443751,0.694951669323094,0.08739116319770605
464,linrank,6,0.001,0,0.1631037227862804,0.3994854082205663,0.40828455665701463,0.3951631398704158,0.12925961628213456
464,linrank,6,0.01,0,0.0757277188069258,0.24279359660367297,0.31190163112308456,0.21062039342572156,0.1825036264203954
464,linrank,6,0.1,0,0.015317429363836392,0.0567032901751368,0.2701329908110476,0.04652581445509866,0.24209067411812818
464,linrank,6,1.0,0,0.0017388491775256953,0.00660731121113649,0.26317046707212766,0.005347041047306866,0.2658446278896507
464,rff,36,0.001,0,0.26527262374759836,0.5257908060084031,0.5045212291965386,0.4363674132339216,0.08555593518450332
464,rff,36,0.01,0,0.21033749735033153,0.45125593131562275,0.46611575107079267,0.6183842657270423,0.09647442972526686
464,rff,36,0.1,0,0.17498109255179822,0.45277833321382127,0.3864608346202924,0.6620313600660959,0.15494006276170982
464,rff,36,1.0,0,0.16868531089452268,0.456590574068642,0.36944545173454063,0.6681389362868118,0.16883471073766756
464,rff,360,0.001,0,0.27311301546307915,0.5313190368014827,0.5140282891183563,0.7942976062063766,0.0799402532436323
464,rff,360,0.01,0,0.20821161053889253,0.45787283762488373,0.45473675970591576,0.6888598475193871,0.10585203520687658
464,rff,360,0.1,0,0.17436898176752183,0.4545126594177747,0.3836394391982094,0.6719737891102725,0.15752398192541583
464,rff,360,1.0,0,0.16861731785429598,0.4567832476714432,0.36914076580930066,0.669187543039094,0.1691237456118548
464,rff,3600,0.001,0,0.2690840970612003,0.5245953578436757,0.5129364814954858,0.8452351837089143,0.07871399272677415
464,rff,3600,0.01,0,0.20675956679191484,0.4565137504547956,0.4529098336817532,0.7047978269360063,0.10691083531725314
464,rff,3600,0.1,0,0.17414616337807756,0.4542259059497191,0.3833910860147083,0.6742862292765398,0.15763137918579115
464,rff,3600,1.0,0,0.16859371660541342,0.4567516388769531,0.3691146396758345,0.6694325916100814,0.16913411377158136
464,rff,36,0.001,1,0.2970618066455024,0.6027847071084506,0.49281576513528946,0.9123388081611716,0.1267471528871047
464,rff,36,0.01,1,0.21796867317260976,0.46830061271967693,0.46544605591427024,0.7788062213837625,0.1001541060998323
464,rff,36,0.1,1,0.1770084264112858,0.45408057041972216,0.389817221749151,0.6898438013400715,0.15277994071752735
464,rff,36,1.0,1,0.16892959492696727,0.4566709879424243,0.3699153206296201,0.671188652562981,0.1685020555033636
464,rff,360,0.001,1,0.2654380898083057,0.5239374800879365,0.5066216865488515,0.854452328234136,0.08336732903216668
464,rff,360,0.01,1,0.20381278722642712,0.45254813551106915,0.45036709077645054,0.7067240904009743,0.10798953882549467
464,rff,360,0.1,1,0.1735493979190378,0.4532155123344431,0.38292907721783764,0.6746974200265019,0.15770054438735573
464,rff,360,1.0,1,0.16852762698390597,0.45663630258486837,0.3690631384975884,0.6694764850412228,0.1691386660141932
464,rff,3600,0.001,1,0.2685530624967148,0.5222180641068278,0.5142546398812012,0.8407972926393148,0.07700197494921698
464,rff,3600,0.01,1,0.20572110130236224,0.4550405083116055,0.45209403898056316,0.7028023393652728,0.1072164792076158
464,rff,3600,0.1,1,0.17391872049297727,0.45405054685591384,0.38303823593492503,0.6739829882669093,0.1578478255389133
464,rff,3600,1.0,1,0.16856802579083538,0.45673548080091514,0.3690714491793816,0.6694001033868687,0.16916207324659116
464,rff_ens,36,0.001,-1,0.2811672151965504,0.5443223362549945,0.5165454299212042,0.6743531106975466,0.08228302434117703
464,rff_ens,36,0.01,-1,0.2141530852614706,0.45764564105570527,0.467945209239748,0.6985952435554025,0.09627055226815204
464,rff_ens,36,0.1,-1,0.17599475948154197,0.4533471720005394,0.3882118834113573,0.6759375807030837,0.15378394084956767
464,rff_ens,36,1.0,-1,0.16880745291074498,0.4566297481927274,0.369681243017696,0.6696637944248963,0.16866742335807605
464,rff_ens,360,0.001,-1,0.2692755526356924,0.5254170144710267,0.5124987299979057,0.8243749672202563,0.07929690315831896
464,rff_ens,360,0.01,-1,0.2060121988826598,0.4549809539876958,0.45279301710776904,0.6977919689601805,0.10669994290150173
464,rff_ens,360,0.1,-1,0.17395918984327982,0.45385644719414275,0.38329121668038485,0.6733356045683874,0.15760474079085937
464,rff_ens,360,1.0,-1,0.16857247241910098,0.4567096837815578,0.36910203222169563,0.6693320140401585,0.16913111496593616
464,rff_ens,3600,0.001,-1,0.2688185797789575,0.5231694068244573,0.5138270248075802,0.8430162381741146,0.07760814360031452
464,rff_ens,3600,0.01,-1,0.20624033404713848,0.4557675438225702,0.45251211246281203,0.7038000831506396,0.10705410738245581
464,rff_ens,3600,0.1,-1,0.1740324419355275,0.454137957124043,0.3832149222620306,0.6741346087717245,0.157739337162586
464,rff_ens,3600,1.0,-1,0.1685808711981244,0.45674355655049004,0.3690930474669737,0.6694163474984751,0.16914809027485966
464,linlev,11,0.0,0,0.3612139974914033,0.7119201060339077,0.5073799636081626,0.8276598325425603,0.18415344046304236
464,linlev,11,0.001,0,0.2580110152132075,0.5383313451957984,0.4792791976832882,0.6564675431396012,0.10962393685205175
464,linlev,11,0.01,0,0.17050386717800542,0.42188126998105635,0.4041513082239027,0.5514578821575418,0.13532328641427224
464,linlev,11,0.1,0,0.09726042368062117,0.28206995767592086,0.34480958015517116,0.38999484195403916,0.16377784976338644
464,linlev,11,1.0,0,0.022518606063283375,0.06898923589599096,0.32640752967945186,0.09816781030609456,0.22950503624877844
464,rff_lev,36,0.001,0,0.2627579637005606,0.5956565548153746,0.44112326402922425,1.0638503124136791,0.16760819746826436
464,rff_lev,36,0.01,0,0.19888484497688633,0.47195162509946187,0.42140938689420165,0.7620364965160238,0.13379947412852944
464,rff_lev,36,0.1,0,0.17226902988700174,0.45748481336207675,0.37655682736436386,0.6797010562382081,0.16370655942793844
464,rff_lev,36,1.0,0,0.16838255583144107,0.45713441169784624,0.3683436458131651,0.6699577385453388,0.16983508989058144
464,rff_lev,360,0.001,0,0.2617207950823522,0.556581108001707,0.47022939032553274,0.5746414846917913,0.12411436028504105
464,rff_lev,360,0.01,0,0.19472378403899657,0.45622297754330954,0.42681713465541377,0.634408236318663,0.12588483531775496
464,rff_lev,360,0.1,0,0.17176669317827326,0.4555320245378527,0.3770683155647166,0.6632691082875752,0.16275548199520645
464,rff_lev,360,1.0,0,0.16833288702440452,0.45692988849796207,0.36839981638705016,0.6682555265856367,0.16973075589472122
464,rff_lev,3600,0.001,0,0.25002372613961094,0.5105331308394906,0.4897306580838087,0.6425441612623463,0.09238413512508475
464,rff_lev,3600,0.01,0,0.19000821200116477,0.4507558513467717,0.42153243587067546,0.6453123538139036,0.12854318023570205
464,rff_lev,3600,0.1,0,0.17091819821698645,0.45520563738836833,0.3754746957827413,0.6645899394540927,0.16386445244471803
464,rff_lev,3600,1.0,0,0.16824003054936176,0.4569050161629933,0.36821664152915523,0.6683938768089952,0.16986248666223083
464,rff_lev,36,0.001,1,0.2510338643622303,0.5730686539543667,0.4380519901586173,0.8199575558067137,0.1586336005640428
464,rff_lev,36,0.01,1,0.1949355085233323,0.4665674006093837,0.4178078199821227,0.6777890865610379,0.13508962083478182
464,rff_lev,36,0.1,1,0.17147157879173255,0.4570408888645884,0.3751777641114644,0.6680934537092015,0.16462136493079632
464,rff_lev,36,1.0,1,0.16829449752310632,0.45709526409246454,0.3681825447420573,0.6687488283314343,0.16994576939290124
464,rff_lev,360,0.001,1,0.2639371427800856,0.5444947567682894,0.48473771234569385,0.6714376560058686,0.10753871601370177
464,rff_lev,360,0.01,1,0.19276090071442828,0.45748499355152716,0.42134912277230213,0.641568753455223,0.13020312882702098
464,rff_lev,360,0.1,1,0.17121988663351453,0.4560794100756017,0.37541683060222425,0.6635170623993315,0.16416055069347232
464,rff_lev,360,1.0,1,0.16827021968897063,0.45699664509379484,0.368208873074844,0.6682748089769258,0.16989600717001618
464,rff_lev,3600,0.001,1,0.2565887597410804,0.524344240623205,0.48935172709461633,0.6284963905543927,0.09687280090482953
464,rff_lev,3600,0.01,1,0.1912023926357399,0.45247224138478004,0.4225726467784405,0.6455895011841479,0.12816034498871764
464,rff_lev,3600,0.1,1,0.1710257251790319,0.45538494939972435,0.3755629723917604,0.6647220012065242,0.1638494465415386
464,rff_lev,3600,1.0,1,0.16825031242997798,0.4569237689913777,0.3682240317709384,0.6684092284224917,0.16986251952891415
464,rff_lev_ens,36,0.001,-1,0.2568959140313954,0.5599595579395216,0.4587758354847859,0.9419039341101966,0.13503403519785862
464,rff_lev_ens,36,0.01,-1,0.1969101767501093,0.46719117313972636,0.4214766632399921,0.7199127915385309,0.13249650255401355
464,rff_lev_ens,36,0.1,-1,0.17187030433936717,0.4572284005485458,0.3758959507615254,0.6738972549737047,0.16413224918995284
464,rff_lev_ens,36,1.0,-1,0.16833852667727367,0.4571144705877441,0.36826339463904745,0.6693532834383866,0.16989009151684048
464,rff_lev_ens,360,0.001,-1,0.262828968931219,0.5447338674212292,0.4824905970606374,0.6230395703488301,0.10943176144949819
464,rff_lev_ens,360,0.01,-1,0.19374234237671242,0.4566158088306824,0.4243005577771267,0.6379884948869431,0.12782505343708794
464,rff_lev_ens,360,0.1,-1,0.17149328990589385,0.4558011416932596,0.3762458542091666,0.6633930853434534,0.16345369552663722
464,rff_lev_ens,360,1.0,-1,0.1683015533566875,0.4569632147284202,0.36830437972280006,0.6682651677812813,0.1698133318506304
464,rff_lev_ens,3600,0.001,-1,0.25330624294034576,0.5170078123670139,0.48994664467570664,0.6355202759083695,0.09412429096718654
464,rff_lev_ens,3600,0.01,-1,0.1906053023184524,0.45159713450971917,0.42206933515064243,0.645450927499026,0.12833539461919244
464,rff_lev_ens,3600,0.1,-1,0.17097196169800907,0.4552950162756178,0.37551907134100787,0.6646559703303087,0.16385668622306143
464,rff_lev_ens,3600,1.0,-1,0.1682451714896699,0.4569143895597782,0.36822033915755753,0.6684015526157435,0.1698625002238325
465,ff,6,0.0,0,0.1248591494709142,0.4589511779823749,0.2720532280139592,0.04439945316223213,0.24856729407807412
465,fm,6,0.0,0,0.17019411113095562,0.43782054295352596,0.3887303002797233,-0.1166725689228534,0.152324243075758
465,linrank,6,0.0,0,0.061204479298056315,0.49740090501541984,0.12304858853475333,-0.06918735537245792,0.4008042920420853
465,linrank,6,0.001,0,-0.03304702638980222,0.3246443196574138,-0.10179456219864136,-0.07667078116316588,0.4446396950605306
465,linrank,6,0.01,0,-0.020253649629292894,0.16284631522457738,-0.12437278424974849,-0.08828408523650323,0.33949603400600725
465,linrank,6,0.1,0,-0.0027264140149784407,0.03925165807161625,-0.06945984319959139,-0.02423295125724333,0.27906055606660185
465,linrank,6,1.0,0,-0.0002714247436286582,0.00463274718038709,-0.05858829179752029,-0.00287058290184944,0.27262398754697903
465,rff,36,0.001,0,0.09390840197300204,0.497007663970784,0.18894759332830396,0.26626479370516604,0.3400782041027075
465,rff,36,0.01,0,0.1444227212908972,0.42752614800109984,0.33781026486016397,-0.07611248415296169,0.18685068910982494
465,rff,36,0.1,0,0.1645928479963698,0.44941615333876117,0.36623705395009004,-0.16093943505009237,0.17193959054251812
465,rff,36,1.0,0,0.16739344793550842,0.4555156352203187,0.3674812344356642,-0.17109668437885361,0.17278776651278405
465,rff,360,0.001,0,0.08618323532201201,0.48892932922107407,0.1762693096348152,0.2434943124290769,0.3461725704210075
465,rff,360,0.01,0,0.1441291549364917,0.4341546876172386,0.33197650295454023,-0.09923929125748275,0.1930647982516386
465,rff,360,0.1,0,0.16457723459185325,0.45131212467946036,0.36466388911829584,-0.1655310753544274,0.17367343288677695
465,rff,360,1.0,0,0.16739224068447806,0.45572597352726407,0.3673089760254003,-0.17159872175837076,0.17298144586167954
465,rff,3600,0.001,0,0.0897517493788388,0.4797989568369694,0.18706115988771416,0.053189926209951915,0.33081851878262125
465,rff,3600,0.01,0,0.1422307837889104,0.4314145589072607,0.3296847101061444,-0.1320891344514075,0.19394615195842613
465,rff,3600,0.1,0,0.16409032047898914,0.4507841140797587,0.3640108765011983,-0.16940419349309438,0.17401091186548487
465,rff,3600,1.0,0,0.16733700650718975,0.4556680466740404,0.36723445439854013,-0.17199418259587526,0.17302063153403607
465,rff,36,0.001,1,0.045101255265064887,0.5018202257823561,0.08987532376709285,0.18652198672069364,0.4357147537425024
465,rff,36,0.01,1,0.11418937966495891,0.4290610468730471,0.2661378386529362,-0.09588943895510112,0.24081343908403827
465,rff,36,0.1,1,0.15746684516978451,0.4478817030967912,0.35158133069739295,-0.1630652426491322,0.182519738998931
465,rff,36,1.0,1,0.16657790204529146,0.4552856702088138,0.3658755654859324,-0.17130652178425,0.17393703689860956
465,rff,360,0.001,1,0.08570531033872514,0.46903152440431567,0.1827282514700339,0.06694163170394667,0.327984952469736
465,rff,360,0.01,1,0.13944123048777157,0.42670697943912933,0.3267845083552545,-0.1331093616450079,0.19469984412835908
465,rff,360,0.1,1,0.16349639353681472,0.4497048776977829,0.3635637540197861,-0.17073917027422145,0.17403236269298625
465,rff,360,1.0,1,0.16727178672929396,0.45554598304383664,0.36718968656386464,-0.17215987094898177,0.17301802188629078
465,rff,3600,0.001,1,0.0951895118802858,0.4726863316603092,0.20137986970330396,-0.008787083287091452,0.3141739895918081
465,rff,3600,0.01,1,0.14267171071123316,0.4302832166925876,0.33157628551699664,-0.14431406257242327,0.19221504422401664
465,rff,3600,0.1,1,0.16409374954658504,0.4506871911387604,0.3640967677203474,-0.17094539755701016,0.17391780584552569
465,rff,3600,1.0,1,0.16733648031904325,0.45566010360801246,0.3672397012466921,-0.17215399143255103,0.17301426906943657
465,rff_ens,36,0.001,-1,0.06950482861903345,0.473481810518077,0.146795139908294,0.22639339021292984,0.3620658908966634
465,rff_ens,36,0.01,-1,0.12930605047792806,0.4253885382499741,0.30397163734097377,-0.08600096155403143,0.21112296425068683
465,rff_ens,36,0.1,-1,0.16102984658307712,0.44855226781644714,0.358999069087245,-0.1620023388496123,0.1771296573295857
465,rff_ens,36,1.0,-1,0.16698567499039996,0.4553994719765094,0.36667955337245867,-0.17120160308155183,0.173361146789576
465,rff_ens,360,0.001,-1,0.08594427283036855,0.475832778654188,0.18061864731859645,0.15521797206651172,0.3339743076552622
465,rff_ens,360,0.01,-1,0.14178519271213166,0.43015120523457684,0.32961709972383113,-0.11617432645124526,0.19362231685480494
465,rff_ens,360,0.1,-1,0.164036814064334,0.45049952752677214,0.3641220557208813,-0.16813512281432433,0.17384387458344663
465,rff_ens,360,1.0,-1,0.16733201370688602,0.4556358709724805,0.36724942957134415,-0.17187929635367624,0.17299962435617317
465,rff_ens,3600,0.001,-1,0.09247063062956229,0.47597172193479753,0.19427757231810858,0.022201421461430275,0.3222182383933736
465,rff_ens,3600,0.01,-1,0.14245124725007183,0.4308366541538104,0.3306386443137128,-0.1382015985119154,0.19306968794730037
465,rff_ens,3600,0.1,-1,0.16409203501278707,0.45073531916286597,0.36405408681429524,-0.1701747955250523,0.17396405591180705
465,rff_ens,3600,1.0,-1,0.16733674341311644,0.4556640711252834,0.36723708103619107,-0.17207408701421306,0.17301744662623444
465,linlev,11,0.0,0,0.23640491918989198,0.9678174940020139,0.24426601157242572,-0.14046625022003684,0.7918077511756267
465,linlev,11,0.001,0,0.15860407382123123,0.6120269494824501,0.25914557186632386,-0.049518615427234174,0.3545836935249144
465,linlev,11,0.01,0,0.13311405638845045,0.41783296294107564,0.3185819889639073,-0.08861174191594305,0.19813522619329785
465,linlev,11,0.1,0,0.08208982401296328,0.26841066895482146,0.3058366656311286,-0.05919617003825018,0.18666298043122037
465,linlev,11,1.0,0,0.017244809063363946,0.0623641112015304,0.2765181565345673,-0.013021430776014437,0.2417566497207537
465,rff_lev,36,0.001,0,0.1202357487252635,0.5564404593017185,0.2160801694329494,-0.79907846766368,0.35567072461079796
465,rff_lev,36,0.01,0,0.15555010388333573,0.46159424500721735,0.33698449572503575,-0.3112737736354097,0.19822447611712093
465,rff_lev,36,0.1,0,0.16657692690384246,0.4559593334160705,0.3653328590860059,-0.18790336378125766,0.17455253454016337
465,rff_lev,36,1.0,0,0.16760841020419623,0.45623693052261205,0.36737142259002026,-0.17382320201531215,0.17308749757737316
465,rff_lev,360,0.001,0,0.1741633884381829,0.4828478154457788,0.3607003757020011,-0.39337636323797814,0.18720772391855736
465,rff_lev,360,0.01,0,0.1731077414506742,0.4504733364451553,0.38427966195897123,-0.22869202827033736,0.15873663613872804
465,rff_lev,360,0.1,0,0.16897057936442106,0.4546632846512906,0.3716389360403602,-0.1783974046090178,0.16938820241369942
465,rff_lev,360,1.0,0,0.16785757278166855,0.45609947789375155,0.36802842563387234,-0.17285859432785597,0.1725473549536617
465,rff_lev,3600,0.001,0,0.152961935591148,0.4598428902992913,0.3326395575923592,-0.40119695833892105,0.20098856835819343
465,rff_lev,3600,0.01,0,0.16914359772427495,0.4459403161012517,0.3792964924164214,-0.20962469165627126,0.16124472876893858
465,rff_lev,3600,0.1,0,0.16834401105847197,0.4543519624058961,0.37051454596355754,-0.1756229349731905,0.17014699172629255
465,rff_lev,3600,1.0,0,0.16778946832113423,0.4560744383638811,0.3678993037256401,-0.17256957977287,0.1726378644080429
465,rff_lev,36,0.001,1,0.1630637098992138,0.488943543133292,0.33350212348496155,0.036253881878287215,0.21158774410129774
465,rff_lev,36,0.01,1,0.17876481494555577,0.45680189807813903,0.39133991276668656,-0.14423808581975212,0.15515480530109058
465,rff_lev,36,0.1,1,0.16952453706679266,0.4557693421444497,0.3719524798863374,-0.1691130174089949,0.16947478981480232
465,rff_lev,36,1.0,1,0.1679088065023468,0.45622302357851724,0.36804106286724747,-0.17192223758590938,0.17257480358136618
465,rff_lev,360,0.001,1,0.14032067964109987,0.482034158346666,0.2911011122580757,-0.31565625077468906,0.24346506570761198
465,rff_lev,360,0.01,1,0.16862929875363394,0.4536621486263273,0.37170678502545873,-0.18433096833503315,0.16904619002902319
465,rff_lev,360,0.1,1,0.16839916196750343,0.4555057995364323,0.3696970755122834,-0.1721056828692339,0.1711050892695679
465,rff_lev,360,1.0,1,0.1677966318590162,0.45619697329120745,0.36781618836367286,-0.17220222095924406,0.17273772642714932
465,rff_lev,3600,0.001,1,0.14667268118291454,0.4567809961803058,0.3211006640149675,-0.37985087241344523,0.20887599355292122
465,rff_lev,3600,0.01,1,0.16717317362385634,0.4469930874937146,0.3739949862786347,-0.21087992429058813,0.16546294504081566
465,rff_lev,3600,0.1,1,0.16803321453310768,0.4545222533485107,0.36969194202305883,-0.17608224283084,0.17081881295101453
465,rff_lev,3600,1.0,1,0.16775624194831001,0.4560931164863183,0.3678113873778279,-0.1726211527634182,0.17271020576409518
465,rff_lev_ens,36,0.001,-1,0.14164972931223865,0.49896683364037964,0.28388606168226777,-0.38141229289269635,0.25779269030475216
465,rff_lev_ens,36,0.01,-1,0.16715745941444576,0.45709154907193494,0.3656979870965396,-0.22775592972758094,0.1746189836838745
465,rff_lev_ens,36,0.1,-1,0.16805073198531756,0.4558310613275552,0.3686688912683775,-0.17850819059512632,0.17198114306306422
465,rff_lev_ens,36,1.0,-1,0.16775860835327153,0.4562296267915389,0.3677065199229686,-0.17287271980061072,0.17283080837432305
465,rff_lev_ens,360,0.001,-1,0.1572420340396414,0.4745175413696792,0.3313724369087968,-0.35451630700633374,0.20746748829905898
465,rff_lev_ens,360,0.01,-1,0.1708685201021541,0.45169885293547074,0.37827972993892944,-0.2065114983026853,0.16355046674270496
465,rff_lev_ens,360,0.1,-1,0.16868487066596222,0.4550773445917528,0.3706729694867329,-0.1752515437391258,0.17023983586224173
465,rff_lev_ens,360,1.0,-1,0.16782710232034237,0.45614814446497975,0.3679223610943069,-0.17253040764354993,0.17264246337329486
465,rff_lev_ens,3600,0.001,-1,0.14981730838703125,0.45759919403428473,0.327398540775853,-0.390523915376183,0.20426723354099208
465,rff_lev_ens,3600,0.01,-1,0.16815838567406566,0.4464393537368409,0.3766656865406822,-0.21025230797342967,0.1633281699312375
465,rff_lev_ens,3600,0.1,-1,0.1681886127957898,0.4544366444726586,0.3701035443366605,-0.17585258890201524,0.17048244976405474
465,rff_lev_ens,3600,1.0,-1,0.16777285513472215,0.4560837723486546,0.36785534874603626,-0.17259536626814412,0.17267403009228446
466,ff,6,0.0,0,0.24069441245163686,0.6412036042780087,0.3753790696835793,0.5879144313703852,0.25906904816489795
466,fm,6,0.0,0,0.1832540645733365,0.4626657285504657,0.3960830752419733,0.2367654609045117,0.1525155101547326
466,linrank,6,0.0,0,0.2922771682888623,0.5992878242415046,0.4877075029161258,0.6173287946872517,0.13139951355297166
466,linrank,6,0.001,0,0.18347759102946337,0.4562445259429536,0.4021474902088018,0.6052300537347928,0.14624992254758254
466,linrank,6,0.01,0,0.08380215424747041,0.2521379366289792,0.33236630460248917,0.4987288588978259,0.1743740423927189
466,linrank,6,0.1,0,0.01654407784463244,0.057321931776990895,0.288616892902295,0.13207953770543385,0.24185336542873412
466,linrank,6,1.0,0,0.001869914406974088,0.0066603418567845254,0.28075351793981995,0.01563652849482099,0.2676900386632142
466,rff,36,0.001,0,0.27054030776003785,0.5464971644117174,0.49504430283963835,0.18285342092743215,0.10215260405649178
466,rff,36,0.01,0,0.21409403961231913,0.4668449956425182,0.4585976964745263,0.31037010885188865,0.10697443927296954
466,rff,36,0.1,0,0.17940142465509815,0.4698353985578781,0.38183888486426604,0.19680794917153244,0.1655093343397464
466,rff,36,1.0,0,0.17329674445652496,0.4740590751244086,0.36555938605551686,0.16653466187009175,0.17955229017761368
466,rff,360,0.001,0,0.2784372365976447,0.5612695307027123,0.4960847175314146,0.16571427548189493,0.10705831836771035
466,rff,360,0.01,0,0.21524752247094484,0.47597012467758343,0.4522290608402176,0.3604525458162351,0.11376602131720823
466,rff,360,0.1,0,0.1794807258239885,0.4716773218585398,0.38051591099776544,0.20755629865144123,0.16711338599359699
466,rff,360,1.0,0,0.17330490437240986,0.4742589565899622,0.365422522789057,0.16774105089441868,0.17972834978413385
466,rff,3600,0.001,0,0.26593377464522483,0.5423034220999146,0.4903781975327991,0.18689223438383498,0.10432823557150929
466,rff,3600,0.01,0,0.2118216195071173,0.4721325111898223,0.44864866215907295,0.36502598561192895,0.11551627834241487
466,rff,3600,0.1,0,0.1790157938890969,0.4711099143898852,0.37998732020091913,0.20792920288810032,0.16734162886361859
466,rff,3600,1.0,0,0.17325645307065957,0.4741975367468167,0.3653676783293047,0.1677745281859442,0.17975020698967878
466,rff,36,0.001,1,0.26779696424215094,0.5569444735732001,0.4808324293516021,0.44650744820919874,0.11769044296036277
466,rff,36,0.01,1,0.21953097366742383,0.4732196148002208,0.46390928609352605,0.441119031735611,0.10445071563981251
466,rff,36,0.1,1,0.18190499139895658,0.4696580199769671,0.3873137126624124,0.22199309610142456,0.16124010957025023
466,rff,36,1.0,1,0.17360674546972885,0.47397278958571065,0.3662799833329562,0.16939322562402834,0.1789580271444177
466,rff,360,0.001,1,0.2710007610470541,0.5429681072581095,0.4991099061334538,0.38515542907640593,0.09763626663705197
466,rff,360,0.01,1,0.21140817558068026,0.4691806576023535,0.45059013442931795,0.39512636131648865,0.11338956575279192
466,rff,360,0.1,1,0.17878920516316948,0.4701793514968738,0.3802574583379131,0.21029357502835833,0.16683780287418348
466,rff,360,1.0,1,0.17322945529777972,0.47408957718337247,0.3653939332034219,0.16799655365086374,0.17969247152473872
466,rff,3600,0.001,1,0.26853169591596576,0.5416488372410315,0.49576714183265247,0.2351907582401473,0.09981135350775847
466,rff,3600,0.01,1,0.21165885419175423,0.47068271761855673,0.44968477972306486,0.3696775485818498,0.11440599358267167
466,rff,3600,0.1,1,0.1789085972229597,0.4709634656107254,0.37987786800183887,0.20767238091888413,0.16737968839805648
466,rff,3600,1.0,1,0.17324337200622988,0.4741850108519109,0.36534974333116194,0.16772778635855076,0.17975995719187993
466,rff_ens,36,0.001,-1,0.2691686360010944,0.5409463788241411,0.4975883868308503,0.3146804345683154,0.0981194781110758
466,rff_ens,36,0.01,-1,0.21681250663987153,0.4685166532587507,0.4627637142283843,0.37574457029374975,0.10427251488012551
466,rff_ens,36,0.1,-1,0.18065320802702736,0.4696814368764057,0.38462922705324065,0.2094005226364785,0.16331182840631056
466,rff_ens,36,1.0,-1,0.1734517449631269,0.47401509558961463,0.3659202978491116,0.16796394374706006,0.17925433949495517
466,rff_ens,360,0.001,-1,0.27471899882234935,0.5494004917205029,0.5000341335007531,0.2754348522791505,0.09925544171560947
466,rff_ens,360,0.01,-1,0.21332784902581256,0.4723420348035561,0.45163850199047856,0.37778945356636184,0.11334208170434232
466,rff_ens,360,0.1,-1,0.17913496549357893,0.470921649063013,0.38039229211483816,0.2089249368398997,0.1669686151750791
466,rff_ens,360,1.0,-1,0.1732671798350947,0.47417418845786985,0.3654082909881743,0.16786880227264123,0.1797103276811208
466,rff_ens,3600,0.001,-1,0.26723273528059527,0.5416800907571508,0.4933405156299211,0.21104149631199104,0.10174719571065698
466,rff_ens,3600,0.01,-1,0.21174023684943577,0.4713953460211422,0.44917761415476337,0.3673517670968895,0.11494903719619975
466,rff_ens,3600,0.1,-1,0.17896219555602833,0.4710364166233986,0.3799328231114486,0.2078007919034922,0.16736039285521337
466,rff_ens,3600,1.0,-1,0.1732499125384448,0.4741912705751549,0.3653587134328874,0.16775115727224746,0.17975507895099277
466,linlev,11,0.0,0,0.38782353411095305,0.7689443371665545,0.5043583980864272,0.7832858706113727,0.23741742979253916
466,linlev,11,0.001,0,0.31243348650266717,0.6437299194444809,0.4853487107951851,0.8723877154096642,0.15851793041449938
466,linlev,11,0.01,0,0.21633085237492655,0.5233439684883721,0.4133626551573282,0.798583208532462,0.1594082530361911
466,linlev,11,0.1,0,0.1281195652718137,0.3513994077999393,0.36459812517599766,0.4882714140928556,0.15503904700758292
466,linlev,11,1.0,0,0.030472970586832755,0.08627197489659114,0.3532198100641467,0.11429567417121081,0.21880752515890228
466,rff_lev,36,0.001,0,0.24788937818391318,0.6082880667144724,0.4075197126960429,0.6578157617527159,0.2070667702994351
466,rff_lev,36,0.01,0,0.20207163019038119,0.484250333196039,0.4172875398075907,0.3714282292223095,0.1425700792911344
466,rff_lev,36,0.1,0,0.17698215250893526,0.4745615554372499,0.3729382426392885,0.19539361749757808,0.1739490579314714
466,rff_lev,36,1.0,0,0.17303045421573618,0.4746082467145639,0.36457532167535034,0.16620887993639338,0.1805136282477277
466,rff_lev,360,0.001,0,0.26246653269258524,0.5416494754125695,0.48456897792186887,0.38126484293797125,0.10872178035683286
466,rff_lev,360,0.01,0,0.20001786615128983,0.47188806058515925,0.42386718982306953,0.3570250572960833,0.13403176694358235
466,rff_lev,360,0.1,0,0.17665876150392926,0.4730592112140872,0.3734390057653496,0.19953103833532856,0.17305782306636175
466,rff_lev,360,1.0,0,0.17299768923961173,0.474449693872707,0.36462809750705905,0.1667450663940596,0.18041734476255103
466,rff_lev,3600,0.001,0,0.24408336547645662,0.5036026445403311,0.48467451099119313,0.1988952789848668,0.09640759268103895
466,rff_lev,3600,0.01,0,0.19459596516837194,0.4651693735673769,0.41833357100881,0.3038203776188897,0.13644021617175603
466,rff_lev,3600,0.1,0,0.17576533090848603,0.4725055208087222,0.3719857719496121,0.18976409582611842,0.1740062676707432
466,rff_lev,3600,1.0,0,0.17290083908804055,0.47440063887572714,0.3644616489088103,0.1656667420272905,0.1805309988905892
466,rff_lev,36,0.001,1,0.24649484626999466,0.5793920504334032,0.42543705265822834,0.19289603189374177,0.17484717554672607
466,rff_lev,36,0.01,1,0.1966881593095975,0.4782741359997253,0.41124565286907017,0.19459063662786166,0.14543807330331018
466,rff_lev,36,0.1,1,0.17588473081598593,0.47414788659077034,0.3709490979294173,0.16951139351672792,0.17536420600435776
466,rff_lev,36,1.0,1,0.17290995919571234,0.4745748441490854,0.3643470810294224,0.1634797925293468,0.1806812290403907
466,rff_lev,360,0.001,1,0.2558870111832375,0.537016220397464,0.4764977322171885,0.38872576871476816,0.11347257183941666
466,rff_lev,360,0.01,1,0.19792843122960765,0.4742066698257854,0.41738854348531795,0.3217964189770823,0.13957277788068354
466,rff_lev,360,0.1,1,0.17618000954658683,0.47371451397013703,0.37191178304849914,0.19016701836584368,0.17446682816024883
466,rff_lev,360,1.0,1,0.1729431537051486,0.47452725801949547,0.36445357096439635,0.16567765431786727,0.1805811563503101
466,rff_lev,3600,0.001,1,0.24308185548951278,0.5048851295751354,0.48145972469830506,0.15047873698955302,0.09921608229892385
466,rff_lev,3600,0.01,1,0.19460153559281645,0.4659643793657288,0.41763178519720384,0.2981779694926589,0.13717150005076212
466,rff_lev,3600,0.1,1,0.17574356928586074,0.472655264581437,0.3718218804597292,0.18892689735726406,0.17418367345378458
466,rff_lev,3600,1.0,1,0.17289801325764845,0.4744175530463497,0.36444269852038264,0.1655747776109982,0.18055172185525478
466,rff_lev_ens,36,0.001,-1,0.2471921122269539,0.5368339573855673,0.46046288396286095,0.4253558968232289,0.12629242443918795
466,rff_lev_ens,36,0.01,-1,0.1993798947499893,0.4784326436500845,0.4167355580690927,0.2830094329250856,0.1412723581841707
466,rff_lev_ens,36,0.1,-1,0.17643344166246064,0.4743136759793884,0.37197629036976715,0.182452505507153,0.17461734997664377
466,rff_lev_ens,36,1.0,-1,0.17297020670572433,0.47459111382055613,0.3644615368233058,0.1648443362328701,0.18059701505743236
466,rff_lev_ens,360,0.001,-1,0.25917677193791133,0.5362241444743735,0.4833366319078487,0.38499530582636987,0.10773739909723089
466,rff_lev_ens,360,0.01,-1,0.1989731486904488,0.47290033895408323,0.4207507000957517,0.33941073813658285,0.13666075784540443
466,rff_lev_ens,360,0.1,-1,0.17641938552525807,0.47338351542601226,0.3726775009613355,0.19484902835058612,0.17375899195930689
466,rff_lev_ens,360,1.0,-1,0.17297042147238012,0.47448843688282105,0.36454085711491563,0.16621136035596343,0.18049921123869933
466,rff_lev_ens,3600,0.001,-1,0.2435826104829847,0.5037112098797097,0.4835759175205852,0.17468700798720993,0.09727426086584072
466,rff_lev_ens,3600,0.01,-1,0.19459875038059424,0.4655485513080687,0.41799883134384813,0.3009991735557742,0.13678863725716567
466,rff_lev_ens,3600,0.1,-1,0.17575445009717333,0.4725800981852488,0.3719040449906516,0.18934549659169123,0.17409468647901616
466,rff_lev_ens,3600,1.0,-1,0.1728994261728445,0.47440909275993387,0.36445217600484975,0.16562075981914431,0.1805413572621372
467,ff,6,0.0,0,0.14551675509326312,0.47008067249047986,0.30955698374561474,0.49295942819723454,0.21834795984615987
467,fm,6,0.0,0,0.17982772984980136,0.460042132155446,0.39089404487204327,0.19473812803226395,0.15155182145217078
467,linrank,6,0.0,0,0.06095770500042946,0.5080783655362663,0.11997697429232174,-0.0956407546445488,0.40717456269477564
467,linrank,6,0.001,0,-0.03627409052700326,0.32432659036371125,-0.11184433100697733,-0.1250301833304577,0.4462822332852299
467,linrank,6,0.01,0,-0.022014809255584893,0.1708267413830276,-0.1288721489232374,-0.025171945037419652,0.3409265512799849
467,linrank,6,0.1,0,-0.0028992742083501356,0.04362791609164609,-0.06645456551855089,0.00930278631053262,0.2749408546408467
467,linrank,6,1.0,0,-0.00028312201687090687,0.005231950966299442,-0.05411404248521828,0.0014739849629710508,0.26782420287344355
467,rff,36,0.001,0,0.10120474725971162,0.5193255986578577,0.1948772552735021,-0.05270420141715185,0.34476248914053287
467,rff,36,0.01,0,0.14597704385514393,0.4389686245001544,0.3325455071449932,0.028589063321393552,0.18927916828866787
467,rff,36,0.1,0,0.16882353594682736,0.46318020158201867,0.3644878070569529,0.021090925623066335,0.17262071890420602
467,rff,36,1.0,0,0.17221776917009643,0.4703312825678464,0.3661626933038493,0.013330130394209707,0.17366544241035872
467,rff,360,0.001,0,0.1120652750543347,0.4897230357763323,0.22883398751435793,0.028833145572549557,0.2954872329050327
467,rff,360,0.01,0,0.14845299537858547,0.4468905537589881,0.3321909450309112,0.03706022532740731,0.19207397348943003
467,rff,360,0.1,0,0.169100251594341,0.46539808342350675,0.3633453974507707,0.0208512551454712,0.17422027332557222
467,rff,360,1.0,0,0.17224593535898156,0.47057347575239994,0.36603409294069866,0.013293558533775425,0.17384669298213346
467,rff,3600,0.001,0,0.11538055424529124,0.4767498784846058,0.2420148582146243,-0.008441465179361146,0.27707251581316605
467,rff,3600,0.01,0,0.14696909455996918,0.4438530146228705,0.331121091257755,0.024280847946526577,0.19189772959636034
467,rff,3600,0.1,0,0.16867848936768987,0.4649784976084514,0.3627662144276841,0.018277189420307663,0.1745309626489104
467,rff,3600,1.0,0,0.172197292754135,0.47052859027390337,0.36596563166097046,0.013003318901212051,0.17388498175944156
467,rff,36,0.001,1,0.085065969924662,0.48205072671062377,0.17646684303357002,-0.1895675968039256,0.3367076878828515
467,rff,36,0.01,1,0.12101462710549198,0.4409705661865688,0.27442790150826596,-0.10642369104617576,0.23430083137611207
467,rff,36,0.1,1,0.16201402735045564,0.4616823841095505,0.350920964123275,-0.011899614988027612,0.1826016195251929
467,rff,36,1.0,1,0.17142548156313608,0.4700866557140334,0.36466783193994534,0.00957093834352257,0.17474770185399666
467,rff,360,0.001,1,0.1191565602740892,0.45578158103146493,0.2614334699625855,-0.025779530395010165,0.2508525202864277
467,rff,360,0.01,1,0.1447298008343123,0.43779039583974605,0.33059153926092727,0.019082661987831255,0.19037804964114813
467,rff,360,0.1,1,0.16802925803567118,0.46357448473755275,0.36246442280100677,0.017212825490256076,0.17430712375507507
467,rff,360,1.0,1,0.1721244337787598,0.4703688952987047,0.3659349831571097,0.012897204086995786,0.17385535618137435
467,rff,3600,0.001,1,0.11988409940242183,0.47098467619428985,0.2545392779466299,-0.0001647745176580986,0.2636610690652376
467,rff,3600,0.01,1,0.14743112199406183,0.44269273612989857,0.33303262050995425,0.02346636624512408,0.1900810557371919
467,rff,3600,0.1,1,0.16866951907033764,0.46485096257633546,0.3628464446658849,0.017578319089451903,0.17442729130160095
467,rff,3600,1.0,1,0.17219513793089222,0.4705168772673411,0.3659701622840053,0.012918038550044674,0.17387752682937624
467,rff_ens,36,0.001,-1,0.09313535859218681,0.48117379621279704,0.19355866700396565,-0.12113589911053872,0.3211622053682675
467,rff_ens,36,0.01,-1,0.13349583548031793,0.4366986910767777,0.3056932347361845,-0.0389173138623911,0.20876571928883458
467,rff_ens,36,0.1,-1,0.1654187816486415,0.46230528988013647,0.3578128679676804,0.004595655317519353,0.17748249644670652
467,rff_ens,36,1.0,-1,0.1718216253666162,0.470207401710784,0.36541667515540416,0.01145053436886614,0.1742049262047115
467,rff_ens,360,0.001,-1,0.11561091766421192,0.4683908062211479,0.2468257620104245,0.0015268075887696535,0.2687645016779458
467,rff_ens,360,0.01,-1,0.14659139810644883,0.4420045410113527,0.3316513395338255,0.028071443657619297,0.1909047614312739
467,rff_ens,360,0.1,-1,0.16856475481500607,0.4644770447901394,0.3629129936683248,0.019032040317863666,0.1742539974435237
467,rff_ens,360,1.0,-1,0.1721851845688707,0.47047107671012206,0.3659846334718713,0.013095381310385594,0.1738509080387679
467,rff_ens,3600,0.001,-1,0.11763232682385653,0.47366466574409655,0.2483451592046955,-0.004303119848509656,0.27016143161145983
467,rff_ens,3600,0.01,-1,0.14720010827701546,0.44325839804182415,0.3320864509895337,0.02387360709582536,0.19097616812804985
467,rff_ens,3600,0.1,-1,0.16867400421901377,0.46491433606139176,0.3628066315355361,0.01792775425487976,0.17447875650736466
467,rff_ens,3600,1.0,-1,0.17219621534251361,0.47052272907342746,0.36596790059772333,0.012960678725628378,0.1738812498386757
467,linlev,11,0.0,0,0.25788889920969166,1.0460777152580636,0.24652938825493612,-0.2588030161545934,0.9122379776464452
467,linlev,11,0.001,0,0.17206619192282188,0.6528091661467914,0.2635780881240428,-0.24294024512344733,0.37886470333315864
467,linlev,11,0.01,0,0.13879651424440997,0.4461505239776675,0.31109795189068873,-0.03821009332237781,0.20795223929383747
467,linlev,11,0.1,0,0.09316732008882471,0.29857250504616023,0.31204253075620864,0.02814125922675573,0.17872155549513494
467,linlev,11,1.0,0,0.021107163779909927,0.07142921534313237,0.29549762906557386,0.008383132939629319,0.2305638229782592
467,rff_lev,36,0.001,0,0.17536724568689332,0.6015383258719438,0.291531292595022,0.36007636139538807,0.309098042349553
467,rff_lev,36,0.01,0,0.1673746498181419,0.4746351747905753,0.35263852893328673,0.09663502275103739,0.18577402828465342
467,rff_lev,36,0.1,0,0.17227364347272026,0.46991510213155774,0.36660588836425695,0.026580110115883765,0.17318162987194927
467,rff_lev,36,1.0,0,0.17258837538517982,0.47107224871557674,0.3663734721282318,0.013840727398682563,0.17374956542839784
467,rff_lev,360,0.001,0,0.17883965175419944,0.4960337770765106,0.36053926167736433,0.30473034692450196,0.18758433090266555
467,rff_lev,360,0.01,0,0.1780714850619915,0.4625581261404097,0.38497104471565985,0.11238141010561473,0.15675700909743867
467,rff_lev,360,0.1,0,0.17409882409422545,0.4688384881190175,0.371340725017502,0.031097330651631883,0.16915278567497877
467,rff_lev,360,1.0,0,0.17278416674003252,0.4709583603904185,0.36687779912601326,0.014351427959821597,0.1733183173883251
467,rff_lev,3600,0.001,0,0.16549322638796993,0.47234092565477465,0.35036817137654913,0.2587639355344524,0.18673801062348083
467,rff_lev,3600,0.01,0,0.1760878016955193,0.4597443372018384,0.38301244288782327,0.09499620109002654,0.15742667147479117
467,rff_lev,3600,0.1,0,0.1737294274272919,0.46875282997735807,0.37062054096971203,0.026841185567882283,0.16968278008212448
467,rff_lev,3600,1.0,0,0.1727418262633322,0.47095944814250457,0.36678704917087335,0.013858364271006736,0.1733893931795309
467,rff_lev,36,0.001,1,0.14594123275676263,0.5629774040059711,0.25923106632395987,-0.12321806471999422,0.31359044069705216
467,rff_lev,36,0.01,1,0.1781597861427091,0.4681824211169517,0.3805349754859867,0.039290273657474416,0.16184662192664004
467,rff_lev,36,0.1,1,0.173923840865253,0.4697416452074363,0.3702542506923116,0.018287814610392514,0.1702895393037164
467,rff_lev,36,1.0,1,0.17275848714241224,0.4710681036743029,0.3667378151798146,0.012933036387321744,0.17346418426492582
467,rff_lev,360,0.001,1,0.14950161546093657,0.5033922534231624,0.2969883116879478,0.04636318647037775,0.24398176828071752
467,rff_lev,360,0.01,1,0.1751662779692088,0.4681361452698025,0.37417806708399887,0.06173655258218881,0.1667326248779498
467,rff_lev,360,0.1,1,0.17374946308002392,0.4700832746897239,0.369614220362778,0.02329163801728536,0.17089874027427476
467,rff_lev,360,1.0,1,0.17274571748074555,0.47110343892988926,0.36668320204398674,0.013500024127833573,0.17351860348872583
467,rff_lev,3600,0.001,1,0.159377283920623,0.4768320569174146,0.3342419655065819,0.20407908734751812,0.20124586666347283
467,rff_lev,3600,0.01,1,0.17411503078373616,0.4606740128505455,0.37795713655813173,0.08317176021545344,0.16153703386388493
467,rff_lev,3600,0.1,1,0.17340833794021585,0.4688944540663197,0.3698238194894266,0.025103629986471112,0.17034629021162
467,rff_lev,3600,1.0,1,0.17270716250295248,0.4709757819905512,0.36670072879971854,0.013671696383016555,0.1734621315662391
467,rff_lev_ens,36,0.001,-1,0.16065423922182798,0.5583072989177369,0.28775235346779765,0.11842914833769692,0.28343885153181925
467,rff_lev_ens,36,0.01,-1,0.17276721798042552,0.4695152417630812,0.36796934926258346,0.06796264820425588,0.1719891432664009
467,rff_lev_ens,36,0.1,-1,0.1730987421689866,0.4697947087400207,0.36845613402763455,0.022433962363138143,0.17170326393334448
467,rff_lev_ens,36,1.0,-1,0.17267343126379603,0.4710698112437532,0.36655592683362775,0.013386881893002184,0.17360652377275754
467,rff_lev_ens,360,0.001,-1,0.16417063360756798,0.4929673843360251,0.33302534574105436,0.1755467666974399,0.20885807711378818
467,rff_lev_ens,360,0.01,-1,0.1766188815156002,0.46504249464362407,0.37979084395491325,0.08705898134390176,0.16145149347169796
467,rff_lev_ens,360,0.1,-1,0.17392414358712469,0.4694533771184279,0.37048225034548904,0.02719448433445863,0.1700182992068737
467,rff_lev_ens,360,1.0,-1,0.17276494211038904,0.47103081023907745,0.3667805552309839,0.013925726043827549,0.17341837056682116
467,rff_lev_ens,3600,0.001,-1,0.16243525515429652,0.473937841102509,0.3427353569751419,0.23142151144098533,0.1933622844080671
467,rff_lev_ens,3600,0.01,-1,0.17510141623962774,0.46018538363258127,0.3805019074213606,0.08908398065274001,0.1594587661696455
467,rff_lev_ens,3600,0.1,-1,0.17356888268375387,0.4688231973117954,0.3702224712407313,0.025972407777176725,0.17001408737694518
467,rff_lev_ens,3600,1.0,-1,0.17272449438314236,0.47096761006313814,0.3667438921330213,0.013765030327011658,0.17342575729292323
468,ff,6,0.0,0,0.15459366212099399,0.5319460840133186,0.2906190434839696,-0.2278212985737093,0.24878788460200557
468,fm,6,0.0,0,0.18180539792715755,0.4538011235831632,0.40062791491489125,0.3539695097987084,0.12648723880538726
468,linrank,6,0.0,0,0.06267411279596895,0.48512802430954144,0.12919087262618953,-0.09315423660978978,0.3650383909722119
468,linrank,6,0.001,0,-0.04113070581205852,0.3229148557634518,-0.12737322262493994,-0.07291150362665567,0.4393365228363548
468,linrank,6,0.01,0,-0.028036280028036147,0.2001905480144838,-0.14004797082631354,0.03287347938952039,0.34804422074713104
468,linrank,6,0.1,0,-0.0044317428731949614,0.052469810082512475,-0.08446271991885874,0.017796636706348703,0.2627455792402879
468,linrank,6,1.0,0,-0.0004613345896102659,0.006285344885305633,-0.07339845275456718,0.002266056000881782,0.25207175974806023
468,rff,36,0.001,0,0.08189462954916889,0.5388445706696273,0.15198191465007738,-0.32929476490014276,0.3843803147697016
468,rff,36,0.01,0,0.13856293225832822,0.4317220580830273,0.3209540250817582,0.14530407992673622,0.17956712929372337
468,rff,36,0.1,0,0.16778522063802842,0.4561315781618478,0.36784390441499687,0.31283071309503707,0.15174682776382184
468,rff,36,1.0,0,0.17224963925420153,0.46416517165724486,0.37109557065474197,0.33539983452472666,0.1517293384733079
468,rff,360,0.001,0,0.11080265306740177,0.47904246310308757,0.2313002741962722,-0.14049747954355857,0.27126297542675337
468,rff,360,0.01,0,0.14524136518649922,0.4403565178089826,0.3298267637984681,0.20261596143093122,0.17563555874400136
468,rff,360,0.1,0,0.16863585518455151,0.45873701566919495,0.36760899910932504,0.32037625730568464,0.15271536300871016
468,rff,360,1.0,0,0.1723380937859297,0.46444655657480494,0.3710611939011599,0.3361812381754189,0.15184420709101085
468,rff,3600,0.001,0,0.11590303539952383,0.47482385264642046,0.2440969103669514,-0.07978463398544328,0.2581945060366743
468,rff,3600,0.01,0,0.1435413854567002,0.4378976602710007,0.3277966485773573,0.20593781727596866,0.1763850914751542
468,rff,3600,0.1,0,0.16812977437101254,0.4583331114648542,0.36682877620092047,0.3201098016505819,0.1531866855319859
468,rff,3600,1.0,0,0.1722794140564626,0.4644021606153586,0.37097031122375235,0.3361396386394468,0.15190010735783516
468,rff,36,0.001,1,0.08421771914924081,0.46021364713927326,0.1829970051360824,-0.184141764765815,0.30156315911235915
468,rff,36,0.01,1,0.11622707546471028,0.43233111763284165,0.2688380982176176,0.14576656798716092,0.21907414959422977
468,rff,36,0.1,1,0.16062774532411975,0.45447783937414854,0.35343361415666974,0.30281537100556194,0.162205260580774
468,rff,36,1.0,1,0.17140236731387953,0.4638856250681941,0.36949273280171663,0.3341075387337225,0.15287328221686097
468,rff,360,0.001,1,0.12133446295453403,0.45595867274590035,0.2661084659796615,0.03854080306829321,0.23106080942250914
468,rff,360,0.01,1,0.14063592072336525,0.43137173164154946,0.3260202521574302,0.23899284321225275,0.1756975637893161
468,rff,360,0.1,1,0.16737839848648525,0.456885274174407,0.3663466693885867,0.32528231787382633,0.15311225724326205
468,rff,360,1.0,1,0.17219622113948943,0.46423828984166443,0.37092205642541803,0.3366998712529162,0.15188565822976335
468,rff,3600,0.001,1,0.11790529698816804,0.4700494411822807,0.25083594757949196,-0.08008609092806337,0.25014691441621534
468,rff,3600,0.01,1,0.14329339546448971,0.4362557609024582,0.3284618985158307,0.2081586446693742,0.17537466735425486
468,rff,3600,0.1,1,0.1680258332392181,0.45816191349409735,0.3667389808938862,0.3205402956276339,0.153202725312779
468,rff,3600,1.0,1,0.1722674281478817,0.4643873506378153,0.37095633184512905,0.3361880037142984,0.15190619411624046
468,rff_ens,36,0.001,-1,0.08305617434920486,0.46667808384651405,0.17797316228057805,-0.25671826483297894,0.3096837855206787
468,rff_ens,36,0.01,-1,0.12739500386151922,0.4282957280448493,0.29744635661689106,0.14553532395694854,0.19598608212621443
468,rff_ens,36,0.1,-1,0.1642064829810741,0.455170830156319,0.3607579223050844,0.3078230420502994,0.15684065989496712
468,rff_ens,36,1.0,-1,0.17182600328404052,0.4640237250966595,0.3702957284096797,0.33475368662922467,0.15229955846797524
468,rff_ens,360,0.001,-1,0.11606855801096791,0.4617287523744482,0.2513782332464316,-0.050978338237632675,0.24563760708498308
468,rff_ens,360,0.01,-1,0.14293864295493228,0.43549689193143776,0.32821966265016594,0.22080440232159204,0.17532108480078448
468,rff_ens,360,0.1,-1,0.16800712683551838,0.4578008360420361,0.366987374440032,0.32282928758975543,0.15290311865618528
468,rff_ens,360,1.0,-1,0.17226715746270957,0.464342301627152,0.3709917379033735,0.33644055471416756,0.1518648038741727
468,rff_ens,3600,0.001,-1,0.11690416619384594,0.47225960499313646,0.2475421673965635,-0.07993536245675335,0.25399675837296876
468,rff_ens,3600,0.01,-1,0.143417390460595,0.4370612723501582,0.32814023921500424,0.20704823097267136,0.17586569493258475
468,rff_ens,3600,0.1,-1,0.16807780380511528,0.4582469630730774,0.3667843266826225,0.3203250486391079,0.15319419186632735
468,rff_ens,3600,1.0,-1,0.17227342110217211,0.4643947488793289,0.3709633270356738,0.33616382117687266,0.1519031443795059
468,linlev,11,0.0,0,0.1772730126400232,0.8241132967542699,0.21510757481793383,0.2651524655254511,0.6071517937965234
468,linlev,11,0.001,0,0.12764980332287576,0.5577173025494541,0.2288790445255314,0.4565941529466741,0.3231528273845655
468,linlev,11,0.01,0,0.1229417372987819,0.431757108695392,0.2847474536557503,0.5338774275331472,0.20675476926039232
468,linlev,11,0.1,0,0.08735321405780665,0.29733379944648797,0.2937883759613675,0.3959718241851678,0.17244091636280892
468,linlev,11,1.0,0,0.020838544038128525,0.07316974220159185,0.2847972865712129,0.09582927755771997,0.21522034019412828
468,rff_lev,36,0.001,0,0.15717435043289243,0.582774830566441,0.26969996332910146,0.27883951630361803,0.30109095088886995
468,rff_lev,36,0.01,0,0.1665001451435202,0.46509675319406846,0.35799034071959124,0.31012683348581016,0.16214637005634594
468,rff_lev,36,0.1,0,0.17238855179226523,0.46336765171212285,0.3720340665890189,0.3351617840203255,0.15075966203662033
468,rff_lev,36,1.0,0,0.17274426308512736,0.46497167071925555,0.3715156728105879,0.33772505508978873,0.15166008100893363
468,rff_lev,360,0.001,0,0.17935694409311098,0.5110576982833228,0.35095243589047387,0.04455034160085137,0.18574436836175404
468,rff_lev,360,0.01,0,0.18085376787937332,0.46089714549495214,0.3923950704558097,0.3033180756473227,0.13453610050172363
468,rff_lev,360,0.1,0,0.17479788612295724,0.4628793956444476,0.3776315985713589,0.33620792907611574,0.146325235838218
468,rff_lev,360,1.0,0,0.1730036654939347,0.46490686373982304,0.37212542766577256,0.33786038481192565,0.1511707014177751
468,rff_lev,3600,0.001,0,0.16621292548030675,0.4812578148412996,0.34537189912462496,0.012297725285404413,0.17791934216084007
468,rff_lev,3600,0.01,0,0.1782170840783593,0.4562378909172994,0.3906231543374026,0.302703118342701,0.13458954618824878
468,rff_lev,3600,0.1,0,0.1742854344088394,0.4625873274266738,0.37676223293528494,0.33669104045497483,0.1469009515040608
468,rff_lev,3600,1.0,0,0.17294505214105363,0.4648897883258785,0.3720130157383078,0.3379176972996231,0.15125177424655353
468,rff_lev,36,0.001,1,0.19208803397462812,0.5421399933625441,0.3543144507440415,-0.25398104811147176,0.19774688942902993
468,rff_lev,36,0.01,1,0.18465138059560243,0.463345886932096,0.3985173620903715,0.24225627672843947,0.13059215428045687
468,rff_lev,36,0.1,1,0.1748247704406391,0.4638528402959045,0.37689705711215127,0.33028002019560354,0.14718298910783081
468,rff_lev,36,1.0,1,0.1729942331974184,0.46503823495272495,0.3720000210627944,0.33727715854186896,0.15130847047158075
468,rff_lev,360,0.001,1,0.17376747390414948,0.5138234435720552,0.3381851802948759,-0.07590392738519953,0.1977840905218842
468,rff_lev,360,0.01,1,0.18114382022937908,0.4645748036828438,0.38991313948451334,0.28956290965094766,0.1374645635443974
468,rff_lev,360,0.1,1,0.17474158275308088,0.46403982346025735,0.37656591938611195,0.3347888514644674,0.14749378517282585
468,rff_lev,360,1.0,1,0.1729933106004533,0.46504926045159467,0.37198921772817134,0.3377146159278097,0.15132025113708228
468,rff_lev,3600,0.001,1,0.16615115715551282,0.4859489539239726,0.3419107208974616,-0.10243035405374162,0.18255965071180233
468,rff_lev,3600,0.01,1,0.1774680088003539,0.4565617190082252,0.3887054069838841,0.28148894217073434,0.13611685198950918
468,rff_lev,3600,0.1,1,0.17411173720423298,0.462673021293865,0.3763170299347248,0.3340043416896943,0.14726711943591203
468,rff_lev,3600,1.0,1,0.17292542329365038,0.4649013766196682,0.37196152128222065,0.3376385884447344,0.15129501759575895
468,rff_lev_ens,36,0.001,-1,0.17463119220376028,0.5252818272293267,0.33245237727883564,0.012429234096073183,0.2082640390792752
468,rff_lev_ens,36,0.01,-1,0.17557576286956125,0.4619248383296798,0.38009595566335685,0.27619155510712473,0.14415925121291562
468,rff_lev_ens,36,0.1,-1,0.17360666111645212,0.4635738557653135,0.3744962295810343,0.33272090210796446,0.14893604247912698
468,rff_lev_ens,36,1.0,-1,0.1728692481412729,0.4650045636159721,0.37175817544027034,0.3375011068158288,0.1514838970329727
468,rff_lev_ens,360,0.001,-1,0.17656220899863023,0.5065336709075936,0.34856954066305357,-0.015676792892174128,0.1857355275912467
468,rff_lev_ens,360,0.01,-1,0.18099879405437613,0.46241556386478483,0.3914202033807454,0.29644049264913513,0.135700501223682
468,rff_lev_ens,360,0.1,-1,0.174769734438019,0.4634509007699619,0.37710517801920845,0.3354983902702916,0.1469011008028957
468,rff_lev_ens,360,1.0,-1,0.17299848804719406,0.4649779562560414,0.3720573969573989,0.3377875003698677,0.15124537275518107
468,rff_lev_ens,3600,0.001,-1,0.16618204131790978,0.4829530984017656,0.34409561066665734,-0.0450663143841686,0.1796054556555424
468,rff_lev_ens,3600,0.01,-1,0.1778425464393566,0.45637268695378663,0.3896870946121396,0.2920960302567176,0.13532828002164923
468,rff_lev_ens,3600,0.1,-1,0.17419858580653622,0.4626296170405656,0.3765400644275259,0.3353476910723346,0.14708351042593396
468,rff_lev_ens,3600,1.0,-1,0.172935237717352,0.4648955760861152,0.3719872732996673,0.33777814287217867,0.15127338985300295
469,ff,6,0.0,0,0.13704319045624386,0.46851625773245603,0.29250466380720924,0.7965532467927946,0.21840370677537044
469,fm,6,0.0,0,0.19230568870903147,0.4967327438343616,0.3871411560763889,1.1471615535507265,0.15331528716681236
469,linrank,6,0.0,0,0.08743780624469731,0.46681804931019977,0.18730596722620518,0.8818074835022898,0.30489061651107746
469,linrank,6,0.001,0,-0.016574665619674838,0.3354414413513165,-0.049411502505189164,0.08110416340228938,0.4001467792334093
469,linrank,6,0.01,0,-0.013501634571134331,0.20738154106190268,-0.06510528614069919,0.034000611028003,0.3243944347293775
469,linrank,6,0.1,0,-0.0012147827615699334,0.05300284373220931,-0.02291919972648037,0.01548051824681495,0.2594421105418055
469,linrank,6,1.0,0,-9.025003302477481e-05,0.00632996875562506,-0.014257579540906118,0.0019215349807602464,0.254422344593372
469,rff,36,0.001,0,0.11895687018884338,0.49510789317214815,0.24026453997064895,1.0347001318670956,0.27557059034660863
469,rff,36,0.01,0,0.15375501361423355,0.43709649725836386,0.35176446065947387,1.1409836117633112,0.16138569277638365
469,rff,36,0.1,0,0.17067006906300647,0.45446234186856005,0.37554281915038806,1.2740044524747112,0.14852592240242105
469,rff,36,1.0,0,0.17321513360204288,0.46111277691962554,0.37564592063393465,1.3021861658068117,0.15039997622102302
469,rff,360,0.001,0,0.14573062230319356,0.4876471268465545,0.2988444190076196,1.0030814738887703,0.22177765786999537
469,rff,360,0.01,0,0.15738192522550865,0.4451905415992523,0.35351587807806417,1.2034938213161637,0.16240160614391258
469,rff,360,0.1,0,0.17112803458798284,0.45677169787946037,0.3746467554413641,1.2887016388176669,0.149870886907472
469,rff,360,1.0,0,0.17326392831436246,0.46136527408234035,0.375546097739987,1.3038246731564813,0.15055221623307938
469,rff,3600,0.001,0,0.1487253091631072,0.4915167983567808,0.3025843870653448,0.9581119032351642,0.2204591302041546
469,rff,3600,0.01,0,0.15591572355072877,0.4429000967962531,0.3520336181422298,1.2016218464878916,0.1628405293688268
469,rff,3600,0.1,0,0.17068853596977596,0.4563978858787602,0.3739906367908078,1.2897575644436565,0.15025830248436212
469,rff,3600,1.0,0,0.173212860087723,0.4613251596219859,0.37546805431044605,1.3039611905305555,0.1505996455023807
469,rff,36,0.001,1,0.1041480425658041,0.4965716738899233,0.20973415932075687,1.0679275159726345,0.30333592482632743
469,rff,36,0.01,1,0.13278741330351576,0.44009875069414184,0.3017218592283618,1.2271567877402756,0.19994634876515832
469,rff,36,0.1,1,0.16472437486554803,0.4535649047259183,0.36317707377533587,1.2931200998373356,0.15760826062058764
469,rff,36,1.0,1,0.17251826234010406,0.46093776408839615,0.3742766936905162,1.3043056073762038,0.15139141640125747
469,rff,360,0.001,1,0.14680011433162063,0.478787058519989,0.30660835901748135,0.8652240808665637,0.2113888601885658
469,rff,360,0.01,1,0.15272394286319163,0.43697610185225433,0.34950181992979795,1.1669262384305126,0.16302659846509462
469,rff,360,0.1,1,0.1699162362602635,0.45481038626175324,0.37359796828050673,1.28247833252309,0.15009331015369867
469,rff,360,1.0,1,0.17312717391997626,0.46114123584878886,0.3754319944979845,1.3031466482769933,0.15057167778752037
469,rff,3600,0.001,1,0.14947654151640877,0.4891152263482206,0.3056059870235781,0.9217219459487213,0.21682562595436708
469,rff,3600,0.01,1,0.1554800193812883,0.4412440944353307,0.35236736614063774,1.1891202110625463,0.16211211641609108
469,rff,3600,0.1,1,0.17054960860201876,0.4561789548666787,0.3738655779328159,1.2877763559556321,0.15028895853132637
469,rff,3600,1.0,1,0.17319689914457137,0.46130441246734716,0.37545034138781597,1.303750166018565,0.15060689642380318
469,rff_ens,36,0.001,-1,0.11155245637732374,0.47883811621486744,0.2329648634889942,1.0513138239198652,0.2728267471871768
469,rff_ens,36,0.01,-1,0.14327121345887464,0.4361209127557775,0.3285125965493537,1.184070199751793,0.17838743210896843
469,rff_ens,36,0.1,-1,0.16769722196427728,0.45390781777508393,0.3694521561366299,1.2835622761560233,0.15296198924112708
469,rff_ens,36,1.0,-1,0.17286669797107337,0.46102392236500916,0.3749625335802176,1.3032458865915075,0.15089432419590032
469,rff_ens,360,0.001,-1,0.14626536831740702,0.48019020531319995,0.30459881667516875,0.9341527773776671,0.21364722249075255
469,rff_ens,360,0.01,-1,0.15505293404435014,0.4407119686974417,0.3518237421657076,1.1852100298733383,0.16236435149804299
469,rff_ens,360,0.1,-1,0.1705221354241232,0.4557789212901327,0.3741334393908376,1.2855899856703783,0.14996972079156048
469,rff_ens,360,1.0,-1,0.1731955511171694,0.4612531097828154,0.3754891781623323,1.3034856607167373,0.150561795854566
469,rff_ens,3600,0.001,-1,0.149100925339758,0.4901903743146557,0.30416942712965095,0.9399169245919429,0.21851760620620522
469,rff_ens,3600,0.01,-1,0.15569787146600853,0.442056128221595,0.35221290131727323,1.195371028775219,0.16246147262310257
469,rff_ens,3600,0.1,-1,0.17061907228589732,0.45628784447019854,0.37392859431529507,1.288766960199644,0.15027308814497242
469,rff_ens,3600,1.0,-1,0.1732048796161472,0.4613147789568455,0.3754592038169884,1.30385567827456,0.15060326425235965
469,linlev,11,0.0,0,0.2456769314527937,0.971374465600464,0.25291681030644164,2.445818621928694,0.766773412040867
469,linlev,11,0.001,0,0.15580943986585175,0.6085783813669086,0.256021976192932,1.4094728000524401,0.3372271159645803
469,linlev,11,0.01,0,0.12787289425916082,0.43985360340258783,0.29071694143226495,0.8633059965844504,0.20827864887194072
469,linlev,11,0.1,0,0.08831326431229113,0.2990910886312137,0.29527213504238986,0.5679106511293972,0.17482995120532166
469,linlev,11,1.0,0,0.02107218280150521,0.07358111364181748,0.28638031905961137,0.13857077839308865,0.21791561944758647
469,rff_lev,36,0.001,0,0.17323867186192904,0.5563401515512733,0.3113898419498904,1.12404316008707,0.24725042581052736
469,rff_lev,36,0.01,0,0.1750578178596365,0.4621329923574311,0.37880398230524986,1.1653719082168037,0.14829827437754478
469,rff_lev,36,0.1,0,0.17428539027336368,0.4605762604632241,0.37840723726853903,1.2817206269456827,0.1481368762961057
469,rff_lev,36,1.0,0,0.17360546364981327,0.4618083509758923,0.37592534496821167,1.303071102510676,0.1503966506183197
469,rff_lev,360,0.001,0,0.20018485350972257,0.5002449866529478,0.4001736326217372,0.7213200390025646,0.14415108310447872
469,rff_lev,360,0.01,0,0.18513307016837122,0.4595549580096178,0.40285294923201903,1.127789443079942,0.12940064064225296
469,rff_lev,360,0.1,0,0.17588711849367655,0.46013227199384105,0.3822533849484716,1.2768637960615048,0.14508551707267647
469,rff_lev,360,1.0,0,0.1737772936731916,0.4617490596172386,0.37634574462856996,1.302546223009701,0.15005792238520646
469,rff_lev,3600,0.001,0,0.20084339716545885,0.49434662688573033,0.40628050489739537,0.6930811829270574,0.13723163124515078
469,rff_lev,3600,0.01,0,0.18507905928626342,0.45762879416640545,0.4044305376880721,1.1344757572562938,0.12772202074176658
469,rff_lev,3600,0.1,0,0.17564454096574492,0.4599307092452268,0.38189348402933976,1.2803969092109897,0.14529994802420151
469,rff_lev,3600,1.0,0,0.17374562202257304,0.4617353443458116,0.37628833085917757,1.3029773807349232,0.15009759322281666
469,rff_lev,36,0.001,1,0.2230574249215336,0.5171100040576545,0.4313539153589148,0.6579414822460848,0.1252442891438727
469,rff_lev,36,0.01,1,0.1877723931387927,0.4601293170245808,0.4080861318574961,1.096619961015436,0.12563444161079804
469,rff_lev,36,0.1,1,0.17559700465889516,0.4607497972691508,0.38111140948873545,1.2766180608215245,0.14613244228875608
469,rff_lev,36,1.0,1,0.17373238457037787,0.4618376348173322,0.3761763257753846,1.3026243819152237,0.1502139411192281
469,rff_lev,360,0.001,1,0.20661520368165529,0.5124486217460429,0.4031920370429814,1.0904183161689918,0.14626479283632707
469,rff_lev,360,0.01,1,0.18648527244771074,0.4650459497925052,0.4010039707493786,1.2018048217452515,0.1322757152406954
469,rff_lev,360,0.1,1,0.17582812032063722,0.4613060394017385,0.3811528688171226,1.2879856204448867,0.14626431712053903
469,rff_lev,360,1.0,1,0.17376436552251734,0.46188744018329647,0.3762050023563323,1.3037516025471105,0.15020709895729345
469,rff_lev,3600,0.001,1,0.19896243478748737,0.4902459218347117,0.405842100721377,0.8060966693054422,0.13620401263496357
469,rff_lev,3600,0.01,1,0.1840156165771324,0.4575087934654238,0.40221219614883613,1.1512438623751897,0.12934657796599186
469,rff_lev,3600,0.1,1,0.1754107966683632,0.4600148524650297,0.3813155069415893,1.2823603622435362,0.14576278661733325
469,rff_lev,3600,1.0,1,0.1737193380779471,0.46174753203256946,0.37622147608077255,1.303181937677956,0.15015228348232157
469,rff_lev_ens,36,0.001,-1,0.1981480483917313,0.5064450800115397,0.3912527857654701,0.8909923211665775,0.15365493924369092
469,rff_lev_ens,36,0.01,-1,0.18141510549921464,0.4595733589712549,0.3947467840723154,1.1309959346161205,0.13549066965879053
469,rff_lev_ens,36,0.1,-1,0.17494119746612938,0.46063841818522844,0.3797798675919023,1.2791693438836036,0.14711154782462058
469,rff_lev_ens,36,1.0,-1,0.17366892411009557,0.4618227265476866,0.37605105623177465,1.3028477422129496,0.15030504561511313
469,rff_lev_ens,360,0.001,-1,0.20340002859568893,0.5017997800615042,0.4053410078632533,0.9058691775857785,0.14057630158892995
469,rff_lev_ens,360,0.01,-1,0.18580917130804098,0.46204599348948283,0.40214431880420665,1.164797132412597,0.13059497350358892
469,rff_lev_ens,360,0.1,-1,0.17585761940715688,0.46071171827960417,0.38170858788625295,1.2824247082531957,0.1456677187271908
469,rff_lev_ens,360,1.0,-1,0.17377082959785445,0.46181815852895264,0.376275437395908,1.3031489127784057,0.15013242144829736
469,rff_lev_ens,3600,0.001,-1,0.19990291597647306,0.491884590977099,0.4064020700046285,0.7495889261162499,0.1363075625814655
469,rff_lev_ens,3600,0.01,-1,0.18454733793169792,0.45754644507093,0.4033412125037687,1.1428598098157419,0.12851356134913292
469,rff_lev_ens,3600,0.1,-1,0.1755276688170541,0.45997218763488296,0.38160496120340337,1.2813786357272632,0.1455308061616681
469,rff_lev_ens,3600,1.0,-1,0.17373248005026012,0.46174143118349964,0.37625490873747797,1.30307965920644,0.15012493167308716
470,ff,6,0.0,0,0.14966862034054554,0.5144589595971863,0.290924314852508,-0.2657622764677004,0.24686269271728367
470,fm,6,0.0,0,0.18225993438725183,0.460147269243312,0.3960904401040317,0.08458283003483043,0.13956554067433152
470,linrank,6,0.0,0,0.10443463198021524,0.4506981491511394,0.23171746362151932,0.26638483561385334,0.2642973664185882
470,linrank,6,0.001,0,0.0008632254924250608,0.29711928008921273,0.0029053163166182605,0.27286401481007533,0.34568537714804554
470,linrank,6,0.01,0,-0.0028296143561336467,0.19319351928419892,-0.014646528344313244,0.13492648497247378,0.30212218769699883
470,linrank,6,0.1,0,0.0015222570798462426,0.05029591429604361,0.030266018644897898,0.025788592792031176,0.25861869847571245
470,linrank,6,1.0,0,0.00023401096826512483,0.006007705304963496,0.03895180545420357,0.002898273842303197,0.2586993417215471
470,rff,36,0.001,0,0.13259213969234185,0.4579794562159492,0.289515474750512,0.07103924659179259,0.22127279481327922
470,rff,36,0.01,0,0.15677205075291412,0.422203923551933,0.3713183180156554,0.11930189286941566,0.1484207438280054
470,rff,36,0.1,0,0.16398736853223814,0.4390385310767997,0.3735147530902073,0.08250900381545909,0.1508031681176388
470,rff,36,1.0,0,0.16450359557825217,0.4446803147456212,0.3699367615864809,0.07596745754622793,0.1549260404978463
470,rff,360,0.001,0,0.15659922668364337,0.46647151293700945,0.33571016094350425,-0.04613309143516628,0.18805175318628387
470,rff,360,0.01,0,0.15917168123598788,0.4317802256315638,0.3686405068763116,0.07612364833623936,0.15255764125587226
470,rff,360,0.1,0,0.16425806831468373,0.44106651809406966,0.3724111025803395,0.07512806917198345,0.15213546613464304
470,rff,360,1.0,0,0.16453323374729945,0.44489772314225495,0.3698226023393029,0.07517332598908258,0.15506991794381994
470,rff,3600,0.001,0,0.14834419021658068,0.46837147669689955,0.316723365100603,-0.06631625769627768,0.2038206748949989
470,rff,3600,0.01,0,0.15541594100369835,0.4287734026155208,0.3624663751428144,0.07428289458555012,0.15630007987507274
470,rff,3600,0.1,0,0.1635192469907992,0.4405638317212439,0.37115903580179055,0.07578424788917783,0.15292775634965688
470,rff,3600,1.0,0,0.16445082914887788,0.4448452540528335,0.3696809792857683,0.07526042330583686,0.1551609333372403
470,rff,36,0.001,1,0.1195549350701578,0.4472942459928248,0.26728475973302734,-0.003987239568104861,0.23438687123151647
470,rff,36,0.01,1,0.13341650067656072,0.41961039037431286,0.31795328175154747,0.10493146194339534,0.1861710573836534
470,rff,36,0.1,1,0.157964006027137,0.43777634241233954,0.3608326689301804,0.08388959668484193,0.15980395749570628
470,rff,36,1.0,1,0.16381200647073973,0.4444997859294886,0.3685311256746598,0.07619659703897524,0.15592163658776417
470,rff,360,0.001,1,0.1504116184208041,0.47142845935021077,0.3190550240181143,-0.17226770166596792,0.2031764267735836
470,rff,360,0.01,1,0.15326601495515074,0.4240041220608972,0.36147293618324317,0.06105048303086385,0.15586915332847606
470,rff,360,0.1,1,0.16305319222107864,0.4392989296093567,0.37116683249392957,0.07571427905785189,0.15259472498116597
470,rff,360,1.0,1,0.16440147021323512,0.44470117871909604,0.36968975590928765,0.07528473487761843,0.15511525770986936
470,rff,3600,0.001,1,0.1500462811126044,0.4693924990639003,0.319660585569302,-0.08607044653395123,0.2018818588018804
470,rff,3600,0.01,1,0.15526755767990952,0.42787603048830364,0.3628797750196804,0.07129868278758841,0.15578201294840566
470,rff,3600,0.1,1,0.16342270872142847,0.44043003962611144,0.37105259409680774,0.07562019924959318,0.15297140046196286
470,rff,3600,1.0,1,0.1644393355563629,0.4448330840713089,0.36966525522639065,0.07524821442883453,0.15516931302379733
470,rff_ens,36,0.001,-1,0.1260735373812498,0.4339954639883792,0.2904950577654553,0.033526003511843865,0.21123074120172308
470,rff_ens,36,0.01,-1,0.1450942757147374,0.4185067442950073,0.34669519115911734,0.11211667740640546,0.1651429088100289
470,rff_ens,36,0.1,-1,0.1609756872796875,0.43831383915818056,0.3672612473036561,0.08319930025015049,0.15521203530728886
470,rff_ens,36,1.0,-1,0.16415780102449593,0.44458888698450216,0.36923505249517913,0.07608202729260165,0.15542267639223742
470,rff_ens,360,0.001,-1,0.1535054225522237,0.4649540179529669,0.3301518357192727,-0.10920039655056712,0.19186652483300995
470,rff_ens,360,0.01,-1,0.1562188480955693,0.42751960366430275,0.3654074497557674,0.06858706568355162,0.15387086020036328
470,rff_ens,360,0.1,-1,0.1636556302678812,0.44017214869782995,0.37179914892849747,0.07542117411491767,0.1523546416457924
470,rff_ens,360,1.0,-1,0.1644673519802672,0.4447993263978625,0.369756297322166,0.07522903043335048,0.1550924630447717
470,rff_ens,3600,0.001,-1,0.14919523566459256,0.46869652695362946,0.3183194819776277,-0.07619335211511447,0.20267639776813537
470,rff_ens,3600,0.01,-1,0.15534174934180398,0.42831210632572175,0.36268353625211347,0.0727907886865693,0.1560300372040532
470,rff_ens,3600,0.1,-1,0.1634709778561139,0.44049651930053174,0.3711061738142469,0.07570222356938548,0.15294920477880297
470,rff_ens,3600,1.0,-1,0.1644450823526204,0.4448391639313384,0.36967312162739957,0.07525431886733568,0.15516511854576434
470,linlev,11,0.0,0,0.20302666122130902,0.7625824860370335,0.26623567278130406,0.36501615535714543,0.4758297671083893
470,linlev,11,0.001,0,0.16928840195862002,0.5685818484045845,0.29773796408315845,0.20544576951811133,0.27249829382954993
470,linlev,11,0.01,0,0.1564386919329507,0.46738520859071986,0.3347104038757483,0.07031128074830922,0.18917583005109476
470,linlev,11,0.1,0,0.11714078357410329,0.34684781322499925,0.33772962984810395,0.06365002086919519,0.15887501794102507
470,linlev,11,1.0,0,0.03056300188592344,0.09134225213253422,0.33459873358035513,0.020688355185806397,0.20728271671098836
470,rff_lev,36,0.001,0,0.1740055640043531,0.5576605711839471,0.3120277333484933,0.11775474639306277,0.2523833373228858
470,rff_lev,36,0.01,0,0.17010715040283636,0.4552351003074926,0.3736687928675447,0.06719479156338416,0.15509235473838615
470,rff_lev,36,0.1,0,0.1661034483397131,0.4454325503733681,0.37290370495035163,0.0706537821168602,0.15292483217695352
470,rff_lev,36,1.0,0,0.16472995624524703,0.4453931822730458,0.36985289133649163,0.07465042612633989,0.15518234918329044
470,rff_lev,360,0.001,0,0.2136447279491871,0.5244009762155538,0.4074071896108922,0.015402595153210007,0.15248221411184662
470,rff_lev,360,0.01,0,0.18364152809533568,0.45195092927983255,0.4063306792796329,0.008650067191983505,0.12983201350133575
470,rff_lev,360,0.1,0,0.1680367098765153,0.4448272526066667,0.37775722798418515,0.06108438269333118,0.14916541714860168
470,rff_lev,360,1.0,0,0.16493399903407935,0.4453178704725394,0.3703736363848664,0.07361914797012473,0.15477444810532526
470,rff_lev,3600,0.001,0,0.20732952851584027,0.5027423766096579,0.412397160378657,-0.06135136269737265,0.14020758997596008
470,rff_lev,3600,0.01,0,0.1818221018407535,0.4480419167739972,0.40581493613346187,0.013700407227143083,0.12928784859671255
470,rff_lev,3600,0.1,0,0.1675698575041441,0.44443794027186795,0.37703769710038626,0.06415132912662529,0.14959624126268423
470,rff_lev,3600,1.0,0,0.16487875913513286,0.4452850007710932,0.37027692118444333,0.07399112116581782,0.15483743522930063
470,rff_lev,36,0.001,1,0.22787887541429638,0.5589815074224438,0.407668004018744,0.1580266002838052,0.167762573045672
470,rff_lev,36,0.01,1,0.18486113376855554,0.45399345971658434,0.40718897995570086,0.07732185909428628,0.12969264908043135
470,rff_lev,36,0.1,1,0.16757504364415182,0.44539152957448647,0.37624209828203947,0.07346542703445312,0.15043613895464922
470,rff_lev,36,1.0,1,0.1648707883076345,0.4453950645370635,0.37016752414847376,0.07497844202041005,0.15494878010979965
470,rff_lev,360,0.001,1,0.1924697329017202,0.5141324799947392,0.3743582449871473,-0.03523290596345578,0.17556855563927276
470,rff_lev,360,0.01,1,0.17986318770608242,0.45226433576211256,0.3976948290715743,0.021938904816151798,0.13629863665588635
470,rff_lev,360,0.1,1,0.16740456633158982,0.4455290457561356,0.3757433279068863,0.065397449956356,0.1508425031517736
470,rff_lev,360,1.0,1,0.16486253091043043,0.4454104687018472,0.37013618335223186,0.0741252982356144,0.15497629428044377
470,rff_lev,3600,0.001,1,0.19996703972792754,0.4991615746328093,0.4006058356455548,-0.04199034046289744,0.14834623148551396
470,rff_lev,3600,0.01,1,0.17901344118143656,0.44688499572070295,0.40058055852319896,0.015881397793575454,0.13285634553495215
470,rff_lev,3600,0.1,1,0.16710213880312816,0.4444330429127939,0.37598945773236925,0.06440132795893115,0.15037079319296173
470,rff_lev,3600,1.0,1,0.16482803846156163,0.44528924167944955,0.370159489683374,0.07401815332928706,0.15492593046933492
470,rff_lev_ens,36,0.001,-1,0.20094221970932477,0.5171480569162381,0.3885583964243168,0.137890673338434,0.16506666538921466
470,rff_lev_ens,36,0.01,-1,0.17748414208569602,0.4523193838664881,0.3923867700927102,0.07225832532883526,0.14025637791577583
470,rff_lev_ens,36,0.1,-1,0.16683924599193248,0.4453752132351367,0.3746037970547081,0.07205960457565672,0.1516471389574479
470,rff_lev_ens,36,1.0,-1,0.16480037227644076,0.44539372606585403,0.3700105381638763,0.07481443407337496,0.15506520574230973
470,rff_lev_ens,360,0.001,-1,0.20305723042545362,0.5083296386333677,0.3994597501168105,-0.009915155405122935,0.1526480158641914
470,rff_lev_ens,360,0.01,-1,0.18175235790070904,0.4514946638777729,0.4025570453915983,0.015294486004067702,0.1325078516850653
470,rff_lev_ens,360,0.1,-1,0.16772063810405255,0.44516338415199347,0.37676198015151036,0.06324091632484359,0.14999059120149372
470,rff_lev_ens,360,1.0,-1,0.16489826497225488,0.44536399535174903,0.3702550423772313,0.07387222310286959,0.1548752125759358
470,rff_lev_ens,3600,0.001,-1,0.20364828412188385,0.5004583827611175,0.4069235147952167,-0.05167085158013504,0.14376586463180582
470,rff_lev_ens,3600,0.01,-1,0.18041777151109506,0.4474314431454747,0.4032299791957967,0.014790902510359229,0.1310411419439947
470,rff_lev_ens,3600,0.1,-1,0.16733599815363617,0.44443465589597786,0.3765142882844897,0.0642763285427782,0.1499827197060905
470,rff_lev_ens,3600,1.0,-1,0.16485339879834726,0.4452871113578211,0.3702182133582469,0.07400463724755245,0.15488167341397782
471,ff,6,0.0,0,0.14109534598290865,0.43417027815325365,0.3249769804212732,-0.7483446110403565,0.18771775019160164
471,fm,6,0.0,0,0.16735159742896258,0.4640043657418377,0.36066815268301483,-0.4210303200568793,0.1701001287992941
471,linrank,6,0.0,0,0.08744158538742945,0.4581825734221743,0.19084441543537242,-0.7103181220359994,0.304190845735683
471,linrank,6,0.001,0,-0.011561418364006202,0.3006087833615247,-0.03846001515565151,-0.15135139235777298,0.3751188588244047
471,linrank,6,0.01,0,-0.009128272643610276,0.1813811219655172,-0.050326475791376314,-0.054861137785807784,0.31273569712185506
471,linrank,6,0.1,0,0.00012789208249488086,0.04571341165744301,0.0027976927964434174,-0.019248597771775976,0.2633306632644665
471,linrank,6,1.0,0,7.165745420889022e-05,0.0054360590476619074,0.013181875616253776,-0.0023990963405615797,0.26138295603205136
471,rff,36,0.001,0,0.13361381739836525,0.4694811436884953,0.28459890071116284,-0.8592873955327704,0.2325342767497994
471,rff,36,0.01,0,0.15454366208607614,0.42319099618169165,0.36518655519723014,-0.6843306145453008,0.15538375363578416
471,rff,36,0.1,0,0.16139587784006376,0.4355198674025341,0.37058212476651914,-0.6669555630004705,0.15443114367366687
471,rff,36,1.0,0,0.16192412396000838,0.44021576764825926,0.3678289962784541,-0.6659842683048552,0.15765781115405417
471,rff,360,0.001,0,0.1399224881862537,0.46276763864109893,0.3023601403873685,-0.7935245263396508,0.2153839287688924
471,rff,360,0.01,0,0.1519308466430865,0.42869600058032153,0.3544022954201094,-0.7283358392378563,0.1644982648567838
471,rff,360,0.1,0,0.16090974850914352,0.4371220741904488,0.36811169696050877,-0.6777041778584525,0.15664487295925764
471,rff,360,1.0,0,0.1618732467185431,0.44039401933263744,0.3675645890101822,-0.6671902462828985,0.15790006189778008
471,rff,3600,0.001,0,0.1360597111974837,0.45033332345912447,0.3021311195724415,-0.7100425874761866,0.21068963990162437
471,rff,3600,0.01,0,0.14885623363806116,0.4256616286051523,0.34970554927830155,-0.7202912539252067,0.16713024815128585
471,rff,3600,0.1,0,0.1602617480550435,0.43671734463473333,0.36696904765503435,-0.6772599415972763,0.15737908595209232
471,rff,3600,1.0,0,0.1618005287329642,0.4403523622902947,0.36743422447294605,-0.6671532490779227,0.15798527167468993
471,rff,36,0.001,1,0.09696751293457233,0.40925558926472755,0.23693631920527972,-0.536734670936377,0.24445452510769988
471,rff,36,0.01,1,0.12402131575579303,0.41542938905435434,0.2985376553115413,-0.6811388455498549,0.2014169476079946
471,rff,36,0.1,1,0.15427954523067008,0.43433546741048074,0.35520825906870723,-0.6743578900671989,0.16538710093363174
471,rff,36,1.0,1,0.16111680553343827,0.44006319083190315,0.3661219772298161,-0.6669087527765979,0.1588773409512879
471,rff,360,0.001,1,0.13844279677323462,0.4420913519476316,0.3131542749328288,-0.6543250076854068,0.19922229296651928
471,rff,360,0.01,1,0.14662827978233936,0.42110941824916664,0.3481952039732836,-0.6775372649651118,0.1670731500731095
471,rff,360,0.1,1,0.15981386358856187,0.4356042872675114,0.36687853691949013,-0.6688472022841201,0.15716055397152492
471,rff,360,1.0,1,0.1617535648409813,0.4402258723896388,0.367433117828693,-0.666226878550301,0.1579526198457301
471,rff,3600,0.001,1,0.13807246971828044,0.4488426447932554,0.3076188756125857,-0.6847106578980755,0.20587550231025775
471,rff,3600,0.01,1,0.14875927523780225,0.42461701772629556,0.3503375254114077,-0.7043870225185515,0.16640709830415346
471,rff,3600,0.1,1,0.16018434827344447,0.43658780364427474,0.3669006484751926,-0.6744049521619337,0.15739595424353978
471,rff,3600,1.0,1,0.16179134171865903,0.44034082539195957,0.36742298780642035,-0.6668412436921486,0.15799051239238654
471,rff_ens,36,0.001,-1,0.11529066516646877,0.4202696218455494,0.2743254786300936,-0.6980110332345737,0.22083387725549897
471,rff_ens,36,0.01,-1,0.13928248892093456,0.4160979121900417,0.33473489013163077,-0.6827347300475778,0.1754688214747614
471,rff_ens,36,0.1,-1,0.157837711535367,0.43480803033839605,0.36300551167955053,-0.6706567265338348,0.15979205842645194
471,rff_ens,36,1.0,-1,0.16152046474672335,0.44013801177801454,0.3669768582227951,-0.6664465105407267,0.1582661155181631
471,rff_ens,360,0.001,-1,0.1391826424797441,0.4504993518223091,0.30895192616091055,-0.7239247670125287,0.2054529040681853
471,rff_ens,360,0.01,-1,0.14927956321271288,0.4246500146271919,0.3515355188290013,-0.7029365521014842,0.16554961155813552
471,rff_ens,360,0.1,-1,0.16036180604885272,0.43635482900930656,0.3675032230373977,-0.6732756900712862,0.15689454860899416
471,rff_ens,360,1.0,-1,0.16181340577976222,0.4403098456556734,0.3674989496062777,-0.6667085624165998,0.1579262419795531
471,rff_ens,3600,0.001,-1,0.13706609045788204,0.44942831920831144,0.3049787576789336,-0.6973766226871312,0.20813746141176087
471,rff_ens,3600,0.01,-1,0.14880775443793173,0.42512717475992196,0.35003115131834733,-0.7123391382218791,0.1667580686920582
471,rff_ens,3600,0.1,-1,0.160223048164244,0.4366521627421887,0.3669351988503582,-0.6758324468796053,0.15738715512969326
471,rff_ens,3600,1.0,-1,0.16179593522581157,0.44034658878148936,0.36742861043508307,-0.6669972463850353,0.15798788752317447
471,linlev,11,0.0,0,0.06295427017554485,0.5317210063585547,0.11839718465644554,-0.6277786335298297,0.42227864345290855
471,linlev,11,0.001,0,0.1243117998089094,0.47631250980627077,0.26098789607577255,-0.6199233037618278,0.25520014601956903
471,linlev,11,0.01,0,0.16834016930860343,0.4755437188623467,0.3539951483563429,-0.597400633264119,0.17929661760278168
471,linlev,11,0.1,0,0.13272348315655058,0.36787683129423204,0.36078239200227546,-0.4693911234663292,0.1489986347388995
471,linlev,11,1.0,0,0.0350663686737807,0.09759791946503302,0.3592942233399159,-0.12852381379046826,0.2021189818160158
471,rff_lev,36,0.001,0,0.11401302465735125,0.5613579793015119,0.2031021716289055,-0.5532277888478971,0.36159241647000073
471,rff_lev,36,0.01,0,0.15439299695131053,0.4461554779527051,0.34605200335044867,-0.6149691464808923,0.1756026291799016
471,rff_lev,36,0.1,0,0.1616694356523194,0.44024914098607926,0.3672226032973257,-0.659825802410802,0.15811415632618997
471,rff_lev,36,1.0,0,0.1619570694947485,0.4407475593260304,0.36745993498501806,-0.6652729366545991,0.15807107948939114
471,rff_lev,360,0.001,0,0.18515292551302068,0.506332446587696,0.3656746210139477,-0.48562883285817104,0.18184501633517944
471,rff_lev,360,0.01,0,0.17560288254051415,0.44562973680185336,0.39405557582571055,-0.6539950299007943,0.1397131846653069
471,rff_lev,360,0.1,0,0.16477056213028043,0.4403938500083361,0.3741436492066398,-0.6675602267411571,0.15305167207704118
471,rff_lev,360,1.0,0,0.16228614298599014,0.44075632469581993,0.36819923820262596,-0.6661230794361411,0.1575273590603646
471,rff_lev,3600,0.001,0,0.18392905552258138,0.48234639230839665,0.38132151179226215,-0.3386032451657868,0.16012654366090046
471,rff_lev,3600,0.01,0,0.17382107742087788,0.44007913546644156,0.39497686532365195,-0.6293862226885245,0.1377379726545984
471,rff_lev,3600,0.1,0,0.1642726035663613,0.43977039604387225,0.3735417505228642,-0.6635283333426423,0.1533349974540411
471,rff_lev,3600,1.0,0,0.16222724277067035,0.4406983653432646,0.3681140106891702,-0.6656806513326547,0.15757495703956748
471,rff_lev,36,0.001,1,0.2101641537018683,0.5690668219992191,0.369313665069296,-0.28302327426706025,0.20917442706548564
471,rff_lev,36,0.01,1,0.17966095266049423,0.44908546206005134,0.4000596052171248,-0.5502312187708727,0.1361306198912864
471,rff_lev,36,0.1,1,0.1648122761318866,0.4407412821860685,0.37394336040958265,-0.6521384337886794,0.15328812699072847
471,rff_lev,36,1.0,1,0.16227783358912484,0.4408047348115638,0.36813995126094945,-0.6644922792564868,0.15758395739613176
471,rff_lev,360,0.001,1,0.20755427091554182,0.5192273568022947,0.3997367784967692,-0.3479645388910316,0.15906399666380447
471,rff_lev,360,0.01,1,0.1793115905886863,0.4471594747043961,0.401001434012382,-0.6329839805740878,0.1349777762276923
471,rff_lev,360,0.1,1,0.1649692527592852,0.4408802291909668,0.37418156187681745,-0.6640671785233471,0.15314844039657458
471,rff_lev,360,1.0,1,0.16229902411162986,0.4408190250952322,0.3681760878550277,-0.6657375981854818,0.15756105295794737
471,rff_lev,3600,0.001,1,0.18439287204348176,0.47803440896399724,0.38573137955299186,-0.32412775766131796,0.15522859839474712
471,rff_lev,3600,0.01,1,0.1731180638774413,0.4396400393859866,0.3937722872539607,-0.6279895836113777,0.13851381558481177
471,rff_lev,3600,0.1,1,0.16408906490757963,0.4397995953918749,0.3730996268001821,-0.663569199286406,0.15366749058165005
471,rff_lev,3600,1.0,1,0.16220632045790256,0.44070437767031617,0.36806151396854625,-0.6656882689927354,0.1576153130461759
471,rff_lev_ens,36,0.001,-1,0.16208858917960972,0.5195212560732971,0.3119960680814594,-0.41812553155747856,0.23349458296270179
471,rff_lev_ens,36,0.01,-1,0.1670269748059024,0.44482012547801764,0.3754932954672633,-0.5826001826258826,0.1532057197989948
471,rff_lev_ens,36,0.1,-1,0.16324085589210294,0.4404474756681005,0.37062502320960783,-0.6559821180997405,0.155656559138291
471,rff_lev_ens,36,1.0,-1,0.16211745154193663,0.4407756281223335,0.3678003982038279,-0.6648826079555431,0.15782703442492516
471,rff_lev_ens,360,0.001,-1,0.1963535982142813,0.5066028590444226,0.38758880789708217,-0.41679668587460134,0.1639907109628245
471,rff_lev_ens,360,0.01,-1,0.1774572365646002,0.446101762073231,0.3977954172157456,-0.6434895052374411,0.13708009487249434
471,rff_lev_ens,360,0.1,-1,0.16486990744478278,0.4406298349987917,0.3741687338199305,-0.6658137026322521,0.15309363805005677
471,rff_lev_ens,360,1.0,-1,0.16229258354881,0.440787587799009,0.3681877349568482,-0.6659303388108115,0.15754412820270516
471,rff_lev_ens,3600,0.001,-1,0.18416096378303157,0.4798080955180401,0.38382212701975427,-0.33136550141355237,0.15730585660778926
471,rff_lev_ens,3600,0.01,-1,0.17346957064915955,0.43984421572158916,0.3943886595497748,-0.628687903149951,0.13811219981433315
471,rff_lev_ens,3600,0.1,-1,0.16418083423697047,0.43978459597755126,0.3733210206510986,-0.6635487663145241,0.1535008837836532
471,rff_lev_ens,3600,1.0,-1,0.16221678161428646,0.4407013667348361,0.3680877661354975,-0.6656844601626953,0.15759513071838532
472,ff,6,0.0,0,0.21496247017874867,0.4730608518097855,0.4544076504246088,-0.4266287198156532,0.10093355585740682
472,fm,6,0.0,0,0.15571013462446034,0.4571339815287215,0.3406225328157477,-0.4881241232389137,0.18265991695870323
472,linrank,6,0.0,0,0.2563007591423718,0.4957589542034148,0.5169866463717145,0.06349037834385357,0.059728564639630846
472,linrank,6,0.001,0,0.15405471205405005,0.39152691639586196,0.39347157399081506,0.25716534806470026,0.1297798195749634
472,linrank,6,0.01,0,0.07489874511121743,0.25645632096371257,0.2920526381637334,0.1111311002354327,0.1824452394735979
472,linrank,6,0.1,0,0.01576767722576538,0.06234383170276654,0.2529147919707617,0.01373635364283351,0.23346308165950289
472,linrank,6,1.0,0,0.0018070941959400218,0.007323766315926992,0.2467438361612023,0.001353578718478925,0.2573057778651581
472,rff,36,0.001,0,0.2430243364262714,0.5080779834640723,0.4783209356353784,-0.05947973003547979,0.0920184556383597
472,rff,36,0.01,0,0.19535567071089496,0.4113050742369617,0.4749653795867015,-0.2605861999254463,0.07748742386474121
472,rff,36,0.1,0,0.15594358170333414,0.3970345113102656,0.39277084802703927,-0.4198171240332702,0.1309307035537324
472,rff,36,1.0,0,0.1486252330529787,0.39934160337522684,0.37217568066237366,-0.4483392510925741,0.14517577309494678
472,rff,360,0.001,0,0.24981206571051073,0.5420128022971546,0.4608969837091653,0.086480691914802,0.11742287772210049
472,rff,360,0.01,0,0.19280854613478982,0.416319332599719,0.46312657385087275,-0.2616483401992803,0.08574289300386215
472,rff,360,0.1,0,0.15523974286295308,0.39802645666015735,0.3900236787412847,-0.4250803187868649,0.1329080153542446
472,rff,360,1.0,0,0.1485466276677798,0.39944716286684023,0.37188054260207454,-0.44897943862079964,0.1453939442928332
472,rff,3600,0.001,0,0.2393777826275172,0.5399237126915594,0.443354824025419,0.25580571138300856,0.1309268362018249
472,rff,3600,0.01,0,0.19113188390100444,0.4156988717439835,0.45978446633532566,-0.2312204738940182,0.08793624432531388
472,rff,3600,0.1,0,0.15506556011327566,0.39773526104589685,0.38987129203860504,-0.42132783539684954,0.1329706087004952
472,rff,3600,1.0,0,0.14852913064360554,0.3994121574214782,0.3718693281708767,-0.44858937892684864,0.1453957759731688
472,rff,36,0.001,1,0.19675525368418795,0.4706323409918455,0.41806573103227745,0.13637071807986398,0.12755998598597282
472,rff,36,0.01,1,0.19085832693854995,0.4118088392461516,0.463463405224451,-0.2452185429122582,0.08515983028050014
472,rff,36,0.1,1,0.15738367507519116,0.39711367642357603,0.3963189495073445,-0.41431426695820334,0.12856460614699464
472,rff,36,1.0,1,0.14882702320910454,0.399295836289519,0.3727237042892527,-0.447641930245521,0.14479566441177547
472,rff,360,0.001,1,0.23746656214286724,0.52526364638243,0.4520902289323377,0.1899000070181946,0.11822220517573895
472,rff,360,0.01,1,0.1914114060401876,0.4144469450232181,0.46184779098676765,-0.21398640774784583,0.08644484763553953
472,rff,360,0.1,1,0.15503373490302558,0.39685126738557713,0.39065954337093295,-0.41757732875523895,0.13232198069202405
472,rff,360,1.0,1,0.14852321134907429,0.39930082932261257,0.37195818401137326,-0.4481867516226208,0.1453169370235742
472,rff,3600,0.001,1,0.2376033181568611,0.5312627005927371,0.44724261253757097,0.25983581061436595,0.12435182064107146
472,rff,3600,0.01,1,0.19024040229780542,0.4138480663105212,0.4596865801350948,-0.22670136752153558,0.08784389117433246
472,rff,3600,0.1,1,0.15487009066716298,0.3975504765809546,0.3895608225629337,-0.4206593193888322,0.13315400819322834
472,rff,3600,1.0,1,0.14850670347604136,0.39939618124767023,0.3718280505640354,-0.4485216105868548,0.14542120673501482
472,rff_ens,36,0.001,-1,0.21988979505522968,0.46880245089037853,0.4690457454682701,0.03844549402219202,0.08921073293435225
472,rff_ens,36,0.01,-1,0.19310699882472246,0.408856555652939,0.47230989977972326,-0.2529023714188523,0.07910306156058616
472,rff_ens,36,0.1,-1,0.15666362838926265,0.39697917713578723,0.39463941035797867,-0.4170656954957367,0.12967176587552529
472,rff_ens,36,1.0,-1,0.14872612813104155,0.39931754670805863,0.3724507709644308,-0.4479905906690475,0.1449847711502652
472,rff_ens,360,0.001,-1,0.24363931392668906,0.5316187838927408,0.4582970378560695,0.13819034946649825,0.11556308193944112
472,rff_ens,360,0.01,-1,0.1921099760874887,0.41516965515305304,0.462726438946187,-0.23781737397356312,0.0859151964118179
472,rff_ens,360,0.1,-1,0.1551367388829893,0.3974313845536418,0.3903484850780583,-0.42132882377105196,0.1326086985280498
472,rff_ens,360,1.0,-1,0.14853491950842707,0.3993739074726281,0.37191943872449207,-0.44858309512171024,0.1453553643810309
472,rff_ens,3600,0.001,-1,0.23849055039218914,0.535392481184837,0.44544994330963256,0.25782076099868734,0.12740481386580185
472,rff_ens,3600,0.01,-1,0.19068614309940493,0.4147501854938963,0.45976144138990666,-0.22896092070777688,0.08786969845309317
472,rff_ens,3600,0.1,-1,0.15496782539021928,0.39764221130428323,0.3897167377726783,-0.4209935773928409,0.13306176745124998
472,rff_ens,3600,1.0,-1,0.1485179170598234,0.3994041615630351,0.3718486970156015,-0.44855549475685175,0.14540848495656766
472,linlev,11,0.0,0,0.15050048266456084,0.44808068434892717,0.33587808607113234,0.7721353045782618,0.18328879275430182
472,linlev,11,0.001,0,0.1825674689205908,0.4540220477675346,0.4021114609263817,0.2229332960151797,0.13519502584046947
472,linlev,11,0.01,0,0.16380880728383856,0.45973359060251556,0.35631246146089685,-0.23038259159099314,0.1714337482189127
472,linlev,11,0.1,0,0.1060380120969314,0.32436111357140107,0.3269134543576828,-0.2647854622585738,0.16524123092744042
472,linlev,11,1.0,0,0.028826728276103417,0.0866305413633701,0.3327547978165145,-0.07856697561943245,0.2115454375223629
472,rff_lev,36,0.001,0,0.20117990881044598,0.529716165210837,0.379788124325737,-0.6318594217968875,0.17957581688831703
472,rff_lev,36,0.01,0,0.16959526637659567,0.4128432606984553,0.410798195154431,-0.41964096740009893,0.12087464264284473
472,rff_lev,36,0.1,0,0.15133102789462763,0.40038832085713966,0.3779606447327499,-0.4412236663157443,0.14141289480774408
472,rff_lev,36,1.0,0,0.14812566301198324,0.39977159511839133,0.37052573224497404,-0.45055883638002586,0.14637027739683103
472,rff_lev,360,0.001,0,0.21527564246214945,0.48741407491888666,0.441668908510643,-0.14776764996110062,0.11422786085678116
472,rff_lev,360,0.01,0,0.16898782193274084,0.4067571470965018,0.41545138945683735,-0.3734198534757842,0.1168956799247301
472,rff_lev,360,0.1,0,0.15126098228962223,0.3996293248822182,0.37850321002895126,-0.4396328551276452,0.14092458060434937
472,rff_lev,360,1.0,0,0.14812074611223122,0.399687063916645,0.37059179414203386,-0.450466079886841,0.1463110753812447
472,rff_lev,3600,0.001,0,0.19258357736215467,0.45275660542947355,0.42535785243701685,-0.2838760186725938,0.11777288641987058
472,rff_lev,3600,0.01,0,0.16320046824343173,0.39910144443143813,0.40891976343490294,-0.38871327780164666,0.12037848240982715
472,rff_lev,3600,0.1,0,0.1502573676459695,0.39886705171322817,0.3767104026280903,-0.44168038828960876,0.142020529296915
472,rff_lev,3600,1.0,0,0.14800967767984902,0.3996168975989883,0.37037892684001394,-0.4506881727834397,0.14644423728838976
472,rff_lev,36,0.001,1,0.21841750687855788,0.5887901926115235,0.37095982511153514,-0.40399580522477796,0.21840814758399898
472,rff_lev,36,0.01,1,0.16663179771148615,0.4116247626374173,0.40481480424992067,-0.41953899443643894,0.12480056891645432
472,rff_lev,36,0.1,1,0.1505016995431104,0.3998512746382804,0.37639419726561973,-0.44415074301401825,0.14239146742355613
472,rff_lev,36,1.0,1,0.14803062072721712,0.3997164319916884,0.3703390926152749,-0.4509228742860523,0.146488112337172
472,rff_lev,360,0.001,1,0.2000947028264974,0.5002329047282176,0.40000308043552474,-0.06139540509717947,0.15094450653361435
472,rff_lev,360,0.01,1,0.16506330703093167,0.40548493992641516,0.4070762950182227,-0.3512063131559362,0.1224003808878076
472,rff_lev,360,0.1,1,0.15051159381531126,0.3999169778106915,0.3763570995141868,-0.4371540115899429,0.14242720449799465
472,rff_lev,360,1.0,1,0.14803588601269527,0.3997329920845162,0.3703369222558337,-0.4502232355972725,0.14649237959756792
472,rff_lev,3600,0.001,1,0.19418170569500495,0.4517636618724862,0.42983028978062043,-0.26661897957610387,0.1142965927396045
472,rff_lev,3600,0.01,1,0.16388969783223625,0.39940537570820533,0.41033423133485714,-0.38506664979346494,0.11946815465023666
472,rff_lev,3600,0.1,1,0.1503408783359346,0.39898418960302046,0.37680911237490416,-0.44114826041746225,0.14197206969468498
472,rff_lev,3600,1.0,1,0.14801797984836582,0.3996315138547442,0.370386155037229,-0.4506322642825951,0.14644177264204894
472,rff_lev_ens,36,0.001,-1,0.2097987078445019,0.5074281118406276,0.4134550352038738,-0.5179276135108326,0.14276443392491825
472,rff_lev_ens,36,0.01,-1,0.16811353204404095,0.40965340053893196,0.4103799256221823,-0.41958998091826893,0.12071406725590643
472,rff_lev_ens,36,0.1,-1,0.150916363718869,0.4000802701049804,0.37721521153559706,-0.4426872046648813,0.14187030704221681
472,rff_lev_ens,36,1.0,-1,0.1480781418696002,0.39974358904907453,0.3704328122481068,-0.4507408553330392,0.14642885246074336
472,rff_lev_ens,360,0.001,-1,0.20768517264432346,0.4858437880494744,0.4274731462104739,-0.10458152752914,0.124670035148473
472,rff_lev_ens,360,0.01,-1,0.16702556448183628,0.40565570794767924,0.41174217744121805,-0.36231308331586015,0.11926602673189117
472,rff_lev_ens,360,0.1,-1,0.15088628805246673,0.39976156435607324,0.3774407084270618,-0.4383934333587941,0.14166646726828824
472,rff_lev_ens,360,1.0,-1,0.14807831606246327,0.39970988962984694,0.3704644791240763,-0.4503446577420566,0.14640161454542747
472,rff_lev_ens,3600,0.001,-1,0.19338264152857984,0.45159297803372117,0.4282233137693732,-0.2752474991243489,0.11543084391133146
472,rff_lev_ens,3600,0.01,-1,0.163545083037834,0.3992260175862096,0.4096553727301046,-0.386889963797556,0.11990130434248351
472,rff_lev_ens,3600,0.1,-1,0.15029912299095205,0.39892506549347084,0.3767602890658972,-0.44141432435353556,0.1419958513834701
472,rff_lev_ens,3600,1.0,-1,0.14801382876410749,0.3996241994112837,0.37038254685816757,-0.45066021853301746,0.14644299984685985
473,ff,6,0.0,0,0.12996635958348057,0.4195993827153017,0.3097391582000081,0.9514537345964038,0.19077739020317203
473,fm,6,0.0,0,0.192826042641044,0.450688423315301,0.4278477827821709,0.5539481959165092,0.11240506512063797
473,linrank,6,0.0,0,0.07832782703732431,0.4128069201109703,0.1897444621719721,0.626904987523594,0.2776443604769338
473,linrank,6,0.001,0,-0.022042177538442318,0.2726358839709472,-0.08084840930473845,0.29516487116076734,0.3766557506678291
473,linrank,6,0.01,0,-0.01755432775836484,0.16947094499083554,-0.10358311130745229,0.06446542745289596,0.32189242390755296
473,linrank,6,0.1,0,-0.0015245237920209047,0.042600360060364495,-0.03578664100164088,-0.0021014243054253336,0.26262137520579526
473,linrank,6,1.0,0,-0.00011041850188288814,0.005065826733847526,-0.021796738752457218,-0.0006076328348431949,0.2580017245681971
473,rff,36,0.001,0,0.12756504197122634,0.4107232270316406,0.31058638415255535,0.24807367431454216,0.18759153798564102
473,rff,36,0.01,0,0.13632099070478743,0.366129310595107,0.372330176142443,0.34976072996744406,0.13774731594569653
473,rff,36,0.1,0,0.1385139275422721,0.370403904156766,0.37395374613451393,0.39126432585013377,0.13711251802490457
473,rff,36,1.0,0,0.13853275210524618,0.3745178953394132,0.36989621545239787,0.3970573435865324,0.14014468589651322
473,rff,360,0.001,0,0.13064295350735375,0.3933871674270813,0.33209764914756623,0.3639555451619794,0.16829035055440794
473,rff,360,0.01,0,0.12980763729190944,0.36008138777392595,0.36049527051203234,0.4037844497632591,0.14464856670837384
473,rff,360,0.1,0,0.13733153220936098,0.3710288002675633,0.37013712172835606,0.39733845337034485,0.13961446871992458
473,rff,360,1.0,0,0.1384071131865507,0.37461746804271534,0.3694625184183055,0.39764729964203116,0.14043576274195652
473,rff,3600,0.001,0,0.1195497237239745,0.3935103654549861,0.303803239301583,0.4064665232035444,0.1877983094867347
473,rff,3600,0.01,0,0.1260447117750832,0.3592227812954889,0.35088173227911607,0.4134685101965198,0.15059406518965232
473,rff,3600,0.1,0,0.13666666511773604,0.370733941716561,0.3686381249176868,0.39819818675013524,0.14054331543131815
473,rff,3600,1.0,0,0.13833418658671737,0.3745851359452243,0.36929972204488654,0.39773029895595946,0.1405372108479645
473,rff,36,0.001,1,0.14385725705417782,0.3765793425735128,0.38201048435389195,0.17255608198177497,0.1325476103235836
473,rff,36,0.01,1,0.10813628006279645,0.34362018364115204,0.31469711388003,0.4096586029637687,0.17125093831749394
473,rff,36,0.1,1,0.13126116434548982,0.36728463681301277,0.35738267052078143,0.4039655010336325,0.14736038178490915
473,rff,36,1.0,1,0.13770680336561383,0.3741690426081901,0.3680336630890468,0.3984714449053536,0.14130724217996607
473,rff,360,0.001,1,0.12474679284252597,0.3919766218172427,0.3182505942935765,0.42462267434861584,0.17746906146239008
473,rff,360,0.01,1,0.1229827942482151,0.35634265503740514,0.3451250994223682,0.43583804915185825,0.1538944797554642
473,rff,360,0.1,1,0.13590103013234037,0.3695409359444547,0.36775636178170934,0.40172404516811927,0.14098274583674247
473,rff,360,1.0,1,0.13825025225449986,0.3744432518385595,0.3692154994800286,0.3980969688689924,0.14057558935855632
473,rff,3600,0.001,1,0.11985828461289613,0.39419163445446675,0.30406095446132814,0.45606900252060445,0.18779169661012615
473,rff,3600,0.01,1,0.12547827241498766,0.3589422140143109,0.3495779195533264,0.4297171812256497,0.1513829777914583
473,rff,3600,0.1,1,0.1364666856771546,0.3706097405916066,0.3682220695530343,0.400623433570265,0.14079657753846442
473,rff,3600,1.0,1,0.13831106796761405,0.3745720170627338,0.36925093618098426,0.3979880823309832,0.14056722432524715
473,rff_ens,36,0.001,-1,0.13571114951270208,0.3753702895386428,0.36153940067952867,0.21031487814815863,0.14565328411666778
473,rff_ens,36,0.01,-1,0.12222863538379197,0.3508085041943537,0.34841981856880894,0.3797096664656064,0.15130438792696832
473,rff_ens,36,0.1,-1,0.134887545943881,0.3686790300423054,0.3658671498848276,0.3976149134418832,0.1420989981276242
473,rff_ens,36,1.0,-1,0.13811977773543008,0.374341453860015,0.3689673593752723,0.39776439424594306,0.1407242543805427
473,rff_ens,360,0.001,-1,0.12769487317493985,0.3895667327633518,0.32778690384866627,0.3942891097552978,0.1704336863328854
473,rff_ens,360,0.01,-1,0.12639521577006227,0.35771328396631963,0.35334224764759636,0.4198112494575586,0.14889932532709327
473,rff_ens,360,0.1,-1,0.13661628117085065,0.37026709073242325,0.36896684741981994,0.3995312492692319,0.14028437719039255
473,rff_ens,360,1.0,-1,0.13832868272052523,0.3745301478868184,0.3693392467896273,0.39787213425551177,0.14050550346995555
473,rff_ens,3600,0.001,-1,0.11970400416843528,0.39363345752525264,0.30410017715721216,0.43126776286207436,0.18762355193205943
473,rff_ens,3600,0.01,-1,0.1257614920950354,0.3590549166209534,0.3502569837465814,0.4215928457110847,0.15096861462526695
473,rff_ens,3600,0.1,-1,0.1365666753974453,0.3706709753782382,0.3684309926292196,0.3994108101602002,0.1406692907937634
473,rff_ens,3600,1.0,-1,0.13832262727716574,0.37457856619002294,0.36927533970802523,0.3978591906434713,0.14055220968318805
473,linlev,11,0.0,0,0.15217194969214026,0.6195605784229079,0.2456127051845263,0.7965921805740445,0.3604229259962434
473,linlev,11,0.001,0,0.20257499106284962,0.6180642188798071,0.32775718909921836,0.7883563349165907,0.27564523630960874
473,linlev,11,0.01,0,0.2107416771760622,0.5713764570151687,0.3688315725799453,0.5748025553873053,0.20715496854975057
473,linlev,11,0.1,0,0.1212451235244983,0.3467409255171512,0.34967064630073796,0.21710568614926803,0.15019461512965318
473,linlev,11,1.0,0,0.02817171066233952,0.08356563181322245,0.33712077622180986,0.04004015405096487,0.2091886515489949
473,rff_lev,36,0.001,0,0.11632351905200443,0.4998127349068698,0.23273420408881543,0.42732078040134136,0.28845210572740637
473,rff_lev,36,0.01,0,0.13035546542718612,0.3835490308570934,0.3398664966924536,0.40649621045627826,0.1611466883554701
473,rff_lev,36,0.1,0,0.13771034731844747,0.3748097921267703,0.36741395292007284,0.39498148961927626,0.1417810381674736
473,rff_lev,36,1.0,0,0.13844975401285806,0.3750370081779823,0.3691629119096257,0.39736538196392834,0.14067679663528515
473,rff_lev,360,0.001,0,0.1693792849560585,0.4715821901723289,0.3591723531674568,0.455600586520573,0.17007574711952766
473,rff_lev,360,0.01,0,0.15179201304084694,0.38178776204806336,0.3975821860464396,0.3751846122619274,0.12297389716265578
473,rff_lev,360,0.1,0,0.1410317133813073,0.37489083919289956,0.3761940774144647,0.3906409584632539,0.13612487149909758
473,rff_lev,360,1.0,0,0.13880390045223878,0.3750394613444504,0.3701047883192112,0.39691543193884227,0.14006853221350118
473,rff_lev,3600,0.001,0,0.16651925105097712,0.452945473879886,0.3676364168618128,0.40449422100662136,0.15760497394858689
473,rff_lev,3600,0.01,0,0.1514551254725984,0.3786355774732639,0.4000023623857505,0.35936795888187933,0.12114851738692416
473,rff_lev,3600,0.1,0,0.14088624721176846,0.3746173487135896,0.3760804129748988,0.38878679406867406,0.13616981095876615
473,rff_lev,3600,1.0,0,0.13878470184515718,0.37501788393752156,0.3700748891972279,0.3967363078085292,0.14008541582059952
473,rff_lev,36,0.001,1,0.16276577204708698,0.5543767179467527,0.29360138472251,0.7414189899337469,0.266049910629012
473,rff_lev,36,0.01,1,0.14976617719064422,0.3827939982359154,0.39124484156186673,0.4959740299210207,0.12718401130613735
473,rff_lev,36,0.1,1,0.14049065558233714,0.3743949336135669,0.375247213487523,0.4077857656367112,0.13668309222847608
473,rff_lev,36,1.0,1,0.13873987706892194,0.3749917881596206,0.36998110745258594,0.3987227860233917,0.14014305331009394
473,rff_lev,360,0.001,1,0.16282458357084964,0.4772837608627171,0.3411483836712464,0.39542881851063266,0.18641767902826908
473,rff_lev,360,0.01,1,0.15225428617460565,0.3858070248681656,0.3946384496929069,0.358476640577029,0.12527506851864104
473,rff_lev,360,0.1,1,0.14113598273729414,0.37596696927571205,0.37539463376048154,0.3888888987405344,0.13675377490668608
473,rff_lev,360,1.0,1,0.13881272030508682,0.3751675172490769,0.37000196958130543,0.3967509389241382,0.1401494094788493
473,rff_lev,3600,0.001,1,0.16556041306810498,0.4505553419224727,0.36745855095552954,0.5023684476295625,0.1570447531456362
473,rff_lev,3600,0.01,1,0.1509956018746168,0.3790433748614683,0.39835969149916484,0.37705963633354167,0.12223756083430418
473,rff_lev,3600,0.1,1,0.14078344750154242,0.3747746173446141,0.3756482989670795,0.39117772818511937,0.13646431066482492
473,rff_lev,3600,1.0,1,0.1387729994655884,0.3750373413119545,0.3700244860421982,0.39698886867834005,0.14012016659952725
473,rff_lev_ens,36,0.001,-1,0.13954464554954574,0.4638881813549897,0.30081526358775545,0.5843698851675442,0.2133308745749851
473,rff_lev_ens,36,0.01,-1,0.1400608213089152,0.3782988595871786,0.37023855018161456,0.4512351201886493,0.14036063098454574
473,rff_lev_ens,36,0.1,-1,0.13910050145039232,0.3745174871642962,0.3714125674173677,0.40138362762799373,0.13916650756651314
473,rff_lev_ens,36,1.0,-1,0.13859481554088998,0.3750134792741455,0.3695728905775497,0.39804408399365987,0.14040921422202168
473,rff_lev_ens,360,0.001,-1,0.16610193426345402,0.46857714940616574,0.3544815074186978,0.42551470251560286,0.17270574175644926
473,rff_lev_ens,360,0.01,-1,0.15202314960772628,0.3834692238992814,0.3964415920054521,0.3668306264194783,0.12386859725080611
473,rff_lev_ens,360,0.1,-1,0.14108384805930071,0.3754211774485221,0.3758015171604063,0.38976492860189416,0.13643322931314153
473,rff_lev_ens,360,1.0,-1,0.1388083103786628,0.37510339706651635,0.37005346116353144,0.3968331854314901,0.14010889753538247
473,rff_lev_ens,3600,0.001,-1,0.1660398320595411,0.4511625588221231,0.3680266210321866,0.453431334318092,0.1567924289658925
473,rff_lev_ens,3600,0.01,-1,0.15122536367360756,0.37881667741139546,0.3992046092241514,0.3682137976077104,0.12167567112769727
473,rff_lev_ens,3600,0.1,-1,0.14083484735665547,0.3746954595821999,0.3758648357086895,0.3899822611268968,0.13631665971986592
473,rff_lev_ens,3600,1.0,-1,0.13877885065537282,0.37502760654330214,0.3700496929666666,0.3968625882434348,0.1401027865197669
474,ff,6,0.0,0,0.2114435102378489,0.4909747126522239,0.4306606934920137,0.4142430826499674,0.1281067553879703
474,fm,6,0.0,0,0.15854156077330817,0.4740377735296925,0.3344492140210795,0.14238272138625238,0.19799336505683932
474,linrank,6,0.0,0,0.30073840654246786,0.6271643285996618,0.4795209051732252,0.20381059681866598,0.14753112053066267
474,linrank,6,0.001,0,0.1808780570294131,0.4668505012102988,0.38744321053633024,0.41558018097751054,0.15413939731424775
474,linrank,6,0.01,0,0.08394783043015991,0.26153073361897905,0.32098648318886486,0.2269804915312834,0.1727791513789234
474,linrank,6,0.1,0,0.01676006132033354,0.05832405451902632,0.2873610461163347,0.031384178414970036,0.23539172172836365
474,linrank,6,1.0,0,0.00189776331786518,0.006762691863523902,0.2806224734415585,0.003114702188811984,0.26148305824915224
474,rff,36,0.001,0,0.289112625242706,0.5843469144885948,0.4947619608734134,0.16208595978271406,0.11205142543968949
474,rff,36,0.01,0,0.21245092874094304,0.437129698648185,0.486013486152836,0.21549998138780632,0.07654516245928723
474,rff,36,0.1,0,0.15498841258739696,0.3942770054642396,0.39309523619036973,0.33110443076039575,0.13472818927744637
474,rff,36,1.0,0,0.1444545133716358,0.39405694139357395,0.36658284171007244,0.356573823597457,0.152468202128654
474,rff,360,0.001,0,0.27070534172614213,0.5660100772102862,0.47826947368212436,0.04733064146796281,0.11746735546840839
474,rff,360,0.01,0,0.19942027507137855,0.4252420701808414,0.4689570695264739,0.25601692735733445,0.08698796359650583
474,rff,360,0.1,0,0.15249777137228382,0.39422241568589694,0.38683181195304955,0.3404418146108712,0.13890058993620075
474,rff,360,1.0,0,0.14418279678446924,0.3941040476679896,0.3658495710400191,0.35759487391168426,0.15297033508597713
474,rff,3600,0.001,0,0.26789259792699915,0.5770765075923692,0.4642237110720006,0.02253308789737223,0.13422779316311514
474,rff,3600,0.01,0,0.1998221651052406,0.427883624629213,0.46700119752981567,0.2527685054457571,0.08859821306072914
474,rff,3600,0.1,0,0.1525418649955495,0.39401070862973986,0.38715157140283796,0.341283505485985,0.13865897847816208
474,rff,3600,1.0,0,0.14418696044057625,0.3940713648968169,0.365890478944924,0.3577072523220835,0.15293744868961107
474,rff,36,0.001,1,0.2138008859456018,0.49526991370811035,0.43168559209434704,0.5806391292241857,0.12863058374239061
474,rff,36,0.01,1,0.1927703788999185,0.42177038215884305,0.4570505352064271,0.4848785451942372,0.09473916582582863
474,rff,36,0.1,1,0.15389514809620636,0.3934693367103388,0.39112361177333543,0.38163629140604827,0.1359407887244455
474,rff,36,1.0,1,0.14438500482272093,0.39396303491302637,0.36649378755698797,0.3620922763599494,0.15251314222812873
474,rff,360,0.001,1,0.26435484014272775,0.5646502364543803,0.46817449648599546,0.0826801944089028,0.12523294012745018
474,rff,360,0.01,1,0.19932503804427731,0.4283386209686405,0.4653445388452849,0.3044849487880687,0.08978361829414576
474,rff,360,0.1,1,0.15253853957454744,0.3930809961616538,0.3880587997487832,0.35215826923514887,0.13793284582791004
474,rff,360,1.0,1,0.1441871101369592,0.393942989251317,0.3660100930111353,0.3589029219564772,0.15283603061402343
474,rff,3600,0.001,1,0.2653784659460303,0.5701212485097837,0.4654772412705053,0.003014039954842818,0.12993628567619328
474,rff,3600,0.01,1,0.19910599175562635,0.4266602144120196,0.4666617252560431,0.26234232208391794,0.08869940038188043
474,rff,3600,0.1,1,0.15242062209666252,0.39378355975331786,0.38706700247248776,0.3440811611674571,0.13868554315703444
474,rff,3600,1.0,1,0.14417319886535282,0.3940477309583202,0.36587750046098483,0.358026746050077,0.15294237719179457
474,rff_ens,36,0.001,-1,0.2514567555941539,0.5242674789180581,0.47963447229854983,0.37136254450344974,0.10040262757475778
474,rff_ens,36,0.01,-1,0.20261065382043078,0.42521028635266217,0.4764951844377277,0.3501892632910217,0.08186280639882482
474,rff_ens,36,0.1,-1,0.15444178034180164,0.3937236675620832,0.3922593256790917,0.3563703610832219,0.13521627860811075
474,rff_ens,36,1.0,-1,0.14441975909717836,0.3940081998992959,0.36653998351833905,0.3593330499787032,0.15248925958924484
474,rff_ens,360,0.001,-1,0.26753009093443497,0.5628580810196363,0.4753064759233717,0.0650054179384328,0.11855063643365571
474,rff_ens,360,0.01,-1,0.1993726565578278,0.42635868416588213,0.467617205799093,0.28025093807270146,0.08801512000896328
474,rff_ens,360,0.1,-1,0.15251815547341563,0.393634419503738,0.3874614310041739,0.3463000419230102,0.13840278239825757
474,rff_ens,360,1.0,-1,0.14418495346071425,0.3940233132165713,0.36593000623154576,0.35824889793408077,0.1529030146192352
474,rff_ens,3600,0.001,-1,0.26663553193651474,0.5733874081726391,0.46501811538950716,0.01277356392610751,0.13182581224700615
474,rff_ens,3600,0.01,-1,0.19946407843043346,0.4272457050207871,0.4668603477727851,0.2575554137648375,0.08862590355997566
474,rff_ens,3600,0.1,-1,0.15248124354610607,0.3938963933306173,0.3871100272251561,0.3426823333267211,0.13867166059805422
474,rff_ens,3600,1.0,-1,0.14418007965296448,0.39405953928484616,0.3658839979223135,0.35786699918608006,0.15293990594222234
474,linlev,11,0.0,0,0.4914815210961494,1.0270362765360188,0.47854348704586663,0.5996661357194681,0.5786238060856864
474,linlev,11,0.001,0,0.39894515781779133,0.8485448203248191,0.4701521337023505,0.7678478587148053,0.3465244847887905
474,linlev,11,0.01,0,0.2624015258426096,0.6243532792727197,0.42027732463945583,0.6141308654395309,0.19909777579593999
474,linlev,11,0.1,0,0.11883473679486393,0.33325586562919274,0.35658708233237524,0.3385274200138796,0.15274094243367026
474,linlev,11,1.0,0,0.026009340384315602,0.0777238740441388,0.33463772494851574,0.0751059694628808,0.21992805499305612
474,rff_lev,36,0.001,0,0.21746144617753352,0.5342559078319649,0.4070361094554894,1.0487315443407237,0.16302521264994518
474,rff_lev,36,0.01,0,0.17583757052224142,0.41811511123368456,0.42054823133136127,0.48057273238700005,0.11929320578266872
474,rff_lev,36,0.1,0,0.1488110026074532,0.39617146729880626,0.37562271614885073,0.36802940826933683,0.14670379016184898
474,rff_lev,36,1.0,0,0.14379212726970184,0.394384746877489,0.3645986017668406,0.36043292184669684,0.15386049927299453
474,rff_lev,360,0.001,0,0.2515128896979414,0.5313338665375459,0.47336129981123387,0.49653226750078455,0.10777788139609568
474,rff_lev,360,0.01,0,0.18017375226462148,0.4110027367402699,0.4383760402512379,0.346860466959602,0.10626757546189279
474,rff_lev,360,0.1,0,0.14914181413000857,0.39477232022441816,0.37779197397939446,0.35088993094519894,0.14503408665537437
474,rff_lev,360,1.0,0,0.14382393900900636,0.3942258613283429,0.3648262407859089,0.35865080945198896,0.15368072653215845
474,rff_lev,3600,0.001,0,0.24278205152438448,0.5315248552287191,0.45676519006794813,0.313717836460365,0.12112694259756161
474,rff_lev,3600,0.01,0,0.1776681337529223,0.40844636275616986,0.43498522683377355,0.3126570774146926,0.10828737887217735
474,rff_lev,3600,0.1,0,0.14846909706976447,0.3944170965914605,0.3764266264135847,0.34924135338781986,0.14589897410685054
474,rff_lev,3600,1.0,0,0.14374424972979177,0.3941954207189242,0.36465225665898005,0.3585492433372892,0.15379318896459782
474,rff_lev,36,0.001,1,0.2681888063918485,0.6597703101086054,0.4064881403161377,-0.41420101982974067,0.23607373456902384
474,rff_lev,36,0.01,1,0.18286952377543833,0.4135852143102384,0.4421568214918445,0.1718899467949286,0.10398419404905584
474,rff_lev,36,0.1,1,0.14893678246403616,0.39382496658125854,0.3781801437246,0.33512485291660865,0.1446359539234277
474,rff_lev,36,1.0,1,0.143787312851779,0.3941240389759239,0.3648275634883632,0.35715765229898255,0.15366317311030386
474,rff_lev,360,0.001,1,0.2438222044530165,0.5543620274626324,0.4398248660158306,0.14952752385572066,0.14435136534880716
474,rff_lev,360,0.01,1,0.17841146051223833,0.41467573886198306,0.4302433052916539,0.26501436372579806,0.11219294599639584
474,rff_lev,360,0.1,1,0.14856109820090557,0.3955886646565411,0.3755443759489156,0.3426913412841113,0.1466678444796242
474,rff_lev,360,1.0,1,0.1437530481298764,0.39432645276501915,0.3645533976274716,0.3578654450687217,0.1538814433151517
474,rff_lev,3600,0.001,1,0.24728997332101793,0.5279626654872012,0.4683853414006463,0.2926016712641509,0.1105462097894551
474,rff_lev,3600,0.01,1,0.17884346445621538,0.40892332931315295,0.4373520697794605,0.30615394886591757,0.1067455945008551
474,rff_lev,3600,0.1,1,0.1485679164944582,0.3945190914622346,0.37657978969740147,0.3486372297128722,0.14581115572880585
474,rff_lev,3600,1.0,1,0.14375318865051248,0.3942080586583715,0.3646632418925049,0.3584936488481929,0.15378784483539798
474,rff_lev_ens,36,0.001,-1,0.24282512628469102,0.5221241819190379,0.46507159540514104,0.31726526225549123,0.11115670010844952
474,rff_lev_ens,36,0.01,-1,0.17935354714883986,0.4115460794121328,0.43580429050626585,0.3262313395909644,0.10806002543471985
474,rff_lev_ens,36,0.1,-1,0.1488738925357447,0.3949412150631737,0.3769520294607167,0.3515771305929726,0.14562346354086206
474,rff_lev_ens,36,1.0,-1,0.14378972006074045,0.3942538088874656,0.364713585054503,0.3587952870728396,0.15376135867397045
474,rff_lev_ens,360,0.001,-1,0.24766754707547886,0.5368328304151757,0.46134947984447555,0.3230298956782524,0.11942285691302648
474,rff_lev_ens,360,0.01,-1,0.1792926063884299,0.41234963571467564,0.43480723846811153,0.30593741534269997,0.10882209738075331
474,rff_lev_ens,360,0.1,-1,0.14885145616545709,0.3951682214193109,0.3766787107294025,0.3467906361146551,0.14584101626939533
474,rff_lev_ens,360,1.0,-1,0.14378849356944137,0.39427601162344,0.36468993631489055,0.3582581272603552,0.1537809664638045
474,rff_lev_ens,3600,0.001,-1,0.24503601242270123,0.5293385084568517,0.46290985542888197,0.3031597538622579,0.1153991284519712
474,rff_lev_ens,3600,0.01,-1,0.17825579910456882,0.4086672144754756,0.43618815699067065,0.309405513140305,0.10750167327044607
474,rff_lev_ens,3600,0.1,-1,0.14851850678211134,0.3944677611663862,0.376503535657674,0.3489392915503461,0.1458547972702174
474,rff_lev_ens,3600,1.0,-1,0.1437487191901521,0.3942017359023054,0.36465775286635776,0.3585214460927409,0.15379051385492684
475,ff,6,0.0,0,0.19997281069725556,0.5006390155319874,0.39943513088919186,0.47755853337866305,0.15316204507691614
475,fm,6,0.0,0,0.19529393390274513,0.527590075417084,0.37016225854581586,0.33361846482021607,0.18838225807275316
475,linrank,6,0.0,0,0.2428204700317585,0.5913584997261354,0.41061466123208057,0.35140391429930734,0.1855048333817021
475,linrank,6,0.001,0,0.12788050243259486,0.39499388179385303,0.32375312207832013,0.4351899650933525,0.17909170227222881
475,linrank,6,0.01,0,0.05677973963652498,0.19797375412310905,0.28680437913611906,0.3314828034684071,0.19133718446216813
475,linrank,6,0.1,0,0.01134826014934648,0.04329094517145623,0.2621393481801115,0.07851519212532823,0.2417854862239916
475,linrank,6,1.0,0,0.0012852810097132047,0.005014505811949291,0.25631259747480023,0.00908834396056498,0.25993535277681484
475,rff,36,0.001,0,0.24863112476253327,0.5308988249818158,0.4683211057606867,0.4344999993262074,0.10888786662311789
475,rff,36,0.01,0,0.19606199711199213,0.42542251980767815,0.46086417146094283,0.3705080777964918,0.08977975042750207
475,rff,36,0.1,0,0.15282996389583137,0.39643375882986354,0.3855119814895003,0.29884147619076107,0.13733591279314208
475,rff,36,1.0,0,0.14470729427186854,0.39761912100195523,0.3639344453738103,0.2849794092856438,0.15210569543854485
475,rff,360,0.001,0,0.21987049337368186,0.47598386620322103,0.46192845805367755,0.40890242281682093,0.09764180557521779
475,rff,360,0.01,0,0.18176748761670206,0.40568695583522607,0.44804863701491254,0.38473354913760927,0.09656546803636572
475,rff,360,0.1,0,0.15033114022132324,0.3960582172287768,0.37956828991755726,0.30302921588316656,0.1412784002924628
475,rff,360,1.0,0,0.1444372497484334,0.39764853434859704,0.3632284222675219,0.2854561122665662,0.15259109406804103
475,rff,3600,0.001,0,0.21871008850859947,0.4886695851506894,0.44756231031067045,0.33036419790686217,0.11169100683001656
475,rff,3600,0.01,0,0.18043519639375905,0.4050361006217904,0.44547929460303487,0.38634497860463,0.0982198276974708
475,rff,3600,0.1,0,0.15003679300024278,0.39564512115087364,0.3792206322772482,0.3043115050313998,0.14145163272423103
475,rff,3600,1.0,0,0.14440450034383423,0.3976016059139249,0.36318892629195204,0.2856009829111048,0.15260981363764517
475,rff,36,0.001,1,0.18466098097057276,0.4396494197928522,0.42001870730906166,0.3074395887258206,0.12054844585648955
475,rff,36,0.01,1,0.17448640056665207,0.3929286289792529,0.44406639704500933,0.43474181973077763,0.09834472790134668
475,rff,36,0.1,1,0.15064252705283476,0.39349736975060434,0.3828298195444378,0.3181536261295612,0.1387274144322676
475,rff,36,1.0,1,0.1445041511554972,0.39733294111532547,0.3636853031864655,0.28721327178541645,0.15222573106596027
475,rff,360,0.001,1,0.2185518807649885,0.4876472979008151,0.4481761340743465,0.30321153649386295,0.11094016778633221
475,rff,360,0.01,1,0.18063510090370788,0.40414244613577427,0.44695899337191214,0.4055612311361824,0.09716907222011348
475,rff,360,0.1,1,0.14998051373546575,0.3944833850019598,0.380194754551502,0.3094140873605903,0.14062938565245647
475,rff,360,1.0,1,0.14439609402960665,0.39745427343058953,0.3633024065467084,0.28617943516479344,0.15250706096046068
475,rff,3600,0.001,1,0.21884033532910166,0.487207040892275,0.44917317887753766,0.3098310682695345,0.11006023998418643
475,rff,3600,0.01,1,0.18053532107052248,0.4047532109433175,0.4460380206738002,0.3841360931813646,0.09782663936234655
475,rff,3600,0.1,1,0.1500080984499839,0.39544174897851564,0.3793430987938854,0.30408446006221085,0.1413395271162289
475,rff,3600,1.0,1,0.144400106526924,0.3975779507635608,0.36319948389894136,0.2855771309057818,0.1525985222249205
475,rff_ens,36,0.001,-1,0.216646052866553,0.4622437771556886,0.4686835465901455,0.37096979402601404,0.08979183358913839
475,rff_ens,36,0.01,-1,0.1852741988393221,0.405666366666283,0.4567157005444721,0.4026249487636347,0.09082244970156085
475,rff_ens,36,0.1,-1,0.1517362454743331,0.3948541222371707,0.38428431395023427,0.30849755116016103,0.13794029267009675
475,rff_ens,36,1.0,-1,0.14460572271368285,0.39747471981232757,0.3638111193133495,0.2860963405355301,0.15216464008449831
475,rff_ens,360,0.001,-1,0.2192111870693352,0.47965638376219716,0.45701713662173454,0.3560569796553421,0.10218053446193412
475,rff_ens,360,0.01,-1,0.181201294260205,0.4045257664587398,0.44793511139342196,0.3951473901368958,0.0965515338306235
475,rff_ens,360,0.1,-1,0.15015582697839447,0.3952559487150415,0.37989517290389685,0.3062216516218785,0.14094150099383335
475,rff_ens,360,1.0,-1,0.14441667188902005,0.3975512265687732,0.36326556739735555,0.2858177737156799,0.15254892666822611
475,rff_ens,3600,0.001,-1,0.21877521191885052,0.4877596124562441,0.44853080560965136,0.32009763308819816,0.11070072663633143
475,rff_ens,3600,0.01,-1,0.18048525873214077,0.40486692545567415,0.44578909114150583,0.38524053589299734,0.09800075606368594
475,rff_ens,3600,0.1,-1,0.15002244572511328,0.39554265156828483,0.3792826010805412,0.3041979825468053,0.14139494956121676
475,rff_ens,3600,1.0,-1,0.14440230343537913,0.397589769293196,0.3631942132014268,0.2855890569084434,0.1526041605937311
475,linlev,11,0.0,0,0.5121631433850842,1.187052915982256,0.431457718935202,0.7787495206769445,0.9095585415943281
475,linlev,11,0.001,0,0.39828343188370735,0.8644386852447201,0.46074225816369435,0.8412424893325892,0.3717961864736988
475,linlev,11,0.01,0,0.266180118446709,0.6134702803575925,0.4338924426649524,0.7587242504692758,0.17731652102533849
475,linlev,11,0.1,0,0.12108836764386847,0.32699259648740325,0.37030920254652666,0.49419519957878105,0.14188893322892265
475,linlev,11,1.0,0,0.025835159035371986,0.07474372898324981,0.3456498543330864,0.12260742410365852,0.21706287997438975
475,rff_lev,36,0.001,0,0.2710266339643902,0.6491934681083883,0.417482071645151,0.32077008768698395,0.21533344500431312
475,rff_lev,36,0.01,0,0.1868426138433712,0.4320005055932442,0.4325055443784488,0.3738729441404678,0.11032848907432866
475,rff_lev,36,0.1,0,0.15026852538778107,0.39979001460849994,0.37586863077341653,0.30090814826822654,0.1443547523077498
475,rff_lev,36,1.0,0,0.1444187789340836,0.3980560745130309,0.3628101370158989,0.2852064845827671,0.15294698187779726
475,rff_lev,360,0.001,0,0.2658766051055425,0.5714428512851396,0.4652724318934124,0.3590919438219534,0.12796320879668302
475,rff_lev,360,0.01,0,0.17953839632111174,0.41470644324879025,0.4329288807635025,0.3845583121872129,0.10761779476382444
475,rff_lev,360,0.1,0,0.14927160896951144,0.3982074921626502,0.37485886606206936,0.3038780556202101,0.14478711970022026
475,rff_lev,360,1.0,0,0.14431755063648274,0.3978983025686852,0.36269958857532614,0.2855608503190131,0.15299463091621837
475,rff_lev,3600,0.001,0,0.2443213377809615,0.5389546222814938,0.45332450577509553,0.4269609146367871,0.12400144299217263
475,rff_lev,3600,0.01,0,0.17536094556048631,0.4114726464874584,0.42617886524768367,0.39962718836407485,0.11181842649471732
475,rff_lev,3600,0.1,0,0.14848472191087084,0.3979028342451491,0.37316829419563513,0.3047459145107955,0.14588405189995884
475,rff_lev,3600,1.0,0,0.14422806708506664,0.39787335999167045,0.36249742151142283,0.28561748745241045,0.15312792933645183
475,rff_lev,36,0.001,1,0.25894627308499923,0.5800245730909903,0.44644017701708216,0.43538863107307335,0.14806824914442743
475,rff_lev,36,0.01,1,0.17667166294570258,0.41063049404482704,0.4302448685810849,0.36573321760722705,0.10896607081652268
475,rff_lev,36,0.1,1,0.14845073387229987,0.39738440629232297,0.37356960042135345,0.2996146223618993,0.1455296365873559
475,rff_lev,36,1.0,1,0.14421975313322485,0.3978193577040715,0.36252573018456924,0.2850755011138625,0.15309918987186777
475,rff_lev,360,0.001,1,0.2559594533762263,0.5464991488749096,0.4683620347866523,0.414240304071647,0.11473677232163387
475,rff_lev,360,0.01,1,0.17976167282371774,0.42067925017713226,0.427312905849354,0.3795901188505383,0.11224106247896937
475,rff_lev,360,0.1,1,0.14909377164599966,0.3995307045996156,0.37317224916520997,0.3008630917038489,0.14614531094992475
475,rff_lev,360,1.0,1,0.14429109082316005,0.39805066945996304,0.36249427998430545,0.28519148232859004,0.15316119028257144
475,rff_lev,3600,0.001,1,0.2441296419122005,0.530677923456527,0.4600335365791781,0.4386322885131233,0.11543817426033903
475,rff_lev,3600,0.01,1,0.17605676137580373,0.4114307977535381,0.4279134239271706,0.39507726988609443,0.11063687939507129
475,rff_lev,3600,0.1,1,0.1485678452560069,0.39799904422543764,0.3732869397843427,0.30350565207803437,0.14581907091679014
475,rff_lev,3600,1.0,1,0.14423614039411933,0.3978860931592852,0.36250611135679345,0.285476202796483,0.1531242441175421
475,rff_lev_ens,36,0.001,-1,0.26498645352469474,0.5665439022525901,0.46772448255307875,0.3780793593800285,0.1236960242622273
475,rff_lev_ens,36,0.01,-1,0.18175713839453686,0.41743556771865464,0.4354136361399814,0.3698030808738475,0.10625295134532177
475,rff_lev_ens,36,0.1,-1,0.14935962963004046,0.3985217961528668,0.3747840922927799,0.3002613853150629,0.1448877792924783
475,rff_lev_ens,36,1.0,-1,0.14431926603365425,0.3979370158248062,0.3626686141135248,0.28514099284831484,0.15302250462516542
475,rff_lev_ens,360,0.001,-1,0.26091802924088436,0.5541373277980763,0.47085445457657565,0.3866661239468,0.11578945514080022
475,rff_lev_ens,360,0.01,-1,0.17965003457241469,0.41738325171325996,0.43041984515428827,0.38207421551887577,0.10966196216820408
475,rff_lev_ens,360,0.1,-1,0.14918269030775552,0.39886112864294915,0.37402163207861816,0.3023705736620295,0.14545941199470505
475,rff_lev_ens,360,1.0,-1,0.14430432072982144,0.39797439065984397,0.3625970015069663,0.28537616632380153,0.15307782872315567
475,rff_lev_ens,3600,0.001,-1,0.24422548984658102,0.5344545703173283,0.45696211317189034,0.4327966015749553,0.11931591551114966
475,rff_lev_ens,3600,0.01,-1,0.17570885346814497,0.4114292527247429,0.42706942276099863,0.39735222912508467,0.11120904182886955
475,rff_lev_ens,3600,0.1,-1,0.14852628358343883,0.39795044720058154,0.3732280856278977,0.30412578329441503,0.1458511657558024
475,rff_lev_ens,3600,1.0,-1,0.14423210373959297,0.39787972096446417,0.36250177161573605,0.2855468451244468,0.1531260822051519
476,ff,6,0.0,0,0.20838599369023492,0.5212305218917667,0.39979622247353,0.8341905469952476,0.16503130729350904
476,fm,6,0.0,0,0.2369412429625528,0.6296329356563544,0.37631646876216196,0.699974205696444,0.2453936157109215
476,linrank,6,0.0,0,0.2939818817074985,0.639299538027227,0.4598499830215397,1.031312057147603,0.17386279803525947
476,linrank,6,0.001,0,0.1682428031856787,0.4637949977443576,0.362752517823432,0.9893104386104558,0.1736231497412551
476,linrank,6,0.01,0,0.07776168336632419,0.25154012508757617,0.3091422624491846,0.5618657991375762,0.1804932625525384
476,linrank,6,0.1,0,0.015506540623951143,0.05423588292060995,0.28590925027715497,0.11424621793613929,0.23886621790654697
476,linrank,6,1.0,0,0.0017533335664814767,0.006235765506148179,0.28117374919771604,0.012883827135670293,0.2632326071732289
476,rff,36,0.001,0,0.26771092269990643,0.5830625273303162,0.45914616383543205,1.110306439488715,0.142906518865987
476,rff,36,0.01,0,0.21802280914514563,0.4723514508187402,0.46156904729993,0.6588822419020083,0.10130153546396699
476,rff,36,0.1,0,0.17063119425539747,0.44297344221009316,0.3851950884551463,0.33426757062992674,0.15077540180183582
476,rff,36,1.0,0,0.16160721192570937,0.44337460109685733,0.36449361674284425,0.27681225909650126,0.16618081934892864
476,rff,360,0.001,0,0.2618225945003949,0.576280293883305,0.45433202779863435,1.1636941279941886,0.14370217446450564
476,rff,360,0.01,0,0.206488943607701,0.46071009742845187,0.4481971303868995,0.6146896914506873,0.10861090584550472
476,rff,360,0.1,0,0.16818657097912068,0.442808609191899,0.37981775306051924,0.32373610480175485,0.15469036043008613
476,rff,360,1.0,0,0.1613368262634359,0.44340570504438964,0.3638582553810045,0.27563404091442134,0.1666618536039475
476,rff,3600,0.001,0,0.25546291277577465,0.5864889371829778,0.4355801048913446,1.2315955009833706,0.16500206304650153
476,rff,3600,0.01,0,0.20388716084431008,0.46152612319671577,0.4417673249611647,0.6202256846173817,0.1134993304176723
476,rff,3600,0.1,0,0.16773149317228506,0.4424747024460721,0.3790758934805495,0.3238829779660211,0.15515204511812306
476,rff,3600,1.0,0,0.16128751469024116,0.4433640014789642,0.3637812590833304,0.27564042730408134,0.16670758617806025
476,rff,36,0.001,1,0.21727717167704216,0.5572896986259632,0.3898819091986704,0.8139028670571673,0.1899241495286561
476,rff,36,0.01,1,0.20024339926399629,0.45941521360872883,0.43586584277667834,0.6147411526095776,0.11737027427211041
476,rff,36,0.1,1,0.16896811610321372,0.4409734224504717,0.3831707479427323,0.33912106980429024,0.1517688667168728
476,rff,36,1.0,1,0.16146027825192805,0.443141987581365,0.3643533738095229,0.2775974438225838,0.16622100146304547
476,rff,360,0.001,1,0.24649230715765713,0.5714983590205951,0.4313088625137667,1.1468448899235355,0.16108153289197236
476,rff,360,0.01,1,0.202900096683649,0.4622505239047171,0.4389396792235382,0.6315930878148627,0.11574111807327031
476,rff,360,0.1,1,0.16769963809327754,0.44152145888073524,0.37982216882141834,0.3289829183463304,0.15436240643838284
476,rff,360,1.0,1,0.1612855222402271,0.4432342235493037,0.36388327812030136,0.276232922604421,0.16659586748535143
476,rff,3600,0.001,1,0.2516937753860351,0.5794378229473178,0.434375812931561,1.2103864582720572,0.16240771181408184
476,rff,3600,0.01,1,0.2031725897095602,0.4609687008640643,0.4407513771080828,0.6232978003477999,0.11412338032262094
476,rff,3600,0.1,1,0.16764050464341534,0.44230144087187806,0.37901867177497156,0.32504966654805106,0.15515020946375674
476,rff,3600,1.0,1,0.1612776748565444,0.4433437020990998,0.36377572094278743,0.27577323499492695,0.16670609224112878
476,rff_ens,36,0.001,-1,0.24249404718847428,0.5543680942989441,0.437424248765855,0.9621046532729414,0.1478365678776892
476,rff_ens,36,0.01,-1,0.209133104204571,0.4609542269338246,0.45369603310871587,0.6368116972557929,0.10464656154940677
476,rff_ens,36,0.1,-1,0.16979965517930554,0.4418074354733893,0.38432955524473694,0.3366943202171085,0.1511237379361218
476,rff_ens,36,1.0,-1,0.16153374508881876,0.4432563261173772,0.3644251318503316,0.2772048514595425,0.16619914662400542
476,rff_ens,360,0.001,-1,0.254157450829026,0.5725540732750358,0.4439012185787687,1.155269508958862,0.1507965903338407
476,rff_ens,360,0.01,-1,0.204694520145675,0.4610009572513259,0.44402189827575733,0.623141389632775,0.11173000422910578
476,rff_ens,360,0.1,-1,0.16794310453619918,0.44214685186572367,0.3798355768621465,0.3263595115740427,0.1545098312597775
476,rff_ens,360,1.0,-1,0.16131117425183145,0.4433197491724625,0.36387094090202005,0.2759334817594212,0.1666286617973256
476,rff_ens,3600,0.001,-1,0.25357834408090485,0.5828319833471093,0.435079665025666,1.2209909796277143,0.16353572459347804
476,rff_ens,3600,0.01,-1,0.2035298752769351,0.46122796924802506,0.44127825901097306,0.6217617424825909,0.11379321454918051
476,rff_ens,3600,0.1,-1,0.16768599890785021,0.44238748076055895,0.37904779452520226,0.3244663222570361,0.15515059490384595
476,rff_ens,3600,1.0,-1,0.1612825947733928,0.4433538449125298,0.36377849571872456,0.27570683114950406,0.16670683298492533
476,linlev,11,0.0,0,0.5425241533604834,1.1837201942541022,0.4583212789592935,1.6715422608676784,0.8771749638996605
476,linlev,11,0.001,0,0.4027468796560509,0.8492367300660121,0.47424571429540613,1.4306719899458609,0.3446116288099454
476,linlev,11,0.01,0,0.25302344197434834,0.5693778175544781,0.4443858439394489,0.992462820373004,0.14886239271909912
476,linlev,11,0.1,0,0.1179632294228606,0.3270062847954506,0.360736887661499,0.5313211252035568,0.15161929030202148
476,linlev,11,1.0,0,0.02623940649127855,0.08015164127471569,0.327372042218628,0.1279127779329131,0.22133129442563704
476,rff_lev,36,0.001,0,0.29906295573727515,0.6402610174944099,0.4670953682415723,1.257755094058928,0.1679442258988912
476,rff_lev,36,0.01,0,0.20708873437015055,0.4713741593034551,0.439329840813004,0.59504440264209,0.11759918857791754
476,rff_lev,36,0.1,0,0.16734224336260203,0.44511178974954846,0.3759555401953309,0.31537621061680754,0.1581407604186194
476,rff_lev,36,1.0,0,0.1612334525523167,0.443671726053241,0.36340709376862235,0.2746615394501674,0.1670712369725178
476,rff_lev,360,0.001,0,0.2919505754018178,0.5919633715353102,0.493190270615254,0.9563057032332585,0.11845193626941765
476,rff_lev,360,0.01,0,0.19981640948035365,0.4602607377389437,0.4341374205889531,0.4951747349687607,0.11883104059705868
476,rff_lev,360,0.1,0,0.16640314170616835,0.44374154481546624,0.3750001406232282,0.3020329335528407,0.1584875961087118
476,rff_lev,360,1.0,0,0.1611396813053975,0.4435249389357104,0.36331594271129575,0.273285724267577,0.16709832109448466
476,rff_lev,3600,0.001,0,0.2775203266777152,0.5703496007843549,0.4865793301092248,0.9883350658977375,0.11397286083489734
476,rff_lev,3600,0.01,0,0.19663912262408068,0.45868800837600476,0.4286990700286365,0.4902161534100355,0.12248070368230161
476,rff_lev,3600,0.1,0,0.1658199047100542,0.44362682781912455,0.3737824097005744,0.30118589058602785,0.15935850909495117
476,rff_lev,3600,1.0,0,0.16107346522156377,0.44351708315300914,0.3631730802260777,0.2731917589536167,0.16720244916005697
476,rff_lev,36,0.001,1,0.2757939329488199,0.6084421404214708,0.45327881589164104,0.8976787024485318,0.1613735811505481
476,rff_lev,36,0.01,1,0.19775572711266415,0.4567549566188652,0.43295803197529287,0.44650824383696425,0.11891827913258046
476,rff_lev,36,0.1,1,0.16587490987905718,0.4431307255923786,0.3743250023056177,0.2948957362521887,0.1588268212894477
476,rff_lev,36,1.0,1,0.16107555134245066,0.4434664544457475,0.3632192462984959,0.2725273770283232,0.16715404213020418
476,rff_lev,360,0.001,1,0.27775208951855845,0.5705548694678481,0.4868104793805644,0.8952338438249123,0.11387221862443045
476,rff_lev,360,0.01,1,0.19928826412735498,0.4640720538090886,0.4294338831472468,0.46926087615943873,0.12319947044691895
476,rff_lev,360,0.1,1,0.1662205147099844,0.4447738919919757,0.373719136178486,0.29759626228733566,0.15970936044432185
476,rff_lev,360,1.0,1,0.16111487052946227,0.4436451355419854,0.36316158483882394,0.27279977788483617,0.1672465820930164
476,rff_lev,3600,0.001,1,0.2777466590437008,0.568794418251992,0.48830763828039403,0.9827601039365593,0.1118742941133069
476,rff_lev,3600,0.01,1,0.19721143660449447,0.45896452679041555,0.42968775383059254,0.4868968283992404,0.12181522972671849
476,rff_lev,3600,0.1,1,0.16585582231128054,0.4436993835332214,0.37380223743056495,0.30021037927974853,0.15936296747589965
476,rff_lev,3600,1.0,1,0.16107607685165745,0.4435266681070458,0.3631711201022562,0.2730803297692224,0.16720656950889262
476,rff_lev_ens,36,0.001,-1,0.28742844434304743,0.5809981371874807,0.4947149154977375,1.0777168982537295,0.11201437270284091
476,rff_lev_ens,36,0.01,-1,0.20242223074140733,0.46102833823827877,0.4390667860351505,0.520776323239527,0.11537474203041047
476,rff_lev_ens,36,0.1,-1,0.16660857662082956,0.4440694641488632,0.37518584381874587,0.305135973434498,0.15843626890756696
476,rff_lev_ens,36,1.0,-1,0.16115450194738365,0.44356853524052137,0.36331364635681146,0.2735944582392453,0.16711213041471246
476,rff_lev_ens,360,0.001,-1,0.284851332460188,0.5774369736908542,0.4933028978720897,0.9257697735290855,0.11156839062536952
476,rff_lev_ens,360,0.01,-1,0.19955233680385426,0.46193863012511904,0.43198884828013673,0.4822178055640997,0.12080107487419066
476,rff_lev_ens,360,0.1,-1,0.16631182820807638,0.4442525015296201,0.37436329032575566,0.2998145979200882,0.1590935682572339
476,rff_lev_ens,360,1.0,-1,0.16112727591742984,0.44358497654913664,0.3632388030156416,0.27304275107620657,0.16717239398595884
476,rff_lev_ens,3600,0.001,-1,0.277633492860708,0.5690221823043571,0.48791330372461317,0.9855475849171483,0.11229692994718275
476,rff_lev_ens,3600,0.01,-1,0.19692527961428763,0.45880350123741886,0.42921485795807807,0.48855649090463804,0.12212697462645325
476,rff_lev_ens,3600,0.1,-1,0.16583786351066732,0.44366264685116974,0.373792710943049,0.3006981349328882,0.15936032951958268
476,rff_lev_ens,3600,1.0,-1,0.16107477103661055,0.44352187041889135,0.3631721044206476,0.2731360443614195,0.16720450468729608
477,ff,6,0.0,0,0.2017715553777969,0.6272997142820185,0.3216509601135979,0.6348149649338453,0.28462429140959145
477,fm,6,0.0,0,0.2342129868956322,0.6404005190720595,0.3657289148281873,-0.4903301978452084,0.2504932843343805
477,linrank,6,0.0,0,0.08750566778739283,0.5468661855801069,0.1600129430101227,0.05006816120392313,0.38565924131837576
477,linrank,6,0.001,0,-0.03476552926170537,0.3158928992052792,-0.11005479815838914,0.1757297532465151,0.4244787343838819
477,linrank,6,0.01,0,-0.03158765144474944,0.16514805480440797,-0.1912686860415042,0.13937719883891656,0.3453976726862816
477,linrank,6,0.1,0,-0.00503966439258694,0.0376127408594337,-0.13398822519797662,0.036341716788526914,0.26547015534463064
477,linrank,6,1.0,0,-0.0005124823827585044,0.004403533386644095,-0.11637981088388297,0.004331624590382337,0.25499532857730495
477,rff,36,0.001,0,0.11694177869987744,0.5024270524222797,0.23275374631219153,-0.31632383431293953,0.28617547527878434
477,rff,36,0.01,0,0.14631225433995235,0.4426677598805366,0.3305238546837878,-0.12724670886927197,0.17868822279509458
477,rff,36,0.1,0,0.1618898218548905,0.4449213090221254,0.36386169547757025,-0.001823653484005758,0.15433435199969683
477,rff,36,1.0,0,0.1642943075598085,0.4490445904659931,0.3658752628315,0.018714414589343666,0.1539957586710193
477,rff,360,0.001,0,0.1172237700330115,0.47727730299914606,0.24560935392568048,-0.43231428478483086,0.26103820622017593
477,rff,360,0.01,0,0.14032183257861208,0.4339123502983947,0.3233875055229817,-0.1356439601817731,0.18127718934978052
477,rff,360,0.1,0,0.1605045940011945,0.44505010730920735,0.3606438721509638,-0.0008104032718012373,0.15677284477634423
477,rff,360,1.0,0,0.16414096022642877,0.44909485475440725,0.36549285410137056,0.01885773936765981,0.15429723300538659
477,rff,3600,0.001,0,0.11745168454605259,0.48927726721717524,0.2400513827549633,-0.32425434641664924,0.27223448339341555
477,rff,3600,0.01,0,0.14023441694076297,0.4346604071582152,0.32262983844700177,-0.10937921584960002,0.1820772374314432
477,rff,3600,0.1,0,0.16046846561021869,0.4449039585388657,0.36068113697442084,0.0030577456614508986,0.15670343962572122
477,rff,3600,1.0,0,0.1641363394771406,0.4490768245541812,0.36549723900823905,0.019266579681142045,0.15428876340164882
477,rff,36,0.001,1,0.09768967705326789,0.46975172819941535,0.2079602291783319,-0.14628106322711146,0.28878131510988125
477,rff,36,0.01,1,0.10987708372620725,0.42139208410316276,0.2607478589923103,0.007658240933154531,0.22384080468787645
477,rff,36,0.1,1,0.15273224107219674,0.4404569658184505,0.346758600555657,0.021071414935040143,0.16581570412384575
477,rff,36,1.0,1,0.16324317371297578,0.4485192516968045,0.3639602382626975,0.021169813866170426,0.15528221554790267
477,rff,360,0.001,1,0.12338023813478612,0.4810856398024893,0.2564621097096977,-0.4031830835158929,0.25385630978410284
477,rff,360,0.01,1,0.1370019118882479,0.43078230120663835,0.3180305028885822,-0.10699677141103452,0.18428980118473426
477,rff,360,0.1,1,0.15940043150226088,0.44346055058772116,0.35944670003003976,0.004458024614189565,0.15721560455345798
477,rff,360,1.0,1,0.1640133682988455,0.4489044212584572,0.3653636732715863,0.019432322590839587,0.15433953787574028
477,rff,3600,0.001,1,0.12111151699517218,0.4889027614043564,0.2477210737106158,-0.3282549162185015,0.26542158573464053
477,rff,3600,0.01,1,0.14036951734658004,0.4344507750201395,0.32309648277200803,-0.10978628915161463,0.18166275268985949
477,rff,3600,0.1,1,0.16033915110099262,0.4447348413184886,0.3605275238288981,0.0028424626414563464,0.15677013032369103
477,rff,3600,1.0,1,0.16411983285503814,0.44905646659448,0.3654770503577814,0.019239968342714957,0.15429807408391655
477,rff_ens,36,0.001,-1,0.10731572787657266,0.4595544941606678,0.2335212237943066,-0.23130244877002548,0.26202625286710857
477,rff_ens,36,0.01,-1,0.1280946690330798,0.4249345553289931,0.30144564010311253,-0.059794233968058726,0.19473899254849164
477,rff_ens,36,0.1,-1,0.15731103146354364,0.44244633965268765,0.3555482718809019,0.009623880725517198,0.1598341712324062
477,rff_ens,36,1.0,-1,0.16376874063639218,0.4487790050170223,0.3649206821299058,0.019942114227757067,0.1546360245482221
477,rff_ens,360,0.001,-1,0.12030200408389884,0.47668577157154507,0.25237171163570776,-0.41774868415036187,0.2550485989048721
477,rff_ens,360,0.01,-1,0.13866187223343002,0.4317905158618637,0.3211322785926823,-0.12132036579640382,0.18229712999998243
477,rff_ens,360,0.1,-1,0.15995251275172762,0.44423559163941606,0.3600623537646671,0.0018238106711941596,0.15697575177866624
477,rff_ens,360,1.0,-1,0.16407716426263708,0.448999402768383,0.36542846883757774,0.019145030979249678,0.15431816106086682
477,rff_ens,3600,0.001,-1,0.11928160077061235,0.4889546421833714,0.2439522820316705,-0.32625463131757554,0.2686922509211518
477,rff_ens,3600,0.01,-1,0.14030196714367152,0.4345307953355962,0.32288152796009245,-0.10958275250060728,0.1818484298593346
477,rff_ens,3600,0.1,-1,0.16040380835560566,0.44481858607111774,0.3606050047781957,0.0029501041514536715,0.15673604960538687
477,rff_ens,3600,1.0,-1,0.16412808616608943,0.4490666359925777,0.3654871527102321,0.019253274011928487,0.1542934099653627
477,linlev,11,0.0,0,0.31434962943097317,1.0701935075070486,0.2937315795937052,-0.18416124119386884,0.8693812842389906
477,linlev,11,0.001,0,0.23799847525358417,0.7073370351228703,0.33647110703349764,-0.28837022559926306,0.33492271503958326
477,linlev,11,0.01,0,0.17961641569301948,0.4628564294280056,0.3880607555024958,-0.212050577904377,0.14121600973051893
477,linlev,11,0.1,0,0.09253571002311378,0.2711703987866529,0.3412456169152797,-0.02717818158586392,0.1509755328286746
477,linlev,11,1.0,0,0.020897918656367333,0.0690912522539315,0.3024683729795645,0.0064232425616783054,0.21736519689675785
477,rff_lev,36,0.001,0,0.1431260068774974,0.5691424716247472,0.2514765880481763,-0.41789680967065557,0.31210690316413653
477,rff_lev,36,0.01,0,0.15843316559245005,0.45949367329532664,0.3447994494814765,-0.11052154625900106,0.1733198826404851
477,rff_lev,36,0.1,0,0.1641025093723269,0.44921441359560405,0.3653099820613877,0.0016114959220549555,0.15446891428699125
477,rff_lev,36,1.0,0,0.16453580680127952,0.44954659902628086,0.3660038962760802,0.019087146050098442,0.1540432728805927
477,rff_lev,360,0.001,0,0.21168137494206662,0.5371215597848555,0.39410329204967265,-0.3879236354803181,0.16389653466625473
477,rff_lev,360,0.01,0,0.1812179818396582,0.4560225945570432,0.3973881645397066,-0.1333269207535754,0.13231131007656763
477,rff_lev,360,0.1,0,0.1675139435637989,0.4490306740002233,0.37305679380762213,-0.0006464726567048867,0.14861229042110063
477,rff_lev,360,1.0,0,0.1648984287912691,0.44952385247142007,0.366829096798046,0.01886937960507049,0.15341703824334613
477,rff_lev,3600,0.001,0,0.21469596196856697,0.5349551148473766,0.4013345344493435,-0.46766703420286254,0.15683011711715225
477,rff_lev,3600,0.01,0,0.18414968195015072,0.45901764168449055,0.4011821447087811,-0.15400574700752823,0.13025964690693972
477,rff_lev,3600,0.1,0,0.1678578269437805,0.44923760692444453,0.3736504343279788,-0.0032591945722537144,0.14822573372123682
477,rff_lev,3600,1.0,0,0.16493061499512282,0.44954284391689026,0.36688519732195884,0.01859914785423489,0.1533803563566174
477,rff_lev,36,0.001,1,0.2559347914051574,0.5886503643915233,0.4347823544961402,-0.3348740917480692,0.15409299620686778
477,rff_lev,36,0.01,1,0.19675407767796269,0.4674543691519017,0.4209054202123126,-0.14070637613679293,0.11766830903349075
477,rff_lev,36,0.1,1,0.16944547209150418,0.4494746594474347,0.3769855953610674,-0.005112522685086562,0.14579900338199966
477,rff_lev,36,1.0,1,0.16509205366697022,0.4495529219217471,0.3672360819305441,0.018335303149926232,0.15311981852572565
477,rff_lev,360,0.001,1,0.22143862945855194,0.5540419250591614,0.3996784709657241,-0.49420592891275883,0.16707097248994746
477,rff_lev,360,0.01,1,0.18861116988174792,0.4672717999157857,0.4036433825361181,-0.16936593602283823,0.13064547870451168
477,rff_lev,360,0.1,1,0.16854424804273088,0.45066424492758134,0.3739907257781562,-0.005396345264611435,0.14836763918628296
477,rff_lev,360,1.0,1,0.1650026633750301,0.44969888651230355,0.3669181052564508,0.018379784957789965,0.15340035076850694
477,rff_lev,3600,0.001,1,0.2235411049852605,0.5351827952793021,0.4176911271383425,-0.47721003389781724,0.1432597500777857
477,rff_lev,3600,0.01,1,0.18548940403414904,0.4593104113055413,0.4038432386213825,-0.15257609034898126,0.12834427494161918
477,rff_lev,3600,0.1,1,0.16793178590561575,0.4493638645766732,0.37371003577205125,-0.0031184678775266566,0.14821610576080882
477,rff_lev,3600,1.0,1,0.16493606373160496,0.4495592097484211,0.3668839613449477,0.018611756406565007,0.15338597079299893
477,rff_lev_ens,36,0.001,-1,0.19953039914132736,0.5337451678250662,0.37383083008392315,-0.37638545070936236,0.1795861961427585
477,rff_lev_ens,36,0.01,-1,0.17759362163520648,0.45776684134011636,0.38795650011542915,-0.125613961197897,0.13985344227291127
477,rff_lev_ens,36,0.1,-1,0.16677399073191554,0.4492288134525515,0.3712450887781947,-0.0017505133815158517,0.15002281942411333
477,rff_lev_ens,36,1.0,-1,0.16481393023412488,0.4495484943343407,0.36662102601004054,0.018711224600012358,0.15358032995655002
477,rff_lev_ens,360,0.001,-1,0.2165600022003093,0.5423348448658541,0.3993105076143045,-0.44106478219653855,0.16185602417535752
477,rff_lev_ens,360,0.01,-1,0.18491457586070306,0.46141181029469697,0.40075822017342994,-0.15134642838820683,0.1312158173910749
477,rff_lev_ens,360,0.1,-1,0.16802909580326486,0.4498419453584243,0.37352918627760007,-0.0030214089606581942,0.1484840713010926
477,rff_lev_ens,360,1.0,-1,0.16495054608314966,0.44961130599510446,0.36687366150206574,0.01862458228143021,0.1534086270327614
477,rff_lev_ens,3600,0.001,-1,0.21911853347691368,0.5346028874758005,0.40987158620020053,-0.47243853405033986,0.1495268221240174
477,rff_lev_ens,3600,0.01,-1,0.18481954299214992,0.4591268266708867,0.4025457286655852,-0.15329091867825473,0.1292673305237138
477,rff_lev_ens,3600,0.1,-1,0.16789480642469806,0.44929974712685705,0.3736810614702928,-0.00318883122489016,0.14822002601055637
477,rff_lev_ens,3600,1.0,-1,0.16493333936336388,0.44955101528204344,0.366884588748813,0.018605452130399963,0.15338315311524683
478,ff,6,0.0,0,0.18073036543942955,0.4894489545556956,0.3692527356677882,-0.5134453250220831,0.16167642299408733
478,fm,6,0.0,0,0.2223052878889768,0.6090486358356663,0.36500416355740645,-0.08655547347447833,0.22666271582414674
478,linrank,6,0.0,0,0.2947902254032305,0.6819653180619778,0.432265714392883,-0.36596423096867253,0.21331093099161447
478,linrank,6,0.001,0,0.1670270524291782,0.472884096417958,0.3532092825586411,-0.3285470958449028,0.168376709795265
478,linrank,6,0.01,0,0.07817291689279418,0.25144578664273975,0.310893723599609,-0.20732170311966489,0.16390356453573893
478,linrank,6,0.1,0,0.01611343462730771,0.055085890645840206,0.2925147335985664,-0.04602734228609363,0.22198063863453202
478,linrank,6,1.0,0,0.0018348036013415003,0.006355450370701279,0.28869765230171135,-0.005277757721196713,0.2472875608164003
478,rff,36,0.001,0,0.2679889032634053,0.573302158088726,0.46744792337225166,-0.4619890844621689,0.11542901998011587
478,rff,36,0.01,0,0.21724814838671985,0.4773635823422495,0.45509996242436884,-0.2888486186727935,0.09148986071605761
478,rff,36,0.1,0,0.17343887025317464,0.44882819357262316,0.3864259704200404,-0.17615830516795125,0.1355634583194257
478,rff,36,1.0,0,0.16536098156179987,0.44875275736407527,0.3684901738166741,-0.15627603047879882,0.14891473810675615
478,rff,360,0.001,0,0.2561526010099761,0.5536516770814023,0.4626602096832708,-0.34094647084017,0.11075254228468663
478,rff,360,0.01,0,0.20332582751277375,0.4602801040674613,0.4417436811106942,-0.2558384900390616,0.09746092107397321
478,rff,360,0.1,0,0.1708436369883893,0.447949846167055,0.3813901008120364,-0.1724180413164698,0.13907274876914338
478,rff,360,1.0,0,0.16507942597756636,0.4487062708756574,0.3679008667639328,-0.15589753623773667,0.14934309221450223
478,rff,3600,0.001,0,0.2511774737389375,0.5592815299234123,0.4491073999410165,-0.2805393146973219,0.12444441531488572
478,rff,3600,0.01,0,0.2020555641495534,0.46126676269390715,0.4380449243069261,-0.25238269025851484,0.10039575883621811
478,rff,3600,0.1,0,0.17058168859479336,0.44781131905990895,0.3809231284124211,-0.17209471400578769,0.13938312253785318
478,rff,3600,1.0,0,0.16505025786049252,0.4486880381446466,0.36785080908995427,-0.15586317541074582,0.1493754372383352
478,rff,36,0.001,1,0.2142038093267295,0.5408132608518575,0.3960772133977043,-0.3497103611942995,0.1608680461552555
478,rff,36,0.01,1,0.1980239932172328,0.45607916958185796,0.4341877604249827,-0.2644005720373523,0.10208713414712357
478,rff,36,0.1,1,0.17172946696699942,0.44610930560621,0.3849493045961893,-0.17784554526436994,0.1359589982046392
478,rff,36,1.0,1,0.1652125267082356,0.4484556158194553,0.36840329539935757,-0.15658571033649046,0.1488959746902684
478,rff,360,0.001,1,0.25019295039703104,0.5604691227750168,0.44639916853628947,-0.27388360203249257,0.1272496589839195
478,rff,360,0.01,1,0.2025835347760109,0.4632305000341245,0.43732771214565386,-0.25994514290997894,0.10136892493759997
478,rff,360,0.1,1,0.17073716575589043,0.44707859834882985,0.3818951888693943,-0.17412146110021967,0.13846953112554125
478,rff,360,1.0,1,0.16506771093363493,0.4485851475586865,0.36797408882566673,-0.15609094694419792,0.14925397170126217
478,rff,3600,0.001,1,0.2494410780759946,0.5563314227575333,0.44836776761522035,-0.29226913524599996,0.1237567569925599
478,rff,3600,0.01,1,0.20186856873544406,0.4616318891479948,0.4372933791641221,-0.2566446002465278,0.10103119241616859
478,rff,3600,0.1,1,0.17055294543641394,0.44771239521385453,0.38094309485210376,-0.17270625426807,0.13934221491774867
478,rff,3600,1.0,1,0.1650468958580639,0.4486746973702856,0.36785425348346035,-0.15592687751257175,0.1493690799419855
478,rff_ens,36,0.001,-1,0.24109635629506748,0.543577146578605,0.44353659423060987,-0.40584972282823406,0.12232426447657477
478,rff_ens,36,0.01,-1,0.20763607080197632,0.46323161945457286,0.44823380374261845,-0.2766245953550728,0.09333753932205031
478,rff_ens,36,0.1,-1,0.17258416861008702,0.4473577547385365,0.3857855749275116,-0.17700192521616057,0.13565932852477894
478,rff_ens,36,1.0,-1,0.16528675413501775,0.44860287544847566,0.36844782586330477,-0.15643087040764456,0.14890415244850824
478,rff_ens,360,0.001,-1,0.2531727757035035,0.555309401261705,0.4559130011634519,-0.3074150364363311,0.11703284384545616
478,rff_ens,360,0.01,-1,0.20295468114439236,0.4613050431591442,0.4399576465813222,-0.2578918164745203,0.09899699291911065
478,rff_ens,360,0.1,-1,0.1707904013721399,0.447497745533731,0.3816564509580669,-0.17326975120834476,0.138756200479762
478,rff_ens,360,1.0,-1,0.1650735684556007,0.44864551461798674,0.36793763244497774,-0.15599424159096725,0.1492983536437161
478,rff_ens,3600,0.001,-1,0.25030927590746604,0.557668097873503,0.4488499106582285,-0.286404224971661,0.12394329894165214
478,rff_ens,3600,0.01,-1,0.20196206644249864,0.46142713067908486,0.43769005551379253,-0.25451364525252135,0.10069295008887352
478,rff_ens,3600,0.1,-1,0.17056731701560363,0.44776120682371606,0.38093366378377685,-0.17240048413692877,0.1393620837043382
478,rff_ens,3600,1.0,-1,0.16504857685927823,0.44868136026219224,0.367852537406123,-0.15589502646165876,0.1493722518168612
478,linlev,11,0.0,0,0.4712681244283931,1.076541140247048,0.4377613700115957,-0.5968998818757814,0.6894116326552969
478,linlev,11,0.001,0,0.33637200462269,0.7335388780019152,0.45856056810367424,-0.6518209392867699,0.22939481155422897
478,linlev,11,0.01,0,0.20711595739026237,0.47838181133260194,0.43295115425335845,-0.561254224124639,0.10842767220443468
478,linlev,11,0.1,0,0.09749013810203484,0.28606724291417956,0.3407944828247321,-0.32964223769238915,0.14727192805701766
478,linlev,11,1.0,0,0.023803597670690603,0.07532852165395842,0.31599714355259423,-0.07834348688174782,0.20954721186067113
478,rff_lev,36,0.001,0,0.2587981073180994,0.5847280257801237,0.44259569561903583,-0.2650928670509839,0.14220051961336616
478,rff_lev,36,0.01,0,0.1952414051960436,0.4668565037301022,0.41820431682133324,-0.1989679338827392,0.11650480075134678
478,rff_lev,36,0.1,0,0.16906903168497553,0.4498501032633699,0.37583415110609,-0.16210666104377422,0.14372479927642207
478,rff_lev,36,1.0,0,0.16488335039368432,0.4489311906229642,0.36727978326674554,-0.1547754166406801,0.14987244212924347
478,rff_lev,360,0.001,0,0.26331804286700833,0.5644563926574373,0.4664984687786383,-0.2756207470335859,0.11222473494255535
478,rff_lev,360,0.01,0,0.19232680239615826,0.4582710016454485,0.4196791891819421,-0.2435075184019416,0.11326171484215043
478,rff_lev,360,0.1,0,0.16872695090371193,0.4489157210276116,0.3758544042910317,-0.17025251906101202,0.14345361650499347
478,rff_lev,360,1.0,0,0.1648514254610882,0.44883441329741897,0.36728784731541925,-0.15566701522761492,0.14983888187982802
478,rff_lev,3600,0.001,0,0.24937326086696465,0.5461221703259959,0.4566254117061511,-0.2085182999041936,0.11260333618848321
478,rff_lev,3600,0.01,0,0.18958600215739843,0.45651366581207437,0.4152909679497793,-0.23050798836140482,0.11608898473781976
478,rff_lev,3600,0.1,0,0.1682137168380763,0.4487379450358638,0.3748595782882422,-0.16791041667003312,0.1441475739367511
478,rff_lev,3600,1.0,0,0.16479296392810097,0.4488181227594984,0.3671709219647669,-0.15540439036305584,0.14992191018678003
478,rff_lev,36,0.001,1,0.24834762523170414,0.6064428166656902,0.40951532181905476,-0.36069628946548504,0.183667592145648
478,rff_lev,36,0.01,1,0.18843166938995587,0.46152163325116236,0.4082835035544486,-0.25632086251496383,0.12255878297340779
478,rff_lev,36,0.1,1,0.16770685956230177,0.44906247466378413,0.37345997277520226,-0.1700327428759989,0.14528238753622116
478,rff_lev,36,1.0,1,0.16473226576081565,0.44885193164249165,0.36700803571905777,-0.15560477758027638,0.15005365416567015
478,rff_lev,360,0.001,1,0.23306120501074032,0.5568613128880201,0.41852647978367796,-0.3684935867556411,0.14920304681636043
478,rff_lev,360,0.01,1,0.1876348149474385,0.4620813034679406,0.40606450323618576,-0.258121365368121,0.12436973466552682
478,rff_lev,360,0.1,1,0.1680180827085917,0.4498233899620526,0.37352011135473817,-0.17065821840789167,0.14544840262225395
478,rff_lev,360,1.0,1,0.1647728902941012,0.4489384062692638,0.36702783275635786,-0.15567424390198878,0.15006342717666943
478,rff_lev,3600,0.001,1,0.25036878749485264,0.5465302182915039,0.45810602802078354,-0.27752417434668636,0.11155564403310973
478,rff_lev,3600,0.01,1,0.1903733548535335,0.4580631605556228,0.4156050327701836,-0.24072401489412976,0.11623057335474206
478,rff_lev,3600,0.1,1,0.16828470786561886,0.4489859647840843,0.37481062007483096,-0.16882923311486017,0.14425213350868732
478,rff_lev,3600,1.0,1,0.1647993508640234,0.4488454248957755,0.3671628175831151,-0.15549350073389442,0.14993574953243932
478,rff_lev_ens,36,0.001,-1,0.2535728662749017,0.5672353088638511,0.4470329373233089,-0.31289457825823447,0.12982277134834774
478,rff_lev_ens,36,0.01,-1,0.1918365372929997,0.46149429977570894,0.41568560518783065,-0.22764439819885157,0.11701858094545424
478,rff_lev_ens,36,0.1,-1,0.16838794562363868,0.4494051175672056,0.37469076127834117,-0.16606970195988655,0.1444569784450794
478,rff_lev_ens,36,1.0,-1,0.16480780807724996,0.4488910042895106,0.36714437692531204,-0.1551900971104782,0.14996254094618658
478,rff_lev_ens,360,0.001,-1,0.24818962393887437,0.5544586905695914,0.4476250948179944,-0.32205716689461344,0.12355669086673049
478,rff_lev_ens,360,0.01,-1,0.18998080867179848,0.4598408127048849,0.4131447305738034,-0.25081444188503144,0.11849807311449603
478,rff_lev_ens,360,0.1,-1,0.1683725168061518,0.44936265860482427,0.3746918298216251,-0.1704553687344518,0.1444444795171434
478,rff_lev_ens,360,1.0,-1,0.16481215787759465,0.44888633095234354,0.367157889454852,-0.15567062956480193,0.14995107951035005
478,rff_lev_ens,3600,0.001,-1,0.2498710241809087,0.5458231487419419,0.4577875173613138,-0.24302123712543988,0.11152979983138032
478,rff_lev_ens,3600,0.01,-1,0.189979678505466,0.4572694435704357,0.4154655010885336,-0.2356160016277673,0.11614167502273744
478,rff_lev_ens,3600,0.1,-1,0.16824921235184762,0.4488615999473945,0.37483538884049344,-0.1683698248924466,0.14419951842607018
478,rff_lev_ens,3600,1.0,-1,0.1647961573960622,0.4488317698178819,0.3671668729308755,-0.15544894554847508,0.14992882606364874
