month,method,P,kappa,mat,mn,stdev,sharpe,xret,hjd
434,ff,6,0.0,0,0.25613058623159074,1.0066756052323609,0.25443209798698824,-0.24822747455305802,0.8300865622000022
434,fm,6,0.0,0,0.13219984898930215,0.6328780603809031,0.20888676234049974,0.4291453161865189,0.4169608246955893
434,linrank,6,0.0,0,0.1463165832735332,0.7172438593014662,0.20399837708758212,0.2486350989622421,0.5065632129893408
434,linrank,6,0.001,0,0.08281332963283017,0.6595848148332664,0.12555372375236412,0.086498297724577,0.5396325995477548
434,linrank,6,0.01,0,0.05487920648620405,0.3701280735455371,0.14827085651867533,-0.0054365870590751516,0.293597188448583
434,linrank,6,0.1,0,0.012617007279227672,0.07672514335241049,0.16444423207234427,-0.007053446657590527,0.24416100522658188
434,linrank,6,1.0,0,0.0014467936792061415,0.008708804563898276,0.1661299973596515,-0.0008959230936762574,0.2605334324203753
434,rff,36,0.001,0,0.2152268953987405,0.679079408110685,0.3169392162803736,0.4259080159765884,0.3403667515153633
434,rff,36,0.01,0,0.15940411083421122,0.3839177240339292,0.41520383367381,0.4926337216971924,0.11734335099972053
434,rff,36,0.1,0,0.1206250306694919,0.31009688435377597,0.38899143060036706,0.4328448172889943,0.1328094976608564
434,rff,36,1.0,0,0.11383759495924196,0.3104979069651307,0.36662918623804464,0.42392493799885217,0.1450418416272527
434,rff,360,0.001,0,0.21425375053627282,0.6359170072179887,0.33692093166935516,0.276514587564207,0.2851366919053025
434,rff,360,0.01,0,0.15897477741137275,0.3917285613259817,0.40582891600564186,0.3723913848684503,0.12412377407867865
434,rff,360,0.1,0,0.12176515761989087,0.31287135206443856,0.3891860242762408,0.4128870038735868,0.1325340046029502
434,rff,360,1.0,0,0.11399300139187755,0.310755998194455,0.36682478231859145,0.42178588031011754,0.14492677528631084
434,rff,3600,0.001,0,0.21597673979578058,0.6622264711540049,0.3261372796219042,0.27930403411404703,0.3165854549282444
434,rff,3600,0.01,0,0.1588530807816082,0.3969926139197363,0.40014114926008426,0.3525015177823743,0.12848035850732176
434,rff,3600,0.1,0,0.12189032987870607,0.3121527983599567,0.3904828997821418,0.4087253701882556,0.1318650455743846
434,rff,3600,1.0,0,0.11401066569075306,0.3106286464038458,0.3670320397383077,0.4213242970225667,0.14481633976633326
434,rff,36,0.001,1,0.22867218080000165,0.7489195650086358,0.3053361021451814,0.06771031092559676,0.4191762028144549
434,rff,36,0.01,1,0.16366210137530163,0.39483465493748005,0.4145079448540723,0.3467109198797309,0.11870456870548046
434,rff,36,0.1,1,0.12522233707881641,0.3070855862460652,0.40777666776739163,0.4134861621537223,0.12288660011584265
434,rff,36,1.0,1,0.11445581643409977,0.30989524612239316,0.3693371159004338,0.4219319236183543,0.14357264790656063
434,rff,360,0.001,1,0.22004492956873026,0.6662249074711473,0.3302862548384382,0.3036403663025997,0.315534622516291
434,rff,360,0.01,1,0.1556927143561375,0.38865552348899,0.4005930829400602,0.36992646875789126,0.12725699181971303
434,rff,360,0.1,1,0.12098498240237557,0.30969983352858726,0.39065239727101075,0.4112580807787734,0.13193047133969185
434,rff,360,1.0,1,0.11390828961950122,0.31036602165150673,0.3670127580763422,0.42159955555235623,0.1448346698907265
434,rff,3600,0.001,1,0.21415553903190207,0.6634575841194125,0.3227870841451671,0.23935302936620784,0.32107656604971285
434,rff,3600,0.01,1,0.1563961391610251,0.392405688619535,0.39855726789083884,0.34902393179867913,0.1289987817733013
434,rff,3600,0.1,1,0.12126835598487563,0.31171036252627016,0.38904178546407947,0.4083738214102026,0.13268173558968718
434,rff,3600,1.0,1,0.11393919452477849,0.3106010672864526,0.36683452352627555,0.4212903203597864,0.14492585728878693
434,rff_ens,36,0.001,-1,0.22194953809937104,0.690947873586327,0.32122472126204565,0.24680916345109263,0.3461205685671541
434,rff_ens,36,0.01,-1,0.1615331061047564,0.3840657233942151,0.4205871450260991,0.4196723207884618,0.11388229533456462
434,rff_ens,36,0.1,-1,0.12292368387415414,0.3083271529711133,0.39867939845593386,0.4231654897213585,0.12767758085806222
434,rff_ens,36,1.0,-1,0.11414670569667089,0.3101930242850476,0.36798604984674754,0.4229284308086034,0.14430485463306994
434,rff_ens,360,0.001,-1,0.21714934005250153,0.6488529920805003,0.3346664694513126,0.2900774769334034,0.2972144444019568
434,rff_ens,360,0.01,-1,0.1573337458837551,0.3896853566901091,0.4037455941893967,0.37115892681317075,0.12529017633490658
434,rff_ens,360,0.1,-1,0.12137507001113326,0.3112694177107293,0.3899357376763889,0.41207254232618007,0.13221950128982274
434,rff_ens,360,1.0,-1,0.1139506455056894,0.3105608237276859,0.3669189311708118,0.42169271793123697,0.1448805671241085
434,rff_ens,3600,0.001,-1,0.2150661394138413,0.6624338996806248,0.3246605276655223,0.2593285317401273,0.31828892023067656
434,rff_ens,3600,0.01,-1,0.15762460997131664,0.39464732218527604,0.39940625746173497,0.35076272479052667,0.12869188992389072
434,rff_ens,3600,0.1,-1,0.12157934293179087,0.3119291214450991,0.38976592620958406,0.40854959579922917,0.13227171085956096
434,rff_ens,3600,1.0,-1,0.11397493010776578,0.31061482545318986,0.3669333231003231,0.4213073086911767,0.14487107755875933
434,linlev,11,0.0,0,0.8568699146106873,2.1737618768990106,0.3941875711948076,2.2676663053031754,4.009076002092966
434,linlev,11,0.001,0,0.5970253937969607,1.4733748412425642,0.40520943963822675,1.4711117594909933,1.5965710393409513
434,linlev,11,0.01,0,0.3312924908363996,0.8714814955269826,0.3801486233922476,0.7559861667487592,0.46999881314763836
434,linlev,11,0.1,0,0.09418732911221483,0.29304752321228744,0.32140633054927514,0.2587733870859729,0.16972252889162437
434,linlev,11,1.0,0,0.015038340303174507,0.053945165746741054,0.27877086102164783,0.047365672801705436,0.23640863527007372
434,rff_lev,36,0.001,0,0.15471501470690296,0.5243870553807676,0.2950397289928551,-0.029789304030118417,0.25283757350276864
434,rff_lev,36,0.01,0,0.12917485154447814,0.3340058303258647,0.3867443014945332,0.263616007694811,0.1332454171641573
434,rff_lev,36,0.1,0,0.11554575975162469,0.30949598553237345,0.3733352455375824,0.401407017662497,0.14139615144389117
434,rff_lev,36,1.0,0,0.1132959037469888,0.3105965196303974,0.36476874847731156,0.4206799785252784,0.14606343560829035
434,rff_lev,360,0.001,0,0.16902361703194554,0.42460419726160353,0.3980733542485642,0.22424380252658047,0.13415955667274673
434,rff_lev,360,0.01,0,0.13017822846718183,0.3214147087190651,0.40501640073032585,0.35656391023704204,0.12324641250335681
434,rff_lev,360,0.1,0,0.11532867875962656,0.310063466613163,0.3719518459216329,0.4130436930705212,0.14213178324326528
434,rff_lev,360,1.0,0,0.11326718846807361,0.310700119316813,0.3645546989718982,0.42186712171449214,0.14617872648070201
434,rff_lev,3600,0.001,0,0.15710699765375732,0.37831201902154826,0.4152841827761456,0.33320540388860337,0.11693768043032846
434,rff_lev,3600,0.01,0,0.1259181512624141,0.3104620963983282,0.4055830090796621,0.3709698175037985,0.12375487488246611
434,rff_lev,3600,0.1,0,0.1147398087510335,0.30939221100728825,0.37085551823517177,0.4145645018986664,0.14275822973204036
434,rff_lev,3600,1.0,0,0.11320589869465061,0.31064638997928773,0.3644204547240951,0.422022830502938,0.14625404100703118
434,rff_lev,36,0.001,1,0.20338605164556636,0.6020969077815114,0.3377962069178588,0.15089687370687527,0.26046355236280344
434,rff_lev,36,0.01,1,0.14449203072501784,0.3428413425705627,0.42145451199567296,0.3844257730834346,0.1127831549584949
434,rff_lev,36,0.1,1,0.11700557673771694,0.31165277934377333,0.3754356915541965,0.4177434810086565,0.14015568967489578
434,rff_lev,36,1.0,1,0.11343644742308615,0.3108550123651308,0.36491754326239884,0.4223646745391504,0.1459748547602291
434,rff_lev,360,0.001,1,0.1981599840755706,0.4230254768349869,0.46843510598504334,0.18549053494712944,0.08524704847906245
434,rff_lev,360,0.01,1,0.1350107621002701,0.3180078821467615,0.4245516217675456,0.33171778470220287,0.11268447807972938
434,rff_lev,360,0.1,1,0.11573962595254308,0.310002982721534,0.3733500398494823,0.40957680643945366,0.1413673416967013
434,rff_lev,360,1.0,1,0.11330623475083289,0.3107051177703582,0.36467450412122726,0.42150963433632455,0.1461125868303424
434,rff_lev,3600,0.001,1,0.16490802613393266,0.38540116239726385,0.42788668593570234,0.1991944522107509,0.1092617440825918
434,rff_lev,3600,0.01,1,0.1285525449078815,0.3140010956060749,0.4094015807803265,0.34604793672129885,0.12136643831825057
434,rff_lev,3600,0.1,1,0.11509706109243657,0.30975481085147344,0.37157473285419057,0.41200418314906667,0.14235033742278025
434,rff_lev,3600,1.0,1,0.1132430358904089,0.3106803610276414,0.3645001425768705,0.4217684211243232,0.14620928341502945
434,rff_lev_ens,36,0.001,-1,0.17905053317623462,0.47687444636844695,0.3754668226401358,0.06055378483837837,0.16471634796734255
434,rff_lev_ens,36,0.01,-1,0.13683344113474802,0.33010537536823753,0.41451442886111217,0.3240208903891228,0.11737515048019079
434,rff_lev_ens,36,0.1,-1,0.11627566824467078,0.31041403030613923,0.37458251526194347,0.4095752493355769,0.14067464803720908
434,rff_lev_ens,36,1.0,-1,0.11336617558503745,0.3107240155370112,0.3648452321559744,0.4215223265322144,0.1460180357180526
434,rff_lev_ens,360,0.001,-1,0.18359180055375812,0.415927760937893,0.4414030939886514,0.2048671687368549,0.10286733373176905
434,rff_lev_ens,360,0.01,-1,0.1325944952837259,0.3190212711530631,0.4156290105812676,0.3441408474696225,0.11751596435011555
434,rff_lev_ens,360,0.1,-1,0.11553415235608482,0.31001765779761087,0.37266958655467647,0.4113102497549875,0.1417398670846911
434,rff_lev_ens,360,1.0,-1,0.11328671160945326,0.31070244373096784,0.3646148071739866,0.4216883780254084,0.14614554763867743
434,rff_lev_ens,3600,0.001,-1,0.16100751189384505,0.38080528493558874,0.4228079763154512,0.2661999280496772,0.11227014342333681
434,rff_lev_ens,3600,0.01,-1,0.12723534808514778,0.31210367058122807,0.4076701432193939,0.3585088771125487,0.12247592211223413
434,rff_lev_ens,3600,0.1,-1,0.11491843492173505,0.30957032209318697,0.37121915997859206,0.4132843425238665,0.14255224445217574
434,rff_lev_ens,3600,1.0,-1,0.11322446729252976,0.3106633393361117,0.3644603432593325,0.4218956258136307,0.14623163910598688
435,ff,6,0.0,0,0.31522133843633793,0.8821991802584681,0.357313116459691,2.54612178844641,0.510602905440737
435,fm,6,0.0,0,0.17927938225432777,0.746631407978196,0.24011765422485853,2.280171372147307,0.49444648823144505
435,linrank,6,0.0,0,0.0824347098125272,0.6087903927478966,0.13540737632281238,1.8876191614824842,0.4759575005180632
435,linrank,6,0.001,0,0.0461050055003648,0.5490999782987446,0.08396468279457991,1.7689067855485665,0.47483214315824446
435,linrank,6,0.01,0,0.014314449466470185,0.29567107302113455,0.048413425500867274,0.879626582507216,0.32240308441116045
435,linrank,6,0.1,0,-0.0005435806697512964,0.05925238004944414,-0.009173988779821105,0.15321943192682203,0.2680039978200746
435,linrank,6,1.0,0,-0.00015052211748348883,0.006698948725956747,-0.022469513298445376,0.016715283294405397,0.2637516392650115
435,rff,36,0.001,0,0.1521680893166837,0.575731318432681,0.26430399814089045,0.4902066747218558,0.31369119625625963
435,rff,36,0.01,0,0.10926168920102215,0.32887936563574655,0.3322242153739617,0.5738614219870551,0.1649820719250912
435,rff,36,0.1,0,0.11137986073475192,0.3072078242306499,0.3625554167237894,0.4353607698738014,0.1474280956354224
435,rff,36,1.0,0,0.11293443494207805,0.3119367322631437,0.36204275823088633,0.4094853893826433,0.14759553810564227
435,rff,360,0.001,0,0.1249599053617819,0.5065179761340017,0.24670379186843147,0.9329552025629438,0.28566132383045045
435,rff,360,0.01,0,0.11210089478389279,0.3545999701466433,0.31613340163997744,0.7474941320526752,0.1775116563306678
435,rff,360,0.1,0,0.11237930573741639,0.3121624160240075,0.3600026779930279,0.47183157787561797,0.1487215673202402
435,rff,360,1.0,0,0.11304267066082886,0.31240644167745396,0.3618448776339269,0.41353668657070125,0.147696785329147
435,rff,3600,0.001,0,0.11798256366396956,0.5175558211888381,0.22796104078775653,0.9939051839618083,0.3092244825063398
435,rff,3600,0.01,0,0.10709454267140442,0.3519748627135733,0.3042675884458112,0.7592726324913525,0.1845721561685308
435,rff,3600,0.1,0,0.11111291331167365,0.31094906217909524,0.3573347754548837,0.4734645920971612,0.15021526861042286
435,rff,3600,1.0,0,0.11289472328803064,0.3122541983414015,0.3615474952384717,0.41370188228323096,0.14786415281115475
435,rff,36,0.001,1,0.0909436306360884,0.5720173881452827,0.15898752821302395,0.5692944596414296,0.41699307148075115
435,rff,36,0.01,1,0.07166901305508602,0.3360690471878848,0.21325681033343816,0.5067477139628451,0.23814652225899444
435,rff,36,0.1,1,0.1000346459511043,0.3027300929019199,0.3304416980558126,0.405630069262905,0.16498884409586284
435,rff,36,1.0,1,0.11156316606408978,0.3111788387260818,0.358517843053892,0.4057684976920467,0.14955797402408055
435,rff,360,0.001,1,0.1246109641188653,0.5309626886633096,0.2346887394904743,1.0727146191008796,0.31163303735257697
435,rff,360,0.01,1,0.10888752963720721,0.34626715748107373,0.31446103762572053,0.7855801433485142,0.17738807564520565
435,rff,360,0.1,1,0.11081238279277453,0.3087597439921634,0.35889517642425256,0.47576474841755045,0.14939289456387328
435,rff,360,1.0,1,0.11284916957281774,0.31200762971975443,0.3616872115408811,0.41389280311003857,0.14779105339008214
435,rff,3600,0.001,1,0.11727809941522961,0.5100625552876785,0.22992885519519074,1.0022849540012182,0.3027674605376891
435,rff,3600,0.01,1,0.10673604752218532,0.34854281754270894,0.3062351084285544,0.7402092504105855,0.18280828091600143
435,rff,3600,0.1,1,0.11100168339010676,0.3107353908662998,0.35722253291021966,0.46854900317556375,0.1502801865311598
435,rff,3600,1.0,1,0.11288195682159859,0.3122462865939749,0.36151577030084286,0.4131370207208052,0.1478818624835065
435,rff_ens,36,0.001,-1,0.12155585997638604,0.5428200551370026,0.22393398848483317,0.5297505671816426,0.32972341585986886
435,rff_ens,36,0.01,-1,0.09046535112805408,0.3261479002803606,0.2773752369715978,0.54030456797495,0.19703142681500574
435,rff_ens,36,0.1,-1,0.10570725334292815,0.30463438168240986,0.34699712080802164,0.4204954195683531,0.1559673196855776
435,rff_ens,36,1.0,-1,0.1122488005030839,0.31155336356689234,0.36028755786160344,0.40762694353734497,0.14857338701716116
435,rff_ens,360,0.001,-1,0.12478543474032355,0.5169372736952818,0.24139376495005976,1.0028349108319117,0.2966303766372987
435,rff_ens,360,0.01,-1,0.11049421221054997,0.3498642283897809,0.3158202618172478,0.7665371377005946,0.17703122127681045
435,rff_ens,360,0.1,-1,0.11159584426509547,0.3104339631558935,0.35948336042424056,0.47379816314658413,0.14903688586682684
435,rff_ens,360,1.0,-1,0.1129459201168233,0.31220669496511255,0.3617664897591143,0.41371474484037,0.14774365747753174
435,rff_ens,3600,0.001,-1,0.1176303315395996,0.5133704523979921,0.22913342789819605,0.9980950689815136,0.30553114967333955
435,rff_ens,3600,0.01,-1,0.10691529509679486,0.3501966441289778,0.3053007414240607,0.7497409414509688,0.1836436761503466
435,rff_ens,3600,0.1,-1,0.11105729835089019,0.31083985942613984,0.3572813942070356,0.47100679763636255,0.15024624148238436
435,rff_ens,3600,1.0,-1,0.11288834005481459,0.3122502133115325,0.361531666728393,0.41341945150201825,0.14787298938290347
435,linlev,11,0.0,0,0.1766890997441852,1.083659167764961,0.16304859036869052,2.3122298066220384,1.115563726820192
435,linlev,11,0.001,0,0.23951073127362815,0.8454652112150685,0.28328868899219756,2.2686173535508436,0.5565610476820158
435,linlev,11,0.01,0,0.2031511307269239,0.6388962889461556,0.31797199990317193,1.7601888540343806,0.3065622849500533
435,linlev,11,0.1,0,0.07757531641509145,0.24081638162487373,0.3221347148049614,0.7418449985954368,0.17226552300471917
435,linlev,11,1.0,0,0.014575386701710704,0.04588456406931074,0.3176533764098513,0.14246728420848007,0.23657275817301732
435,rff_lev,36,0.001,0,0.09960420204175378,0.6329483226989462,0.1573654569729056,0.3100767835821369,0.4747418686473801
435,rff_lev,36,0.01,0,0.1019407315278869,0.33888588746994125,0.300811380163858,0.4470703894563487,0.18475979087406025
435,rff_lev,36,0.1,0,0.1109685296486952,0.3109904895303985,0.3568229041867479,0.4176138182878058,0.1504977363124635
435,rff_lev,36,1.0,0,0.11290153569923245,0.312385031258635,0.3614178798655597,0.40758717951207124,0.1479337895783422
435,rff_lev,360,0.001,0,0.13103258139816554,0.3860405652151849,0.3394269753105505,0.617904011340443,0.16753738904229884
435,rff_lev,360,0.01,0,0.11661405801089428,0.3135291647133624,0.37194006534449925,0.593827801892402,0.14207695608894214
435,rff_lev,360,0.1,0,0.11348111447477023,0.31120470277987616,0.36465102699633245,0.44090466736254874,0.14616979788431023
435,rff_lev,360,1.0,0,0.11317353807043139,0.31246525614541076,0.36219559085239306,0.4100766853598171,0.14750140633563746
435,rff_lev,3600,0.001,0,0.10906885253991436,0.36669719030272485,0.29743574650755616,0.6776934745771932,0.19163083534956138
435,rff_lev,3600,0.01,0,0.11030349355162558,0.3055073426211379,0.36105022093827,0.5891534861784689,0.14830030644097536
435,rff_lev,3600,0.1,0,0.11248046953208445,0.31013387441208357,0.36268359831802344,0.43797434324155643,0.147279633478943
435,rff_lev,3600,1.0,0,0.11306620415618159,0.31235589077094567,0.3619787796449608,0.4097326001272024,0.1476234571683388
435,rff_lev,36,0.001,1,0.18321107068914178,0.5115131986746518,0.3581746691265209,1.4296472399700242,0.1921956039222556
435,rff_lev,36,0.01,1,0.12776790436236396,0.3275328759362982,0.3900918464966964,0.6655806819690469,0.13147230993862843
435,rff_lev,36,0.1,1,0.11449723544735028,0.31185899146661045,0.3671442497421437,0.4434885179451052,0.1447768730480605
435,rff_lev,36,1.0,1,0.11327038564028648,0.3125189559939184,0.36244324853846854,0.4102642833756502,0.14736320329715866
435,rff_lev,360,0.001,1,0.1027948613330308,0.41957661903142085,0.2449966386838462,0.6503427744473831,0.24442729654735726
435,rff_lev,360,0.01,1,0.1094420740834494,0.3114458005366165,0.35140006349381603,0.5479283363826924,0.15349760254378605
435,rff_lev,360,0.1,1,0.11234408020733269,0.310516578058805,0.3617973665356353,0.4300441899723749,0.14775927365141978
435,rff_lev,360,1.0,1,0.11305138505006189,0.31239245132943955,0.36188897833143013,0.4088692711773247,0.14767258566833355
435,rff_lev,3600,0.001,1,0.10488176951766173,0.3725026551652382,0.28155979041582213,0.7585418377735023,0.2034005711060885
435,rff_lev,3600,0.01,1,0.10893936028534322,0.3093280604800387,0.3521806593177576,0.62122929858888,0.1530786091081395
435,rff_lev,3600,0.1,1,0.1122202923312897,0.31060760254098796,0.36129280614269915,0.4427977254599613,0.1480355885637048
435,rff_lev,3600,1.0,1,0.11303770544125809,0.31240233584208715,0.36183373961197357,0.4102425104726144,0.1477030278676043
435,rff_lev_ens,36,0.001,-1,0.14140763636544776,0.4939728937959533,0.28626598370367135,0.8698620117760805,0.24459576315581902
435,rff_lev_ens,36,0.01,-1,0.11485431794512545,0.32457151712879057,0.3538644393726978,0.5563255357126976,0.15223524465077756
435,rff_lev_ens,36,0.1,-1,0.11273288254802273,0.3112549312177626,0.36218826190789466,0.43055116811645555,0.1475282663780186
435,rff_lev_ens,36,1.0,-1,0.11308596066975944,0.31245014200744786,0.36193281892335905,0.40892573144386074,0.14764730086066144
435,rff_lev_ens,360,0.001,-1,0.11691372136559816,0.3956838790446447,0.29547254148407415,0.6341233928939133,0.19981280410727703
435,rff_lev_ens,360,0.01,-1,0.11302806604717183,0.3119143370473037,0.3623689347438699,0.5708780691375472,0.14741546173478284
435,rff_lev_ens,360,0.1,-1,0.11291259734105148,0.31085025377670844,0.3632379126901387,0.4354744286674619,0.1469576366883472
435,rff_lev_ens,360,1.0,-1,0.11311246156024661,0.3124287399849593,0.36204243427058597,0.4094729782685708,0.147586919867418
435,rff_lev_ens,3600,0.001,-1,0.10697531102878806,0.3684825037398205,0.29031313547609194,0.7181176561753477,0.1966781471336004
435,rff_lev_ens,3600,0.01,-1,0.1096214269184844,0.3072765287409393,0.35675170950302143,0.6051913923836743,0.1505985649768608
435,rff_lev_ens,3600,0.1,-1,0.11235038093168702,0.3103673485727694,0.36199162524129086,0.4403860343507589,0.14765543375131565
435,rff_lev_ens,3600,1.0,-1,0.11305195479871981,0.31237907507475754,0.3619062985306061,0.4099875552999085,0.1476632178900368
436,ff,6,0.0,0,0.17169282389992446,0.5620591245669426,0.30547110863507637,0.14508696088896775,0.26443859383123797
436,fm,6,0.0,0,0.17143766502583288,0.6058745565908769,0.2829590105094939,0.7733542254140271,0.31603487760543403
436,linrank,6,0.0,0,0.01907654220903322,0.5369341927509506,0.03552864106362026,0.652296149985315,0.5129445137330997
436,linrank,6,0.001,0,-0.015717211508303693,0.4624708816110914,-0.033985299687518206,0.10277729833735363,0.5079961264357428
436,linrank,6,0.01,0,0.0017819262974082914,0.2955494586614174,0.00602919831245461,0.036132042095400996,0.3462241615249682
436,linrank,6,0.1,0,0.0009024070251979076,0.0749168756258612,0.012045443935817284,0.017953611353786227,0.2662438948849826
436,linrank,6,1.0,0,9.45143643658907e-05,0.008858707157470619,0.010669092304985608,0.0023265718803875102,0.2623248132401336
436,rff,36,0.001,0,0.15235329966254826,0.5481192616839071,0.2779564782936023,1.1861575157970012,0.2813750099652794
436,rff,36,0.01,0,0.1191955226810649,0.37815478469834757,0.3152030002110026,0.6991505918544799,0.18125292479873464
436,rff,36,0.1,0,0.13610176770500432,0.37899053034915264,0.3591165393489326,0.5021519807867741,0.15238933420014875
436,rff,36,1.0,0,0.13983704116825338,0.3853725750011057,0.3628619425444381,0.467850738514748,0.1508276936525664
436,rff,360,0.001,0,0.1054869796800912,0.49993389703296814,0.21100185505751945,1.005799297394182,0.31252280126781445
436,rff,360,0.01,0,0.11667783011772825,0.392890409872997,0.29697296545223567,0.6816259858618514,0.19705628631909491
436,rff,360,0.1,0,0.1361509141937059,0.3809686451046645,0.35738089195319683,0.505183705009597,0.15380770794465234
436,rff,360,1.0,0,0.1398461250714482,0.38551627902760527,0.36275024604456296,0.4683131254529639,0.15092284629329167
436,rff,3600,0.001,0,0.09290970445766505,0.48656844554709416,0.19094888973574525,1.0034695173438175,0.3219970128125947
436,rff,3600,0.01,0,0.1097839886128617,0.3886483628410385,0.28247639539849184,0.6481490414312179,0.2059674532124436
436,rff,3600,0.1,0,0.13431922851992173,0.37992234638562694,0.35354390126761764,0.5001423907549295,0.1561795437369022
436,rff,3600,1.0,0,0.1396297446809693,0.3853915487897035,0.36230619254487345,0.4677970930398677,0.15119897845965916
436,rff,36,0.001,1,0.11018263760694604,0.5758104527855751,0.1913522706542056,1.2101611055188863,0.3857679722966591
436,rff,36,0.01,1,0.08728043734034484,0.38377031198817524,0.2274288411945584,0.7517681315723544,0.24277200876853208
436,rff,36,0.1,1,0.12495436581772369,0.3743704316395957,0.33377199494755116,0.5184835481018584,0.16829343833087787
436,rff,36,1.0,1,0.13845948370748032,0.38466441951657504,0.3599487675036036,0.46987874791267226,0.15265413319900353
436,rff,360,0.001,1,0.10014269161481101,0.5225156265808046,0.1916549219209321,1.0149691211524918,0.34520111181876645
436,rff,360,0.01,1,0.11103938315425839,0.3855041855403826,0.28803677708092407,0.6094858140506668,0.20129981171531366
436,rff,360,0.1,1,0.13410987758371742,0.3777487370755019,0.3550240263461488,0.4870193614014902,0.15489516880361992
436,rff,360,1.0,1,0.1396002156387265,0.3851317475802027,0.36247392357508806,0.466245911731739,0.15104960826650546
436,rff,3600,0.001,1,0.0922843225220529,0.491425032896098,0.1877892177738625,0.9602533247550086,0.32788167043957805
436,rff,3600,0.01,1,0.11078234594076918,0.3881936908026381,0.2853790480512784,0.6347724651200548,0.20383773421297446
436,rff,3600,0.1,1,0.13452363837863573,0.3799287432254784,0.3540759702373959,0.4975470378350772,0.15583053879764444
436,rff,3600,1.0,1,0.13965243114039266,0.3854012060228527,0.362355978543855,0.4675022329999797,0.15116738518990452
436,rff_ens,36,0.001,-1,0.13126796863474713,0.5359989354187401,0.24490341297449825,1.198159310657944,0.3044255574334198
436,rff_ens,36,0.01,-1,0.10323798001070483,0.3763430926268694,0.2743187852608247,0.7254593617134173,0.20825160020663583
436,rff_ens,36,0.1,-1,0.130528066761364,0.3764017283273601,0.34677860630821156,0.5103177644443162,0.16009506012095331
436,rff_ens,36,1.0,-1,0.13914826243786688,0.3850146268248519,0.36141032766832315,0.4688647432137103,0.15173733327622213
436,rff_ens,360,0.001,-1,0.1028148356474511,0.509106655922942,0.2019514662621364,1.0103842092733368,0.3265661625827495
436,rff_ens,360,0.01,-1,0.11385860663599327,0.38874915475707006,0.2928845123975734,0.6455558999562594,0.19880783070083807
436,rff_ens,360,0.1,-1,0.13513039588871165,0.3793386450228083,0.35622628398587425,0.4961015332055436,0.15433259606675526
436,rff_ens,360,1.0,-1,0.13972317035508733,0.3853237627575623,0.36261238952708513,0.46727951859235134,0.15098598211294675
436,rff_ens,3600,0.001,-1,0.09259701348985898,0.48856952716000085,0.18952678859877917,0.981861421049413,0.32451571914026833
436,rff_ens,3600,0.01,-1,0.11028316727681547,0.38836695917318287,0.2839664000037587,0.6414607532756363,0.20486029375179843
436,rff_ens,3600,0.1,-1,0.13442143344927876,0.3799238438016425,0.35381152207825084,0.4988447142950035,0.15600373830441466
436,rff_ens,3600,1.0,-1,0.13964108791068097,0.38539635658079313,0.36233110543536523,0.4676496630199237,0.15118316562066486
436,linlev,11,0.0,0,-0.029460826692121352,0.9453867459885328,-0.03116272447982754,1.643240509362119,1.2159810495278107
436,linlev,11,0.001,0,0.06636591679125109,0.5491340946167211,0.1208555750623579,0.8746690803535739,0.43565621154296563
436,linlev,11,0.01,0,0.15382663226334925,0.5216983879396659,0.29485740385523135,0.6738556321940398,0.2506139325890299
436,linlev,11,0.1,0,0.09990460445312643,0.29412645815706806,0.3396654795325344,0.27359130735515025,0.15911745081610287
436,linlev,11,1.0,0,0.023338087668562563,0.0686036083243363,0.3401874659161865,0.053178282623986974,0.2210103024174178
436,rff_lev,36,0.001,0,0.0988169810552852,0.6507982145923695,0.1518396621865038,1.350851144205176,0.4981045060943244
436,rff_lev,36,0.01,0,0.12361806791395463,0.4052473109605091,0.3050435242147753,0.5943486063496896,0.19470603027099187
436,rff_lev,36,0.1,0,0.13767078188933238,0.3842394806132888,0.35829421190554017,0.4753074436326319,0.15368701521272368
436,rff_lev,36,1.0,0,0.14001582754775183,0.3859822369363847,0.3627519977579393,0.4648167204656112,0.15099042044219205
436,rff_lev,360,0.001,0,0.12907584327463784,0.4578768394137082,0.28190079113831995,0.5932440161656485,0.23059544318266842
436,rff_lev,360,0.01,0,0.1369145603118936,0.3882459626322421,0.35264902533341497,0.49833728622029644,0.1580867600452467
436,rff_lev,360,0.1,0,0.139997260670312,0.3841891000622574,0.3643967531812475,0.4699219590414878,0.149641332604613
436,rff_lev,360,1.0,0,0.14026890578409323,0.386004870538708,0.36338636242681105,0.4643805257187096,0.1505726707846836
436,rff_lev,3600,0.001,0,0.11228349920179653,0.4148902117276118,0.2706342449831381,0.38329013592837463,0.2226098299201878
436,rff_lev,3600,0.01,0,0.13071034381756502,0.378385328000539,0.345442421111473,0.4780884582758304,0.16127531913524992
436,rff_lev,3600,0.1,0,0.1389003110082648,0.3830034153696469,0.36266076341436376,0.46958433162250807,0.15061964690987595
436,rff_lev,3600,1.0,0,0.14014877464467898,0.38588357004714874,0.3631892765674244,0.4643774243192442,0.1506856157207783
436,rff_lev,36,0.001,1,0.14867358609726747,0.4920878792518757,0.3021281205367156,0.8041927282786416,0.2293425002584937
436,rff_lev,36,0.01,1,0.1420727096087462,0.38028494443378424,0.3735954096744004,0.44889287630958763,0.14309123090448367
436,rff_lev,36,0.1,1,0.14019258795625458,0.38215963790405744,0.366842999760876,0.45754385049754315,0.14775013099172174
436,rff_lev,36,1.0,1,0.1402765387524751,0.38577555249678913,0.36362215761104416,0.46298961357135426,0.15038256306702588
436,rff_lev,360,0.001,1,0.11196989745991993,0.43942886886888266,0.25480778663481407,0.6068386563194603,0.24413055015612933
436,rff_lev,360,0.01,1,0.13168632886844608,0.3862256725579153,0.3409569539909325,0.5365149790067367,0.1655742579601689
436,rff_lev,360,0.1,1,0.13902302428265334,0.38418562662326133,0.3618641996177061,0.47562416411774294,0.15131530476269503
436,rff_lev,360,1.0,1,0.14016103657520695,0.38601212227136505,0.36310009061496334,0.46497136725607474,0.15076375790726437
436,rff_lev,3600,0.001,1,0.1064807054105169,0.4219354426344329,0.25236255277746916,0.4244237932682722,0.23884160389820075
436,rff_lev,3600,0.01,1,0.127954785706516,0.382238418676001,0.3347512428230692,0.4805485686496147,0.16900442082749675
436,rff_lev,3600,0.1,1,0.13841780307649482,0.3833968799666258,0.3610300717328318,0.469222976464449,0.15175240596707534
436,rff_lev,3600,1.0,1,0.14009639416959765,0.38591919544774156,0.3630200203103619,0.46432917960187864,0.15080319307855863
436,rff_lev_ens,36,0.001,-1,0.12374528357627634,0.5241418527485473,0.2360912087584086,1.077521936241909,0.30498236620089864
436,rff_lev_ens,36,0.01,-1,0.1328453887613504,0.38758257623181996,0.34275376889464,0.5216207413296389,0.16461272953434647
436,rff_lev_ens,36,0.1,-1,0.13893168492279345,0.3830942391778677,0.3626566800402565,0.46642564706508755,0.15063519566456723
436,rff_lev_ens,36,1.0,-1,0.14014618315011346,0.3858777362477606,0.3631880515131087,0.4639031670184826,0.15068557002641303
436,rff_lev_ens,360,0.001,-1,0.12052287036727889,0.4419107732872081,0.2727312336622947,0.6000413362425544,0.23120050943770684
436,rff_lev_ens,360,0.01,-1,0.13430044459016988,0.38664716982446773,0.3473462502030995,0.5174261326135167,0.16136711051344688
436,rff_lev_ens,360,0.1,-1,0.13951014247648266,0.38417537059666756,0.36314181791458344,0.4727730615796154,0.15046886661732864
436,rff_lev_ens,360,1.0,-1,0.14021497117965012,0.3860083619439218,0.36324335170754707,0.464675946487392,0.15066810761763816
436,rff_lev_ens,3600,0.001,-1,0.10938210230615672,0.4170226938061547,0.2622929253749461,0.40385696459832343,0.22954352318534146
436,rff_lev_ens,3600,0.01,-1,0.12933256476204058,0.38017971107301474,0.34018797162271985,0.4793185134627226,0.16503375183880578
436,rff_lev_ens,3600,0.1,-1,0.1386590570423798,0.3831970907734003,0.3618478855424673,0.4694036540434785,0.15118358673571838
436,rff_lev_ens,3600,1.0,-1,0.1401225844071383,0.38590134804384835,0.3631046771860894,0.46435330196056146,0.15074437661211676
437,ff,6,0.0,0,0.30576993942039427,0.671661859037228,0.4552438631228671,1.3386538362721823,0.20114468416360284
437,fm,6,0.0,0,0.1786348206245676,0.5887980362314708,0.3033889545011015,0.3728553361697605,0.2893835396263674
437,linrank,6,0.0,0,0.25528674698424836,0.6008228419208438,0.4248952089905421,0.8940296967428406,0.18364557085703703
437,linrank,6,0.001,0,0.1629496580606924,0.5056898875755138,0.32223238404457794,0.847459852813729,0.22443519160274256
437,linrank,6,0.01,0,0.0819298675491759,0.3217229398901123,0.25465970060189014,0.5827881555097809,0.21441807241570546
437,linrank,6,0.1,0,0.017142271414475503,0.07847157774969449,0.2184519784877429,0.13701986601654315,0.2402267574207178
437,linrank,6,1.0,0,0.0019618156583458453,0.009204014575048273,0.21314782178466465,0.015917796837268565,0.2642245855541782
437,rff,36,0.001,0,0.24225598464763373,0.5633443368260632,0.4300318096965836,1.0978760379647605,0.159592488902219
437,rff,36,0.01,0,0.1780584293856176,0.40111894989330155,0.44390430677229664,0.3789384262631655,0.10454401173343773
437,rff,36,0.1,0,0.14475257942688458,0.38295294557217324,0.377990510585076,-0.03765919335339648,0.14616076318526625
437,rff,36,1.0,0,0.13941906566046222,0.3871939323788466,0.3600755435497084,-0.10736544735982434,0.15857834008560165
437,rff,360,0.001,0,0.2516712210821449,0.6399696221903464,0.39325494891582563,0.9448117957776972,0.23761673294903757
437,rff,360,0.01,0,0.19273850252065508,0.4447798622667343,0.43333459734080737,0.38938142656815794,0.11755990545650455
437,rff,360,0.1,0,0.14838461019621027,0.3882227147198177,0.38221516817556694,-0.024180786455848983,0.14402530264098065
437,rff,360,1.0,0,0.13983729920588975,0.38767617967425577,0.36070645176958716,-0.10565271286960529,0.15823234639013872
437,rff,3600,0.001,0,0.24369248551789538,0.627505326951999,0.388351261815721,1.0074373309706808,0.2338236460811291
437,rff,3600,0.01,0,0.19192310265366122,0.44473482302091544,0.4315450302497119,0.41374701266606057,0.11883698909822522
437,rff,3600,0.1,0,0.14871332188435987,0.3876397263600361,0.3836379807631903,-0.01793471922003804,0.14301322005553999
437,rff,3600,1.0,0,0.13988396138614329,0.38758232117026603,0.3609141948574374,-0.10492305109759323,0.1580793098304195
437,rff,36,0.001,1,0.22472029806318175,0.6755452662736606,0.33265024459833675,1.2622988520794012,0.32547967728588784
437,rff,36,0.01,1,0.18799384596005908,0.4203940504892274,0.4471848394174085,0.5331376219809181,0.10414480615137012
437,rff,36,0.1,1,0.15154072818198724,0.3803799978317841,0.3983929992265347,0.01506397590387382,0.13263173295035552
437,rff,36,1.0,1,0.14030136607351584,0.38667638911367036,0.36283923721102035,-0.10090953009648204,0.15666002533894458
437,rff,360,0.001,1,0.24931824973759129,0.6437409249344642,0.3872959448134714,1.0556023170008733,0.24598512287840774
437,rff,360,0.01,1,0.1885696368002662,0.43734834587836763,0.4311657711235746,0.4163633243748406,0.11775246423089113
437,rff,360,0.1,1,0.14817502144817574,0.3853011123515312,0.3845694099968951,-0.01662355735684717,0.14212239553003805
437,rff,360,1.0,1,0.13982876936745525,0.3873132272766242,0.36102244777606757,-0.10474689516479888,0.15796573629723534
437,rff,3600,0.001,1,0.2538133020169263,0.6488418998256041,0.3911789637585771,1.0239749062590082,0.24585005348207706
437,rff,3600,0.01,1,0.1914045128328038,0.44624298589057415,0.42892441760359507,0.40631699323598286,0.12101911858958551
437,rff,3600,0.1,1,0.14830854928945136,0.38775059544101476,0.38248438824644515,-0.020524843647301977,0.14378850574419533
437,rff,3600,1.0,1,0.1398347180183838,0.3876004053115839,0.36077030906604335,-0.10522973318082916,0.15817804079011227
437,rff_ens,36,0.001,-1,0.23348814135540774,0.6025200067169639,0.38751931679023843,1.1800874450220808,0.21863044220289252
437,rff_ens,36,0.01,-1,0.18302613767283837,0.4073104397657456,0.4493529254445363,0.45603802412204186,0.10140774033382008
437,rff_ens,36,0.1,-1,0.14814665380443587,0.3814187903219257,0.38840942702218967,-0.011297608724761354,0.1391940713011156
437,rff_ens,36,1.0,-1,0.13986021586698896,0.3869316487313014,0.3614597470265677,-0.10413748872815316,0.15761620330420092
437,rff_ens,360,0.001,-1,0.2504947354098681,0.6391151480156818,0.39193991284293855,1.000207056389285,0.2382859683373252
437,rff_ens,360,0.01,-1,0.19065406966046064,0.44077839504672445,0.4325395069335249,0.40287237547149923,0.11738608276303568
437,rff_ens,360,0.1,-1,0.148279815822193,0.38674973783326155,0.3833999129590115,-0.020402171906348035,0.14306228611586894
437,rff_ens,360,1.0,-1,0.13983303428667254,0.3874945512501651,0.3608645175410398,-0.10519980401720208,0.1580988904189345
437,rff_ens,3600,0.001,-1,0.24875289376741086,0.6379641717712665,0.3899167144085293,1.0157061186148448,0.23943015335253204
437,rff_ens,3600,0.01,-1,0.1916638077432325,0.4454566516298868,0.4302636565015955,0.41003200295102177,0.119898682459375
437,rff_ens,3600,0.1,-1,0.14851093558690565,0.38769395145882696,0.3830622970208435,-0.01922978143366994,0.14339988107874094
437,rff_ens,3600,1.0,-1,0.13985933970226358,0.3875913481978787,0.36084226428826416,-0.10507639213921113,0.15812866296117017
437,linlev,11,0.0,0,0.10683451761379172,0.7794753371041219,0.13705952264083093,0.5727031711829089,0.6733860343456678
437,linlev,11,0.001,0,0.22020970097559567,0.5931182170061943,0.3712745531356625,1.3504801483077533,0.22792178406307184
437,linlev,11,0.01,0,0.1679706605032829,0.5183843963019058,0.32402723095364394,1.0666283032010995,0.2290548583785295
437,linlev,11,0.1,0,0.08135273170942832,0.2983133828994472,0.27270895766969316,0.46476405275804217,0.20096333222053672
437,linlev,11,1.0,0,0.018578732098332017,0.06891440010154301,0.26959143620138737,0.09511527779060418,0.23599655389696803
437,rff_lev,36,0.001,0,0.2960085970477805,0.7159302721584991,0.413460093195008,0.9466676826394914,0.2762197042894718
437,rff_lev,36,0.01,0,0.17631140108539659,0.4297517724042036,0.4102633483023001,0.17711838950938857,0.1312091481323518
437,rff_lev,36,0.1,0,0.14311992186087022,0.38842955093381804,0.36845786196440933,-0.07843973090732864,0.1531806386162636
437,rff_lev,36,1.0,0,0.13922731377564368,0.38783734466270925,0.358983774233308,-0.11185549800761552,0.1594070775308102
437,rff_lev,360,0.001,0,0.24124807297099285,0.5920551432636723,0.40747568147305635,0.679712592012125,0.19429343370109425
437,rff_lev,360,0.01,0,0.16761098551417836,0.421791271351349,0.3973789807863512,0.12057183049746824,0.13883900229075966
437,rff_lev,360,0.1,0,0.14265266903632307,0.38964049412899365,0.3661135615670807,-0.08220720372984015,0.15492381484152187
437,rff_lev,360,1.0,0,0.13919264030960238,0.3879899421216773,0.35875321805623056,-0.11215688417859222,0.15958515995063102
437,rff_lev,3600,0.001,0,0.21784372008629024,0.5460400340733794,0.39895192017553677,0.5987157203718116,0.17798781928520588
437,rff_lev,3600,0.01,0,0.15884553336152957,0.4062919734458995,0.39096399570561763,0.08979111171482905,0.14067365869830803
437,rff_lev,3600,0.1,0,0.1411967866944913,0.3877035060168647,0.3641875415187743,-0.0879133561771242,0.15591662202753112
437,rff_lev,3600,1.0,0,0.13903565965700004,0.3877934206108504,0.3585302180681449,-0.11278572325385805,0.15970298667721594
437,rff_lev,36,0.001,1,0.19631728698127224,0.5222392265675797,0.3759144794073948,0.40399817761180873,0.1866993672369415
437,rff_lev,36,0.01,1,0.1535251286846152,0.4040646889740673,0.3799518564079931,0.04691026450438573,0.14784763491000197
437,rff_lev,36,0.1,1,0.1398392726906301,0.38656936939927006,0.36174431747642277,-0.09572701400462408,0.15737200842902838
437,rff_lev,36,1.0,1,0.13887972390055545,0.38765839356489057,0.3582528489153124,-0.1136487624690576,0.15986681427679017
437,rff_lev,360,0.001,1,0.23371117585434786,0.5703269399146353,0.40978456302507643,0.6944927665177544,0.18053103466881318
437,rff_lev,360,0.01,1,0.16192488485901133,0.4084397650922393,0.396447404729173,0.0991342570174834,0.13725259459307992
437,rff_lev,360,0.1,1,0.14144618143429763,0.3881734206687451,0.3643891464557624,-0.08812628552896838,0.15585291815331848
437,rff_lev,360,1.0,1,0.13905851374365485,0.38784882495258555,0.35853792714379046,-0.11283271710752717,0.15970660804028078
437,rff_lev,3600,0.001,1,0.21841215899935534,0.5477118057322508,0.3987720489379523,0.587007428436532,0.1789274296044267
437,rff_lev,3600,0.01,1,0.15827791612374353,0.4077822437035079,0.3881432273417597,0.08433157101548838,0.1428420790307498
437,rff_lev,3600,0.1,1,0.14106750757306133,0.38791019434079604,0.36366022247182134,-0.08855055318923767,0.15629899968616226
437,rff_lev,3600,1.0,1,0.1390211630158573,0.38781259317924005,0.3584751126212247,-0.11284984322852759,0.15974281942886856
437,rff_lev_ens,36,0.001,-1,0.24616294201452635,0.5766389965051734,0.4268926373457954,0.67533293012565,0.1688424965485826
437,rff_lev_ens,36,0.01,-1,0.1649182648850059,0.4105548825104693,0.4016960263060577,0.11201432700688717,0.1339764701417494
437,rff_lev_ens,36,0.1,-1,0.14147959727575016,0.38736629695798414,0.3652346587372205,-0.08708337245597636,0.1551695841786442
437,rff_lev_ens,36,1.0,-1,0.13905351883809955,0.38774640650659525,0.3586197486416534,-0.1127521302383365,0.15963577344973123
437,rff_lev_ens,360,0.001,-1,0.23747962441267031,0.5781899968891909,0.4107293894573947,0.6871026792649398,0.18380064995445974
437,rff_lev_ens,360,0.01,-1,0.16476793518659483,0.41478988883617113,0.3972322846366994,0.10985304375747577,0.13772290823908237
437,rff_lev_ens,360,0.1,-1,0.14204942523531036,0.38889798756422117,0.36526140473239876,-0.08516674462940431,0.15538048773645738
437,rff_lev_ens,360,1.0,-1,0.13912557702662867,0.3879192788795096,0.35864568893943016,-0.11249480064305961,0.15964579332202894
437,rff_lev_ens,3600,0.001,-1,0.2181279395428228,0.5460944396065209,0.3994326323849611,0.5928615744041716,0.1776027101586069
437,rff_lev_ens,3600,0.01,-1,0.15856172474263658,0.4069517321055921,0.3896327555168003,0.08706134136515871,0.14168773759772307
437,rff_lev_ens,3600,0.1,-1,0.1411321471337763,0.38780513251776033,0.36392542362061925,-0.08823195468318094,0.15610646376004989
437,rff_lev_ens,3600,1.0,-1,0.1390284113364287,0.38780298781022016,0.35850268230647386,-0.11281778324119278,0.15972288810630259
438,ff,6,0.0,0,0.27815611404741103,0.6972982817009211,0.3989054918777431,0.9882638553732374,0.27383079330136223
438,fm,6,0.0,0,0.23261040767916777,0.713920849531239,0.3258210035915045,1.4577910636868483,0.36511706974891006
438,linrank,6,0.0,0,0.2569744524236362,0.6495801588930397,0.39560083371627397,1.4366359743500274,0.2405886511298327
438,linrank,6,0.001,0,0.16022567957776832,0.5577241111832671,0.28728483557548484,1.105605409738822,0.2828243973869574
438,linrank,6,0.01,0,0.08894265657435499,0.37563350635330484,0.23678041247656784,0.5771510607624631,0.23767331805624287
438,linrank,6,0.1,0,0.021728821565184946,0.09915997112389653,0.21912896221032202,0.1317898036421163,0.23339450238070464
438,linrank,6,1.0,0,0.0025820648839893555,0.011896876665887337,0.2170372070337648,0.015444902042569852,0.2615313769166606
438,rff,36,0.001,0,0.20971954281060098,0.5837392444568189,0.35926921960806185,1.1443876106946362,0.2318420104856743
438,rff,36,0.01,0,0.17728623535012114,0.41200165228672503,0.4303046707850143,0.8595226753250316,0.11315060398253854
438,rff,36,0.1,0,0.14041399877733193,0.3594726224436962,0.3906111064113786,0.7131302633999091,0.1346559637356959
438,rff,36,1.0,0,0.13209732190099652,0.36194410518825715,0.36496608179953377,0.6824348763576604,0.1508058978831215
438,rff,360,0.001,0,0.252731898486767,0.6578526471072036,0.38417706396426776,1.4112792171985968,0.2577270247963175
438,rff,360,0.01,0,0.19905054969108554,0.4548343076429991,0.43763310362973096,0.9957913753778282,0.11494157331040951
438,rff,360,0.1,0,0.14510821373299262,0.36697865110152195,0.39541322989072053,0.7383716991845121,0.13206060054225802
438,rff,360,1.0,0,0.13263820577026764,0.3626682650469905,0.36572873491724417,0.6852642631565815,0.15039205651278556
438,rff,3600,0.001,0,0.2351656825353844,0.6450843737673424,0.3645502698538467,1.4521244131121056,0.26765268640153966
438,rff,3600,0.01,0,0.19522533026903818,0.45328553929170495,0.43068951763626395,0.9945671503977552,0.11967735312272129
438,rff,3600,0.1,0,0.14484576367435603,0.3662709001406176,0.39546074672802917,0.7384049855892013,0.13199044414668445
438,rff,3600,1.0,0,0.13262088926595608,0.36255532495156084,0.36579490118832175,0.6852874441797319,0.1503401893396836
438,rff,36,0.001,1,0.21746958452084386,0.6714819544834432,0.32386512112323046,1.1284939770857785,0.32978917029805666
438,rff,36,0.01,1,0.18520776069488132,0.42090413941121585,0.4400236142936495,0.8417669595403645,0.10759399175651696
438,rff,36,0.1,1,0.14695815360947304,0.35911339116186186,0.40922493347856004,0.7178726232210038,0.12319012335630271
438,rff,36,1.0,1,0.13299391399571908,0.36162622622999585,0.3677662302930827,0.6832347499604406,0.14902038461698164
438,rff,360,0.001,1,0.23140257218451354,0.6406052291647455,0.3612249192630355,1.4078274020439234,0.2676643696289688
438,rff,360,0.01,1,0.1883218418324497,0.44041652835445216,0.4275993967258335,0.9623734459145238,0.11933545484522577
438,rff,360,0.1,1,0.14338437947130103,0.3627721916161437,0.3952463358134651,0.7353798383966967,0.131941288294919
438,rff,360,1.0,1,0.13245827373318467,0.3621567234400076,0.36574848721572,0.6850250687956091,0.15033344309797897
438,rff,3600,0.001,1,0.23903779041641912,0.655170675735202,0.3648481216717797,1.487227211599264,0.2748594027088178
438,rff,3600,0.01,1,0.19323056172955222,0.45102690185033417,0.4284235839078011,0.9868234307014307,0.12084949667109567
438,rff,3600,0.1,1,0.14414985988550386,0.36584919829687923,0.3940144205769973,0.7360459398746277,0.13287240217964277
438,rff,3600,1.0,1,0.13253736942348562,0.362527654002072,0.36559243952939413,0.685007991817865,0.15046501931414322
438,rff_ens,36,0.001,-1,0.2135945636657224,0.603725684527322,0.35379406432402005,1.1364407938902072,0.24946551640526
438,rff_ens,36,0.01,-1,0.18124699802250124,0.41244021287347005,0.43945035514300074,0.8506448174326984,0.10701071139345031
438,rff_ens,36,0.1,-1,0.14368607619340248,0.3590224240039287,0.4002147681779068,0.7155014433104564,0.1287179409938789
438,rff_ens,36,1.0,-1,0.13254561794835779,0.36178106338936145,0.3663696952698366,0.6828348131590504,0.14990994671890454
438,rff_ens,360,0.001,-1,0.24206723533564029,0.6470541060435766,0.3741066366393446,1.4095533096212598,0.25968839585078257
438,rff_ens,360,0.01,-1,0.19368619576176757,0.44727850823446436,0.43303264564689714,0.9790824106461762,0.11674731878474928
438,rff_ens,360,0.1,-1,0.14424629660214683,0.36485745270826897,0.3953497332490632,0.7368757687906045,0.1319826656270785
438,rff_ens,360,1.0,-1,0.1325482397517262,0.3624122591871682,0.3657388413101984,0.6851446659760951,0.1503625059181468
438,rff_ens,3600,0.001,-1,0.23710173647590174,0.6499544045512752,0.3647974916634274,1.469675812355685,0.27100179243485795
438,rff_ens,3600,0.01,-1,0.19422794599929516,0.4521296132910337,0.4295846595526393,0.9906952905495928,0.12023709417438523
438,rff_ens,3600,0.1,-1,0.14449781177992996,0.366058251721383,0.3947399385218919,0.7372254627319147,0.13242994165381444
438,rff_ens,3600,1.0,-1,0.13257912934472085,0.36254146389211206,0.3656937000292325,0.6851477179987986,0.15040258384056898
438,linlev,11,0.0,0,-0.03900949002687069,0.9495709372371867,-0.04108117518883877,0.29522235214149917,1.2477729891625777
438,linlev,11,0.001,0,0.07212590955109506,0.548516493523743,0.1314926905620442,0.6021297107779751,0.428367975345136
438,linlev,11,0.01,0,0.09856525451150827,0.45550349929148165,0.21638748037023375,0.7223231214125155,0.2866153421918577
438,linlev,11,0.1,0,0.06649273852363277,0.29263639035209,0.2272196511296186,0.5451482541707884,0.22361916813857832
438,linlev,11,1.0,0,0.01850002171419787,0.07421589630215719,0.2492730349691962,0.1432004539857608,0.23539751059013347
438,rff_lev,36,0.001,0,0.2801451201249831,0.6499937277531981,0.430996651449772,1.5376084241806838,0.20723019814954466
438,rff_lev,36,0.01,0,0.1780176453759703,0.40990794253360335,0.4342868895773514,0.9308689657558316,0.11022681661656684
438,rff_lev,36,0.1,0,0.13774678048906266,0.3640038112345974,0.37842125889249556,0.7161361920732133,0.14252669310146002
438,rff_lev,36,1.0,0,0.1317632476233802,0.3626342751482595,0.3633502309441381,0.682606231826503,0.15188597964097417
438,rff_lev,360,0.001,0,0.24538520028823113,0.6140078175800455,0.39964507496884,1.5435183380849193,0.21299639994461428
438,rff_lev,360,0.01,0,0.17456205006211456,0.4155184515601427,0.42010661477652383,0.9718174833639509,0.12055069673576856
438,rff_lev,360,0.1,0,0.13803694991719417,0.36568324159763016,0.37747682752462436,0.7252990616636377,0.1432518368445753
438,rff_lev,360,1.0,0,0.13180969143817126,0.3628029254459278,0.3633093401222207,0.6836343255309963,0.1519276785439778
438,rff_lev,3600,0.001,0,0.22317697940503384,0.591660055486357,0.3772047433920102,1.409672185512324,0.22006293053557732
438,rff_lev,3600,0.01,0,0.16304440249389412,0.3945652528061904,0.413225445814868,0.9152910084133702,0.12272371486998661
438,rff_lev,3600,0.1,0,0.13569928616100235,0.3624456788376512,0.37439896261471384,0.7142140451873855,0.14492989800185757
438,rff_lev,3600,1.0,0,0.13154854093935628,0.36247671064837045,0.36291584279732725,0.6823977944976338,0.1521446064581944
438,rff_lev,36,0.001,1,0.27181610362199976,0.8046693643645404,0.33779849918439114,1.5749161865890695,0.44429187684225047
438,rff_lev,36,0.01,1,0.16725003150849224,0.40853622179795174,0.40938850115280223,0.8957173921194846,0.12692165849472323
438,rff_lev,36,0.1,1,0.13495934968039291,0.36115386124833126,0.3736893445189948,0.7061143217124124,0.14527474215111852
438,rff_lev,36,1.0,1,0.13144476066612806,0.3623044394582424,0.36280195976256535,0.6814541711811326,0.1522000145766417
438,rff_lev,360,0.001,1,0.25554647475574765,0.6783008453777886,0.3767450335601715,1.3856103275549325,0.2808503920399882
438,rff_lev,360,0.01,1,0.17052115060968412,0.4040253325264196,0.42205559127541487,0.8966860567032062,0.11781893486013716
438,rff_lev,360,0.1,1,0.13656506974570187,0.36328142524407175,0.375920870861895,0.7110944399726519,0.14404057666177963
438,rff_lev,360,1.0,1,0.13163611336687633,0.3625658545861426,0.3630681480392983,0.6820623419721601,0.1520571424715352
438,rff_lev,3600,0.001,1,0.23312351764815337,0.6101543930988192,0.3820729970723938,1.4721544294405653,0.22693522655330153
438,rff_lev,3600,0.01,1,0.1640082266535363,0.39678380404306207,0.41334405533280494,0.9182145066443905,0.12286693620501912
438,rff_lev,3600,0.1,1,0.13565536897853323,0.3627732337687226,0.3739398509897151,0.7137820846892754,0.14524336426582266
438,rff_lev,3600,1.0,1,0.13154051848400464,0.36251208348521574,0.36285830038923167,0.6823386099319995,0.15218418565899441
438,rff_lev_ens,36,0.001,-1,0.27598061187349143,0.6710793050447973,0.41124887893103573,1.5562623053848768,0.2410988119936628
438,rff_lev_ens,36,0.01,-1,0.1726338384422313,0.4019736195357836,0.4294655919002751,0.9132931789376578,0.11266486004470558
438,rff_lev_ens,36,0.1,-1,0.13635306508472783,0.3624177697531723,0.3762317316217476,0.7111252568928128,0.14377997197257872
438,rff_lev_ens,36,1.0,-1,0.1316040041447541,0.3624675595385951,0.36307802086421215,0.6820302015038178,0.15204164128646003
438,rff_lev_ens,360,0.001,-1,0.25046583752198937,0.6392664327282668,0.39180195408203916,1.464564332819926,0.23701033668590726
438,rff_lev_ens,360,0.01,-1,0.17254160033589935,0.408888175020183,0.421977476671666,0.9342517700335786,0.11842424679718123
438,rff_lev_ens,360,0.1,-1,0.13730100983144802,0.36445913593051377,0.3767253892014529,0.7181967508181453,0.1436273133522269
438,rff_lev_ens,360,1.0,-1,0.13172290240252377,0.36268411142255114,0.3631890624760725,0.6828483337515782,0.15199218684183355
438,rff_lev_ens,3600,0.001,-1,0.22815024852659357,0.6002167801085592,0.38011307928666843,1.4409133074764442,0.2225595259246166
438,rff_lev_ens,3600,0.01,-1,0.1635263145737152,0.3955534467041135,0.41341142628454464,0.9167527575288802,0.12269805956130612
438,rff_lev_ens,3600,0.1,-1,0.1356773275697678,0.36260631366258994,0.3741725459750747,0.7139980649383305,0.1450843247360819
438,rff_lev_ens,3600,1.0,-1,0.13154452971168043,0.3624943610771247,0.36288710621816506,0.6823682022148164,0.15216436963759006
439,ff,6,0.0,0,0.14928296918340903,0.5821569557765883,0.2564307919060554,1.1170921785635355,0.3264244969737874
439,fm,6,0.0,0,0.1880467213821366,0.6150640393158724,0.3057351907474521,1.007835794443906,0.30137020841118095
439,linrank,6,0.0,0,0.09192402726188621,0.4254361346370128,0.21607009790157317,0.6745423938250514,0.26939618621248024
439,linrank,6,0.001,0,0.037677866522475095,0.35971795298300147,0.10474280254857218,0.11798852208539179,0.3192592035723424
439,linrank,6,0.01,0,0.0322429824420621,0.30574732435573027,0.1054563028801786,0.1033249095781138,0.29383338067664927
439,linrank,6,0.1,0,0.009488528950355136,0.08873923804336982,0.10692596825902174,0.03538495562102143,0.2527859359427755
439,linrank,6,1.0,0,0.0011557714616556702,0.01082534642524148,0.10676530951108924,0.004413205387419417,0.2616052903029129
439,rff,36,0.001,0,0.140063438299075,0.424462186849765,0.32997860030497683,0.5975546529316376,0.18345734750861978
439,rff,36,0.01,0,0.12211655809824189,0.32838807479263493,0.3718666037899032,0.773672541299662,0.14231637452461696
439,rff,36,0.1,0,0.1288890589947145,0.34852120264763264,0.36981698104900074,0.8967643465333117,0.1440996095273923
439,rff,36,1.0,0,0.13010553759401366,0.358877435578558,0.362534739427867,0.9121944858365986,0.14930769878536823
439,rff,360,0.001,0,0.10980057136924425,0.4189508737413361,0.2620845981026312,0.5582582807318553,0.23177316663647904
439,rff,360,0.01,0,0.1253014988060555,0.3718068853144857,0.33700693493094314,0.8531890911926576,0.1671361372515183
439,rff,360,0.1,0,0.1304643582079224,0.35525016913823065,0.36724643516540506,0.9128273207352509,0.1460932243128278
439,rff,360,1.0,0,0.13029672733737815,0.3594820922760422,0.3624567958654385,0.9139788240554987,0.14940946644056194
439,rff,3600,0.001,0,0.10103976098897727,0.3878500758021053,0.2605124177944761,0.5499565766933673,0.22235550191577994
439,rff,3600,0.01,0,0.12049682237463157,0.36587937896811945,0.3293348280913392,0.8200051477000937,0.17119186870054331
439,rff,3600,0.1,0,0.12909870937923038,0.3542189735806749,0.36446017578961676,0.9037641396646285,0.14773844854279533
439,rff,3600,1.0,0,0.13013375804933355,0.3593562983785424,0.36213017174462303,0.9129246006095433,0.14960253736302945
439,rff,36,0.001,1,0.12184451676106878,0.45054135978392496,0.2704402473049404,0.4644566047068669,0.2379428789118751
439,rff,36,0.01,1,0.10917888477578964,0.3495003187488355,0.3123856515113791,0.7605057026046907,0.17951104142816965
439,rff,36,0.1,1,0.12189820838756675,0.34739205790791167,0.3508952079148571,0.8837066553991001,0.15554230762378515
439,rff,36,1.0,1,0.12919376064285767,0.35851290687926807,0.36036013812569556,0.9104587818093601,0.1506333201956776
439,rff,360,0.001,1,0.11038118343881022,0.4036795277479206,0.27343765499978046,0.5311839591853166,0.2181771091958422
439,rff,360,0.01,1,0.12015198110830187,0.3574429001467552,0.33614314638497816,0.7808500503080517,0.16569627250629537
439,rff,360,0.1,1,0.12842381830840677,0.3505451874915472,0.366354532570793,0.8922617536444387,0.1463252782589073
439,rff,360,1.0,1,0.1300492458771157,0.358913787451715,0.36234118170958074,0.9115650251265233,0.14943173071523613
439,rff,3600,0.001,1,0.10355645816444531,0.3987350609025311,0.25971244648024366,0.650039144912821,0.22639898178494514
439,rff,3600,0.01,1,0.12145597600244584,0.3666592593637353,0.33125026274587666,0.8460513732555984,0.1700769238723041
439,rff,3600,0.1,1,0.12915170571206536,0.3540826555295881,0.3647501612833817,0.9071871600725622,0.14754958790441638
439,rff,3600,1.0,1,0.13013646462796027,0.3593499854725275,0.36214406536523785,0.9132813522585667,0.14959329152237572
439,rff_ens,36,0.001,-1,0.13095397753007187,0.41581020453785594,0.3149369017425104,0.5310056288192521,0.1919374246619426
439,rff_ens,36,0.01,-1,0.11564772143701577,0.3343542286686991,0.3458838307428957,0.7670891219521767,0.157670012121509
439,rff_ens,36,0.1,-1,0.12539363369114062,0.34763526852945725,0.3607045804689844,0.8902355009662061,0.14958488520686078
439,rff_ens,36,1.0,-1,0.12964964911843568,0.35869051861023915,0.3614526796547856,0.9113266338229793,0.1499669307138707
439,rff_ens,360,0.001,-1,0.1100908774040272,0.40752702821451153,0.27014374454221046,0.5447211199585861,0.22181483449821157
439,rff_ens,360,0.01,-1,0.1227267399571787,0.36398828629832597,0.3371722238791813,0.8170195707503546,0.16589415464187798
439,rff_ens,360,0.1,-1,0.1294440882581646,0.3528676804032541,0.36683463929095755,0.9025445371898448,0.14618150463515756
439,rff_ens,360,1.0,-1,0.13017298660724694,0.3591975541123351,0.36239942370692413,0.9127719245910105,0.1494202254013668
439,rff_ens,3600,0.001,-1,0.10229810957671133,0.39292808494412146,0.26034817437714897,0.5999978608030941,0.22405947330072717
439,rff_ens,3600,0.01,-1,0.12097639918853871,0.36623819087007087,0.3303216382243902,0.8330282604778463,0.170611212528656
439,rff_ens,3600,0.1,-1,0.12912520754564785,0.35414929456874045,0.3646067054937607,0.9054756498685953,0.1476429362692737
439,rff_ens,3600,1.0,-1,0.1301351113386469,0.3593531206469252,0.3621371399373721,0.9131029764340552,0.14959789913783794
439,linlev,11,0.0,0,0.29500219490161367,1.1239445112447732,0.26247042620893934,2.6777276951122437,1.024071478844121
439,linlev,11,0.001,0,0.2628604573242719,0.7608113278186914,0.34550018869712995,1.7715936021683352,0.386006891206748
439,linlev,11,0.01,0,0.3359949720886633,0.8556950668349977,0.3926573672224438,2.0874675705830863,0.4369150337906124
439,linlev,11,0.1,0,0.2345804687600917,0.5867671181346201,0.39978461899133316,1.3935546646874064,0.19396101902085436
439,linlev,11,1.0,0,0.05745645434192921,0.14589024876853135,0.39383341125896154,0.33936930329472076,0.17347060944075798
439,rff_lev,36,0.001,0,0.108291444038023,0.43201907838397197,0.2506635689402939,0.2506003659543434,0.24558294215685714
439,rff_lev,36,0.01,0,0.12564944277409323,0.358722254687015,0.3502694386321872,0.7645391230757809,0.15696886222231551
439,rff_lev,36,0.1,0,0.1299922652127889,0.35665847807392476,0.3644726627971685,0.8934769882652145,0.1479170378649088
439,rff_lev,36,1.0,0,0.13023185863143516,0.3598575302533802,0.3618983838958081,0.9117732147521459,0.14979237111311644
439,rff_lev,360,0.001,0,0.1550703318682263,0.3881609993044771,0.3995000325794908,1.1370594088116326,0.1283734147636458
439,rff_lev,360,0.01,0,0.144567245101878,0.3642183404375703,0.39692467141604004,0.9973371718958959,0.12821850695701456
439,rff_lev,360,0.1,0,0.13344053279347248,0.3577782104626358,0.37296998221586275,0.9247935435978405,0.14272886738043314
439,rff_lev,360,1.0,0,0.13060813061891963,0.35995220715793275,0.3628485338377546,0.9150479551742787,0.149206123277123
439,rff_lev,3600,0.001,0,0.13530091955442983,0.370069538216921,0.3656094479063053,1.0096196287347303,0.148454272132826
439,rff_lev,3600,0.01,0,0.13750331813652994,0.35463823762249597,0.387728404749459,0.9159460913191411,0.13346711510281198
439,rff_lev,3600,0.1,0,0.13197139781392658,0.356184190678029,0.370514473319849,0.9105448618812049,0.14413914119539725
439,rff_lev,3600,1.0,0,0.13044194737190515,0.3597927656534407,0.36254744348459006,0.913505464711579,0.14938035040024242
439,rff_lev,36,0.001,1,0.1317759355213768,0.4581542686589024,0.2876235026841679,0.8914770171749961,0.22751666932348039
439,rff_lev,36,0.01,1,0.1324819893959176,0.3535318035419484,0.37473853290881626,0.9422429180413361,0.14137054413141384
439,rff_lev,36,0.1,1,0.1301624881199081,0.35555928809395165,0.36607815483507905,0.9151459642549582,0.14683801371695285
439,rff_lev,36,1.0,1,0.13022938856624366,0.359736956175387,0.36201281611653857,0.913975843177908,0.14970990344550889
439,rff_lev,360,0.001,1,0.11924710323117481,0.38853111366534626,0.30691777064187964,0.9632189577783474,0.1904804007460373
439,rff_lev,360,0.01,1,0.13492188445106829,0.3578255272182614,0.3770605342216698,0.9350070434858642,0.1401975632240437
439,rff_lev,360,0.1,1,0.13178167538540744,0.3572346107430071,0.3688939185128693,0.9148788197812311,0.14521793560260404
439,rff_lev,360,1.0,1,0.13042533556135152,0.3599208980277098,0.3623722219967073,0.9139823856289992,0.14950145916398738
439,rff_lev,3600,0.001,1,0.13018599483016488,0.3747852136324434,0.34736160898236484,0.9688152390106807,0.1608386692404325
439,rff_lev,3600,0.01,1,0.13511956436123138,0.35812173494797633,0.37730065275390207,0.9097532829534001,0.140067654286181
439,rff_lev,3600,0.1,1,0.13151879901228083,0.35663909477343764,0.36877280404670965,0.9100280486936575,0.14524934968321426
439,rff_lev,3600,1.0,1,0.13039197289631405,0.35983913970822273,0.36236184035467345,0.9134564463143542,0.14950063656244503
439,rff_lev_ens,36,0.001,-1,0.1200336897796999,0.3753509703068323,0.31979054078794,0.5710386915646698,0.17902736732633606
439,rff_lev_ens,36,0.01,-1,0.12906571608500542,0.35019321361318007,0.3685557317154927,0.8533910205585586,0.144960123052577
439,rff_lev_ens,36,0.1,-1,0.13007737666634853,0.3559985490558155,0.36538737871640664,0.9043114762600865,0.1472986468108742
439,rff_lev_ens,36,1.0,-1,0.13023062359883938,0.3597960403645254,0.36195680048867945,0.9128745289650271,0.14975026808058117
439,rff_lev_ens,360,0.001,-1,0.13715871754970052,0.38007515933698005,0.3608726173764322,1.0501391832949902,0.15275051473883441
439,rff_lev_ens,360,0.01,-1,0.13974456477647318,0.3603865410424709,0.38776299573297474,0.9661721076908801,0.1337161820895024
439,rff_lev_ens,360,0.1,-1,0.13261110408944,0.35748771739120516,0.3709528961083754,0.9198361816895357,0.14395927412784063
439,rff_lev_ens,360,1.0,-1,0.1305167330901356,0.3599363257294255,0.36261061682406787,0.9145151704016391,0.14935361930917584
439,rff_lev_ens,3600,0.001,-1,0.13274345719229733,0.3712252647077923,0.35758195848223184,0.9892174338727054,0.15374041749346518
439,rff_lev_ens,3600,0.01,-1,0.13631144124888067,0.3562342419839939,0.38264553258472367,0.9128496871362708,0.13665907097282262
439,rff_lev_ens,3600,0.1,-1,0.1317450984131037,0.3564080144285879,0.36964684597321523,0.9102864552874311,0.1446915561719256
439,rff_lev_ens,3600,1.0,-1,0.13041696013410964,0.3598159112477232,0.3624546776763332,0.9134809555129663,0.14944046250275841
440,ff,6,0.0,0,0.2880870154964999,0.746109555352223,0.3861189197081117,0.3964766820496386,0.33218107182307327
440,fm,6,0.0,0,0.1831027757276156,0.5805071947844063,0.3154186156049588,0.253569284973892,0.2729911839508875
440,linrank,6,0.0,0,0.27058556019942676,0.6094533001946397,0.4439807941199276,0.27567018202045745,0.1721602558382225
440,linrank,6,0.001,0,0.17320735157478437,0.5229047242691348,0.33124074718750474,0.3924012275815143,0.2256969398834628
440,linrank,6,0.01,0,0.09529961059242238,0.37572069561872506,0.25364482633964563,0.2549752036226534,0.22833034144094203
440,linrank,6,0.1,0,0.023326258406610217,0.10039872345046832,0.23233620513231146,0.06113068490539849,0.23265300691901591
440,linrank,6,1.0,0,0.0027724039104278625,0.012056493120864716,0.2299511045736839,0.0071987000473575065,0.2632897431594611
440,rff,36,0.001,0,0.21076367159119835,0.5978005031008368,0.3525652295338514,0.07451120912120135,0.24894092931831996
440,rff,36,0.01,0,0.17928539321374856,0.4071438657088338,0.44034899777162134,0.0037923877746303134,0.10802009890714498
440,rff,36,0.1,0,0.13813670967841551,0.35239065647613893,0.3919987864030357,-0.10940173038864447,0.13566901170613266
440,rff,36,1.0,0,0.1296608057016579,0.3570485502483035,0.36314614808402784,-0.13034705306469496,0.15365548609680338
440,rff,360,0.001,0,0.23262510419765023,0.634166590247847,0.3668201822280403,0.10043051520406869,0.2597130006247487
440,rff,360,0.01,0,0.19406259964492434,0.4354306496424255,0.44567969619108816,0.043659891055543125,0.10781644966962305
440,rff,360,0.1,0,0.14175128072437643,0.35724952304174395,0.39678508040390875,-0.10011752763969128,0.1328995915823025
440,rff,360,1.0,0,0.13008399769198323,0.357458058997878,0.36391401569367177,-0.12927104345480345,0.15321162074459266
440,rff,3600,0.001,0,0.2231193856552249,0.6236843703413378,0.35774407098435596,0.11691204231145269,0.2612071884832869
440,rff,3600,0.01,0,0.19467842820119113,0.43848124763386986,0.44398347535205623,0.05453142512780467,0.10949014426156001
440,rff,3600,0.1,0,0.1423963619374482,0.3575029931690391,0.39830816708748096,-0.09739747101127799,0.13197389587344713
440,rff,3600,1.0,0,0.1301673458101825,0.3574511171255476,0.36415425655101197,-0.12895679515358735,0.15306165315970544
440,rff,36,0.001,1,0.2130759723414286,0.6451489960692842,0.3302740508621141,0.5065777977053655,0.30414815816609386
440,rff,36,0.01,1,0.1963074117446306,0.4247029726006519,0.4622228343318388,0.1354454867021136,0.09497589708294552
440,rff,36,0.1,1,0.14734670834051256,0.35641462727687545,0.41341375202889313,-0.07971960375771937,0.1227305280451737
440,rff,36,1.0,1,0.1308440910774163,0.35726564385168785,0.36623754153011634,-0.12687183457951925,0.15175224002230442
440,rff,360,0.001,1,0.22741148780952045,0.6035990978165213,0.37675915791154435,0.30833632743161593,0.22990638578411793
440,rff,360,0.01,1,0.19009623892780522,0.427693271448444,0.4444686218326917,0.11283687735322677,0.10754714237165998
440,rff,360,0.1,1,0.1411766607007644,0.35482131388814364,0.39788100425463707,-0.08901654731664936,0.13215719864489914
440,rff,360,1.0,1,0.1300257115045067,0.3571542127761785,0.36406041663014416,-0.12806564475332588,0.1530959000775123
440,rff,3600,0.001,1,0.2274017913673408,0.6159955884849566,0.36916139598765035,0.18600696884592371,0.24504006274582277
440,rff,3600,0.01,1,0.19214708010014378,0.4342112711471318,0.44251978902462674,0.06736959583407996,0.10984727391243218
440,rff,3600,0.1,1,0.14154933363686176,0.3568683423529706,0.3966430104266812,-0.09630411894503889,0.13297406608357384
440,rff,3600,1.0,1,0.13006583779519199,0.35740599699847747,0.3639162154174656,-0.12885914203300455,0.1532059989919577
440,rff_ens,36,0.001,-1,0.21191982196631354,0.6056679399524945,0.3498944025053323,0.2905445034132834,0.25658552622640607
440,rff_ens,36,0.01,-1,0.1877964024791896,0.41307594146787935,0.45462924277760824,0.06961893723837197,0.09898792297582223
440,rff_ens,36,0.1,-1,0.14274170900946406,0.354171980243352,0.40302936700804526,-0.09456066707318196,0.1290110747920125
440,rff_ens,36,1.0,-1,0.1302524483895371,0.3571535864656315,0.3646958992586545,-0.12860944382210718,0.15270099358815895
440,rff_ens,360,0.001,-1,0.23001829600358537,0.6163592626612724,0.3731886741028741,0.20438342131784232,0.2414520708880705
440,rff_ens,360,0.01,-1,0.1920794192863648,0.43121635705479067,0.4454363016242425,0.07824838420438492,0.10736471706276302
440,rff_ens,360,0.1,-1,0.1414639707125704,0.3560176091096938,0.39735104975940516,-0.09456703747817033,0.1325141573113096
440,rff_ens,360,1.0,-1,0.13005485459824495,0.3573059043121591,0.36398742094287634,-0.12866834410406458,0.1531535709949112
440,rff_ens,3600,0.001,-1,0.22526058851128283,0.6195517354364924,0.3635864055042637,0.15145950557868823,0.2527470143267541
440,rff_ens,3600,0.01,-1,0.19341275415066747,0.4363147416175247,0.44328723213348104,0.060950510480942306,0.10963504465007963
440,rff_ens,3600,0.1,-1,0.141972847787155,0.3571833697188771,0.39747888570202866,-0.0968507949781584,0.1324720592687175
440,rff_ens,3600,1.0,-1,0.13011659180268725,0.35742852424940347,0.3640352769156599,-0.12890796859329592,0.15313379953457984
440,linlev,11,0.0,0,0.49990757862805213,1.2085525319950534,0.41364157981847516,0.8149115728292128,0.9793731582358135
440,linlev,11,0.001,0,0.49167696590685595,1.0807951458249636,0.4549215157064406,0.2059463847189196,0.6951919599589645
440,linlev,11,0.01,0,0.41879196910412203,0.999028352261782,0.4191992831394471,-0.09490604165557137,0.604541929531256
440,linlev,11,0.1,0,0.2910909611741735,0.7417195846784426,0.3924541931845713,-0.11973542780308216,0.3213814733550191
440,linlev,11,1.0,0,0.08642566585993011,0.2230600711635193,0.38745466819372526,-0.03026552576306706,0.15305536507744716
440,rff_lev,36,0.001,0,0.1380430607258102,0.52382354570987,0.26352969784651126,-0.35231522378308217,0.2860423779334903
440,rff_lev,36,0.01,0,0.1452563050966691,0.37362351756690226,0.38877720022176876,-0.20065885495376964,0.1388628225865645
440,rff_lev,36,0.1,0,0.1315662042289575,0.35699126324669905,0.36854180416745547,-0.14395073124533428,0.15030152540227557
440,rff_lev,36,1.0,0,0.1289360167912305,0.3578131036166217,0.36034459187771617,-0.13407801755443488,0.15546418569378748
440,rff_lev,360,0.001,0,0.17476185881247844,0.3876764666795963,0.4507930551196294,-0.1911813031701159,0.09999253821831273
440,rff_lev,360,0.01,0,0.15157061801093338,0.3568604601830884,0.4247335721451729,-0.16332198709744625,0.1158633099949358
440,rff_lev,360,0.1,0,0.13257390667785873,0.35493521428793734,0.3735157891950095,-0.13911095913478236,0.14708853944823697
440,rff_lev,360,1.0,0,0.12904841038893786,0.35758025069297095,0.360893562043343,-0.13357629740296434,0.1551018128621848
440,rff_lev,3600,0.001,0,0.18669925651778918,0.3852396297457709,0.4846314919391772,-0.1479993689356428,0.07854917740587629
440,rff_lev,3600,0.01,0,0.15136454573323907,0.3532144374950823,0.4285344246024668,-0.11616968266926009,0.11362407882401983
440,rff_lev,3600,0.1,0,0.13207292948580374,0.3544215418018825,0.3726436288673191,-0.12909484203573535,0.14759353475507886
440,rff_lev,3600,1.0,0,0.1289858375213567,0.3575370747932377,0.3607621324192707,-0.13246193971941586,0.15517993682057846
440,rff_lev,36,0.001,1,0.2214088803016225,0.6028206620394331,0.3672881409747352,-0.5733177336393478,0.23827838798533452
440,rff_lev,36,0.01,1,0.15094377993604344,0.34870982328154493,0.43286357268511155,-0.23350475459516754,0.1111765114128408
440,rff_lev,36,0.1,1,0.13078679472846494,0.3524681609601612,0.3710598834578069,-0.14537232034880387,0.14844690643955463
440,rff_lev,36,1.0,1,0.12882870723963497,0.3573475189713959,0.3605137867207276,-0.13416283554611033,0.1553181763752786
440,rff_lev,360,0.001,1,0.18463372864583244,0.39980820017635116,0.4618057572715929,-0.28893100047634085,0.09335025912075189
440,rff_lev,360,0.01,1,0.14833614179970026,0.35596532021032956,0.41671514998161263,-0.1543225160842461,0.12072414228756356
440,rff_lev,360,0.1,1,0.1314293576174191,0.35524270664865776,0.36997060082476346,-0.13465759286663181,0.1492938471664542
440,rff_lev,360,1.0,1,0.1289145570671604,0.35763555168583006,0.3604634842914252,-0.13305038440429898,0.15537454244963014
440,rff_lev,3600,0.001,1,0.1962858031152685,0.4045984292836288,0.4851373334859626,-0.1938341262600176,0.07833790498334924
440,rff_lev,3600,0.01,1,0.1520184226078558,0.3574874860490677,0.42524124211438885,-0.13390459335888324,0.11555156400865214
440,rff_lev,3600,0.1,1,0.13194462767837745,0.35492676221414743,0.3717517012672259,-0.13203437090182532,0.14817464168274935
440,rff_lev,3600,1.0,1,0.12896860111066835,0.35759026949576167,0.36066026430900117,-0.13277858223291325,0.15524800441965822
440,rff_lev_ens,36,0.001,-1,0.17972597051371633,0.42778189852103493,0.42013458525262687,-0.46281647871121506,0.12452834188242631
440,rff_lev_ens,36,0.01,-1,0.1481000425163563,0.3516446490400777,0.4211639304640095,-0.2170818047744686,0.11806900248965417
440,rff_lev_ens,36,0.1,-1,0.1311764994787112,0.3546063661117364,0.3699214453396968,-0.14466152579706912,0.14928145567553744
440,rff_lev_ens,36,1.0,-1,0.12888236201543274,0.3575790490725672,0.36043040650649893,-0.13412042655027256,0.15539022127395377
440,rff_lev_ens,360,0.001,-1,0.17969779372915543,0.3853390134637151,0.4663368811631538,-0.24005615182322834,0.09006337064050514
440,rff_lev_ens,360,0.01,-1,0.14995337990531687,0.35553783965842534,0.42176489582481874,-0.15882225159084618,0.11766791749387555
440,rff_lev_ens,360,0.1,-1,0.1320016321476389,0.35506731672220937,0.3717650877197232,-0.1368842760007071,0.14817547172917325
440,rff_lev_ens,360,1.0,-1,0.12898148372804913,0.3576076488192577,0.36067876107772806,-0.13331334090363167,0.15523799191312906
440,rff_lev_ens,3600,0.001,-1,0.19149252981652887,0.39377710745568595,0.4862967556794262,-0.17091674759783015,0.07742624542914403
440,rff_lev_ens,3600,0.01,-1,0.15169148417054748,0.3552317932331105,0.42702113679054726,-0.12503713801407165,0.11449847068288062
440,rff_lev_ens,3600,0.1,-1,0.13200877858209065,0.3546715597430761,0.37220006779714093,-0.13056460646878035,0.14788218147964133
440,rff_lev_ens,3600,1.0,-1,0.12897721931601255,0.3575636431144675,0.3607112238609865,-0.13262026097616456,0.15521394907825678
441,ff,6,0.0,0,0.07923086647076003,0.4988518494222878,0.15882644629365614,-0.3452095651106986,0.3619688462985337
441,fm,6,0.0,0,0.16184891963484246,0.5643959956347928,0.2867648262684894,0.13401732834957952,0.28633995477217905
441,linrank,6,0.0,0,0.1067094469066125,0.4888326281673063,0.2182944442695639,0.007741021629920491,0.3022252319731556
441,linrank,6,0.001,0,0.06466727340492637,0.40424381352799355,0.15997096613687128,0.060234440883950406,0.3035602515817395
441,linrank,6,0.01,0,0.048343266577303146,0.31734674597024093,0.1523357878761313,0.11185628061485353,0.2716593768129679
441,linrank,6,0.1,0,0.01354864677080551,0.08718775420366907,0.15539621239877457,0.03494792503685168,0.2459878581370979
441,linrank,6,1.0,0,0.0016344946048055086,0.010477868771234546,0.15599494901985927,0.004248212434445166,0.26214334946329876
441,rff,36,0.001,0,0.16502072470230647,0.5042632368222282,0.32725115108972835,0.11348032831241087,0.21677168355340137
441,rff,36,0.01,0,0.12826660928640085,0.33202000637162626,0.38632192887447114,0.17501697015439782,0.13545627048235262
441,rff,36,0.1,0,0.12160246320321677,0.3206393744828881,0.37924993896751275,0.17864955572392568,0.1396917224857433
441,rff,36,1.0,0,0.11995591896945604,0.32636925783486564,0.36754662422938933,0.17095884217529989,0.14629435838288504
441,rff,360,0.001,0,0.10733319288065517,0.46071748532823037,0.23296965341827097,-0.11548351638025182,0.27441451118612314
441,rff,360,0.01,0,0.12436030539772572,0.36444600030375773,0.3412310885400694,0.15528745132546282,0.16486564326688027
441,rff,360,0.1,0,0.12243406890127351,0.3253190373942592,0.3763507659494693,0.1768925697286785,0.14125432088261158
441,rff,360,1.0,0,0.12007724492988199,0.32673745079356675,0.36750376988693284,0.17080082018279716,0.14632129800757476
441,rff,3600,0.001,0,0.0991765995690661,0.4466773105403311,0.22203187229074917,-0.1488460012910609,0.2763032998818034
441,rff,3600,0.01,0,0.12100441589256054,0.36332170171044664,0.3330503389224913,0.13418572741156817,0.16993577718046274
441,rff,3600,0.1,0,0.12145910997628226,0.3253037301105824,0.3733714025811938,0.17232933635578637,0.14295649363383417
441,rff,3600,1.0,0,0.11996080739678747,0.3267347496551395,0.36715044091087085,0.1702812697205231,0.14652445851623033
441,rff,36,0.001,1,0.13917952087770977,0.5411401354692995,0.25719681789451343,0.1331202324116197,0.2991444248583706
441,rff,36,0.01,1,0.11163632988880283,0.3660374961099303,0.304986049449086,0.12084820040966546,0.18847334029817261
441,rff,36,0.1,1,0.11683183205302747,0.323953952071944,0.36064333003439125,0.15987902459772163,0.15023205730415265
441,rff,36,1.0,1,0.11939136271408547,0.32659167541864226,0.365567684972507,0.1687317928045975,0.14743357588162054
441,rff,360,0.001,1,0.1051539896673602,0.4763057080729158,0.22076995485274048,-0.14001615624386787,0.2929163911173939
441,rff,360,0.01,1,0.12041125822006167,0.35753062385009954,0.33678585885427825,0.13913251429542878,0.16680438302296585
441,rff,360,0.1,1,0.12116701644604114,0.32286400007019117,0.37528809783592854,0.17412452188595362,0.1418884568899867
441,rff,360,1.0,1,0.11992876609039578,0.326446166919401,0.36737685487973887,0.17050512374158758,0.14639235801785214
441,rff,3600,0.001,1,0.10004420412807748,0.4494238659457969,0.22260545491401068,-0.176720047019261,0.2772021271714405
441,rff,3600,0.01,1,0.12168526996625983,0.3601247523752348,0.3378975456801395,0.13313776058844382,0.1664264836338755
441,rff,3600,0.1,1,0.12153336249290471,0.3246984775454865,0.3742960651112979,0.17279043257385426,0.14243261589968859
441,rff,3600,1.0,1,0.11996707260103252,0.3266828008264146,0.36722800311969267,0.17034004210388431,0.14647948702849667
441,rff_ens,36,0.001,-1,0.15210012279000812,0.5022780614774126,0.3028205578850432,0.12330028036201528,0.23651733418053608
441,rff_ens,36,0.01,-1,0.11995146958760186,0.343727631427106,0.34897243811788187,0.14793258528203168,0.15793398185381954
441,rff_ens,36,0.1,-1,0.11921714762812215,0.32198843929102383,0.37025288203086615,0.16926429016082367,0.1447548694357199
441,rff_ens,36,1.0,-1,0.11967364084177078,0.3264763003955515,0.36656149526558846,0.16984531748994872,0.14686115471505942
441,rff_ens,360,0.001,-1,0.10624359127400766,0.4652683217322309,0.2283490758159815,-0.12774983631205983,0.2805750107126192
441,rff_ens,360,0.01,-1,0.12238578180889369,0.36044696430206996,0.3395389445042716,0.1472099828104458,0.1654286114120739
441,rff_ens,360,0.1,-1,0.12180054267365734,0.3240670155349671,0.37584986078447397,0.17550854580731604,0.14155359877233284
441,rff_ens,360,1.0,-1,0.1200030055101389,0.32659149529649983,0.3674406934607798,0.17065297196219237,0.14635659647750177
441,rff_ens,3600,0.001,-1,0.09961040184857181,0.44782782169325935,0.2224301327950995,-0.16278302415516102,0.2765510677081295
441,rff_ens,3600,0.01,-1,0.12134484292941021,0.361674661106551,0.33550827851238785,0.13366174400000597,0.16814332689959077
441,rff_ens,3600,0.1,-1,0.12149623623459348,0.32499842167175336,0.37383638852653883,0.1725598844648203,0.14269271840542547
441,rff_ens,3600,1.0,-1,0.11996393999890997,0.3267087391316532,0.36718925951524156,0.17031065591220373,0.14650194849354614
441,linlev,11,0.0,0,0.010978701265342183,0.8707605620285033,0.012608174674064773,-0.3577096285722299,1.0016869671012936
441,linlev,11,0.001,0,0.07519621190626612,0.500488069491063,0.15024576306630397,0.06104869861185719,0.3710502355417203
441,linlev,11,0.01,0,0.17120451051986574,0.5296090770182955,0.32326581614452093,0.3547073725665426,0.23268761920909584
441,linlev,11,0.1,0,0.1633163662066985,0.4423448083701048,0.36920602009203096,0.34429933450254735,0.1610083139158576
441,linlev,11,1.0,0,0.051946059253797534,0.13841109680692498,0.37530270659049186,0.11169866726070463,0.18326378765000934
441,rff_lev,36,0.001,0,0.10521744214135718,0.5222100149737647,0.20148491818304787,0.4614394731936367,0.33863900695326443
441,rff_lev,36,0.01,0,0.11566440910053877,0.34428558851685515,0.33595483795533954,0.28369627053439467,0.16588188515820598
441,rff_lev,36,0.1,0,0.11965716748930656,0.32515815190356556,0.3679968248952102,0.18757115425319973,0.1460312078686025
441,rff_lev,36,1.0,0,0.11974558032508749,0.32696224340140884,0.3662367222568779,0.17174559035400302,0.14705203333360847
441,rff_lev,360,0.001,0,0.14138950246561874,0.4167323174541948,0.33928134810701255,0.3776940167840133,0.17617769225329102
441,rff_lev,360,0.01,0,0.1333478849379563,0.338977368509084,0.39338285480372065,0.2673312299509227,0.1312914262691666
441,rff_lev,360,0.1,0,0.1228156543182299,0.3248904333511369,0.37802176275683846,0.18626588712799572,0.14030605135855403
441,rff_lev,360,1.0,0,0.12008859428916384,0.32690701954446316,0.36734786073576614,0.1716269558738245,0.14641216269377316
441,rff_lev,3600,0.001,0,0.1352722417566146,0.3888796680919499,0.3478511551409515,0.32284086012164936,0.1642813734982453
441,rff_lev,3600,0.01,0,0.131537555796848,0.3323281030410613,0.3958062968288772,0.23543302584558978,0.12996886642849265
441,rff_lev,3600,0.1,0,0.12219735546683907,0.3240520021570063,0.3770918082698137,0.18032233531224115,0.14084706421768467
441,rff_lev,3600,1.0,0,0.12001399823619753,0.3268313488832025,0.36720467190889367,0.17097269663956502,0.146493975279366
441,rff_lev,36,0.001,1,0.1346936985012881,0.4001434926597961,0.3366134923398725,0.01644963242308222,0.17416969149766956
441,rff_lev,36,0.01,1,0.11961581223980955,0.2968335759749112,0.40297264838368435,0.15243219014264076,0.12848637125053314
441,rff_lev,36,0.1,1,0.1191407143238106,0.3195161467588716,0.37287854004361853,0.16752941225730278,0.14330353056791278
441,rff_lev,36,1.0,1,0.11966750251352823,0.3263849877851313,0.3666452410253281,0.16960341559023948,0.14681234774857863
441,rff_lev,360,0.001,1,0.13262052237148098,0.40430719673061866,0.32801919788690587,0.3454557437190094,0.1811113489056032
441,rff_lev,360,0.01,1,0.12989289555479652,0.33263990353634915,0.39049102099262273,0.23348588320856056,0.13303555999699723
441,rff_lev,360,0.1,1,0.12182905870296078,0.324769678137084,0.3751244863799668,0.17858432220002218,0.14195942734210243
441,rff_lev,360,1.0,1,0.11997320657133173,0.3269240310973939,0.3669757960851478,0.17076415868203787,0.1466263606276232
441,rff_lev,3600,0.001,1,0.13468956252294814,0.3955750770226711,0.340490517088944,0.30458382955836094,0.17054167613452847
441,rff_lev,3600,0.01,1,0.1297529655891814,0.3343162660351132,0.38811442568443094,0.23406515780127482,0.1343971480027945
441,rff_lev,3600,0.1,1,0.12173743885357409,0.32443939195207583,0.37522397672214963,0.1800886152403934,0.14190592672802158
441,rff_lev,3600,1.0,1,0.1199615965466637,0.32687602975014257,0.3669941679062852,0.17094526681576241,0.14661541174422263
441,rff_lev_ens,36,0.001,-1,0.11995557032132263,0.3607699345965821,0.33249879997749426,0.23894455280835947,0.16993302528360005
441,rff_lev_ens,36,0.01,-1,0.11764011067017416,0.31181055242632644,0.3772807230376521,0.2180642303385178,0.14108467626886287
441,rff_lev_ens,36,0.1,-1,0.11939894090655857,0.3221841305232619,0.37059224708753274,0.17755028325525124,0.14456072060383035
441,rff_lev_ens,36,1.0,-1,0.1197065414193079,0.32667197200815107,0.36644264484472205,0.17067450297212122,0.14693103188196036
441,rff_lev_ens,360,0.001,-1,0.13700501241854984,0.40254312816178905,0.34034865542030857,0.3615748802515115,0.17210119998729517
441,rff_lev_ens,360,0.01,-1,0.13162039024637645,0.3349190266828118,0.3929916778691369,0.25040855657974165,0.13155378243632704
441,rff_lev_ens,360,0.1,-1,0.12232235651059538,0.3248078781437281,0.37659910593814944,0.1824251046640089,0.14111808495165482
441,rff_lev_ens,360,1.0,-1,0.1200309004302478,0.3269152671738933,0.3671621134977486,0.17119555727793115,0.146519089475288
441,rff_lev_ens,3600,0.001,-1,0.1349809021397814,0.3914841225522161,0.34479278817183107,0.3137123448400052,0.1668177392396944
441,rff_lev_ens,3600,0.01,-1,0.1306452606930147,0.33323627791694793,0.392049933787747,0.23474909182343234,0.1321239610417671
441,rff_lev_ens,3600,0.1,-1,0.12196739716020659,0.3242435463854604,0.3761598296091046,0.18020547527631728,0.141375010388552
441,rff_lev_ens,3600,1.0,-1,0.1199877973914306,0.3268536645562318,0.3670994405228335,0.17095898172766372,0.14655467614013287
442,ff,6,0.0,0,0.24093414177166383,0.5818026785219031,0.41411659084101893,-0.7067614847744353,0.18122611576677986
442,fm,6,0.0,0,0.13901023414038288,0.6123649699196126,0.22700552933103155,-0.15888053035128324,0.3828450152032448
442,linrank,6,0.0,0,0.23213434721087237,0.6071521636897019,0.38233306425225816,-0.2970827454985404,0.22480219250995814
442,linrank,6,0.001,0,0.1528646447253997,0.551243836887839,0.277308578338814,-0.30119188421917364,0.2880588597666481
442,linrank,6,0.01,0,0.09342721107400004,0.39757570397568454,0.23499225465677345,-0.24632731625019857,0.24649144391642525
442,linrank,6,0.1,0,0.023723917052130207,0.1040569403558738,0.22798976186494263,-0.06951236663725925,0.2304936188758602
442,linrank,6,1.0,0,0.002824639442932962,0.012420773347394413,0.2274125260908577,-0.008404343272640722,0.26106375721626246
442,rff,36,0.001,0,0.15209012713460093,0.5799710803407983,0.2622374326754894,-0.6817594747894368,0.3218683884378884
442,rff,36,0.01,0,0.15358433352717962,0.3702227709854835,0.41484302307596765,-0.23244182933429378,0.12003516251039686
442,rff,36,0.1,0,0.12402878910784747,0.31472571340509564,0.3940853378834198,-0.029803217384405025,0.1329286188938088
442,rff,36,1.0,0,0.11758494552853782,0.3197284843826855,0.3677649983409032,0.005839299121029479,0.14743341398712106
442,rff,360,0.001,0,0.2034419671244024,0.643654838753783,0.3160730796622271,-0.8053733865062285,0.3153470330933985
442,rff,360,0.01,0,0.17238430771539034,0.40432790828481296,0.42634778402177714,-0.26210377696617765,0.11497957343730432
442,rff,360,0.1,0,0.1282207872594248,0.32015110857701495,0.40050083796158475,-0.036739309346699764,0.1290465099932671
442,rff,360,1.0,0,0.11806875005897363,0.3201831749350308,0.3687537612897095,0.005012986320214134,0.14687077703761603
442,rff,3600,0.001,0,0.20518384389055463,0.6353301916059897,0.32295623063637235,-0.7266446473705523,0.30192795628229624
442,rff,3600,0.01,0,0.17461029078129414,0.408005062147825,0.42796108916420944,-0.2438474579844171,0.11428708472598875
442,rff,3600,0.1,0,0.1289822943421656,0.3211933771267205,0.40157208562640495,-0.03522438757313195,0.128387810983104
442,rff,3600,1.0,0,0.1181612682816941,0.32028180848104104,0.3689290654442168,0.005143691796745753,0.14677076750603493
442,rff,36,0.001,1,0.21606800142778274,0.7102220294057787,0.3042259919881115,-0.7142544293760763,0.38551549134229246
442,rff,36,0.01,1,0.1860878938257073,0.41804186181273584,0.44514176886205337,-0.20395465952377426,0.10376269670852996
442,rff,36,0.1,1,0.13476510708113093,0.3239345098001668,0.41602577991541156,-0.022395072185298785,0.12011576846739967
442,rff,36,1.0,1,0.11890118722023534,0.32051818317013947,0.3709654973213157,0.006660785847552209,0.14561780552819628
442,rff,360,0.001,1,0.210946431623049,0.6326868983636238,0.33341362397204544,-0.5487332645604441,0.28944902703298053
442,rff,360,0.01,1,0.17286630191202576,0.4040590612654956,0.42782434174503087,-0.20257153192649283,0.11396466140704009
442,rff,360,0.1,1,0.1283261174227423,0.3191426656231068,0.40209640153313037,-0.0327585143613677,0.12821818049193148
442,rff,360,1.0,1,0.11808300411154794,0.320027935162775,0.3689771771063913,0.005312958772634175,0.14674624882505974
442,rff,3600,0.001,1,0.20868783740584537,0.6366638088166333,0.32778341491364704,-0.729354078329236,0.298066526029939
442,rff,3600,0.01,1,0.17292078581175815,0.40595654185261887,0.4259588600854139,-0.23812489893434285,0.1154115223187751
442,rff,3600,0.1,1,0.12832592384345445,0.32047904680354905,0.40041907614046657,-0.03429337255919401,0.129073296387077
442,rff,3600,1.0,1,0.11808152394163036,0.3202137628838543,0.3687584283641802,0.005247063041870246,0.1468678342569527
442,rff_ens,36,0.001,-1,0.1840790642811918,0.6237063836923,0.2951373740821059,-0.698006952082757,0.3212874083063806
442,rff_ens,36,0.01,-1,0.16983611367644347,0.38974624247091966,0.4357607467867135,-0.21819824442903402,0.10762499357963023
442,rff_ens,36,0.1,-1,0.12939694809448915,0.319021555730403,0.4056056582077458,-0.026099144784851928,0.12627520891143457
442,rff_ens,36,1.0,-1,0.11824306637438659,0.32011882198063407,0.3693724275342355,0.006250042484290844,0.1465221320867117
442,rff_ens,360,0.001,-1,0.20719419937372574,0.63398724869411,0.3268113038558825,-0.6770533255333362,0.2970316509169937
442,rff_ens,360,0.01,-1,0.17262530481370805,0.40352643136133504,0.4277918158454703,-0.23233765444633528,0.11393324894542226
442,rff_ens,360,0.1,-1,0.12827345234108356,0.3196157097912325,0.40133650634654217,-0.03474891185403373,0.12861215774228493
442,rff_ens,360,1.0,-1,0.1180758770852608,0.3201051588038928,0.3688658987142349,0.005162972546424139,0.14680825317539584
442,rff_ens,3600,0.001,-1,0.2069358406482,0.6358740470593452,0.3254352675741254,-0.7279993628498942,0.29983734647560606
442,rff_ens,3600,0.01,-1,0.1737655382965262,0.40695594028883114,0.42698857810798535,-0.24098617845938003,0.11482730494639434
442,rff_ens,3600,0.1,-1,0.12865410909281003,0.3208348915038714,0.4009978730485353,-0.03475888006616296,0.12872947111074398
442,rff_ens,3600,1.0,-1,0.11812139611166227,0.32024776694087825,0.3688437775538618,0.005195377419307983,0.14681928613026124
442,linlev,11,0.0,0,0.22974822995054867,1.2248063976966341,0.18757922099575267,0.23994182693998423,1.3599892830065168
442,linlev,11,0.001,0,0.11158153240853215,0.5750693170020362,0.19403144822650495,-0.21354242550504224,0.38654287481835903
442,linlev,11,0.01,0,0.13205201488435186,0.46573974478869185,0.28353177147091974,-0.2123991682859606,0.23679799664574752
442,linlev,11,0.1,0,0.11790843985272782,0.3530970792497004,0.33392640942619145,-0.09409411385758269,0.16931384976131628
442,linlev,11,1.0,0,0.040868614963256014,0.11498009577493727,0.3554407803177733,-0.018663790453162743,0.19970421809051497
442,rff_lev,36,0.001,0,0.16783428346557722,0.5769331582859913,0.2909076745808743,-0.5252204063154883,0.2919024308086963
442,rff_lev,36,0.01,0,0.14023110916368833,0.35544846994534485,0.394518815020503,-0.1885739111523827,0.13209694233998676
442,rff_lev,36,0.1,0,0.1203730560276771,0.3202232666161852,0.3759035291209943,-0.021769744663117253,0.14283728294802694
442,rff_lev,36,1.0,0,0.11717436092130441,0.3205597906683352,0.3655304387272264,0.006719401754591213,0.14869047031163257
442,rff_lev,360,0.001,0,0.16728659238800603,0.5004308512290934,0.3342851304573617,-0.8872392727265674,0.21039343798225227
442,rff_lev,360,0.01,0,0.1441011805025341,0.34771430719501484,0.41442407608990117,-0.31794485521820315,0.12001881054886333
442,rff_lev,360,0.1,0,0.12188462693234102,0.3186042563945528,0.38255806219174193,-0.04169221020671182,0.13914606251407824
442,rff_lev,360,1.0,0,0.11735042009636343,0.32034569719508377,0.3663243212687808,0.004604857026047809,0.14824242851906888
442,rff_lev,3600,0.001,0,0.16438574039831363,0.466640410632826,0.35227497801869506,-0.785690490042898,0.18255524558884542
442,rff_lev,3600,0.01,0,0.13819261829046692,0.33659200931218203,0.4105641680943654,-0.2886526160483628,0.12255692580545127
442,rff_lev,3600,0.1,0,0.12035024075153279,0.3179703120128858,0.3784952123035171,-0.03625614037310005,0.14143960017105664
442,rff_lev,3600,1.0,0,0.11717361874363275,0.3203193972939915,0.3658024451016619,0.005220302832997087,0.14853771762859713
442,rff_lev,36,0.001,1,0.14780316876364982,0.507054012246987,0.2914939339670477,-0.8320251078551617,0.2498939924086424
442,rff_lev,36,0.01,1,0.12066776152505314,0.30379372458258463,0.39720294318406923,-0.3270847226847896,0.1320665946207185
442,rff_lev,36,0.1,1,0.11664129316873925,0.31218053427568526,0.37363410066347646,-0.04257887224600919,0.14433007281884797
442,rff_lev,36,1.0,1,0.11676124075705104,0.3197244537128967,0.36519333883012667,0.004560513326582149,0.14888521403463262
442,rff_lev,360,0.001,1,0.17665523798334756,0.5122308885776085,0.34487423918126797,-0.9011594013443875,0.20682786225686278
442,rff_lev,360,0.01,1,0.14012033411392252,0.33679158465959624,0.41604464154158033,-0.28029065186407637,0.11937239320547269
442,rff_lev,360,0.1,1,0.12048621402824981,0.3182989298763627,0.3785316340053372,-0.03281175631789448,0.1414094903783977
442,rff_lev,360,1.0,1,0.11718624439285028,0.3203713667129485,0.3657825154451106,0.005617158100693705,0.14854872160232122
442,rff_lev,3600,0.001,1,0.16810413927364146,0.46596992149397604,0.3607617820795643,-0.8407790754118563,0.17572947273434947
442,rff_lev,3600,0.01,1,0.1379062845402521,0.33478083026537964,0.41193005116491965,-0.2978854877600505,0.12183456045196811
442,rff_lev,3600,0.1,1,0.1201309450292563,0.31792540647069467,0.3778589020702552,-0.037270353750381555,0.1417968998782644
442,rff_lev,3600,1.0,1,0.11714712298115743,0.32032229739852713,0.3657164172852117,0.005120258249689988,0.14858635857471642
442,rff_lev_ens,36,0.001,-1,0.15781872611461353,0.493238461167606,0.3199643550525667,-0.6786227570853248,0.2191042595617988
442,rff_lev_ens,36,0.01,-1,0.13044943534437073,0.32444971344883283,0.40206364788466115,-0.2578293169185861,0.12793658295355187
442,rff_lev_ens,36,0.1,-1,0.11850717459820818,0.31609671648716586,0.3749079582831409,-0.03217430845456322,0.14349751731239999
442,rff_lev_ens,36,1.0,-1,0.11696780083917774,0.32014094942359483,0.36536344709970753,0.00563995754058667,0.14878687415623731
442,rff_lev_ens,360,0.001,-1,0.17197091518567675,0.4951809481285729,0.34728903814979734,-0.8941993370354774,0.1973871185915565
442,rff_lev_ens,360,0.01,-1,0.14211075730822828,0.34082563165372015,0.41696029907930526,-0.29911775354113973,0.11868684582201736
442,rff_lev_ens,360,0.1,-1,0.12118542048029542,0.31841321755004776,0.38059167710664416,-0.03725198326230314,0.1402528241905677
442,rff_lev_ens,360,1.0,-1,0.11726833224460687,0.32035808066537264,0.3660539231632447,0.005111007563370741,0.14839527900941762
442,rff_lev_ens,3600,0.001,-1,0.16624493983597763,0.46580684340489364,0.35689673131631605,-0.8132347827273769,0.1786742976155422
442,rff_lev_ens,3600,0.01,-1,0.1380494514153595,0.33561614878556884,0.4113313734005146,-0.29326905190420677,0.12214772943461821
442,rff_lev_ens,3600,0.1,-1,0.12024059289039457,0.3179460393263234,0.37817924433078354,-0.036763247061740806,0.14161708022473887
442,rff_lev_ens,3600,1.0,-1,0.11716037086239509,0.3203208263446269,0.365759454979504,0.005170280541343559,0.14856202446952682
443,ff,6,0.0,0,0.10716991677612443,0.4505298920629068,0.2378752634712204,0.08097204539687332,0.2665557254579563
443,fm,6,0.0,0,0.11872529827953393,0.608087534165208,0.19524376279563413,-0.25671387578683885,0.41284853340580896
443,linrank,6,0.0,0,0.0856275497645933,0.42811588737889816,0.2000102128627845,-0.0652579840806365,0.28579317508191215
443,linrank,6,0.001,0,0.05208848289243424,0.3773596172136206,0.13803406754821707,-0.1909701523086043,0.3073695092749666
443,linrank,6,0.01,0,0.04527191032214338,0.28940004567881666,0.15643366681561366,-0.18893113644056087,0.26169109596502
443,linrank,6,0.1,0,0.013978924082688611,0.07904894000140496,0.17683885555505438,-0.057421366513944215,0.2449192813746675
443,linrank,6,1.0,0,0.0017133068515304605,0.009513564073504123,0.18009095626970426,-0.007023043028549093,0.2630998139248767
443,rff,36,0.001,0,0.1783893694647096,0.48510375103198256,0.36773446728707837,0.09224770596112138,0.1768026617800866
443,rff,36,0.01,0,0.1294881204918527,0.320919663688359,0.4034907646469335,0.22310253772516594,0.127213347212846
443,rff,36,0.1,0,0.1185170551270053,0.3131826408118586,0.3784279193117963,0.3665416867686082,0.14152853291404605
443,rff,36,1.0,0,0.11656712425155899,0.31997398276067607,0.36430188244006434,0.4004043575992227,0.14926997990307925
443,rff,360,0.001,0,0.16245813759071906,0.44540939996031415,0.36473890673433035,0.45063337078974375,0.16629888916720337
443,rff,360,0.01,0,0.1325163085726292,0.34492423929932153,0.3841896088306887,0.25478899710731673,0.13793367005486298
443,rff,360,0.1,0,0.12023991183865963,0.3178567676583544,0.37828331523177905,0.3646760819769642,0.14144372177405598
443,rff,360,1.0,0,0.11678062563587761,0.3203910585860066,0.3644940222466562,0.4000342748143768,0.14915987798020314
443,rff,3600,0.001,0,0.15222265764742185,0.4328148929468886,0.35170383489114676,0.49346707333138484,0.17248813806921648
443,rff,3600,0.01,0,0.12824414358346076,0.34212329183324114,0.37484774245060737,0.2640651408241152,0.1434396043175363
443,rff,3600,0.1,0,0.11922178124601641,0.3177850363682846,0.3751648680772023,0.3657807974404444,0.1431905842772215
443,rff,3600,1.0,0,0.11666255955939558,0.3203939411364827,0.3641222400947314,0.4001462217450582,0.14937029550731568
443,rff,36,0.001,1,0.17297596087311412,0.5331536943614075,0.32443920524699466,0.011041431533211082,0.2346546074111554
443,rff,36,0.01,1,0.11770797480955082,0.3397370465592784,0.3464678815620797,0.22572987742654607,0.16029346282567486
443,rff,36,0.1,1,0.11486456087885719,0.31737392715364504,0.36192185636991436,0.3611806078167037,0.1506239395312949
443,rff,36,1.0,1,0.1161323270439376,0.3203941254600613,0.36246709229509283,0.3996119655699304,0.1503074432322718
443,rff,360,0.001,1,0.16226450465810566,0.47476220310218137,0.3417805874137416,0.5320359861908365,0.19363289395635538
443,rff,360,0.01,1,0.1294486640803912,0.3388625185878598,0.3820093901793625,0.28781638189507214,0.13912041928131255
443,rff,360,0.1,1,0.1191494249682231,0.3153461787297587,0.37783690751594695,0.36916491190488737,0.14177393227946225
443,rff,360,1.0,1,0.1166535020326199,0.32009298722866275,0.36443629409877354,0.40048859560226124,0.14919354025039297
443,rff,3600,0.001,1,0.1550225267358605,0.43263477521735144,0.35832192790784956,0.4115355149347418,0.1675927633574072
443,rff,3600,0.01,1,0.1299797621851553,0.34027407406238325,0.38198549961031064,0.2552257251289831,0.13915464399260052
443,rff,3600,0.1,1,0.11942090927932152,0.31726195082328484,0.3764110665317035,0.36536099728585136,0.14250766476084273
443,rff,3600,1.0,1,0.11668113762370826,0.32034143087239,0.3642399214673825,0.4001212061644378,0.14930382926930585
443,rff_ens,36,0.001,-1,0.17568266516891182,0.49213712273228294,0.35697909597541416,0.05164456874716613,0.1881310003804279
443,rff_ens,36,0.01,-1,0.1235980476507018,0.32635835753905235,0.3787188064761355,0.224416207575856,0.14102314392343898
443,rff_ens,36,0.1,-1,0.11669080800293123,0.3151242112068056,0.3703009919677384,0.3638611472926558,0.14597138146141533
443,rff_ens,36,1.0,-1,0.11634972564774827,0.32018206117576525,0.36338614730785185,0.4000081615845764,0.14978734396776056
443,rff_ens,360,0.001,-1,0.16236132112441234,0.45466629617757187,0.35709997087842515,0.49133467849029006,0.17479298153446077
443,rff_ens,360,0.01,-1,0.13098248632651022,0.3409831935563934,0.38413179535444675,0.27130268950119457,0.13789396166536033
443,rff_ens,360,0.1,-1,0.11969466840344137,0.3165703505869372,0.37809816422012194,0.3669204969409259,0.1415872480142528
443,rff_ens,360,1.0,-1,0.11671706383424878,0.32024164472242234,0.3644656020156788,0.4002614352083192,0.14917644064230223
443,rff_ens,3600,0.001,-1,0.1536225921916412,0.43248118970743316,0.3552121938426143,0.452501294133063,0.16982768020534308
443,rff_ens,3600,0.01,-1,0.12911195288430802,0.34116750763332904,0.37844152797537667,0.2596454329765491,0.14127424317991075
443,rff_ens,3600,0.1,-1,0.11932134526266898,0.3175222073433305,0.37578897633969005,0.36557089736314785,0.14284822937232544
443,rff_ens,3600,1.0,-1,0.1166718485915519,0.32036766924825527,0.3641810950066313,0.400133713954748,0.14933705087641508
443,linlev,11,0.0,0,0.2609072336302518,1.406945299045136,0.18544234364145074,-0.7862909915877668,1.7921861761114841
443,linlev,11,0.001,0,0.07176643357387277,0.5366407908211768,0.13373272177848158,-0.006422123922826266,0.416033876519535
443,linlev,11,0.01,0,0.1814033102618059,0.5444211776938859,0.333203992964073,0.18249001828487948,0.23292794347811627
443,linlev,11,0.1,0,0.1855872557176109,0.4745916856440395,0.39104615890133376,0.29094519986995165,0.15493837043821237
443,linlev,11,1.0,0,0.061425578446570525,0.15384956808418562,0.3992573993640255,0.1050046226013597,0.17102461870023458
443,rff_lev,36,0.001,0,0.11601792472514547,0.5219674961100184,0.2222704011069142,1.0172877514685335,0.32030736070879
443,rff_lev,36,0.01,0,0.11462095651552251,0.34190838339942675,0.3352388010375843,0.4687783111550688,0.16723037758648707
443,rff_lev,36,0.1,0,0.11628974878087345,0.3208946335459755,0.36239231393756627,0.4094445389745891,0.15035015825456713
443,rff_lev,36,1.0,0,0.11632637217349755,0.32091072096342343,0.362488270333468,0.4051133582678445,0.1502957556515056
443,rff_lev,360,0.001,0,0.15395912769305226,0.42111181039784656,0.3656015430856687,0.3700304842204849,0.15955329877664237
443,rff_lev,360,0.01,0,0.13576203090303923,0.33082728076927675,0.4103713290734371,0.3402431907617668,0.12278694123622264
443,rff_lev,360,0.1,0,0.1199444740545868,0.31832725017957,0.3767961240733413,0.3920268690833693,0.14226295126013377
443,rff_lev,360,1.0,0,0.11672257462792027,0.32059145195819594,0.36408511179874037,0.4032690559636971,0.14939087354678354
443,rff_lev,3600,0.001,0,0.1644449467820984,0.4088960995992864,0.4021680493975183,0.4523486710787458,0.13178125153166936
443,rff_lev,3600,0.01,0,0.13672699231979854,0.3258954580939881,0.4195424910781252,0.3755987391623295,0.117881119701701
443,rff_lev,3600,0.1,0,0.11971918052704437,0.3180058323202624,0.3764685057929241,0.3977448430640012,0.14245501482787062
443,rff_lev,3600,1.0,0,0.11669014856071216,0.32058010731650144,0.3639968478939544,0.4038906402335062,0.14944088316294574
443,rff_lev,36,0.001,1,0.24616920627437272,0.5943936333949859,0.4141518220313585,0.9393949911017838,0.18799764129569152
443,rff_lev,36,0.01,1,0.14572834871343665,0.3139898416938357,0.46411803619918707,0.480989889487104,0.09480265918498113
443,rff_lev,36,0.1,1,0.11967672695458673,0.31478151741815574,0.3801898152603673,0.40819541357013184,0.14048945307965546
443,rff_lev,36,1.0,1,0.1166621171480992,0.3202510096679443,0.36428337031337255,0.40491591101030205,0.14927950878080554
443,rff_lev,360,0.001,1,0.18822750706387834,0.43867912776178825,0.4290778729871318,0.6146190571114205,0.11784694172775843
443,rff_lev,360,0.01,1,0.1416026253973723,0.3283534830788084,0.43125056591340055,0.41008730881434563,0.11109504688085858
443,rff_lev,360,0.1,1,0.12019430539221045,0.3188053271204566,0.37701473334163116,0.40205247623767065,0.14212788117086583
443,rff_lev,360,1.0,1,0.11673628056346068,0.32067931281397427,0.3640280987853409,0.40433606981166814,0.14942300404590186
443,rff_lev,3600,0.001,1,0.16343245890594132,0.4170058112265806,0.39191890018324016,0.46053972373019564,0.14017208171508755
443,rff_lev,3600,0.01,1,0.13466141054188926,0.32564821312082337,0.4135180391483574,0.37220573322312006,0.12129061742032733
443,rff_lev,3600,0.1,1,0.11926534233975454,0.31821197166445164,0.374798414138603,0.39701977866760857,0.14338538042067694
443,rff_lev,3600,1.0,1,0.11663939857466607,0.320610659027213,0.36380387017877,0.40381188145602126,0.14955013113858096
443,rff_lev_ens,36,0.001,-1,0.18109356549975913,0.45144062011975966,0.40114592579577363,0.9783413712851586,0.14083936626619992
443,rff_lev_ens,36,0.01,-1,0.1301746526144796,0.31675412270551034,0.4109643514742959,0.4748841003210863,0.1233622935114682
443,rff_lev_ens,36,0.1,-1,0.1179832378677301,0.31767512828539235,0.3713958927301874,0.4088199762723604,0.14530404011962317
443,rff_lev_ens,36,1.0,-1,0.11649424466079834,0.3205791927936942,0.3633867926536553,0.40501463463907333,0.14978642287593913
443,rff_lev_ens,360,0.001,-1,0.17109331737846528,0.41925149944751056,0.40809232072856505,0.4923247706659528,0.12929109258981303
443,rff_lev_ens,360,0.01,-1,0.13868232815020576,0.3285838549639236,0.4220606887865266,0.37516524978805615,0.11626846588989205
443,rff_lev_ens,360,0.1,-1,0.1200693897233986,0.3185440379591358,0.37693183803616387,0.3970396726605201,0.1421811673272529
443,rff_lev_ens,360,1.0,-1,0.11672942759569048,0.3206351252418494,0.36405689335391295,0.4038025628876825,0.14940677192048246
443,rff_lev_ens,3600,0.001,-1,0.16393870284401987,0.4121436076650531,0.3977708250111985,0.4564441974044707,0.13529383024749478
443,rff_lev_ens,3600,0.01,-1,0.13569420143084385,0.3256956846965852,0.41662879739182046,0.3739022361927246,0.11953517677643359
443,rff_lev_ens,3600,0.1,-1,0.11949226143339947,0.3181069644382967,0.3756354773445314,0.39738231086580483,0.14291890280600617
443,rff_lev_ens,3600,1.0,-1,0.11666477356768912,0.3205953606422985,0.36390038001160235,0.40385126084476375,0.14949549182777674
444,ff,6,0.0,0,0.09954115883972979,0.633313704436525,0.15717512212734136,-0.4017259723152446,0.476614048154241
444,fm,6,0.0,0,0.16260341528466432,0.819944629334117,0.1983102388471228,1.0791791507280744,0.6382439105702011
444,linrank,6,0.0,0,0.0773414438695307,0.4233182033066503,0.18270285394154148,-0.20302577873969427,0.29519878775496305
444,linrank,6,0.001,0,0.049581864642387966,0.3400456126361439,0.14580945261435155,-0.44730436239796845,0.28362732599316076
444,linrank,6,0.01,0,0.042450052692723804,0.24810769188259574,0.17109527064888871,-0.39235804094118504,0.24316100366290658
444,linrank,6,0.1,0,0.012406801819103017,0.06761324396503612,0.18349662124655297,-0.10675273717795748,0.24461355115607814
444,linrank,6,1.0,0,0.0015079520438492334,0.008145666040807485,0.18512323440401554,-0.012845197524221518,0.26175439701034664
444,rff,36,0.001,0,0.21255571991463082,0.53735428995154,0.395559733846732,-1.0011892165627139,0.17351980247191917
444,rff,36,0.01,0,0.15562378005603678,0.37080846942338774,0.4196877711505185,-0.3059484638009242,0.11517179710640188
444,rff,36,0.1,0,0.1350995323874374,0.3556356285214329,0.3798818834578478,0.007136461540583407,0.1392311944536942
444,rff,36,1.0,0,0.13160395283106552,0.35987344390857706,0.36569509381330856,0.058052478175365615,0.14832226567268014
444,rff,360,0.001,0,0.17896470045839225,0.4798567137407521,0.3729544577239778,-0.6778067033278784,0.1690631041188818
444,rff,360,0.01,0,0.14908227277329378,0.38051477432292197,0.39179102319631837,-0.18737298927455803,0.13355414729011766
444,rff,360,0.1,0,0.13525838435110846,0.35888197648692477,0.3768882061872961,0.01743582968103474,0.14127601018564706
444,rff,360,1.0,0,0.13165056222781024,0.3601817434152217,0.3655114803418616,0.058932527784619146,0.1484633096723367
444,rff,3600,0.001,0,0.16657495832444283,0.4655826198320179,0.35777744105770753,-0.6769801108111899,0.17606615128497974
444,rff,3600,0.01,0,0.14295039396770295,0.37762755192492725,0.3785486340682092,-0.17364694115034846,0.14183827047635944
444,rff,3600,0.1,0,0.13388583914328925,0.3585494894182329,0.37340964941974036,0.01905977047822263,0.14341315130202992
444,rff,3600,1.0,0,0.13149367900539316,0.3601510325108386,0.36510704436599367,0.0590933764405233,0.1487136711296403
444,rff,36,0.001,1,0.17673730353456518,0.5075123592430546,0.3482423635912348,-0.8921265892174253,0.2000319374794201
444,rff,36,0.01,1,0.1228679031861405,0.36635572413239986,0.3353786909624931,-0.22088353215951537,0.16827890716908298
444,rff,36,0.1,1,0.12821937723784071,0.3581344929534171,0.35802018448560424,0.020965862824519694,0.15296344457000957
444,rff,36,1.0,1,0.13082995141625592,0.3601710858467232,0.3632439042370347,0.05951900663646148,0.14988145973850586
444,rff,360,0.001,1,0.1762966601478924,0.4869417255014332,0.3620487851320383,-0.8644998319254762,0.18030111142126007
444,rff,360,0.01,1,0.1459364089700255,0.3736687322090864,0.39055022909534415,-0.24380178495673627,0.13375461425719162
444,rff,360,0.1,1,0.13436688089834825,0.3566319789605774,0.37676621510490327,0.008683038435604992,0.14120874060642233
444,rff,360,1.0,1,0.1315491167857249,0.35990538285722157,0.3655102786776376,0.057976787599000545,0.14844049646868787
444,rff,3600,0.001,1,0.17063669839726275,0.46687658258651893,0.3654856652949419,-0.703815275071214,0.17051890471648967
444,rff,3600,0.01,1,0.1452990821249574,0.3764608351628479,0.385960685823014,-0.1803120146410265,0.1369380947313794
444,rff,3600,0.1,1,0.13419025391806622,0.35813344212614995,0.37469344700514917,0.01897087845667408,0.1425877540830171
444,rff,3600,1.0,1,0.13152363374937265,0.36010718009566006,0.36523468850144636,0.05911058303719134,0.1486300551957721
444,rff_ens,36,0.001,-1,0.194646511724598,0.4964934756013839,0.3920424361847454,-0.9466579028900695,0.15980168769553021
444,rff_ens,36,0.01,-1,0.13924584162108863,0.3607715801083332,0.38596677038495,-0.2634159979802198,0.13575552948388173
444,rff_ens,36,0.1,-1,0.13165945481263902,0.3566467662866995,0.36915925576288905,0.01405116218255156,0.14591389362247306
444,rff_ens,36,1.0,-1,0.13121695212366072,0.360019405676327,0.3644718869449788,0.05878574240591356,0.14909963204426752
444,rff_ens,360,0.001,-1,0.1776306803031423,0.47893578634210504,0.3708862134938905,-0.7711532676266772,0.17037246072123324
444,rff_ens,360,0.01,-1,0.14750934087165965,0.37646069909048313,0.39183197934880704,-0.2155873871156472,0.13316465716419765
444,rff_ens,360,0.1,-1,0.1348126326247283,0.35773259179242045,0.37685309003926404,0.013059434058319854,0.14122346319970597
444,rff_ens,360,1.0,-1,0.1315998395067676,0.3600432551854569,0.3655111923676532,0.05845465769180985,0.14845165965264207
444,rff_ens,3600,0.001,-1,0.1686058283608528,0.46596195160666937,0.3618446265397596,-0.6903976929412021,0.17303848428406993
444,rff_ens,3600,0.01,-1,0.14412473804633016,0.3770104895453148,0.38228309833009855,-0.17697947789568744,0.13936104855489104
444,rff_ens,3600,0.1,-1,0.13403804653067775,0.35834032597076,0.37405236535286024,0.019015324467448344,0.14299956937666536
444,rff_ens,3600,1.0,-1,0.1315086563773829,0.36012909169240803,0.36517087736334986,0.05910197973885732,0.1486718519340477
444,linlev,11,0.0,0,0.2525993399867266,1.3152231646480061,0.19205815923591182,-0.3023703401207637,1.5531213947184226
444,linlev,11,0.001,0,0.25080751960106135,0.9619975816909014,0.2607153327352626,-0.1582120981194934,0.7514303951688868
444,linlev,11,0.01,0,0.2910542400588362,0.7833754133644618,0.37153864557582755,-0.35483689829675236,0.38098280410592605
444,linlev,11,0.1,0,0.24839936915262115,0.6128117565039728,0.4053436744910275,-0.29879606783289875,0.2051434325030927
444,linlev,11,1.0,0,0.07897917156982592,0.19361173174547475,0.407925546958349,-0.09902463841989666,0.15046654437511603
444,rff_lev,36,0.001,0,0.11432445057155007,0.5804080234579063,0.196972553705301,0.4324833623891052,0.38599632785313054
444,rff_lev,36,0.01,0,0.13019480753704354,0.38298845447864466,0.3399444709482833,0.12395858547606167,0.16794290440289178
444,rff_lev,36,0.1,0,0.1318863829738039,0.360501900740798,0.3658410197083277,0.06589298601471956,0.14828454780746347
444,rff_lev,36,1.0,0,0.13127326325452146,0.3604565241341347,0.3641861208362301,0.0641832083683085,0.1493167242307402
444,rff_lev,360,0.001,0,0.173408667115098,0.4388661410604116,0.39512883517534253,-0.014007161821239558,0.1405583966731262
444,rff_lev,360,0.01,0,0.1504817928564326,0.36099954979908666,0.4168475914725734,-0.023890268541606224,0.11670353452699449
444,rff_lev,360,0.1,0,0.1348370827716006,0.35762977590493145,0.3770297996871611,0.04394808370986102,0.14110760526439586
444,rff_lev,360,1.0,0,0.13158323389443352,0.3601439838152596,0.36536285432420496,0.061859188308780955,0.1485530440350062
444,rff_lev,3600,0.001,0,0.17502060700977917,0.42006554109917665,0.41665071253358804,-0.3713863819812473,0.12174773298088738
444,rff_lev,3600,0.01,0,0.14970727692922245,0.35735324142786257,0.41893359167820293,-0.08891059165072297,0.11540072936954829
444,rff_lev,3600,0.1,0,0.13439928000219878,0.35750495938751164,0.3759368268134118,0.039512293364410145,0.1417760777508084
444,rff_lev,3600,1.0,0,0.13152826832924075,0.3601468804907233,0.3652072958400334,0.06149425821634054,0.1486505995418368
444,rff_lev,36,0.001,1,0.21799943399413832,0.6676625359095564,0.32651140698969694,-1.050474181129142,0.321999822394098
444,rff_lev,36,0.01,1,0.1477038552936104,0.33618635424527155,0.4393511319791703,-0.18045340935303786,0.10413165836553238
444,rff_lev,36,0.1,1,0.13255527021710392,0.3527641317037145,0.3757617577980878,0.03856628383800934,0.14160456714822753
444,rff_lev,36,1.0,1,0.13130522118393506,0.359661149930759,0.36508035746761525,0.06161604144386057,0.14868843681523794
444,rff_lev,360,0.001,1,0.17067950533433193,0.4129988151237966,0.41326875304271915,-0.44047124541126215,0.12304217946959843
444,rff_lev,360,0.01,1,0.14844161536168074,0.35322085093357997,0.4202515649043433,-0.09933391153195173,0.11461832728549627
444,rff_lev,360,0.1,1,0.13419410712459712,0.3578284106767516,0.3750236233920031,0.04073637334994828,0.1423626909286537
444,rff_lev,360,1.0,1,0.1315059156786329,0.3602029999284498,0.36508834103201543,0.06167604097579665,0.14872985096209485
444,rff_lev,3600,0.001,1,0.17085335598689722,0.429224567592965,0.39805120416340656,-0.37933065374580804,0.13641956200698893
444,rff_lev,3600,0.01,1,0.1469440893102836,0.3563144279991729,0.41240005389460316,-0.07872746187377855,0.11936603366646936
444,rff_lev,3600,0.1,1,0.1338153222953773,0.35758750687558305,0.37421699506391376,0.042380740027478526,0.1428463962671864
444,rff_lev,3600,1.0,1,0.13146305506408687,0.3601651072583879,0.36500774898711463,0.06182286179414954,0.14877700450848558
444,rff_lev_ens,36,0.001,-1,0.1661619422828442,0.4598675204827361,0.3613256750735935,-0.3089954093700182,0.17146571819588874
444,rff_lev_ens,36,0.01,-1,0.13894933141532695,0.3478260801545566,0.3994793356311429,-0.028247411938488107,0.1270929112092266
444,rff_lev_ens,36,0.1,-1,0.13222082659545387,0.3564764672744773,0.370910393065715,0.05222963492636445,0.14481784081859894
444,rff_lev_ens,36,1.0,-1,0.13128924221922827,0.360057195442617,0.3646344077580088,0.06289962490608453,0.14900123997747575
444,rff_lev_ens,360,0.001,-1,0.1720440862247149,0.4143070727702881,0.41525742023743933,-0.22723920361625086,0.12186302100638219
444,rff_lev_ens,360,0.01,-1,0.14946170410905665,0.35617046873678926,0.419635307326698,-0.06161209003677894,0.1149744708806842
444,rff_lev_ens,360,0.1,-1,0.13451559494809887,0.3577053306929834,0.376051412729862,0.042342228529904664,0.14171803429764998
444,rff_lev_ens,360,1.0,-1,0.1315445747865332,0.3601732106360189,0.3652258716139455,0.061767614642288804,0.14864124254599168
444,rff_lev_ens,3600,0.001,-1,0.17293698149833825,0.42321880017271896,0.4086231080182669,-0.3753585178635276,0.12784906469614613
444,rff_lev_ens,3600,0.01,-1,0.14832568311975305,0.35671081248222536,0.4158149344776142,-0.08381902676225078,0.1172934210785948
444,rff_lev_ens,3600,0.1,-1,0.13410730114878805,0.35754326213344734,0.3750799283660802,0.04094651669594434,0.14230902552429286
444,rff_lev_ens,3600,1.0,-1,0.13149566169666382,0.3601559593569037,0.3651075548811219,0.06165856000524504,0.1487137760154377
445,ff,6,0.0,0,0.19297882057514143,0.6143407372172518,0.31412343164685425,0.824020144078578,0.2970413946649151
445,fm,6,0.0,0,0.15942353799193046,0.8387369527121294,0.19007572931706476,1.5259037061070926,0.6783921335468209
445,linrank,6,0.0,0,0.2152833367023805,0.5692280197909335,0.3782022831227632,0.714825555414196,0.20814444939204582
445,linrank,6,0.001,0,0.12198563547325021,0.4051099089996396,0.30111738262457244,0.3221907880606172,0.20336693190499752
445,linrank,6,0.01,0,0.06064332457648572,0.21270966313218082,0.28509905795300466,0.03578645574902753,0.19598003367251243
445,linrank,6,0.1,0,0.014006742402148666,0.05299054743843222,0.264325301006233,-0.0023976093945165746,0.24333437136623656
445,linrank,6,1.0,0,0.001654810037081118,0.006364698764167785,0.25999817091068445,-0.0004571311362568675,0.2650772969324442
445,rff,36,0.001,0,0.25209918765856926,0.6140848984098374,0.41052823202683525,0.44996504609033816,0.20479955677598113
445,rff,36,0.01,0,0.18121311211098687,0.3926958400670619,0.46145920995761136,0.30288116849739066,0.09296565980493982
445,rff,36,0.1,0,0.1362760456846418,0.3539025633357211,0.3850665686062489,0.3280322619226124,0.13960976281374207
445,rff,36,1.0,0,0.12831463168772608,0.35482337673665876,0.36162958841056875,0.33947115195692307,0.15407867922849855
445,rff,360,0.001,0,0.2557809715383364,0.6167601581928881,0.414717079468584,0.7589311449511563,0.2025987242785278
445,rff,360,0.01,0,0.17893665554887508,0.4014644401517427,0.44570985036991534,0.4020698767023145,0.10366238152760772
445,rff,360,0.1,0,0.13651196893604103,0.35639824687611577,0.38303209999653187,0.34172570941666824,0.14097495938707033
445,rff,360,1.0,0,0.12835925314709096,0.3550811749357943,0.36149270140919426,0.34089939861934887,0.1541839015880702
445,rff,3600,0.001,0,0.2418419310292345,0.6197947078638131,0.39019683124234456,0.7531621933540911,0.22729280666145824
445,rff,3600,0.01,0,0.1775271452476463,0.40321852007044273,0.4402752760875966,0.4096343894414712,0.10739044095227335
445,rff,3600,0.1,0,0.13649017655853196,0.35631691595994974,0.38305836867389575,0.34311257649796223,0.14095462899911412
445,rff,3600,1.0,0,0.12836019495181286,0.3550619213845243,0.3615149561836612,0.3410544337557879,0.15416858698170077
445,rff,36,0.001,1,0.2163133109702413,0.6105599435251158,0.35428677112576273,0.657630882292108,0.2552919404198073
445,rff,36,0.01,1,0.18376304457652798,0.4033481227344201,0.4555941486246228,0.3408053243198693,0.09727614473234886
445,rff,36,0.1,1,0.14006201454559075,0.3584153238119364,0.39078132334286714,0.3305048811014405,0.136298552390592
445,rff,36,1.0,1,0.12880873212042762,0.3552974847961733,0.3625376976544669,0.33965015616716315,0.1535541971520928
445,rff,360,0.001,1,0.24751153542783136,0.625271737790446,0.3958463504243375,0.7758145617439415,0.2255473046136531
445,rff,360,0.01,1,0.1753627892983526,0.3988205197802712,0.43970352727830586,0.40137387009698483,0.10742800549158789
445,rff,360,0.1,1,0.1358606679225081,0.35483863328488685,0.3828801465747687,0.34043392103014597,0.14099091013480927
445,rff,360,1.0,1,0.12828777130338664,0.3548821640291604,0.3614939952091966,0.34073627139766005,0.15416722922522563
445,rff,3600,0.001,1,0.24685047022565312,0.6163466209337514,0.40050591962633003,0.7618113893626708,0.21546104055576226
445,rff,3600,0.01,1,0.17660691790047733,0.40042145960199316,0.44105258013898474,0.4057610366119977,0.10665718217913088
445,rff,3600,0.1,1,0.13608288090566745,0.3558246389322828,0.382443670325948,0.34217026300909137,0.1413076315555296
445,rff,3600,1.0,1,0.12831057388517395,0.3550138194393397,0.3614241667769726,0.3409478057863424,0.1542209368132918
445,rff_ens,36,0.001,-1,0.2342062493144053,0.5843480511734704,0.4007992306025138,0.5537979641912232,0.19624638271933265
445,rff_ens,36,0.01,-1,0.18248807834375744,0.39533988136626264,0.46159794886641187,0.32184324640863,0.0929630330687621
445,rff_ens,36,0.1,-1,0.13816903011511625,0.3560816247331113,0.38802628531780065,0.32926857151202643,0.13789041334528063
445,rff_ens,36,1.0,-1,0.12856168190407682,0.35505942204085555,0.36208497486171104,0.33956065406204305,0.15381560464582672
445,rff_ens,360,0.001,-1,0.2516462534830839,0.6168084331530247,0.40798121419434724,0.7673728533475489,0.20882964235458304
445,rff_ens,360,0.01,-1,0.17714972242361385,0.3997784113229728,0.44311978187461004,0.4017218733996496,0.10524902668744476
445,rff_ens,360,0.1,-1,0.13618631842927453,0.35560591096416816,0.38296978264514014,0.341079815223407,0.14097330960141552
445,rff_ens,360,1.0,-1,0.1283235122252388,0.35498151335103323,0.36149350712340494,0.3408178350085044,0.15417544338032213
445,rff_ens,3600,0.001,-1,0.24434620062744386,0.6178415170724645,0.39548362140704985,0.7574867913583809,0.22108447394457267
445,rff_ens,3600,0.01,-1,0.1770670315740618,0.40179984882456304,0.4406846644966613,0.4076977130267346,0.1070054582577568
445,rff_ens,3600,0.1,-1,0.13628652873209968,0.356070134300898,0.382751923296466,0.34264141975352674,0.14113057021069458
445,rff_ens,3600,1.0,-1,0.12833538441849338,0.355037861911257,0.36146957321011375,0.3410011197710652,0.15419475466736146
445,linlev,11,0.0,0,0.07573209562962972,0.7496175160794973,0.10102764944142299,0.5396210386854047,0.6845412486823806
445,linlev,11,0.001,0,0.04724590585227275,0.4216112414536556,0.1120603560981334,0.008926871950374208,0.35384007205533796
445,linlev,11,0.01,0,0.04349034248121499,0.271747935066697,0.16003927489105246,-0.0996588104582039,0.2571013343597061
445,linlev,11,0.1,0,0.05751700519099587,0.21074082914111045,0.2729276781599968,0.03701015926171819,0.20102956179122097
445,linlev,11,1.0,0,0.026434117913112842,0.07935009860357094,0.333132767045147,0.03588256749930219,0.22247063413200413
445,rff_lev,36,0.001,0,0.21525522623891702,0.6122512357096047,0.35157989675502127,0.4582781886447676,0.25901960479326025
445,rff_lev,36,0.01,0,0.156575912364396,0.37948904997751254,0.4125966543004976,0.3494268075904356,0.12371979987677503
445,rff_lev,36,0.1,0,0.13168495696320134,0.3534052731122746,0.3726174083468355,0.3391323691892893,0.14720997024754787
445,rff_lev,36,1.0,0,0.12781527482107152,0.3548232511143977,0.36022237668935314,0.3407220348985674,0.1549494035868229
445,rff_lev,360,0.001,0,0.20705553822446596,0.4789353350511046,0.43232462311926134,0.6491483491967195,0.12648364384099417
445,rff_lev,360,0.01,0,0.1531178036563459,0.3604439100046327,0.4248034143630777,0.3514858009645871,0.11547293596326826
445,rff_lev,360,0.1,0,0.13152275348665307,0.3531739678613366,0.37240217415540555,0.3340547915682956,0.1473282485063142
445,rff_lev,360,1.0,0,0.1278038976861052,0.3548361704369592,0.3601771981946555,0.3400886724235907,0.15497841796190567
445,rff_lev,3600,0.001,0,0.19254752519809895,0.44144875413573564,0.4361718622925253,0.4727451029470564,0.11520017081169676
445,rff_lev,3600,0.01,0,0.1480275588842473,0.35508999344702347,0.416873360601562,0.3286163111131101,0.12028961308693083
445,rff_lev,3600,0.1,0,0.13054524021758793,0.3529588611649171,0.3698596481945009,0.33457473703415763,0.1488752062031161
445,rff_lev,3600,1.0,0,0.12769347725938648,0.35483153426254505,0.35987071308297025,0.3402256161666995,0.15516775654292117
445,rff_lev,36,0.001,1,0.15541931306449433,0.47104195022247863,0.32994792287839325,0.2330720165420295,0.20354072483383576
445,rff_lev,36,0.01,1,0.13296144839332322,0.3261504625032929,0.40766904750895705,0.2519107592777189,0.12647364338330472
445,rff_lev,36,0.1,1,0.12765651288027846,0.34802528993089743,0.36680240365757744,0.32547099571620364,0.15044843117167
445,rff_lev,36,1.0,1,0.127372621202829,0.3543094443166277,0.35949541635419346,0.3393194182258512,0.15535739377836782
445,rff_lev,360,0.001,1,0.204413669223325,0.5039944123417558,0.40558717362269725,0.5096800273200824,0.15531164661039362
445,rff_lev,360,0.01,1,0.14993549607699166,0.35970152900857133,0.4168330796097863,0.3278777282064383,0.12033852002096336
445,rff_lev,360,0.1,1,0.13079648087527435,0.35351479248466017,0.36998870671288786,0.334606809603572,0.14883113538426865
445,rff_lev,360,1.0,1,0.1277197074385611,0.3548930582455833,0.3598822362712432,0.34023579526307923,0.15516566080196134
445,rff_lev,3600,0.001,1,0.19683124352413353,0.44610242341373413,0.441224331439204,0.4229791906687846,0.11243109277458514
445,rff_lev,3600,0.01,1,0.14767230091325234,0.3559930019931551,0.414817988237004,0.32070099701487487,0.12153719331859689
445,rff_lev,3600,0.1,1,0.13035498943825025,0.35330384586212615,0.36896000698820636,0.33421206143806953,0.1494497211159038
445,rff_lev,3600,1.0,1,0.127670858295573,0.35487445567453924,0.35976344945115435,0.3402019688082177,0.15523767997707175
445,rff_lev_ens,36,0.001,-1,0.18533726965170566,0.4800171406967381,0.3861055240291862,0.3456751025933985,0.16243548880119885
445,rff_lev_ens,36,0.01,-1,0.14476868037885962,0.3461926676925566,0.41817373355643794,0.3006687834340772,0.11961364244499503
445,rff_lev_ens,36,0.1,-1,0.12967073492173992,0.3505668517272985,0.3698887509838184,0.3323016824527465,0.14871381640164308
445,rff_lev_ens,36,1.0,-1,0.12759394801195026,0.35456466775345674,0.35986086493161673,0.3400207265622092,0.15515209238448394
445,rff_lev_ens,360,0.001,-1,0.2057346037238955,0.47951117587911074,0.42905069594407763,0.5794141882584011,0.12913215673459386
445,rff_lev_ens,360,0.01,-1,0.15152664986666878,0.35915400799512875,0.4218988135828459,0.33968176458551264,0.11724229656543249
445,rff_lev_ens,360,0.1,-1,0.13115961718096372,0.3533270699237999,0.3712130440762724,0.33433080058593384,0.14806729837805627
445,rff_lev_ens,360,1.0,-1,0.1277618025623332,0.3548644177321175,0.36002990488265546,0.340162233843335,0.155071897261654
445,rff_lev_ens,3600,0.001,-1,0.19468938436111619,0.4431336750433074,0.4393468502299881,0.44786214680792047,0.11323631083805455
445,rff_lev_ens,3600,0.01,-1,0.14784992989874984,0.3554821972708163,0.41591373923604286,0.32465865406399247,0.12087100377004216
445,rff_lev_ens,3600,0.1,-1,0.13045011482791904,0.353129941852222,0.3694110846100665,0.33439339923611344,0.14916142785532185
445,rff_lev_ens,3600,1.0,-1,0.12768216777747973,0.35485297855219,0.35981709466953476,0.3402137924874584,0.15520270602074707
446,ff,6,0.0,0,0.10054894763678651,0.8034772603775463,0.12514224433624857,-0.17963935068513806,0.7325328985233901
446,fm,6,0.0,0,0.17845350619040867,0.6208417984568115,0.28743796992080695,0.5034592197118762,0.33832817518421143
446,linrank,6,0.0,0,0.22073374088189104,0.6566064641640619,0.3361735726481331,0.6325679452335258,0.3163329463642537
446,linrank,6,0.001,0,0.09747087973006152,0.39776347504440457,0.24504733552818117,0.1461057466289642,0.2507195899969201
446,linrank,6,0.01,0,0.04083168308382232,0.1731253185368334,0.23585044307159003,-0.09349966253401053,0.22792123107658352
446,linrank,6,0.1,0,0.009144961693684743,0.04021280238981217,0.22741418528944904,-0.03474559343490395,0.26135577139534194
446,linrank,6,1.0,0,0.0010750468612977832,0.0047670211305826365,0.22551753639203787,-0.004250403766164637,0.27581878147590827
446,rff,36,0.001,0,0.2692917622934729,0.6291740032797685,0.4280084060843335,0.42830949640570287,0.20773945003755898
446,rff,36,0.01,0,0.20344036983106226,0.47740656766647294,0.42613651258604035,0.3334813809338213,0.14036927024824794
446,rff,36,0.1,0,0.16893251993181188,0.45660986410379434,0.3699712450658117,0.2762589197601157,0.17711071940606418
446,rff,36,1.0,0,0.16341752032146434,0.45650219241856554,0.35797751475337336,0.267161815953451,0.18620949197033498
446,rff,360,0.001,0,0.2608460012840871,0.6573863863068782,0.39679252068101106,0.46725808568253846,0.2564504897016303
446,rff,360,0.01,0,0.19578434818135235,0.48370611063741853,0.40475888949046257,0.2999868415069865,0.15867941108036132
446,rff,360,0.1,0,0.16797838472473375,0.4575177129103659,0.36715165333422417,0.2692441407001581,0.1795274208942856
446,rff,360,1.0,0,0.16332262886896565,0.4565934752210708,0.3576981225802428,0.2663827406666331,0.1864516199594837
446,rff,3600,0.001,0,0.25441674042912643,0.6776273563657389,0.37545228662788654,0.4202363137977242,0.2930182260298391
446,rff,3600,0.01,0,0.19546563202440406,0.4872447493423066,0.40116518913389576,0.2966733846719454,0.16262798999782915
446,rff,3600,0.1,0,0.16802169216539084,0.4574257402500257,0.367320151405453,0.26828358845983924,0.17937120753291402
446,rff,3600,1.0,0,0.1633287571758132,0.45657144375907666,0.3577288054440794,0.26627071101436667,0.18642124680750757
446,rff,36,0.001,1,0.22445082286337922,0.6594117949331897,0.34038035805246725,0.42373222146905054,0.3142454364365911
446,rff,36,0.01,1,0.20304361943580812,0.49602869790516685,0.40933845217686776,0.3134846540151451,0.15912893664976277
446,rff,36,0.1,1,0.1715741767289548,0.4605047829021772,0.3725784901682584,0.2739665384694027,0.1762989947203808
446,rff,36,1.0,1,0.163762546173591,0.45690930915252925,0.35841367836723687,0.2669423901509361,0.18600419095460755
446,rff,360,0.001,1,0.251299446599749,0.6796642631819441,0.3697405619404722,0.4365064810548234,0.30044102429078734
446,rff,360,0.01,1,0.19222323918541867,0.4863838886931605,0.3952088949777783,0.2880562366709346,0.16701757747466844
446,rff,360,0.1,1,0.16749168395115085,0.4570288656965812,0.3664794425968438,0.2668072236190222,0.17989047535268451
446,rff,360,1.0,1,0.16327176064023916,0.4565233479526799,0.357641643899367,0.26610884611500774,0.18647270875029925
446,rff,3600,0.001,1,0.25642259730565686,0.6783747932795685,0.3779954677649428,0.4272125825974478,0.2910447089370529
446,rff,3600,0.01,1,0.19381623581587334,0.4847267464018418,0.3998463820174642,0.2855553187652464,0.1628372752936935
446,rff,3600,0.1,1,0.16762427949866068,0.45715166128076734,0.36667104966662567,0.2669048830303813,0.1797819764741797
446,rff,3600,1.0,1,0.1632836887224263,0.45654688204373384,0.35764933491931045,0.2661341446421648,0.18647423604409505
446,rff_ens,36,0.001,-1,0.24687129257842602,0.6315029666695005,0.3909265761337699,0.4260208589373769,0.24394384183716145
446,rff_ens,36,0.01,-1,0.20324199463343523,0.4843563003572177,0.41961257546054875,0.3234830174744832,0.1473693397937287
446,rff_ens,36,0.1,-1,0.17025334833038336,0.4584844919760905,0.3713393829234728,0.27511272911475915,0.17663253032180437
446,rff_ens,36,1.0,-1,0.1635900332475277,0.4567048516026825,0.35819639899478317,0.26705210305219357,0.1861059489425905
446,rff_ens,360,0.001,-1,0.25607272394191805,0.6667011784301826,0.3840892025192875,0.451882283368681,0.27586324836568266
446,rff_ens,360,0.01,-1,0.1940037936833855,0.4847961070347627,0.40017605518741156,0.29402153908896067,0.16260214497512607
446,rff_ens,360,0.1,-1,0.1677350343379423,0.45726757030375076,0.36682031534954546,0.2680256821595901,0.1797035989022521
446,rff_ens,360,1.0,-1,0.1632971947546024,0.45655834660316796,0.35766993631711497,0.26624579339082044,0.18646210314082673
446,rff_ens,3600,0.001,-1,0.2554196688673917,0.677764598995222,0.3768560193997272,0.423724448197586,0.2917097161429892
446,rff_ens,3600,0.01,-1,0.19464093392013876,0.4859680432788853,0.40052208496442027,0.29111435171859584,0.16271315938762537
446,rff_ens,3600,0.1,-1,0.16782298583202576,0.4572882319277625,0.3669960740615268,0.26759423574511026,0.17957610495143436
446,rff_ens,3600,1.0,-1,0.16330622294911973,0.45655915730625113,0.3576890756340192,0.26620242782826575,0.1864477356581527
446,linlev,11,0.0,0,0.564394907670843,1.583704305323204,0.35637644336368757,0.9125626115738367,1.975816118144636
446,linlev,11,0.001,0,0.49525907843139505,1.2484407464278842,0.3967021100908961,0.6705482490956708,1.0913126902296268
446,linlev,11,0.01,0,0.3543128557716219,0.8913688237163365,0.39749298645470255,0.29080151588679776,0.48939526309753406
446,linlev,11,0.1,0,0.22806122503727125,0.5702565625941076,0.3999274010978787,0.12189271333493976,0.1990270144548963
446,linlev,11,1.0,0,0.06876023288669555,0.17155438170346538,0.4008072087925377,0.02833522659610909,0.17458340471719017
446,rff_lev,36,0.001,0,0.15039739018608103,0.676032465886246,0.22247066195100157,-0.22055838825036111,0.45678948451715107
446,rff_lev,36,0.01,0,0.15869252680721,0.4707245503466218,0.3371239649394863,0.14938117866586723,0.20732486173135675
446,rff_lev,36,0.1,0,0.1619763723894217,0.45634330898679176,0.354944115974997,0.2502859883652037,0.1884778110728983
446,rff_lev,36,1.0,0,0.16267722981266344,0.4564978853155143,0.3563592188389373,0.26443220736918666,0.18744473575402204
446,rff_lev,360,0.001,0,0.21061351421157598,0.5372503846847391,0.39202115106006846,0.26811380401565715,0.18971399477158826
446,rff_lev,360,0.01,0,0.16955726872549598,0.4622764895662283,0.36678756664566275,0.27182429580265316,0.18127967771462372
446,rff_lev,360,0.1,0,0.1633347853585321,0.45652308744996584,0.3577799017151204,0.26491093182992026,0.186367005748193
446,rff_lev,360,1.0,0,0.16281789319027834,0.4565315264176274,0.3566410724531985,0.26592113189647665,0.1872399095578633
446,rff_lev,3600,0.001,0,0.19356538390605482,0.513011008819438,0.37731233945933335,0.21063229621072788,0.1914620801868166
446,rff_lev,3600,0.01,0,0.16626796115303455,0.45797168947441375,0.3630529243933182,0.2394857894746333,0.1827921759422573
446,rff_lev,3600,0.1,0,0.16301117114812178,0.45586608863501493,0.35758564897033873,0.2600441872865389,0.18630918537251653
446,rff_lev,3600,1.0,0,0.16278573603948462,0.45646140291825205,0.3566254123541701,0.2654110754747701,0.1872297311153369
446,rff_lev,36,0.001,1,0.1993141691229065,0.6898676156794704,0.2889165465849506,0.1923794479533041,0.39496012191290947
446,rff_lev,36,0.01,1,0.16599923889011653,0.44456473968606036,0.3733972222073679,0.19087052960209655,0.17114007228628994
446,rff_lev,36,0.1,1,0.16253811882673644,0.45269966720083116,0.35904183414084473,0.25266488660203495,0.18422438608429512
446,rff_lev,36,1.0,1,0.1627268653844369,0.456121061478753,0.35676244560352766,0.264635606916756,0.18701771965576558
446,rff_lev,360,0.001,1,0.18230957618531637,0.5402300440233025,0.3374665629989519,0.08843079763360996,0.23841112464594674
446,rff_lev,360,0.01,1,0.1652199738791992,0.4609025361618178,0.3584705244954267,0.21469131847843934,0.18723383483293107
446,rff_lev,360,0.1,1,0.16297232464903516,0.4562402442779723,0.3572072536190855,0.2574540227602731,0.18671548478455435
446,rff_lev,360,1.0,1,0.16278292591850205,0.4565011218149298,0.35658822758489495,0.2651527491609336,0.18727069833416427
446,rff_lev,3600,0.001,1,0.20153465701024528,0.5256781091021434,0.3833803491540971,0.16262998476159102,0.19182937332724218
446,rff_lev,3600,0.01,1,0.16758565023237718,0.45973616460115085,0.36452570655990907,0.229445797357184,0.18221598572352116
446,rff_lev,3600,0.1,1,0.1630992752603519,0.45614534455249256,0.35755988131450206,0.2591957816447759,0.18641639340895083
446,rff_lev,3600,1.0,1,0.16279328855161088,0.45649217984004803,0.3566179131669958,0.26533264792014927,0.18724518293163556
446,rff_lev_ens,36,0.001,-1,0.17485577965449375,0.5621237892448396,0.31106276411001216,-0.014089470148528517,0.27479113378686065
446,rff_lev_ens,36,0.01,-1,0.16234588284866322,0.4504336106877817,0.36042133401362303,0.17012585413398196,0.18249985260010793
446,rff_lev_ens,36,0.1,-1,0.16225724560807905,0.4544258612522381,0.3570598846662359,0.2514754374836192,0.1862607808932912
446,rff_lev_ens,36,1.0,-1,0.1627020475985502,0.4563084916266074,0.35656151613257203,0.2645339071429713,0.18723029560850074
446,rff_lev_ens,360,0.001,-1,0.1964615451984462,0.5276483146006427,0.37233426083648274,0.1782723008246336,0.20203178722805798
446,rff_lev_ens,360,0.01,-1,0.1673886213023476,0.46113883671062716,0.3629896421137631,0.24325780714054634,0.1838357296419264
446,rff_lev_ens,360,0.1,-1,0.16315355500378365,0.4563758081551334,0.3574982549213558,0.26118247729509664,0.18653584575434692
446,rff_lev_ens,360,1.0,-1,0.16280040955439024,0.45651626355557257,0.35661469820685204,0.265536940528705,0.18725524811532804
446,rff_lev_ens,3600,0.001,-1,0.19755002045815,0.5187611361125068,0.38081114159505225,0.1866311404861595,0.19098408098974473
446,rff_lev_ens,3600,0.01,-1,0.16692680569270588,0.45881654269095407,0.36382037298324504,0.23446579341590862,0.1824685619025291
446,rff_lev_ens,3600,0.1,-1,0.16305522320423685,0.4560051485380426,0.35757320663372694,0.25961998446565726,0.18636224988120256
446,rff_lev_ens,3600,1.0,-1,0.16278951229554775,0.45647678528407326,0.3566216673959467,0.26537186169745963,0.18723745120789928
447,ff,6,0.0,0,0.10720598968544243,0.6934981562477945,0.15458727426974808,0.1260592809712509,0.5483321954932024
447,fm,6,0.0,0,0.2140497529199789,0.7595684691828155,0.2818044213318453,0.859713076420738,0.46497340818243366
447,linrank,6,0.0,0,0.07111162763980934,0.7712142434257708,0.0922073577426787,0.4644583865619445,0.72791637548931
447,linrank,6,0.001,0,7.926465278204839e-05,0.4624782825547511,0.00017139108099127777,0.06928637391431218,0.4840389967326749
447,linrank,6,0.01,0,0.008050501402135132,0.13406575870587914,0.06004890047873273,-0.01171576826327772,0.27224879334650015
447,linrank,6,0.1,0,0.003796441758472802,0.026270389482968264,0.14451410250061683,-0.005067211930856882,0.2634230207372283
447,linrank,6,1.0,0,0.00048367285698278106,0.0031348130654547156,0.15429081316292861,-0.0006333529154159623,0.2693540731989839
447,rff,36,0.001,0,0.12519761050641218,0.6480802904836124,0.19318225279307114,0.214153351043162,0.4555986414975756
447,rff,36,0.01,0,0.15292666359392057,0.5056614859818627,0.30242893286004746,0.4285640623315925,0.24353813357607407
447,rff,36,0.1,0,0.16529948175156822,0.47664540544534195,0.3467975980952228,0.47797590055447275,0.19422715561691653
447,rff,36,1.0,0,0.16726487872967918,0.47623143414433017,0.35122603578281786,0.4815419908736355,0.19055551898482306
447,rff,360,0.001,0,0.15629385528949202,0.6269141706807295,0.24930662377559856,0.3794443208124423,0.37517279394313713
447,rff,360,0.01,0,0.1593841260575803,0.5034797918205016,0.31656509088730855,0.49737945251861904,0.23043830621615533
447,rff,360,0.1,0,0.1663954716799985,0.47796625622888994,0.34813225727030095,0.4868411197992881,0.1936596096496346
447,rff,360,1.0,0,0.16738515780826885,0.4763972279732545,0.35135627996908925,0.48244613379844464,0.19051315217912398
447,rff,3600,0.001,0,0.16450817890755112,0.6351444701391693,0.25900907060011874,0.3614065398993356,0.3717664389813044
447,rff,3600,0.01,0,0.16129117850443817,0.5023427910239519,0.3210779200706152,0.4911574699620895,0.2260921248687696
447,rff,3600,0.1,0,0.1665870335972123,0.4775198747030813,0.34885884844226644,0.485443288324221,0.19291376122530227
447,rff,3600,1.0,0,0.16740387439988166,0.47634571804212883,0.35143356612492144,0.4822886087522326,0.19043290938196084
447,rff,36,0.001,1,0.17229734888242143,0.6056183185068319,0.28449824521032513,0.5220378471425271,0.32217658429867196
447,rff,36,0.01,1,0.154107916232085,0.5115540142828702,0.3012544363435864,0.5542497394818269,0.24753228483070588
447,rff,36,0.1,1,0.16407485837488944,0.48093458649603904,0.3411583674409758,0.4982881567064283,0.20038027680963874
447,rff,36,1.0,1,0.1671043966659512,0.47672731790035466,0.3505240635294982,0.4837279159226431,0.19129537960621656
447,rff,360,0.001,1,0.17406227956604242,0.6193909943502721,0.2810216505466471,0.3777897093492774,0.3361296798384226
447,rff,360,0.01,1,0.1633766084955978,0.4988745468460239,0.32749036712434937,0.4945173431098667,0.21912587062371544
447,rff,360,0.1,1,0.1666666577094357,0.4772446021404642,0.34922690997850575,0.4857467153477739,0.19251822756593448
447,rff,360,1.0,1,0.16740785578591488,0.4763187950393179,0.3514617888888809,0.4823163053282447,0.19040063103527732
447,rff,3600,0.001,1,0.16720782922738434,0.6376037681253077,0.2622441045463256,0.3387440718039289,0.3703927227483182
447,rff,3600,0.01,1,0.1623514161734978,0.5011408176857882,0.3239636653889386,0.4827621457340258,0.2231086270578867
447,rff,3600,0.1,1,0.16672088366105733,0.47745269252267164,0.34918827827772836,0.48428890391454416,0.19262651724431948
447,rff,3600,1.0,1,0.16741698531146093,0.47634190278395344,0.3514639050921235,0.4821694427612824,0.190407442616255
447,rff_ens,36,0.001,-1,0.14874747969441682,0.5903045205479879,0.25198431405595956,0.36809559909284456,0.34340163822655884
447,rff_ens,36,0.01,-1,0.15351728991300276,0.503541346327135,0.30487524218769396,0.49140690090670974,0.24039822385773268
447,rff_ens,36,0.1,-1,0.16468717006322886,0.47866596112195614,0.3440544835843661,0.4881320286304504,0.19717998411434481
447,rff_ens,36,1.0,-1,0.1671846376978152,0.47647794680442856,0.35087591948182334,0.48263495339813944,0.19092401939804488
447,rff_ens,360,0.001,-1,0.16517806742776725,0.6197164543668342,0.2665381341157547,0.3786170150808598,0.35128750083719956
447,rff_ens,360,0.01,-1,0.16138036727658908,0.5008096045214183,0.32223896231144916,0.49594839781424294,0.22440450629060976
447,rff_ens,360,0.1,-1,0.16653106469471712,0.4775977875157689,0.34868474906663743,0.4862939175735311,0.19308147067944093
447,rff_ens,360,1.0,-1,0.1673965067970919,0.47635792604147026,0.3514090931332984,0.4823812195633446,0.1904568085167775
447,rff_ens,3600,0.001,-1,0.16585800406746776,0.6362241904950826,0.2606911314365524,0.3500753058516322,0.3708854478699932
447,rff_ens,3600,0.01,-1,0.161821297338968,0.5017281611307243,0.3225278345434666,0.48695980784805765,0.22458604318671038
447,rff_ens,3600,0.1,-1,0.16665395862913485,0.47748597927504055,0.3490237742313668,0.4848660961193826,0.19276984299329775
447,rff_ens,3600,1.0,-1,0.16741042985567128,0.47634380691075606,0.3514487381317754,0.4822290257567575,0.19042017261591127
447,linlev,11,0.0,0,-0.06618488330465881,0.882813722108647,-0.07497038349899313,0.48614040665073216,1.1864216312512539
447,linlev,11,0.001,0,-0.02053190340391392,0.49613427735563964,-0.0413837631081398,0.3860549027926218,0.5579459449529799
447,linlev,11,0.01,0,0.09247098024817953,0.34599839934223997,0.26725840473242485,0.35078238699952047,0.21363517195965387
447,linlev,11,0.1,0,0.10193132927140874,0.29188748300054307,0.34921445833708153,0.2469720523151237,0.16203699799717272
447,linlev,11,1.0,0,0.03532149842601645,0.09818130411417247,0.35975788613422777,0.08052492948356943,0.21055553779714745
447,rff_lev,36,0.001,0,0.1203325458733794,0.7163312914522089,0.16798448889400158,0.31998104174037906,0.5572567068837609
447,rff_lev,36,0.01,0,0.1495844194017662,0.5008451347885016,0.2986640161033673,0.4537269467076113,0.24436386668610519
447,rff_lev,36,0.1,0,0.16518217047483927,0.47723823238615803,0.3461209921278517,0.47856821916796843,0.19498849686472638
447,rff_lev,36,1.0,0,0.1672590853111275,0.47632774006108775,0.35114286077413204,0.48154519289206593,0.19065690486912482
447,rff_lev,360,0.001,0,0.17611575689546718,0.5751972473570905,0.30618324010534087,0.2753327973809524,0.2799484773236647
447,rff_lev,360,0.01,0,0.16890302869746396,0.49199133667615086,0.3433048838594549,0.450103006360972,0.20308900899319576
447,rff_lev,360,0.1,0,0.16769512959889185,0.47780645806935385,0.3509687380042712,0.47869018347353126,0.1913417665867483
447,rff_lev,360,1.0,0,0.16751847340212236,0.4764089703215465,0.35162745422080904,0.4815652037318285,0.19030235705013046
447,rff_lev,3600,0.001,0,0.17223819585984224,0.566092324373096,0.30425813678110347,0.4123896223518911,0.2759614820280649
447,rff_lev,3600,0.01,0,0.16896085711553954,0.4874229467058899,0.34664116299286624,0.4700418247083997,0.1985185439021531
447,rff_lev,3600,0.1,0,0.16775432819509395,0.4769029347426665,0.35175780221527264,0.48006599421810786,0.19038062532472905
447,rff_lev,3600,1.0,0,0.16752537941711892,0.47631068147003747,0.3517145130990668,0.4816887746239385,0.19019721711762475
447,rff_lev,36,0.001,1,0.20526665180186074,0.5909819506086877,0.3473315074858789,0.6831524226138191,0.251172118604036
447,rff_lev,36,0.01,1,0.18028808922128325,0.4763197677281713,0.37850221938336814,0.5198674720158306,0.1691194957216754
447,rff_lev,36,0.1,1,0.16925839852100988,0.47502114456622174,0.3563176091362685,0.48484646823060273,0.18608805413344218
447,rff_lev,36,1.0,1,0.1676802470017627,0.4761117998543738,0.3521867070991526,0.4821589189572115,0.18974997511217964
447,rff_lev,360,0.001,1,0.19473317049680347,0.5833874294575517,0.3337973371792931,0.5708169890066827,0.25910691746778164
447,rff_lev,360,0.01,1,0.17737073939340278,0.48853371028140347,0.3630675543172534,0.5107067747999884,0.18569544440803268
447,rff_lev,360,0.1,1,0.16898541286110955,0.47691486264281513,0.354330355578939,0.48549680812778845,0.18834438816779725
447,rff_lev,360,1.0,1,0.16765490525979543,0.47631022934194106,0.3519867828398804,0.4822541042189927,0.1899811492344143
447,rff_lev,3600,0.001,1,0.1761222241084751,0.5706616902141669,0.3086280840796886,0.4168895417170112,0.2747407122066171
447,rff_lev,3600,0.01,1,0.1690385874256384,0.4889069321120773,0.3457479866268043,0.469293232007339,0.1998382153753833
447,rff_lev,3600,0.1,1,0.1676927323537581,0.4772104164670954,0.3514020787627146,0.4798956764261691,0.1907765272820132
447,rff_lev,3600,1.0,1,0.1675176534381889,0.47634462135758515,0.3516732338884452,0.4816707133797769,0.1902424135539221
447,rff_lev_ens,36,0.001,-1,0.1627995988376201,0.5970334051580763,0.272680887587045,0.5015667321770992,0.3276647565016592
447,rff_lev_ens,36,0.01,-1,0.1649362543115247,0.4829844375330173,0.34149393126201816,0.486797209361721,0.20091678418291323
447,rff_lev_ens,36,0.1,-1,0.16722028449792456,0.47603820163297517,0.3512749269371688,0.4817073436992858,0.19044578188623637
447,rff_lev_ens,36,1.0,-1,0.16746966615644507,0.476218803096527,0.3516653795849801,0.48185205592463864,0.19020246311291136
447,rff_lev_ens,360,0.001,-1,0.1854244636961353,0.5705725346422357,0.32497965190771305,0.4230748931938173,0.2593976795533557
447,rff_lev_ens,360,0.01,-1,0.17313688404543337,0.489572005258454,0.35364947788228057,0.4804048905804802,0.19369471877944056
447,rff_lev_ens,360,0.1,-1,0.16834027123000073,0.4773493047475884,0.3526563662201525,0.48209349580065974,0.18983162112135657
447,rff_lev_ens,360,1.0,-1,0.16758668933095894,0.4763594787713616,0.3518071893167798,0.4819096539754107,0.19014163071487833
447,rff_lev_ens,3600,0.001,-1,0.17418020998415867,0.5678102995181445,0.3067577501358668,0.4146395820344512,0.2746982197412549
447,rff_lev_ens,3600,0.01,-1,0.16899972227058896,0.4881214595193514,0.3462247335673408,0.46966752835786946,0.19913537875022166
447,rff_lev_ens,3600,0.1,-1,0.16772353027442596,0.47705593545017744,0.35158042864753875,0.4799808353221384,0.19057784552766974
447,rff_lev_ens,3600,1.0,-1,0.16752151642765392,0.4763276433817149,0.35169387868889046,0.48167974400185776,0.19021980738105265
448,ff,6,0.0,0,0.12264945605124342,0.6505089045196378,0.18854385420259967,-0.1909335642370838,0.4656219327193449
448,fm,6,0.0,0,0.19158070246361716,0.6900024606100735,0.2776522018403078,0.7014964948510695,0.40236127717000153
448,linrank,6,0.0,0,0.08188742955223954,0.9009301430849732,0.0908920965523918,0.795616657405925,0.927321935626131
448,linrank,6,0.001,0,0.006782880365960821,0.5721018605421923,0.011856071154064333,0.6680462832909959,0.586496906462802
448,linrank,6,0.01,0,0.009123425621150812,0.15479617485360198,0.058938314398138486,0.1388105804903684,0.2785143622948967
448,linrank,6,0.1,0,0.0033533068439368778,0.02372850051317997,0.14131979566404912,0.009242971396611326,0.26658379360834655
448,linrank,6,1.0,0,0.00041158639475161776,0.00264999857139667,0.1553157043910001,0.000737724120916122,0.2719001399991122
448,rff,36,0.001,0,0.155134981275132,0.7018763316272575,0.22102893955044903,0.14122669475655353,0.47914340565633423
448,rff,36,0.01,0,0.16477861199558297,0.5316605223591419,0.30993200560464673,-0.22145897401639233,0.25297379890804716
448,rff,36,0.1,0,0.17088627886300578,0.49311739815873407,0.34654278981249337,-0.3395402558177075,0.20331045183729962
448,rff,36,1.0,0,0.17205817431764334,0.4906795084259675,0.35065286274045215,-0.35669847964735474,0.1989701675962098
448,rff,360,0.001,0,0.17151392223261092,0.6589978403151032,0.260264771354335,-0.13967761970786519,0.39338345548718934
448,rff,360,0.01,0,0.16796704790007827,0.5242515683132367,0.3203939826837468,-0.2695925953473084,0.23983466115182575
448,rff,360,0.1,0,0.1714582142673599,0.49349795500775595,0.34743449801056464,-0.3474640364319745,0.20273784319469595
448,rff,360,1.0,0,0.17212110071803885,0.49074466476242534,0.3507345327969373,-0.3575598321843238,0.19892991876192356
448,rff,3600,0.001,0,0.1748867105167215,0.6536169530545836,0.26756758633541244,-0.24490382116986978,0.3807431826951011
448,rff,3600,0.01,0,0.16869088252326592,0.5230629356654435,0.3225058994261493,-0.2921235074414235,0.23738580435972506
448,rff,3600,0.1,0,0.17158551234446537,0.4933610063853529,0.3477889620859981,-0.3501213870909883,0.20239176687197702
448,rff,3600,1.0,0,0.17213520443968533,0.49073113056012513,0.35077294616139104,-0.35783207793748195,0.19889328312176688
448,rff,36,0.001,1,0.18917494969284077,0.6082157022544538,0.3110326632338363,-0.5298110203056685,0.30007972356731233
448,rff,36,0.01,1,0.1624474909197866,0.5257765753472521,0.3089667713182111,-0.4411316318902717,0.25065133354327235
448,rff,36,0.1,1,0.16971883626607248,0.49556887470121247,0.34247275188216586,-0.37421841565037867,0.20767144131681764
448,rff,36,1.0,1,0.17191884068563099,0.4909848004367343,0.35015104445740075,-0.36042511472767036,0.19950060156415586
448,rff,360,0.001,1,0.18395925889244652,0.6445051741100767,0.28542712499780126,-0.3726310854523398,0.35402553149485205
448,rff,360,0.01,1,0.17022479204792837,0.5235153226577367,0.32515722975164524,-0.33739703127508797,0.23531130968216463
448,rff,360,0.1,1,0.1716469450227889,0.4939912777695807,0.3474695865032107,-0.35575801361975196,0.2029122870953282
448,rff,360,1.0,1,0.17213829861959382,0.4908065262362103,0.350725366143051,-0.35840781926096077,0.1989621637013433
448,rff,3600,0.001,1,0.17583242378856945,0.6574144427391766,0.26746054293536325,-0.22753422539474463,0.38416206409311293
448,rff,3600,0.01,1,0.1691935635112058,0.5232950128414755,0.32332347788389965,-0.29197480611730514,0.2367931262687956
448,rff,3600,0.1,1,0.17165667646405638,0.4935191080281853,0.3478217432145564,-0.3500182049221047,0.20242989252833535
448,rff,3600,1.0,1,0.17214228542998264,0.4907502049929038,0.35077374126103894,-0.3578186826687248,0.19890028016649608
448,rff_ens,36,0.001,-1,0.17215496548398632,0.6124388126009375,0.28109741241393493,-0.1942921627745574,0.33312482124569265
448,rff_ens,36,0.01,-1,0.1636130514576848,0.5231825625381328,0.3127264996446812,-0.3312953029533321,0.2459792423287195
448,rff_ens,36,0.1,-1,0.17030255756453916,0.494223634858478,0.3445860245297772,-0.3568793357340431,0.20537096812949765
448,rff_ens,36,1.0,-1,0.1719885075016372,0.4908308302235708,0.3504028209134649,-0.35856179718751247,0.19923405650015283
448,rff_ens,360,0.001,-1,0.17773659056252875,0.647489828928421,0.2745009768828002,-0.2561543525801025,0.36807631395831714
448,rff_ens,360,0.01,-1,0.16909591997400336,0.5234715566973934,0.32302790440198403,-0.3034948133111981,0.23714018176786697
448,rff_ens,360,0.1,-1,0.17155257964507442,0.4937374489734995,0.3474570948623389,-0.3516110250258632,0.2028179177044166
448,rff_ens,360,1.0,-1,0.17212969966881636,0.4907755188209578,0.35073000397889004,-0.35798382572264226,0.19894596493725134
448,rff_ens,3600,0.001,-1,0.1753595671526455,0.655305185092086,0.26759984682252025,-0.23621902328230715,0.3821728499880718
448,rff_ens,3600,0.01,-1,0.16894222301723585,0.523164331114064,0.32292381756508143,-0.29204915677936427,0.23707406692638638
448,rff_ens,3600,0.1,-1,0.17162109440426085,0.4934397771618585,0.3478055526682146,-0.3500697960065464,0.2024105458143658
448,rff_ens,3600,1.0,-1,0.17213874493483403,0.49074066470299915,0.3507733459158393,-0.3578253803031033,0.19889677852404003
448,linlev,11,0.0,0,-0.005078380878004505,1.1408089852963266,-0.004451561079425921,-0.7269239629557773,1.5843438135340113
448,linlev,11,0.001,0,0.1217252428330275,0.8184390243977124,0.14872854202254696,-0.44288122035915967,0.7139251066266108
448,linlev,11,0.01,0,0.1969737229307557,0.5863493622853653,0.3359323563737284,-0.49471025485870807,0.26137289720897217
448,linlev,11,0.1,0,0.15610741231421102,0.39069904777170966,0.3995592341587342,-0.35542544969968165,0.13751656637356457
448,linlev,11,1.0,0,0.04764268782351265,0.11864756276184686,0.4015479687445629,-0.11430866484227191,0.1937778150981765
448,rff_lev,36,0.001,0,0.1737773074551441,0.70191826088795,0.24757484900778906,-0.7638159486380781,0.44804930353686245
448,rff_lev,36,0.01,0,0.16372285847760812,0.5286750489977894,0.3096852381968431,-0.47023109155225284,0.25157288575850456
448,rff_lev,36,0.1,0,0.17077778868784263,0.49440928883305346,0.3454178401278155,-0.37283790263819416,0.20476614151065642
448,rff_lev,36,1.0,0,0.1720485152255723,0.4908461816137359,0.35051411556250694,-0.3601727966998832,0.19914975603779078
448,rff_lev,360,0.001,0,0.1808467814760785,0.6301016445820193,0.28701207659288686,-0.5025420980863805,0.3407561988158916
448,rff_lev,360,0.01,0,0.1693761477190312,0.5193322380783318,0.32614217893687525,-0.3845580599289552,0.2323580783783525
448,rff_lev,360,0.1,0,0.1715471093234534,0.4939071406564334,0.3473266434161219,-0.3617396056322712,0.2029945765545667
448,rff_lev,360,1.0,0,0.1721282758618307,0.4908047227666073,0.35070623381854243,-0.3590224205957253,0.19897698841033815
448,rff_lev,3600,0.001,0,0.1708863284790893,0.6036295214070335,0.2830980301970004,-0.40723230140462824,0.3245142003097959
448,rff_lev,3600,0.01,0,0.17058456160891425,0.5127778574985676,0.33266756571950995,-0.3372945366746827,0.22358722147512494
448,rff_lev,3600,0.1,0,0.1718790018554043,0.4929424049910702,0.3486796837016242,-0.3551687876976172,0.2014927230992085
448,rff_lev,3600,1.0,0,0.17216558054623637,0.4907022256354414,0.35085551186014746,-0.3583381696093928,0.19881462116875231
448,rff_lev,36,0.001,1,0.17180163581451727,0.7133300944878523,0.24084450823270706,0.47695222778898344,0.46746847503438443
448,rff_lev,36,0.01,1,0.1798669307712284,0.5078957433662289,0.3541414416649906,-0.1319294720654419,0.20329245826496595
448,rff_lev,36,0.1,1,0.17338581369785136,0.49131279529971267,0.35290311051655354,-0.3301319997220699,0.19739539671400735
448,rff_lev,36,1.0,1,0.17232486672082312,0.4905218157751305,0.35130928162392244,-0.35577069886109397,0.19837389889286097
448,rff_lev,360,0.001,1,0.17952260835862377,0.6178812380542106,0.2905454920818831,-0.28800688318734907,0.32767649542686694
448,rff_lev,360,0.01,1,0.1760705627261216,0.5127029142509955,0.3434163485950572,-0.3093435954886599,0.21444011678074024
448,rff_lev,360,0.1,1,0.172768720998995,0.49274755103451445,0.35062319566331734,-0.35169013988837766,0.19982785890097668
448,rff_lev,360,1.0,1,0.17226007581477587,0.4906798672130273,0.3510640793011987,-0.3579801120021826,0.19863623507118136
448,rff_lev,3600,0.001,1,0.17161471845560522,0.6127388356522979,0.28007808297789855,-0.3998647654002855,0.3343871762887467
448,rff_lev,3600,0.01,1,0.17014519158941874,0.5137381506421402,0.33119049339969786,-0.34045805885007985,0.22530201136019562
448,rff_lev,3600,0.1,1,0.1717951591816478,0.493051404482695,0.3484325521025413,-0.35560652324084446,0.20173906671013692
448,rff_lev,3600,1.0,1,0.172156404543474,0.49071343198187456,0.3508288001169549,-0.3583831823500636,0.19884081175864496
448,rff_lev_ens,36,0.001,-1,0.1727894716348306,0.6614560811076438,0.26122591744184337,-0.14343186042454714,0.39451752636529097
448,rff_lev_ens,36,0.01,-1,0.17179489462441822,0.5146396330430532,0.33381590455557936,-0.3010802818088475,0.22349376936169374
448,rff_lev_ens,36,0.1,-1,0.172081801192847,0.4927996562333492,0.34919221029521835,-0.35148495118013195,0.20101616599261435
448,rff_lev_ens,36,1.0,-1,0.1721866909731977,0.4906833423661451,0.3509120365547542,-0.3579717477804886,0.19876113797034237
448,rff_lev_ens,360,0.001,-1,0.18018469491735115,0.6192868892497982,0.2909551260412217,-0.3952744906368648,0.32832950653727516
448,rff_lev_ens,360,0.01,-1,0.17272335522257637,0.5156221915990082,0.33498045281359956,-0.3469508277088075,0.2229690123563826
448,rff_lev_ens,360,0.1,-1,0.1721579151612242,0.49331952976647925,0.3489785114380489,-0.3567148727603243,0.20140279677205783
448,rff_lev_ens,360,1.0,-1,0.17219417583830332,0.49074220826451614,0.3508851958083225,-0.3585012662989539,0.19880651838118632
448,rff_lev_ens,3600,0.001,-1,0.17125052346734732,0.6079137682814074,0.2817019985440999,-0.40354853340245694,0.32910096541207334
448,rff_lev_ens,3600,0.01,-1,0.1703648765991665,0.5132371727208596,0.33194181102666326,-0.33887629776238115,0.22442295433564444
448,rff_lev_ens,3600,0.1,-1,0.17183708051852614,0.4929965577129529,0.3485563495933743,-0.3553876554692308,0.2016155480137258
448,rff_lev_ens,3600,1.0,-1,0.17216099254485517,0.49070782509723354,0.3508421584896095,-0.3583606759797281,0.19882771276880323
449,ff,6,0.0,0,0.15923558156519857,0.6905191824904608,0.2306026908490675,-0.39155027296605316,0.45488376445040457
449,fm,6,0.0,0,0.2007855564739925,0.8161967246585703,0.2460014239312032,-0.5083616521418182,0.5761030358410639
449,linrank,6,0.0,0,0.11170160877151533,0.8994515980157198,0.1241885711448401,-0.6753345646875877,0.8692694247892461
449,linrank,6,0.001,0,0.009570926985203447,0.5938171415304311,0.01611763338548382,-0.6342649135177161,0.6047507620054214
449,linrank,6,0.01,0,0.015485493558421418,0.18995140638629646,0.08152344777552843,-0.2025358800642572,0.2765325659391373
449,linrank,6,0.1,0,0.004425782669258658,0.02966278629153479,0.1492032011342675,-0.03209952185364553,0.26323011886139575
449,linrank,6,1.0,0,0.0005199770563915631,0.0032573840489948784,0.1596302580753445,-0.0035429810946265464,0.2701531425712989
449,rff,36,0.001,0,0.20302502052469493,0.7229675591562879,0.28082175742660936,-0.5811424900538328,0.42903342525916394
449,rff,36,0.01,0,0.1772416890131947,0.5277308075803504,0.3358562480478431,-0.23880938785676423,0.22661325932436963
449,rff,36,0.1,0,0.16512581127102643,0.46709711910286095,0.3535149426487119,-0.22125851086307524,0.1863768454371542
449,rff,36,1.0,0,0.1633634818720006,0.46220826838543133,0.3534412797128355,-0.22571396804829552,0.18477936258630143
449,rff,360,0.001,0,0.21382939819515154,0.7165718716676303,0.2984060729282054,-0.44980743894028136,0.40272167816454874
449,rff,360,0.01,0,0.1799542528839192,0.5192054022168593,0.34659549402907935,-0.2712225057528431,0.21323149281144207
449,rff,360,0.1,0,0.16567390864243914,0.46682777990632085,0.35489299431941523,-0.22872533119359637,0.18521041856934964
449,rff,360,1.0,0,0.16342393870584102,0.46221124512938394,0.35356980261286103,-0.22655193842340257,0.18468095721160419
449,rff,3600,0.001,0,0.21129507312159995,0.7143891478840885,0.2957702727531958,-0.533495241571194,0.40358953205391673
449,rff,3600,0.01,0,0.1804409492576126,0.516977297316253,0.3490307024976197,-0.2795200497385141,0.2101247793512808
449,rff,3600,0.1,0,0.16593822075624415,0.4664515928589726,0.3557458550825746,-0.229704688845996,0.18441835583303257
449,rff,3600,1.0,0,0.16345575354317016,0.4621700785399294,0.35367013385971136,-0.2266569530966604,0.18458967353473002
449,rff,36,0.001,1,0.22645958394727408,0.6039154746278531,0.3749855624859154,-0.48252260672634023,0.23426089151910984
449,rff,36,0.01,1,0.1724275165038549,0.5000598902580935,0.34481373104101737,-0.2844354917255963,0.2061183250420142
449,rff,36,0.1,1,0.16429506949632658,0.4671526178730653,0.3516946351373521,-0.23351450529901105,0.18781651501090804
449,rff,36,1.0,1,0.16327617110702075,0.4622932262907804,0.3531874615967675,-0.22710429883941544,0.18500400866876654
449,rff,360,0.001,1,0.22543327846434585,0.703819315758761,0.32029993127044937,-0.5520207577766217,0.3664974511027225
449,rff,360,0.01,1,0.18238445569773606,0.514479526626106,0.35450284463949633,-0.2693571709645862,0.2043665773592098
449,rff,360,0.1,1,0.1660257955886082,0.46716502937987764,0.3553900338152312,-0.22794378671502707,0.18493835405621614
449,rff,360,1.0,1,0.16346157512681642,0.46226602281183776,0.35360932246874727,-0.2264659944563879,0.1846686278926817
449,rff,3600,0.001,1,0.21016323109228113,0.7151094376988808,0.29388960627978306,-0.563790354773082,0.40640584516169515
449,rff,3600,0.01,1,0.1804479515754176,0.5165563577383722,0.34932868189923955,-0.28059165922117363,0.20967824655396244
449,rff,3600,0.1,1,0.16591262020457034,0.46667087819187436,0.35552383480066746,-0.22958656958637377,0.1846656814434808
449,rff,3600,1.0,1,0.16345222332768564,0.4621990533557735,0.3536403247495831,-0.22664033934250116,0.1846223633354658
449,rff_ens,36,0.001,-1,0.21474230223598445,0.6275254245813484,0.3422049431371631,-0.5318325483900865,0.28160002615074375
449,rff_ens,36,0.01,-1,0.17483460275852483,0.5066741653545862,0.345063187968485,-0.2616224397911803,0.20879885839954843
449,rff_ens,36,0.1,-1,0.16471044038367652,0.4669201023523684,0.3527593683670001,-0.22738650808104316,0.1869052461418782
449,rff_ens,36,1.0,-1,0.16331982648951068,0.46224838732117807,0.3533161628447895,-0.22640913344385538,0.18488950008367258
449,rff_ens,360,0.001,-1,0.21963133832974874,0.7081319647894307,0.31015594444329037,-0.5009140983584516,0.3816083434306588
449,rff_ens,360,0.01,-1,0.18116935429082762,0.5165234624275555,0.3507475796730867,-0.27028983835871473,0.20846232934775086
449,rff_ens,360,0.1,-1,0.16584985211552367,0.4669890294914459,0.35514721255044307,-0.22833455895431176,0.18506743863815653
449,rff_ens,360,1.0,-1,0.16344275691632873,0.46223855265308383,0.35358962591550575,-0.2265089664398953,0.18467471627167065
449,rff_ens,3600,0.001,-1,0.2107291521069406,0.714545540638882,0.2949135361176919,-0.5486427981721382,0.4047060167378414
449,rff_ens,3600,0.01,-1,0.18044445041651508,0.5167491746765991,0.3491915599660976,-0.280055854479844,0.2098832241391345
449,rff_ens,3600,0.1,-1,0.16592542048040726,0.4665607930647833,0.35563515611858976,-0.22964562921618492,0.18454159358312536
449,rff_ens,3600,1.0,-1,0.16345398843542794,0.4621845608711016,0.3536552327220933,-0.2266486462195807,0.1846060135293064
449,linlev,11,0.0,0,-0.06487465633547751,0.9378818360193512,-0.069171460459054,-1.1073719932244432,1.2847625877977304
449,linlev,11,0.001,0,0.034361523215649684,0.5050275256832438,0.06803891167944265,-0.520304316947627,0.4586926853012398
449,linlev,11,0.01,0,0.07455252473449259,0.23531386230808218,0.31682164409373165,-0.2232700463785259,0.1830078590267493
449,linlev,11,0.1,0,0.05927200830018195,0.17939287798758924,0.33040335249141,-0.17050453074018201,0.18833317479734332
449,linlev,11,1.0,0,0.019860586311976194,0.0588742310974249,0.33733920497595893,-0.060699287888984224,0.2353216611091163
449,rff_lev,36,0.001,0,0.17682210876426854,0.6714741427224262,0.2633342038270612,-0.17437462959129504,0.39968158072122306
449,rff_lev,36,0.01,0,0.16804235475241608,0.48748546302203916,0.34471254529454326,-0.2006219405023347,0.20097781590081687
449,rff_lev,36,0.1,0,0.1638518439099587,0.4634600011809897,0.3535404209477217,-0.22166318769577892,0.18512112738455924
449,rff_lev,36,1.0,0,0.16323193396361446,0.4618817358430717,0.35340634040371305,-0.22585856524627845,0.18469775000078223
449,rff_lev,360,0.001,0,0.1952637055280782,0.6160854526554111,0.3169425680909448,-0.20383267012004322,0.29834400437112274
449,rff_lev,360,0.01,0,0.16795484755618914,0.4874212386385762,0.3445784349186474,-0.2344938471847755,0.20106081533830852
449,rff_lev,360,0.1,0,0.1635360937934497,0.4641704627281821,0.3523190442413315,-0.2281958561740475,0.18630830061271542
449,rff_lev,360,1.0,0,0.16319429878281488,0.46196680398802803,0.3532597956693098,-0.22657105863506244,0.1848393253335981
449,rff_lev,3600,0.001,0,0.1904833626807917,0.6524998495317224,0.2919285925008187,-0.15213191298631834,0.35225545549261905
449,rff_lev,3600,0.01,0,0.16964253819788122,0.4936206883798672,0.34366983027934256,-0.21371410941219107,0.20433711412417138
449,rff_lev,3600,0.1,0,0.1639093399562757,0.46430882289918185,0.3530179308952445,-0.22506790922358813,0.18581249059147453
449,rff_lev,3600,1.0,0,0.16323532709805402,0.4619694957254745,0.35334654908699137,-0.22623870046205188,0.1847731485546501
449,rff_lev,36,0.001,1,0.17756478082693222,0.7123808205695001,0.24925542027504505,0.5653764688164348,0.4550683390086264
449,rff_lev,36,0.01,1,0.17661564504439076,0.4928964982398292,0.3583219716007288,-0.028831870505447253,0.19209096971985093
449,rff_lev,36,0.1,1,0.16546945009208844,0.46390546604849126,0.3566878646667901,-0.20190950674082675,0.18283173591636936
449,rff_lev,36,1.0,1,0.16340618627931108,0.46192167752454805,0.3537530153488567,-0.22385880445030595,0.18444306107991956
449,rff_lev,360,0.001,1,0.2075448280289427,0.6634708253034298,0.31281681140090034,-0.0270602722580872,0.3393609513695925
449,rff_lev,360,0.01,1,0.17696277698358842,0.4930070735525336,0.35894571594768754,-0.17798341320788874,0.1916284608004999
449,rff_lev,360,0.1,1,0.16502181540054348,0.46403753758543603,0.35562169444139113,-0.21993717801189402,0.18370162080245928
449,rff_lev,360,1.0,1,0.16335293774394533,0.4619386012392435,0.3536247832627932,-0.2256994718629092,0.18454779385365574
449,rff_lev,3600,0.001,1,0.198737885016885,0.6607896951726601,0.3007581481199644,-0.057012453643411704,0.34984621391069176
449,rff_lev,3600,0.01,1,0.17134365886503689,0.4945214662936281,0.3464837636862047,-0.19763797876645384,0.20240502808548458
449,rff_lev,3600,0.1,1,0.16410436554667035,0.46445024673793256,0.3533303442064199,-0.22356406166269033,0.1856177591501613
449,rff_lev,3600,1.0,1,0.16325505799964093,0.46198454704853975,0.35337774616623285,-0.226091745666407,0.18475403543192892
449,rff_lev_ens,36,0.001,-1,0.17719344479560034,0.637586433756815,0.2779128215629264,0.19550091961256993,0.35470930355516417
449,rff_lev_ens,36,0.01,-1,0.1723289998984034,0.48672329886062654,0.35405948369804646,-0.11472690550389097,0.1931210698200481
449,rff_lev_ens,36,0.1,-1,0.16466064700102362,0.46362540726789103,0.35515880799405747,-0.21178634721830292,0.1839225686901665
449,rff_lev_ens,36,1.0,-1,0.16331906012146274,0.46190109586095024,0.35358015294821465,-0.22485868484829222,0.18456983327067958
449,rff_lev_ens,360,0.001,-1,0.20140426677851048,0.6346331045819177,0.31735543784970244,-0.1154464711890653,0.31169653830795196
449,rff_lev_ens,360,0.01,-1,0.1724588122698888,0.4898032358492571,0.35209814808770495,-0.2062386301963322,0.19591384299526635
449,rff_lev_ens,360,0.1,-1,0.16427895459699665,0.4640949455111469,0.35397703893556176,-0.22406651709297082,0.18499599993558347
449,rff_lev_ens,360,1.0,-1,0.16327361826338013,0.4619526012163818,0.353442361474877,-0.22613526524898594,0.18469345942173757
449,rff_lev_ens,3600,0.001,-1,0.19461062384883834,0.6560006317383875,0.2966622506644916,-0.10457218331486515,0.35017109181542116
449,rff_lev_ens,3600,0.01,-1,0.17049309853145903,0.494016032348725,0.3451165293581166,-0.2056760440893225,0.20331575555861645
449,rff_lev_ens,3600,0.1,-1,0.16400685275147298,0.46437858527414166,0.3531748834943649,-0.2243159854431393,0.18571422846481084
449,rff_lev_ens,3600,1.0,-1,0.16324519254884748,0.4619770112069431,0.3533621556673555,-0.2261652230642295,0.18476358243341565
450,ff,6,0.0,0,0.2113706642447288,0.6668798011463439,0.3169546654155513,0.6448860595251645,0.34464796857328406
450,fm,6,0.0,0,0.22606721987034606,0.8821540742177826,0.25626727402557514,0.7695977661703934,0.6551508290007447
450,linrank,6,0.0,0,0.26410212648238146,0.8934496840404785,0.29559820905417217,1.154307783014627,0.6177810883422802
450,linrank,6,0.001,0,0.10815563577343262,0.5789881381503942,0.18680112535455576,0.5236053318150782,0.40859670430404643
450,linrank,6,0.01,0,0.023470346506161234,0.19538838133992784,0.1201215054099281,0.12882993779781046,0.2697698538979303
450,linrank,6,0.1,0,0.002783580210976441,0.028355425904764454,0.09816746256344282,0.017582191708089095,0.27322768825757504
450,linrank,6,1.0,0,0.00028933923762814714,0.003025299186824308,0.09563987551653359,0.0018930113184690775,0.2774136278596044
450,rff,36,0.001,0,0.26465999691177544,0.7315834639078713,0.3617632299916284,1.4488726364411944,0.35392235498772595
450,rff,36,0.01,0,0.2105531549305915,0.5458138238154499,0.38576002611795995,1.0169967111752423,0.19912212164058204
450,rff,36,0.1,0,0.1707970412741756,0.468723733041808,0.36438744026418074,0.7883666857037176,0.18526255485880577
450,rff,36,1.0,0,0.1638421797207369,0.459618936314598,0.35647395434680457,0.754434133372042,0.1883925372156274
450,rff,360,0.001,0,0.24869441965685493,0.7268581303348727,0.3421498766785181,1.164522007721168,0.3707658868711531
450,rff,360,0.01,0,0.1894451218262486,0.5268411451364413,0.3595868006421292,0.8430225909539805,0.2125438729224382
450,rff,360,0.1,0,0.1667416024659907,0.46632880515068637,0.3575623050180461,0.7613274685476544,0.18976518175670817
450,rff,360,1.0,0,0.16339832221348094,0.45939482864405384,0.3556816751633146,0.7515744572909292,0.18892904604261465
450,rff,3600,0.001,0,0.24451233866283673,0.738514384650187,0.331086765193687,1.2849304660524072,0.3941481729504371
450,rff,3600,0.01,0,0.1872255158092895,0.5281809669775428,0.35447228793696756,0.8682106636450677,0.21756056621130415
450,rff,3600,0.1,0,0.16618776487961848,0.46635722231039184,0.35635293489463626,0.7632357309644404,0.19071497242000718
450,rff,3600,1.0,0,0.16333551506054472,0.459394323010265,0.35554534934227966,0.751745133453987,0.1890336745555601
450,rff,36,0.001,1,0.15385045225463756,0.6303138938743318,0.24408545289866534,0.8697144820200108,0.39124773214319997
450,rff,36,0.01,1,0.1585230129783352,0.5033869234259128,0.31491285450855816,0.741348209512695,0.23946498454576132
450,rff,36,0.1,1,0.16217175135398643,0.4648208027172357,0.3488909067880947,0.7459329999600083,0.1959976230504382
450,rff,36,1.0,1,0.16291324895904055,0.4592655147796322,0.3547256297638865,0.7499295055781516,0.1896221120166062
450,rff,360,0.001,1,0.24111226651263712,0.7549207119452797,0.31938753659485514,1.1794879918215688,0.42379894354405107
450,rff,360,0.01,1,0.18069900747629564,0.5334782052975289,0.3387186312054062,0.8305206650519696,0.23383618206029577
450,rff,360,0.1,1,0.1650693275987033,0.4681009552445996,0.35263616907692197,0.7571879565734082,0.1942108021998845
450,rff,360,1.0,1,0.16321714138507387,0.45959879243335505,0.3551296132022398,0.7511011846883372,0.18941967266046222
450,rff,3600,0.001,1,0.24068623070684034,0.73340543697907,0.3281762290967432,1.2655102360319406,0.39242400541114314
450,rff,3600,0.01,1,0.1850754521780367,0.5298435463191177,0.3493020788188826,0.8628284390632912,0.22281927240134686
450,rff,3600,0.1,1,0.16590778848499452,0.46697850266223034,0.35527928489033056,0.7624819134242832,0.19176180944114782
450,rff,3600,1.0,1,0.163307377078894,0.45946663832732315,0.35542814963325836,0.7516677236787581,0.18914720716890773
450,rff_ens,36,0.001,-1,0.2092552245832065,0.6567497817041326,0.31862245015176344,1.1592935592306026,0.3345806457998774
450,rff_ens,36,0.01,-1,0.1845380839544633,0.5180402366824097,0.3562234569582216,0.8791724603439688,0.2113268935251212
450,rff_ens,36,0.1,-1,0.16648439631408105,0.4665492338774539,0.35684207415891,0.7671498428318628,0.19039951940203756
450,rff_ens,36,1.0,-1,0.16337771433988868,0.4594395713935942,0.3556021825554197,0.752181819475097,0.18900463880797486
450,rff_ens,360,0.001,-1,0.24490334308474607,0.736963902616451,0.3323138924651032,1.1720049997713684,0.39126982522675907
450,rff_ens,360,0.01,-1,0.18507206465127207,0.529637185181303,0.3494317805271151,0.8367716280029752,0.2226061579210108
450,rff_ens,360,0.1,-1,0.16590546503234696,0.4671997561027082,0.3551060608770409,0.7592577125605312,0.19197237554783175
450,rff_ens,360,1.0,-1,0.16330773179927738,0.45949663309797106,0.3554057201643475,0.7513378209896334,0.1891741776777377
450,rff_ens,3600,0.001,-1,0.24259928468483852,0.7357847365716319,0.3297150275435489,1.2752203510421736,0.3930180923142005
450,rff_ens,3600,0.01,-1,0.18615048399366307,0.5289821627447302,0.3519031398483909,0.8655195513541795,0.22015623338833756
450,rff_ens,3600,0.1,-1,0.1660477766823065,0.46666695337427866,0.3558164457150494,0.7628588221943619,0.1912374263306517
450,rff_ens,3600,1.0,-1,0.16332144606971938,0.45943046995378034,0.3554867531666976,0.7517064285663726,0.1890904295113134
450,linlev,11,0.0,0,0.14912952524555276,1.071695286664553,0.13915291697296714,0.6476432276876132,1.1504944224503735
450,linlev,11,0.001,0,0.0746575828428312,0.4696673178832077,0.15895843717487773,0.41281919844419346,0.35482904866037435
450,linlev,11,0.01,0,0.031072406667863955,0.24679122871092884,0.1259056362341777,0.2006517287367884,0.2777096618715516
450,linlev,11,0.1,0,0.005869912660189054,0.16404214762499725,0.0357829542295908,0.08673504883228603,0.293187526934178
450,linlev,11,1.0,0,0.005611850717160226,0.04674582809567236,0.12005030065302791,0.04429315671145204,0.2689760340609978
450,rff_lev,36,0.001,0,0.22091306490835372,0.6519391848109798,0.3388553258574329,0.7769539088149006,0.30998422330499614
450,rff_lev,36,0.01,0,0.16738019744985105,0.483522514170779,0.3461683635081628,0.6353303275472818,0.20503282749117657
450,rff_lev,36,0.1,0,0.16325064236418677,0.4605083661831677,0.3545009262638535,0.7299288660975435,0.19020051301113308
450,rff_lev,36,1.0,0,0.1630276295917321,0.4587948526644698,0.35533883748900513,0.7482572437735235,0.18899853584074378
450,rff_lev,360,0.001,0,0.17689374315635542,0.6121270418215081,0.2889820757305089,0.7527101196316338,0.3301864955668027
450,rff_lev,360,0.01,0,0.15914799750003525,0.4823977640400657,0.32991031336293086,0.6976917248267336,0.21772276304155194
450,rff_lev,360,0.1,0,0.1621599045209862,0.4607578147425489,0.351941734534864,0.7411676334779601,0.1922568596211085
450,rff_lev,360,1.0,0,0.1629125815136317,0.45882833125746897,0.35506216686130093,0.7494640719072684,0.18922185393518243
450,rff_lev,3600,0.001,0,0.1993102713994508,0.6508250657282815,0.3062424634435677,0.9662759287296956,0.34266037784913933
450,rff_lev,3600,0.01,0,0.16497179913170895,0.491967781467135,0.33533049387855,0.7402375554945879,0.2172874644295262
450,rff_lev,3600,0.1,0,0.16285240440271817,0.4614248644827459,0.35293374271296496,0.7458917054384989,0.19171207255972691
450,rff_lev,3600,1.0,0,0.16298362717562184,0.4588867751004429,0.3551717678940461,0.7499448254358658,0.1891565509206593
450,rff_lev,36,0.001,1,0.1456480249799787,0.7167093551163012,0.20321769757888014,0.6420625151074302,0.5215726671143316
450,rff_lev,36,0.01,1,0.1589064621301156,0.4973306005283766,0.31951877073578294,0.67103767931393,0.23275913585089084
450,rff_lev,36,0.1,1,0.16242136344030308,0.4601061643195986,0.35300844899674516,0.737423581811707,0.19121872504859075
450,rff_lev,36,1.0,1,0.16294365811107622,0.4587109702048642,0.3552207570669265,0.7490710363861052,0.18906214386525114
450,rff_lev,360,0.001,1,0.20566673261061577,0.6907894330727927,0.2977270970920359,0.8519928307911284,0.38613845070902186
450,rff_lev,360,0.01,1,0.1729337648087628,0.49110319367731,0.3521332523086638,0.7387309614386623,0.20320397441595667
450,rff_lev,360,0.1,1,0.16425187197535,0.4606701387417245,0.356549856745627,0.7475666985670781,0.1886749804075229
450,rff_lev,360,1.0,1,0.16313387160203446,0.45880039085109003,0.3555661129656313,0.7501460468041525,0.18882578568740974
450,rff_lev,3600,0.001,1,0.1973347087735405,0.665492225983234,0.296524438706985,1.0906685464294865,0.3651345427662733
450,rff_lev,3600,0.01,1,0.1646307936934164,0.49265572247033956,0.33417006275275335,0.7667771647857455,0.21853444191056007
450,rff_lev,3600,0.1,1,0.16279622944371966,0.4613091253293101,0.3529005183400739,0.7488920555459667,0.19169933272824236
450,rff_lev,3600,1.0,1,0.16297753522356234,0.458872013243769,0.35516991779793494,0.750248181793889,0.18915320126130886
450,rff_lev_ens,36,0.001,-1,0.18328054494416623,0.6357780299684755,0.28827756906487323,0.7095082119611655,0.34922744183979015
450,rff_lev_ens,36,0.01,-1,0.1631433297899834,0.4846439971131999,0.33662509132838275,0.6531840034306061,0.21319196059535242
450,rff_lev_ens,36,0.1,-1,0.16283600290224493,0.4601873509294334,0.35384719413379684,0.7336762239546252,0.1905990261746361
450,rff_lev_ens,36,1.0,-1,0.16298564385140416,0.45875160261405284,0.35528081629073627,0.7486641400798142,0.18902913548230668
450,rff_lev_ens,360,0.001,-1,0.1912802378834856,0.6439676429029727,0.2970339270793238,0.802351475211381,0.34670504892629866
450,rff_lev_ens,360,0.01,-1,0.16604088115439902,0.485797627741601,0.3417902263670939,0.7182113431326981,0.20947021720759465
450,rff_lev_ens,360,0.1,-1,0.16320588824816812,0.4606943788277708,0.35426064599147655,0.7443671660225191,0.1904467663285394
450,rff_lev_ens,360,1.0,-1,0.16302322655783302,0.4588141458204782,0.35531429892229105,0.7498050593557102,0.1890236098691319
450,rff_lev_ens,3600,0.001,-1,0.19832249008649566,0.657476031830613,0.3016421595389654,1.028472237579591,0.3529446325153426
450,rff_lev_ens,3600,0.01,-1,0.16480129641256272,0.4922373979749905,0.3348004379401825,0.7535073601401668,0.21783760062182167
450,rff_lev_ens,3600,0.1,-1,0.16282431692321891,0.46136574379064116,0.35291808963845706,0.7473918804922329,0.19170454406106296
450,rff_lev_ens,3600,1.0,-1,0.1629805811995921,0.458879380934371,0.35517085310682467,0.7500965036148776,0.1891548638781807
451,ff,6,0.0,0,0.2060610075445909,0.6552948190080453,0.3144554200146377,-0.42660477144030984,0.33461784177026416
451,fm,6,0.0,0,0.2476385971825528,0.8335181706744762,0.2971004183174143,0.5100187908184505,0.5356676395043293
451,linrank,6,0.0,0,0.22678613785387092,0.824107250845826,0.27519007704532145,-0.1354572294459747,0.5518798557219656
451,linrank,6,0.001,0,0.061366228240813336,0.5238362850582612,0.11714772342276399,0.30070701392512833,0.43030522924088427
451,linrank,6,0.01,0,0.024564102291798222,0.19302026892775076,0.12726177633185656,0.19113527679274273,0.263599432965114
451,linrank,6,0.1,0,0.005089788380854103,0.031530910725586635,0.1614221810828906,0.03885499180291971,0.2657079457256058
451,linrank,6,1.0,0,0.0005766839762212667,0.0034766949015326482,0.16587132105467303,0.004458620017498801,0.27372647022977153
451,rff,36,0.001,0,0.25817762459009386,0.7468500434221975,0.345688705335115,0.43911509565321377,0.38295284222890125
451,rff,36,0.01,0,0.19927666575509703,0.56762795598668,0.35106915304885594,0.054533920812809666,0.23822677263225814
451,rff,36,0.1,0,0.18033199942112688,0.5059836885372794,0.35639883954053697,-0.06522718945831853,0.2027425424491253
451,rff,36,1.0,0,0.17774412517936494,0.49991961882075453,0.35554540867717943,-0.08013313072230166,0.2008917671693037
451,rff,360,0.001,0,0.25883504231813964,0.7159785368017356,0.3615122926370831,0.061581965234771524,0.33681817786667556
451,rff,360,0.01,0,0.20602161672633254,0.5545775196912945,0.3714929102085033,-0.08645561895688457,0.2128253166631822
451,rff,360,0.1,0,0.1816559957105642,0.5054259233242454,0.35941171065344546,-0.08625653481707543,0.2000096915350013
451,rff,360,1.0,0,0.177887804891275,0.49990445176822595,0.3558436102380427,-0.08234003941089937,0.20064034045454404
451,rff,3600,0.001,0,0.2660158958125284,0.7135255110660103,0.37281903966558877,0.14059015430574404,0.3227187383522636
451,rff,3600,0.01,0,0.20937643816778487,0.5550050328005064,0.3772514225885301,-0.07579765101293064,0.2079836211685169
451,rff,3600,0.1,0,0.1824329658432549,0.5054758379417967,0.36091332591897546,-0.08486372537331295,0.19878909629318525
451,rff,3600,1.0,0,0.17797548675255168,0.4999080950951188,0.35601641281421503,-0.08218611728263225,0.20049982213170198
451,rff,36,0.001,1,0.29582140805775936,0.6271079300420862,0.471723277423563,-0.08858298331607567,0.16399926348179408
451,rff,36,0.01,1,0.21399476236900855,0.5402905633179922,0.3960734776762338,-0.17302850904182232,0.18458554460419174
451,rff,36,0.1,1,0.1832515434763758,0.5055776478591074,0.36245974135202214,-0.0979460007250189,0.19755421745883744
451,rff,36,1.0,1,0.1780672327754696,0.49995567811500125,0.3561660374512439,-0.08353547586608523,0.200396572127172
451,rff,360,0.001,1,0.2809621151416297,0.7281448358244241,0.38586020434178764,0.15513901451552128,0.32207780000974373
451,rff,360,0.01,1,0.2125500835528287,0.5611908716966718,0.37874829095173473,-0.11494326777924382,0.2098799835986947
451,rff,360,0.1,1,0.18272720540180556,0.5074827570352071,0.3600658404027877,-0.09423618003945047,0.20034098768876465
451,rff,360,1.0,1,0.1780030055276563,0.5001427555884478,0.355904396372242,-0.08325102255639619,0.20068925309953925
451,rff,3600,0.001,1,0.26717433115125344,0.7142562378486114,0.3740594999296062,0.11754828056207303,0.3220628524396321
451,rff,3600,0.01,1,0.20874983194542382,0.556999156284057,0.37477584946101083,-0.09386073870391926,0.21119230675791367
451,rff,3600,0.1,1,0.18226274550165536,0.5061255632312898,0.3601136926141878,-0.08860367176122323,0.19972472136104805
451,rff,3600,1.0,1,0.17795597676056948,0.4999835529116455,0.3559236613369499,-0.0826026726924399,0.20060734753618872
451,rff_ens,36,0.001,-1,0.2769995163239267,0.6524321855215428,0.4245644566147487,0.17526605616856905,0.2232648743106201
451,rff_ens,36,0.01,-1,0.20663571406205286,0.5452926616565096,0.3789446082665545,-0.05924729411450631,0.20163839526863667
451,rff_ens,36,0.1,-1,0.1817917714487513,0.5055141896334898,0.3596175442286888,-0.08158659509166868,0.1998767194001436
451,rff_ens,36,1.0,-1,0.1779056789774173,0.49993453234016016,0.35585795232958345,-0.08183430329419346,0.20064102749412316
451,rff_ens,360,0.001,-1,0.26989857872988465,0.7188018929194412,0.3754839565512012,0.10836048987514646,0.32459166481558155
451,rff_ens,360,0.01,-1,0.2092858501395806,0.5575064110284713,0.375396311144649,-0.1006994433680642,0.21090968333769983
451,rff_ens,360,0.1,-1,0.18219160055618497,0.5064438115114702,0.35974691844380174,-0.09024635742826298,0.20016333062948732
451,rff_ens,360,1.0,-1,0.17794540520946564,0.5000234809557975,0.35587409789100716,-0.0827955309836478,0.20066465653374962
451,rff_ens,3600,0.001,-1,0.26659511348189086,0.713779856724733,0.37349767014327845,0.12906921743390848,0.32223182964498803
451,rff_ens,3600,0.01,-1,0.20906313505660434,0.5559797647495678,0.37602651807080334,-0.08482919485842495,0.20956204134783932
451,rff_ens,3600,0.1,-1,0.18234785567245507,0.5057998496064368,0.3605138590182264,-0.08673369856726812,0.19925593519569348
451,rff_ens,3600,1.0,-1,0.17796573175656064,0.4999458136131496,0.355970040973816,-0.0823943949875361,0.2005535729262083
451,linlev,11,0.0,0,0.35841509626930174,0.9495004946966784,0.3774775245207206,0.49942872232437135,0.5880497963347336
451,linlev,11,0.001,0,0.15688609440438242,0.5135674266032288,0.3054829537029599,0.16585760731997182,0.24945997768692615
451,linlev,11,0.01,0,0.19263445894620343,0.43815152637722315,0.43965260269424755,0.2910774154093168,0.11868329515814749
451,linlev,11,0.1,0,0.13950002702265635,0.3435910814576842,0.4060059604307186,0.22377808737993146,0.13338245296163745
451,linlev,11,1.0,0,0.03760619509048318,0.09780817913483855,0.3844892668806277,0.06984177248386123,0.210635693844257
451,rff_lev,36,0.001,0,0.2088045554840809,0.6608472183770887,0.31596494572053124,0.1600623730729103,0.3375766956698457
451,rff_lev,36,0.01,0,0.19152752688830585,0.5353289599476414,0.3577753890001364,-0.055614681743093065,0.21507225334832972
451,rff_lev,36,0.1,0,0.17961224976791235,0.503455360231964,0.3567590375543069,-0.07985859367240339,0.20137077868753014
451,rff_lev,36,1.0,0,0.1776769300289576,0.49971229147960206,0.3555584544516057,-0.08161548939920787,0.20079502387276196
451,rff_lev,360,0.001,0,0.18850353466869277,0.6414313411252615,0.29387952004029216,-0.028809352655830626,0.3448280968333243
451,rff_lev,360,0.01,0,0.18343416542691401,0.5318131076927862,0.34492223447203724,-0.09036556874394094,0.22447236191626674
451,rff_lev,360,0.1,0,0.17835073544273322,0.5030091381626449,0.35456758518185133,-0.08399251986634709,0.2029931252329915
451,rff_lev,360,1.0,0,0.177541855407963,0.49966814335748194,0.3553195411157975,-0.08204072507833284,0.20097307130245634
451,rff_lev,3600,0.001,0,0.20282506071657516,0.6496097981736152,0.3122259874879042,-0.023201365599441567,0.3323481919150646
451,rff_lev,3600,0.01,0,0.18859853510221572,0.5358398148666783,0.35196812530465044,-0.08804515628017437,0.22036406264499359
451,rff_lev,3600,0.1,0,0.17908534322290304,0.5035450534409117,0.3556490963403292,-0.08372839922740412,0.20232591276663678
451,rff_lev,3600,1.0,0,0.1776185047222576,0.49972332644993234,0.3554336876448639,-0.08201462864670064,0.20090214498380837
451,rff_lev,36,0.001,1,0.23165193864260408,0.6955224831932373,0.3330617546381231,-0.46809414197957444,0.3489776862293229
451,rff_lev,36,0.01,1,0.2084037640772275,0.5478975137627232,0.38036997584822124,-0.15234101005400996,0.2016837045248424
451,rff_lev,36,0.1,1,0.18252337426084006,0.504753957931906,0.3616086043360227,-0.09045564188220187,0.19791200988817426
451,rff_lev,36,1.0,1,0.17798833548736476,0.49983830574995547,0.35609182697654945,-0.08269676522493506,0.20040892670018634
451,rff_lev,360,0.001,1,0.21558493600679243,0.6890644874633115,0.3128661249115251,-0.07050141686989991,0.3649842787129114
451,rff_lev,360,0.01,1,0.19735870276031967,0.5398653785163243,0.36557021549095686,-0.08537525899884556,0.21055509716553816
451,rff_lev,360,0.1,1,0.180575333066484,0.5036958816859225,0.35850071368874326,-0.08237643729931186,0.20003374421682962
451,rff_lev,360,1.0,1,0.17777792928544547,0.4997323454645529,0.3557462927883575,-0.0818581669612855,0.20064896888400044
451,rff_lev,3600,0.001,1,0.20637332922527024,0.6499007163937014,0.317545932816378,-0.011616714091855574,0.32708165194439465
451,rff_lev,3600,0.01,1,0.19029258389516485,0.5352342713004886,0.355531388961324,-0.08710422848952283,0.21696924308010107
451,rff_lev,3600,0.1,1,0.17935267400666763,0.5034676863631318,0.356234727400772,-0.08372095076025854,0.2018091630822188
451,rff_lev,3600,1.0,1,0.17764682723386852,0.4997155052193047,0.3554959279398517,-0.0820157249062847,0.20084774512547507
451,rff_lev_ens,36,0.001,-1,0.22022824706334254,0.6575338798689021,0.334930645866113,-0.15401588445333206,0.3152622080637266
451,rff_lev_ens,36,0.01,-1,0.19996564548276666,0.538958399234042,0.37102241242914896,-0.1039778458985515,0.2053985427230944
451,rff_lev_ens,36,0.1,-1,0.18106781201437613,0.5040402336940069,0.35923285466195326,-0.08515711777730262,0.1995739039115974
451,rff_lev_ens,36,1.0,-1,0.17783263275816116,0.49977457129656155,0.3558256921651921,-0.08215612731207148,0.20060122008240583
451,rff_lev_ens,360,0.001,-1,0.20204423533774268,0.6575768817078043,0.3072556851649196,-0.04965538476286528,0.3440081759246547
451,rff_lev_ens,360,0.01,-1,0.19039643409361684,0.5350497729943218,0.35584807938164925,-0.08787041387139327,0.21660361171997378
451,rff_lev_ens,360,0.1,-1,0.1794630342546087,0.5033367709757869,0.3565466395524713,-0.08318447858282947,0.20149623538135264
451,rff_lev_ens,360,1.0,-1,0.17765989234670426,0.4997000717337879,0.3555330535180541,-0.08194944601980914,0.2008108325563541
451,rff_lev_ens,3600,0.001,-1,0.20459919497092272,0.6491423880469576,0.31518384677742295,-0.017409039845648566,0.32891569881057814
451,rff_lev_ens,3600,0.01,-1,0.18944555949869032,0.5354701627038139,0.3537929331899654,-0.08757469238484858,0.2185942143728073
451,rff_lev_ens,3600,0.1,-1,0.17921900861478535,0.5035051724343188,0.35594273589744324,-0.08372467499383134,0.20206631269777625
451,rff_lev_ens,3600,1.0,-1,0.17763266597806307,0.4997194029743147,0.35546481669672786,-0.08201517677649268,0.20087493198572082
452,ff,6,0.0,0,0.19187417446333838,0.5368651377472001,0.3573973442724984,0.5044446352422283,0.21599189407392871
452,fm,6,0.0,0,0.2426024910936605,0.7150520113463666,0.3392795030907834,0.3251147065175934,0.3596507334743106
452,linrank,6,0.0,0,0.24768321779166375,0.7375271236284913,0.33582930017964635,0.19409784581233458,0.3846271669263185
452,linrank,6,0.001,0,0.13199485575033845,0.4664039068858046,0.28300546758210665,-0.06227305697963747,0.24566590284851555
452,linrank,6,0.01,0,0.05140920332757337,0.193407148794241,0.26580818572671167,0.024044025809810514,0.21193119278264433
452,linrank,6,0.1,0,0.008825751668832787,0.039746871792402175,0.22204896312166827,0.016189170228871962,0.2587065724184336
452,linrank,6,1.0,0,0.0009690527960408467,0.004639532394811435,0.2088686345038942,0.002088915648032893,0.2727847267783799
452,rff,36,0.001,0,0.3304469978219696,0.7549269137852636,0.4377205154404711,0.7234795547819366,0.292916235929254
452,rff,36,0.01,0,0.24409216461081912,0.5784388049734153,0.4219844217091166,0.7815084829204691,0.18068847474812724
452,rff,36,0.1,0,0.20505686414682395,0.5531467445297901,0.37070970077051674,0.8131237067237345,0.2126062782702834
452,rff,36,1.0,0,0.19857929461284207,0.5535085290988552,0.35876465162360005,0.8176951034546719,0.22334720685472564
452,rff,360,0.001,0,0.29874577109811457,0.6986086408518642,0.4276296536124033,0.7660684549623443,0.25451189467196483
452,rff,360,0.01,0,0.23000318224741712,0.5738969614811824,0.40077435094585134,0.774369181053253,0.19695318979273568
452,rff,360,0.1,0,0.20232475987995788,0.5540665321805694,0.36516329380822543,0.811502502820452,0.21797587882946654
452,rff,360,1.0,0,0.19827798577155936,0.5536402157617141,0.35813508507282626,0.8175151575783748,0.223976044653483
452,rff,3600,0.001,0,0.2879126639791525,0.7010494704161523,0.4106880842635024,0.8471180875419017,0.2732391021383324
452,rff,3600,0.01,0,0.22546425599228825,0.5720348575276949,0.39414426066050084,0.7845150810354705,0.20182986501860742
452,rff,3600,0.1,0,0.20160793553361772,0.553942739574969,0.3639508583293431,0.8122900696220472,0.21898281537701145
452,rff,3600,1.0,0,0.19820153758666978,0.5536313954260691,0.3580027058150051,0.8175869636909394,0.22408886437609474
452,rff,36,0.001,1,0.23394353834150064,0.6777776387267943,0.3451626683656364,0.7851400683889331,0.3209253980531065
452,rff,36,0.01,1,0.2124258283132574,0.5708749570944582,0.37210570488925643,0.8371590547831024,0.22087166059195587
452,rff,36,0.1,1,0.20018340927394926,0.5555012126946975,0.36036538660802114,0.8223560234936148,0.22298854415222
452,rff,36,1.0,1,0.19805931729698528,0.5538261435383469,0.35762002138722015,0.8186752743971474,0.22453262388703266
452,rff,360,0.001,1,0.26767860551732314,0.6958922687566941,0.38465523693138204,0.7382645889546628,0.2952610425786889
452,rff,360,0.01,1,0.2192600644642755,0.5709013671859281,0.38405944891154564,0.7718327137066836,0.21018358604138657
452,rff,360,0.1,1,0.20072911270881086,0.5540648562952845,0.3622845059168197,0.8115942428806721,0.22052218429905654
452,rff,360,1.0,1,0.19810809432632967,0.5536477091244758,0.357823379490927,0.8175269844502451,0.22425678225002849
452,rff,3600,0.001,1,0.2864915002776372,0.6947428463747589,0.4123705652711358,0.8447386805620928,0.2664623698112564
452,rff,3600,0.01,1,0.22439086865799915,0.5705669671854229,0.3932770061416412,0.7853037939171474,0.20181655671056223
452,rff,3600,0.1,1,0.20143622023591,0.5538748948858767,0.36368541361206663,0.8126386282478041,0.21918187758224852
452,rff,3600,1.0,1,0.1981830752804088,0.553627836192163,0.35797165952403426,0.8176279776833517,0.22411452981989669
452,rff_ens,36,0.001,-1,0.2821952680817352,0.693512027853689,0.40690753259908885,0.7543098115854346,0.2709029339882855
452,rff_ens,36,0.01,-1,0.22825899646203818,0.5699730678010497,0.400473301909964,0.8093337688517858,0.19515384260661786
452,rff_ens,36,0.1,-1,0.20262013671038662,0.5541919691626123,0.3656136284626192,0.8177398651086747,0.2176437531103939
452,rff_ens,36,1.0,-1,0.1983193059549137,0.5536658188222529,0.35819315408846203,0.8181851889259097,0.22393814218302466
452,rff_ens,360,0.001,-1,0.2832121883077188,0.6935848671270032,0.40833097971247906,0.7521665219585033,0.2695451029444893
452,rff_ens,360,0.01,-1,0.22463162335584635,0.5719318346640027,0.39275943345208697,0.7731009473799686,0.2030025110482197
452,rff_ens,360,0.1,-1,0.20152693629438434,0.5540550121007413,0.36373091460770257,0.8115483728505619,0.21923655794368224
452,rff_ens,360,1.0,-1,0.19819304004894453,0.5536438427140298,0.35797930864249844,0.81752107101431,0.22411627364740852
452,rff_ens,3600,0.001,-1,0.2872020821283951,0.697724825224072,0.41162657790793256,0.8459283840519973,0.2696011715023548
452,rff_ens,3600,0.01,-1,0.2249275623251437,0.5712892332720539,0.39371923926672503,0.7849094374763088,0.20180903974211287
452,rff_ens,3600,0.1,-1,0.20152207788476395,0.5539084388279137,0.36381839264119264,0.8124643489349256,0.21908191875653935
452,rff_ens,3600,1.0,-1,0.19819230643353927,0.553629611286594,0.35798718564376475,0.8176074706871456,0.2241016920020102
452,linlev,11,0.0,0,0.15913234879334914,0.8708120100539881,0.18274018612063395,0.6156826065356745,0.7400723317463542
452,linlev,11,0.001,0,0.10301802756549387,0.4046520962439276,0.25458419348801237,-0.054312888759915905,0.24302034591339958
452,linlev,11,0.01,0,0.11518541080565713,0.2983661764557331,0.3860538489112104,0.33921196597829767,0.146619600550265
452,linlev,11,0.1,0,0.08078151266721448,0.24661251961001576,0.3275645242786517,0.37130317558790354,0.18048073032907236
452,linlev,11,1.0,0,0.024597332994833045,0.08095702349985517,0.30383198308763226,0.1235153984204662,0.23266477050104634
452,rff_lev,36,0.001,0,0.16430427277216159,0.6410841801349921,0.2562912607476358,1.0601902021419338,0.38407664257251833
452,rff_lev,36,0.01,0,0.19500006182110843,0.566383565420769,0.3442897600255085,0.8807595795188115,0.24351561169305933
452,rff_lev,36,0.1,0,0.19786697304257483,0.5537988790371053,0.35729030977203813,0.8234171746442965,0.22481095940493329
452,rff_lev,36,1.0,0,0.197819780512715,0.5536222816766591,0.357319036931846,0.8187050339160916,0.22469110335183629
452,rff_lev,360,0.001,0,0.22340994473910664,0.6507305901083813,0.3433217189035127,1.1896908932383632,0.3012427828792171
452,rff_lev,360,0.01,0,0.21019316182097972,0.5687127121764637,0.3695946254068604,0.9181724044363847,0.2219293586717481
452,rff_lev,360,0.1,0,0.19992085668123988,0.5542637104189342,0.36069627674186333,0.8315434826047502,0.22203526430734294
452,rff_lev,360,1.0,0,0.198035009007645,0.5536761548673127,0.35767299578776995,0.8196147771678453,0.22440549929231804
452,rff_lev,3600,0.001,0,0.23654783191848197,0.6474129820142711,0.36537393980349264,1.1629434009255717,0.2767031502752791
452,rff_lev,3600,0.01,0,0.21365477132278685,0.5685763634557017,0.3757714619444128,0.9126064430638939,0.21631826779022664
452,rff_lev,3600,0.1,0,0.2002121103197064,0.5543623363806517,0.36115749065288444,0.8305990070525879,0.22167863652296999
452,rff_lev,3600,1.0,0,0.1980606233588731,0.5536914848264897,0.3577093540113577,0.8195089823722622,0.2243813922232195
452,rff_lev,36,0.001,1,0.19929037590511492,0.6600409555192048,0.30193637870296713,1.434868627173206,0.3514903331271747
452,rff_lev,36,0.01,1,0.2121688922597708,0.581536832440955,0.36484170980057895,1.0262483960898048,0.2335633098549535
452,rff_lev,36,0.1,1,0.20048424740291407,0.5567921691775651,0.3600701635208849,0.847087025722322,0.2239433263546405
452,rff_lev,36,1.0,1,0.19809573778781123,0.5539594329626434,0.3575997194025035,0.8212319751208551,0.22462186716866583
452,rff_lev,360,0.001,1,0.24148506345353485,0.6739675424982736,0.3583036989561755,1.2303037413070708,0.30427752535154784
452,rff_lev,360,0.01,1,0.21731985925999828,0.5761381307311599,0.3772009656507269,0.9228519140576583,0.2192237164374817
452,rff_lev,360,0.1,1,0.20090513153550082,0.555368964397442,0.3617507358436506,0.8313324708779821,0.22168766346848015
452,rff_lev,360,1.0,1,0.19813575100341327,0.5537957020031506,0.3577776972387663,0.819574311459456,0.22437632142231997
452,rff_lev,3600,0.001,1,0.23434686755835335,0.6452726555749315,0.36317495485618034,1.1221105396677094,0.2773018872967274
452,rff_lev,3600,0.01,1,0.21335795633019103,0.5678678231823251,0.37571763642908196,0.9040443414244798,0.21597993752114364
452,rff_lev,3600,0.1,1,0.20018402643254263,0.554386264614098,0.3610912448775917,0.8294159870572715,0.22175009001273
452,rff_lev,3600,1.0,1,0.1980577011704179,0.5536976090100671,0.357700119970749,0.8193836104110083,0.22439286092183747
452,rff_lev_ens,36,0.001,-1,0.1817973243386383,0.6304864014099822,0.28834456053624247,1.2475294146575704,0.34166908886861835
452,rff_lev_ens,36,0.01,-1,0.20358447704043967,0.571536298763268,0.3562056819155155,0.9535039878043081,0.23563179406126306
452,rff_lev_ens,36,0.1,-1,0.19917561022274452,0.5552307101146773,0.3587258532252418,0.8352521001833092,0.22430121276285994
452,rff_lev_ens,36,1.0,-1,0.19795775915026315,0.5537901023168094,0.35745990822533064,0.8199685045184735,0.2246556015776271
452,rff_lev_ens,360,0.001,-1,0.23244750409632073,0.6590572588248799,0.35269697887977447,1.2099973172727172,0.29819367242402983
452,rff_lev_ens,360,0.01,-1,0.21375651054048894,0.5721094700120528,0.37362868776841895,0.9205121592470213,0.2201884384412377
452,rff_lev_ens,360,0.1,-1,0.20041299410837038,0.5548100336847583,0.3612281356509218,0.8314379767413662,0.22185392151432132
452,rff_lev_ens,360,1.0,-1,0.19808538000552914,0.5537358588439086,0.3577253971218197,0.8195945443136508,0.22439082717677533
452,rff_lev_ens,3600,0.001,-1,0.23544734973841758,0.6461348802114676,0.36439349886413835,1.1425269702966405,0.2767314064941946
452,rff_lev_ens,3600,0.01,-1,0.21350636382648888,0.5681979426020938,0.37576053663398484,0.9083253922441868,0.21612150976498098
452,rff_lev_ens,3600,0.1,-1,0.20019806837612444,0.5543736513060015,0.36112478993995284,0.8300074970549297,0.22171364313792816
452,rff_lev_ens,3600,1.0,-1,0.19805916226464548,0.5536945392472837,0.3577047419212327,0.8194462963916352,0.22438711806624156
453,ff,6,0.0,0,0.1887376192606522,0.536240033775972,0.3519648056331098,-0.22153915766054408,0.2177837205109096
453,fm,6,0.0,0,0.2428951995053021,0.7052200228118185,0.3444247066849327,0.6096887614407531,0.3426266557907974
453,linrank,6,0.0,0,0.2732431391411798,0.7129025361497193,0.38328260215895066,0.3887262197930487,0.30848925713804787
453,linrank,6,0.001,0,0.14601342461683256,0.439989777620288,0.3318564022249681,0.31694553753996124,0.19496777162900034
453,linrank,6,0.01,0,0.0538194391782889,0.18928207993591384,0.2843345719600652,0.06037532148252721,0.20316905574573282
453,linrank,6,0.1,0,0.009170776824528368,0.040120046450385964,0.22858340495366358,-0.008172459570811287,0.2554358639096691
453,linrank,6,1.0,0,0.0010117979630630588,0.004716036192764216,0.21454414718348724,-0.00142038854002882,0.2700833650903428
453,rff,36,0.001,0,0.3010963335151149,0.7156467914453402,0.4207331565156777,-0.0260238877147914,0.2727003614160053
453,rff,36,0.01,0,0.23349332623881713,0.5654395505896386,0.41294127019472027,0.02982520104085823,0.17933806257542434
453,rff,36,0.1,0,0.20177351033281193,0.5476774252523535,0.3684167011993249,-0.08925481543442276,0.20919978722142807
453,rff,36,1.0,0,0.1965449780117023,0.5484678266595375,0.35835279383435553,-0.11453962098482187,0.218440625522832
453,rff,360,0.001,0,0.2887045133297304,0.6763754097315974,0.4268406408274002,-0.02278789453895606,0.2355086605310614
453,rff,360,0.01,0,0.22593289559285956,0.566913155668621,0.39853175629059595,-0.0739761753856065,0.1926541044793883
453,rff,360,0.1,0,0.20005428069012338,0.5491157679003389,0.3643207723847988,-0.1118988757139887,0.2135249766829543
453,rff,360,1.0,0,0.19635194823522345,0.5486448699933891,0.35788532614474167,-0.11705312811865834,0.21894508075936334
453,rff,3600,0.001,0,0.28428535990315507,0.6847341452604122,0.4151762576335931,-0.1489669231728086,0.253191992018443
453,rff,3600,0.01,0,0.22323033851377788,0.5665622296618334,0.3940085074979643,-0.09276427892292011,0.19644756336878777
453,rff,3600,0.1,0,0.19957254814371136,0.5491572435805255,0.3634160351641562,-0.11374994186440235,0.21434148014609145
453,rff,3600,1.0,0,0.19629973152687952,0.5486526694622655,0.35778506594941545,-0.11723339207649486,0.21903756953581532
453,rff,36,0.001,1,0.2279154221049225,0.64105817435532,0.3555300146264036,-0.45960752437509284,0.27915387461517527
453,rff,36,0.01,1,0.20675470291011164,0.561582383937071,0.3681645094716501,-0.23611797630121276,0.21669657158764843
453,rff,36,0.1,1,0.19765073458894714,0.550010644237332,0.35935801726713484,-0.13557400845821432,0.21835974876400063
453,rff,36,1.0,1,0.1961053592701375,0.5487701706673495,0.3573542618609487,-0.11954304916124069,0.21947898989244582
453,rff,360,0.001,1,0.27292542613094223,0.6889134403044082,0.39616795110042485,-0.24439126063950584,0.2753228604829067
453,rff,360,0.01,1,0.2185241230628301,0.565847015730387,0.3861894063022713,-0.11391590340991473,0.2029710877296829
453,rff,360,0.1,1,0.19884682120353622,0.5491361636768394,0.36210840654187076,-0.11680152967725227,0.21548063843737456
453,rff,360,1.0,1,0.1962217582967875,0.5486496600704612,0.3576449099988277,-0.11756048746729059,0.21915960761492004
453,rff,3600,0.001,1,0.2829542900691367,0.6759515354762764,0.4186014458414784,-0.11876038698803086,0.24314872472697102
453,rff,3600,0.01,1,0.22205019810686252,0.5646664024449731,0.3932413849051367,-0.08372574646138999,0.19613773659969952
453,rff,3600,0.1,1,0.19936777129533376,0.5489777285954636,0.36316185686695857,-0.11249021696630762,0.2144722084184149
453,rff,3600,1.0,1,0.1962774264560799,0.5486358859535284,0.3577553555669258,-0.11710226184635558,0.2190550068640546
453,rff_ens,36,0.001,-1,0.26450587781001866,0.6522012905667303,0.40555865441507527,-0.24281570604494207,0.23840182347689906
453,rff_ens,36,0.01,-1,0.2201240145744644,0.559081340616228,0.3937244879820892,-0.10314638763017725,0.1928621943526686
453,rff_ens,36,0.1,-1,0.19971212246087947,0.5487254750211021,0.3639563525881484,-0.11241441194631854,0.21364403015718397
453,rff_ens,36,1.0,-1,0.19632516864091987,0.5486176415043644,0.35785427552525767,-0.11704133507303131,0.21895824741383668
453,rff_ens,360,0.001,-1,0.28081496973033626,0.6789241162451138,0.41361760911281703,-0.13358957758923082,0.25024875966716553
453,rff_ens,360,0.01,-1,0.2222285093278448,0.5659356341369971,0.39267453032308886,-0.09394603939776064,0.19729532997241084
453,rff_ens,360,0.1,-1,0.19945055094682976,0.5491163092283218,0.3632209562799536,-0.11435020269562049,0.21449183772384783
453,rff_ens,360,1.0,-1,0.19628685326600548,0.5486471574580587,0.3577651876944439,-0.11730680779297444,0.2190522219038468
453,rff_ens,3600,0.001,-1,0.2836198249861459,0.6801527641592457,0.41699429882746364,-0.1338636550804196,0.2478920340303223
453,rff_ens,3600,0.01,-1,0.22264026831032027,0.5656049208057998,0.3936321275160258,-0.0882450126921551,0.19628077517636552
453,rff_ens,3600,0.1,-1,0.1994701597195225,0.5490672145496918,0.3632891464537991,-0.11312007941535501,0.21440652755682343
453,rff_ens,3600,1.0,-1,0.19628857899147964,0.5486442744960796,0.35777021307980905,-0.11716782696142525,0.21904628448084384
453,linlev,11,0.0,0,0.09154963829277445,0.8025803509116133,0.1140691249029303,0.08087443731475738,0.7415009756393769
453,linlev,11,0.001,0,0.10493284413489222,0.39172345010488424,0.26787480838023964,0.09471375426397124,0.22667617115450628
453,linlev,11,0.01,0,0.09882614610527951,0.2758813121904085,0.35821979140461463,-0.07029491157386937,0.16030850964334412
453,linlev,11,0.1,0,0.07892718847327669,0.23720788613986932,0.33273425162069603,-0.21415224481868447,0.17672640166466744
453,linlev,11,1.0,0,0.02537109633472025,0.08103604071448035,0.31308410567727407,-0.08106842517524969,0.22855203603844354
453,rff_lev,36,0.001,0,0.15093715225254722,0.6530248905208884,0.23113537392449388,0.22770212665548445,0.419432923348812
453,rff_lev,36,0.01,0,0.19424481881434585,0.5577021062810918,0.3482949349243501,-0.09578761692695388,0.23235674764187217
453,rff_lev,36,0.1,0,0.19657383363632228,0.5486760392642854,0.35826939681912534,-0.1184046943561898,0.2186226971445589
453,rff_lev,36,1.0,0,0.19600526083707742,0.5486108708405999,0.3572755686316453,-0.11777484381929079,0.21946512449011682
453,rff_lev,360,0.001,0,0.22200435017013168,0.6347918692049436,0.34972777841055996,0.15796045324858496,0.2803216446468845
453,rff_lev,360,0.01,0,0.20975542580817752,0.5611404847303402,0.3738019827761615,-0.07655129148384064,0.21144882692699565
453,rff_lev,360,0.1,0,0.1982012077673933,0.5489859300444928,0.3610314890061572,-0.113598981546459,0.21635055089646313
453,rff_lev,360,1.0,0,0.19616702748943263,0.548642070281605,0.3575501007218508,-0.11723008885780699,0.2192392652620399
453,rff_lev,3600,0.001,0,0.2406639755523483,0.6185598904009725,0.38907142103304077,0.12257611803347185,0.23129123232080706
453,rff_lev,3600,0.01,0,0.21406556924219808,0.5588177361074242,0.3830686741142504,-0.08842967878828531,0.20205388792279644
453,rff_lev,3600,0.1,0,0.19859907008528505,0.5487740055727974,0.3618959135609785,-0.11595144494730691,0.21548005594456213
453,rff_lev,3600,1.0,0,0.1962040909011253,0.5486239243663962,0.35762948385402754,-0.11749136820798703,0.21915977015525112
453,rff_lev,36,0.001,1,0.18387775928860073,0.5864743217037596,0.3135307932228297,-0.051859873000777455,0.28209133808565934
453,rff_lev,36,0.01,1,0.20896261526096455,0.5611496508278473,0.372383044260454,-0.11760285134081358,0.21271277096296712
453,rff_lev,36,0.1,1,0.1985691550987226,0.5499732386110476,0.361052395204187,-0.118743627921719,0.21684565863147912
453,rff_lev,36,1.0,1,0.19621074558937468,0.5487658201160884,0.3575491373494569,-0.11776431681116104,0.2193047871176516
453,rff_lev,360,0.001,1,0.2446246284968477,0.6384533073272353,0.38315194813685394,0.058330595089152774,0.25029827379458974
453,rff_lev,360,0.01,1,0.21838117169081903,0.5667527928585386,0.38531997449781763,-0.10078967053393098,0.2042204172643499
453,rff_lev,360,0.1,1,0.1994309233867522,0.5499506285696022,0.3626342311953773,-0.11710634004603257,0.2154402365774683
453,rff_lev,360,1.0,1,0.1962944927914652,0.5487477457356436,0.35771352924341504,-0.11760482046624335,0.2191503270512581
453,rff_lev,3600,0.001,1,0.23807008073881786,0.6213933995714263,0.38312296349303726,0.10556288202181419,0.23875065518026523
453,rff_lev,3600,0.01,1,0.21320286754436835,0.5584571233861512,0.38177123832109655,-0.08446475271074418,0.20300778258511915
453,rff_lev,3600,0.1,1,0.1984835933376723,0.5488374936588651,0.3616436479484427,-0.11485563744095399,0.2157348408786141
453,rff_lev,3600,1.0,1,0.19619196956474413,0.54863432837248,0.35760060830817175,-0.11736743221872226,0.21919067234490688
453,rff_lev_ens,36,0.001,-1,0.16740745577057398,0.589076450784944,0.28418629797117784,0.08792112682735347,0.31230510585979476
453,rff_lev_ens,36,0.01,-1,0.2016037170376552,0.5566720562948125,0.36215885952587895,-0.10669523413388379,0.21940409919156312
453,rff_lev_ens,36,0.1,-1,0.19757149436752253,0.5492638107401762,0.3597023697980018,-0.11857416113895436,0.21766593672437065
453,rff_lev_ens,36,1.0,-1,0.196108003213226,0.548687653275537,0.3574128232018837,-0.11776958031522591,0.21938417963882206
453,rff_lev_ens,360,0.001,-1,0.23331448933348975,0.6297486838843205,0.37048825238410127,0.10814552416886887,0.25647377340398086
453,rff_lev_ens,360,0.01,-1,0.21406829874949815,0.5635105325031003,0.37988340306366924,-0.08867048100888585,0.207316455556415
453,rff_lev_ens,360,0.1,-1,0.19881606557707268,0.549461085839294,0.36183830065669526,-0.11535266079624582,0.21588687791307684
453,rff_lev_ens,360,1.0,-1,0.19623076014044885,0.5486948308071065,0.35763187317037753,-0.11741745466202506,0.21919470458281942
453,rff_lev_ens,3600,0.001,-1,0.23936702814558308,0.6196215187180237,0.3863116772329429,0.11406950002764302,0.23457704061449194
453,rff_lev_ens,3600,0.01,-1,0.2136342183932832,0.5585990095640401,0.3824464682814503,-0.0864472157495147,0.20248769225184857
453,rff_lev_ens,3600,0.1,-1,0.1985413317114786,0.5488048348758394,0.36177037645157817,-0.11540354119413052,0.21560644004188698
453,rff_lev_ens,3600,1.0,-1,0.19619803023293467,0.54862911581784,0.3576150528220923,-0.11742940021335464,0.21917520960845843
454,ff,6,0.0,0,0.19976264931294063,0.6155306542764534,0.3245372881514057,0.5614642891239635,0.2880466699730084
454,fm,6,0.0,0,0.24614850359266938,0.7968231395276058,0.308912343758739,-0.030007910130051583,0.4720080605065679
454,linrank,6,0.0,0,0.2891325048932597,0.7495772351731393,0.38572743584785507,0.3808914750348237,0.3359874932735054
454,linrank,6,0.001,0,0.15179502214644539,0.4587770968590143,0.3308687883194247,-0.22488221909284628,0.19871697524230048
454,linrank,6,0.01,0,0.05855346009846228,0.2081450051981395,0.2813109065130988,-0.17912705362771147,0.1984347968658772
454,linrank,6,0.1,0,0.010301985921630369,0.041874564902869206,0.24602013049034657,-0.03369165307870811,0.25004450444083937
454,linrank,6,1.0,0,0.001138185234754384,0.0048236443616453545,0.23595960842481073,-0.0037621607833527846,0.26653705872541356
454,rff,36,0.001,0,0.31564533431169023,0.7560433736373564,0.41749633065773367,0.8260205653672317,0.3087317574546795
454,rff,36,0.01,0,0.23875224263449432,0.5861001435783659,0.4073574204858924,0.8150831814437893,0.1918003925809589
454,rff,36,0.1,0,0.2033545365681989,0.5543298100747905,0.36684755694585897,0.8666147670039975,0.21071439892838853
454,rff,36,1.0,0,0.19701862864113842,0.5536476334086385,0.35585563226949096,0.8794827781174851,0.2200936509127103
454,rff,360,0.001,0,0.2878222490434887,0.7171965833102232,0.40131570024364055,0.7180747142952459,0.2903569542536988
454,rff,360,0.01,0,0.22670569796922976,0.5670527704576702,0.39979647359143455,0.8492529753902327,0.1883217882213414
454,rff,360,0.1,0,0.20058231530003023,0.5528634288361849,0.3628062643287324,0.8762467300486133,0.21351547173992963
454,rff,360,1.0,0,0.1967055812997229,0.553543209903926,0.35535722917432855,0.8805703004067411,0.220480874530124
454,rff,3600,0.001,0,0.2842349709831058,0.7176946029337198,0.3960388859289713,0.7108553231693883,0.2961939860281112
454,rff,3600,0.01,0,0.22399204303927017,0.5685732556593386,0.39395458862995714,0.8208705057657489,0.19425276250179155
454,rff,3600,0.1,0,0.20009952069172096,0.5532743888147895,0.3616641665275147,0.8717243990886497,0.21474219230035949
454,rff,3600,1.0,0,0.19665284852559875,0.5535886835558084,0.3552327826906776,0.8800893439432951,0.22061594252745362
454,rff,36,0.001,1,0.21443397750948143,0.657657228832074,0.32605735648993367,0.822325751377207,0.3184158725110227
454,rff,36,0.01,1,0.20455153035054824,0.5511983148404581,0.37110333040432963,0.9305846174484499,0.20534671633498153
454,rff,36,0.1,1,0.1978567418589798,0.5526221796480888,0.3580325747782608,0.8902305527300446,0.21761394620446212
454,rff,36,1.0,1,0.19642914220468222,0.5535531417530415,0.3548514630096993,0.8820780407374545,0.2209360704269319
454,rff,360,0.001,1,0.27521745752605903,0.7177373280007574,0.38345150348062795,0.7851055744894323,0.3092454720650231
454,rff,360,0.01,1,0.22115712927349643,0.5705271050705459,0.3876364984379668,0.8251931229685595,0.200886261086045
454,rff,360,0.1,1,0.19971101749897996,0.5537702401113794,0.36063876863229816,0.8716192168570475,0.21591280052989884
454,rff,360,1.0,1,0.19661178572546767,0.5536423739201267,0.35512416496110283,0.8800628316793705,0.2207413672195013
454,rff,3600,0.001,1,0.28253394497850964,0.705844218029907,0.400278046857272,0.7463992360360634,0.2817624664187171
454,rff,3600,0.01,1,0.22349887244838576,0.5682785951545187,0.3932910272427469,0.8217133322019178,0.19468342898408775
454,rff,3600,0.1,1,0.20005985656686343,0.5533865024865804,0.36151921969169254,0.8718250017348771,0.21492972039452335
454,rff,3600,1.0,1,0.19664926164300012,0.553603092856343,0.35521705745605275,0.8801025482674215,0.22063765942321162
454,rff_ens,36,0.001,-1,0.2650396559105859,0.675099227757449,0.3925936292224732,0.8241731583722192,0.2647145408871
454,rff_ens,36,0.01,-1,0.2216518864925213,0.5631381196493375,0.3936012831639643,0.8728338994461199,0.19173919378720847
454,rff_ens,36,0.1,-1,0.20060563921358934,0.5533001971652949,0.36256202372843127,0.8784226598670212,0.21396131842463437
454,rff_ens,36,1.0,-1,0.19672388542291033,0.553598320445419,0.3553549173787747,0.8807804094274698,0.2205124828344206
454,rff_ens,360,0.001,-1,0.28151985328477375,0.7143731998625239,0.3940795278139637,0.751590144392339,0.2953316560901205
454,rff_ens,360,0.01,-1,0.22393141362136307,0.5683012730037809,0.39403644555952505,0.8372230491793963,0.1940376538458198
454,rff_ens,360,0.1,-1,0.20014666639950512,0.5533066697496665,0.361728273563118,0.8739329734528303,0.21470249224565702
454,rff_ens,360,1.0,-1,0.19665868351259533,0.5535926798851974,0.35524075851829884,0.8803165660430559,0.22061099218255723
454,rff_ens,3600,0.001,-1,0.28338445798080775,0.7116382872299322,0.3982141813699879,0.7286272796027258,0.2887557530993781
454,rff_ens,3600,0.01,-1,0.22374545774382795,0.5684142601522709,0.39363097203769903,0.8212919189838335,0.1944547517021588
454,rff_ens,3600,0.1,-1,0.20007968862929223,0.5533301013000911,0.36159191079464104,0.8717747004117632,0.2148355717325453
454,rff_ens,3600,1.0,-1,0.19665105508429942,0.5535958842291095,0.3552249225229319,0.8800959461053584,0.22062679651694497
454,linlev,11,0.0,0,0.0919527451948697,0.669233984581999,0.13739999359462152,1.14852525609451,0.5412128092629988
454,linlev,11,0.001,0,0.01835168825983238,0.4712617637763214,0.038941602460544164,-0.7069568751633785,0.45450992412425667
454,linlev,11,0.01,0,-0.009811660147932824,0.4120274598935072,-0.02381312194694196,-0.7793485988775787,0.4582750828613859
454,linlev,11,0.1,0,0.011992322442545026,0.23011549631414296,0.052114362720595164,-0.2993107677419374,0.29790117874074634
454,linlev,11,1.0,0,0.010520163884630679,0.0691588639592357,0.15211591518957826,-0.04226718215031756,0.25264216072739626
454,rff_lev,36,0.001,0,0.27700949045107826,0.7014632056315129,0.3949023815179191,0.18824058351857598,0.2835547719370138
454,rff_lev,36,0.01,0,0.21576267770491037,0.5397263567579729,0.39976309291425594,0.6848676293970835,0.17512158404417302
454,rff_lev,36,0.1,0,0.19877871122864177,0.549037331343778,0.3620495363077181,0.8525394646760667,0.2121864109738996
454,rff_lev,36,1.0,0,0.19651343421786058,0.5531417158391285,0.355267788689098,0.8780629842321181,0.2203452853781976
454,rff_lev,360,0.001,0,0.25334624691675633,0.627867850682843,0.4035024991982429,0.5679964297155525,0.22049873109875226
454,rff_lev,360,0.01,0,0.211415389019075,0.5503589858381224,0.3841408870559603,0.7967242464892889,0.19354956815306956
454,rff_lev,360,0.1,0,0.1981752213715113,0.5514652085198872,0.35936124040065276,0.8684226738145889,0.21582571801487352
454,rff_lev,360,1.0,0,0.19644997483529952,0.5534077557601624,0.35498233046165983,0.8797340658597061,0.2207416532620565
454,rff_lev,3600,0.001,0,0.2615429002271166,0.6274939666812707,0.41680544214692783,0.6835813226853276,0.20785643261073988
454,rff_lev,3600,0.01,0,0.21436586883699835,0.5519092400270034,0.38840782739297863,0.8206620852452051,0.19061366345979502
454,rff_lev,3600,0.1,0,0.19846426275595813,0.551921926649831,0.3595875669601265,0.8718528932690113,0.2158662173805772
454,rff_lev,3600,1.0,0,0.1964776180110549,0.553463162200643,0.35499673949361654,0.8801021581268048,0.2207585564546895
454,rff_lev,36,0.001,1,0.2215775680344442,0.622459350997287,0.3559711452313132,0.6397058511995384,0.26218599241550006
454,rff_lev,36,0.01,1,0.21357122493562733,0.5690466757245711,0.375314071844257,0.7737477199295255,0.21107320358680096
454,rff_lev,36,0.1,1,0.19902711531178496,0.5542975216231897,0.35906188923406945,0.8643968837929711,0.2175921706677371
454,rff_lev,36,1.0,1,0.196546242196591,0.5537087296140416,0.35496323551480224,0.8793206863767987,0.22092016436358095
454,rff_lev,360,0.001,1,0.26819245613334264,0.6657120604520956,0.40286555113814354,0.6685147032084668,0.24750369487589036
454,rff_lev,360,0.01,1,0.22004954785931938,0.5556601258322493,0.3960146456968393,0.8072504043658941,0.18586974941872927
454,rff_lev,360,0.1,1,0.19937719393997094,0.5518243826836524,0.36130551711099196,0.8697900160831213,0.21429589309199498
454,rff_lev,360,1.0,1,0.19657435622574024,0.553444995496319,0.35518318500550555,0.8798867446927684,0.22058299429837044
454,rff_lev,3600,0.001,1,0.2457594702912885,0.6361927008222991,0.38629721776693865,0.7188887435956325,0.24240879541921517
454,rff_lev,3600,0.01,1,0.2108952823913876,0.5530511280979612,0.3813305346952154,0.8301262925934231,0.1973406718269615
454,rff_lev,3600,0.1,1,0.19808152692219622,0.5520346563836327,0.358820817917165,0.8731860455815442,0.21660436549639767
454,rff_lev,3600,1.0,1,0.19643911657672067,0.5534755119560689,0.35491925538399005,0.8802438811707969,0.22083410188739958
454,rff_lev_ens,36,0.001,-1,0.2492935292427612,0.624187310298888,0.3993889736774505,0.4139732173590574,0.22195886975931536
454,rff_lev_ens,36,0.01,-1,0.21466695132026878,0.5513444109023433,0.3893518226999704,0.7293076746633043,0.18951752296621913
454,rff_lev_ens,36,0.1,-1,0.19890291327021337,0.5516044209339375,0.36058977361610894,0.8584681742345188,0.2148128457451818
454,rff_lev_ens,36,1.0,-1,0.1965298382072257,0.5534245214975115,0.35511588405124433,0.8786918353044586,0.2206318680704225
454,rff_lev_ens,360,0.001,-1,0.2607693515250495,0.6414132753697852,0.4065543410755128,0.6182555664620096,0.22666180764965774
454,rff_lev_ens,360,0.01,-1,0.21573246843919716,0.5524802280662445,0.3904799800606258,0.8019873254275917,0.18909882964897032
454,rff_lev_ens,360,0.1,-1,0.19877620765574114,0.5516354257140075,0.36033981573691687,0.8691063449488552,0.21505007450555652
454,rff_lev_ens,360,1.0,-1,0.1965121655305198,0.5534262751316511,0.355082825591851,0.8798104052762374,0.22066220833091477
454,rff_lev_ens,3600,0.001,-1,0.2536511852592026,0.6310240182926375,0.4019675605145854,0.70123503314048,0.22401673111154607
454,rff_lev_ens,3600,0.01,-1,0.212630575614193,0.5524125640541881,0.3849126349583448,0.8253941889193144,0.19389911756692552
454,rff_lev_ens,3600,0.1,-1,0.1982728948390772,0.5519771231474767,0.3592049136175936,0.8725194694252777,0.21623396181224416
454,rff_lev_ens,3600,1.0,-1,0.19645836729388785,0.5534693244265383,0.3549580051205958,0.8801730196488009,0.22079631475753916
455,ff,6,0.0,0,0.20954355656353754,0.5549017820983059,0.37762278537143895,0.259892116645799,0.20355124850514936
455,fm,6,0.0,0,0.1834931701656381,0.7609212948325409,0.24114605730152447,0.7195900699995521,0.5164984918548423
455,linrank,6,0.0,0,0.2913480081410041,0.7796439043780111,0.37369369080546766,0.9134554948891542,0.380846134958564
455,linrank,6,0.001,0,0.15567726228881765,0.4487471401615541,0.3469153301629333,0.7689259017959545,0.18506875297833172
455,linrank,6,0.01,0,0.06084390189041715,0.20823499025257794,0.29218865579034886,0.338307066509702,0.19618985954095988
455,linrank,6,0.1,0,0.010665427843515832,0.042042446299032955,0.2536823801273703,0.0562572549013618,0.2513643347139129
455,linrank,6,1.0,0,0.0011731594318138137,0.0048158607062887115,0.24360327330104523,0.0060731824227038085,0.26849212171281944
455,rff,36,0.001,0,0.3247996719321911,0.7732834232517445,0.4200266838339449,1.187299866013497,0.32467660745786575
455,rff,36,0.01,0,0.23956472157101785,0.5904543971734204,0.4057294224885857,0.6291603424016899,0.19771207957984327
455,rff,36,0.1,0,0.201151364037638,0.5501278383259522,0.3656447647691213,0.2967716093626357,0.21161365343916375
455,rff,36,1.0,0,0.19427987901832877,0.5482665394397103,0.3543529744070632,0.23323108134477483,0.22059498338296663
455,rff,360,0.001,0,0.2900053804503666,0.711612595387918,0.4075326692219063,0.7030109471137032,0.2812987174632098
455,rff,360,0.01,0,0.22408173402845247,0.5584341980602939,0.40126792880306095,0.4035879800057589,0.18471178079058906
455,rff,360,0.1,0,0.1977456687053174,0.5470141057697565,0.3615001269977313,0.252357469041131,0.21365031575121668
455,rff,360,1.0,0,0.19389735243312003,0.5480006142946893,0.3538268888305498,0.2283213219880192,0.22092002344074232
455,rff,3600,0.001,0,0.2810336819247882,0.7067504066687071,0.39764205195077335,0.6204351804963727,0.2872225756120618
455,rff,3600,0.01,0,0.22105403238787785,0.5635871537917845,0.3922268825693383,0.38662778902814654,0.1952011721373622
455,rff,3600,0.1,0,0.19725325277577424,0.5479546025195514,0.3599810127860658,0.24966238353970588,0.21547045836048687
455,rff,3600,1.0,0,0.19384378340906314,0.5481001691564326,0.3536648852114082,0.22802824646946,0.22111551273657568
455,rff,36,0.001,1,0.19475854354093955,0.6195564575301363,0.3143515674380105,-0.4285869210216572,0.30307787902665295
455,rff,36,0.01,1,0.20151965951651238,0.5363454348907849,0.37572736972683934,0.15661758858781474,0.19605115142586382
455,rff,36,0.1,1,0.1952584745724445,0.5458230812155938,0.3577321687048989,0.22294855616184892,0.21634563049420588
455,rff,36,1.0,1,0.19365023626463712,0.547907503747026,0.35343599958077454,0.22533014897333803,0.2212164458974252
455,rff,360,0.001,1,0.2729159777809799,0.705650220586748,0.3867581555548163,0.5202957840356666,0.29740728093936697
455,rff,360,0.01,1,0.2181980680093619,0.5639384948286122,0.38691820120503556,0.3646252207084263,0.20005475857290747
455,rff,360,0.1,1,0.19685087747276991,0.5482967120078404,0.3590225386395442,0.24695612578098655,0.21649166917392065
455,rff,360,1.0,1,0.19380111893866303,0.5481385577443774,0.3535622812891801,0.22774825195760187,0.2212263860696901
455,rff,3600,0.001,1,0.28189100471713896,0.7009757389264138,0.40214088600109305,0.6118328469512726,0.2778613874286442
455,rff,3600,0.01,1,0.22139020267743043,0.5637382122762529,0.39271810541901125,0.3899938523358748,0.1948478602261707
455,rff,3600,0.1,1,0.19732729498765403,0.5480837262376632,0.36003129730235384,0.25045828912932716,0.2154931140974508
455,rff,3600,1.0,1,0.193852092093004,0.5481155028171059,0.353670149989697,0.22811606233792453,0.2211189256103275
455,rff_ens,36,0.001,-1,0.25977910773656526,0.6547337327257989,0.3967706179656398,0.3793564724959201,0.2474171018713856
455,rff_ens,36,0.01,-1,0.2205421905437651,0.5574407209038669,0.39563344096241326,0.39288896549475233,0.1891085058031871
455,rff_ens,36,0.1,-1,0.19820491930504128,0.54778191804223,0.3618318034546024,0.2598600827622423,0.21375425291971217
455,rff_ens,36,1.0,-1,0.19396505764148292,0.5480847316342917,0.3538961157759557,0.22928061515905643,0.2209030731125837
455,rff_ens,360,0.001,-1,0.28146067911567324,0.7039311659726002,0.3998411957322384,0.6116533655746851,0.28263171384350605
455,rff_ens,360,0.01,-1,0.22113990101890718,0.5606598467999054,0.39442792681001476,0.3841066003570927,0.19177638935758332
455,rff_ens,360,0.1,-1,0.19729827308904374,0.5476456603233785,0.36026629513058017,0.24965679741105873,0.21505970341591304
455,rff_ens,360,1.0,-1,0.1938492356858916,0.5480694802116978,0.35369463669280626,0.2280347869728105,0.22107308170279422
455,rff_ens,3600,0.001,-1,0.28146234332096365,0.7036823457791612,0.3999849435036073,0.6161340137238227,0.28227907958611614
455,rff_ens,3600,0.01,-1,0.22122211753265408,0.5636526420881627,0.39247951843726486,0.3883108206820107,0.19501316291234197
455,rff_ens,3600,0.1,-1,0.19729027388171413,0.5480188885955308,0.36000633917442504,0.2500603363345166,0.21548147842142665
455,rff_ens,3600,1.0,-1,0.19384793775103354,0.5481078328110671,0.3536675196865011,0.22807215440369227,0.22111721561615852
455,linlev,11,0.0,0,-0.5718341135682032,1.399024837362541,-0.40873764231822507,-0.6571726132181985,3.6987468478930756
455,linlev,11,0.001,0,0.14689230810601447,0.4113685501666847,0.35708200844837157,0.8118584427340504,0.16783068979397575
455,linlev,11,0.01,0,0.1589583950651813,0.3900404051090181,0.40754340571652237,0.6156965553486128,0.13029637060799487
455,linlev,11,0.1,0,0.1113112481364875,0.28464592397420047,0.3910516145194352,0.3120711854293798,0.14160487148290618
455,linlev,11,1.0,0,0.033240909237153664,0.09013033465842497,0.36880933997560006,0.0840007587560979,0.21356048855729728
455,rff_lev,36,0.001,0,0.189665205793697,0.6064404525548547,0.3127515735381144,0.3468674624433244,0.2952263729553605
455,rff_lev,36,0.01,0,0.20315476943857816,0.5384732323697528,0.37727923548682196,0.3970246556416403,0.19572961520626742
455,rff_lev,36,0.1,0,0.19519938210188884,0.5450962422383508,0.3581007663900483,0.25602934186546367,0.21564781963060461
455,rff_lev,36,1.0,0,0.1936348056041076,0.5478056995102509,0.35347351401641297,0.2287774558734822,0.22112978290809307
455,rff_lev,360,0.001,0,0.2281523865402725,0.6037857710661068,0.3778697635378571,0.18653876255984048,0.2311198675044221
455,rff_lev,360,0.01,0,0.20676712066270428,0.5415755639017716,0.38178812790786604,0.27229282882292055,0.19333636403631088
455,rff_lev,360,0.1,0,0.1953780602799517,0.545437889613579,0.3582040485276321,0.23479741194476683,0.21573282906402017
455,rff_lev,360,1.0,0,0.19365058938419796,0.5478412039885784,0.35347941698126684,0.2264966179616437,0.2211432285471588
455,rff_lev,3600,0.001,0,0.24599657805923603,0.6142753094203594,0.4004663288377366,0.3446333491049205,0.21666918782091227
455,rff_lev,3600,0.01,0,0.21036942089941388,0.5443169727021194,0.386483301917061,0.3035385202973508,0.1906112899813789
455,rff_lev,3600,0.1,0,0.19563867864287451,0.546022765697298,0.3582976588769779,0.2372540537172108,0.21595186771415953
455,rff_lev,3600,1.0,0,0.19367328337532208,0.547910436063461,0.3534761717020665,0.22671855392770923,0.221182491649038
455,rff_lev,36,0.001,1,0.1450514549877548,0.669212917476124,0.2167493352262285,-0.2942063200372045,0.4495968152945129
455,rff_lev,36,0.01,1,0.19394890912305765,0.565078281333237,0.3432248513700749,0.13746028784451678,0.23984569689748592
455,rff_lev,36,0.1,1,0.194199721282049,0.5487826702348187,0.3538736403592206,0.2168073943407277,0.22129038009103774
455,rff_lev,36,1.0,1,0.1935353874007245,0.5481979630776469,0.3530392311459795,0.22462575703915677,0.22172004985643295
455,rff_lev,360,0.001,1,0.2406669941116724,0.6469116113535945,0.3720245391918411,0.20959764847883153,0.26589511849455943
455,rff_lev,360,0.01,1,0.2139338416258862,0.5488895892938622,0.3897575137125641,0.2884182165851976,0.1899936583352744
455,rff_lev,360,0.1,1,0.19629453926882712,0.5462225133186535,0.35936735393093083,0.2361316598637914,0.21511537342430573
455,rff_lev,360,1.0,1,0.19374325737295395,0.5479255587362071,0.3535941229312677,0.22661218181533735,0.2210862247070117
455,rff_lev,3600,0.001,1,0.22841643667753211,0.6171266156328815,0.37012896687867586,0.21871900471817635,0.24700032667094327
455,rff_lev,3600,0.01,1,0.20637683293702586,0.5441150643729699,0.37928895274173574,0.26818791118406216,0.19671280633571875
455,rff_lev,3600,0.1,1,0.19519082583059813,0.546035492290916,0.35746911800854997,0.23283332054308717,0.21668643742766983
455,rff_lev,3600,1.0,1,0.19362806075796335,0.5479135389413244,0.3533916338918918,0.2262642548034694,0.22125882231122143
455,rff_lev_ens,36,0.001,-1,0.16735833039072595,0.6049944050562782,0.27662789769957924,0.02633057120305991,0.330124251878172
455,rff_lev_ens,36,0.01,-1,0.19855183928081793,0.547770032026729,0.3624729862387386,0.2672424717430785,0.2131850340657759
455,rff_lev_ens,36,0.1,-1,0.19469955169196893,0.5468526674916858,0.3560365766981087,0.23641836810309577,0.21837052374694052
455,rff_lev_ens,36,1.0,-1,0.193585096502416,0.5480008642490615,0.35325691824900723,0.2267016064563195,0.22142381555978816
455,rff_lev_ens,360,0.001,-1,0.2344096903259725,0.6158610795075662,0.38062104933372826,0.19806820551933596,0.23622726327805035
455,rff_lev_ens,360,0.01,-1,0.21035048114429525,0.5444493856904009,0.38635452013148247,0.28035552270405906,0.19078536796675333
455,rff_lev_ens,360,0.1,-1,0.1958362997743894,0.5458169725308442,0.35879481516731815,0.23546453590427913,0.21540929602233425
455,rff_lev_ens,360,1.0,-1,0.19369692337857594,0.5478832395616009,0.3535368658723092,0.22655439988849052,0.22111456732074083
455,rff_lev_ens,3600,0.001,-1,0.2372065073683841,0.6148091546026734,0.3858213652034528,0.2816761769115485,0.23065808074344524
455,rff_lev_ens,3600,0.01,-1,0.20837312691821985,0.5441435926953859,0.38293775708366756,0.2858632157407065,0.19357922741573103
455,rff_lev_ens,3600,0.1,-1,0.19541475223673632,0.5460278957039533,0.3578841919510405,0.2350436871301491,0.216317755564212
455,rff_lev_ens,3600,1.0,-1,0.19365067206664274,0.5479119741853379,0.35343391126753887,0.2264914043655893,0.22122064187330354
456,ff,6,0.0,0,0.1749163674814,0.5261577953590157,0.3324408932534174,-0.44806544346879135,0.22679281373013419
456,fm,6,0.0,0,0.23903814005196958,0.8495674053078017,0.28136453747935997,-0.98089487812721,0.5700155159199828
456,linrank,6,0.0,0,0.29993847155845077,0.8072053351051525,0.3715764236362221,-0.7015967716289446,0.4108543840891257
456,linrank,6,0.001,0,0.17352523405822592,0.4884971130514638,0.3552226398520083,-0.11577875155540068,0.1908777556611109
456,linrank,6,0.01,0,0.08072669371213309,0.23380029258660107,0.3452805504177521,0.10115328725090823,0.16891377592999268
456,linrank,6,0.1,0,0.015508496500829222,0.045483749248632264,0.3409678568064741,0.03200543351048762,0.2404800793707563
456,linrank,6,1.0,0,0.001724784962331375,0.0050829374496409695,0.33932838627656225,0.0037742955000082943,0.2657670286746066
456,rff,36,0.001,0,0.3036809957369644,0.7309271736757791,0.41547367052968487,-0.2953737300263228,0.28830247637851375
456,rff,36,0.01,0,0.2429143025781308,0.5819236557719023,0.4174332838487431,-0.364415564952066,0.18100168185067972
456,rff,36,0.1,0,0.202289598735131,0.5451469960384088,0.3710734906459588,-0.48362804450579255,0.20271491903884525
456,rff,36,1.0,0,0.1937613651805349,0.5456911419119443,0.35507515203866236,-0.5131196855499582,0.2169873460997026
456,rff,360,0.001,0,0.29143520618440044,0.7109792529685931,0.4099067658691221,-0.18208092082496602,0.2767433526497078
456,rff,360,0.01,0,0.2317922065799794,0.5552437365334525,0.41746028154612835,-0.36622215680595704,0.1676266082938733
456,rff,360,0.1,0,0.19873611579486428,0.5433034602682473,0.36579210391323763,-0.492651293150377,0.2063902495339383
456,rff,360,1.0,0,0.1933423314929085,0.545605547054304,0.3543628405846563,-0.5142841576715474,0.2175697946007092
456,rff,3600,0.001,0,0.3015642586114057,0.7199778834313441,0.4188521141429789,-0.15631177085242332,0.2753684249422995
456,rff,3600,0.01,0,0.23162452221572696,0.5610846119257478,0.41281567395111424,-0.3984466244890135,0.1744046040630628
456,rff,3600,0.1,0,0.19851895701024513,0.5445801131252386,0.36453581801029006,-0.4979940556385596,0.20812714934642923
456,rff,3600,1.0,0,0.19331624733261685,0.5457482410520976,0.35422239192185084,-0.5148539321435228,0.21776760689197636
456,rff,36,0.001,1,0.2997976656294439,0.6216641901164198,0.48225017685722,-0.2030347226112008,0.14593746179406625
456,rff,36,0.01,1,0.21971499783277326,0.5327444373042496,0.4124210079875397,-0.438730354066704,0.16184910754871676
456,rff,36,0.1,1,0.196882459232164,0.5417742278654857,0.36340314674592994,-0.5034485212748462,0.20770488573120607
456,rff,36,1.0,1,0.19315004561573804,0.5454689317065745,0.35409907767146626,-0.5154074806693304,0.21773099180998334
456,rff,360,0.001,1,0.30483075759239636,0.7254933556260852,0.4201702954665022,-0.35391699055195835,0.27878867211014535
456,rff,360,0.01,1,0.229957672180473,0.5620033001667536,0.40917494988417613,-0.44934173601436456,0.17800068349502413
456,rff,360,0.1,1,0.19822596863292513,0.5451295888937219,0.36363091028539113,-0.504607811570876,0.2091956535250355
456,rff,360,1.0,1,0.1932850990989942,0.5458138036072778,0.354122775608779,-0.5155382491641984,0.21788942700694974
456,rff,3600,0.001,1,0.30511111331652535,0.7187785713837003,0.4244855445943033,-0.15358430110001434,0.26870098697957784
456,rff,3600,0.01,1,0.23254890470369832,0.5619794423923892,0.4138032233238283,-0.404833704814237,0.17398986480613984
456,rff,3600,0.1,1,0.1986740641723984,0.5447351234630005,0.36471682403988176,-0.4990946373887908,0.20804739762721797
456,rff,3600,1.0,1,0.1933329506637329,0.5457642144384551,0.354242629965499,-0.5149713954311754,0.21775809370948965
456,rff_ens,36,0.001,-1,0.30173933068320413,0.6606539787948439,0.4567282425720541,-0.2492042263187618,0.1932194294751839
456,rff_ens,36,0.01,-1,0.23131465020545203,0.5517640623137547,0.4192274669638006,-0.4015729595093851,0.16450853491272974
456,rff_ens,36,0.1,-1,0.19958602898364755,0.543216446126031,0.3674152916521637,-0.4935382828903193,0.2049344198029478
456,rff_ens,36,1.0,-1,0.19345570539813642,0.5455770231361553,0.35458917292024084,-0.5142635831096442,0.21735577479191262
456,rff_ens,360,0.001,-1,0.29813298188839843,0.7134803713378762,0.4178573004459213,-0.26799895568846216,0.27085933886029134
456,rff_ens,360,0.01,-1,0.2308749393802262,0.557927467885355,0.41380816086234934,-0.40778194641016086,0.1720242057573207
456,rff_ens,360,0.1,-1,0.1984810422138947,0.5442018078338638,0.3647195568936585,-0.4986295523606265,0.20777603480315626
456,rff_ens,360,1.0,-1,0.1933137152959514,0.5457095131516209,0.35424289047026525,-0.5149112034178729,0.21772942213678662
456,rff_ens,3600,0.001,-1,0.30333768596396554,0.7192496584174211,0.42174185613296683,-0.15494803597621887,0.27184623839460526
456,rff_ens,3600,0.01,-1,0.2320867134597126,0.5615142122934438,0.4133229549289227,-0.40164016465162533,0.1741768137156183
456,rff_ens,3600,0.1,-1,0.19859651059132177,0.544657113891677,0.3646266715811578,-0.4985443465136751,0.20808671201220283
456,rff_ens,3600,1.0,-1,0.1933245989981749,0.5457562219516362,0.3542325148522208,-0.514912663787349,0.21776284384336494
456,linlev,11,0.0,0,-0.5573383356206479,1.6130422464814118,-0.34551998674330475,1.4765461949871632,4.296395767990474
456,linlev,11,0.001,0,0.022571378588253654,0.4537764798826852,0.049741182253626344,0.6088529718257786,0.4304675911125741
456,linlev,11,0.01,0,0.08772332070833558,0.3109441679784589,0.2821192025521853,0.37886340516359424,0.19812280264222856
456,linlev,11,0.1,0,0.08269333027751342,0.23004800772205292,0.35946118854210907,0.13699968567108517,0.1635613996372309
456,linlev,11,1.0,0,0.02667336372953643,0.07518743405691053,0.3547582659802827,0.028885005894845012,0.22220567857662366
456,rff_lev,36,0.001,0,0.15778678787536246,0.5979571526878368,0.2638764118233317,-0.5048611526703831,0.33606363859083066
456,rff_lev,36,0.01,0,0.194366921763604,0.5331649798695074,0.3645530541244016,-0.4294595183364814,0.20249733997088915
456,rff_lev,36,0.1,0,0.19378193580868308,0.5419662275834561,0.35755352630131004,-0.49685746970332717,0.212902746332423
456,rff_lev,36,1.0,0,0.1928288275779852,0.5454892666864058,0.3534970151646261,-0.5146417920999585,0.21827162912218875
456,rff_lev,360,0.001,0,0.2441339846086993,0.6152561511495113,0.39680055884459275,-0.4234616159300058,0.2190613522138184
456,rff_lev,360,0.01,0,0.21013203561764568,0.5414535110389506,0.38808878571022765,-0.4251989654857222,0.18625109323691727
456,rff_lev,360,0.1,0,0.1953345575385228,0.5435121415408488,0.35939318114357527,-0.499206182877314,0.21207970975703067
456,rff_lev,360,1.0,0,0.19298126572785737,0.5456638323337789,0.3536632891765713,-0.5149418351135033,0.21821604284638357
456,rff_lev,3600,0.001,0,0.26007647769251263,0.6205716147108515,0.4190918042774038,-0.48910989045287445,0.20178373531173857
456,rff_lev,3600,0.01,0,0.21448987512263068,0.5454994115912232,0.3931990952968458,-0.4474113867605389,0.18378355179421704
456,rff_lev,3600,0.1,0,0.1957488332249494,0.5444115398939684,0.3595604039970831,-0.5033694495350278,0.21239165149173844
456,rff_lev,3600,1.0,0,0.19302023793693718,0.5457677345197643,0.35366736750530126,-0.5154084910127207,0.21826654388517983
456,rff_lev,36,0.001,1,0.22006388276072916,0.7087103451153244,0.3105131514976255,-0.540492430326473,0.3797584877107379
456,rff_lev,36,0.01,1,0.2070116368524024,0.5700179736680613,0.36316685861725395,-0.5137699609629647,0.22293882185513475
456,rff_lev,36,0.1,1,0.19492677015905757,0.547495429619538,0.356033602498773,-0.5141654516134074,0.21708193832379552
456,rff_lev,36,1.0,1,0.19293689808509584,0.5460843298250164,0.3533097134409977,-0.5165568742319354,0.21874673321593024
456,rff_lev,360,0.001,1,0.2637993885551063,0.6401591944291647,0.4120840422987886,-0.5601041782544245,0.22098292196701855
456,rff_lev,360,0.01,1,0.21672046390968197,0.5490279092745556,0.3947348764037154,-0.45444962065000405,0.18414626428323982
456,rff_lev,360,0.1,1,0.19610008622574326,0.544738536814186,0.35998937650455654,-0.5039609675041495,0.21218293231970375
456,rff_lev,360,1.0,1,0.1930571029577929,0.5457994380190038,0.3537143674212999,-0.5154691139594983,0.21824165309171645
456,rff_lev,3600,0.001,1,0.26095969545130776,0.6220726451427071,0.4195003549648805,-0.47518765869320656,0.2023427350452543
456,rff_lev,3600,0.01,1,0.21454794761884297,0.5459346952753513,0.39299196309667056,-0.4428142544415074,0.18416740555814867
456,rff_lev,3600,0.1,1,0.19574177734255152,0.5445245497645705,0.359472823451545,-0.5029052636180161,0.21252606147141243
456,rff_lev,3600,1.0,1,0.19301910583949958,0.5457807111149282,0.3536568843651465,-0.5153642166531296,0.21828253562818356
456,rff_lev_ens,36,0.001,-1,0.1889253353180458,0.6156578817682105,0.30686740300544785,-0.5226767914984282,0.30606452653525024
456,rff_lev_ens,36,0.01,-1,0.20068927930800318,0.5470009800581606,0.3668901640480875,-0.47161473964972306,0.2072954878607335
456,rff_lev_ens,36,0.1,-1,0.1943543529838703,0.5446188179949978,0.35686308765345565,-0.5055114606583674,0.21486235293329292
456,rff_lev_ens,36,1.0,-1,0.19288286283154057,0.5457855222394669,0.3534041394870713,-0.5155993331659471,0.21850769686020338
456,rff_lev_ens,360,0.001,-1,0.2539666865819028,0.6193744405095112,0.41003740221017865,-0.49178289709221523,0.20937818974904093
456,rff_lev_ens,360,0.01,-1,0.21342624976366373,0.544535643467243,0.3919417439870537,-0.43982429306786314,0.18440511903012471
456,rff_lev_ens,360,0.1,-1,0.19571732188213303,0.5441119244625638,0.3597004827186044,-0.5015835751907318,0.21211620012578922
456,rff_lev_ens,360,1.0,-1,0.1930191843428252,0.5457314872151146,0.35368892736574237,-0.5152054745365009,0.21822868043972599
456,rff_lev_ens,3600,0.001,-1,0.2605180865719102,0.6209801846256208,0.4195272136243325,-0.4821487745730405,0.201637677447925
456,rff_lev_ens,3600,0.01,-1,0.21451891137073684,0.5456855099745203,0.3931182108551011,-0.4451128206010232,0.1839410038533506
456,rff_lev_ens,3600,0.1,-1,0.1957453052837504,0.5444674489301551,0.3595170026571429,-0.5031373565765219,0.21245820438062496
456,rff_lev_ens,3600,1.0,-1,0.19301967188821836,0.5457742163022693,0.35366213009468583,-0.5153863538329252,0.21827453260274127
457,ff,6,0.0,0,0.16840116964454685,0.44918403696030684,0.3749046176799644,-0.4577679450685736,0.1544049690628885
457,fm,6,0.0,0,0.23182620011667815,0.9754408815736642,0.23766299372513117,0.006684408623643194,0.8026579556267611
457,linrank,6,0.0,0,0.17047413364400563,0.6741513466118888,0.25287219924838056,0.10016977019224191,0.4036752564466584
457,linrank,6,0.001,0,0.03479809587005935,0.4582329089956389,0.07593975724338588,0.264048978543857,0.4026741699770411
457,linrank,6,0.01,0,0.006438126996899266,0.19165156588091234,0.03359287448191142,0.03923633810333181,0.28497757354440767
457,linrank,6,0.1,0,0.001943399923263799,0.03515143418601535,0.05528650447033428,-0.003946470474085324,0.25843465563644036
457,linrank,6,1.0,0,0.00024039078932430155,0.003926232778372048,0.06122683062718861,-0.0006301815150180734,0.2606167468672854
457,rff,36,0.001,0,0.18276272614677486,0.6179313654699268,0.2957654140242368,-0.492205309632971,0.310797989560952
457,rff,36,0.01,0,0.166486808571298,0.48501250063161333,0.3432629228205223,-0.1676267447097986,0.1910634214089632
457,rff,36,0.1,0,0.1674192515327694,0.45469759064727683,0.3681991173395985,-0.04347429847033355,0.16102265701306484
457,rff,36,1.0,0,0.1671177421924082,0.45787375785807716,0.36498650408396655,-0.01908430587851313,0.16442328886012145
457,rff,360,0.001,0,0.19382203933339495,0.5867119207733822,0.330352993472343,-0.37993473434264574,0.25523583759653024
457,rff,360,0.01,0,0.17132008239405644,0.4585906952097436,0.3735794995048919,-0.12590222932912465,0.15809788693072183
457,rff,360,0.1,0,0.16757479410538403,0.4532695893952356,0.3697022655523103,-0.033003426657155936,0.15946709943359175
457,rff,360,1.0,0,0.16712125615630147,0.45785436012809394,0.3650096421699379,-0.017871566781447683,0.16439967238933603
457,rff,3600,0.001,0,0.22348679824642845,0.6170435873699188,0.36218964562781797,-0.48002903552318893,0.24479759656629407
457,rff,3600,0.01,0,0.17607474238330392,0.4629352393257296,0.38034421972230664,-0.13691019694333517,0.15424392130268197
457,rff,3600,0.1,0,0.1680939067829068,0.45457860691762725,0.3697796249645478,-0.03320891768208742,0.15979151315327
457,rff,3600,1.0,0,0.16717352350061943,0.4580082608819603,0.36500110975881295,-0.017870525770896,0.16445356234886352
457,rff,36,0.001,1,0.23695546679868446,0.6253447006177373,0.3789197646747651,-0.3671706337992811,0.23437500959347346
457,rff,36,0.01,1,0.15257313648677254,0.4352194910598289,0.35056595492824233,-0.030172901491688442,0.16863034975661514
457,rff,36,0.1,1,0.162527661895786,0.45134861832389134,0.3600934073961313,-0.01143041956439693,0.16615754770699714
457,rff,36,1.0,1,0.16654955493172846,0.4576768508929388,0.3639020732789657,-0.015467292465612669,0.1651897995821497
457,rff,360,0.001,1,0.22679567795638142,0.6102923971563493,0.371618062117656,-0.4284667429138495,0.2313837890081472
457,rff,360,0.01,1,0.17381059341156957,0.45657503456078985,0.38068352462321914,-0.0917843773916762,0.15213175309750174
457,rff,360,0.1,1,0.16765016433966934,0.4541114536294538,0.3691828580841492,-0.024909408106948465,0.16010551659560748
457,rff,360,1.0,1,0.16712648588084075,0.45796758474251176,0.36493081922993775,-0.016968532003165497,0.1644946545504595
457,rff,3600,0.001,1,0.22330043170027258,0.6142472035744054,0.3635351213662035,-0.4809792582836544,0.24164390185033258
457,rff,3600,0.01,1,0.17557858201112359,0.46287500155306294,0.3793218070148808,-0.13462201045178454,0.15500599685591016
457,rff,3600,0.1,1,0.16796962726712858,0.4545569522159777,0.36952383292846364,-0.03250414434177464,0.15997861931225207
457,rff,3600,1.0,1,0.16715937762152072,0.4580052568424885,0.36497261794313446,-0.017788686408651874,0.1644743729334991
457,rff_ens,36,0.001,-1,0.20985909647272963,0.5838686416680063,0.3594286137258552,-0.429687971716126,0.22630729350450635
457,rff_ens,36,0.01,-1,0.15952997252903528,0.4504863018120789,0.3541283539306895,-0.09889982310074356,0.1704098305517401
457,rff_ens,36,0.1,-1,0.1649734567142777,0.4526184827787244,0.3644867874185548,-0.02745235901736522,0.16321487429898907
457,rff_ens,36,1.0,-1,0.16683364856206828,0.4577703252676981,0.36444836930944824,-0.017275799172062897,0.16480189521846164
457,rff_ens,360,0.001,-1,0.21030885864488819,0.5918140707068971,0.3553630592014872,-0.4042007386282476,0.23493804837577983
457,rff_ens,360,0.01,-1,0.17256533790281306,0.4567131293725645,0.37784185915540563,-0.10884330336040043,0.15431705793553924
457,rff_ens,360,0.1,-1,0.16761247922252673,0.4536686807587986,0.3694601067505496,-0.028956417382052197,0.15976631200186983
457,rff_ens,360,1.0,-1,0.16712387101857115,0.4579107249639543,0.36497042307040695,-0.017420049392306625,0.16444693361847648
457,rff_ens,3600,0.001,-1,0.22339361497335047,0.6153636679403091,0.36302698162384833,-0.4805041469034217,0.242871976439484
457,rff_ens,3600,0.01,-1,0.1758266621972137,0.4628756168937984,0.3798572570685985,-0.1357661036975599,0.15459758281417255
457,rff_ens,3600,0.1,-1,0.16803176702501765,0.45456701750999007,0.36965235169382876,-0.03285653101193106,0.15988436944181433
457,rff_ens,3600,1.0,-1,0.16716645056107005,0.4580067501417305,0.36498687084707876,-0.017829606089773912,0.1644639596008084
457,linlev,11,0.0,0,0.010423653663610363,0.7122246993542094,0.01463534425731336,0.32330765353280033,0.7476074229530448
457,linlev,11,0.001,0,-0.1157802243874851,0.6361388955651848,-0.18200463011245185,-0.1308244508406491,0.910720258939452
457,linlev,11,0.01,0,-0.02943683242203349,0.40593769601192276,-0.07251564146722876,-0.2657911958764898,0.4856076603449505
457,linlev,11,0.1,0,0.02617511272600105,0.18321440900960986,0.14286601620196876,-0.16224185626753931,0.2429844860973298
457,linlev,11,1.0,0,0.012776915643617708,0.05394701333301019,0.23684194646229859,-0.04312024544143954,0.23860175388805308
457,rff_lev,36,0.001,0,0.1856727885723727,0.530225364336252,0.3501771153569805,0.2690473802120175,0.20534979961137936
457,rff_lev,36,0.01,0,0.17938762531501717,0.454382237772549,0.3947945372917803,0.10043511911264068,0.14094994284368811
457,rff_lev,36,0.1,0,0.16974797579638096,0.45587261017790726,0.37235835627443314,-0.0012704349789025694,0.1582203157589973
457,rff_lev,36,1.0,0,0.16736797242199744,0.4581812224117974,0.36528771637780677,-0.014544757902010933,0.1642881812737971
457,rff_lev,360,0.001,0,0.23859138016277553,0.5543449062953866,0.4304024037259584,-0.09279045291077359,0.1481234168524403
457,rff_lev,360,0.01,0,0.19316631516233515,0.4568941844062747,0.42278129544010523,-0.08088904970862813,0.12081494608737157
457,rff_lev,360,0.1,0,0.1712623689557663,0.4556237788307392,0.3758854934992078,-0.02878035830273322,0.1554811442991831
457,rff_lev,360,1.0,0,0.1675186534908778,0.4581443558121041,0.36564600516344936,-0.017458659682181236,0.16400349840250142
457,rff_lev,3600,0.001,0,0.23986328968140436,0.5462674241255846,0.4390949910025402,-0.22803933881522662,0.1372979723891503
457,rff_lev,3600,0.01,0,0.19450297758991042,0.46049986574509477,0.4223735815323248,-0.09578671639675843,0.12196763481714308
457,rff_lev,3600,0.1,0,0.171343992958812,0.4565577401566955,0.3752953413953839,-0.029243471612942138,0.15619780345680653
457,rff_lev,3600,1.0,0,0.16752291179340814,0.4582557578770408,0.3655664089623024,-0.017474981544539248,0.16409849737075924
457,rff_lev,36,0.001,1,0.24142414135446072,0.6394916338731311,0.3775250973843966,0.05840186380568183,0.24546893846791618
457,rff_lev,36,0.01,1,0.2012311406698777,0.48051943160945226,0.4187783623981114,-0.034346371777769634,0.13001267014418813
457,rff_lev,36,0.1,1,0.1723740916861816,0.45858264763893236,0.37588446177296553,-0.024154999924211204,0.1563447441821785
457,rff_lev,36,1.0,1,0.1676301912518959,0.4584580361564272,0.36563911641130004,-0.01699533139357417,0.16410532478613582
457,rff_lev,360,0.001,1,0.2306275083723726,0.5401992285668245,0.4269304659768562,-0.2859429007333461,0.1448312927718681
457,rff_lev,360,0.01,1,0.19789519349236306,0.4645958233655378,0.4259512968902903,-0.13478824199427322,0.12030345506572801
457,rff_lev,360,0.1,1,0.17193085460395074,0.45737605786895347,0.3759069842987104,-0.03538818914502425,0.15597342322306015
457,rff_lev,360,1.0,1,0.1675843991207773,0.45834637845615256,0.3656282824471126,-0.01812284186321964,0.16407919058536036
457,rff_lev,3600,0.001,1,0.23213047807277143,0.5282035103870463,0.43947166860492004,-0.2563120409739123,0.1297046064443215
457,rff_lev,3600,0.01,1,0.19317155996189592,0.4572688235752034,0.42244638165262216,-0.10638046183088079,0.12114896402254328
457,rff_lev,3600,0.1,1,0.17109344316796166,0.4562580770104151,0.3749926889821527,-0.030538448691779664,0.15633956815075944
457,rff_lev,3600,1.0,1,0.16749501594742958,0.4582282212119682,0.3655274996036295,-0.01760581561986747,0.16411970654182742
457,rff_lev_ens,36,0.001,-1,0.2135484649634167,0.5433365418966564,0.39303166361307246,0.1637246220088497,0.17480267007598752
457,rff_lev_ens,36,0.01,-1,0.19030938299244746,0.46316758797946883,0.41088665945442504,0.03304437366743553,0.1312051651791625
457,rff_lev_ens,36,0.1,-1,0.17106103374128123,0.4571341536000809,0.37420313576248826,-0.012712717451556901,0.15719349952410808
457,rff_lev_ens,36,1.0,-1,0.16749908183694667,0.45831858497828476,0.3654643021837808,-0.015770044647792553,0.16419575943319673
457,rff_lev_ens,360,0.001,-1,0.23460944426757413,0.5405727734559395,0.4340015919923064,-0.18936667682205985,0.13912368156061053
457,rff_lev_ens,360,0.01,-1,0.19553075432734915,0.460127378422093,0.42494918471897813,-0.10783864585145066,0.11997002696108432
457,rff_lev_ens,360,0.1,-1,0.1715966117798585,0.4564843581920448,0.37590907267772605,-0.032084273723878724,0.15571219824298593
457,rff_lev_ens,360,1.0,-1,0.1675515263058275,0.45824518564232797,0.36563728666558376,-0.017790750772700467,0.16404116687450132
457,rff_lev_ens,3600,0.001,-1,0.2359968838770879,0.5365813485009909,0.4398156673473194,-0.24217568989456945,0.13270236035903424
457,rff_lev_ens,3600,0.01,-1,0.19383726877590318,0.45882380077917895,0.4224655923400811,-0.10108358911381965,0.12149968473051939
457,rff_lev_ens,3600,0.1,-1,0.17121871806338684,0.4564065306280735,0.37514519747946656,-0.029890960152360906,0.15626738984282285
457,rff_lev_ens,3600,1.0,-1,0.16750896387041883,0.4582419738594659,0.3655469673797072,-0.017540398582203347,0.16410908719709547
458,ff,6,0.0,0,0.07511814679021633,0.5364879853570247,0.14001832070894624,0.42186788020253446,0.40897842001514295
458,fm,6,0.0,0,0.2405507185299886,1.155009660813242,0.20826727835385975,0.6193662532249913,1.1765631468831772
458,linrank,6,0.0,0,0.2851208484114652,0.6958023625906399,0.40977275120178025,0.36160402486406373,0.26094574834859985
458,linrank,6,0.001,0,0.1941911207627084,0.4984707853272169,0.3895737252389491,0.28796206439907984,0.16355369286833243
458,linrank,6,0.01,0,0.08402934411942567,0.20722509714536258,0.4054979115800894,0.09068024138723496,0.14769710250713453
458,linrank,6,0.1,0,0.013437053585947907,0.03212618469237199,0.4182586172188193,0.012313109762965251,0.24009115816600426
458,linrank,6,1.0,0,0.0014333771497830636,0.0034139207184381948,0.41986245961763485,0.001283345447049758,0.2628995743110992
458,rff,36,0.001,0,0.25744451998108453,0.6405036553037776,0.4019407506097431,0.39240061835443335,0.22738619254956247
458,rff,36,0.01,0,0.217720665397704,0.5031504562473712,0.4327148325006443,0.14248512967466073,0.13087395815368882
458,rff,36,0.1,0,0.18016934918146252,0.46853213426542384,0.3845400048471306,0.06441783170128969,0.15739727604679984
458,rff,36,1.0,0,0.1730398140395648,0.4684982158055512,0.36934999579888367,0.053570387730677946,0.16910634656264234
458,rff,360,0.001,0,0.2709268203395869,0.6060864091877043,0.44701022202872265,0.3831921466232819,0.16464105588813044
458,rff,360,0.01,0,0.21341466244674448,0.48382993356908427,0.4410943756051666,0.14718256644586408,0.11856051705717344
458,rff,360,0.1,0,0.17821860212577142,0.46797660888708276,0.3808280130701436,0.06362996461059345,0.16007939154351483
458,rff,360,1.0,0,0.17280660447927423,0.46853145789324757,0.3688260448002774,0.053457476505585716,0.16952325981461985
458,rff,3600,0.001,0,0.2869819309776734,0.6259726532717178,0.4584576170823588,0.339314676434807,0.16598914858230168
458,rff,3600,0.01,0,0.21304594312303807,0.48717386241693905,0.4373098796107138,0.1339416678999043,0.1223876790432874
458,rff,3600,0.1,0,0.17789184584525305,0.4688042595510975,0.37945868072016453,0.062023904407912514,0.16139187008691802
458,rff,3600,1.0,0,0.17276829055953014,0.4686261352254146,0.36866977228324366,0.05329362321960529,0.16967537490605056
458,rff,36,0.001,1,0.32277300418832006,0.6515853635034469,0.49536564549705786,0.3132520728154869,0.14895250897397225
458,rff,36,0.01,1,0.2193935209052394,0.49032644558875127,0.447443785418929,0.12746813818145863,0.11551911763435774
458,rff,36,0.1,1,0.17949500964952814,0.46836777850820016,0.38323517945926666,0.06241522335471941,0.1583494343206742
458,rff,36,1.0,1,0.17295343863116,0.4685475369292842,0.36912676943014877,0.0533616844124756,0.16929542822046137
458,rff,360,0.001,1,0.29694495745488453,0.6300573166192488,0.47129832417188156,0.38940851172795515,0.15701123425950236
458,rff,360,0.01,1,0.2142671739992382,0.4842655538367824,0.44245801152203185,0.1386833363558668,0.11764181967392905
458,rff,360,0.1,1,0.17809669005140852,0.4685344133392803,0.3801144269896845,0.06255698630763314,0.16080216657357416
458,rff,360,1.0,1,0.17279069221685495,0.4685999398426421,0.3687381869380496,0.05334994583008801,0.16961376168953776
458,rff,3600,0.001,1,0.2922130515004725,0.6295330546475604,0.464174278607286,0.357744507569484,0.16302685054610117
458,rff,3600,0.01,1,0.21470893705875482,0.4879896838328091,0.43998663121804144,0.13815083534345746,0.1205686042485758
458,rff,3600,0.1,1,0.17815824103219113,0.4688391223020972,0.37999866597607573,0.06238598986246852,0.1609866185702431
458,rff,3600,1.0,1,0.17279684704609308,0.46862779298056434,0.3687294045175412,0.053327801279296226,0.16962968379665955
458,rff_ens,36,0.001,-1,0.2901087620847022,0.6080358978679695,0.4771243985790082,0.35282634558495984,0.13940584195096184
458,rff_ens,36,0.01,-1,0.21855709315147162,0.4880762466086926,0.4477929312685776,0.13497663392805967,0.11462405835344712
458,rff_ens,36,0.1,-1,0.17983217941549537,0.4681356703527086,0.38414543219918273,0.06341652752800457,0.1575788789648561
458,rff_ens,36,1.0,-1,0.17299662633536245,0.46851911565384424,0.36924134054580915,0.053466036071576795,0.16919736097169263
458,rff_ens,360,0.001,-1,0.2839358888972357,0.6135817513750276,0.4627515213106316,0.38630032917561846,0.15498299601577817
458,rff_ens,360,0.01,-1,0.21384091822299137,0.4835160152678593,0.4422623273492343,0.14293295140086534,0.11758645806691821
458,rff_ens,360,0.1,-1,0.17815764608858992,0.46824363446235456,0.38048065788049334,0.0630934754591133,0.1604295750831025
458,rff_ens,360,1.0,-1,0.17279864834806463,0.46856556760274265,0.36878221597060684,0.05340371116783685,0.1695683865036093
458,rff_ens,3600,0.001,-1,0.2895974912390729,0.6274412887274755,0.46155313085374183,0.3485295920021455,0.1641069144397543
458,rff_ens,3600,0.01,-1,0.21387744009089643,0.48755283245674735,0.43867541290485745,0.13604625162168082,0.12144906282057934
458,rff_ens,3600,0.1,-1,0.1780250434387221,0.46882111742793586,0.3797291479006104,0.06220494713519054,0.16118868854623322
458,rff_ens,3600,1.0,-1,0.17278256880281156,0.46862695781762553,0.36869959339823755,0.05331071224945076,0.16965252325581787
458,linlev,11,0.0,0,0.4271190376581318,1.1504583550058876,0.37125988593993564,0.39085149382137935,0.9174996428025378
458,linlev,11,0.001,0,0.24953450655425066,0.6140824880975959,0.4063533994061596,0.6749155287378216,0.20604837822684602
458,linlev,11,0.01,0,0.19521778173157744,0.38936502170298243,0.501374727698305,0.3932506359596375,0.06503215815274692
458,linlev,11,0.1,0,0.11925819712042433,0.25642289846840577,0.4650840382537767,0.14230619705956343,0.10721144538444367
458,linlev,11,1.0,0,0.032725824332834365,0.07531842992261407,0.4344995556394167,0.03253708282828898,0.20704481598454252
458,rff_lev,36,0.001,0,0.2021686669465588,0.6345769702489107,0.3185880932099676,0.4484090952940938,0.3049753863580581
458,rff_lev,36,0.01,0,0.19841551185901565,0.49421469101912346,0.40147635322183906,0.14834879489536165,0.15253847163331158
458,rff_lev,36,0.1,0,0.17699881319941746,0.47039337959190086,0.3762782829830137,0.061344424257046934,0.16435350422499753
458,rff_lev,36,1.0,0,0.17269625434806032,0.4687919888325916,0.3683856773621854,0.053167133705812074,0.169950035549286
458,rff_lev,360,0.001,0,0.22836800290740705,0.5884738544751092,0.38806822286285,0.21458019909866563,0.20747003552383542
458,rff_lev,360,0.01,0,0.18871162603932587,0.4814269768999322,0.3919839042973922,0.1046843180208613,0.1557133789967025
458,rff_lev,360,0.1,0,0.17443439557184917,0.46906305637788864,0.371878350256006,0.05870617915721605,0.16733133725932442
458,rff_lev,360,1.0,0,0.172407953021183,0.46867082963213863,0.3678657644567011,0.052956804803297355,0.1703135619566055
458,rff_lev,3600,0.001,0,0.22439983078932416,0.5496720732963974,0.4082430992784346,0.13298311224033327,0.16944762982752903
458,rff_lev,3600,0.01,0,0.18841735764726553,0.4770498786784298,0.39496364231186415,0.08340843176559803,0.1519955913012911
458,rff_lev,3600,0.1,0,0.17437284303326428,0.4687019565595253,0.37203352918182,0.056227321842155904,0.1670943455896421
458,rff_lev,3600,1.0,0,0.17240076151478326,0.46863613162673023,0.3678776557760187,0.0527058751363818,0.1702929425933167
458,rff_lev,36,0.001,1,0.23202380624817226,0.6157676108814288,0.3768041744125616,0.5604721123228319,0.2347098039661078
458,rff_lev,36,0.01,1,0.18687057753677647,0.4978868780225765,0.37532738014497924,0.21468900364581012,0.17482342016838348
458,rff_lev,36,0.1,1,0.17383386239935067,0.47133804913900346,0.3688093136484403,0.07425902829943724,0.17046266267007676
458,rff_lev,36,1.0,1,0.17233948923756906,0.4689007592115998,0.36753936915635876,0.054585472594055086,0.17064246225068258
458,rff_lev,360,0.001,1,0.23096067756727046,0.5728785408587703,0.40315819339479914,0.12431247177372534,0.18536392121020573
458,rff_lev,360,0.01,1,0.19045402230340377,0.48127393667275825,0.395728934793539,0.08180981443438294,0.152741911311172
458,rff_lev,360,0.1,1,0.1746618554826724,0.469065079946632,0.37236166781493224,0.05619186003616821,0.1669577212065853
458,rff_lev,360,1.0,1,0.1724308451777341,0.4686699108715252,0.3679153305512757,0.052704912922740425,0.17027481055550303
458,rff_lev,3600,0.001,1,0.21361857966284983,0.5514512420595433,0.38737528065950794,0.07059073625367462,0.1882468298064268
458,rff_lev,3600,0.01,1,0.18531557594255907,0.47543673820834215,0.3897796721408423,0.06352950337290172,0.15550342202593212
458,rff_lev,3600,0.1,1,0.1739803652196837,0.4684541275316438,0.3713925334299279,0.05367545127064136,0.1675103258299808
458,rff_lev,3600,1.0,1,0.17236035647985848,0.4686102611548806,0.3678117420115382,0.05244290245813612,0.17033557557173243
458,rff_lev_ens,36,0.001,-1,0.21709623659736552,0.5874686324501893,0.36954523970396463,0.504440603808463,0.223810316048844
458,rff_lev_ens,36,0.01,-1,0.19264304469789606,0.4904056864388745,0.39282383957818895,0.18151889927058587,0.15807560975220716
458,rff_lev_ens,36,0.1,-1,0.17541633779938406,0.4707177401218609,0.3726571634074631,0.06780172627824207,0.16726602601955137
458,rff_lev_ens,36,1.0,-1,0.17251787179281466,0.46884467989108375,0.3679638037758942,0.05387630314993355,0.17029462555040545
458,rff_lev_ens,360,0.001,-1,0.22966434023733873,0.5679005132892356,0.4044094605710791,0.16944633543619547,0.181680640882092
458,rff_lev_ens,360,0.01,-1,0.1895828241713648,0.48056595337635477,0.3944990751829087,0.09324706622762208,0.15347225360852582
458,rff_lev_ens,360,0.1,-1,0.17454812552726082,0.46905176540554044,0.3721297698908502,0.057449019596692075,0.16713297488655307
458,rff_lev_ens,360,1.0,-1,0.17241939909945855,0.46867023951206405,0.36789065010606525,0.05283085886301887,0.17029406357713678
458,rff_lev_ens,3600,0.001,-1,0.219009205226087,0.5498051652416547,0.398339664797122,0.10178692424700392,0.17798496043393164
458,rff_lev_ens,3600,0.01,-1,0.18686646679491228,0.47618791772364744,0.3924216886648498,0.07346896756924981,0.1536936949945127
458,rff_lev_ens,3600,0.1,-1,0.17417660412647398,0.4685771424048974,0.371713829728314,0.05495138655639859,0.1673014387423621
458,rff_lev_ens,3600,1.0,-1,0.17238055899732088,0.4686231868301107,0.3678447073081208,0.052574388797259,0.17031424954633598
459,ff,6,0.0,0,0.08390220978985345,0.6429242278669771,0.13050093020792655,0.5774010951733847,0.5134223586718726
459,fm,6,0.0,0,0.2871258698705721,1.2476542808895814,0.2301325569659012,2.2988426830857525,1.3256663646954976
459,linrank,6,0.0,0,0.11236007492683969,0.714052479137077,0.15735548605982763,1.3686509718780122,0.5586112142113019
459,linrank,6,0.001,0,-0.019543488144935433,0.4949576500545992,-0.03948517240369873,0.8327926081222555,0.5452876342319233
459,linrank,6,0.01,0,-0.03633173378578056,0.20410842754289746,-0.17800212476843819,0.18957682667935083,0.3764793473110864
459,linrank,6,0.1,0,-0.0071875858661256615,0.03258447350510088,-0.2205831518192397,0.01873847580461904,0.27632421570204907
459,linrank,6,1.0,0,-0.0007859635201098024,0.0034802187533943675,-0.22583739006153775,0.0018313987019682521,0.2624202913670563
459,rff,36,0.001,0,0.04746915756756743,0.656245376831574,0.07233446397253696,0.3487518134089782,0.5988086350634646
459,rff,36,0.01,0,0.13457581860285972,0.4848356638045602,0.2775699657628898,0.3927113946270014,0.24486026930932925
459,rff,36,0.1,0,0.16513330677964685,0.46144417586265474,0.35786193740756517,0.4963067016078394,0.1707687575518622
459,rff,36,1.0,0,0.16880896439191848,0.46334599980678753,0.36432593453339573,0.5165860204715124,0.1664036878777969
459,rff,360,0.001,0,0.0775147311266402,0.5761986958766748,0.13452777953393852,0.31688790576472226,0.44381964308394595
459,rff,360,0.01,0,0.13227214430182835,0.46084414066935037,0.2870214300863421,0.42933173534503044,0.22616458820942917
459,rff,360,0.1,0,0.1639254870159609,0.4600889365478886,0.35629086899136647,0.5049436626473567,0.17153805546087544
459,rff,360,1.0,0,0.1686669486638025,0.4632835071589831,0.3640685369918031,0.5175681640636329,0.16658188491509057
459,rff,3600,0.001,0,0.10494387532353092,0.6010456096187178,0.17460218266980376,0.4253524880403194,0.4232169258284052
459,rff,3600,0.01,0,0.14135352554393274,0.46824952035164635,0.30187649832033775,0.4867707950393115,0.21736701607099082
459,rff,3600,0.1,0,0.16522467933390036,0.46167332154994506,0.3578822332189405,0.5133117406833528,0.1708277264897586
459,rff,3600,1.0,0,0.1688033141255908,0.46345983209731756,0.36422425943947906,0.5184448307960611,0.1665185812418854
459,rff,36,0.001,1,0.10703812148872892,0.514759303403584,0.2079381970971555,0.7066540782080957,0.3231936915805314
459,rff,36,0.01,1,0.1196805049267595,0.45191883617909945,0.2648274321527263,0.5330573699933665,0.24002868256508691
459,rff,36,0.1,1,0.15997751163490415,0.45849793423117274,0.34891653743906326,0.51622795641581,0.17669377131895064
459,rff,36,1.0,1,0.16821476685923503,0.46309107512945147,0.36324337888008884,0.5186932844441546,0.16715565260119836
459,rff,360,0.001,1,0.12334763746586296,0.5938682327158307,0.2077020299634136,0.5419970623265088,0.38203447723131834
459,rff,360,0.01,1,0.14142753456974874,0.46576433899752057,0.30364612042679723,0.527830485694195,0.21491873254238772
459,rff,360,0.1,1,0.1648123359715813,0.46122397218845534,0.3573368816663312,0.5193698457097188,0.1711016213321541
459,rff,360,1.0,1,0.16875380465552042,0.4634097521202765,0.36415678324292344,0.5190828736913059,0.16655447030045914
459,rff,3600,0.001,1,0.10941083812657128,0.6010340950554148,0.18203765647684877,0.46914587517562023,0.41522667333110796
459,rff,3600,0.01,1,0.14199436737470236,0.46909047558928096,0.30270145049593294,0.5029301108431036,0.21705517457092524
459,rff,3600,0.1,1,0.16527745498316557,0.46173419891320183,0.35794934698834147,0.5155066601680524,0.17079583227100775
459,rff,3600,1.0,1,0.16880804647815298,0.4634643104538188,0.3642309508424891,0.518671449633848,0.1665148653295083
459,rff_ens,36,0.001,-1,0.07725363952814818,0.5572030771554667,0.13864539284766628,0.5277029458085369,0.42277174962117986
459,rff_ens,36,0.01,-1,0.12712816176480962,0.4619135502899116,0.2752206807637922,0.4628843823101839,0.23610500859112135
459,rff_ens,36,0.1,-1,0.1625554092072755,0.4597155421971132,0.35359998583118657,0.5062673290118247,0.17348745705118976
459,rff_ens,36,1.0,-1,0.1685118656255768,0.46321543942163007,0.3637872386895834,0.5176396524578335,0.1667766955896431
459,rff_ens,360,0.001,-1,0.10043118429625159,0.5781881353184004,0.1736998360247318,0.42944248404561547,0.4043612086752237
459,rff_ens,360,0.01,-1,0.13684983943578855,0.46266012947533475,0.29578913486878333,0.4785811105196127,0.21991822975376776
459,rff_ens,360,0.1,-1,0.1643689114937711,0.46064425761664446,0.3568239672501498,0.5121567541785376,0.17130808281890472
459,rff_ens,360,1.0,-1,0.1687103766596615,0.46334649778447795,0.3641127697443735,0.5183255188774696,0.16656804954807333
459,rff_ens,3600,0.001,-1,0.1071773567250511,0.600698783680597,0.1784211315833783,0.4472491816079699,0.4188069357254256
459,rff_ens,3600,0.01,-1,0.14167394645931755,0.468648788235175,0.3023030252416303,0.49485045294120744,0.21719093556663063
459,rff_ens,3600,0.1,-1,0.165251067158533,0.4617033704295846,0.35791609449326256,0.5144092004257026,0.17081141781161657
459,rff_ens,3600,1.0,-1,0.16880568030187187,0.463462067044948,0.36422760848192687,0.5185581402149545,0.16651671935362028
459,linlev,11,0.0,0,0.20659739733654886,1.0104231815604083,0.2044662089180279,1.020956649258715,0.9112783304134061
459,linlev,11,0.001,0,0.11215523802110786,0.6455677789997291,0.1737311583221921,0.9320365599283741,0.4658617133216089
459,linlev,11,0.01,0,0.14609243122823584,0.38755385003307624,0.3769603403908061,0.5525831454328467,0.14019175734677547
459,linlev,11,0.1,0,0.10781741477906723,0.25903918539504467,0.4162204826835042,0.2435215005864662,0.12392669960724557
459,linlev,11,1.0,0,0.02811238765532546,0.06942493759184276,0.4049321271356618,0.05465380506149648,0.2102209876542739
459,rff_lev,36,0.001,0,0.2169666681722431,0.6923570421965264,0.31337396018087565,0.7393277031291514,0.3533351072980108
459,rff_lev,36,0.01,0,0.1752955498076663,0.4990455922543688,0.35126159318589134,0.5374869999673031,0.19001956798116335
459,rff_lev,36,0.1,0,0.1700266056676532,0.4669774194945506,0.3641002724536177,0.5160240753588732,0.1677593802829571
459,rff_lev,36,1.0,0,0.1693073767511908,0.46402856891576244,0.3648641227991419,0.5186489889693211,0.16620838175560881
459,rff_lev,360,0.001,0,0.1860595159291625,0.6200334102580465,0.3000798228787832,0.5865722500310138,0.3077761761113023
459,rff_lev,360,0.01,0,0.16948358082132667,0.4776419808247305,0.3548339292301826,0.5326457024123968,0.17873501903714842
459,rff_lev,360,0.1,0,0.16919217832112254,0.46393260463606956,0.3646912862566424,0.5197361556558678,0.1663107328728192
459,rff_lev,360,1.0,0,0.16921800487785585,0.4637131740352534,0.36491955448518526,0.5191144820586792,0.16606426585858974
459,rff_lev,3600,0.001,0,0.17789496585158188,0.5756528328637007,0.309031686627177,0.6216605735544313,0.2680685058217858
459,rff_lev,3600,0.01,0,0.16735963704987444,0.4732155944179664,0.3536646700236478,0.5404086827616865,0.17805860747967647
459,rff_lev,3600,0.1,0,0.16893968964042666,0.4636799687798069,0.3643454559510053,0.5208696970592901,0.1664959875682034
459,rff_lev,3600,1.0,0,0.16919213035911734,0.46369068428975935,0.3648814524239817,0.5192355855892609,0.16608640161993743
459,rff_lev,36,0.001,1,0.2297373975703835,0.67371989324332,0.34099838801614807,0.6019398046359837,0.308038605919046
459,rff_lev,36,0.01,1,0.1856282030264656,0.49270676749923936,0.3767518842264576,0.5474370266188966,0.16679701711106326
459,rff_lev,36,0.1,1,0.1714246474646098,0.4653288612214744,0.36839461669028056,0.5247234915503705,0.16390369858043055
459,rff_lev,36,1.0,1,0.16944977952703505,0.4638423790539586,0.36531758885990673,0.5196828770848246,0.16579905599973724
459,rff_lev,360,0.001,1,0.17595133617314015,0.583206394454594,0.3016965140406035,0.6408896523765414,0.28002153355317083
459,rff_lev,360,0.01,1,0.16880775922393992,0.4745797988192062,0.35569942008477307,0.5487586598404827,0.17694216123921624
459,rff_lev,360,0.1,1,0.16913316143104876,0.4635522247587496,0.3648632287744324,0.5220141679762045,0.16605600317796027
459,rff_lev,360,1.0,1,0.1692119324824626,0.463671651354757,0.36493913740048317,0.5193544939556942,0.16603584806518182
459,rff_lev,3600,0.001,1,0.16991901404902926,0.590917437727201,0.28755119277335145,0.6433640562502797,0.29905349611302645
459,rff_lev,3600,0.01,1,0.16767602496974665,0.47255207405921934,0.35483078833917847,0.5396585247832494,0.1769042967734421
459,rff_lev,3600,0.1,1,0.1690452506844771,0.46345781361361593,0.3647478707207855,0.5205569902408624,0.16611457507514707
459,rff_lev,3600,1.0,1,0.16920369528426582,0.4636662230147435,0.36492564453823834,0.5192004993458035,0.1660445009596872
459,rff_lev_ens,36,0.001,-1,0.2233520328713133,0.6401096831201962,0.3489277521667697,0.6706337538825676,0.27375810593496996
459,rff_lev_ens,36,0.01,-1,0.180461876417066,0.49019826546172984,0.3681405854161571,0.5424620132931,0.17277271013313525
459,rff_lev_ens,36,0.1,-1,0.17072562656613147,0.46603726367189274,0.3663347115657441,0.5203737834546218,0.16572235223053072
459,rff_lev_ens,36,1.0,-1,0.1693785781391129,0.463934199832617,0.3650918130205168,0.5191659330270728,0.1660025228941426
459,rff_lev_ens,360,0.001,-1,0.18100542605115139,0.5922203557048014,0.3056386432981299,0.6137309512037774,0.282312696534388
459,rff_lev_ens,360,0.01,-1,0.16914567002263328,0.4754216136451312,0.35578035404357666,0.5407021811264398,0.17718026302868958
459,rff_lev_ens,360,0.1,-1,0.1691626698760857,0.4637314308709233,0.3647858622789169,0.520875161816036,0.16617314377063835
459,rff_lev_ens,360,1.0,-1,0.1692149686801592,0.46369229618441304,0.3649294371991495,0.5192344880071866,0.16604994847149251
459,rff_lev_ens,3600,0.001,-1,0.17390698995030557,0.5824899332713683,0.29855793210641873,0.6325123149023556,0.282559818281058
459,rff_lev_ens,3600,0.01,-1,0.16751783100981055,0.4728308348267759,0.3542870275606742,0.5400336037724678,0.17743119471520655
459,rff_lev_ens,3600,0.1,-1,0.16899247016245184,0.46356803991833306,0.3645472845630672,0.5207133436500763,0.166304476946039
459,rff_lev_ens,3600,1.0,-1,0.16919791282169155,0.4636784446308277,0.36490355499791205,0.5192180424675322,0.16606544274070745
460,ff,6,0.0,0,-0.042302632157013374,0.7946582505212607,-0.053233741837154167,-0.15292824147916326,0.9775018385016473
460,fm,6,0.0,0,0.17694195307724528,1.0717890777328907,0.1650902745263303,0.991694330214226,1.0857817021305178
460,linrank,6,0.0,0,0.20666109244468628,0.6320199407142363,0.32698508248195723,0.4390800999882478,0.2884611540801835
460,linrank,6,0.001,0,0.11564166089596688,0.5052079267527695,0.2288991418627478,-0.007793416454209911,0.296950047575374
460,linrank,6,0.01,0,0.0507135582719461,0.21463410306188874,0.2362791259566197,-0.025909138857579325,0.20683787302458956
460,linrank,6,0.1,0,0.007979835488395832,0.03256680160163458,0.2450297571744138,-0.004364775774813764,0.2447899297428886
460,linrank,6,1.0,0,0.0008473335833089778,0.0034419769001140686,0.24617642938884823,-0.0004676008566538789,0.25794322439126266
460,rff,36,0.001,0,0.21861806392196012,0.6917796743325327,0.316022676053463,1.2171333805980884,0.3487421742273892
460,rff,36,0.01,0,0.23199623781587014,0.5801394100271839,0.39989739329206986,1.0940729656600603,0.1860168401743648
460,rff,36,0.1,0,0.20042757788564808,0.5330841537816884,0.375977369546288,0.9767750260174747,0.18312009959764858
460,rff,36,1.0,0,0.19331917406532037,0.5284427954660099,0.36582800583900643,0.9526904971813225,0.18961106938928643
460,rff,360,0.001,0,0.2308936193479515,0.621648173154436,0.37142169690023463,1.0209802259044138,0.23759640232463958
460,rff,360,0.01,0,0.2187540594445564,0.5339726085660472,0.4096728108057974,0.9535635550047471,0.1550972927118871
460,rff,360,0.1,0,0.19675982672937703,0.5268591605384071,0.3734581107564013,0.950113766415448,0.18240067737775364
460,rff,360,1.0,0,0.19289752196503604,0.5278384072222813,0.3654480600988245,0.9497690093588597,0.18965312056783254
460,rff,3600,0.001,0,0.24286930140792554,0.6205042758378577,0.39140633008528863,0.9639867712412675,0.21789777746228525
460,rff,3600,0.01,0,0.2163591450035196,0.5264298220107867,0.4109933289438271,0.9312382480151407,0.15084667350062173
460,rff,3600,0.1,0,0.19610251679876975,0.5261761063233609,0.37269369407332076,0.9470515944869854,0.1827377847415833
460,rff,3600,1.0,0,0.1928240901650436,0.5277761621214812,0.3653520261126538,0.9494515267779017,0.18970595310026778
460,rff,36,0.001,1,0.2546551060418436,0.5909332237886045,0.4309371952539629,0.7109446052253287,0.16436641230538648
460,rff,36,0.01,1,0.21272898170750415,0.4963608392439757,0.42857728670037504,0.821318169931046,0.12579506535698556
460,rff,36,0.1,1,0.19579189465699878,0.5205130426813889,0.37615175529202816,0.9303870230831297,0.17730983067951528
460,rff,36,1.0,1,0.1927983943544757,0.5271576217845956,0.3657319677970169,0.9476882998672891,0.1890949167410015
460,rff,360,0.001,1,0.2513561741263058,0.607215118084567,0.4139491370359777,0.8576769237340776,0.18880310402795505
460,rff,360,0.01,1,0.21643890245066053,0.5178990176615699,0.4179171905518004,0.8878484643374146,0.14181271246624272
460,rff,360,0.1,1,0.19607781783257286,0.5246788822538044,0.3737101386476682,0.9406131895550497,0.18120413084263773
460,rff,360,1.0,1,0.19282146414292503,0.5276150292899889,0.3654586269128927,0.9487740654080384,0.18954013425974536
460,rff,3600,0.001,1,0.2517682534277817,0.6183720247459775,0.40714690081784694,0.9461339526262155,0.20186003394565025
460,rff,3600,0.01,1,0.21843852665439475,0.5270396517686764,0.41446317354176965,0.9223323984541545,0.148234457533299
460,rff,3600,0.1,1,0.19638073852868762,0.5261336962196131,0.37325254006676745,0.9457053942674568,0.18224591008410787
460,rff,3600,1.0,1,0.19285313471919738,0.5277691318442537,0.3654119255616278,0.9493097059310154,0.1896516450389615
460,rff_ens,36,0.001,-1,0.23663658498190188,0.5950854368785267,0.3976514468630929,0.9640389929117082,0.1964757069516983
460,rff_ens,36,0.01,-1,0.22236260976168712,0.5293042553312086,0.420103574687011,0.957695567795553,0.1445082317870776
460,rff_ens,36,0.1,-1,0.19810973627132344,0.5265161687682282,0.3762652469624938,0.953581024550302,0.17987259741591805
460,rff_ens,36,1.0,-1,0.19305878420989803,0.5277968603056316,0.36578236577251216,0.9501893985243063,0.18934897786798852
460,rff_ens,360,0.001,-1,0.24112489673712867,0.6095927270993021,0.3955508096110366,0.9393285748192458,0.2071200416632962
460,rff_ens,360,0.01,-1,0.21759648094760844,0.525402476823096,0.41415198927749547,0.9207060096710808,0.14782835565610816
460,rff_ens,360,0.1,-1,0.196418822280975,0.5257568151400074,0.37359253674851417,0.9453634779852488,0.18178826422915736
460,rff_ens,360,1.0,-1,0.1928594930539806,0.5277265825572345,0.36545343635984845,0.9492715373834489,0.1895964702693132
460,rff_ens,3600,0.001,-1,0.2473187774178536,0.619065239065125,0.39950357702419137,0.9550603619337419,0.20939611942521322
460,rff_ens,3600,0.01,-1,0.21739883582895722,0.5267070743182255,0.4127509320249026,0.9267853232346471,0.1495102506774344
460,rff_ens,3600,0.1,-1,0.19624162766372868,0.5261543761235132,0.3729734780684624,0.946378494377221,0.18249127499327392
460,rff_ens,3600,1.0,-1,0.19283861244212047,0.5277726412761876,0.3653819795884541,0.9493806163544587,0.18967879282270303
460,linlev,11,0.0,0,-0.1157100202731336,0.9462610309015227,-0.12228129077966388,-1.4288006447962043,1.399844114319386
460,linlev,11,0.001,0,0.013392498822655316,0.5431069573120825,0.024659044857272303,-0.502715382418356,0.5279848548388905
460,linlev,11,0.01,0,0.07249007663222164,0.2712443858263387,0.2672500535315508,-0.17100733861548034,0.19347350116670808
460,linlev,11,0.1,0,0.08395881584845896,0.18732898766462838,0.44818912916333525,0.16641208378709074,0.13384892705991025
460,linlev,11,1.0,0,0.023981779279141423,0.05550809584466908,0.4320411088546573,0.06292017295028704,0.21531804226210982
460,rff_lev,36,0.001,0,0.19686964584716093,0.6746326188164873,0.2918175616716113,1.0871553152360247,0.35977286251155466
460,rff_lev,36,0.01,0,0.2064427246087504,0.5561236602551102,0.37121730176710893,1.0075191228377591,0.19863200120062305
460,rff_lev,36,0.1,0,0.1956512979361434,0.5317793739384036,0.36791817720783926,0.9613366835403911,0.18939146343682944
460,rff_lev,36,1.0,0,0.1927960398974632,0.5283831675304785,0.36487922353495905,0.9510117375134663,0.19039233131345787
460,rff_lev,360,0.001,0,0.20623007220377404,0.6411672444364109,0.3216478602007363,1.0525768780906108,0.30079145999050416
460,rff_lev,360,0.01,0,0.19594361592782322,0.5353944810084857,0.3659798949715315,0.9628475735341763,0.19277924544026795
460,rff_lev,360,0.1,0,0.19301561645320478,0.5279756832229544,0.36557671609981673,0.9513104298029443,0.1896074437418449
460,rff_lev,360,1.0,0,0.19249961525068393,0.5279744210687153,0.3646002676815859,0.9498932966608243,0.19043918705183668
460,rff_lev,3600,0.001,0,0.20792125979446835,0.5882444273335367,0.35346065365541707,0.97720537286469,0.2330455633532408
460,rff_lev,3600,0.01,0,0.19737888216528143,0.5278242849613964,0.37394808800757845,0.938506464539722,0.18242446096796092
460,rff_lev,3600,0.1,0,0.19322139971714933,0.5272203321366891,0.3664907969957692,0.9479548048962508,0.18847831487137476
460,rff_lev,3600,1.0,0,0.19252091299638543,0.5278983714027425,0.3646931368339229,0.9495441738810365,0.19032449285655692
460,rff_lev,36,0.001,1,0.20820606285671645,0.6745016053494125,0.3086813451672355,0.7216087179082818,0.34151538089449496
460,rff_lev,36,0.01,1,0.19581826467850225,0.5429395860098549,0.3606630824574798,0.8827819507660893,0.2011169838599463
460,rff_lev,36,0.1,1,0.19266125357360445,0.5278861339075338,0.3649674450576715,0.9401279088050222,0.1900849482318848
460,rff_lev,36,1.0,1,0.19245682098307057,0.5279415679398638,0.3645418975703628,0.9487196997052476,0.1904736115142687
460,rff_lev,360,0.001,1,0.19333690667886355,0.6003403381559792,0.32204550384324027,1.0985264157537953,0.2707391941223583
460,rff_lev,360,0.01,1,0.194615124296716,0.5305686721861597,0.3668047785309717,0.9727392490897488,0.18977324029567694
460,rff_lev,360,0.1,1,0.1929762119699454,0.5273908563470501,0.36590739040602027,0.9523990743452786,0.18905383618355143
460,rff_lev,360,1.0,1,0.1924971624881087,0.527912393929203,0.36463846028574964,0.9500032959586353,0.1903776546325162
460,rff_lev,3600,0.001,1,0.20009840098023646,0.5944559107398905,0.33660763963333074,1.0488433213054087,0.25284572430666563
460,rff_lev,3600,0.01,1,0.19597159205750925,0.5276292225001454,0.3714191399955207,0.9573173775009288,0.1844796035933427
460,rff_lev,3600,0.1,1,0.19307993173062094,0.5272047444400988,0.3662332969625973,0.950218237122553,0.18869016551470752
460,rff_lev,3600,1.0,1,0.19250683254208084,0.5278971125582356,0.3646673337711129,0.9497754127615586,0.19034590331724377
460,rff_lev_ens,36,0.001,-1,0.20253785435193872,0.5992076062226345,0.3380094849408273,0.9043820165721531,0.25462095547536767
460,rff_lev_ens,36,0.01,-1,0.2011304946436263,0.5402808343454669,0.37227027474940794,0.9451505368019242,0.18972119292806922
460,rff_lev_ens,36,0.1,-1,0.19415627575487385,0.5296452046306958,0.3665779923189386,0.9507322961727068,0.1895334770722448
460,rff_lev_ens,36,1.0,-1,0.1926264304402669,0.5281603067071472,0.36471205426475534,0.9498657186093568,0.19043071678331133
460,rff_lev_ens,360,0.001,-1,0.1997834894413188,0.6083215782624324,0.32841756166527336,1.075551646922203,0.2700269327291067
460,rff_lev_ens,360,0.01,-1,0.19527937011226962,0.5321732119768636,0.3669470122084226,0.9677934113119624,0.19040894609137565
460,rff_lev_ens,360,0.1,-1,0.1929959142115751,0.5276705569941167,0.3657507731926133,0.9518547520741114,0.18931713757639104
460,rff_lev_ens,360,1.0,-1,0.19249838886939633,0.5279432727483045,0.3646194559262229,0.9499482963097298,0.19040827759740964
460,rff_lev_ens,3600,0.001,-1,0.20400983038735232,0.5905324372207131,0.3454676111400517,1.0130243470850495,0.2419542359085052
460,rff_lev_ens,3600,0.01,-1,0.19667523711139537,0.5276691569010387,0.37272452736569683,0.9479119210203253,0.18339074019338403
460,rff_lev_ens,3600,0.1,-1,0.19315066572388512,0.5272116230324079,0.3663626848985689,0.949086521009402,0.18858327006097375
460,rff_lev_ens,3600,1.0,-1,0.19251387276923318,0.5278977323003947,0.3646802420050654,0.9496597933212978,0.19033518781673966
461,ff,6,0.0,0,0.13429331587999027,1.015142517368551,0.13229011058280263,1.0986927773523643,1.0402723602852268
461,fm,6,0.0,0,0.19042223220515545,1.0129851712204299,0.18798126331478032,1.5316118178122833,0.9418650860059721
461,linrank,6,0.0,0,0.20649984442916167,0.7484186978545968,0.2759148655974394,1.3535389072620712,0.4500830109751207
461,linrank,6,0.001,0,0.09324050240627836,0.5293175560296822,0.17615229524155396,0.9818148201899773,0.36269982838345993
461,linrank,6,0.01,0,0.04114402950384919,0.22207520268399297,0.18527070562847142,0.3478644732810559,0.22903213458905763
461,linrank,6,0.1,0,0.006468447673254286,0.03377651337353364,0.19150726428509302,0.04881161890580419,0.24855576511027141
461,linrank,6,1.0,0,0.0006859929714657556,0.0035736784754742718,0.19195710419212117,0.005095638395834133,0.25895122260707726
461,rff,36,0.001,0,0.2450759032308573,0.7397103457585846,0.3313133372219204,0.4735902476825547,0.3773917542907966
461,rff,36,0.01,0,0.24563781358685324,0.6111610799539903,0.40191992200377924,0.5816621919883612,0.20289014072635667
461,rff,36,0.1,0,0.21094787405202092,0.5601256681188881,0.37660811860392496,0.6137391474281717,0.196653988334462
461,rff,36,1.0,0,0.20350715773906278,0.5565646488569118,0.36564873129659153,0.6198101814474768,0.20447502291592948
461,rff,360,0.001,0,0.24658036719750395,0.673599989715707,0.3660634960840383,0.9755519454400878,0.2816880560230543
461,rff,360,0.01,0,0.23094121479624793,0.5720032624176112,0.4037410797626555,0.7247014867781233,0.17894911410126732
461,rff,360,0.1,0,0.20726113157771833,0.5558687325799302,0.372859848791577,0.6343410026044989,0.19773492815326335
461,rff,360,1.0,0,0.20308611312566532,0.5561894242402234,0.3651383939978523,0.6219803015822768,0.20472838551563702
461,rff,3600,0.001,0,0.25438574298795996,0.6602985399986128,0.38525867857968366,0.9546441657244831,0.25224474896972177
461,rff,3600,0.01,0,0.22777647095542455,0.5673022911583179,0.4015081104120883,0.7428933027637034,0.17847103514934096
461,rff,3600,0.1,0,0.20651562507108906,0.5559089503020198,0.3714918152673944,0.6375888749447854,0.19896218106802394
461,rff,3600,1.0,0,0.2030036972071728,0.5562076853014556,0.36497823128270523,0.6223253610908598,0.2048800626396447
461,rff,36,0.001,1,0.24931669951390006,0.6041142963769315,0.41269789675419505,1.1464447675229827,0.1887894675015052
461,rff,36,0.01,1,0.2187370550933857,0.5367009980678532,0.40755850255700765,0.797387947286563,0.15872971719699122
461,rff,36,0.1,1,0.20511825607302658,0.5517201102332725,0.3717795531982705,0.6437499134732262,0.19654203365000675
461,rff,36,1.0,1,0.20285846364523577,0.5557720807318922,0.3650029763605486,0.6229481441346016,0.2046272014888967
461,rff,360,0.001,1,0.2786811599191533,0.6872623912927168,0.4054945584829161,1.220797439215525,0.2529404303267673
461,rff,360,0.01,1,0.22970981999399184,0.5669767310077842,0.40514858446781316,0.8170290764365103,0.1751195417037677
461,rff,360,0.1,1,0.20655762356182972,0.555457590740325,0.3718692966037706,0.6474958813838647,0.1983939066247033
461,rff,360,1.0,1,0.20300532593221435,0.5561560064294637,0.3650150741615,0.623352930108201,0.20481998076579147
461,rff,3600,0.001,1,0.267041462374409,0.6685751726989783,0.39941875390973086,1.0599139128433523,0.24453094621351934
461,rff,3600,0.01,1,0.23056530005406126,0.5698949842710664,0.40457506456030595,0.7759369149644803,0.17712001736402178
461,rff,3600,0.1,1,0.20688211145839033,0.556079413238974,0.37203699064018964,0.6420428816422784,0.19857026573870865
461,rff,3600,1.0,1,0.20304185580397852,0.5562216532620451,0.36503766908966806,0.6227878830593575,0.2048347779437351
461,rff_ens,36,0.001,-1,0.24719630137237864,0.6295932151382145,0.3926285980037311,0.8100175076027688,0.22341099200130635
461,rff_ens,36,0.01,-1,0.2321874343401194,0.5656798152363192,0.4104573436885325,0.6895250696374621,0.16983975613681038
461,rff_ens,36,0.1,-1,0.20803306506252373,0.5556392213362864,0.3744031325978283,0.6287445304506989,0.19625653710726113
461,rff_ens,36,1.0,-1,0.20318281069214927,0.5561649784956321,0.36532830823281515,0.6213791627910392,0.2045470832673159
461,rff_ens,360,0.001,-1,0.26263076355832865,0.6772244654596485,0.3878046009162927,1.0981746923278062,0.26265633425348595
461,rff_ens,360,0.01,-1,0.23032551739511983,0.56901571436059,0.4047788340150491,0.7708652816073166,0.17648765914818818
461,rff_ens,360,0.1,-1,0.206909377569774,0.5556509902981308,0.3723729124621161,0.6409184419941818,0.19805072519186248
461,rff_ens,360,1.0,-1,0.2030457195289398,0.5561725781978589,0.365076825950067,0.622666615845239,0.2047740286862045
461,rff_ens,3600,0.001,-1,0.26071360268118443,0.6638208467735792,0.3927469345808456,1.0072790392839177,0.2475124606576313
461,rff_ens,3600,0.01,-1,0.22917088550474277,0.5685572900118261,0.40307439466650047,0.759415108864092,0.17774488256493973
461,rff_ens,3600,0.1,-1,0.20669886826473974,0.5559934088241271,0.3717649615701166,0.639815878293532,0.19876532305412342
461,rff_ens,3600,1.0,-1,0.2030227765055757,0.5562146608820375,0.3650079560715372,0.6225566220751083,0.20485741053480747
461,linlev,11,0.0,0,-0.04930159255058429,0.8799849293662733,-0.05602549646627374,-0.43310775235159255,1.1357172748267628
461,linlev,11,0.001,0,-0.15773619521485274,0.7496108825218594,-0.21042409987991736,0.3081697030621085,1.1625795396915704
461,linlev,11,0.01,0,-0.17345366800501819,0.6679586344301132,-0.25967726003423075,-0.056811347059790365,1.0834722150499791
461,linlev,11,0.1,0,-0.08426285394723303,0.3394623172429761,-0.24822447048495347,-0.13576821580513318,0.5511705680635758
461,linlev,11,1.0,0,-0.017351998004370445,0.07667845303357267,-0.22629561914574747,-0.03546859536915949,0.3011946397889122
461,rff_lev,36,0.001,0,0.21943223043753282,0.6070617651443273,0.36146606990701086,0.9078731655938971,0.2381199963656772
461,rff_lev,36,0.01,0,0.2095889767789475,0.5688829349719531,0.36842197910063973,0.7277843418536105,0.20868734611746062
461,rff_lev,36,0.1,0,0.20395753535758734,0.5581985484837062,0.36538528434303313,0.633318153637085,0.20557919182908907
461,rff_lev,36,1.0,0,0.20273846194992817,0.5564787751336373,0.3643237999530906,0.6218382818251106,0.20560455401400535
461,rff_lev,360,0.001,0,0.25055646049419217,0.6334384168883853,0.3955498337549384,0.8610656025972603,0.22321981368286303
461,rff_lev,360,0.01,0,0.2178787972459488,0.5620480536280492,0.38765154658846324,0.6936677973789431,0.18792155717032802
461,rff_lev,360,0.1,0,0.20472214677642472,0.55657131774052,0.3678273390147434,0.6303290393773247,0.20254846234512314
461,rff_lev,360,1.0,0,0.20281153939103302,0.5563014412517515,0.3645712995721894,0.6215645629959982,0.20529070205267638
461,rff_lev,3600,0.001,0,0.2509451163023431,0.6263393640843905,0.40065359243257104,0.8483842509384393,0.21369418457875486
461,rff_lev,3600,0.01,0,0.21751859105129795,0.5619655105994551,0.3870675102806013,0.6992687627182578,0.18839235723945794
461,rff_lev,3600,0.1,0,0.20463452960012568,0.5565468123687974,0.3676861048384264,0.6311631209782356,0.20266055264808852
461,rff_lev,3600,1.0,0,0.20280152727511672,0.5562981546119279,0.3645554557278561,0.6216502456250961,0.20530300852532865
461,rff_lev,36,0.001,1,0.24019943647597158,0.6538550967149043,0.36735881953475696,0.9389277672776707,0.26513335061729376
461,rff_lev,36,0.01,1,0.2067625115015356,0.5717539903734976,0.3616284538153695,0.7454955700843672,0.21643830545317477
461,rff_lev,36,0.1,1,0.20278766857652905,0.5576282055062767,0.3636610676685838,0.6379019447240881,0.2068066837356022
461,rff_lev,36,1.0,1,0.20260401152543975,0.5564039360427538,0.364131161555751,0.6223577879342337,0.20573566926499587
461,rff_lev,360,0.001,1,0.23115867196260545,0.6113146212842266,0.37813372020612895,0.9454631371050722,0.2251325206799878
461,rff_lev,360,0.01,1,0.21014030698471622,0.5587486341207444,0.37609095423632904,0.6978984213412519,0.19638833756780164
461,rff_lev,360,0.1,1,0.2036839730518525,0.5561974310306126,0.36620804356185876,0.6298979881039213,0.20378476384534158
461,rff_lev,360,1.0,1,0.20270360207291926,0.5562622827667186,0.3644029234998981,0.621505375713365,0.20541924016214463
461,rff_lev,3600,0.001,1,0.253513347739125,0.6178665170432287,0.41030439544175534,0.844801027532664,0.1993113216725845
461,rff_lev,3600,0.01,1,0.21771065415151222,0.5606241859719174,0.3883361788505102,0.6930313753225309,0.18658606531053576
461,rff_lev,3600,0.1,1,0.20464938547923253,0.5564639696845278,0.3677675404487607,0.6301330525995633,0.20254471636143148
461,rff_lev,3600,1.0,1,0.2028029168179249,0.5562906857461918,0.36456284819130325,0.6215408885399668,0.2052924832677824
461,rff_lev_ens,36,0.001,-1,0.2298158334567522,0.6078114742141085,0.37810380883957606,0.9234004664357837,0.2229284053660509
461,rff_lev_ens,36,0.01,-1,0.20817574414024154,0.5679688057380099,0.36652672125142716,0.7366399559689887,0.2098841832451273
461,rff_lev_ens,36,0.1,-1,0.20337260196705828,0.5578630372501963,0.36455651008806234,0.6356100491805866,0.20613634641255463
461,rff_lev_ens,36,1.0,-1,0.20267123673768397,0.5564407924879671,0.36422785581822115,0.6220980348796722,0.20566947905585728
461,rff_lev_ens,360,0.001,-1,0.24085756622839877,0.6177755668243039,0.38987875073553846,0.9032643698511661,0.21825385250356577
461,rff_lev_ens,360,0.01,-1,0.2140095521153325,0.5599860267310874,0.3821694504854184,0.6957831093600976,0.19167530108581615
461,rff_lev_ens,360,0.1,-1,0.20420305991413862,0.5563764495739482,0.3670231909896789,0.6301135137406229,0.20315749027633792
461,rff_lev_ens,360,1.0,-1,0.20275757073197614,0.5562817753157417,0.3644871713025154,0.6215349693546814,0.20535487135941927
461,rff_lev_ens,3600,0.001,-1,0.25222923202073405,0.6214243935573115,0.4058888492884243,0.8465926392355515,0.20563936513817907
461,rff_lev_ens,3600,0.01,-1,0.2176146226014051,0.5612505394804693,0.3877316943033028,0.6961500690203944,0.1874390136200654
461,rff_lev_ens,3600,0.1,-1,0.20464195753967912,0.5565046534917999,0.36772730696077555,0.6306480867888995,0.20260181185014756
461,rff_lev_ens,3600,1.0,-1,0.20280222204652082,0.556294412302328,0.3645591570966641,0.6215955670825315,0.20529773711856306
462,ff,6,0.0,0,0.1682005935761644,1.0291151590698944,0.16344195505601403,-1.7549852375705084,1.0160116925276372
462,fm,6,0.0,0,0.2025713716791145,0.9760450810126627,0.20754304859458272,-0.47895961784494284,0.8535998468078826
462,linrank,6,0.0,0,0.21841681360113163,0.7519573331361971,0.29046437075116766,-0.6309860442479324,0.4413555374918483
462,linrank,6,0.001,0,0.11004793573666316,0.6058835864563122,0.1816321455088605,-0.8391691140385574,0.42415302639687635
462,linrank,6,0.01,0,0.047723902286112195,0.2750994366522381,0.1734787350598667,-0.3799450978805155,0.24755289569670724
462,linrank,6,0.1,0,0.00776975345644769,0.042989308539761614,0.18073687901402974,-0.057792948077255574,0.25141237217774387
462,linrank,6,1.0,0,0.00083066023038684,0.004561065815852456,0.18211976409105837,-0.006099075597284338,0.26340360223015963
462,rff,36,0.001,0,0.27086762171075757,0.8045982795508997,0.3366495164045677,0.20126533137289002,0.4440558458991329
462,rff,36,0.01,0,0.25063380502180677,0.619214285594112,0.4047610186856936,0.5029619804142257,0.21001945503306046
462,rff,36,0.1,0,0.21238707907703444,0.5627282557973512,0.37742387535897776,0.5479118756935457,0.20204063245067305
462,rff,36,1.0,0,0.20450971544263502,0.5588217706235982,0.36596590575635474,0.546848828719442,0.21012999352118916
462,rff,360,0.001,0,0.24335828259978937,0.6601981779965961,0.36861398699746806,0.21880089567101754,0.2734117521135041
462,rff,360,0.01,0,0.23028167430399332,0.5681574508228214,0.40531312925755525,0.46870396961317173,0.18031261921088895
462,rff,360,0.1,0,0.20797473278334141,0.5568832766927007,0.37346198294639404,0.5394338597111882,0.20246643714275678
462,rff,360,1.0,0,0.20401387476138413,0.5582814108585579,0.3654319681675226,0.5458648652149737,0.21031547465574585
462,rff,3600,0.001,0,0.24691193096031938,0.6572404944536898,0.3756797291766951,0.2974368224818163,0.26415013665278403
462,rff,3600,0.01,0,0.22633577438296534,0.5614718632237441,0.40311151672576606,0.47858263025411907,0.17885041656468717
462,rff,3600,0.1,0,0.2071300886977138,0.5565283404201621,0.37218246341477745,0.5403166892910175,0.2034099193124535
462,rff,3600,1.0,0,0.2039213026975181,0.5582572106418654,0.36528198617095553,0.5459491973573866,0.2104358349055911
462,rff,36,0.001,1,0.27044175395695413,0.6503683714022911,0.41582857630951736,0.7298870811042645,0.22027768226301245
462,rff,36,0.01,1,0.22103083731652692,0.5388294735169143,0.4102055440172364,0.5680037800955415,0.16217358731544465
462,rff,36,0.1,1,0.2061925849461882,0.5525609536245167,0.3731580807396369,0.5517478130848266,0.20049724903798832
462,rff,36,1.0,1,0.20382389409568613,0.5578295283269936,0.36538742347860576,0.5471466356100337,0.21011360365961174
462,rff,360,0.001,1,0.2566626921582416,0.654456243200193,0.39217700927291865,0.42984283420753755,0.24590675686628177
462,rff,360,0.01,1,0.22651879909476244,0.5563917069113632,0.40712109163562415,0.5022324866070664,0.1728883290466873
462,rff,360,0.1,1,0.20700115014110324,0.5553033602395886,0.3727712903660289,0.5427923325419064,0.20225242714404984
462,rff,360,1.0,1,0.20390597519278025,0.5581209094663276,0.36534373060445646,0.5462002413786455,0.2103080752904173
462,rff,3600,0.001,1,0.25078169074026724,0.6531682654822154,0.383946532606146,0.38583250064098934,0.25300028733619684
462,rff,3600,0.01,1,0.22748147242479677,0.5613079013839104,0.4052703905716254,0.49745449833967725,0.176894864976108
462,rff,3600,0.1,1,0.20731136850323725,0.5563168050908682,0.3726498401740268,0.5422169765783232,0.20288708350386023
462,rff,3600,1.0,1,0.20394072123390208,0.5582307383861023,0.36533409432722025,0.5461375572844517,0.21037536196183138
462,rff_ens,36,0.001,-1,0.2706546878338558,0.7031541990417056,0.38491512701299063,0.46557620623857726,0.2914138413818511
462,rff_ens,36,0.01,-1,0.23583232116916686,0.5722106649101489,0.4121424776418634,0.5354828802548834,0.17642071577975657
462,rff_ens,36,0.1,-1,0.20928983201161133,0.5573781606774847,0.3754898321764576,0.5498298443891863,0.2009364131335802
462,rff_ens,36,1.0,-1,0.2041668047691606,0.5583224276014819,0.3656790318208215,0.5469977321647379,0.21011783716727786
462,rff_ens,360,0.001,-1,0.2500104873790155,0.6544851452001674,0.38199566363351517,0.3243218649392775,0.25587850370228443
462,rff_ens,360,0.01,-1,0.22840023669937787,0.5618506880563389,0.40651411763773676,0.48546822811011914,0.1760858197680958
462,rff_ens,360,0.1,-1,0.20748794146222235,0.5560825243201362,0.37312436983322955,0.5411130961265475,0.20234656615517924
462,rff_ens,360,1.0,-1,0.2039599249770822,0.5582010381834521,0.36538793557394106,0.5460325532968097,0.21031162944471485
462,rff_ens,3600,0.001,-1,0.24884681085029328,0.6547931582615409,0.38003880723337913,0.34163466156140265,0.25802862304903695
462,rff_ens,3600,0.01,-1,0.22690862340388104,0.5613642902784959,0.40420922266236503,0.488018564296898,0.1778435723403
462,rff_ens,3600,0.1,-1,0.2072207286004756,0.5564220506915745,0.37241645679376273,0.5412668329346704,0.20314790102971636
462,rff_ens,3600,1.0,-1,0.2039310119657101,0.558243968733567,0.3653080434139723,0.546043377320919,0.21040559171048062
462,linlev,11,0.0,0,0.05224020855690205,0.8749321594537405,0.05970772475607476,-0.9987440693818901,0.9287983352957883
462,linlev,11,0.001,0,0.0686951918059085,0.5682179761564636,0.12089584400440138,-0.5903645872001644,0.45524374356591946
462,linlev,11,0.01,0,0.05762376966961741,0.3036073430950776,0.1897970223057878,0.31801143519037894,0.24529380764609296
462,linlev,11,0.1,0,0.05752854043255562,0.17491862580792494,0.328887447902356,0.5096634614156769,0.18389240712686025
462,linlev,11,1.0,0,0.016373595916163244,0.047948705624173506,0.3414814999282992,0.14278717177921812,0.2348634105550714
462,rff_lev,36,0.001,0,0.18546701369244215,0.6707693974168477,0.2764989196088566,0.30555302282446445,0.3784389996672075
462,rff_lev,36,0.01,0,0.21222871579381689,0.5790212243756006,0.3665301147167413,0.4949650433141967,0.22089260387041695
462,rff_lev,36,0.1,0,0.20628361068787326,0.5608581223679846,0.36779998802001573,0.5450545867980346,0.2095909694619593
462,rff_lev,36,1.0,0,0.20385511052263616,0.5587378591527505,0.36484928877336953,0.5464971018456724,0.21107810966466115
462,rff_lev,360,0.001,0,0.25331023342918335,0.7041451510655908,0.3597415008054037,0.31471092714018545,0.318409430643903
462,rff_lev,360,0.01,0,0.21873805026613807,0.5672612592126152,0.3856037173590112,0.4933604669452969,0.19719899967857565
462,rff_lev,360,0.1,0,0.2056535764959441,0.5583395591925366,0.3683306566945706,0.5425795151736228,0.20777273326613963
462,rff_lev,360,1.0,0,0.2037619195757224,0.5584670910777735,0.3648593137018812,0.5461900278957198,0.21092400190774682
462,rff_lev,3600,0.001,0,0.2555916004546916,0.6603880655022037,0.38703243411935745,0.43000871382414324,0.25529969174448897
462,rff_lev,3600,0.01,0,0.2200753405150438,0.5627609485838051,0.3910636320250474,0.5152669698576482,0.19002578909680742
462,rff_lev,3600,0.1,0,0.20584593145387844,0.5578791936684486,0.36897940233314036,0.5449709798918975,0.20695330868965475
462,rff_lev,3600,1.0,0,0.20378171515981938,0.5584196614314956,0.36492575250203363,0.5464275847456708,0.2108395047602437
462,rff_lev,36,0.001,1,0.26689364505172064,0.7848173752489659,0.34007101966499476,0.06208009061985451,0.41842666953136687
462,rff_lev,36,0.01,1,0.22047069857263124,0.5821423206907724,0.3787230213928096,0.39023440175321056,0.21159904269621804
462,rff_lev,36,0.1,1,0.20579134058961493,0.5589081837197335,0.3682024106714632,0.5231591527619693,0.20818918188447075
462,rff_lev,36,1.0,1,0.2037745356416557,0.5584986443115758,0.3648612896685453,0.5440747254289532,0.21093915516366757
462,rff_lev,360,0.001,1,0.25438402392753107,0.6805123891302772,0.37381248011170565,0.32331004961747223,0.284083724907437
462,rff_lev,360,0.01,1,0.21928804637432123,0.5639418257362595,0.38884870099504976,0.48037689725753724,0.1925849667219081
462,rff_lev,360,0.1,1,0.2057975568703445,0.5576634544155885,0.36903540162231546,0.5396059928134644,0.20678947843697906
462,rff_lev,360,1.0,1,0.20377760388214677,0.5583908507295146,0.3649372184660973,0.5458574779918529,0.21081387563122514
462,rff_lev,3600,0.001,1,0.24904624575548495,0.6584606048191866,0.37822497493813334,0.3673296137167813,0.262545338485919
462,rff_lev,3600,0.01,1,0.21786086081183628,0.5616112126997401,0.3879211381207117,0.5014992160689624,0.19219221665321287
462,rff_lev,3600,0.1,1,0.2055779969610771,0.5578095251030933,0.36854515333541954,0.5433748099014596,0.20730121458125145
462,rff_lev,3600,1.0,1,0.20375438398801154,0.5584136520927672,0.3648807353194198,0.5462643908131547,0.21087631723503142
462,rff_lev_ens,36,0.001,-1,0.22618032937208138,0.6639326690195918,0.34066757056265157,0.18381655672215946,0.30464690101531783
462,rff_lev_ens,36,0.01,-1,0.21634970718322408,0.5729033806936421,0.37763733724398507,0.44259972253370355,0.20736949441516137
462,rff_lev_ens,36,0.1,-1,0.20603747563874406,0.5597335142559818,0.368099230064179,0.534106869780002,0.20872152644458772
462,rff_lev_ens,36,1.0,-1,0.20381482308214602,0.5586166186176886,0.36485635458982785,0.5452859136373128,0.21100679191271327
462,rff_lev_ens,360,0.001,-1,0.2538471286783572,0.6851140424479328,0.37051806407492954,0.31901048837882895,0.2911687879140184
462,rff_lev_ens,360,0.01,-1,0.2190130483202297,0.5648625577234397,0.3877280328207908,0.486868682101417,0.19405375718506473
462,rff_lev_ens,360,0.1,-1,0.20572556668314437,0.5579877905332418,0.3686918785203928,0.5410927539935437,0.2072656791781195
462,rff_lev_ens,360,1.0,-1,0.20376976172893463,0.5584288224769388,0.36489836041252977,0.5460237529437862,0.2108687714833164
462,rff_lev_ens,3600,0.001,-1,0.25231892310508824,0.6587164580209273,0.38304633204879196,0.39866916377046213,0.25797779418750927
462,rff_lev_ens,3600,0.01,-1,0.21896810066344008,0.5621261965475792,0.3895354851068683,0.5083830929633052,0.19104011799946033
462,rff_lev_ens,3600,0.1,-1,0.20571196420747778,0.5578433384793073,0.36876296626263017,0.5441728948966785,0.2071261034620204
462,rff_lev_ens,3600,1.0,-1,0.20376804957391548,0.5584166458672014,0.36490325115124544,0.5463459877794128,0.21085789863404064
463,ff,6,0.0,0,0.3965534427130796,1.0524674175344557,0.37678453138440954,0.07076282010163464,0.7363954398370691
463,fm,6,0.0,0,0.28511408627001067,0.9211564656008207,0.3095175433459571,0.1012872609074475,0.6241511311317436
463,linrank,6,0.0,0,0.1278223911782115,0.6563724376597645,0.1947406439459135,0.38432444911472385,0.45607858561350006
463,linrank,6,0.001,0,-0.08781390434467183,0.48936653410922343,-0.17944403269119408,0.1873020937614707,0.6873787225556587
463,linrank,6,0.01,0,-0.06167701196887967,0.2162228703914438,-0.2852474017074204,0.12270767077148403,0.43847043478746967
463,linrank,6,0.1,0,-0.010342057871402563,0.03192210999982503,-0.32397789091821466,0.02027194974748575,0.2863701223746475
463,linrank,6,1.0,0,-0.0010982426403530914,0.0033449864328978706,-0.3283249909631616,0.002075300122328947,0.26676890771582557
463,rff,36,0.001,0,0.12280595130996287,0.7490925954458199,0.16393961448367453,0.5222758954764758,0.5951691429729599
463,rff,36,0.01,0,0.20313343342075432,0.5904234496546529,0.3440470285175326,0.5216022130786893,0.2481562021978818
463,rff,36,0.1,0,0.21346286028523279,0.5729572140866113,0.3725633520917054,0.415532854460984,0.2114806686885639
463,rff,36,1.0,0,0.2140181195982956,0.5738179251500827,0.3729721750018857,0.39548866812432354,0.21159455490733112
463,rff,360,0.001,0,0.12063488917516062,0.6442434338313379,0.18725047527103347,0.7839139619373308,0.4528926275347612
463,rff,360,0.01,0,0.18487090942914608,0.5516255020829459,0.33513843854403186,0.5900766417259331,0.23328615620711535
463,rff,360,0.1,0,0.21005039853721805,0.5683823282909893,0.3695582851226165,0.4232484291786915,0.21163887132868003
463,rff,360,1.0,0,0.2136467463285039,0.5733861697459729,0.3726053358126091,0.3962475012768077,0.21168316657969202
463,rff,3600,0.001,0,0.12818810865363853,0.6399486706619913,0.20030998505088704,0.8252346407330119,0.4341503023389559
463,rff,3600,0.01,0,0.18804930859751592,0.5497888445906085,0.34203914911650096,0.5776792144696934,0.22609172626923424
463,rff,3600,0.1,0,0.21060737998201562,0.5685656921152928,0.3704187271632088,0.419946321497577,0.21096768215338585
463,rff,3600,1.0,0,0.21370618648231832,0.5734136566449285,0.3726911349351596,0.3958833928629031,0.2116212101670729
463,rff,36,0.001,1,0.029295780833840507,0.6438611924717551,0.045500149995646236,0.8464317735199781,0.6213839436421197
463,rff,36,0.01,1,0.14374167004593438,0.5198725636972517,0.27649404889472584,0.562259163301157,0.2680058374648643
463,rff,36,0.1,1,0.20299464232130887,0.5628737115343851,0.36063976370107703,0.4171537772181604,0.21660438266901866
463,rff,36,1.0,1,0.21288133467175877,0.5727860431638938,0.3716594306241608,0.3955967305557813,0.21219967191544767
463,rff,360,0.001,1,0.13239589094416646,0.6588243299663457,0.20095780456518592,0.8766550666618191,0.451346415170157
463,rff,360,0.01,1,0.18354632808660132,0.5452166354055251,0.3366484369100035,0.5580632366669919,0.22841780526777886
463,rff,360,0.1,1,0.20954336373967186,0.5672385215848201,0.36940961476703676,0.41498519659231625,0.2111412615417111
463,rff,360,1.0,1,0.21358922592577256,0.5732643382160669,0.37258418444523833,0.3953186864005816,0.21163393441431652
463,rff,3600,0.001,1,0.12632654372181343,0.6489105211900764,0.19467482741709213,0.8760064393133812,0.448950200080235
463,rff,3600,0.01,1,0.18680883378321733,0.5487026609943442,0.340455490856719,0.573226108913011,0.226914510359271
463,rff,3600,0.1,1,0.210313646125897,0.5681934361464974,0.37014444860934964,0.4189158377698442,0.2110083457389249
463,rff,3600,1.0,1,0.2136736159682039,0.5733715149873002,0.37266172173365925,0.39577177880405967,0.2116241037873375
463,rff_ens,36,0.001,-1,0.0760508660719017,0.6485163495933967,0.11726900350250795,0.6843538344982272,0.5388154851404137
463,rff_ens,36,0.01,-1,0.17343755173334433,0.5481482573010983,0.31640628137229476,0.541930688189923,0.24823202023078475
463,rff_ens,36,0.1,-1,0.2082287513032708,0.5676932144179623,0.36679802755218954,0.416343315839572,0.2137373233229622
463,rff_ens,36,1.0,-1,0.21344972713502725,0.5732993453514376,0.3723181072257822,0.3955426993400525,0.211893498488336
463,rff_ens,360,0.001,-1,0.12651539005966356,0.6480373586729595,0.19522854410545054,0.8302845142995751,0.4474878094024337
463,rff_ens,360,0.01,-1,0.18420861875787373,0.5480311167594691,0.3361280283628911,0.5740699391964625,0.23041371000955327
463,rff_ens,360,0.1,-1,0.20979688113844489,0.5678005022234713,0.36949048180988464,0.4191168128855038,0.2113784067477412
463,rff_ens,360,1.0,-1,0.21361798612713825,0.573325139403732,0.3725948357145208,0.39578309383869464,0.21165841457903234
463,rff_ens,3600,0.001,-1,0.12725732618772595,0.6440852153300791,0.1975783998123749,0.8506205400231966,0.44108556666377774
463,rff_ens,3600,0.01,-1,0.1874290711903666,0.5492126155219471,0.3412686924757589,0.5754526616913522,0.22646603875899415
463,rff_ens,3600,0.1,-1,0.21046051305395633,0.5683788588073669,0.3702820922923963,0.4194310796337104,0.21098715595017264
463,rff_ens,3600,1.0,-1,0.21368990122526105,0.5733925779441269,0.37267643399123945,0.3958275858334813,0.21162264724053742
463,linlev,11,0.0,0,0.22726450899769168,1.1546315850534925,0.1968285918552651,1.0023924711969872,1.1948542636217052
463,linlev,11,0.001,0,-0.0733181912992756,0.4528407451485312,-0.16190723137165433,0.6443552517916448,0.6216367076046113
463,linlev,11,0.01,0,-0.11730151692698965,0.3309583130193334,-0.35442988531349356,0.1862868071962334,0.6224561120479413
463,linlev,11,0.1,0,-0.05936458234656855,0.19622878491382714,-0.3025273910381609,-0.020194058116338624,0.4253190817230627
463,linlev,11,1.0,0,-0.012789652765439453,0.05412579947887023,-0.2362949441593433,-0.01618222270916266,0.2932325102819523
463,rff_lev,36,0.001,0,0.2143483378174279,0.65185210439251,0.3288297090291496,0.6924928617143479,0.30671972765516814
463,rff_lev,36,0.01,0,0.22092718894343624,0.5733892949218193,0.3853005120605876,0.49811930256975046,0.20028975582250336
463,rff_lev,36,0.1,0,0.21612960038948723,0.5729492684020342,0.3772229275940548,0.405421947302301,0.20728369491195714
463,rff_lev,36,1.0,0,0.21430518868769957,0.5738873179555847,0.37342729484098036,0.3943105621283131,0.2112230175973117
463,rff_lev,360,0.001,0,0.2449707417693831,0.5897893960955396,0.4153529096845621,0.17804048831043764,0.18248073989500282
463,rff_lev,360,0.01,0,0.2281877304933513,0.5697757174314385,0.4004869346170571,0.36218200305468445,0.1848985748995002
463,rff_lev,360,0.1,0,0.21656794184772588,0.5727561395726163,0.37811544370231676,0.38955040858816764,0.20637541252282043
463,rff_lev,360,1.0,0,0.21434027813586648,0.5738653302222729,0.3735027485505126,0.3927077955030293,0.21114264315473194
463,rff_lev,3600,0.001,0,0.2220869796177657,0.5591721917127559,0.3971710019010579,0.24107075122893667,0.18238223462904338
463,rff_lev,3600,0.01,0,0.22452433389889162,0.5627045932103212,0.39900924322999354,0.3491810366777478,0.18255899529893663
463,rff_lev,3600,0.1,0,0.2161040215026744,0.5718918948914963,0.3778756499839455,0.3862756829329299,0.20611327191085188
463,rff_lev,3600,1.0,0,0.21429008616416864,0.5737785121240448,0.3734717868239747,0.39234256036337717,0.21112187703917815
463,rff_lev,36,0.001,1,0.2523941469479057,0.6928111265784093,0.3643044074572045,-0.09862160778843965,0.30346179599258016
463,rff_lev,36,0.01,1,0.22358817585932603,0.5733714036525783,0.38995348291698956,0.22704544129107868,0.19613011455596283
463,rff_lev,36,0.1,1,0.21551827447812172,0.5723299805404576,0.37656296508284504,0.37051549631704495,0.2075332116672101
463,rff_lev,36,1.0,1,0.21421991362447002,0.5738163626524572,0.37332486064747583,0.39072772687341334,0.2112755895560177
463,rff_lev,360,0.001,1,0.2252250386358237,0.5385450737384089,0.41821019190164155,0.18383456201226855,0.1548670645687551
463,rff_lev,360,0.01,1,0.22832283742752507,0.5632978196046584,0.4053323650138923,0.32469207873792055,0.17735010417125427
463,rff_lev,360,0.1,1,0.21668242052942344,0.5722883810877069,0.37862453212415553,0.38321897992703974,0.20566044879961756
463,rff_lev,360,1.0,1,0.21434952533397622,0.5738259849954719,0.37354447330520885,0.3920343206389433,0.2110829567629578
463,rff_lev,3600,0.001,1,0.22607725239674578,0.5494833894743842,0.4114360083077362,0.12262312193934198,0.16544844193001423
463,rff_lev,3600,0.01,1,0.22537936872797537,0.5621065415973551,0.40095489386675354,0.3279907181484276,0.1805609138627949
463,rff_lev,3600,0.1,1,0.216089812050196,0.5718923813820003,0.3778504821624071,0.38472712730565367,0.20613610601825821
463,rff_lev,3600,1.0,1,0.2142855220558022,0.5737803359470838,0.3734626452509945,0.3922051638954926,0.21113114213465772
463,rff_lev_ens,36,0.001,-1,0.23337124238266677,0.6184904422748745,0.3773239268246445,0.2969356269629541,0.2348101065552517
463,rff_lev_ens,36,0.01,-1,0.22225768240138108,0.5678677233920161,0.3913898840275343,0.3625823719304145,0.19191689121808828
463,rff_lev_ens,36,0.1,-1,0.21582393743380449,0.5725385598602403,0.376959654012628,0.3879687218096729,0.20729252699264558
463,rff_lev_ens,36,1.0,-1,0.2142625511560848,0.5738507409227661,0.3733767962232572,0.3925191445008632,0.21124803873733783
463,rff_lev_ens,360,0.001,-1,0.2350978902026034,0.5611275310437643,0.41897407843328094,0.18093752516135314,0.16449937103176523
463,rff_lev_ens,360,0.01,-1,0.22825528396043815,0.5662893475963893,0.4030718305567038,0.34343704089630234,0.1808335593001141
463,rff_lev_ens,360,0.1,-1,0.2166251811885746,0.5725175378179413,0.3783730049811342,0.38638469425760386,0.20601246522093727
463,rff_lev_ens,360,1.0,-1,0.21434490173492135,0.5738456038999167,0.37352364517251724,0.39237105807098627,0.2111127379091562
463,rff_lev_ens,3600,0.001,-1,0.22408211600725572,0.5537606408926019,0.4046551875663459,0.1818469365841394,0.1732594374655488
463,rff_lev_ens,3600,0.01,-1,0.2249518513134335,0.562375593069125,0.40000287012061586,0.33858587741308765,0.18152596782630992
463,rff_lev_ens,3600,0.1,-1,0.2160969167764351,0.5718917486929591,0.3778633233829967,0.38550140511929176,0.2061242434744877
463,rff_lev_ens,3600,1.0,-1,0.21428780410998544,0.5737794199031949,0.37346721871993765,0.3922738621294347,0.21112650483874157
464,ff,6,0.0,0,0.33912182146977216,0.9800916738310594,0.3460103075298927,0.25975613489810884,0.6666153020571985
464,fm,6,0.0,0,0.2566298777813606,0.9097055276035441,0.2821021418407844,0.4863694639084646,0.6494389316465964
464,linrank,6,0.0,0,0.30088688737715513,0.6803485864465842,0.44225400533080766,0.6036684079712951,0.22090898940786696
464,linrank,6,0.001,0,0.16949883644841499,0.47691875221810975,0.35540400888010776,0.39234357137294007,0.18645932496461431
464,linrank,6,0.01,0,0.07772577464377582,0.2277489518345898,0.34127829795777387,0.20499569438651788,0.17173497790497677
464,linrank,6,0.1,0,0.014446302829912808,0.040482320097182466,0.3568546169101177,0.03919941884785612,0.2422305543328778
464,linrank,6,1.0,0,0.0016039999833419986,0.004468403986083395,0.35896485374589465,0.004369523685828196,0.2660901855702445
464,rff,36,0.001,0,0.29752079028880435,0.7267364985930662,0.4093929379696673,0.7642249985128485,0.29089862455057497
464,rff,36,0.01,0,0.26086056266710167,0.6053122403971988,0.4309520694574556,0.7437924870359159,0.1820056622822689
464,rff,36,0.1,0,0.22223550815136278,0.5801754297031512,0.3830488103659791,0.8269663447050732,0.21079678009860398
464,rff,36,1.0,0,0.2141224561299863,0.580037781815568,0.3691526015077236,0.8464297913185073,0.22332298837948902
464,rff,360,0.001,0,0.2704257117335689,0.608259979932302,0.4445890255079196,0.8682967857797631,0.1715344913735128
464,rff,360,0.01,0,0.2417454774952547,0.5589144502096325,0.43252679798238003,0.8025694483661036,0.15661092963883425
464,rff,360,0.1,0,0.21791508528781212,0.5742701071341121,0.37946444117614736,0.8403185077460981,0.21071861585499357
464,rff,360,1.0,0,0.21363469661014503,0.5794676138835566,0.36867409237658394,0.8479326102086163,0.22342875200212056
464,rff,3600,0.001,0,0.27324473335066546,0.610290458324289,0.447728994651055,0.9207017724995612,0.16990330721101515
464,rff,3600,0.01,0,0.23991245342416706,0.5588136036071026,0.4293246475668255,0.8214064019210362,0.15928136812282426
464,rff,3600,0.1,0,0.21738541320787055,0.5745986489667427,0.3783256601782449,0.8431446661028985,0.2119248449410209
464,rff,3600,1.0,0,0.21357460414251075,0.5795102030866534,0.36854330261131785,0.8482314856989985,0.22357262481794185
464,rff,36,0.001,1,0.2931992852020958,0.6144191396273176,0.4771975127271245,0.7681571250059055,0.14635377566600052
464,rff,36,0.01,1,0.23451123011280028,0.5329982502001231,0.4399849906162902,0.8295767937914866,0.1393358376266105
464,rff,36,0.1,1,0.21659958529030712,0.5689037022113986,0.3807315446328753,0.8467787958498604,0.20664327824395365
464,rff,36,1.0,1,0.21349646259701646,0.5788674989446375,0.3688174979356288,0.8486448706102582,0.22295104176862526
464,rff,360,0.001,1,0.28099950588538036,0.6192245575748927,0.45379257403142415,0.9047133944904732,0.1696764093276879
464,rff,360,0.01,1,0.23813532938549167,0.5546275461546305,0.42936080444713326,0.821901637347875,0.15732513737085926
464,rff,360,0.1,1,0.21682014424280838,0.5735192158108499,0.3780521005495254,0.8435676916786461,0.21157062345494668
464,rff,360,1.0,1,0.21351008972595556,0.5793925068039507,0.368506819157399,0.8482832276248522,0.22353770199023965
464,rff,3600,0.001,1,0.27437720292885326,0.6107074062056606,0.4492776739577554,0.9431563933386462,0.16876762571059933
464,rff,3600,0.01,1,0.23981058066572208,0.5582885158598685,0.429545967458007,0.8290942548381115,0.1588496662956004
464,rff,3600,0.1,1,0.2173750534475971,0.5743637921619255,0.3784623202472248,0.8441270870055941,0.21167121879957815
464,rff,3600,1.0,1,0.21357350586786478,0.5794826588803242,0.3685589250945512,0.8483332481199317,0.22354242870277058
464,rff_ens,36,0.001,-1,0.29536003774545017,0.6405852257731424,0.46107844180916113,0.766191061759377,0.1761425539717204
464,rff_ens,36,0.01,-1,0.24768589638995095,0.5623901371826813,0.44041650095562596,0.786684640413701,0.15153482297774562
464,rff_ens,36,0.1,-1,0.2194175467208349,0.574296873594785,0.38206293087998344,0.8368725702774666,0.2084015114748634
464,rff_ens,36,1.0,-1,0.21380945936350146,0.5794497299256534,0.36898707225376465,0.8475373309643826,0.22313320178402182
464,rff_ens,360,0.001,-1,0.2757126088094747,0.6110670610888681,0.45119861037539627,0.8865050901351181,0.1672708242721627
464,rff_ens,360,0.01,-1,0.2399404034403732,0.5564490788698077,0.43119921040701736,0.8122355428569894,0.15660181378423924
464,rff_ens,360,0.1,-1,0.21736761476531027,0.573884739867644,0.37876528101346996,0.8419430997123725,0.2111327911578922
464,rff_ens,360,1.0,-1,0.21357239316805024,0.5794299437607636,0.3685905353490508,0.8481079189167344,0.22348308660082855
464,rff_ens,3600,0.001,-1,0.27381096813975936,0.6101152020392121,0.44878568379314293,0.9319290829191037,0.16886671584026133
464,rff_ens,3600,0.01,-1,0.23986151704494457,0.5585161199800464,0.42946212018645746,0.825250328379574,0.15902641563357778
464,rff_ens,3600,0.1,-1,0.21738023332773382,0.574480483208809,0.3783944619206875,0.8436358765542463,0.21179717086077823
464,rff_ens,3600,1.0,-1,0.21357405500518778,0.5794964228151784,0.3685511188622194,0.848282366909465,0.22355751710337043
464,linlev,11,0.0,0,0.3081611386724863,0.8926731133734348,0.3452116279249605,0.008994880980308187,0.5447819434695712
464,linlev,11,0.001,0,0.20721542858237213,0.5967691004757824,0.34722881666823363,0.5681402122049521,0.25391638204730554
464,linlev,11,0.01,0,0.12714672169572638,0.3286018133389046,0.3869325016919282,0.40906161115401196,0.1391276432629331
464,linlev,11,0.1,0,0.08128965457126656,0.22085641636737466,0.3680656233960103,0.3478827864850444,0.16208190153522095
464,linlev,11,1.0,0,0.024400398520499467,0.0704275509594868,0.34646098278407705,0.11399798833198097,0.2260302684279105
464,rff_lev,36,0.001,0,0.23900120253728094,0.6804771260118448,0.35122591693570127,0.8417105069924873,0.31144393485184374
464,rff_lev,36,0.01,0,0.2328854995743475,0.5845876101213054,0.3983757020201341,0.916114428120864,0.19948297675743706
464,rff_lev,36,0.1,0,0.2171669510580687,0.579587104412043,0.37469251714696417,0.8626954359086121,0.21802444020325573
464,rff_lev,36,1.0,0,0.21356728005792422,0.5800577062295054,0.3681828165789841,0.850367015287533,0.22421901163852553
464,rff_lev,360,0.001,0,0.28346958012015827,0.6542328965551856,0.4332854272732939,0.9331985714887145,0.2107121716349695
464,rff_lev,360,0.01,0,0.2386222047407394,0.5809830387835286,0.4107214648475286,0.8782478033646346,0.18651308455479484
464,rff_lev,360,0.1,0,0.21717319740571486,0.5789465903356718,0.375117845119009,0.8512884317267689,0.21727260340809115
464,rff_lev,360,1.0,0,0.21355621886873918,0.5799853123676929,0.36820970171974127,0.8490610621377471,0.22415242952908399
464,rff_lev,3600,0.001,0,0.2791370789989129,0.6225189357542521,0.4483993385047906,0.8516416442609468,0.17644882233362566
464,rff_lev,3600,0.01,0,0.23633744300243417,0.5737286346595121,0.41193245155471836,0.8615226398283384,0.18162069327512734
464,rff_lev,3600,0.1,0,0.21661374772192313,0.5781389621976444,0.3746741906107184,0.8497647940868048,0.21721432595605905
464,rff_lev,3600,1.0,0,0.21349093362665544,0.5799077871095346,0.36814634735424007,0.8489201866829027,0.22416519912454658
464,rff_lev,36,0.001,1,0.29522089520209027,0.6819281630565288,0.4329208136511848,0.6866379211565209,0.23101525221619398
464,rff_lev,36,0.01,1,0.23650018842182807,0.5792144616031906,0.40831195368849427,0.8271447445143083,0.187697000896977
464,rff_lev,36,0.1,1,0.21627168870075855,0.5787027915612071,0.3737180671226888,0.845638421901279,0.21840263297949372
464,rff_lev,36,1.0,1,0.2134468546350889,0.5799679052936135,0.3680321836551105,0.8485034993372101,0.22430426774089596
464,rff_lev,360,0.001,1,0.27670430977548366,0.6182144154543979,0.4475863112510914,0.6523113297684439,0.1746213650597815
464,rff_lev,360,0.01,1,0.2353420379313374,0.5727157860894369,0.4109229108879247,0.8082073319608708,0.1819808166778409
464,rff_lev,360,0.1,1,0.21642414619857878,0.5782571344387775,0.37426973799229885,0.8429223974456593,0.21764807827677166
464,rff_lev,360,1.0,1,0.21346879880600486,0.5799268467252411,0.3680960797235561,0.84821682209323,0.2242221240911492
464,rff_lev,3600,0.001,1,0.28182805747884426,0.6180863776432434,0.4559687248786352,0.7922519705901181,0.16707735533955534
464,rff_lev,3600,0.01,1,0.23631530099110057,0.5733989895362878,0.41213065475091015,0.8443291146418317,0.1812763667883483
464,rff_lev,3600,0.1,1,0.21656480638021502,0.5781495873626223,0.3745826531990292,0.8476087555117044,0.21730329405643944
464,rff_lev,3600,1.0,1,0.21348465388860743,0.5799099244291072,0.36813416169549534,0.8486996899279364,0.2241775562068955
464,rff_lev_ens,36,0.001,-1,0.2671110488696856,0.6379263167572603,0.4187177137125776,0.764174214074504,0.2133518463871761
464,rff_lev_ens,36,0.01,-1,0.2346928439980878,0.5769755348184386,0.40676394376399416,0.8716295863175864,0.1878714568935576
464,rff_lev_ens,36,0.1,-1,0.21671931987941362,0.5790420975124649,0.3742721311808393,0.8541669289049457,0.21809402062860236
464,rff_lev_ens,36,1.0,-1,0.2135070673465066,0.5800116634838582,0.3681082309001679,0.8494352573123714,0.2242603089780039
464,rff_lev_ens,360,0.001,-1,0.28008694494782094,0.6307357887189585,0.44406382190026844,0.792754950628579,0.1853780880922874
464,rff_lev_ens,360,0.01,-1,0.23698212133603846,0.57649026844497,0.4110774011420456,0.8432275676627528,0.18381295885940463
464,rff_lev_ens,360,0.1,-1,0.2167986718021468,0.5785943978541486,0.37469887818858066,0.847105414586214,0.21745144380588524
464,rff_lev_ens,360,1.0,-1,0.21351250883737194,0.5799559919853635,0.36815294916853003,0.8486389421154884,0.22418717248181103
464,rff_lev_ens,3600,0.001,-1,0.2804825682388785,0.6195158023596308,0.45274481646887443,0.8219468074255327,0.17078081006821622
464,rff_lev_ens,3600,0.01,-1,0.23632637199676734,0.5735225209591128,0.412061189160548,0.8529258772350848,0.18140113824171486
464,rff_lev_ens,3600,0.1,-1,0.21658927705106912,0.5781436593776857,0.37462882025586164,0.8486867747992544,0.2172580977967872
464,rff_lev_ens,3600,1.0,-1,0.21348779375763144,0.5799088492475942,0.3681402586537907,0.8488099383054194,0.2241713700907061
465,ff,6,0.0,0,0.3912995995429209,1.262906650638387,0.30984047739801096,-0.3403625401731616,1.2375089877851706
465,fm,6,0.0,0,0.2235287138035446,0.7708136964219038,0.28999058377031806,-0.11071247388353628,0.46912101492106956
465,linrank,6,0.0,0,0.18063864327999143,0.6417517089697755,0.28147746356605174,-0.22462041355611473,0.3552578908935733
465,linrank,6,0.001,0,-0.07344016772723601,0.4150517751394067,-0.17694218438788528,-0.15000956712208752,0.5966013717785422
465,linrank,6,0.01,0,-0.06098624080116466,0.19965767375043578,-0.305454028666061,-0.08505108041430662,0.4376145918987152
465,linrank,6,0.1,0,-0.011229103373298565,0.03428541804664729,-0.3275183449133017,-0.019995283429397347,0.2958193914416916
465,linrank,6,1.0,0,-0.0012195646783251027,0.003772314425921396,-0.32329348527919205,-0.00234509363537874,0.2745144490926757
465,rff,36,0.001,0,0.18552104071819198,0.7478255804047211,0.24808062946681833,0.5822469411315436,0.49467867586232805
465,rff,36,0.01,0,0.21950989712801106,0.5993754938548225,0.3662310177485828,0.016317838678726073,0.24047538535673313
465,rff,36,0.1,0,0.2155204793226563,0.5812180719872125,0.3708082898829718,-0.1830087602408018,0.22528216760858022
465,rff,36,1.0,0,0.21438822791821685,0.5825972875502186,0.3679869997673772,-0.216064839427663,0.22866505793624453
465,rff,360,0.001,0,0.1734593019647603,0.6232284090734524,0.2783238046266866,0.2332257041893418,0.3436427774267007
465,rff,360,0.01,0,0.1930092886748479,0.5498095707543414,0.3510475243456352,-0.0868360776797756,0.22558417430004096
465,rff,360,0.1,0,0.21019355105923765,0.5748055953564126,0.36567763563419303,-0.2002312653873443,0.2262553012833499
465,rff,360,1.0,0,0.213803377078102,0.581966596375549,0.36738084008542043,-0.21793474096957918,0.22884985123263105
465,rff,3600,0.001,0,0.17734839837904784,0.6292989074394844,0.28181901522862934,0.14474358680223415,0.3448323745959394
465,rff,3600,0.01,0,0.19399443540728006,0.5496034083870484,0.352971674569134,-0.10090642721017608,0.2237684787069826
465,rff,3600,0.1,0,0.21045466612592875,0.5750428912888049,0.3659808151949342,-0.20214823060186535,0.22611576310599976
465,rff,3600,1.0,0,0.21383279454255869,0.5819987971786921,0.36741105923094414,-0.21813599224487826,0.2288410768961002
465,rff,36,0.001,1,0.07448949391501736,0.5712922426675959,0.13038772164522242,-0.06388293082649663,0.4550041254477447
465,rff,36,0.01,1,0.14593415024722894,0.5077147061932504,0.2874333724571735,-0.1987434787991436,0.25926230064071426
465,rff,36,0.1,1,0.20210503561421453,0.5674687306576078,0.356151845371297,-0.21824189528453236,0.2307167365082434
465,rff,36,1.0,1,0.21292579513948562,0.5811641364668223,0.36637807080451396,-0.21985254266977614,0.22929715951393112
465,rff,360,0.001,1,0.1736808401299255,0.6283472862758798,0.27640899216626813,0.13718342973208092,0.3496832681805409
465,rff,360,0.01,1,0.1869410631573887,0.5398775479104941,0.3462656742828311,-0.13048076732004577,0.22459220355937803
465,rff,360,0.1,1,0.2090948763487669,0.5731188839083163,0.36483682918083093,-0.20774777259269073,0.2260557717519793
465,rff,360,1.0,1,0.2136866844621363,0.5817918017276885,0.3672906421636958,-0.21874530886608462,0.2288299327915909
465,rff,3600,0.001,1,0.17725143249013467,0.6340471535334113,0.27955560008802144,0.0979966645722435,0.35099060028524925
465,rff,3600,0.01,1,0.1921563833682775,0.5472294683836265,0.35114407112587975,-0.11908021956335238,0.22413100204194064
465,rff,3600,0.1,1,0.210049090051053,0.5744779842321073,0.36563470805904114,-0.2045673250514257,0.22610699653844749
465,rff,3600,1.0,1,0.21378821269045029,0.5819369812248459,0.36737347786434604,-0.21838517001704752,0.22883922666345616
465,rff_ens,36,0.001,-1,0.13000526731660464,0.606376502951659,0.21439694098266998,0.2591820051525234,0.3966429002706287
465,rff_ens,36,0.01,-1,0.18272202368762006,0.5448248548057437,0.3353775476208207,-0.0912128200602087,0.2368370150212516
465,rff_ens,36,0.1,-1,0.2088127574684354,0.5740760622428219,0.3637370920024741,-0.20062532776266706,0.22760018002681806
465,rff_ens,36,1.0,-1,0.21365701152885122,0.5818775636437112,0.36718551268918714,-0.21795869104871962,0.22897639663157113
465,rff_ens,360,0.001,-1,0.1735700710473429,0.6240172346573074,0.27814948275052476,0.18520456696071125,0.3444435386599399
465,rff_ens,360,0.01,-1,0.18997517591611832,0.5445837360922552,0.34884474751176847,-0.10865842249991065,0.22477126329021546
465,rff_ens,360,0.1,-1,0.20964421370400224,0.5739530965459354,0.3652636686963561,-0.2039895189900174,0.22614402800812555
465,rff_ens,360,1.0,-1,0.2137450307701191,0.581879089744088,0.3673358169033446,-0.21834002491783192,0.22883975376198207
465,rff_ens,3600,0.001,-1,0.17729991543459128,0.6314450665621322,0.2807843862014647,0.12137012568723866,0.3476179032714791
465,rff_ens,3600,0.01,-1,0.19307540938777884,0.5483856533397351,0.35207961443178937,-0.10999332338676428,0.2239137217654418
465,rff_ens,3600,0.1,-1,0.21025187808849086,0.5747596689959235,0.3658083359533393,-0.20335777782664544,0.22611037520895225
465,rff_ens,3600,1.0,-1,0.2138105036165045,0.5819678805094438,0.36739227503301175,-0.21826058113096292,0.2288401402102815
465,linlev,11,0.0,0,0.3565524356054764,1.1314573367500733,0.31512671669054276,0.5266424057170206,0.9662800750527062
465,linlev,11,0.001,0,0.11479219645873945,0.5759404787020361,0.19931260382572868,0.2152974775002396,0.38735989249976654
465,linlev,11,0.01,0,0.051241855208403776,0.2853905693459262,0.17954992460277394,0.04299909799964668,0.2536493964218763
465,linlev,11,0.1,0,0.0424275991679494,0.19816221743529588,0.21410539161837397,-0.03225089854665919,0.22827276929602375
465,linlev,11,1.0,0,0.012827665207586969,0.0638774504949241,0.20081680011017808,-0.01252855692093009,0.25064914930312837
465,rff_lev,36,0.001,0,0.21607233533140818,0.7050088758631992,0.3064817234632024,0.5383063515261807,0.38363970052053686
465,rff_lev,36,0.01,0,0.22034680664946507,0.5897094927397586,0.37365314508631303,0.019318450533925984,0.22767598977096284
465,rff_lev,36,0.1,0,0.21552468143380837,0.58130446170502,0.37076041150906436,-0.18425749415128895,0.22537600467958377
465,rff_lev,36,1.0,0,0.2143893914116595,0.582663577916381,0.36794713027768294,-0.2162439739670018,0.2287404753987541
465,rff_lev,360,0.001,0,0.243063001361413,0.6210118180639028,0.39139835070965034,-0.047076174048857077,0.2306689001249189
465,rff_lev,360,0.01,0,0.229994997401082,0.5801328579702285,0.3964522854399069,-0.14584125636260847,0.20152143896595773
465,rff_lev,360,0.1,0,0.21700553220408408,0.5806356288884956,0.37373788552985526,-0.20824121876516308,0.22227767217564123
465,rff_lev,360,1.0,0,0.2145490267257136,0.5825967002459875,0.3682633743636471,-0.21876919389005975,0.22841174859692964
465,rff_lev,3600,0.001,0,0.22575498796850615,0.5960528638234135,0.3787499426148018,-0.010538348426724983,0.22679395716963333
465,rff_lev,3600,0.01,0,0.22664754481319815,0.5724381813304172,0.39593366097006527,-0.12885294337722997,0.197819093430223
465,rff_lev,3600,0.1,0,0.21645629309020853,0.579981109988648,0.3732126604855203,-0.2052955473896834,0.2223784306234942
465,rff_lev,3600,1.0,0,0.2144874862549606,0.5825414508510661,0.368192659838376,-0.2184531121563469,0.22844405325160858
465,rff_lev,36,0.001,1,0.25467128425385555,0.6485072902971126,0.3927038108348455,0.045223744032216406,0.24813620212619358
465,rff_lev,36,0.01,1,0.23242792116849917,0.5841227796480128,0.39790935958456913,-0.13657110842755016,0.2024259199473255
465,rff_lev,36,0.1,1,0.21689013325202516,0.5815693915572752,0.3729393884902641,-0.20731584471736927,0.22354362263622293
465,rff_lev,36,1.0,1,0.21452439273673338,0.5827134703903147,0.3681473033273798,-0.21868425901015154,0.2285865202218146
465,rff_lev,360,0.001,1,0.22444570091383545,0.6023825009583178,0.37259664840324785,-0.016086043017791478,0.23640875033372255
465,rff_lev,360,0.01,1,0.2294652416466737,0.5793188047634418,0.3960949303904837,-0.1267012563286245,0.2013936934250545
465,rff_lev,360,0.1,1,0.21687376494888538,0.5813311176639676,0.3730640909442027,-0.20499206646903476,0.2232921704316642
465,rff_lev,360,1.0,1,0.2145297548063463,0.582692640886983,0.3681696657088136,-0.21842559357974584,0.22855382187031784
465,rff_lev,3600,0.001,1,0.22924530004820023,0.5943748583082491,0.3856914484921083,-0.018259084868263806,0.21940388172863298
465,rff_lev,3600,0.01,1,0.22813228268814692,0.5730898956359836,0.39807416676746377,-0.1287155496389274,0.1962714035501661
465,rff_lev,3600,0.1,1,0.2165446680223505,0.580079057864757,0.37330199235159595,-0.20532246142528027,0.2223535726193659
465,rff_lev,3600,1.0,1,0.21449367081756285,0.5825529119765717,0.36819603233944365,-0.21845790567756665,0.22844769047994354
465,rff_lev_ens,36,0.001,-1,0.23537180979263192,0.6464646914542751,0.3640907429346896,0.2917650477791986,0.27463246859875884
465,rff_lev_ens,36,0.01,-1,0.22638736390898212,0.5831200926931227,0.38823454507187166,-0.05862632894681201,0.21056515526402259
465,rff_lev_ens,36,0.1,-1,0.21620740734291682,0.5813592294836336,0.3718998450148515,-0.19578666943432915,0.22436898405180938
465,rff_lev_ens,36,1.0,-1,0.21445689207419644,0.582687667695135,0.3680477620583542,-0.21746411648857683,0.22866249453561965
465,rff_lev_ens,360,0.001,-1,0.23375435113762427,0.6090754965193784,0.383785511768962,-0.031581108533324034,0.23016495690274344
465,rff_lev_ens,360,0.01,-1,0.22973011952387792,0.5793335109405358,0.39654208704570865,-0.13627125634561654,0.20100260770928008
465,rff_lev_ens,360,0.1,-1,0.21693964857648482,0.5809707643830533,0.37340889056071214,-0.2066166426170989,0.2227701450812413
465,rff_lev_ens,360,1.0,-1,0.21453939076602999,0.5826445163476164,0.3682166136410213,-0.21859739373490283,0.22848260313004
465,rff_lev_ens,3600,0.001,-1,0.22750014400835325,0.5947360763401791,0.3825228585565523,-0.014398716647494264,0.22252663004951906
465,rff_lev_ens,3600,0.01,-1,0.22738991375067258,0.5727288856538799,0.39702889001497343,-0.12878424650807857,0.1970043238784213
465,rff_lev_ens,3600,0.1,-1,0.2165004805562795,0.5800294864429626,0.37325771467925045,-0.20530900440748187,0.22236530415372088
465,rff_lev_ens,3600,1.0,-1,0.21449057853626174,0.5825471747953558,0.368194350288645,-0.21845550891695678,0.22844586411224035
466,ff,6,0.0,0,0.4074250763491017,1.161655760109396,0.3507278923239131,1.0974127384247985,0.9719711558788303
466,fm,6,0.0,0,0.26320734766836534,0.8366253131614338,0.3146060052543226,-0.7441596544573125,0.5141873378959761
466,linrank,6,0.0,0,0.30029277586854625,0.7012454457918063,0.4282277734145893,0.33732048675718385,0.25271738548911726
466,linrank,6,0.001,0,0.20295845060875103,0.5852595978950798,0.3467836347130452,0.3548683040064425,0.24918603912793694
466,linrank,6,0.01,0,0.10605194217867704,0.2953554222591406,0.3590654993482009,0.3318822641101147,0.15775996628401434
466,linrank,6,0.1,0,0.020636571511029975,0.055673007942675636,0.3706746280401925,0.09509140132588481,0.23363421961867892
466,linrank,6,1.0,0,0.0023083721337316472,0.0062333794285596225,0.3703243417455584,0.011399861666929597,0.26680945007716866
466,rff,36,0.001,0,0.28773608936112727,0.7114998801701047,0.40440778330466565,-0.8979834494757271,0.2849339686242773
466,rff,36,0.01,0,0.25826086223010253,0.5911193691138007,0.4369013700520154,0.0004237582832917913,0.17098106778475217
466,rff,36,0.1,0,0.20883543524244147,0.5430990352979636,0.38452551315593275,0.1720675669213589,0.19227994141321939
466,rff,36,1.0,0,0.1983274340372848,0.5418719381131496,0.3660042531965765,0.1845712906982283,0.2076861110753689
466,rff,360,0.001,0,0.2501009420100656,0.6089909495687643,0.4106808848098085,-0.3414535395601325,0.20460058457448
466,rff,360,0.01,0,0.23504018675971744,0.5256862828305244,0.4471111277512483,0.14674157353402045,0.13289159457240593
466,rff,360,0.1,0,0.2037850750008024,0.5345435142665294,0.38123196627018263,0.19322114756311928,0.19107698617951288
466,rff,360,1.0,0,0.19776061456812052,0.5410568774585387,0.36550799519829585,0.18681751372651256,0.20771258692692762
466,rff,3600,0.001,0,0.24449132881234736,0.5849551858739693,0.4179659138281815,-0.2732574572949187,0.18434793246420644
466,rff,3600,0.01,0,0.2288049147605262,0.5160451492962393,0.44338158215915935,0.16001048125021822,0.13242646635332106
466,rff,3600,0.1,0,0.202551926790516,0.5339236006970387,0.3793650000226323,0.19381300223664105,0.19237985159043314
466,rff,3600,1.0,0,0.19762554469364824,0.5410109617018667,0.3652893539753325,0.18685704748265144,0.20787963795336717
466,rff,36,0.001,1,0.23318910001713844,0.6250871484819426,0.37305054276583766,0.1793912261454169,0.2501149102734359
466,rff,36,0.01,1,0.21626943519598454,0.47649322256304877,0.4538772535581409,0.30311423364855394,0.11266140010016391
466,rff,36,0.1,1,0.20082935849919015,0.5260827223772393,0.38174482824999717,0.21741068465888244,0.18681875576428725
466,rff,36,1.0,1,0.19745106317910474,0.5401439256485263,0.3655526866140987,0.18942875950510676,0.20722226715097372
466,rff,360,0.001,1,0.25506646688710743,0.6021468994161816,0.42359508474495183,-0.10994778600321282,0.1888888679762019
466,rff,360,0.01,1,0.22687301038719185,0.5050407226714676,0.44921726150541386,0.20764082091797698,0.12417348436790522
466,rff,360,0.1,1,0.20187506603752156,0.5316188917715841,0.37973644120280703,0.1976867177799479,0.19100406704468142
466,rff,360,1.0,1,0.19754747469687936,0.5407663579000437,0.3653102154209719,0.18720026228662562,0.20774031994545722
466,rff,3600,0.001,1,0.2518648437408287,0.5965319610036115,0.4222151706961161,-0.2366800696011173,0.18693860327337272
466,rff,3600,0.01,1,0.22963739672726474,0.5139985303098054,0.44676664073115935,0.17467012772827056,0.12903504042540925
466,rff,3600,0.1,1,0.2026219284800091,0.533271441446982,0.3799602092514339,0.1953679644924652,0.19157222994750547
466,rff,3600,1.0,1,0.19763201332824193,0.5409382144008336,0.36535043756734337,0.1870038778893453,0.20779054857847643
466,rff_ens,36,0.001,-1,0.26046259468913285,0.6128132381136041,0.42502768949786945,-0.3592961116651549,0.1938376494048343
466,rff_ens,36,0.01,-1,0.2372651487130436,0.5261601018177516,0.4509371727224315,0.151768995965923,0.12999091685622596
466,rff_ens,36,0.1,-1,0.2048323968708158,0.5342885847446334,0.3833740841921913,0.19473912579012065,0.18913781959825887
466,rff_ens,36,1.0,-1,0.19788924860819473,0.5410042102620632,0.36578134671509654,0.18700002510166758,0.2074492237632289
466,rff_ens,360,0.001,-1,0.2525837044485865,0.6025696239318181,0.41917762598196756,-0.2257006627816726,0.19310328128475449
466,rff_ens,360,0.01,-1,0.23095659857345463,0.514957940290451,0.4484960430810883,0.17719119722599877,0.1279914442895181
466,rff_ens,360,0.1,-1,0.20283007051916194,0.5330668611736731,0.3804964917019667,0.19545393267153355,0.19102218569366
466,rff_ens,360,1.0,-1,0.19765404463249994,0.5409114460430062,0.3654092478138928,0.18700888800656912,0.2077262352985463
466,rff_ens,3600,0.001,-1,0.24817808627658802,0.5903771959044317,0.4203720739863439,-0.25496876344801817,0.18516343414233713
466,rff_ens,3600,0.01,-1,0.2292211557438955,0.5149793158132089,0.44510749986517445,0.16734030448924436,0.1306857332118407
466,rff_ens,3600,0.1,-1,0.20258692763526256,0.5335966426074369,0.37966304781326043,0.19459048336455315,0.1919749957237226
466,rff_ens,3600,1.0,-1,0.1976287790109451,0.5409745784269508,0.3653199002171438,0.18693046268599836,0.20783508151930788
466,linlev,11,0.0,0,0.6619114673221927,1.4765276525707434,0.4482892454941539,0.26180551816695635,1.5658197754779266
466,linlev,11,0.001,0,0.3837222117576042,1.0760159962118667,0.3566138543557949,0.22503826368825688,0.8089907471283792
466,linlev,11,0.01,0,0.2506926604126913,0.6693158115570451,0.374550632278504,0.6040312567976681,0.2808271555033001
466,linlev,11,0.1,0,0.1481098715838943,0.3811678339029299,0.38856865246822664,0.49219770990044553,0.14238771923868454
466,linlev,11,1.0,0,0.04175327322739136,0.11121379605405919,0.3754324976650899,0.14080313196720592,0.2019873085467961
466,rff_lev,36,0.001,0,0.26364016482233,0.6690156419167479,0.3940717500520523,0.10824674727992736,0.2611897467357874
466,rff_lev,36,0.01,0,0.23388768182306233,0.5659899050700276,0.4132364901351454,0.16984722845406144,0.17865466744724393
466,rff_lev,36,0.1,0,0.2038614961328686,0.5416510839831605,0.3763705126069802,0.18862849815265204,0.19860442486355095
466,rff_lev,36,1.0,0,0.19777612026229982,0.5418210351761573,0.3650211184547287,0.1862280492167237,0.2085151981243943
466,rff_lev,360,0.001,0,0.2699961631783315,0.6008838388870269,0.4493317105655989,0.06273561915331474,0.16534900035359162
466,rff_lev,360,0.01,0,0.22916390101945333,0.5380013400544539,0.4259541453860663,0.30375702865706333,0.15501574413555874
466,rff_lev,360,0.1,0,0.2025548372707726,0.5381300218667032,0.37640501187452086,0.22386865099781228,0.19688471873812619
466,rff_lev,360,1.0,0,0.19763060707344884,0.5414617879053698,0.3649945600740866,0.19024359496877025,0.20835952121062545
466,rff_lev,3600,0.001,0,0.26070199626410073,0.5930849118069306,0.43956942939220844,-0.18826243199061646,0.16969326168454416
466,rff_lev,3600,0.01,0,0.22652661615525613,0.5339221632072356,0.42426898856291245,0.20539838718648795,0.15471596262375642
466,rff_lev,3600,0.1,0,0.2019683037443608,0.5377358269670266,0.37559019432183993,0.20581774833572627,0.19739641857618836
466,rff_lev,3600,1.0,0,0.19756271192546201,0.5414324661247221,0.3648889275877895,0.18823746946096162,0.20843672740994118
466,rff_lev,36,0.001,1,0.30000654031466983,0.7193738226302869,0.41703844493220377,0.4627231155662164,0.27887155103157335
466,rff_lev,36,0.01,1,0.2362512015904049,0.5506028029925283,0.4290773681252234,0.21934152930776654,0.157857684478953
466,rff_lev,36,0.1,1,0.2028451397034337,0.539323040342859,0.37611065081603184,0.19252199818120402,0.1977072238827269
466,rff_lev,36,1.0,1,0.19764268392615658,0.5416000544556011,0.3649236780908758,0.18656679604555138,0.20848989238715518
466,rff_lev,360,0.001,1,0.26677535150009507,0.5974097139645864,0.4465534209842278,0.05473221391664853,0.16589876225068184
466,rff_lev,360,0.01,1,0.23234548101912117,0.5422105625148486,0.4285152246785276,0.2588037104443472,0.1546677653580568
466,rff_lev,360,0.1,1,0.20279710051686153,0.5392416413587396,0.3760783384715412,0.20856923696393326,0.19769602146321438
466,rff_lev,360,1.0,1,0.19764699272278846,0.5416000425515711,0.36493164179167975,0.18841821164617398,0.2084829651222724
466,rff_lev,3600,0.001,1,0.2609904316683408,0.5982100262759812,0.4362856191045086,-0.18701645319542784,0.17537238836647898
466,rff_lev,3600,0.01,1,0.22747479469844248,0.5353305114853182,0.4249240232306115,0.20604820855269612,0.15475596009696965
466,rff_lev,3600,0.1,1,0.20207918556481153,0.537890496695249,0.37568833583483613,0.2048101670793685,0.1973858232876
466,rff_lev,3600,1.0,1,0.19757295130891106,0.5414496746333959,0.36489624163627676,0.18809977501806796,0.20843892937532515
466,rff_lev_ens,36,0.001,-1,0.28182335256849994,0.6202472031109475,0.45437262942093176,0.28548493142307185,0.17186630062652575
466,rff_lev_ens,36,0.01,-1,0.23506944170673366,0.5507016967714367,0.42685439882400966,0.194594378880914,0.1597731285814114
466,rff_lev_ens,36,0.1,-1,0.20335331791815126,0.5403396122982901,0.3763435315304844,0.19057524816692803,0.19799484343430857
466,rff_lev_ens,36,1.0,-1,0.19770940209422824,0.5417089276948939,0.36497349773342463,0.18639742263113748,0.20850077657597638
466,rff_lev_ens,360,0.001,-1,0.26838575733921327,0.5939540475201762,0.4518628309037601,0.058733916534981535,0.1594228213733401
466,rff_lev_ens,360,0.01,-1,0.2307546910192873,0.5395677574681744,0.42766582662771135,0.28128036955070523,0.15425372103169074
466,rff_lev_ens,360,0.1,-1,0.20267596889381703,0.5386729780900239,0.37625048431507824,0.21621894398087277,0.19727619864741253
466,rff_lev_ens,360,1.0,-1,0.19763879989811864,0.5415307646567995,0.36496319839441477,0.1893309033074721,0.20842107524233294
466,rff_lev_ens,3600,0.001,-1,0.2608462139662207,0.5948570013507534,0.43850238523529544,-0.18763944259302204,0.17158518220770372
466,rff_lev_ens,3600,0.01,-1,0.22700070542684928,0.5345747375084734,0.4246379215090596,0.20572329786959198,0.1546800701364656
466,rff_lev_ens,3600,0.1,-1,0.20202374465458625,0.5378122803570636,0.3756398878070596,0.20531395770754737,0.19739016374157756
466,rff_lev_ens,3600,1.0,-1,0.19756783161718658,0.541441060719932,0.3648925911797098,0.18816862223951478,0.20843781783269258
467,ff,6,0.0,0,0.3703425473192062,1.1708477561248165,0.3163029056356037,1.8384132116193903,1.0345834811096954
467,fm,6,0.0,0,0.2639522215837864,0.7771603364119394,0.3396367637628339,0.22989729158130315,0.41297502597407365
467,linrank,6,0.0,0,0.11785320650746789,0.5772860565039546,0.20415044704385746,0.22537427010077138,0.3786726616737548
467,linrank,6,0.001,0,-0.06597226016307482,0.42254449467391064,-0.1561309187426225,-0.2864503758905887,0.5820712147871162
467,linrank,6,0.01,0,-0.051548507505826346,0.1962957928120884,-0.2626062778389403,-0.18158440913861193,0.4115168072841688
467,linrank,6,0.1,0,-0.008743705286409265,0.04129131595032413,-0.21175651793051245,-0.01668841006557874,0.2864993410985751
467,linrank,6,1.0,0,-0.0009206112097084209,0.004992995184967851,-0.18438055227452588,-0.0011444401635533933,0.2690975053160449
467,rff,36,0.001,0,0.1585075266728689,0.6089108712553246,0.26031318236459033,0.08117269867883077,0.34611253716984236
467,rff,36,0.01,0,0.1915273257771123,0.5374756383021667,0.3563460594830465,0.09186941945311868,0.2097386321041406
467,rff,36,0.1,0,0.1952888796405909,0.5290655301179026,0.36912039912536104,0.032528058616496214,0.19470082775974434
467,rff,36,1.0,0,0.19574209135998358,0.5337982509191959,0.36669676422303266,0.016050204288916046,0.1990018616651172
467,rff,360,0.001,0,0.10924735973661094,0.5087682776493714,0.21472911055178073,-0.2066546324350109,0.31951593184921806
467,rff,360,0.01,0,0.1650015654194311,0.4717941187846214,0.34973213706963546,0.004562187979036303,0.18704258164246962
467,rff,360,0.1,0,0.19047017423073181,0.5202890372044026,0.36608531145333945,0.01931765902342115,0.1932697264158175
467,rff,360,1.0,0,0.195217943285699,0.5329169072578026,0.3663196656496035,0.014664237424741579,0.19890509422123334
467,rff,3600,0.001,0,0.13029412882606559,0.5081648145529135,0.2564013192072323,-0.07243852742582389,0.28185028647472077
467,rff,3600,0.01,0,0.16852298407080957,0.47064173229241973,0.35807063527911426,0.03004375477308382,0.1800881735644326
467,rff,3600,0.1,0,0.1908530099199405,0.5203069694484724,0.3668084825429986,0.021169383423831106,0.19266869938298514
467,rff,3600,1.0,0,0.19525561110141257,0.5329266737913465,0.36638363344121105,0.014816666964299572,0.19885487647278088
467,rff,36,0.001,1,0.03857980377378727,0.5704132868282404,0.06763482665053032,-0.3508126631799103,0.5169306168725574
467,rff,36,0.01,1,0.11812017843741673,0.43223778298766136,0.2732759214637851,-0.1302541456584192,0.23177202609205388
467,rff,36,0.1,1,0.18148643163774614,0.5109728893747594,0.35517820105841225,-0.0061160860495963415,0.19828826063981145
467,rff,36,1.0,1,0.19422083099615658,0.5318577104663178,0.3651744201017021,0.011863382580745055,0.19938319875370958
467,rff,360,0.001,1,0.13716745068154618,0.5206001443645956,0.2634794710803667,-0.09015943017903592,0.2827350238465314
467,rff,360,0.01,1,0.16236583355525522,0.4575243772831126,0.3548790875787247,0.011229782710898382,0.17819005797459392
467,rff,360,0.1,1,0.18966185929462887,0.517577115811372,0.3664417407583956,0.018294092734562183,0.19176447846416778
467,rff,360,1.0,1,0.19512971742239524,0.5326335910903423,0.3663488760124002,0.014524657117054115,0.19874521950505894
467,rff,3600,0.001,1,0.13495429230233721,0.5169935100049222,0.26103672423480195,-0.0737595745675074,0.28281687116407145
467,rff,3600,0.01,1,0.1665174527746299,0.46687923199154496,0.356660655185548,0.02030924333940007,0.17989987916501776
467,rff,3600,0.1,1,0.1903961911043499,0.5195016320117776,0.3664977728116809,0.01909666421512549,0.1925707784119563
467,rff,3600,1.0,1,0.1952057492288672,0.5328414222062391,0.36634867541005806,0.014585612588058485,0.1988442726637482
467,rff_ens,36,0.001,-1,0.09854366522332805,0.4924973389252197,0.20008974147633074,-0.13481998225053962,0.32240765772812535
467,rff_ens,36,0.01,-1,0.15482375210726454,0.4721419289582965,0.3279178200691849,-0.019192363102650264,0.2044713964532153
467,rff_ens,36,0.1,-1,0.18838765563916854,0.5196720239323928,0.3625125982607773,0.01320598628344993,0.19600411534758588
467,rff_ens,36,1.0,-1,0.1949814611780701,0.5328239574513275,0.3659397413560957,0.01395679343483053,0.1991867228518007
467,rff_ens,360,0.001,-1,0.12320740520907857,0.5103372684421301,0.2414234915376354,-0.14840703130702335,0.2964398872118832
467,rff_ens,360,0.01,-1,0.1636836994873431,0.46399681042957835,0.35276901868312666,0.007895985344967323,0.18194849996271018
467,rff_ens,360,0.1,-1,0.1900660167626803,0.5189140418189927,0.3662764956146225,0.018805875878991664,0.1924953453703057
467,rff_ens,360,1.0,-1,0.19517383035404715,0.5327750263083476,0.3663344201893743,0.014594447270897851,0.19882489737554818
467,rff_ens,3600,0.001,-1,0.13262421056420134,0.5121412583249798,0.2589602153866004,-0.07309905099666565,0.28185993394878006
467,rff_ens,3600,0.01,-1,0.1675202184227197,0.46869210902268604,0.35742060768215583,0.025176499056241978,0.1799253851658013
467,rff_ens,3600,0.1,-1,0.19062460051214528,0.5199027570065481,0.3666543366873209,0.020133023819478287,0.1926179194098459
467,rff_ens,3600,1.0,-1,0.1952306801651399,0.5328840305864122,0.36636616779507974,0.01470113977617901,0.19884955357219525
467,linlev,11,0.0,0,0.9569589680188304,2.802276497893953,0.3414934139218708,1.2770590823556378,7.121836606453513
467,linlev,11,0.001,0,0.045010812495408184,0.7125151840430896,0.063171723920323,-0.649196188569557,0.6869127411133499
467,linlev,11,0.01,0,-0.005072951010018911,0.461422653425411,-0.010994152481156745,-0.35412154063285206,0.4903130073168463
467,linlev,11,0.1,0,0.02600077388174506,0.2074106459887817,0.12535891664476748,-0.0463521553737394,0.2589241739191549
467,linlev,11,1.0,0,0.012769539664205076,0.06748396190048246,0.1892233251366616,0.0011269551162483835,0.24640857229932284
467,rff_lev,36,0.001,0,0.24142838751833567,0.7030019434635998,0.3434249218840693,0.8310318354616557,0.3368731291473422
467,rff_lev,36,0.01,0,0.2159961201422123,0.5380400827600346,0.40144986788753134,0.26934654742757436,0.17137971965920082
467,rff_lev,36,0.1,0,0.19907302134439114,0.5287894126541176,0.3764693781314515,0.051950278876060296,0.18833277344420035
467,rff_lev,36,1.0,0,0.19614931098062346,0.5337963086750016,0.3674609730207926,0.017997240293160223,0.19834493476269577
467,rff_lev,360,0.001,0,0.21266230956555043,0.5942088359518579,0.35789153021410147,0.2456970927599122,0.24021528487262664
467,rff_lev,360,0.01,0,0.20633685510487815,0.5152348589903943,0.4004714578303114,0.13843690933081765,0.16259865285437822
467,rff_lev,360,0.1,0,0.1981201231488693,0.5255303203385142,0.37699085187178644,0.044212266335233286,0.1864239598645975
467,rff_lev,360,1.0,0,0.19606390004993862,0.5334020843173195,0.36757242953197894,0.01747149750944974,0.19806154172768756
467,rff_lev,3600,0.001,0,0.2016047991087245,0.5527332646190258,0.36474157068813584,0.21524387078110008,0.21017946399333776
467,rff_lev,3600,0.01,0,0.20470094745415238,0.507649297840041,0.40323299633254517,0.11278779537788544,0.15743889794852114
467,rff_lev,3600,0.1,0,0.1978808379318908,0.526132067335545,0.3761048797766791,0.03566521053051387,0.18744060780633173
467,rff_lev,3600,1.0,0,0.1960345863883263,0.5335277453877926,0.3674309126057527,0.016416242594898,0.19824274675308254
467,rff_lev,36,0.001,1,0.18559808152061716,0.6775403269298576,0.2739292026522153,0.10891022378979803,0.38954188480982904
467,rff_lev,36,0.01,1,0.20492321472754832,0.5177207244489804,0.39581806377492773,0.08937119311747467,0.16741234837386496
467,rff_lev,36,0.1,1,0.19774928221035887,0.5273136274099298,0.3750126526819873,0.029102064610679726,0.18889638121692437
467,rff_lev,36,1.0,1,0.1960107334185548,0.5336815111670762,0.3672803522646131,0.015610401656542636,0.19844520151045575
467,rff_lev,360,0.001,1,0.18850984650745586,0.5485377450635346,0.34365884244779116,0.13546347412842313,0.22664043234545175
467,rff_lev,360,0.01,1,0.2068859923964286,0.5153249918056124,0.4014670269950129,0.1168161613969589,0.16182018160716388
467,rff_lev,360,0.1,1,0.1985451662907408,0.5284564521514558,0.37570771533287606,0.03808128034627473,0.18882657766715175
467,rff_lev,360,1.0,1,0.19610880403721087,0.5338056447135192,0.36737866296347954,0.016685629740284688,0.19842002664521088
467,rff_lev,3600,0.001,1,0.20072231038024482,0.5456149219383322,0.3678827361743808,0.2584715838076511,0.2037709735363775
467,rff_lev,3600,0.01,1,0.20463743685556443,0.5059804976689535,0.4044373998569645,0.1299431605484203,0.15584837624371975
467,rff_lev,3600,0.1,1,0.19771340583150793,0.5259345776190139,0.3759277565026941,0.03716008292500591,0.18750146448848076
467,rff_lev,3600,1.0,1,0.19601183430973848,0.5335124987892689,0.3673987671414627,0.016539738669752016,0.1982630623050728
467,rff_lev_ens,36,0.001,-1,0.2135132345194764,0.6428790153337027,0.3321203981259941,0.46997102962572707,0.29908536600315877
467,rff_lev_ens,36,0.01,-1,0.21045966743488032,0.5215390186082055,0.40353580446678605,0.1793588702725245,0.16260739004856145
467,rff_lev_ens,36,0.1,-1,0.19841115177737498,0.5279132232587842,0.37584046588678344,0.04052617174337002,0.18846755825706502
467,rff_lev_ens,36,1.0,-1,0.19608002219958914,0.533737371281122,0.36737173139842383,0.01680382097485144,0.19839341757940682
467,rff_lev_ens,360,0.001,-1,0.20058607803650313,0.5669267205723405,0.3538130604145834,0.1905802834441676,0.22769903049868004
467,rff_lev_ens,360,0.01,-1,0.2066114237506534,0.514464850488763,0.4016045480159897,0.12762653536388824,0.16137002068210224
467,rff_lev_ens,360,0.1,-1,0.19833264471980502,0.5269603889711745,0.37637106862438974,0.041146773340754,0.18758830543730534
467,rff_lev_ens,360,1.0,-1,0.19608635204357477,0.5336034369025349,0.36747580409492536,0.01707856362486722,0.19824028661551618
467,rff_lev_ens,3600,0.001,-1,0.20116355474448472,0.5487055878606206,0.36661473692807234,0.23685772729437557,0.20644799378864873
467,rff_lev_ens,3600,0.01,-1,0.2046691921548584,0.5067740045438865,0.40386679332352,0.12136547796315292,0.15660149095976433
467,rff_lev_ens,3600,0.1,-1,0.19779712188169934,0.5260322820920355,0.3760170784482243,0.03641264672775987,0.18746992483495126
467,rff_lev_ens,3600,1.0,-1,0.19602321034903236,0.5335201092728765,0.3674148489289154,0.016477990632325024,0.1982528906667299
468,ff,6,0.0,0,0.23777754354065084,1.0199745576232628,0.23312105362188476,-1.0336765217329478,0.8724405435086034
468,fm,6,0.0,0,0.22407181549506258,0.7560013519844185,0.29639076029017575,-0.17158332347121572,0.4247119638903057
468,linrank,6,0.0,0,0.1557450827310678,0.603431426543629,0.2580990579545283,-0.10136099252962329,0.32800522405215954
468,linrank,6,0.001,0,-0.03439226586728154,0.33728812650166756,-0.10196702215401439,-0.17083401972715354,0.43484001214396273
468,linrank,6,0.01,0,-0.037695689656584944,0.16758210528149547,-0.22493863287649798,-0.08170024279031429,0.35600547852134257
468,linrank,6,0.1,0,-0.00701173985573764,0.04891156747431544,-0.14335545184520332,-0.003764558467246241,0.2675743578189832
468,linrank,6,1.0,0,-0.0007507705111969457,0.006198507910636436,-0.12112116690351368,-8.49271333853489e-06,0.2526498983579815
468,rff,36,0.001,0,0.1823512142705743,0.6726499240148089,0.2710937855789599,0.0885736667862365,0.3721168292608414
468,rff,36,0.01,0,0.19429271653178665,0.5368733957653194,0.36189671170950843,0.24467342164060174,0.1885066418932223
468,rff,36,0.1,0,0.18991477593521638,0.5061329866604516,0.3752270271659336,0.34938034189419254,0.16351804261282843
468,rff,36,1.0,0,0.18955673440410925,0.5096521450392845,0.3719335555617019,0.36846483333939534,0.16767296787178432
468,rff,360,0.001,0,0.17764613661010364,0.5557963385431957,0.3196245176348841,0.2639427370388948,0.23628481874921992
468,rff,360,0.01,0,0.18006223280334102,0.47607080882492164,0.37822573756997596,0.27782822730852624,0.1500507292695666
468,rff,360,0.1,0,0.18687715340572705,0.49868295050818895,0.3747414127859948,0.35192002597784655,0.1609628209600352
468,rff,360,1.0,0,0.18922234106621752,0.5089227020126255,0.37180958978230694,0.36869685712859207,0.16747210102888543
468,rff,3600,0.001,0,0.18142650192287849,0.5675837769543353,0.3196470887459405,0.1937646294392213,0.24332328779487272
468,rff,3600,0.01,0,0.1819484975181376,0.4754676361992744,0.38267272820621745,0.2796482632385958,0.14638710596466714
468,rff,3600,0.1,0,0.1871629187945211,0.49876057909417876,0.37525603794597395,0.35347241199981355,0.16057560801991178
468,rff,3600,1.0,0,0.18925028793894302,0.5089395853427274,0.3718521675053024,0.3688739186595347,0.16744396931482308
468,rff,36,0.001,1,0.08749176286608766,0.630340020599698,0.13880090111183016,-0.510733608250871,0.4811091965857772
468,rff,36,0.01,1,0.1338197316203732,0.42763611554276226,0.31292897572630685,0.1660358888507888,0.18425027682561404
468,rff,36,0.1,1,0.17791380515952537,0.48927911358373627,0.36362436126977005,0.3381338068305085,0.16632913491548634
468,rff,36,1.0,1,0.18821978406176965,0.5078780442568113,0.370600356109498,0.36721809510558917,0.1680365990057525
468,rff,360,0.001,1,0.18185380735494439,0.5858725030751624,0.310398263104036,0.13829046767074177,0.2637191545780655
468,rff,360,0.01,1,0.17366554636530898,0.45842586103993527,0.37883016889874,0.2862601180664727,0.14409227151285833
468,rff,360,0.1,1,0.18570868450364325,0.4953540589592892,0.3749009039994679,0.3567644176137365,0.15955536239913923
468,rff,360,1.0,1,0.18909886347054514,0.5085709980386248,0.3718239227164572,0.3692775451703267,0.16731448544967348
468,rff,3600,0.001,1,0.18349303838246717,0.5749793056580598,0.3191298131546851,0.21458194561321298,0.24839419248382877
468,rff,3600,0.01,1,0.17826566448699693,0.46954141076124667,0.3796590894890031,0.2887258942559868,0.14682582675956732
468,rff,3600,0.1,1,0.18639260136668387,0.49763446974769804,0.3745572557728676,0.35495127031473583,0.16070643677085328
468,rff,3600,1.0,1,0.18916652924446734,0.508821967984334,0.37177351047526225,0.36903591109924627,0.16746008457982273
468,rff_ens,36,0.001,-1,0.13492148856833097,0.5286825381887645,0.2552032246621273,-0.21107997073231716,0.2789754293054557
468,rff_ens,36,0.01,-1,0.16405622407607987,0.46892822232225456,0.34985359435956054,0.20535465524569527,0.16980504637515995
468,rff_ens,36,0.1,-1,0.18391429054737085,0.4973454152375752,0.3697918688151925,0.34375707436235053,0.1644577194095461
468,rff_ens,36,1.0,-1,0.18888825923293942,0.5087609247621205,0.37127116104928304,0.3678414642224923,0.16784930675388818
468,rff_ens,360,0.001,-1,0.17974997198252404,0.5659877485062151,0.317586330193418,0.20111660235481832,0.24426161210071373
468,rff_ens,360,0.01,-1,0.17686388958432497,0.46649173417154327,0.37913617032984065,0.2820441726874995,0.14627696649952912
468,rff_ens,360,0.1,-1,0.18629291895468517,0.49699698459736086,0.3748371212062972,0.35434222179579167,0.16023458862106496
468,rff_ens,360,1.0,-1,0.18916060226838136,0.5087465968407663,0.37181693881204897,0.3689872011494594,0.1673930008897441
468,rff_ens,3600,0.001,-1,0.18245977015267287,0.5707864282290225,0.319663820176647,0.20417328752621708,0.24527854624817447
468,rff_ens,3600,0.01,-1,0.18010708100256728,0.4724266018439115,0.38123822896424064,0.2841870787472914,0.14652066493082544
468,rff_ens,3600,0.1,-1,0.18677776008060246,0.4981954566609945,0.37490859778694957,0.3542118411572748,0.160638496716088
468,rff_ens,3600,1.0,-1,0.18920840859170515,0.5088807526430373,0.37181286108580425,0.36895491487939064,0.16745199728784838
468,linlev,11,0.0,0,1.059564223221429,3.1125712861938855,0.3404144438140999,1.0734055806719713,8.942757280505537
468,linlev,11,0.001,0,0.29539477171199147,0.8454545279674657,0.3493916726924889,0.553483935931925,0.4623712587703957
468,linlev,11,0.01,0,0.1626683425621141,0.47829094016286444,0.3401033323079951,0.45309710698580546,0.18099590016846276
468,linlev,11,0.1,0,0.09972031285195625,0.28833539622961873,0.34584832162799395,0.32366695063853745,0.14475018798917966
468,linlev,11,1.0,0,0.02874058290795154,0.0882299288187361,0.3257464138614189,0.10107791082257918,0.20223874780825393
468,rff_lev,36,0.001,0,0.2498259906499968,0.6680223551682959,0.37397848846998205,0.6124388657528705,0.26012428348776456
468,rff_lev,36,0.01,0,0.2271347226582724,0.5475694367115685,0.41480533322373014,0.4850959606513858,0.14826239712003897
468,rff_lev,36,0.1,0,0.1957274808400522,0.5083180921876582,0.3850492119957724,0.3882198191330371,0.15635094010009815
468,rff_lev,36,1.0,0,0.1901903863079253,0.5098968573663861,0.37299776133208074,0.372622301106537,0.16689578775913289
468,rff_lev,360,0.001,0,0.23502076292325874,0.5909923353764032,0.3976714228849922,0.3130058433202586,0.18557454581107702
468,rff_lev,360,0.01,0,0.21053631994205924,0.505104567886171,0.41681729552187524,0.3492855764556703,0.12949289880901105
468,rff_lev,360,0.1,0,0.19362258523854828,0.50204140134611,0.38567055370213155,0.3693657497233035,0.15339947588183706
468,rff_lev,360,1.0,0,0.18998867229263955,0.5091775085334598,0.37312856343526957,0.37067282516581246,0.16648945838949133
468,rff_lev,3600,0.001,0,0.22372720684951455,0.5692286668307394,0.39303573394352614,0.21688797211839872,0.17773009670646595
468,rff_lev,3600,0.01,0,0.2090127350237199,0.4998159126499736,0.41817943313480244,0.33182810127555695,0.12658617207169082
468,rff_lev,3600,0.1,0,0.19331900116405537,0.5028639965819242,0.38443595580134315,0.3692354567726072,0.1547158051202117
468,rff_lev,3600,1.0,0,0.18994933959244092,0.5093450045203324,0.3729286395403499,0.3707086404572053,0.16672377823544912
468,rff_lev,36,0.001,1,0.2425479210235054,0.723063044413552,0.3354450526789493,-0.39607424339203967,0.34766319032131693
468,rff_lev,36,0.01,1,0.21616357529232474,0.5124974514432838,0.4217846833844143,0.26378555444966206,0.128162550613281
468,rff_lev,36,0.1,1,0.19400159556495075,0.503879658730548,0.38501573183904614,0.3655547522954602,0.15463751061316772
468,rff_lev,36,1.0,1,0.19000815089322087,0.5094828859528373,0.3729431471242979,0.3704016560358425,0.16676897887716
468,rff_lev,360,0.001,1,0.24256517775763195,0.5934242734368502,0.40875506549943097,0.10457649959868268,0.17696925042829015
468,rff_lev,360,0.01,1,0.21807013179304272,0.5131942335128884,0.4249270891068305,0.31022177349840957,0.12589201228393954
468,rff_lev,360,0.1,1,0.19489181328473004,0.5059482392395525,0.385201090091064,0.3657044062209255,0.15529218528446243
468,rff_lev,360,1.0,1,0.19011970724521798,0.5097050602679032,0.37299945020222136,0.37031682305139557,0.1668147092341872
468,rff_lev,3600,0.001,1,0.2283494035213643,0.5686197625567676,0.4015854153478657,0.15362472782813005,0.16988244959485796
468,rff_lev,3600,0.01,1,0.2099545012075468,0.4992022807633803,0.4205800119472297,0.308489887100069,0.12448417946048587
468,rff_lev,3600,0.1,1,0.1932446126672988,0.5026864391012129,0.3844237632763954,0.36513879813954736,0.15465728322550307
468,rff_lev,3600,1.0,1,0.18993514633626069,0.509333034868831,0.37290953724447673,0.37025592270373364,0.16673457972885805
468,rff_lev_ens,36,0.001,-1,0.24618695583675107,0.6364276433123797,0.3868263084165161,0.10818231118041544,0.2243836229017229
468,rff_lev_ens,36,0.01,-1,0.22164914897529853,0.5223349006344156,0.4243429813058418,0.374440757550524,0.12977316789055054
468,rff_lev_ens,36,0.1,-1,0.19486453820250152,0.5059291168994128,0.3851617384599825,0.3768872857142486,0.15531675534939982
468,rff_lev_ens,36,1.0,-1,0.1900992686005731,0.5096879740376691,0.3729718539259151,0.3715119785711897,0.16683039777885914
468,rff_lev_ens,360,0.001,-1,0.2387929703404453,0.5880748771680355,0.4060587853886725,0.20879117145947068,0.17637757533823106
468,rff_lev_ens,360,0.01,-1,0.2143032258675509,0.5082733421558349,0.4216298752922719,0.32975367497703995,0.12677058340730793
468,rff_lev_ens,360,0.1,-1,0.19425719926163917,0.5039576483364057,0.385463341816309,0.36753507797211454,0.1543041444373671
468,rff_lev_ens,360,1.0,-1,0.19005418976892877,0.5094407914939444,0.3730643343490249,0.370494824108604,0.16665150772775178
468,rff_lev_ens,3600,0.001,-1,0.22603830518543944,0.5684472760409043,0.39764163663469504,0.18525634997326446,0.17325838285745984
468,rff_lev_ens,3600,0.01,-1,0.20948361811563337,0.49946100874647653,0.41941936296766263,0.32015899418781296,0.1254868214645067
468,rff_lev_ens,3600,0.1,-1,0.19328180691567706,0.5027736921120476,0.3844310272157249,0.36718712745607723,0.15468500071212377
468,rff_lev_ens,3600,1.0,-1,0.18994224296435078,0.5093389998193719,0.372919103056531,0.3704822815804694,0.16672915864953405
469,ff,6,0.0,0,0.19611205801972023,0.6366576240241361,0.30803378553790084,0.07761958465990265,0.30577052136715455
469,fm,6,0.0,0,0.2535579640479772,0.8025554958210944,0.31593823152199846,-0.27031982754729206,0.4554728047866502
469,linrank,6,0.0,0,0.1377314347008219,0.5294724966689548,0.26012953565544034,0.3240904029186618,0.2780499713097661
469,linrank,6,0.001,0,-0.024118444190108324,0.39984279513111015,-0.0603198168975379,-0.15700099223542718,0.4628946164264337
469,linrank,6,0.01,0,-0.03224775046921828,0.23421720022702613,-0.13768310114697221,-0.0015541059546887958,0.3745948831087551
469,linrank,6,0.1,0,-0.004761561340401214,0.06197204163045434,-0.07683402410388372,0.00872185140076328,0.2675880969688544
469,linrank,6,1.0,0,-0.00045000308142887935,0.007601413269796434,-0.05919992315335994,0.0010894142853437418,0.2551597580271361
469,rff,36,0.001,0,0.2066118041075534,0.6650614336499067,0.3106657425219388,0.7114093277839234,0.32597330778774725
469,rff,36,0.01,0,0.22272890041634916,0.5733527855851346,0.3884674602026105,1.311948101529947,0.18708554686401765
469,rff,36,0.1,0,0.2192230014783815,0.5746635986092944,0.38148057752206455,1.585521903993624,0.19405274086481844
469,rff,36,1.0,0,0.21914470404549624,0.5823782254174003,0.37629275010828495,1.6420038049845842,0.2031011585383227
469,rff,360,0.001,0,0.1907794895015244,0.5994243163090975,0.31827118838994106,0.0856774128185625,0.26834911347184937
469,rff,360,0.01,0,0.20097499853416215,0.5246940743680029,0.3830327201164559,1.148346604337177,0.16794659252218425
469,rff,360,0.1,0,0.21560166564141378,0.5690105037479055,0.37890630176650303,1.5698624210119152,0.19325546819777642
469,rff,360,1.0,0,0.218760837035463,0.581826782066661,0.37598963089739507,1.640514083415331,0.20305880195738296
469,rff,3600,0.001,0,0.19340723716667946,0.6045949856367395,0.31989553628697287,0.007224200424693218,0.2703287495899852
469,rff,3600,0.01,0,0.1993362172232443,0.5221504369268889,0.38176012720861746,1.1254509487133024,0.16790533971113153
469,rff,3600,0.1,0,0.21519047897771998,0.5688091094380272,0.37831756806835276,1.5688710175736622,0.19367155514470868
469,rff,3600,1.0,0,0.21871319864922828,0.5818149214375818,0.37591541672533785,1.6404638507562366,0.20311943665014684
469,rff,36,0.001,1,0.13644912450247745,0.6356468696875363,0.214661836641391,0.4657147427435959,0.40396882539390844
469,rff,36,0.01,1,0.16972480197958964,0.5069933557343571,0.3347673101824991,1.2635229389545182,0.20060093508442275
469,rff,36,0.1,1,0.2087908516849982,0.5630726079221063,0.3708062668072137,1.5843537464742854,0.19726444604735943
469,rff,36,1.0,1,0.21798341585072,0.5811223217205261,0.3751076282964618,1.6419774805107183,0.20345485856416942
469,rff,360,0.001,1,0.1728383660894301,0.6019848772185081,0.2871141329796119,-0.181425070348381,0.30078392889119276
469,rff,360,0.01,1,0.18890926701174574,0.5090269232021905,0.37111841908744997,1.044906214540741,0.1711783535619191
469,rff,360,0.1,1,0.2136416698804227,0.5655218584327557,0.37777791732488114,1.5545724175851674,0.19237616359149476
469,rff,360,1.0,1,0.21855322159675547,0.5814441348803353,0.3758800003060226,1.6389076654444195,0.202938117341358
469,rff,3600,0.001,1,0.19185058472115468,0.6118061186393068,0.31358068982350457,-0.05781343465658875,0.28161397209784006
469,rff,3600,0.01,1,0.1962675079513485,0.5181992977776836,0.3787490812763522,1.087339220477758,0.16871819886982686
469,rff,3600,0.1,1,0.2146207125584066,0.5678291111998354,0.377967082569804,1.5626151826673145,0.19345229254606672
469,rff,3600,1.0,1,0.21865157775157432,0.5817083774316346,0.37587833738439047,1.6397976177236935,0.20309176120205596
469,rff_ens,36,0.001,-1,0.17153046430501534,0.6159822151435113,0.27846658570337496,0.5885620352637597,0.31999762882557725
469,rff_ens,36,0.01,-1,0.19622685119796945,0.5350047817450946,0.36677588293306623,1.2877355202422325,0.1864831591030543
469,rff_ens,36,0.1,-1,0.21400692658168982,0.5687199689860664,0.37629578395713587,1.5849378252339548,0.19542928246288016
469,rff_ens,36,1.0,-1,0.2185640599481081,0.5817485462283588,0.37570194436259624,1.6419906427476507,0.20327526732139967
469,rff_ens,360,0.001,-1,0.1818089277954772,0.5965683095282098,0.30475793784497035,-0.04787382876490909,0.2795321464463394
469,rff_ens,360,0.01,-1,0.19494213277295394,0.5161527706414837,0.3776830114283344,1.096626409438959,0.16873362010284704
469,rff_ens,360,0.1,-1,0.21462166776091823,0.5672466952425184,0.3783568411432697,1.5622174192985414,0.19278970589200672
469,rff_ens,360,1.0,-1,0.21865702931610917,0.5816352293585574,0.3759349817191264,1.6397108744298752,0.2029981457459159
469,rff_ens,3600,0.001,-1,0.1926289109439171,0.6078320789378336,0.3169113931606402,-0.025294617115947902,0.27550967950730093
469,rff_ens,3600,0.01,-1,0.1978018625872964,0.520110723330503,0.38030721866429146,1.1063950845955302,0.16823878406959666
469,rff_ens,3600,0.1,-1,0.2149055957680633,0.5683175330553855,0.37814352587837485,1.5657431001204887,0.1935598098122656
469,rff_ens,3600,1.0,-1,0.21868238820040123,0.5817616312323945,0.37589689051364206,1.640130734239965,0.20310557396021184
469,linlev,11,0.0,0,1.2385022402416017,3.658036846664041,0.3385701927445203,8.82669859371578,12.69231865802987
469,linlev,11,0.001,0,0.23380354180761426,0.7557989146090272,0.30934622594497935,0.6091785811769727,0.41249077974854664
469,linlev,11,0.01,0,0.09476820596806125,0.4229766197704778,0.22405069580320033,0.07454869662884048,0.25255558967654856
469,linlev,11,0.1,0,0.08385885455385109,0.29492953069413763,0.2843352252874892,0.4998270586950745,0.1804997943326528
469,linlev,11,1.0,0,0.028033494327147492,0.09585754796536344,0.2924495245515453,0.19327357078525162,0.20810932552963396
469,rff_lev,36,0.001,0,0.252103261647738,0.6365958677689391,0.3960177475409599,0.13031782146739213,0.21880559797624732
469,rff_lev,36,0.01,0,0.2393299913089307,0.5622390327491861,0.4256730276065615,1.0021505354340619,0.1489333599466186
469,rff_lev,36,0.1,0,0.22269598436802265,0.5735772574930676,0.38825804450713286,1.5415874491196393,0.1873941709086728
469,rff_lev,36,1.0,0,0.2195363020253056,0.5822844224144966,0.3770258890234052,1.6374336036457589,0.20238050032072577
469,rff_lev,360,0.001,0,0.24714608083947673,0.6132538314359041,0.40300780552939425,0.03650807142616561,0.19707105324398266
469,rff_lev,360,0.01,0,0.23204940441254018,0.5533271071327329,0.4193711123515874,1.0558364170731243,0.15012077262881998
469,rff_lev,360,0.1,0,0.22210242572976824,0.5725446264889317,0.38792159677017224,1.5455360281570785,0.18713375325466797
469,rff_lev,360,1.0,0,0.21949214805942852,0.58212401577899,0.3770539302792847,1.6375778761095272,0.2022626445653498
469,rff_lev,3600,0.001,0,0.2396164257477288,0.5985603267080698,0.4003212626295472,0.18248470915279483,0.19065941257933727
469,rff_lev,3600,0.01,0,0.23163830951177064,0.5536885308467706,0.41835489920212005,1.1291179266460938,0.15115244447899162
469,rff_lev,3600,0.1,0,0.22184933855666025,0.5736876419338152,0.38670754316554445,1.564108640269126,0.1888377302900952
469,rff_lev,3600,1.0,0,0.21945594588197803,0.5822989525881623,0.376878482962326,1.6398066219716152,0.20252285848207516
469,rff_lev,36,0.001,1,0.30707657483575435,0.7067994265625087,0.43446070171450085,0.7128669471254796,0.23391007040824782
469,rff_lev,36,0.01,1,0.23993776077291515,0.5552294786201425,0.4321416099325436,1.2326530718541067,0.14017614930549221
469,rff_lev,36,0.1,1,0.22220571935005973,0.573544969513385,0.38742510380413,1.5773206533497472,0.18811954294367456
469,rff_lev,36,1.0,1,0.21947402977587735,0.5823111409167121,0.3769016499158286,1.6412427713749065,0.20250882290783775
469,rff_lev,360,0.001,1,0.2689696093149559,0.6445338495242646,0.4173087410591149,0.4916481686362431,0.20403108316550259
469,rff_lev,360,0.01,1,0.23976338234194614,0.5664578986677397,0.4232677890198884,1.2304038952556633,0.15303603366903615
469,rff_lev,360,0.1,1,0.22299629977623472,0.5764531575197885,0.3868420128630828,1.5792746334046437,0.1902347608537637
469,rff_lev,360,1.0,1,0.21957616221552886,0.5826256147085228,0.37687351306272193,1.6414394399827843,0.20271574137453338
469,rff_lev,3600,0.001,1,0.2422898000724947,0.6018798867512917,0.402555070215552,0.1771722610493362,0.1905859130277345
469,rff_lev,3600,0.01,1,0.23156029039225,0.5526902643857601,0.41896936731751144,1.1264269443777037,0.15016788352665125
469,rff_lev,3600,0.1,1,0.2215946541150098,0.5735635157548322,0.3863471926441878,1.5642839130015516,0.18909175698518174
469,rff_lev,3600,1.0,1,0.21942205292023906,0.582294853107126,0.37682293042674636,1.639853602814706,0.20257099530011036
469,rff_lev_ens,36,0.001,-1,0.2795899182417462,0.6464490225273969,0.4325011075871757,0.4215923842964359,0.19108879250336777
469,rff_lev_ens,36,0.01,-1,0.23963387604092296,0.5557242394137811,0.43121004815932884,1.1174018036440843,0.14118784061438283
469,rff_lev_ens,36,0.1,-1,0.22245085185904123,0.573492824914345,0.3878877680680064,1.5594540512346937,0.18767846588077294
469,rff_lev_ens,36,1.0,-1,0.21950516590059158,0.5822970084207277,0.37696426862284727,1.6393381875103332,0.20244375994939895
469,rff_lev_ens,360,0.001,-1,0.2580578450772163,0.6235300618250956,0.41386592383672954,0.26407812003120434,0.19346966712887836
469,rff_lev_ens,360,0.01,-1,0.23590639337724315,0.5592103088553513,0.42185630279262987,1.1431201561643936,0.15075697708967645
469,rff_lev_ens,360,0.1,-1,0.22254936275300147,0.5744723051026002,0.387397896776337,1.5624053307808607,0.18864969056346595
469,rff_lev_ens,360,1.0,-1,0.21953415513747862,0.5823744604358297,0.3769639124854248,1.639508658046156,0.20248871504269988
469,rff_lev_ens,3600,0.001,-1,0.24095311291011182,0.5999670380815003,0.4016105846091172,0.17982848510106555,0.19031439146294493
469,rff_lev_ens,3600,0.01,-1,0.23159929995201034,0.5531624695158119,0.41868223662160464,1.127772435511899,0.150630121392879
469,rff_lev_ens,3600,0.1,-1,0.22172199633583506,0.5736244129760003,0.3865281730000421,1.5641962766353392,0.18896338602734572
469,rff_lev_ens,3600,1.0,-1,0.2194389994011085,0.5822968868597638,0.37685071713934243,1.6398301123931602,0.2025469079803221
470,ff,6,0.0,0,0.20337340173910387,0.6709824866459446,0.3030979284656312,-0.3266911959760324,0.3439626508162153
470,fm,6,0.0,0,0.25292205472553725,0.6675216912038081,0.3788971325702058,-0.025414816025187338,0.26284188091701816
470,linrank,6,0.0,0,0.1665729499898698,0.5210441139728305,0.3196906855348445,0.18438064840660703,0.22521883276823282
470,linrank,6,0.001,0,-0.020728067488134303,0.4024313282998028,-0.051507092093715755,0.22511628506417125,0.46296797812911783
470,linrank,6,0.01,0,-0.025410700816346436,0.2776402183472972,-0.09152384682452765,0.15905901612130233,0.3876824125665184
470,linrank,6,0.1,0,-0.0021919219594967753,0.07229322648783676,-0.030319880104750386,0.0346267864716271,0.26874617541080453
470,linrank,6,1.0,0,-0.0001250858358743292,0.008787890891238274,-0.014233885857531825,0.003983322576861913,0.2594586307184441
470,rff,36,0.001,0,0.2179184248124337,0.6175209561990452,0.3528923555141539,0.07768249389371829,0.252114937966761
470,rff,36,0.01,0,0.21920297933881233,0.5424530786106114,0.4040957420690806,0.14032068778612639,0.16303054634143027
470,rff,36,0.1,0,0.20331715541525502,0.5357935901750166,0.3794691820572949,0.10138716405450139,0.18090954250218746
470,rff,36,1.0,0,0.20020654889022013,0.5402065142799664,0.3706111340717033,0.09240006399010887,0.19062385888251612
470,rff,360,0.001,0,0.23735614477403863,0.6148575553415759,0.3860343631008626,-0.022393325917417765,0.21880667964844921
470,rff,360,0.01,0,0.20625556973203357,0.5211662629233128,0.395757715733766,0.05800799433176236,0.16077571056478296
470,rff,360,0.1,0,0.2006486780487371,0.5327572027411417,0.3766231165273032,0.08469984501070633,0.18192398935171017
470,rff,360,1.0,0,0.19991832411025579,0.5399027396559949,0.3702858115475317,0.09057065227241957,0.19075687275650358
470,rff,3600,0.001,0,0.2328171592797983,0.6204433447899131,0.37524322121406906,-0.09722748052830195,0.23265067156352595
470,rff,3600,0.01,0,0.20396362296038872,0.5202233502224353,0.3920693349754075,0.03834085364616916,0.1634374640609175
470,rff,3600,0.1,0,0.2000411612472213,0.5325429298771617,0.3756338691668736,0.08303637976139289,0.18266733223475862
470,rff,3600,1.0,0,0.19984649253523595,0.5398846646833753,0.37016515861297783,0.0904239545861871,0.19085230304235742
470,rff,36,0.001,1,0.18053390751930937,0.6652983240721669,0.2713578269884929,0.05563319876148948,0.37327775311271855
470,rff,36,0.01,1,0.16226896619132722,0.4894057545998534,0.3315632574120448,0.11605821594300068,0.20044249401551253
470,rff,36,0.1,1,0.19143101859048153,0.5242557926309187,0.365148122884454,0.09772066287351173,0.1877591501786118
470,rff,36,1.0,1,0.1988765942811609,0.5389294272538065,0.3690215902563821,0.09204485696350201,0.19137485512458047
470,rff,360,0.001,1,0.22638889533800632,0.6195352899551418,0.36541727163661375,-0.16256404553691642,0.2414293331300644
470,rff,360,0.01,1,0.19884522421543938,0.514680577013336,0.38634685880187597,0.02912859491985675,0.16587628749110297
470,rff,360,0.1,1,0.19948947693953378,0.530582747765488,0.3759818384213767,0.08394224999551761,0.18146636613082948
470,rff,360,1.0,1,0.19979738785585346,0.5396429854695554,0.3702399423982234,0.09057064948055792,0.190669988622723
470,rff,3600,0.001,1,0.23606045005821819,0.6252552613921276,0.37754252484438244,-0.12897512737584912,0.23367899423770297
470,rff,3600,0.01,1,0.2030550026953698,0.5198848599410827,0.3905768725759422,0.02946150663352233,0.16453281269874906
470,rff,3600,0.1,1,0.1998167330619316,0.532248454488445,0.3754200343408786,0.08209263157732287,0.18271289436693117
470,rff,3600,1.0,1,0.1998214657934835,0.5398496410224352,0.37014281497906804,0.09033302148154135,0.19085453789085416
470,rff_ens,36,0.001,-1,0.1992261661658716,0.6140414455195954,0.3244506826363952,0.06665784632760392,0.2774168461431155
470,rff_ens,36,0.01,-1,0.1907359727650698,0.5100139833011764,0.37398184953771213,0.12818945186456357,0.17415374531314334
470,rff_ens,36,0.1,-1,0.19737408700286832,0.5298501947153569,0.3725092280260471,0.09955391346400651,0.1840808014282937
470,rff_ens,36,1.0,-1,0.1995415715856905,0.5395659172096015,0.36981871022845936,0.09222246047680546,0.19099629100765744
470,rff_ens,360,0.001,-1,0.2318725200560225,0.6144083864774297,0.37739152843503765,-0.09247868572716704,0.2266487071927972
470,rff_ens,360,0.01,-1,0.20255039697373647,0.5173445377385966,0.39151934967578794,0.04356829462580959,0.16270245646862025
470,rff_ens,360,0.1,-1,0.20006907749413544,0.5316501840472023,0.3763171414163799,0.08432104750311199,0.18167261535242057
470,rff_ens,360,1.0,-1,0.19985785598305464,0.5397726212681327,0.3702630480099416,0.09057065087648876,0.19071314967661807
470,rff_ens,3600,0.001,-1,0.23443880466900827,0.6226603860418344,0.37651151402019195,-0.11310130395207546,0.23292111651629585
470,rff_ens,3600,0.01,-1,0.2035093128278792,0.5200169808384919,0.39135128337488967,0.0339011801398457,0.16394629148621043
470,rff_ens,3600,0.1,-1,0.19992894715457646,0.5323943636790768,0.3755279183892564,0.08256450566935791,0.18268866445234638
470,rff_ens,3600,1.0,-1,0.1998339791643598,0.5398671367136645,0.37015399822410017,0.09037848803386417,0.19085340257726569
470,linlev,11,0.0,0,0.20830713979013227,0.8458112427494461,0.24628088308804724,0.33035970719802316,0.6013054596425562
470,linlev,11,0.001,0,0.1911875275252078,0.611504500732513,0.31265105538256355,0.14951977444121153,0.2872465864208192
470,linlev,11,0.01,0,0.11689652294739589,0.42969612639918897,0.27204462820499964,0.07664137869929263,0.22364172859877973
470,linlev,11,0.1,0,0.10084819112258855,0.3624895297644382,0.27820994219646616,0.10642747590358775,0.19900385097027742
470,linlev,11,1.0,0,0.044598988969055946,0.13766286405494235,0.32397254898936384,0.04095170928709755,0.19087337239267238
470,rff_lev,36,0.001,0,0.23745488552811386,0.6507993491805796,0.36486650736066795,-0.7386705145312272,0.2641460608727207
470,rff_lev,36,0.01,0,0.2263898194447433,0.5546935120042527,0.4081349692134269,-0.22737423098018883,0.16528882009226178
470,rff_lev,36,0.1,0,0.20521986793498004,0.5384568761896784,0.3811259118598175,0.03902472377442082,0.1807424822151501
470,rff_lev,36,1.0,0,0.2004308748616957,0.5405257869843269,0.3708072393362195,0.08565211005991304,0.19061012864337196
470,rff_lev,360,0.001,0,0.26605668560623286,0.6233567152091487,0.42681289719797993,-0.29848496860031914,0.18637759951356073
470,rff_lev,360,0.01,0,0.2329787791951283,0.5565480121338423,0.4186139813919595,-0.09950766718472102,0.15719845934904014
470,rff_lev,360,0.1,0,0.20695213174454224,0.539358806743251,0.38370029219353585,0.05063983311322524,0.17896406012994232
470,rff_lev,360,1.0,0,0.20064502704576265,0.5405866662543098,0.37116162785889467,0.08663754344096185,0.19033353289253102
470,rff_lev,3600,0.001,0,0.2544853548646287,0.6043816894620035,0.4210672813254177,-0.2844390793085292,0.18020052904217704
470,rff_lev,3600,0.01,0,0.23019823941360754,0.5490895031138691,0.41923627770729666,-0.07234149143491361,0.15322524940565785
470,rff_lev,3600,0.1,0,0.20613809302009387,0.5385669424091373,0.3827529630726859,0.0602311594993399,0.1794022951836129
470,rff_lev,3600,1.0,0,0.20053976212760075,0.5405339656163497,0.37100307267265453,0.08783369771983997,0.1904448562978433
470,rff_lev,36,0.001,1,0.26410046781866603,0.6400671393612904,0.412613695622941,-0.09648272114569185,0.21036528072876481
470,rff_lev,36,0.01,1,0.22413640530028395,0.5295567806800017,0.42325282854932256,0.004777409909715657,0.14152591791844538
470,rff_lev,36,0.1,1,0.20446265961491078,0.5352703485055006,0.3819801716754532,0.07299163692012689,0.17852522231009407
470,rff_lev,36,1.0,1,0.20033914527748106,0.540208913235968,0.3708549421693292,0.0892442299238179,0.19041436888904803
470,rff_lev,360,0.001,1,0.2616403479573123,0.6132007067780253,0.42667978863244266,-0.31232018491757985,0.18032129893158136
470,rff_lev,360,0.01,1,0.2321771361377388,0.5507099540768238,0.421596040563578,-0.06866706783943641,0.1519646201628547
470,rff_lev,360,0.1,1,0.20632145026612073,0.5400287539452899,0.38205641599414364,0.062209181770007144,0.1806879117692893
470,rff_lev,360,1.0,1,0.20055485777548737,0.540733650660259,0.37089398362872605,0.08808357940568604,0.19063663275665502
470,rff_lev,3600,0.001,1,0.2535717020935065,0.6064008448741558,0.4181585567317759,-0.31305580783827686,0.18400840495358772
470,rff_lev,3600,0.01,1,0.2289942212855576,0.5473238982333323,0.4183888590005145,-0.07973378339159327,0.15314457676230747
470,rff_lev,3600,0.1,1,0.20560437812272708,0.5383181663054273,0.3819383981295416,0.0594393997594081,0.17998206860612964
470,rff_lev,3600,1.0,1,0.2004723122491446,0.540516970538237,0.3708899501333287,0.0877631201716815,0.19053433529397537
470,rff_lev_ens,36,0.001,-1,0.25077767667338996,0.6161808883645191,0.40698710623597817,-0.41757661783845945,0.2001441933305241
470,rff_lev_ens,36,0.01,-1,0.2252631123725136,0.5380557586279959,0.41866127954269755,-0.11129841053523651,0.1488524608173854
470,rff_lev_ens,36,0.1,-1,0.20484126377494546,0.536758861964652,0.3816262353362602,0.05600818034727391,0.17951870806652698
470,rff_lev_ens,36,1.0,-1,0.20038501006958837,0.5403661351386787,0.3708319175445032,0.08744816999186546,0.19051090850003777
470,rff_lev_ens,360,0.001,-1,0.2638485167817725,0.6126385064151713,0.4306756986688139,-0.3054025767589496,0.17637616216092097
470,rff_lev_ens,360,0.01,-1,0.2325779576664335,0.5530415144513267,0.4205433978987535,-0.08408736751207874,0.1539227241399521
470,rff_lev_ens,360,0.1,-1,0.2066367910053315,0.5396607653200167,0.3829012673967445,0.05642450744161618,0.179790139386017
470,rff_lev_ens,360,1.0,-1,0.20059994241062507,0.5406596876350338,0.3710281106551406,0.08736056142332398,0.1904845662814211
470,rff_lev_ens,3600,0.001,-1,0.2540285284790676,0.6049520420323333,0.4199151516633617,-0.29874744357340305,0.181571625856108
470,rff_lev_ens,3600,0.01,-1,0.22959623034958263,0.5481587299136764,0.41884990208171863,-0.07603763741325348,0.15313117784606103
470,rff_lev_ens,3600,0.1,-1,0.2058712355714104,0.5384404951812426,0.38234723690704725,0.05983527962937391,0.17968987771781292
470,rff_lev_ens,3600,1.0,-1,0.20050603718837268,0.5405254399278797,0.3709465316102891,0.08779840894576076,0.19048956415538051
471,ff,6,0.0,0,0.18493838631108367,0.6047792872045111,0.3057948415626629,-0.8621278090781834,0.29158013540848554
471,fm,6,0.0,0,0.28845756163613095,0.6833167050300379,0.4221432895065117,-0.4031745053965062,0.23471107603361693
471,linrank,6,0.0,0,0.17515103115272287,0.6060400525124513,0.28900900266674096,-0.5315323123925794,0.3091570817254197
471,linrank,6,0.001,0,-0.03431468510751481,0.4249181808052789,-0.08075598234578647,0.14181596009540542,0.5118590432756337
471,linrank,6,0.01,0,-0.030556801715264648,0.28372268596680605,-0.10769953629594364,0.02230626906749958,0.40404259916152274
471,linrank,6,0.1,0,-0.0033842585225854383,0.06842468098606674,-0.04945961711205598,-0.013671224190620094,0.2729586222866723
471,linrank,6,1.0,0,-0.00027342668281337605,0.008146738706612217,-0.0335627166477614,-0.002058198486267263,0.26211001254704014
471,rff,36,0.001,0,0.22108315553915595,0.6932588100341849,0.3189042134614261,-0.20532780580829046,0.3488159433425614
471,rff,36,0.01,0,0.22364053737984171,0.5606013254173338,0.3989297335559363,-0.7009135139526026,0.17850457632724098
471,rff,36,0.1,0,0.20365761352967435,0.5398496540298745,0.3772487617791531,-0.8059073839954423,0.1870955605131375
471,rff,36,1.0,0,0.19965499359040054,0.5416797670080984,0.36858492000388043,-0.8174886997387012,0.19546581433843813
471,rff,360,0.001,0,0.2147501460779831,0.6166640023871254,0.34824498470265597,-0.3364491336665566,0.25838853999236594
471,rff,360,0.01,0,0.20039310602900562,0.5216949848751031,0.3841192877807344,-0.6940755530413931,0.17303355719748376
471,rff,360,0.1,0,0.19946196304586417,0.5351864622179894,0.3726962042709899,-0.8062435039062745,0.18878241301949736
471,rff,360,1.0,0,0.1992046927930967,0.5412246456140719,0.368062863373636,-0.8175709668824592,0.19569395613238497
471,rff,3600,0.001,0,0.20577182757008725,0.6078473415987748,0.33852550383598157,-0.38324992120467705,0.26177349563776575
471,rff,3600,0.01,0,0.19681862810699427,0.5192737717323388,0.37902670772373426,-0.7037137195466128,0.17624228123276844
471,rff,3600,0.1,0,0.19868618561107165,0.5347363826778847,0.3715591309049875,-0.8069783364427631,0.18954354315767166
471,rff,3600,1.0,0,0.19911546963738683,0.5411775410671857,0.36793003132527846,-0.817639150734783,0.19578587699737748
471,rff,36,0.001,1,0.14510088587813308,0.6430836501413153,0.2256329885641591,-0.32127113087101256,0.40590579147313927
471,rff,36,0.01,1,0.14906356949092064,0.4905325311118272,0.3038811088696959,-0.6496985209531495,0.2262116879142176
471,rff,36,0.1,1,0.18892164090491148,0.5271691416326214,0.3583700675647077,-0.795819526459968,0.1972521235497648
471,rff,36,1.0,1,0.19802164051184346,0.5403094272700739,0.3664967341257628,-0.81638709232248,0.19660028135193897
471,rff,360,0.001,1,0.19825421344008162,0.6001121581995964,0.3303619344005068,-0.31135738602264895,0.26442762375326834
471,rff,360,0.01,1,0.19183690154033933,0.5162529531699349,0.3715947780296618,-0.6473748308337164,0.1811414204363069
471,rff,360,0.1,1,0.19823441280150375,0.5334507040387121,0.3716077442595671,-0.7953615142887567,0.18889442552285574
471,rff,360,1.0,1,0.1990785233513281,0.5410152249245936,0.36797212754793646,-0.816342535755153,0.1956694004250064
471,rff,3600,0.001,1,0.2064203393144163,0.6066641829467995,0.34025469957984655,-0.3292069677806413,0.25930682379206255
471,rff,3600,0.01,1,0.19598523891970868,0.5192286455906695,0.3774545965135605,-0.6769653659353191,0.1775348375046277
471,rff,3600,0.1,1,0.19852475564407474,0.5345725302902065,0.37137103834403995,-0.8022126427694765,0.1896270725239726
471,rff,3600,1.0,1,0.19909802610706517,0.54115799639645,0.3679110859173313,-0.8171180202867949,0.19579266391712805
471,rff_ens,36,0.001,-1,0.1830920207086445,0.6315329341714686,0.2899168211216881,-0.2632994683396514,0.32766920864081894
471,rff_ens,36,0.01,-1,0.18635205343538122,0.5168960957061453,0.36052130202454097,-0.675306017452876,0.19070126977278598
471,rff_ens,36,0.1,-1,0.1962896272172929,0.5332436550805142,0.36810494667330873,-0.8008634552277051,0.19179587406985318
471,rff_ens,36,1.0,-1,0.19883831705112198,0.5409914692809382,0.36754427443266163,-0.8169378960305906,0.19602852712793556
471,rff_ens,360,0.001,-1,0.20650217975903237,0.6057842599991133,0.34088402983487,-0.3239032598446027,0.25811007545754905
471,rff_ens,360,0.01,-1,0.1961150037846725,0.5184194968586441,0.378294035955493,-0.6707251919375545,0.1764865769309956
471,rff_ens,360,0.1,-1,0.19884818792368394,0.5343006690056691,0.3721653358468359,-0.8008025090975152,0.18881814596077892
471,rff_ens,360,1.0,-1,0.19914160807221243,0.5411197171296004,0.3680176525974144,-0.816956751318806,0.19568142725528917
471,rff_ens,3600,0.001,-1,0.20609608344225172,0.6068772139739717,0.33960095831030984,-0.35622844449265906,0.2600800966342506
471,rff_ens,3600,0.01,-1,0.1964019335133515,0.5192039109675818,0.3782751427032577,-0.6903395427409657,0.1768392686928211
471,rff_ens,3600,0.1,-1,0.1986054706275732,0.5346530787430166,0.37146605625932216,-0.8045954896061198,0.18958382138514834
471,rff_ens,3600,1.0,-1,0.19910674787222604,0.5411677523868185,0.36792056990474103,-0.8173785855107891,0.19578925259491164
471,linlev,11,0.0,0,0.4690914143659966,1.301562337288914,0.3604064138357671,-0.7615904673019944,1.237425159216588
471,linlev,11,0.001,0,0.48288355984138365,1.1879466043982816,0.4064859127956965,-1.0822590037968192,0.9401232626514358
471,linlev,11,0.01,0,0.3176096666180816,0.7959922477721363,0.39901100482702406,-0.9520608742409509,0.3607569406741324
471,linlev,11,0.1,0,0.21926466263215957,0.5807668106142184,0.37754337648920655,-0.8365293615837616,0.2083344703935958
471,linlev,11,1.0,0,0.0668596670009161,0.17803905895549785,0.3755337025097855,-0.2670167414426827,0.1639455026511091
471,rff_lev,36,0.001,0,0.25898720254185104,0.6513158272202983,0.3976368939891465,-0.5965070082340651,0.2348089878521219
471,rff_lev,36,0.01,0,0.23077931662481152,0.56116114682395,0.4112531987130118,-0.7141887584939403,0.16809900750467144
471,rff_lev,36,0.1,0,0.20494215213713513,0.5422162921729705,0.37797121756672936,-0.804691625820949,0.1876122040138431
471,rff_lev,36,1.0,0,0.19980008213946668,0.5419841146767633,0.3686456424255653,-0.8173300503492703,0.19556340417366774
471,rff_lev,360,0.001,0,0.2953111805818329,0.6407773772811898,0.4608639303635133,-0.5761139854158537,0.16867869451603898
471,rff_lev,360,0.01,0,0.2377226378800679,0.5631810348792099,0.4221069658907357,-0.7782536270977564,0.15973636991584872
471,rff_lev,360,0.1,0,0.20704742158319592,0.5435397856645227,0.3809241329593991,-0.8211819513156821,0.18570600528580183
471,rff_lev,360,1.0,0,0.20006373102092687,0.5421190094738144,0.36904024305495303,-0.8192443983601715,0.19528776992873845
471,rff_lev,3600,0.001,0,0.2705927706168773,0.6097054102795295,0.4438090363882774,-0.46321281228918953,0.1652723086682013
471,rff_lev,3600,0.01,0,0.23149928386234883,0.5538738376599298,0.4179639262984758,-0.7477093651927568,0.15886629381592954
471,rff_lev,3600,0.1,0,0.2056546471047986,0.5417022250014075,0.3796451954840397,-0.8140570572058392,0.18592255530538632
471,rff_lev,3600,1.0,0,0.19989486954023053,0.5419249201420315,0.3688608183728489,-0.8183940628911239,0.19534755392670058
471,rff_lev,36,0.001,1,0.2996603396705366,0.7150856236976202,0.41905518687542576,-0.1849603859271942,0.26331980411711126
471,rff_lev,36,0.01,1,0.23366964685660493,0.546793547482579,0.4273452895199896,-0.6533653641049441,0.14774210878517263
471,rff_lev,36,0.1,1,0.20540403508532426,0.5394340622708832,0.3807769094532599,-0.8001041154772239,0.1838685700644603
471,rff_lev,36,1.0,1,0.19985091990247855,0.5416781927399816,0.3689476936325767,-0.8169040000080214,0.19515052993867105
471,rff_lev,360,0.001,1,0.2909908129485661,0.6421790821485586,0.4531303199334819,-0.45556334073833205,0.17658471594020902
471,rff_lev,360,0.01,1,0.2366023867785404,0.5587718984073607,0.4234328667080721,-0.7502624874738998,0.15649866538969556
471,rff_lev,360,0.1,1,0.20632752455052816,0.5429915083199974,0.37998296730072356,-0.8152744303656425,0.18625249146142694
471,rff_lev,360,1.0,1,0.1999632218845783,0.5420853465701808,0.36887774803315065,-0.8185356454104433,0.1954120843711262
471,rff_lev,3600,0.001,1,0.27550929561390053,0.6165437300068284,0.44686091546312406,-0.4732740311609638,0.16650966682030807
471,rff_lev,3600,0.01,1,0.23167854789619638,0.5538474011152928,0.4183075472226844,-0.7501411348294564,0.15856151255277007
471,rff_lev,3600,0.1,1,0.20541669717723135,0.5416122726497637,0.37926891163720927,-0.8145550990147852,0.18620319407729033
471,rff_lev,3600,1.0,1,0.1998615586568365,0.5419195444402,0.3688030090579081,-0.8184467304793465,0.19539503302904962
471,rff_lev_ens,36,0.001,-1,0.2793237711061938,0.6344930414074633,0.44023141764736173,-0.39073369708062966,0.1834523615547994
471,rff_lev_ens,36,0.01,-1,0.23222448174070823,0.550619895824251,0.421750981942052,-0.683777061299442,0.15415823118354172
471,rff_lev_ens,36,0.1,-1,0.2051730936112297,0.5407462186872195,0.3794258499103934,-0.8023978706490864,0.18565299921177777
471,rff_lev_ens,36,1.0,-1,0.19982550102097263,0.5418302140267789,0.3687972649880626,-0.8171170251786458,0.19535592471635127
471,rff_lev_ens,360,0.001,-1,0.2931509967651995,0.636402879264105,0.4606374457390581,-0.5158386630770929,0.16614085317738256
471,rff_lev_ens,360,0.01,-1,0.23716251232930413,0.5606143201273897,0.42304041087536465,-0.764258057285828,0.15770616359534292
471,rff_lev_ens,360,0.1,-1,0.20668747306686203,0.5432515241781728,0.38046367818210436,-0.818228190840662,0.18596369897865717
471,rff_lev_ens,360,1.0,-1,0.20001347645275253,0.5421019749806968,0.36895913625821897,-0.8188900218853074,0.1953497042028912
471,rff_lev_ens,3600,0.001,-1,0.27305103311538903,0.6126104475949515,0.44571723219439136,-0.46824342172507655,0.16524307602479885
471,rff_lev_ens,3600,0.01,-1,0.2315889158792726,0.5538288379297488,0.41815972737167006,-0.7489252500111067,0.15867869098991622
471,rff_lev_ens,3600,0.1,-1,0.20553567214101492,0.5416564435646636,0.3794576333078882,-0.8143060781103123,0.18606198616325728
471,rff_lev_ens,3600,1.0,-1,0.1998782140985335,0.5419222214532016,0.3688319212350185,-0.8184203966852353,0.1953712814466336
472,ff,6,0.0,0,0.19919382223231175,0.5095504522967026,0.3909207053678064,-0.5415466050571093,0.16179526090122331
472,fm,6,0.0,0,0.2782278973783252,0.7145981853657688,0.3893487320233168,-0.3747658032843788,0.29246859776551787
472,linrank,6,0.0,0,0.26167314482519666,0.590894682797594,0.442842273662548,0.0007559363500355568,0.15514613434533903
472,linrank,6,0.001,0,0.16262576030209525,0.5398653161570232,0.30123394749588717,0.23177814933908172,0.25351324001352155
472,linrank,6,0.01,0,0.0958656091684906,0.35146136011518636,0.27276286968522523,0.14663049155638194,0.20184714745283613
472,linrank,6,0.1,0,0.022006631430027703,0.08403172560146988,0.2618847973489999,0.023823410103227045,0.22439542298895723
472,linrank,6,1.0,0,0.00257461300160026,0.009924352308154376,0.2594237811856821,0.0025161410481154183,0.25581895851219866
472,rff,36,0.001,0,0.2642496951837694,0.7169170985078744,0.36859170430410226,0.05351189595906668,0.3161617002846804
472,rff,36,0.01,0,0.2235163284883676,0.48067159267724585,0.46500840052441167,-0.2329636799152924,0.09483513524561966
472,rff,36,0.1,0,0.1759219154679605,0.44487356008465506,0.39544250603358916,-0.4555895581214252,0.13788023698294527
472,rff,36,1.0,0,0.16576960135666613,0.4449340422666555,0.3725711804657059,-0.49791216214339784,0.15476972310291653
472,rff,360,0.001,0,0.22785697113193432,0.5606826097652059,0.40639207844764935,-0.023369312005085893,0.17143290903722755
472,rff,360,0.01,0,0.20207771970836322,0.4472566190043868,0.451816051729312,-0.22138943296396338,0.09758151174359533
472,rff,360,0.1,0,0.17187102293173012,0.44035770332637314,0.390298663185522,-0.45507411889936006,0.14057557265357204
472,rff,360,1.0,0,0.1653291470363578,0.4444766861767949,0.37196359714263283,-0.4978900272426766,0.15509802045631388
472,rff,3600,0.001,0,0.23071307997645096,0.5525630876036619,0.4175325590006385,0.029162736311937328,0.15799139421596514
472,rff,3600,0.01,0,0.19993661364830614,0.44458691979417897,0.4497132163511841,-0.2190577803525684,0.0986220145471703
472,rff,3600,0.1,0,0.17135619167220023,0.43977680558684595,0.38964354075822505,-0.45501411253449797,0.14091726292672474
472,rff,3600,1.0,0,0.1652711134641907,0.444412514652954,0.3718867223918132,-0.49788757166360936,0.1551378603120289
472,rff,36,0.001,1,0.1523304531887014,0.5353268931728056,0.2845559510112796,-0.526227780715502,0.2659816062598756
472,rff,36,0.01,1,0.19275851734324578,0.4367256783857467,0.4413720714928696,-0.3153376262706737,0.10323119259792041
472,rff,36,0.1,1,0.17191526359999104,0.43530007673451176,0.39493506385215194,-0.45804175934548874,0.1360735505782991
472,rff,36,1.0,1,0.1653657147976179,0.44381560115909313,0.37260004913243194,-0.4979549408758508,0.15444974098205344
472,rff,360,0.001,1,0.24077482188009972,0.5706562905596474,0.4219261679284563,-0.011827808700414008,0.16293453616104595
472,rff,360,0.01,1,0.20655313745044573,0.45253450625479813,0.45643621557147435,-0.1865666395576554,0.09520846615556008
472,rff,360,0.1,1,0.1723445708436643,0.4393327296930996,0.39228711906817726,-0.44883648412905724,0.13888981990610316
472,rff,360,1.0,1,0.1653749579490494,0.44431961675117293,0.3721981918292444,-0.4972258723168056,0.15488194576301512
472,rff,3600,0.001,1,0.23585064015342905,0.5570161592966664,0.42341794976151703,0.09035600787848952,0.15505430898608835
472,rff,3600,0.01,1,0.20086951352383395,0.4463751026284642,0.45000160703637104,-0.18951901194683543,0.09872332977676072
472,rff,3600,0.1,1,0.17143322247864315,0.4398709407996807,0.38973527591292884,-0.4505999831239368,0.14087241248667678
472,rff,3600,1.0,1,0.16527782639810185,0.44441985850179144,0.3718956820590312,-0.49742464771407874,0.15513318084798444
472,rff_ens,36,0.001,-1,0.20829007418623546,0.5743332690150939,0.36266412799562453,-0.23635794237821753,0.21752637364415583
472,rff_ens,36,0.01,-1,0.20813742291580672,0.4516373147659304,0.46085081128355815,-0.2741506530929831,0.09188566818995496
472,rff_ens,36,0.1,-1,0.17391858953397576,0.4398788154884475,0.39537841653241285,-0.4568156587334571,0.13676693214761046
472,rff_ens,36,1.0,-1,0.16556765807714197,0.4443724080501645,0.3725876203782016,-0.49793355150962426,0.15460723339772217
472,rff_ens,360,0.001,-1,0.23431589650601709,0.5624692967501216,0.4165843324424382,-0.017598560352750075,0.16350691924451563
472,rff_ens,360,0.01,-1,0.2043154285794045,0.44920895670841,0.4548338262810496,-0.2039780362608094,0.09576568709838981
472,rff_ens,360,0.1,-1,0.17210779688769723,0.43982305505877084,0.391311448793196,-0.4519553015142086,0.13971288284992792
472,rff_ens,360,1.0,-1,0.16535205249270357,0.4443978925634632,0.37208109052652655,-0.4975579497797411,0.15498974630754483
472,rff_ens,3600,0.001,-1,0.23328186006494,0.5542397940762427,0.420904205288531,0.05975937209521341,0.155901518557709
472,rff_ens,3600,0.01,-1,0.20040306358607005,0.445413097083962,0.449926292913415,-0.20428839614970187,0.09861115089102425
472,rff_ens,3600,0.1,-1,0.1713947070754217,0.4398220845460699,0.3896909980141497,-0.4528070478292174,0.1408932606316314
472,rff_ens,3600,1.0,-1,0.1652744699311463,0.44441616600448747,0.3718912194780004,-0.4976561096888439,0.1551355022694118
472,linlev,11,0.0,0,0.6247632882635001,1.283772509155207,0.48666199331112703,-0.06698353611499287,1.049737508212032
472,linlev,11,0.001,0,0.46480785168741373,1.00076393573447,0.4644530394136225,-0.2887386114211017,0.5488221537967428
472,linlev,11,0.01,0,0.27726094582464356,0.7090896651708615,0.3910097120902687,-0.4264440864599692,0.28602295679696815
472,linlev,11,0.1,0,0.18060305956145323,0.4815160234796744,0.3750717541159391,-0.45366153214071075,0.16413208998228462
472,linlev,11,1.0,0,0.056572548567056506,0.1501965556684181,0.376656763634108,-0.15614877038965314,0.17347742456647006
472,rff_lev,36,0.001,0,0.20428186068275733,0.5469576827089516,0.3734875057810647,-0.4460318960887447,0.19319312702739594
472,rff_lev,36,0.01,0,0.18452471138321494,0.45308054094399036,0.40726690887840583,-0.4111715421707376,0.1311449860412826
472,rff_lev,36,0.1,0,0.16863952387970096,0.4439105954294747,0.3798952438081492,-0.48132406568979635,0.14907992110407597
472,rff_lev,36,1.0,0,0.164976081140647,0.4449330574822536,0.3707885453020697,-0.5005927516025024,0.15609343382229263
472,rff_lev,360,0.001,0,0.24805396708511535,0.5661370947326821,0.43815176463969585,0.05644174513562624,0.1467971095633495
472,rff_lev,360,0.01,0,0.19540548871261862,0.46518436145417574,0.420060313510491,-0.3233721931212842,0.12463188084986405
472,rff_lev,360,0.1,0,0.17048689928787358,0.44632368270707495,0.38198040098124303,-0.4734650852739182,0.1481598771128069
472,rff_lev,360,1.0,0,0.1651880455128016,0.44517825580127646,0.3710604535602926,-0.499825020957679,0.1559577419075578
472,rff_lev,3600,0.001,0,0.23357718457589352,0.5516698794116078,0.423400285737947,-0.12452684631295957,0.15260665096718687
472,rff_lev,3600,0.01,0,0.1904462432283367,0.4572123279079767,0.4165378569290631,-0.3562496827738694,0.12528346100869953
472,rff_lev,3600,0.1,0,0.1691526139909338,0.4447786673461266,0.38030738974110756,-0.47803812490953207,0.14899850487884952
472,rff_lev,3600,1.0,0,0.16502590407214104,0.4450164576090038,0.37083101366362176,-0.5003312552287046,0.1560844515279665
472,rff_lev,36,0.001,1,0.32428898893722746,0.7667990914186749,0.42291258892502337,-0.6296915760084162,0.3054292801865345
472,rff_lev,36,0.01,1,0.20753908977347665,0.47804049686556205,0.43414541473845525,-0.45208638532085954,0.1173800739950782
472,rff_lev,36,0.1,1,0.17089989431199692,0.44530411673165604,0.3837824261907343,-0.4866313066934994,0.14656580474457312
472,rff_lev,36,1.0,1,0.1651952134596183,0.4450362650036955,0.3711949484796403,-0.5011565594753314,0.15581937191372666
472,rff_lev,360,0.001,1,0.24027951350334645,0.5706287563223666,0.4210785223161883,-0.14665464091085184,0.16365545825927774
472,rff_lev,360,0.01,1,0.19032989579362397,0.4592494771333828,0.41443682632292955,-0.37636939833493877,0.12733882300740418
472,rff_lev,360,0.1,1,0.16903181096519504,0.445790029948495,0.3791736010442503,-0.4817037929410923,0.15009994510381816
472,rff_lev,360,1.0,1,0.16501053469010438,0.44514711956142256,0.37068763884775807,-0.5007334354539071,0.1562264283468916
472,rff_lev,3600,0.001,1,0.25200848580278445,0.5775131018840488,0.43636843039689494,-0.0674770383453115,0.153875751273334
472,rff_lev,3600,0.01,1,0.19450760676828213,0.4591965328700195,0.4235824812365027,-0.34712400692511575,0.12054251446856215
472,rff_lev,3600,0.1,1,0.1696170580154899,0.44493695771882397,0.38121593424180933,-0.47681916459195367,0.14836778979748774
472,rff_lev,3600,1.0,1,0.16507204249319693,0.4450350795918743,0.37091917033726546,-0.5002029317595346,0.15602397940838275
472,rff_lev_ens,36,0.001,-1,0.2642854248099924,0.5971895138307093,0.4425486695416286,-0.5378617360485806,0.15877431469092715
472,rff_lev_ens,36,0.01,-1,0.1960319005783458,0.4593777957437708,0.42673351301395374,-0.43162896374579857,0.11825572722462722
472,rff_lev_ens,36,0.1,-1,0.1697697090958489,0.44448653211557615,0.381945676256632,-0.48397768619164766,0.1477136762814774
472,rff_lev_ens,36,1.0,-1,0.1650856473001327,0.4449833268590402,0.3709928829590233,-0.5008746555389169,0.15595520064133273
472,rff_lev_ens,360,0.001,-1,0.2441667402942309,0.563748016513068,0.43311325830371405,-0.045106447887612845,0.14995880571442188
472,rff_lev_ens,360,0.01,-1,0.19286769225312128,0.46169245949648086,0.4177406156112267,-0.34987079572811147,0.12548555247926657
472,rff_lev_ens,360,0.1,-1,0.16975935512653437,0.44603776600114403,0.3805941291664055,-0.47758443910750514,0.14911228021375428
472,rff_lev_ens,360,1.0,-1,0.165099290101453,0.44516243208458584,0.3708742656659812,-0.5002792282057931,0.15609184944311613
472,rff_lev_ens,3600,0.001,-1,0.24279283518933895,0.5638635631976511,0.43058791352374154,-0.09600194232913563,0.15216787145710586
472,rff_lev_ens,3600,0.01,-1,0.19247692499830946,0.4581540630660417,0.42011397587576216,-0.3516868448494926,0.12286172527866332
472,rff_lev_ens,3600,0.1,-1,0.16938483600321186,0.4448567892603552,0.3807626186504671,-0.47742864475074287,0.1486821767269982
472,rff_lev_ens,3600,1.0,-1,0.165048973282669,0.4450257564598313,0.3708751030403935,-0.5002670934941195,0.15605420404352519
473,ff,6,0.0,0,-0.007007748952158221,0.6228708650883441,-0.011250725222417147,1.7251390367571209,0.6597879337972834
473,fm,6,0.0,0,0.23950287813505514,0.7092069819436193,0.33770518936331506,1.0961320916780704,0.33908562837413037
473,linrank,6,0.0,0,0.03165744588771335,0.4930876978447193,0.06420246545612004,1.1892704355569843,0.43857799264220027
473,linrank,6,0.001,0,-0.0904411170780741,0.43856150735699156,-0.2062221958856378,0.7301819327299236,0.639153238321403
473,linrank,6,0.01,0,-0.06150585250579747,0.25838173922426844,-0.23804256713517993,0.2589681832331641,0.45131101084030617
473,linrank,6,0.1,0,-0.009772840000387788,0.05478462572608744,-0.17838654313803481,0.029732764828488727,0.2803977563900846
473,linrank,6,1.0,0,-0.0010027444758198031,0.006342491413788879,-0.15809946129998517,0.002763569803319159,0.2598019344171457
473,rff,36,0.001,0,0.1607684390897615,0.7285447794124583,0.22067063498748105,0.5463001346148938,0.49284232120867116
473,rff,36,0.01,0,0.13742611147919104,0.4022224119671563,0.34166696680843495,0.4353410058840348,0.16357179461827404
473,rff,36,0.1,0,0.1334533419292165,0.3611976280247461,0.36947458004921746,0.3921186454619448,0.13912204987603452
473,rff,36,1.0,0,0.1330859986795089,0.3602167104134498,0.36946092402752595,0.38309892192516437,0.13905117691827998
473,rff,360,0.001,0,0.09641282215750112,0.5183479481018258,0.18600020027196384,0.7813554599813444,0.34290959603443316
473,rff,360,0.01,0,0.10172333467527238,0.35790172360972133,0.2842214160058026,0.550277491495088,0.19274982400141047
473,rff,360,0.1,0,0.1276365664214517,0.354968832276146,0.3595711927805469,0.40752454611993255,0.1447760449041333
473,rff,360,1.0,0,0.13246704272878404,0.3595878589973192,0.36838574889084785,0.38465243928197473,0.13967207306170573
473,rff,3600,0.001,0,0.09383306801941198,0.5018130194823172,0.18698810986652462,0.6538139395528595,0.33071002790876025
473,rff,3600,0.01,0,0.10113708363341424,0.35586442201289065,0.28420116588600897,0.5240206862734199,0.19234924204530074
473,rff,3600,0.1,0,0.12732064944733684,0.3543415724936495,0.35931614953144875,0.40391214091421224,0.14488241164997864
473,rff,3600,1.0,0,0.13242727669917687,0.3595113556752694,0.3683535293355032,0.38427228698065047,0.13968605784676505
473,rff,36,0.001,1,0.02377964838171391,0.5918027327399958,0.0401817143892124,0.4837753536572142,0.5609918621639456
473,rff,36,0.01,1,0.047133702739211636,0.34368291096718534,0.13714299208700528,0.5013634885868518,0.2838273365180518
473,rff,36,0.1,1,0.11580601647806045,0.34466593271982815,0.33599496058172007,0.4022510327626023,0.15834881844571327
473,rff,36,1.0,1,0.13113005011246534,0.3582866798330374,0.3659919765188377,0.3841629780679185,0.14105954753503677
473,rff,360,0.001,1,0.07820832714077137,0.5236857299371889,0.14934210093933956,0.7911474555797554,0.3817018446641501
473,rff,360,0.01,1,0.09545365015789771,0.36434077442253765,0.2619900292773629,0.5769280302423974,0.20870351169117377
473,rff,360,0.1,1,0.12630372000817833,0.35393027671098176,0.35686045619464624,0.41244110654085686,0.14636704321594807
473,rff,360,1.0,1,0.13231689918298659,0.35942568303733713,0.36813423588664784,0.3851869482631011,0.1398159978419722
473,rff,3600,0.001,1,0.0975305406517827,0.5084025786688413,0.1918372265285288,0.7384722150938127,0.3306795198250795
473,rff,3600,0.01,1,0.10112332938276626,0.3616262147769862,0.27963495247469466,0.5504182658494317,0.19650800096554225
473,rff,3600,0.1,1,0.1271532248482294,0.3548941729128367,0.35828490449590644,0.40827804288495684,0.14556657963202033
473,rff,3600,1.0,1,0.13240586524788772,0.3595613167521136,0.36824279776228014,0.3847454502856087,0.13975913593246847
473,rff_ens,36,0.001,-1,0.09227404373573772,0.5814451069767366,0.1586977732352464,0.5150377441360542,0.4198000368747463
473,rff_ens,36,0.01,-1,0.09227990710920134,0.3531577799741616,0.2612993747892313,0.4683522472354433,0.2064313973656468
473,rff_ens,36,0.1,-1,0.12462967920363847,0.35237543071701277,0.35368436144949794,0.39718483911227365,0.14819685547581354
473,rff_ens,36,1.0,-1,0.13210802439598707,0.3592453547852127,0.3677375994881616,0.38363094999654135,0.1400489190242782
473,rff_ens,360,0.001,-1,0.08731057464913625,0.5162641924289324,0.16911995046248574,0.78625145778055,0.35728591630327605
473,rff_ens,360,0.01,-1,0.09858849241658504,0.3600199446235,0.2738417520720594,0.5636027608687427,0.19991227930220135
473,rff_ens,360,0.1,-1,0.12697014321481503,0.35440909660162073,0.358258702816361,0.4099828263303946,0.14554215136402585
473,rff_ens,360,1.0,-1,0.1323919709558853,0.3595062883564601,0.3682605151668867,0.3849196937725378,0.13974367620133993
473,rff_ens,3600,0.001,-1,0.09568180433559735,0.5046395341010599,0.18960425783136517,0.6961430773233359,0.330207671159144
473,rff_ens,3600,0.01,-1,0.10113020650809025,0.358686760783632,0.28194574644223985,0.5372194760614257,0.1943783107853313
473,rff_ens,3600,0.1,-1,0.12723693714778314,0.3546151681527137,0.3588028617348625,0.40609509189958465,0.14522249413484847
473,rff_ens,3600,1.0,-1,0.13241657097353227,0.3595363026512794,0.36829819408240794,0.3845088686331298,0.13972257201716473
473,linlev,11,0.0,0,0.21952811555659976,1.3123467223479617,0.16727905195955758,2.69232025726246,1.5891454948357586
473,linlev,11,0.001,0,0.3303414736368968,1.012779104681974,0.3261732712590159,1.718226570263743,0.7319192695829125
473,linlev,11,0.01,0,0.2472913567616686,0.7503246006674225,0.32957916685885025,1.0049666537559694,0.3873125207441051
473,linlev,11,0.1,0,0.13608851005114003,0.3983622634599867,0.3416199839541513,0.371742783689401,0.16279076818631139
473,linlev,11,1.0,0,0.03824661530538667,0.10826849587123459,0.3532571039951822,0.07344267207803735,0.19444685294145278
473,rff_lev,36,0.001,0,0.10023187325857538,0.6074352522190547,0.16500832457848452,0.6528659196866406,0.43631548030988737
473,rff_lev,36,0.01,0,0.13101267217791915,0.404154064247714,0.32416517305543885,0.41421352928425226,0.17623469633499425
473,rff_lev,36,0.1,0,0.13341947255424896,0.36323860582402856,0.3673053205662952,0.3803589247676642,0.14065930808082838
473,rff_lev,36,1.0,0,0.13309704052363552,0.36048522893397933,0.3692163501878504,0.38167947212311515,0.1392255542001511
473,rff_lev,360,0.001,0,0.1947776966093894,0.5447410772173957,0.35756014142413817,0.38178162666924503,0.2028810118573377
473,rff_lev,360,0.01,0,0.15832442984228295,0.4054735640571845,0.3904679463146314,0.3878379661792572,0.130581789321242
473,rff_lev,360,0.1,0,0.13820500099740735,0.36520302478026445,0.37843334151069147,0.37731265114845747,0.13381908238622156
473,rff_lev,360,1.0,0,0.13363321880735507,0.3607036275923433,0.3704792760176602,0.38132320144690557,0.1384537192840685
473,rff_lev,3600,0.001,0,0.2116882109983363,0.5371421983862635,0.39410087614473643,0.31312035970718377,0.1677124307379201
473,rff_lev,3600,0.01,0,0.16100382205245706,0.39977526843739697,0.4027358237586164,0.35262025576170797,0.12149006463646646
473,rff_lev,3600,0.1,0,0.1380717865391853,0.36377305251968595,0.37955474047026455,0.37194281768100346,0.1330062916709302
473,rff_lev,3600,1.0,0,0.1336011207582705,0.36054473809790527,0.3705535170561589,0.38077243794871146,0.1383947388931006
473,rff_lev,36,0.001,1,0.27278962309200155,0.6704677081439615,0.4068646704062125,0.3699349753936811,0.2361170927181779
473,rff_lev,36,0.01,1,0.1648203673968681,0.3920189472009511,0.4204397990803752,0.34873779638363533,0.1089590864513329
473,rff_lev,36,0.1,1,0.1380966325927935,0.3611485101837309,0.3823818420918811,0.3707704074251593,0.1310608739274987
473,rff_lev,36,1.0,1,0.1335935202862371,0.36023405609423403,0.37085200032084203,0.38065170428734685,0.1381839760317872
473,rff_lev,360,0.001,1,0.2232891414269243,0.5532315530592625,0.40360883285159516,0.2839229168226964,0.16710012189737652
473,rff_lev,360,0.01,1,0.16180842955242303,0.3981110827626534,0.40644040459654895,0.32922639244025326,0.11881275575951601
473,rff_lev,360,0.1,1,0.13816232163439993,0.36398930841429467,0.37957796682627504,0.36810286712162776,0.13300761326221242
473,rff_lev,360,1.0,1,0.13361016291246286,0.360587492649985,0.37053465701361843,0.38036763182041733,0.1384099024358605
473,rff_lev,3600,0.001,1,0.21723245771947566,0.5395543318625475,0.40261461152500955,0.3846968938212632,0.161599115051221
473,rff_lev,3600,0.01,1,0.160764923199594,0.3983287613804244,0.40359858184093134,0.3659869183141836,0.12073652904673479
473,rff_lev,3600,0.1,1,0.1379062170785086,0.36362139659367176,0.3792577069732002,0.37370108053980794,0.13318142338430836
473,rff_lev,3600,1.0,1,0.1335801195150066,0.36053356292300776,0.3705067523589551,0.38096375848562436,0.13842307206527701
473,rff_lev_ens,36,0.001,-1,0.18651074817528848,0.5458843232710745,0.34166716321448787,0.5114004475401608,0.21750966999913623
473,rff_lev_ens,36,0.01,-1,0.14791651978739365,0.387589881384327,0.381631530882826,0.38147566283394385,0.13402738617443213
473,rff_lev_ens,36,0.1,-1,0.13575805257352128,0.3619253832034808,0.3750995616054808,0.3755646660964117,0.13565933947018718
473,rff_lev_ens,36,1.0,-1,0.13334528040493637,0.36035651908118566,0.3700370975525343,0.38116558820523094,0.13870243661239576
473,rff_lev_ens,360,0.001,-1,0.20903341901815678,0.5433736845730316,0.38469551425260795,0.3328522717459707,0.1786383060882675
473,rff_lev_ens,360,0.01,-1,0.16006642969735302,0.4013379245173553,0.3988320562773807,0.35853217930975534,0.12431574494893831
473,rff_lev_ens,360,0.1,-1,0.1381836613159036,0.36458356761927335,0.37901779890476517,0.37270775913504267,0.13340379217254683
473,rff_lev_ens,360,1.0,-1,0.13362169085990902,0.36064539237279164,0.37050713439252,0.38084541663366145,0.1384316863598563
473,rff_lev_ens,3600,0.001,-1,0.21446033435890596,0.5378045173642446,0.3987700501475262,0.3489086267642235,0.1640614779645982
473,rff_lev_ens,3600,0.01,-1,0.16088437262602548,0.39900813487015585,0.40321075829288555,0.35930358703794596,0.12107774056746765
473,rff_lev_ens,3600,0.1,-1,0.1379890018088469,0.3636960203715874,0.37940751088742697,0.3728219491104058,0.1330929690083265
473,rff_lev_ens,3600,1.0,-1,0.13359062013663853,0.3605391358077055,0.3705301501801164,0.3808680982171679,0.13840889473587012
474,ff,6,0.0,0,0.15670470789306995,0.5843957816185948,0.26814825298541095,1.5075465891338677,0.317894628641352
474,fm,6,0.0,0,0.18310694830192042,0.7318258155961044,0.2502056423805872,1.076473586875007,0.46811253166353584
474,linrank,6,0.0,0,0.26542633101629,0.6332965825701896,0.41911852727686594,1.2565351144056343,0.20589228603730114
474,linrank,6,0.001,0,0.16934398380788215,0.6027061538986103,0.28097271400412793,1.429375945288565,0.3184733745614463
474,linrank,6,0.01,0,0.1001466730249139,0.3714589454713589,0.26960361096657354,0.7499883807602923,0.21294700761685614
474,linrank,6,0.1,0,0.022131547528756925,0.08109798382111529,0.27289886241283584,0.12161309696280316,0.2280328426963846
474,linrank,6,1.0,0,0.002553146935511277,0.009365038617025012,0.27262535051054965,0.012744801205143073,0.26021717801458116
474,rff,36,0.001,0,0.28784257972770555,0.853933039204031,0.33707863089125784,1.0634295786693375,0.5015990760711534
474,rff,36,0.01,0,0.21966784948811433,0.4734034697419209,0.464018249819478,0.47652107853496534,0.09825835966422491
474,rff,36,0.1,0,0.15834991102359047,0.4000469477951461,0.3958283193918466,0.3675116936705494,0.13364168209224153
474,rff,36,1.0,0,0.14537803555371223,0.3960590505071689,0.3670615161237953,0.3616556751218134,0.15247072298070308
474,rff,360,0.001,0,0.2275394437390812,0.6209441601234651,0.3664410720826145,1.003978435800098,0.24749621034839453
474,rff,360,0.01,0,0.19166041961153651,0.43002413458592725,0.4456968904689209,0.541019894099409,0.10356288292700386
474,rff,360,0.1,0,0.1535237812690694,0.39461326673333613,0.38904870720632573,0.37714796331670114,0.13747086853700022
474,rff,360,1.0,0,0.1448593623847076,0.39553067158546645,0.3662405289684502,0.3626326935308313,0.1529392716439701
474,rff,3600,0.001,0,0.23835359167848122,0.655360407113089,0.36369849183969843,0.8800107970558758,0.2748317638985343
474,rff,3600,0.01,0,0.1921344242905945,0.43713343960294493,0.439532661846033,0.5103524334237068,0.10896168181342163
474,rff,3600,0.1,0,0.1533528776347103,0.3942547192466189,0.38896903486089457,0.37436756301657387,0.13747738283568708
474,rff,3600,1.0,0,0.14483663317845893,0.395464736708556,0.36624411669149304,0.3623744180274043,0.15292599131155216
474,rff,36,0.001,1,0.20487620488788041,0.660469237589735,0.31019795204321654,1.6254671018717992,0.33367071273389665
474,rff,36,0.01,1,0.18758191558605075,0.4389191596568634,0.42737235652391625,0.7528040516447129,0.11790242197474879
474,rff,36,0.1,1,0.1545110981199247,0.38999331358295347,0.396189095398579,0.4168287786264677,0.13217551721981852
474,rff,36,1.0,1,0.14500673033021239,0.39480585859849476,0.3672861665350303,0.36701262299655835,0.15211440654235972
474,rff,360,0.001,1,0.2556303173057742,0.7011614114820787,0.3645812691908359,1.0294424151966042,0.3109427988438741
474,rff,360,0.01,1,0.20231771024495715,0.46006204991693617,0.4397617892662206,0.591483293523077,0.11318337454065251
474,rff,360,0.1,1,0.15518764252231018,0.39527384414980904,0.392607921872751,0.39205915051411433,0.13517858059401064
474,rff,360,1.0,1,0.14503573411435783,0.3954854587114123,0.36672836110566365,0.3643604258452638,0.15260189337158234
474,rff,3600,0.001,1,0.24280351572861486,0.6757705386279499,0.3592987587496649,0.8771724350276503,0.2952415860484864
474,rff,3600,0.01,1,0.19491181946362776,0.4424454219690567,0.4405330234770953,0.5265683303594401,0.10915417923877391
474,rff,3600,0.1,1,0.1538510896779692,0.3947384884335995,0.3897544683024977,0.37856714619985293,0.13701570206803404
474,rff,3600,1.0,1,0.14489017802356946,0.3955073130022975,0.3663400732687028,0.3628565611905609,0.15286809165689108
474,rff_ens,36,0.001,-1,0.24635939230779305,0.728145318992677,0.3383382216184661,1.344448340270568,0.36339902051165746
474,rff_ens,36,0.01,-1,0.20362488253708258,0.45009782902553175,0.45240138788923595,0.6146625650898391,0.10203063278560333
474,rff_ens,36,0.1,-1,0.15643050457175756,0.39478406713951214,0.3962432063310114,0.3921702361485086,0.1326932026623053
474,rff_ens,36,1.0,-1,0.14519238294196238,0.39542963295911226,0.3671762833135355,0.36433414905918593,0.15228990618065005
474,rff_ens,360,0.001,-1,0.24158488052242777,0.6572134658916285,0.36758966920234104,1.016710425498351,0.272352282579498
474,rff_ens,360,0.01,-1,0.19698906492824686,0.4438182362677738,0.4438507677935867,0.5662515938112432,0.10703043806667985
474,rff_ens,360,0.1,-1,0.15435571189568978,0.3948904214028023,0.3908823904802732,0.3846035569154079,0.13628195629715945
474,rff_ens,360,1.0,-1,0.14494754824953268,0.3955074328440701,0.3664850170001196,0.3634965596880474,0.15277007405742282
474,rff_ens,3600,0.001,-1,0.24057855370354803,0.6652616313541406,0.36162998490360876,0.878591616041763,0.2845232206249983
474,rff_ens,3600,0.01,-1,0.19352312187711115,0.43972329338039184,0.44010204778872136,0.5184603818915734,0.1089907790661701
474,rff_ens,3600,0.1,-1,0.15360198365633976,0.3944939882413415,0.3893645739472459,0.3764673546082134,0.13724435820707365
474,rff_ens,3600,1.0,-1,0.14486340560101418,0.3954859934612748,0.36629212663936966,0.3626154896089826,0.15289701548237797
474,linlev,11,0.0,0,0.6908602420290606,1.4651485785583802,0.47152913509210537,2.1114699411316553,1.5074569965880034
474,linlev,11,0.001,0,0.4741108161979855,1.064029058421853,0.44558070331385247,1.587937324191856,0.6739465201840747
474,linlev,11,0.01,0,0.31357346892604193,0.8640139511002165,0.36292639549019357,1.3085606650677792,0.4829307396360659
474,linlev,11,0.1,0,0.1668270296901291,0.47535026430234684,0.35095600490508755,0.5941542682660269,0.18536432160531496
474,linlev,11,1.0,0,0.0447139484401615,0.12403410422536457,0.3604972093716919,0.12178326717103988,0.1931851486938059
474,rff_lev,36,0.001,0,0.22896869853639829,0.6945883877819641,0.3296465972711785,1.3978204278029538,0.34217154565623475
474,rff_lev,36,0.01,0,0.184312460339275,0.46471464664082346,0.39661427000756777,0.6709941588589329,0.1465351145383032
474,rff_lev,36,0.1,0,0.1520311774017152,0.40181088529817116,0.3783650044445602,0.39798434053396997,0.14573236102085235
474,rff_lev,36,1.0,0,0.14469971783697247,0.3963738013045087,0.36505873334905126,0.36490780556269764,0.1538800124067716
474,rff_lev,360,0.001,0,0.21253373853157928,0.5518544594329824,0.3851264312513715,0.7879247437945465,0.18987570672515136
474,rff_lev,360,0.01,0,0.18384809800097904,0.44337019288864904,0.4146604822556303,0.5112820615579818,0.12791030445676826
474,rff_lev,360,0.1,0,0.15231293271163074,0.40104935254620805,0.37978600824216907,0.3750945800103839,0.14464319660371996
474,rff_lev,360,1.0,0,0.14474670190214403,0.3963153680081141,0.3652311103393308,0.3624225787282825,0.1537533242046981
474,rff_lev,3600,0.001,0,0.21871065578124455,0.5603992669856026,0.3902764844031523,0.70979498245981,0.18968962720580448
474,rff_lev,3600,0.01,0,0.18421863060323299,0.44050747987079364,0.4181963735491316,0.4791706339252675,0.12477533185501306
474,rff_lev,3600,0.1,0,0.1516235407068068,0.3998963740322019,0.37915707806492194,0.37184031103658427,0.14488897602498876
474,rff_lev,3600,1.0,0,0.14464783705333636,0.3961855524620564,0.36510124146233125,0.36215189342871845,0.15381956401523167
474,rff_lev,36,0.001,1,0.32511259557656413,0.7651340711477416,0.4249093169892148,-0.045230477443008246,0.3061324048585506
474,rff_lev,36,0.01,1,0.21340147549244337,0.456746241765108,0.4672210868506497,0.26293466009610245,0.09258361750204669
474,rff_lev,36,0.1,1,0.1557031446484237,0.39795222373251293,0.39126089857731494,0.3428161048145921,0.13643240170824367
474,rff_lev,36,1.0,1,0.1450730640707914,0.395877205658368,0.36645975569501665,0.3591264103311783,0.15284807711521384
474,rff_lev,360,0.001,1,0.21744400986913748,0.5429694000337527,0.4004719416151637,0.40892289083950634,0.17243889644073887
474,rff_lev,360,0.01,1,0.1846114672426372,0.43263362687097545,0.426715483439973,0.4162662588858192,0.11725956382977037
474,rff_lev,360,0.1,1,0.15154252517420833,0.399366822707161,0.37945697178087356,0.36377847228422827,0.1446031950450028
474,rff_lev,360,1.0,1,0.14463464609994645,0.3961536762074685,0.36509732153589874,0.3613155998235957,0.15381687320328663
474,rff_lev,3600,0.001,1,0.22032814974084536,0.554180405141879,0.39757477474223907,0.5646481836244712,0.18023336490778186
474,rff_lev,3600,0.01,1,0.18598423431047276,0.43855496078033435,0.4240842105161581,0.4379136107488952,0.12018136979417891
474,rff_lev,3600,0.1,1,0.15187269279302304,0.399603326457291,0.3800586299905463,0.3664104749886286,0.14423199712392118
474,rff_lev,3600,1.0,1,0.14467226793261587,0.39615518480413214,0.36519089862258153,0.3615962422473051,0.15375370906876196
474,rff_lev_ens,36,0.001,-1,0.2770406470564812,0.6278631402477844,0.44124368719454987,0.6762949751799731,0.1821115982683514
474,rff_lev_ens,36,0.01,-1,0.19885696791585927,0.4460157005140506,0.4458519457648437,0.4669644094775175,0.10598941234004092
474,rff_lev_ens,36,0.1,-1,0.1538671610250694,0.3995382382514342,0.38511247809086785,0.3704002226742811,0.1408008343948666
474,rff_lev_ens,36,1.0,-1,0.14488639095388192,0.39612166392734033,0.36576235068137575,0.36201710794693814,0.15336090638647298
474,rff_lev_ens,360,0.001,-1,0.2149888742003584,0.5419207851779608,0.39671642070299706,0.5984238173170263,0.17514985441514935
474,rff_lev_ens,360,0.01,-1,0.1842297826218081,0.43734641981208205,0.42124451984988814,0.4637741602219005,0.12198218786173938
474,rff_lev_ens,360,0.1,-1,0.1519277289429195,0.40018769664287634,0.3796411789203463,0.36943652614730593,0.14460601885827604
474,rff_lev_ens,360,1.0,-1,0.14469067400104524,0.39623425783473726,0.3651644731369828,0.3618690892759388,0.1537848796006622
474,rff_lev_ens,3600,0.001,-1,0.21951940276104503,0.5566316124709753,0.394371066685494,0.6372215830421407,0.18421796404654484
474,rff_lev_ens,3600,0.01,-1,0.18510143245685282,0.4394559854620621,0.42120585128048615,0.45854212233708114,0.12241048792033625
474,rff_lev_ens,3600,0.1,-1,0.1517481167499149,0.3997483800670581,0.3796090849060077,0.36912539301260633,0.14455927418158407
474,rff_lev_ens,3600,1.0,-1,0.14466005249297606,0.3961703526673898,0.3651460830397558,0.3618740678380118,0.15378662351195344
475,ff,6,0.0,0,0.12124678012560049,0.4621988807242318,0.26232599251563665,0.953604363659938,0.2483141443627867
475,fm,6,0.0,0,0.19553392452211982,0.7705472314224691,0.25375981711225454,1.1555606820107582,0.5033878200280437
475,linrank,6,0.0,0,0.20926893512661102,0.5123844061927109,0.40842174858831226,0.7086909520125023,0.15027251424568994
475,linrank,6,0.001,0,0.1199222474117343,0.41552934162944516,0.2886011537511997,0.7976079779310974,0.20968060193624194
475,linrank,6,0.01,0,0.06556004792548915,0.2687902272919679,0.24390785552733615,0.575797799259896,0.2079053279011111
475,linrank,6,0.1,0,0.014340087915175345,0.06255830030150583,0.22922758204845547,0.13685744256697477,0.2379181208081069
475,linrank,6,1.0,0,0.001652363658503906,0.007259443150028997,0.22761575844798865,0.015859669724602617,0.25922982008392986
475,rff,36,0.001,0,0.18468454272327317,0.6753158929875845,0.2734787447489682,1.1011358894129881,0.38326996777640615
475,rff,36,0.01,0,0.18500817858339058,0.42909464161498106,0.43115937753749695,0.561994573742363,0.11081299801908083
475,rff,36,0.1,0,0.15244623539388627,0.3942777105988992,0.3866468514345479,0.32765170296572493,0.13628141455353412
475,rff,36,1.0,0,0.14434262358532518,0.39635277269246416,0.364177151088893,0.2873578395967029,0.15172418381427782
475,rff,360,0.001,0,0.15284377424686268,0.5075193969343499,0.30115848806983386,0.7303269631300594,0.23772872667733602
475,rff,360,0.01,0,0.1614232784167597,0.3876175045162905,0.4164499191495505,0.49384932170251566,0.115937365369161
475,rff,360,0.1,0,0.14796993196896424,0.3894886248073942,0.37990822464234164,0.32191074407993353,0.14013574326375575
475,rff,360,1.0,0,0.1438561256304277,0.39589920892644154,0.3633655293743118,0.28683539441900197,0.1521976348295533
475,rff,3600,0.001,0,0.16398182327372995,0.5304810373717707,0.30911910458885744,0.8622182212687679,0.24281564040817616
475,rff,3600,0.01,0,0.1605195110185871,0.3873332307063245,0.41442225529131727,0.5478197277546621,0.11723364057030025
475,rff,3600,0.1,0,0.14747941483496652,0.3888284927584886,0.3792916866474849,0.33000484533360425,0.14045806249139844
475,rff,3600,1.0,0,0.14379745907014257,0.39582020489255354,0.3632898404192802,0.2876839413067403,0.15223554327635658
475,rff,36,0.001,1,0.13550203647169623,0.4934424630689293,0.27460554494834355,0.6699742644923573,0.2533213108845454
475,rff,36,0.01,1,0.15335838129607735,0.36609124996920916,0.41890753004606324,0.524829025446376,0.1133039514060456
475,rff,36,0.1,1,0.1476442658865726,0.38087087021321364,0.38764914156842845,0.334148714872519,0.13405203483343958
475,rff,36,1.0,1,0.14384508502455487,0.39479808236749636,0.3643510225833802,0.2883228069905789,0.15134588185809336
475,rff,360,0.001,1,0.17321485110605364,0.5686692076131773,0.3045968531214699,0.8998182765894793,0.2694374676994132
475,rff,360,0.01,1,0.16861934168406187,0.4025578233442521,0.4188698664039254,0.590059477474695,0.11572571773793396
475,rff,360,0.1,1,0.14879658494314532,0.3882761204547131,0.3832236315972471,0.3394986587050604,0.13778471710024404
475,rff,360,1.0,1,0.1439361368396079,0.3956801016950599,0.3637689543219326,0.28875889010366523,0.15188719826693675
475,rff,3600,0.001,1,0.16666201495376293,0.553497837981226,0.3011068942231639,0.908217782464191,0.26329117155124315
475,rff,3600,0.01,1,0.162908963039066,0.3932593818712228,0.41425321441514235,0.5508920496714362,0.1178534631704973
475,rff,3600,0.1,1,0.14789610511625245,0.38917605682620676,0.3800236487372038,0.32977978280065035,0.14001816846327692
475,rff,3600,1.0,1,0.14384152766551306,0.3958435933213115,0.3633797037325168,0.2876504983366256,0.15217859770407952
475,rff_ens,36,0.001,-1,0.16009328959748473,0.5650127759663278,0.2833445479594351,0.8855550769526728,0.2871618367647797
475,rff_ens,36,0.01,-1,0.16918327993973398,0.39349836430413276,0.4299465900929975,0.5434117995943698,0.10757650262215564
475,rff_ens,36,0.1,-1,0.15004525064022944,0.38741453090106936,0.38729897479902525,0.3309002089191218,0.1349922122929553
475,rff_ens,36,1.0,-1,0.14409385430494004,0.39557349425236704,0.364265696257726,0.2878403232936408,0.15153283717402993
475,rff_ens,360,0.001,-1,0.16302931267645812,0.534070269050879,0.30525816942812617,0.8150726198597692,0.24823010130334955
475,rff_ens,360,0.01,-1,0.16502131005041087,0.3938856875039901,0.4189573657680547,0.5419543995886054,0.11481446507085241
475,rff_ens,360,0.1,-1,0.14838325845605482,0.3888402930646828,0.38160463589448934,0.33070470139249686,0.1389269655689844
475,rff_ens,360,1.0,-1,0.14389613123501785,0.3957891660466712,0.36356763544672094,0.28779714226133357,0.15204201565471853
475,rff_ens,3600,0.001,-1,0.16532191911374639,0.5415683582950366,0.3052651001144384,0.8852180018664797,0.25246290299876967
475,rff_ens,3600,0.01,-1,0.1617142370288265,0.3901979404105293,0.41444154435742564,0.5493558887130491,0.11745657068121074
475,rff_ens,3600,0.1,-1,0.14768775997560946,0.38899900817861227,0.3796610193612559,0.3298923140671274,0.14023550043976757
475,rff_ens,3600,1.0,-1,0.1438194933678278,0.39583186117784824,0.363334808218506,0.28766721982168303,0.1522070398408716
475,linlev,11,0.0,0,0.6053180363412394,1.5269850831623177,0.39641385041408056,1.2346069272376887,1.749936414218196
475,linlev,11,0.001,0,0.38900246956004203,0.9034307419672011,0.4305836092238764,1.0423643803901073,0.451984205315564
475,linlev,11,0.01,0,0.26429420862694,0.7350596439325411,0.35955478008964825,1.0017796184550822,0.34405480917852366
475,linlev,11,0.1,0,0.15061510173598608,0.4448597895541975,0.33856757853282343,0.6275545912836529,0.18183405534160332
475,linlev,11,1.0,0,0.041446534064738284,0.11843595734282457,0.3499489090527398,0.17764194059528624,0.19533094062864356
475,rff_lev,36,0.001,0,0.22688165435306548,0.6314942226921787,0.3592774822005913,1.0452778460180705,0.2589760472498812
475,rff_lev,36,0.01,0,0.18048757158875536,0.44785810988719493,0.4030016820153508,0.6449976274406944,0.13465662449265556
475,rff_lev,36,0.1,0,0.15034913545541861,0.40011550555731124,0.37576433146723703,0.34687024580565406,0.1444781269891667
475,rff_lev,36,1.0,0,0.14410227924633606,0.3970498389506971,0.3629324712161127,0.28950555703194286,0.15268860058252062
475,rff_lev,360,0.001,0,0.19514836429328708,0.5051871006874137,0.3862892857472935,0.7114105417316581,0.16547927978115562
475,rff_lev,360,0.01,0,0.1736302621030051,0.42444885446179853,0.4090722834513676,0.5271556154484015,0.12552289134631026
475,rff_lev,360,0.1,0,0.14997732432943414,0.3990575872973995,0.37582877535332476,0.3322693234258122,0.1442646247141988
475,rff_lev,360,1.0,0,0.1440866486378566,0.3969797872060176,0.36295714109766763,0.2881056810579273,0.15265973407054015
475,rff_lev,3600,0.001,0,0.1934432700692054,0.5056220205106868,0.38258474160960076,0.8292852768905871,0.1686665038023954
475,rff_lev,3600,0.01,0,0.17080901266880844,0.42166617068431317,0.40508113892941916,0.5659337923290242,0.1278391705512779
475,rff_lev,3600,0.1,0,0.14893841583709935,0.39795044875021873,0.3742637212870274,0.33583479084676404,0.14514949727879584
475,rff_lev,3600,1.0,0,0.14395471904542723,0.39685099957174425,0.3627424882406087,0.28839702530413014,0.15278335648611518
475,rff_lev,36,0.001,1,0.26214046351208414,0.6509820309033881,0.40268463808179716,0.7046892710073401,0.230693417725691
475,rff_lev,36,0.01,1,0.18156598316999858,0.42720887854746054,0.42500517261564263,0.5748260249069334,0.11482078339469916
475,rff_lev,36,0.1,1,0.14988835909708123,0.39636677197256415,0.3781557125768763,0.34194302315193714,0.142275537503033
475,rff_lev,36,1.0,1,0.144041643505332,0.39662823240124384,0.36316538193280734,0.28913232591463883,0.1524577803712175
475,rff_lev,360,0.001,1,0.19892690985183334,0.5099970556910931,0.39005501626331746,0.8298470891416806,0.16429421015354592
475,rff_lev,360,0.01,1,0.17232917414146304,0.4178293869741377,0.41243909479284585,0.5511974630951687,0.12209951017696566
475,rff_lev,360,0.1,1,0.14900791273843986,0.3977903582759543,0.3745890508363463,0.33117448102779773,0.1449038192995282
475,rff_lev,360,1.0,1,0.14395769597463465,0.3968538621776862,0.3627473730120319,0.2878393925711371,0.15278053178683138
475,rff_lev,3600,0.001,1,0.19361909378595812,0.5035546618425083,0.3845046197715759,0.9033117374753641,0.1662965809503315
475,rff_lev,3600,0.01,1,0.17170259525662607,0.4208069710268364,0.4080317273205913,0.5773768789304299,0.1256342151498185
475,rff_lev,3600,0.1,1,0.14909721549801716,0.3978437910207464,0.37476320823175086,0.33632274075446295,0.14479434830741647
475,rff_lev,3600,1.0,1,0.1439708345985422,0.39684096621007153,0.3627922690882924,0.2884184174833212,0.1527478020608887
475,rff_lev_ens,36,0.001,-1,0.24451105893257488,0.56764756203046,0.4307444888126806,0.8749835585127054,0.1554664123347336
475,rff_lev_ens,36,0.01,-1,0.18102677737937695,0.4264737673838446,0.4244734171807691,0.6099118261738139,0.11507613121660751
475,rff_lev_ens,36,0.1,-1,0.15011874727624996,0.3979635601922546,0.37721731910260375,0.3444066344787956,0.14315225655261427
475,rff_lev_ens,36,1.0,-1,0.14407196137583403,0.39683590096818994,0.36305173252805756,0.2893189414732908,0.15257065718067603
475,rff_lev_ens,360,0.001,-1,0.1970376370725602,0.5023714989407014,0.3922149992346958,0.7706288154366695,0.159604796806374
475,rff_lev_ens,360,0.01,-1,0.1729797181222341,0.4205368002319414,0.4113307516175266,0.5391765392717851,0.12329286456692853
475,rff_lev_ens,360,0.1,-1,0.149492618533937,0.3984080611066633,0.3752248840515159,0.331721902226805,0.14457090666345923
475,rff_lev_ens,360,1.0,-1,0.14402217230624562,0.39691662489870194,0.36285245633891466,0.2879725368145321,0.15271996620472478
475,rff_lev_ens,3600,0.001,-1,0.19353118192758179,0.5038668016764619,0.3840919490700047,0.8662985071829754,0.1667528259352195
475,rff_lev_ens,3600,0.01,-1,0.17125580396271722,0.4211666041112188,0.4066224679046327,0.5716553356297273,0.12667736846448746
475,rff_lev_ens,3600,0.1,-1,0.14901781566755823,0.39789556374999396,0.3745148959770489,0.3360787658006135,0.14497067528356866
475,rff_lev_ens,3600,1.0,-1,0.1439627768219847,0.3968459656310946,0.36276739412745235,0.28840772139372556,0.1527655654844323
476,ff,6,0.0,0,0.10991242441629541,0.6055925727696023,0.18149566120605576,1.196642678856119,0.42569557175833195
476,fm,6,0.0,0,0.20125995440178637,0.6703606333022432,0.3002263921888817,1.0777328083491557,0.3540663544797699
476,linrank,6,0.0,0,0.3064983390362144,0.7163348087454671,0.427870229527156,1.6550560880444576,0.26077742733608317
476,linrank,6,0.001,0,0.17448239140783625,0.5677485074685402,0.30732338194214376,1.4104042177439788,0.2705150051846288
476,linrank,6,0.01,0,0.08505007013145338,0.36113854609505447,0.23550537889430265,0.8101703642719267,0.23425173899825702
476,linrank,6,0.1,0,0.018074830858128287,0.08629705932518066,0.2094489777458063,0.17733220702367308,0.2383215355986159
476,linrank,6,1.0,0,0.0020897162337162652,0.0100943271267685,0.20701887381623293,0.020400945599374914,0.262624145242796
476,rff,36,0.001,0,0.25577148808744665,0.8038419601949651,0.3181862863011175,1.8418451582624016,0.46673529026980604
476,rff,36,0.01,0,0.19444585669690723,0.46228605307669696,0.4206180467760015,0.8319814020367832,0.12932318801815926
476,rff,36,0.1,0,0.1540189420813715,0.39962061422575357,0.38541290563745334,0.3342990696403666,0.1420779010274393
476,rff,36,1.0,0,0.14660164039035292,0.4020531379036017,0.3646324989646092,0.25448511008534813,0.1566328012387179
476,rff,360,0.001,0,0.22849013922959133,0.6883058809189393,0.3319601728878738,1.6448030249224912,0.3356897663297213
476,rff,360,0.01,0,0.17605267699205718,0.43067598980979316,0.40878219626269474,0.8241894707682389,0.13106831464674928
476,rff,360,0.1,0,0.15138335059326408,0.39666381656178545,0.38164144112117215,0.33919990629919583,0.1441897163758255
476,rff,360,1.0,0,0.1463300887352437,0.40177414357029934,0.3642098205596448,0.2551139348872881,0.1568720951965733
476,rff,3600,0.001,0,0.2247687045982545,0.7109080805768829,0.31617126143208374,1.5327758200514112,0.37307117575592535
476,rff,3600,0.01,0,0.1743576295127787,0.4376301215688257,0.3984132282479501,0.7852297700022973,0.139902762604252
476,rff,3600,0.1,0,0.1510534639010555,0.3961661795113177,0.3812881354167695,0.3352205076832312,0.1443551782991389
476,rff,3600,1.0,0,0.14629284642346285,0.4016867368286779,0.364196357535842,0.25472203596081466,0.15686545396797358
476,rff,36,0.001,1,0.202150324920527,0.7584796104632135,0.2665204471311643,1.2311068468448036,0.47855273886899763
476,rff,36,0.01,1,0.18091652031480848,0.4505809363705113,0.4015183637641549,0.8249393937045958,0.14061824226987718
476,rff,36,0.1,1,0.15419988558838535,0.39286005784774664,0.39250588729523045,0.359530728802155,0.13641417394698402
476,rff,36,1.0,1,0.14666996420674855,0.4011483551309943,0.36562524146173736,0.2576844911731735,0.1557894681673629
476,rff,360,0.001,1,0.24150638580722236,0.760686321850066,0.31748485396694714,1.5096315728607257,0.4206535583771534
476,rff,360,0.01,1,0.18324451626106075,0.46147779699122277,0.3970819776288089,0.8179183495471126,0.14674859268964974
476,rff,360,0.1,1,0.15255546302244147,0.39656678702036224,0.3846904683286256,0.34506263683865007,0.14212477517691077
476,rff,360,1.0,1,0.1464538621138416,0.4016217181682828,0.36465623119633245,0.255861283078623,0.15653832936096929
476,rff,3600,0.001,1,0.22719749228072705,0.7245137953798674,0.31358615078075347,1.499292460486917,0.388841270989086
476,rff,3600,0.01,1,0.17610963338700872,0.44423390817041547,0.3964344687516518,0.7895990452016398,0.14283641672219913
476,rff,3600,0.1,1,0.15131540405015376,0.3966011483621339,0.3815304233864413,0.3372312763793673,0.14425532964086601
476,rff,3600,1.0,1,0.14631959474625847,0.4017174252639944,0.3642351203712471,0.2549581846906932,0.15684443943107412
476,rff_ens,36,0.001,-1,0.22896090650398682,0.7553016722020115,0.3031383550846282,1.5364760025536033,0.4316792150864577
476,rff_ens,36,0.01,-1,0.18768118850585785,0.4502814407820326,0.41680862568952415,0.8284603978706896,0.1293125427761476
476,rff_ens,36,0.1,-1,0.15410941383487842,0.3960197709829633,0.389145757678619,0.3469148992212608,0.13905985812832045
476,rff_ens,36,1.0,-1,0.14663580229855078,0.40159816478116933,0.3651306583496281,0.2560848006292608,0.15620885523039027
476,rff_ens,360,0.001,-1,0.23499826251840686,0.7212347096243253,0.32582772207512317,1.5772172988916089,0.3721044800728901
476,rff_ens,360,0.01,-1,0.1796485966265589,0.4447909851387513,0.4038944192416985,0.8210539101576758,0.1375127608336239
476,rff_ens,360,0.1,-1,0.15196940680785279,0.3965561181256862,0.38322295347789076,0.342131271568923,0.14310995716888716
476,rff_ens,360,1.0,-1,0.1463919754245427,0.40169723338987917,0.3644336163063827,0.2554876089829555,0.15670464228884654
476,rff_ens,3600,0.001,-1,0.22598309843949074,0.7174130312253398,0.31499720328959196,1.5160341402691644,0.3804809366294104
476,rff_ens,3600,0.01,-1,0.17523363144989376,0.44087255053541263,0.39747004261681357,0.7874144076019682,0.14130548386307853
476,rff_ens,3600,0.1,-1,0.15118443397560466,0.39638138933686895,0.381411534553957,0.3362258920312992,0.14430338629409004
476,rff_ens,3600,1.0,-1,0.14630622058486067,0.4017020543854613,0.36421576386679266,0.2548401103257539,0.15685492486575353
476,linlev,11,0.0,0,0.6724366860815079,1.5884840499849169,0.4233197595455194,2.570782426703344,1.8972766170378965
476,linlev,11,0.001,0,0.419141156554474,0.9561729331219629,0.4383528774297684,1.667059317795899,0.5183609894000807
476,linlev,11,0.01,0,0.25269390393773794,0.7170488079851993,0.3524082337543664,1.0431409436336587,0.339322709600963
476,linlev,11,0.1,0,0.14528271804841422,0.436240374611772,0.3330336358199472,0.5649091370864319,0.1875446118642746
476,linlev,11,1.0,0,0.04263722737851612,0.12421744489690048,0.3432466946482814,0.16595592966867384,0.19867076737435846
476,rff_lev,36,0.001,0,0.2793372782619251,0.6718238543196198,0.4157894609812866,1.5494850415620989,0.23739936509194864
476,rff_lev,36,0.01,0,0.19008179277713275,0.4511925508481676,0.4212875244057339,0.6909163812259781,0.12623953568812848
476,rff_lev,36,0.1,0,0.15310446314138096,0.4040519197074645,0.378922746493147,0.3121910331700277,0.1471873195264849
476,rff_lev,36,1.0,0,0.14650682738443638,0.4026327911278762,0.36387207056343757,0.2521311092468992,0.15726107554895313
476,rff_lev,360,0.001,0,0.2182030575607839,0.5397397100087551,0.4042746040628444,1.0613977425903853,0.16922272912379085
476,rff_lev,360,0.01,0,0.18300857310304977,0.4396449177344719,0.4162645028313046,0.5752129117115141,0.1274599606690142
476,rff_lev,360,0.1,0,0.15367128316469741,0.4047567982237342,0.37966325417900393,0.2990894582125652,0.14679767800456742
476,rff_lev,360,1.0,0,0.14661368274719208,0.4027246598577312,0.36405439587182387,0.25085223233663473,0.15715267348798417
476,rff_lev,3600,0.001,0,0.2099695927940661,0.5191228239210356,0.4044699695692918,0.9758946328515963,0.16033386598187305
476,rff_lev,3600,0.01,0,0.17656649605946143,0.432789354339252,0.40797328836572,0.5424362744962449,0.13204667599732844
476,rff_lev,3600,0.1,0,0.1519781337342834,0.40316815450854804,0.3769596681551919,0.29444079032113296,0.1483829618307663
476,rff_lev,3600,1.0,0,0.14640908285951607,0.4025496511432796,0.36370440874485976,0.2503590058990291,0.15736099081645746
476,rff_lev,36,0.001,1,0.2954397773186034,0.6983656176815166,0.4230445626739546,1.2583880330817487,0.25081695870069426
476,rff_lev,36,0.01,1,0.19244255944217575,0.44443112064552365,0.4330087397179981,0.5590341468732181,0.11636535615468871
476,rff_lev,36,0.1,1,0.15359667295190294,0.40203034603083876,0.38205243576344583,0.29322754766981135,0.1447243065239128
476,rff_lev,36,1.0,1,0.14656522280437875,0.4023618655538151,0.36426221108863,0.25017274307907117,0.15694330513503493
476,rff_lev,360,0.001,1,0.2106059399193455,0.4931765102370334,0.42703968163066575,1.0464378694663472,0.13306336769634747
476,rff_lev,360,0.01,1,0.1770104169849597,0.423926524792825,0.41754975599006355,0.5320499400674712,0.12372286753034041
476,rff_lev,360,0.1,1,0.15193833712129654,0.4027216769606019,0.3772787654938192,0.2894797073987763,0.1480906484946999
476,rff_lev,360,1.0,1,0.14640106049172139,0.40253401546921763,0.3636986064918454,0.2497606280969379,0.15736209849557897
476,rff_lev,3600,0.001,1,0.2027884392497156,0.5174355801645976,0.3919105044635858,0.9481911448373151,0.16998316757032697
476,rff_lev,3600,0.01,1,0.17546389524197387,0.4310576600652388,0.40705434909895377,0.5261403745756358,0.1323678097066064
476,rff_lev,3600,0.1,1,0.15181455828962465,0.40283240128834763,0.37686779366329004,0.291008659834025,0.14838980241330973
476,rff_lev,3600,1.0,1,0.14638988492804272,0.4025158319247343,0.363687272195087,0.2499733106055304,0.15736653885936994
476,rff_lev_ens,36,0.001,-1,0.2873885277902642,0.6243294946821527,0.46031547482243207,1.4039365373219237,0.16429974361114819
476,rff_lev_ens,36,0.01,-1,0.19126217610965426,0.4382534620072803,0.4364190877891502,0.6249752640495979,0.11282028010840746
476,rff_lev_ens,36,0.1,-1,0.15335056804664188,0.40277393197858424,0.38073608014630805,0.30270929041991956,0.145739416264582
476,rff_lev_ens,36,1.0,-1,0.14653602509440755,0.4024942027706204,0.36406990233824,0.2511519261629852,0.1570996550817598
476,rff_lev_ens,360,0.001,-1,0.21440449874006473,0.5097378882054576,0.4206171518756042,1.0539178060283665,0.14369032162815748
476,rff_lev_ens,360,0.01,-1,0.18000949504400476,0.43116694639771047,0.4174937261493211,0.5536314258894928,0.12498667924006299
476,rff_lev_ens,360,0.1,-1,0.15280481014299696,0.40372367465792464,0.3784886042971559,0.2942845828056707,0.14742981055229
476,rff_lev_ens,360,1.0,-1,0.1465073716194568,0.40262913845868475,0.3638767233298254,0.2503064302167863,0.15725720519205963
476,rff_lev_ens,3600,0.001,-1,0.20637901602189082,0.5173825132698165,0.3988905900927957,0.9620428888444559,0.1642162466039229
476,rff_lev_ens,3600,0.01,-1,0.17601519565071766,0.4318465139913384,0.40758739493784135,0.5342883245359403,0.1321396848011453
476,rff_lev_ens,3600,0.1,-1,0.15189634601195404,0.4029985222208272,0.3769153920835493,0.29272472507757896,0.14838493217619458
476,rff_lev_ens,3600,1.0,-1,0.1463994838937794,0.40253272138885077,0.3636958590314351,0.2501661582522797,0.1573637482416691
477,ff,6,0.0,0,0.13006104885384553,0.5521429567207189,0.2355568377188086,0.6282952533768908,0.31560633344487704
477,fm,6,0.0,0,0.2093578059448047,0.7284724494044569,0.28739289470172763,-0.3494832802065283,0.40973789862904986
477,linrank,6,0.0,0,0.046160145226386305,0.5412267810382566,0.08528799173210809,0.19806569733626295,0.4566876071348893
477,linrank,6,0.001,0,-0.06964656075077846,0.39656143004230543,-0.17562615896192557,0.26105023318282117,0.5553554427904752
477,linrank,6,0.01,0,-0.06080930280841725,0.2975768980426415,-0.204348197754597,0.19353707997329558,0.46781909724086884
477,linrank,6,0.1,0,-0.0135339870425974,0.07674649686848624,-0.1763466424505266,0.053860495380864966,0.28709187773935657
477,linrank,6,1.0,0,-0.001522574593841244,0.00909804712988033,-0.16735180331619925,0.00656472681691869,0.25708095194996183
477,rff,36,0.001,0,0.1339801087771605,0.634718146677042,0.21108599065363165,-0.5055196600386186,0.4068082877820656
477,rff,36,0.01,0,0.13840970657679083,0.4423571148454891,0.3128913313062365,-0.18948068321497646,0.19196836084282498
477,rff,36,0.1,0,0.16777539147956377,0.4645647000267167,0.3611453721514251,-0.005882513664858972,0.16236886960521454
477,rff,36,1.0,0,0.17329228788129517,0.4740120454118574,0.36558625367995823,0.019463138143442252,0.16208377053938422
477,rff,360,0.001,0,0.07572667389850953,0.5120277046352971,0.1478956572329372,-0.4022726893858248,0.3704042617241113
477,rff,360,0.01,0,0.10897875138302705,0.4210282944003748,0.25883949566437986,-0.15845251688486892,0.2251344002399462
477,rff,360,0.1,0,0.16208571333460448,0.4603199891988697,0.35211530487019416,-0.005073728371933846,0.16794555432133418
477,rff,360,1.0,0,0.1726671049777189,0.4735347517228964,0.3646344948274471,0.019462179785437465,0.16266559034252184
477,rff,3600,0.001,0,0.07394867550822426,0.5358505024135563,0.1380024375738151,-0.4049648205324323,0.3986575265971407
477,rff,3600,0.01,0,0.10728907130970615,0.42782837886075287,0.25077595739535075,-0.1663363281773043,0.23392063402901492
477,rff,3600,0.1,0,0.16144706539494116,0.46016880347795386,0.35084313446440724,-0.006889474857857664,0.16887706189639579
477,rff,3600,1.0,0,0.1725900166298189,0.4734920884957473,0.3645045415185834,0.019255584041630743,0.1627527485160159
477,rff,36,0.001,1,0.029653437806077123,0.5934738094649543,0.049965874370785035,0.010969709213396114,0.5477343233497175
477,rff,36,0.01,1,0.0623354480601145,0.42021530930248785,0.14834168741635004,0.0005481704200291496,0.3097464282041198
477,rff,36,0.1,1,0.15008798740276344,0.45132347073736373,0.33255081362720296,0.02056970285283536,0.17999401446281335
477,rff,36,1.0,1,0.17126854779895256,0.47233407657750753,0.3626004480556429,0.022205372460876713,0.16384600983089168
477,rff,360,0.001,1,0.07795086761288275,0.5538091272682415,0.14075403198460953,-0.2706099286231352,0.4108298620487549
477,rff,360,0.01,1,0.10687359802588495,0.4352009463783935,0.24557299085687584,-0.14664043210174815,0.24102534369918566
477,rff,360,0.1,1,0.16053543063033787,0.458965985335532,0.34977631406165477,-0.005095880352128573,0.16930124898931603
477,rff,360,1.0,1,0.17247290946292382,0.4733004551744975,0.3644046980671847,0.019431470163631483,0.16276511650845285
477,rff,3600,0.001,1,0.07924355678207108,0.5427850572906832,0.14599435949400683,-0.3533907642736109,0.39635875621268946
477,rff,3600,0.01,1,0.10938284975412435,0.4324221649592059,0.25295384607411,-0.1677834714439983,0.23413854712739926
477,rff,3600,0.1,1,0.16164256893897958,0.46054491229974254,0.3509811195868246,-0.008336011112840899,0.16889550852771926
477,rff,3600,1.0,1,0.17260743690716898,0.47352308530306236,0.364517469716809,0.01908243905845081,0.16275327584356356
477,rff_ens,36,0.001,-1,0.08181677329161882,0.5816240158724438,0.14066952371093647,-0.2472749754126111,0.4352976437155111
477,rff_ens,36,0.01,-1,0.10037257731845263,0.42118078940011394,0.23831233485604336,-0.09446625639747368,0.2406734670676546
477,rff_ens,36,0.1,-1,0.15893168944116354,0.457577229235794,0.34733303863611725,0.007343594593988169,0.17072353380870967
477,rff_ens,36,1.0,-1,0.1722804178401239,0.4731686796072478,0.3640993693477868,0.02083425530215948,0.16295901611949426
477,rff_ens,360,0.001,-1,0.0768387707556961,0.5294600507497457,0.14512666375279498,-0.33644130900448005,0.38650531058708537
477,rff_ens,360,0.01,-1,0.10792617470445601,0.42680392854917826,0.2528706215786865,-0.15254647449330852,0.2319080132697448
477,rff_ens,360,0.1,-1,0.16131057198247112,0.45959622547797274,0.35098323928729114,-0.00508480436203119,0.16857935720927725
477,rff_ens,360,1.0,-1,0.17257000722032143,0.4734170539658648,0.3645200479676095,0.019446824974534465,0.16271481000440555
477,rff_ens,3600,0.001,-1,0.07659611614514765,0.5389438049962976,0.14212263956846827,-0.3791777924030215,0.3970858677294207
477,rff_ens,3600,0.01,-1,0.1083359605319152,0.43004337914658125,0.2519186802664125,-0.1670598998106513,0.2339527772956605
477,rff_ens,3600,0.1,-1,0.1615448171669604,0.46035400565633444,0.35091432936842426,-0.007612742985349289,0.16888361421072628
477,rff_ens,3600,1.0,-1,0.172598726768494,0.4735075534667043,0.3645110315661113,0.019169011550040745,0.16275298020244913
477,linlev,11,0.0,0,0.31772972830109486,1.1286886517158337,0.28150343127671373,0.024451612932128514,0.9933815062235123
477,linlev,11,0.001,0,0.22648751807994882,0.7525933045501234,0.3009427757470364,-0.09328545761311227,0.41866895180710034
477,linlev,11,0.01,0,0.17487086479435549,0.6142238115096703,0.2847021908260916,-0.12511460897441387,0.31205969045798976
477,linlev,11,0.1,0,0.12107683754793716,0.3938844705473142,0.30739175215437486,-0.01026817917276671,0.18160161170038125
477,linlev,11,1.0,0,0.03857225593063658,0.11721143571308869,0.32908270166619347,0.01845190010138017,0.19203253779553686
477,rff_lev,36,0.001,0,0.15119954208228967,0.6052609625833076,0.24980884515822163,-0.259756769696199,0.34075376025589477
477,rff_lev,36,0.01,0,0.15786624565004112,0.4714967145701564,0.33481939697917323,-0.1409632400034278,0.18544912213331638
477,rff_lev,36,0.1,0,0.17180418464985509,0.4709675158115427,0.3647898822784253,-0.0045094332887312336,0.16166941958049508
477,rff_lev,36,1.0,0,0.17373802468542834,0.47470814403006545,0.3659891385272394,0.01949588389412584,0.1620073839265152
477,rff_lev,360,0.001,0,0.16343258790137108,0.5086334134297712,0.32131704993450416,-0.2892162168108399,0.21250369430992563
477,rff_lev,360,0.01,0,0.1765882346498386,0.47371950739733326,0.37276960710365015,-0.1492736358731615,0.1563678170731492
477,rff_lev,360,0.1,0,0.1757418876919115,0.4730942352458201,0.3714733230697599,-0.003669008985488119,0.1571703011958288
477,rff_lev,360,1.0,0,0.17418339701074576,0.4749515057033215,0.36673933005604453,0.01961970180644222,0.1615027046098718
477,rff_lev,3600,0.001,0,0.18773649712368404,0.5359004513089075,0.3503197220027487,-0.3901634630573075,0.20091200188530164
477,rff_lev,3600,0.01,0,0.18078973634949336,0.4786318850946321,0.37772188184610545,-0.17073134225925402,0.15414464756688187
477,rff_lev,3600,0.1,0,0.1760316673959519,0.4728328996489507,0.37229149563544456,-0.006276619849192248,0.15644547419203791
477,rff_lev,3600,1.0,0,0.1742026974710609,0.47490259624782905,0.3668177408323807,0.01934269664202052,0.16142437085430866
477,rff_lev,36,0.001,1,0.21930353573678985,0.6787138898804355,0.32311632192384204,-1.4534610202051257,0.3240902236970177
477,rff_lev,36,0.01,1,0.19406778483822937,0.4911823391046198,0.39510334429368343,-0.3843427585530323,0.1447375357511522
477,rff_lev,36,0.1,1,0.17865862279159697,0.4721785438100925,0.37837090467933765,-0.03496055124690635,0.15150494521652366
477,rff_lev,36,1.0,1,0.17449341520883324,0.4747602271298158,0.3675400870535028,0.01629405048927667,0.160809104865238
477,rff_lev,360,0.001,1,0.19478772198758987,0.5312103475460569,0.36668661084524795,-0.35671284700596645,0.18450195606924538
477,rff_lev,360,0.01,1,0.18533180214954698,0.4773463645058631,0.38825434931592656,-0.1651108814226051,0.1454945343631773
477,rff_lev,360,0.1,1,0.17686943865983437,0.4733751627988812,0.37363480925799936,-0.004971432276245643,0.15557867583435148
477,rff_lev,360,1.0,1,0.17429423486553228,0.4749814458521403,0.3669495648463484,0.019493597761485564,0.16134809454739446
477,rff_lev,3600,0.001,1,0.192760281162801,0.52987056424003,0.3637874873069588,-0.4053105529552867,0.18634948858371572
477,rff_lev,3600,0.01,1,0.18181660267598573,0.47641737420597313,0.3816330228909317,-0.17218941969301374,0.15034829616928777
477,rff_lev,3600,0.1,1,0.17609902686502374,0.47253223575563796,0.37267092811862756,-0.006222208355178529,0.1560502374282907
477,rff_lev,3600,1.0,1,0.17420670094339394,0.4748738893166269,0.366848346187423,0.019348125197325386,0.1613904935888014
477,rff_lev_ens,36,0.001,-1,0.18525153890953988,0.5827018141077267,0.31791824639023963,-0.8566088949506624,0.25730716908101703
477,rff_lev_ens,36,0.01,-1,0.17596701524413533,0.4725439200979712,0.3723823495764216,-0.26265299927823005,0.15627882645452493
477,rff_lev_ens,36,0.1,-1,0.17523140372072604,0.4713162300761071,0.3717915754618296,-0.01973499226781877,0.15633293620894592
477,rff_lev_ens,36,1.0,-1,0.17411571994713076,0.4747311451761305,0.36676700426413333,0.017894967191701222,0.1614052143059944
477,rff_lev_ens,360,0.001,-1,0.17911015494448043,0.5138367304444146,0.34857405929227564,-0.32296453190840313,0.19183903333638883
477,rff_lev_ens,360,0.01,-1,0.18096001839969275,0.47504582254184574,0.38093171187449476,-0.1571922586478833,0.15044573504159842
477,rff_lev_ens,360,0.1,-1,0.17630566317587293,0.4732250143518119,0.3725620113665445,-0.004320220630866898,0.15636498479171906
477,rff_lev_ens,360,1.0,-1,0.17423881593813903,0.47496636746719445,0.3668445344188998,0.01955664978396387,0.1614252933955365
477,rff_lev_ens,3600,0.001,-1,0.1902483891432425,0.5323361370231808,0.35738394580369814,-0.3977370080062971,0.19303014413318445
477,rff_lev_ens,3600,0.01,-1,0.18130316951273956,0.4774730310501733,0.37971394764218225,-0.1714603809761339,0.15219570569743376
477,rff_lev_ens,3600,0.1,-1,0.1760653471304878,0.4726813295157916,0.37248212725230073,-0.006249414102185388,0.15624666153932784
477,rff_lev_ens,3600,1.0,-1,0.17420469920722742,0.47488822836211897,0.36683305418636364,0.01934541091967296,0.16140741831564587
478,ff,6,0.0,0,0.14163697593267038,0.4832312397175102,0.2931039309781985,-0.34499915575895046,0.22121292189034628
478,fm,6,0.0,0,0.1966280619767958,0.6368035006989895,0.3087735255239118,-0.09213279033462178,0.30183857907106026
478,linrank,6,0.0,0,0.2654369554067308,0.6545004132753836,0.4055565894578697,-0.5278176214008827,0.21886706722519456
478,linrank,6,0.001,0,0.13462984185746493,0.5120544030255431,0.2629209729708137,-0.4744056303859218,0.26197863202689486
478,linrank,6,0.01,0,0.08118684639145454,0.3632719939811327,0.22348776601719306,-0.30788121663769963,0.22709756262052197
478,linrank,6,0.1,0,0.021055696242931504,0.09531713966096628,0.2209014697443141,-0.07761772614529977,0.21833071673697316
478,linrank,6,1.0,0,0.0025426401478395844,0.011452470335951932,0.22201674165072086,-0.009263730919374658,0.24596575356545144
478,rff,36,0.001,0,0.2022557195569164,0.6642605635746099,0.30448250377609387,-0.5057357019259934,0.3285514430655251
478,rff,36,0.01,0,0.2073495191413016,0.4846202607497404,0.42785978204980085,-0.3511263787183147,0.11406499170008567
478,rff,36,0.1,0,0.182018890876926,0.4725610510391461,0.38517539792302496,-0.19807841748938979,0.14332045160685014
478,rff,36,1.0,0,0.17606639367127816,0.47790811045135617,0.3684105580568486,-0.16782956003606692,0.1581761594384523
478,rff,360,0.001,0,0.20393932180501773,0.608542743909042,0.3351273576856587,-0.2064555382315216,0.2549502842980142
478,rff,360,0.01,0,0.19140681944182752,0.45821138825631336,0.41772601979669427,-0.2637251340638406,0.11469401773837269
478,rff,360,0.1,0,0.1790471621886478,0.4688594394782587,0.3818781219119517,-0.1875332583174425,0.1447061456637927
478,rff,360,1.0,0,0.17574737512801886,0.4775283719716193,0.3680354622750331,-0.1667630363152925,0.15833914541162936
478,rff,3600,0.001,0,0.21063674097703736,0.6374643451274652,0.3304290547182198,-0.22732673385699487,0.2803685557695543
478,rff,3600,0.01,0,0.1917629142364611,0.4639645254609761,0.4133137421356371,-0.2890414278384404,0.11942367745518026
478,rff,3600,0.1,0,0.1789573284075784,0.4689232420012565,0.38163458830453717,-0.19181777119834306,0.1449134852300034
478,rff,3600,1.0,0,0.17573481945890862,0.47751997889343434,0.36801563751561156,-0.16721799334711926,0.1583518278602373
478,rff,36,0.001,1,0.19170009642921587,0.6776087639189555,0.2829067548071794,-0.22717116228671494,0.363415780817727
478,rff,36,0.01,1,0.19417579870604734,0.46471521514150577,0.4178382639073283,-0.2885751415106361,0.11622628434046613
478,rff,36,0.1,1,0.18123456154835293,0.46471695140389246,0.38998913424795484,-0.19595972257729713,0.13725209789045903
478,rff,36,1.0,1,0.1760185265467929,0.4769245319138098,0.3690699780958282,-0.16778253065656543,0.15731588750073813
478,rff,360,0.001,1,0.23006793856389757,0.7132299213260076,0.3225719108028513,-0.29772001619007443,0.3524057096673625
478,rff,360,0.01,1,0.20157547482942254,0.4876273367513279,0.41338017710893565,-0.3273659829262809,0.12617555170646846
478,rff,360,0.1,1,0.18053042812585907,0.4690623462167517,0.3848751228529368,-0.19920791423894366,0.14246327363136507
478,rff,360,1.0,1,0.17590234526296547,0.47744185042879944,0.36842674161258443,-0.16803393455804566,0.15800107484937007
478,rff,3600,0.001,1,0.21871837864277088,0.6670746269523188,0.32787692681707176,-0.2807617081588735,0.3063029395595694
478,rff,3600,0.01,1,0.19481876582678334,0.472782457089593,0.4120685167255791,-0.30033755398060585,0.12275348136179058
478,rff,3600,0.1,1,0.1793346374528577,0.46931640191063223,0.38211883650937645,-0.19317156157870355,0.144662932152388
478,rff,3600,1.0,1,0.17577260860194835,0.4775428700671789,0.36807712902764383,-0.16735567715914124,0.1583113952482489
478,rff_ens,36,0.001,-1,0.19697790799306614,0.6408327605584211,0.30737802452767826,-0.366453432106354,0.3064245170215327
478,rff_ens,36,0.01,-1,0.20076265892367445,0.4706335293019308,0.42657959202663803,-0.31985076011447544,0.1111896560393595
478,rff_ens,36,0.1,-1,0.18162672621263945,0.4684996884245996,0.387677368203566,-0.19701907003334343,0.14014018306880258
478,rff_ens,36,1.0,-1,0.1760424601090355,0.4774146500777771,0.368741219148503,-0.16780604534631616,0.15774418541747018
478,rff_ens,360,0.001,-1,0.21700363018445765,0.6565574810805485,0.33051733692428215,-0.2520877772107981,0.2950644508725656
478,rff_ens,360,0.01,-1,0.19649114713562493,0.4715803662882202,0.4166652413504713,-0.2955455584950607,0.11892792826536921
478,rff_ens,360,0.1,-1,0.17978879515725343,0.46891124108167415,0.3834175413294008,-0.1933705862781931,0.1435375823277593
478,rff_ens,360,1.0,-1,0.17582486019549215,0.47748452888342885,0.3682315332952229,-0.1673984854366691,0.15816954616022347
478,rff_ens,3600,0.001,-1,0.21467755980990408,0.6518852048024509,0.32931804285228494,-0.2540442210079342,0.29259906507187344
478,rff_ens,3600,0.01,-1,0.19329084003162222,0.46829185552884933,0.41275721059324394,-0.29468949090952307,0.12099034049695179
478,rff_ens,3600,0.1,-1,0.179145982930218,0.4691174175085944,0.3818787711648672,-0.1924946663885233,0.14478587851494418
478,rff_ens,3600,1.0,-1,0.17575371403042853,0.4775313972031372,0.3680464050318028,-0.16728683525313023,0.1583315850148265
478,linlev,11,0.0,0,0.24493627508690638,0.9070762408322902,0.2700283218334155,-0.6927986251679655,0.6438219451274882
478,linlev,11,0.001,0,0.2219372544835056,0.600606055276879,0.36952217270136023,-0.704009612584209,0.21702267936133207
478,linlev,11,0.01,0,0.14040421714572413,0.5165387416177056,0.2718173988382819,-0.6988976133558872,0.25663059125827153
478,linlev,11,0.1,0,0.10533486734701235,0.3611181115866265,0.2916909010301584,-0.42316129341601244,0.18174539986629254
478,linlev,11,1.0,0,0.03971311816599516,0.1217082277116067,0.3262977278750393,-0.11945849767488226,0.18787719788058968
478,rff_lev,36,0.001,0,0.24746320006138472,0.6607095259742108,0.3745415955619866,0.2553505147474269,0.2537621227403312
478,rff_lev,36,0.01,0,0.19826499981275467,0.48824833534254464,0.40607409275375445,-0.11224873472489438,0.13207885725542176
478,rff_lev,36,0.1,0,0.17994079632323476,0.47629397350775393,0.37779356097669664,-0.16369955625327776,0.1502664565001887
478,rff_lev,36,1.0,0,0.17584323182003872,0.478376565388542,0.3675832901162647,-0.16419872801484306,0.15899192661518996
478,rff_lev,360,0.001,0,0.20173175990522682,0.5362646652939882,0.37617947435457916,-0.1877305049298876,0.17572538415229297
478,rff_lev,360,0.01,0,0.1930390409474285,0.4829835660303103,0.39968035048073264,-0.2649385205260497,0.13537252425581456
478,rff_lev,360,0.1,0,0.18003976434883806,0.4772578182353455,0.3772379570742973,-0.18922260223708923,0.15102322288128464
478,rff_lev,360,1.0,0,0.1758789804806662,0.4784950093245884,0.3675670112608389,-0.16700942514231173,0.15904633852753744
478,rff_lev,3600,0.001,0,0.22085680035304525,0.5838270234052537,0.3782914998775951,-0.12834327146038085,0.19883152857974665
478,rff_lev,3600,0.01,0,0.1927400621454333,0.48642886520436784,0.39623483705979423,-0.2379895275553481,0.13919505793438133
478,rff_lev,3600,0.1,0,0.17920381538263194,0.47669903366858946,0.37592653377858104,-0.1835378991223951,0.1518617551484089
478,rff_lev,3600,1.0,0,0.175767944735407,0.4784185947086242,0.3673936311828695,-0.16635136538836673,0.1591562424540834
478,rff_lev,36,0.001,1,0.2895679477521417,0.7019286691260096,0.4125318718106935,-0.3832869100417189,0.24833096716752823
478,rff_lev,36,0.01,1,0.20842568680847381,0.501779365389576,0.415373172323765,-0.26904027543190717,0.1292858346008155
478,rff_lev,36,0.1,1,0.18090798443947909,0.4768327125651605,0.3793950785512802,-0.18784452092049833,0.149194575492659
478,rff_lev,36,1.0,1,0.17593490269700418,0.47837029389908986,0.3677797408007883,-0.1668371387201612,0.15883483244351113
478,rff_lev,360,0.001,1,0.20625466179202306,0.5591727034866188,0.36885681383579694,-0.255012241116412,0.19361918401684322
478,rff_lev,360,0.01,1,0.1908257364735176,0.48558403453345644,0.39298189994417915,-0.26518862260457166,0.14146825311282737
478,rff_lev,360,0.1,1,0.17907640410624295,0.4776541968756043,0.37490805121697673,-0.18528137906552508,0.15298249185342833
478,rff_lev,360,1.0,1,0.17575647392464386,0.4785463674006205,0.3672715663464797,-0.16649067253078717,0.15929742579487935
478,rff_lev,3600,0.001,1,0.22501912506678487,0.5863501714617105,0.3837623591135573,-0.1809390244066416,0.1953152898508424
478,rff_lev,3600,0.01,1,0.19518368519639015,0.4872339068099872,0.4005954480349998,-0.2474773792216312,0.13603959028479998
478,rff_lev,3600,0.1,1,0.17953946441483082,0.47682084404529795,0.3765344293501032,-0.18439407636084618,0.15142701753418653
478,rff_lev,3600,1.0,1,0.17580147793481019,0.4784332714241051,0.3674524503940106,-0.1664325648155306,0.15911500874542794
478,rff_lev_ens,36,0.001,-1,0.2685155739067632,0.6213844350052687,0.4321247182583298,-0.06396819764714601,0.1721014914491823
478,rff_lev_ens,36,0.01,-1,0.2033453433106142,0.4873455955217223,0.41725080759768673,-0.19064450507840078,0.12307778126471865
478,rff_lev_ens,36,0.1,-1,0.18042439038135696,0.47637077571098824,0.37874781489706566,-0.17577203858688809,0.1495467055986724
478,rff_lev_ens,36,1.0,-1,0.17588906725852146,0.4783712002010482,0.3676832283895841,-0.16551793336750215,0.1589112444112346
478,rff_lev_ens,360,0.001,-1,0.2039932108486249,0.5425887026935053,0.3759628791310377,-0.2213713730231498,0.1789427184311161
478,rff_lev_ens,360,0.01,-1,0.19193238871047308,0.4838421165378179,0.3966839226065417,-0.26506357156531074,0.13798986791637075
478,rff_lev_ens,360,0.1,-1,0.17955808422754052,0.4774446738866216,0.37608144785835446,-0.18725199065130713,0.15199176354449928
478,rff_lev_ens,360,1.0,-1,0.1758177272026551,0.4785205496154202,0.3674193874097093,-0.1667500488365494,0.1591717449630544
478,rff_lev_ens,3600,0.001,-1,0.22293796270991512,0.5847341429037033,0.38126380238861746,-0.15464114793351114,0.19665283744015935
478,rff_lev_ens,3600,0.01,-1,0.19396187367091167,0.4867886205503338,0.3984519470722839,-0.24273345338848965,0.13757403195881765
478,rff_lev_ens,3600,0.1,-1,0.17937163989873134,0.47675903088976834,0.37623123690803023,-0.1839659877416207,0.15164348870286193
478,rff_lev_ens,3600,1.0,-1,0.17578471133510856,0.4784259229317369,0.36742304902276374,-0.16639196510194873,0.1591356155674479
