month,n,sr_max,sr_max_code,rf,mean_mu,sd_mu,mean_idio_sd,sr_ew,sr_orth,prov
414,454,0.4853877119384743,0.49920454640993855,0.2587854395646532,0.004220166785283128,0.0017005069543378918,0.06734098073420751,0.07932952622047668,0.4788612086716797,kp_vy_oracle_vym3_s000@c3aaea0+dirty
415,454,0.48019155699112415,0.494605680988845,0.25897808244185216,0.00435922732632121,0.0017271152057245559,0.06778198458143127,0.08277612245933305,0.47300321875877077,kp_vy_oracle_vym3_s000@c3aaea0+dirty
416,456,0.4834105426505783,0.49572008613418184,0.23418931453204625,0.00446363022521151,0.0017504776194967007,0.06805513534459973,0.08541803679692372,0.4758040686411645,kp_vy_oracle_vym3_s000@c3aaea0+dirty
417,455,0.47074328010890326,0.4846819995679536,0.18284027128945657,0.004257689158349895,0.0016869953744493012,0.06744356806305922,0.08020965308924513,0.4638595124808721,kp_vy_oracle_vym3_s000@c3aaea0+dirty
418,453,0.4694879067777247,0.4848754251498432,0.1553315320481381,0.004189524585556562,0.0016763844079740857,0.06721189673213752,0.07853137628228896,0.4628733277579721,kp_vy_oracle_vym3_s000@c3aaea0+dirty
419,452,0.45798600536393647,0.4721768071586051,0.0789356379558259,0.004029520124315441,0.0016355836763969813,0.06684263066577312,0.07455384720846338,0.45187709056294584,kp_vy_oracle_vym3_s000@c3aaea0+dirty
420,454,0.45484184466557964,0.4686070314914789,0.05739708124128625,0.004093394035984295,0.0016673462509049402,0.06704528937892765,0.07627533489856027,0.44840068793981547,kp_vy_oracle_vym3_s000@c3aaea0+dirty
421,455,0.47554465684953573,0.4893978224454647,0.13659276195447997,0.004237251426769662,0.0017075994681991756,0.06718884258504917,0.07991001077781722,0.46878258375885923,kp_vy_oracle_vym3_s000@c3aaea0+dirty
422,454,0.4541014014403302,0.47015245125331007,0.21471256095187813,0.004124855143547185,0.0016897405555353206,0.06725787360206353,0.0771355464242828,0.447502167891843,kp_vy_oracle_vym3_s000@c3aaea0+dirty
423,453,0.4545523935250799,0.4699354733557333,0.1213243164033619,0.003990817564619812,0.0016529188552011958,0.0669604165214107,0.07369426639885526,0.4485387759818695,kp_vy_oracle_vym3_s000@c3aaea0+dirty
424,452,0.44134281188288127,0.4582982495048875,0.0992912258749534,0.00379347893011875,0.0016057268496253154,0.06659045071204486,0.06899950942999264,0.4359157548186446,kp_vy_oracle_vym3_s000@c3aaea0+dirty
425,450,0.43623653431814774,0.45427230293950066,0.07375084221371633,0.0038891818409520266,0.0016149755080766457,0.0667785326741225,0.07123646249869306,0.4303808549233816,kp_vy_oracle_vym3_s000@c3aaea0+dirty
426,449,0.41754472742517645,0.43614593178135874,0.009639195007174695,0.003772837629427885,0.0015652946154883017,0.06663507496495001,0.06858520296459159,0.41187336565365656,kp_vy_oracle_vym3_s000@c3aaea0+dirty
427,450,0.42699906902984813,0.4462092443586114,0.03128928733823741,0.003907437651930906,0.0015951816154289435,0.06663403528015116,0.07176903710656861,0.4209244709744885,kp_vy_oracle_vym3_s000@c3aaea0+dirty
428,450,0.4205629978252833,0.4404737178804331,0.16315292982212798,0.0038332752045456726,0.0015638925980555952,0.06664643440851904,0.06999481735623476,0.41469743269407466,kp_vy_oracle_vym3_s000@c3aaea0+dirty
429,449,0.4481059298849067,0.46801639143048474,0.27591894315078097,0.003930794818896439,0.001562411075053402,0.06645534776255868,0.07224112239595726,0.442244439911899,kp_vy_oracle_vym3_s000@c3aaea0+dirty
430,450,0.42346039495019494,0.44528807182016306,0.24529215514508187,0.0037972950819196013,0.0015739390306071257,0.06657214005386666,0.06927555748197826,0.41775543470664295,kp_vy_oracle_vym3_s000@c3aaea0+dirty
431,450,0.44511854310628124,0.4652524664087718,0.2533555521947434,0.0038515930034503402,0.0015733353094194733,0.06649752511301252,0.07038267512059339,0.4395188237833817,kp_vy_oracle_vym3_s000@c3aaea0+dirty
432,450,0.4165568909312018,0.43659164653011046,0.24527814510398532,0.003721334554295213,0.0015459551318155603,0.06641674576850709,0.06739064825236364,0.41106951226087707,kp_vy_oracle_vym3_s000@c3aaea0+dirty
433,448,0.41874305100564324,0.4403768591364184,0.18260912052187656,0.0039111661834783035,0.0016108672610874591,0.06669716909262356,0.07191949728547405,0.4125207009056872,kp_vy_oracle_vym3_s000@c3aaea0+dirty
434,450,0.4128135027379468,0.43603065052998335,0.19018414931365923,0.0038945161498894734,0.001647940641193616,0.0668815879339964,0.07176179195845168,0.40652826870672193,kp_vy_oracle_vym3_s000@c3aaea0+dirty
435,450,0.43429786713064683,0.45475314607997447,0.18404765883613003,0.0039054321630122,0.00164889186967725,0.06674494140130932,0.07213847193443707,0.4282647291818384,kp_vy_oracle_vym3_s000@c3aaea0+dirty
436,450,0.4231084004423489,0.44141509073757895,0.21465873266442004,0.003848300282544977,0.001644489994284166,0.0668446207668091,0.07065078679385166,0.4171680534871921,kp_vy_oracle_vym3_s000@c3aaea0+dirty
437,452,0.40979872197037603,0.43064778626190914,0.20683137048335765,0.0037040015107568406,0.0016461211828722052,0.06669637868917505,0.06749487494178492,0.4042022196687524,kp_vy_oracle_vym3_s000@c3aaea0+dirty
438,453,0.40714959415412927,0.4253604700250056,0.2205602190255471,0.003669176529036302,0.0016287920357697713,0.06672424247379134,0.06644482468919943,0.40169127111737657,kp_vy_oracle_vym3_s000@c3aaea0+dirty
439,453,0.4115739771121362,0.4281378248331483,0.20180788313439837,0.0037054085831213076,0.0016542176806261012,0.06685660974202183,0.06751879147261867,0.40599796974120234,kp_vy_oracle_vym3_s000@c3aaea0+dirty
440,453,0.40581130018244516,0.422349075652683,0.3047342400874938,0.003595652879325863,0.0016019805930469922,0.06677333947470664,0.0648603948098367,0.4005944839121961,kp_vy_oracle_vym3_s000@c3aaea0+dirty
441,453,0.41477190756513693,0.43162580229223996,0.3874847861076884,0.003593375883697675,0.0016010034208076996,0.06680867515844735,0.06478274191592463,0.40968150025974714,kp_vy_oracle_vym3_s000@c3aaea0+dirty
442,452,0.4108805848586835,0.42857777599553193,0.3697320269556075,0.003423600186352719,0.0015321996946639602,0.06656988866350946,0.06069078197425361,0.40637357689343856,kp_vy_oracle_vym3_s000@c3aaea0+dirty
443,452,0.41009119520899484,0.4298959838752958,0.37675395446706084,0.003217057642302094,0.0014971530583446412,0.06653450514710149,0.05616164386133309,0.40622734785675707,kp_vy_oracle_vym3_s000@c3aaea0+dirty
444,450,0.41160893524973613,0.42793572549562936,0.3967605366804655,0.00336158607421063,0.0015436135325436451,0.06643182859041,0.05932203211910875,0.40731168910636595,kp_vy_oracle_vym3_s000@c3aaea0+dirty
445,450,0.45741904808016376,0.4760274010937909,0.47778855781248164,0.0038259722140164395,0.0020736853335905116,0.06610305108506932,0.06698134278416948,0.45248832610951717,kp_vy_oracle_vym3_s000@c3aaea0+dirty
446,450,0.9333400239492304,0.9749187321918343,0.467357863534166,0.0021019555601754477,0.003462442027271025,0.06671937795608489,0.037246924524673035,0.9325965188220484,kp_vy_oracle_vym3_s000@c3aaea0+dirty
447,448,0.8079594948221487,0.8507205926992374,0.3764760500033927,0.0024808696558250736,0.0028758308795355297,0.06680784468275504,0.04442486229388744,0.8067372415374358,kp_vy_oracle_vym3_s000@c3aaea0+dirty
448,447,0.7725446402028817,0.8130961342657483,0.38810434810665134,0.0027807635503540856,0.0026450465978753875,0.06689315499522377,0.050482558944580744,0.7708934636826329,kp_vy_oracle_vym3_s000@c3aaea0+dirty
449,446,0.7572374050195576,0.7935912634869597,0.37763156509054036,0.0028012060909976015,0.0026030597125410162,0.06698051183876373,0.05077780886981969,0.7555329917926376,kp_vy_oracle_vym3_s000@c3aaea0+dirty
450,446,0.5236417796634056,0.5482483770313418,0.37017665954449763,0.003424471074456046,0.0016935851931337397,0.06655659045401084,0.061973900094056594,0.5199614881086777,kp_vy_oracle_vym3_s000@c3aaea0+dirty
451,446,0.43020171608564994,0.45515999524103573,0.38789090857696223,0.003953767302943702,0.0017240581384928588,0.06677156921960292,0.072712560292266,0.4240122640900635,kp_vy_oracle_vym3_s000@c3aaea0+dirty
452,446,0.4305479716361076,0.45894411853062544,0.33312382440723043,0.0039127801973494886,0.0017067943385404558,0.06666787321184742,0.07169279268811544,0.4245370412067072,kp_vy_oracle_vym3_s000@c3aaea0+dirty
453,444,0.42516010907790325,0.45197856977384093,0.37627905571355125,0.00384931971428475,0.0016715420394145476,0.06658368972609874,0.0701884743461,0.41932647951220714,kp_vy_oracle_vym3_s000@c3aaea0+dirty
454,443,0.5097544719074204,0.5435410583370645,0.39458746752848856,0.00429437196960959,0.002056964223739934,0.06673072940983267,0.07833288185153732,0.5036998920492699,kp_vy_oracle_vym3_s000@c3aaea0+dirty
455,443,0.43133311522488926,0.45643023906330454,0.43294500092378735,0.0037795664876843073,0.001598046608535084,0.06606515585780043,0.06805101774164904,0.4259311156442241,kp_vy_oracle_vym3_s000@c3aaea0+dirty
456,445,0.4439058672957113,0.4703657613386068,0.5149209533415493,0.0038850563872122393,0.0016806289225000223,0.06634199025379535,0.06994760700624515,0.4383602984916147,kp_vy_oracle_vym3_s000@c3aaea0+dirty
457,445,0.425190229787986,0.4489708567925839,0.4928837424219451,0.0037242691478850793,0.0015774613064785566,0.06612902463774195,0.066920180749123,0.4198909631269349,kp_vy_oracle_vym3_s000@c3aaea0+dirty
458,446,0.43398256581201655,0.45208163175527566,0.48077956020862067,0.0036511394163769167,0.0015443381549021735,0.06623604050290892,0.06546067272463604,0.4290172114906573,kp_vy_oracle_vym3_s000@c3aaea0+dirty
459,447,0.4261113217599279,0.44720424912346446,0.44279831717391194,0.0034754081000237507,0.001509877723878725,0.06618605068484718,0.06162275651308917,0.42163194187789105,kp_vy_oracle_vym3_s000@c3aaea0+dirty
460,446,0.40804317581169797,0.4266773568691125,0.560772282661462,0.0034757421723167242,0.001480547902341802,0.06628529965956131,0.061583342308867195,0.4033692170661578,kp_vy_oracle_vym3_s000@c3aaea0+dirty
461,448,0.41556487003815307,0.4308565347475142,0.44842639939355455,0.0034835855433423203,0.0014690859670467773,0.06602242183559719,0.06181030044596623,0.41094239008479816,kp_vy_oracle_vym3_s000@c3aaea0+dirty
462,448,0.41807899922571323,0.4368859106032712,0.4128645998139968,0.0035215758089972063,0.0015053748646868018,0.06591259210916606,0.06287048173005276,0.41332475382029205,kp_vy_oracle_vym3_s000@c3aaea0+dirty
463,448,0.4147633791088946,0.4327266730546148,0.40857696926547343,0.003474726487289368,0.0015019324950941697,0.06624926686279711,0.061922432939370546,0.4101149508963283,kp_vy_oracle_vym3_s000@c3aaea0+dirty
464,447,0.4232082263346614,0.44128045298300667,0.40550044145097436,0.00360513140245841,0.0015361296151451737,0.06627689863926896,0.06485551396750404,0.4182092360832564,kp_vy_oracle_vym3_s000@c3aaea0+dirty
465,449,0.41032010670966934,0.4310379155898454,0.3527211877014309,0.0035325620041942794,0.0015060759939908572,0.06614868539835093,0.06320844357107776,0.4054223509274696,kp_vy_oracle_vym3_s000@c3aaea0+dirty
466,449,0.4143318231985907,0.4316896615494351,0.3292097335823033,0.0035717296169061608,0.0014949028007211634,0.06613827300167895,0.06395882409180889,0.40936551947600724,kp_vy_oracle_vym3_s000@c3aaea0+dirty
467,448,0.4100552516013769,0.43315446106886196,0.3857783825232174,0.0035201509474248023,0.0014731242572310174,0.06595672808838181,0.06280640026517405,0.40521681289354133,kp_vy_oracle_vym3_s000@c3aaea0+dirty
468,449,0.4061122449846372,0.43007619480652637,0.41499853741392945,0.003644357607123238,0.0015112650905513881,0.06633539439983802,0.06566908486513374,0.40076767187416434,kp_vy_oracle_vym3_s000@c3aaea0+dirty
469,449,0.4185373047272535,0.4414307868826722,0.39609198095260545,0.0036538986022390165,0.001514076974867392,0.06623937511428996,0.06573186313376396,0.41334343785442873,kp_vy_oracle_vym3_s000@c3aaea0+dirty
470,449,0.41534526233359087,0.43869112913522745,0.406391524373172,0.0037365853312388802,0.0015436333717356897,0.06643477139881845,0.0676545086497689,0.4097981874073112,kp_vy_oracle_vym3_s000@c3aaea0+dirty
471,449,0.4400377654224389,0.4610716485782641,0.3818783460314785,0.00391989784326974,0.0015912864674718782,0.06655332876810428,0.07207979110601144,0.4340941588089928,kp_vy_oracle_vym3_s000@c3aaea0+dirty
472,451,0.4239242236088018,0.4459329135966489,0.36767042394865324,0.0038676537173521035,0.001604709193313578,0.06675628054014843,0.07092453723265403,0.41794910860134543,kp_vy_oracle_vym3_s000@c3aaea0+dirty
473,451,0.4410484406064085,0.4612604260519013,0.381839722697031,0.003933850793561978,0.0016059666659068458,0.06679605650113432,0.07240738830233205,0.4350642447737805,kp_vy_oracle_vym3_s000@c3aaea0+dirty
474,449,0.4396938197985139,0.4615070020431863,0.3341067161461453,0.0040058366562530975,0.0016289907874724604,0.06684955073266582,0.0741518259698174,0.43339607967118243,kp_vy_oracle_vym3_s000@c3aaea0+dirty
475,451,0.4505985737970966,0.4710530211550445,0.40065574585955277,0.004046814122329011,0.0016418799848713628,0.06705502169976015,0.07511787155569782,0.4442931240531629,kp_vy_oracle_vym3_s000@c3aaea0+dirty
476,452,0.4356113636820886,0.451807491853544,0.3476623537301763,0.004013653271869911,0.0016331735018431152,0.06715618438449415,0.07425029292421342,0.4292367111159498,kp_vy_oracle_vym3_s000@c3aaea0+dirty
477,452,0.44130186149544864,0.4570642457207575,0.22594006540780476,0.003978739419358082,0.0016206704558361016,0.0668252068076789,0.07338837617710882,0.43515684436928637,kp_vy_oracle_vym3_s000@c3aaea0+dirty
478,453,0.4314524935011782,0.44658639705573383,0.1766803776312043,0.0038550222909611285,0.0016078786196743917,0.06676397869071449,0.07066560403558175,0.4256261582124278,kp_vy_oracle_vym3_s000@c3aaea0+dirty
479,451,0.4382635360222379,0.45634122110883557,0.13770314407691764,0.0038462353736737065,0.0016142059444276065,0.06669116232970022,0.07039107493688086,0.4325737203945078,kp_vy_oracle_vym3_s000@c3aaea0+dirty
480,450,0.4446750245367981,0.4617455839673151,0.07862173368470143,0.0038397590567528284,0.001613644026006745,0.06647457559066576,0.07024910618940274,0.43909103899577817,kp_vy_oracle_vym3_s000@c3aaea0+dirty
481,450,0.4324806853209432,0.45137789689938856,0.10206503096271961,0.0037976626772211436,0.0016278881137439174,0.06655544251977737,0.06928354358467474,0.4268949914955939,kp_vy_oracle_vym3_s000@c3aaea0+dirty
482,450,0.4365494656710859,0.45229316690469207,0.13627294413623472,0.0038065195421703116,0.0016219497986062852,0.06637884025452515,0.0694148304445382,0.4309953796644073,kp_vy_oracle_vym3_s000@c3aaea0+dirty
483,451,0.46158502787184597,0.47567465103578815,0.11466558300994285,0.003914071562183583,0.0016453012958241844,0.06640607726690695,0.07186872394462097,0.4559557264406542,kp_vy_oracle_vym3_s000@c3aaea0+dirty
484,451,0.4462397737109842,0.461110317330973,0.045920808142720676,0.003942447849029725,0.0016736585665547996,0.06676061583599262,0.07268830113514695,0.44027985023132343,kp_vy_oracle_vym3_s000@c3aaea0+dirty
485,451,0.4521663826568984,0.4668104629416054,-0.006559233194263547,0.003987918184463865,0.0016887298540585582,0.06675471600890374,0.07385062303164609,0.44609474675550975,kp_vy_oracle_vym3_s000@c3aaea0+dirty
486,451,0.43378429301641663,0.45314092941001355,-0.023065578789002106,0.0038670756227558484,0.001666651082535367,0.06655826132724155,0.07102642293115682,0.42792997103890357,kp_vy_oracle_vym3_s000@c3aaea0+dirty
487,453,0.44222370700618335,0.4599049476103503,0.036158373090080374,0.0037760046642919716,0.0016156483800179402,0.06642537679231958,0.06878837149095107,0.4368408943607657,kp_vy_oracle_vym3_s000@c3aaea0+dirty
488,451,0.4288838888516828,0.44761558189607875,0.0559770536654953,0.0037582934062491435,0.0016127006871587957,0.06650997306271512,0.06840350871579591,0.4233938475130581,kp_vy_oracle_vym3_s000@c3aaea0+dirty
489,451,0.4383748263102771,0.4556805131457419,0.09574789989754143,0.003758884647990866,0.0015976059792834727,0.06637015334078378,0.0683920322264985,0.4330069494482683,kp_vy_oracle_vym3_s000@c3aaea0+dirty
490,453,0.4325864281464171,0.44474698729125156,0.08444493868289292,0.003835106068682739,0.00164384338734069,0.06683155761576086,0.07010685996857148,0.42686771487408415,kp_vy_oracle_vym3_s000@c3aaea0+dirty
491,455,0.4317766532592309,0.4431099682301633,0.07113474146135618,0.0036758010313843554,0.0016105063147170279,0.06654940834907523,0.06629605026142608,0.4266566676139922,kp_vy_oracle_vym3_s000@c3aaea0+dirty
492,455,0.4299103554285181,0.4423487136249213,0.031215615457378068,0.003626856749763727,0.001594036060947806,0.06651084526195902,0.06534839973328213,0.4249146977417631,kp_vy_oracle_vym3_s000@c3aaea0+dirty
493,454,0.4260589976351052,0.4414261597187909,0.006884177523067223,0.003532836595522605,0.0015863069687795533,0.06616904423624147,0.0632156120214667,0.42134315689540036,kp_vy_oracle_vym3_s000@c3aaea0+dirty
494,454,0.4223503904192576,0.4382695169703666,0.00959270414269494,0.0036281526963894022,0.0015999312946122243,0.06642458623487482,0.0654544420000967,0.41724761031041907,kp_vy_oracle_vym3_s000@c3aaea0+dirty
495,454,0.42103291463984804,0.4349348043155128,0.004443941134403416,0.003627198413580153,0.0016043788332858596,0.06649581307944548,0.06543537953883813,0.415916970457727,kp_vy_oracle_vym3_s000@c3aaea0+dirty
496,454,0.4316676737462072,0.44716280726360313,0.014844367928699361,0.0035428008909050147,0.0015907323822360762,0.06635664817667448,0.06350563061826012,0.4269707430694041,kp_vy_oracle_vym3_s000@c3aaea0+dirty
497,454,0.4043676842256579,0.4198256747142584,0.038885480100640205,0.0034403175354586943,0.00154414551397765,0.0663531246118499,0.06133285452385005,0.3996892605537177,kp_vy_oracle_vym3_s000@c3aaea0+dirty
498,453,0.4201257272500601,0.43550141742553905,0.087350699710977,0.003458352823331726,0.001548814042893159,0.06611347101570321,0.06166793000633231,0.41557513533189877,kp_vy_oracle_vym3_s000@c3aaea0+dirty
499,454,0.4027699699105995,0.41733193394036144,0.061112794509624604,0.003341008793119915,0.0014941775036917911,0.06610193367204319,0.05887565117630437,0.39844360499366954,kp_vy_oracle_vym3_s000@c3aaea0+dirty
500,454,0.40849768887136084,0.4267019055684415,0.13654095898972873,0.003186917730420721,0.0014724237393888397,0.06607487029189071,0.055551488180179,0.40470284651112914,kp_vy_oracle_vym3_s000@c3aaea0+dirty
501,453,0.4144825107509097,0.4368410013963237,0.10295104393992684,0.003133372399716943,0.0014101291682757768,0.06595656309144353,0.05421176304174236,0.4109219347592483,kp_vy_oracle_vym3_s000@c3aaea0+dirty
502,453,0.42570910221438124,0.4449775630707109,0.005355512164407272,0.003326268098185906,0.0014875867528948699,0.06586064303611408,0.05840678091408435,0.4216833974102237,kp_vy_oracle_vym3_s000@c3aaea0+dirty
503,453,0.41487634664399453,0.4336295919537158,-0.005511782014852141,0.0033513738491615123,0.0014952415899041113,0.0660248461193089,0.05900072696768734,0.4106595880068458,kp_vy_oracle_vym3_s000@c3aaea0+dirty
504,453,0.4109988271417932,0.42855806998467777,-0.0768411126287478,0.0034297351384998628,0.0014783343624371283,0.06608667586735581,0.06062553324652462,0.406502866694079,kp_vy_oracle_vym3_s000@c3aaea0+dirty
505,454,0.40577754489810186,0.42200200118495484,-0.034390661787331786,0.0034048613088228574,0.0014721975326571375,0.06628003310814426,0.060070248040305,0.4013065925746888,kp_vy_oracle_vym3_s000@c3aaea0+dirty
506,453,0.41037119342763156,0.4271823164833734,-0.015534895460568621,0.003361328767429564,0.0014654593608550324,0.06628003926374629,0.059022202618156334,0.4061045382574786,kp_vy_oracle_vym3_s000@c3aaea0+dirty
507,453,0.42063524651265355,0.4356073828659984,-0.029195576366814413,0.00324603584685458,0.0014306826747072757,0.066287900854163,0.05647613624989467,0.41682665059115903,kp_vy_oracle_vym3_s000@c3aaea0+dirty
508,453,0.4157287659958932,0.43107947968600174,-0.04937727316866903,0.0031695893310871425,0.001421437594740391,0.06624205839049925,0.054755940852277925,0.4121070174333967,kp_vy_oracle_vym3_s000@c3aaea0+dirty
509,453,0.42205481067899314,0.43849960448536707,0.03314540563476445,0.0031653002403210133,0.0013971221958041782,0.06614823238217496,0.054644606788013556,0.41850236578335387,kp_vy_oracle_vym3_s000@c3aaea0+dirty
510,452,0.4123573437042189,0.4276458255660224,0.05954072486868342,0.0032493693544200226,0.0014136958249102458,0.066113214212894,0.05646657254427923,0.40847289395001596,kp_vy_oracle_vym3_s000@c3aaea0+dirty
511,454,0.4103519848455732,0.4256370121436276,0.07466630662749063,0.0031539447849027852,0.0013756183597710074,0.06622133620772429,0.05434044464539853,0.4067380822377491,kp_vy_oracle_vym3_s000@c3aaea0+dirty
512,454,0.40880997173723604,0.4240213793816554,0.07313232126944631,0.003142801130079454,0.0013629355101573571,0.06619508067400118,0.05411670779608822,0.40521225910516645,kp_vy_oracle_vym3_s000@c3aaea0+dirty
513,456,0.4105999991382176,0.43211914208041,-0.009166374002784736,0.0031504937980106696,0.001338976995091103,0.06590154325852673,0.05427191999411849,0.4069974422431378,kp_vy_oracle_vym3_s000@c3aaea0+dirty
514,456,0.40753716286261543,0.42848807657913507,0.06128947851862089,0.003190198261678426,0.0013520621545844494,0.06594990655385573,0.055169133296062996,0.4037857177333928,kp_vy_oracle_vym3_s000@c3aaea0+dirty
515,456,0.41705819221506935,0.4320745986959883,-0.01055364275423118,0.003159403022706606,0.0013461889644436021,0.06571584332985038,0.05440607706533868,0.4134942738080688,kp_vy_oracle_vym3_s000@c3aaea0+dirty
516,455,0.40692776738334113,0.4232204041139487,-0.06547407237635033,0.003133050052441253,0.0013421798062190052,0.06598580934017745,0.05386295935452381,0.4033472318947578,kp_vy_oracle_vym3_s000@c3aaea0+dirty
517,454,0.4003576768995481,0.4158319607775308,-0.0001817588989028729,0.0031459299469245917,0.0013535693526630624,0.06609159725372966,0.05407089658719117,0.3966895607331509,kp_vy_oracle_vym3_s000@c3aaea0+dirty
518,455,0.3988306300380247,0.41471999034051255,0.003588773656159753,0.0030950082333544306,0.0013291187432856867,0.06612743132905832,0.05298554657229959,0.3952953368191464,kp_vy_oracle_vym3_s000@c3aaea0+dirty
519,455,0.3994937376915449,0.4152516710154398,-0.033510805289130335,0.003262328934112062,0.0014034951463647346,0.06624888009420762,0.05656871779179005,0.39546836361731097,kp_vy_oracle_vym3_s000@c3aaea0+dirty
520,453,0.3945320302185047,0.4125654967279535,-0.13133017365858785,0.0033077619832200377,0.0014036264840640417,0.06623174777246942,0.05753938436137201,0.3903136458230091,kp_vy_oracle_vym3_s000@c3aaea0+dirty
521,452,0.41417397604225287,0.43163977406659737,-0.19768547679079695,0.0033174077446659544,0.0014122117171922602,0.06602933988501322,0.057662542232475564,0.41014035847979724,kp_vy_oracle_vym3_s000@c3aaea0+dirty
522,453,0.4004737932361661,0.41592158208672714,-0.21313092556780044,0.0032840963462216636,0.0014126897580795255,0.06621286018383801,0.05696524891522504,0.39640158865094116,kp_vy_oracle_vym3_s000@c3aaea0+dirty
523,453,0.41015534179218,0.4257824973740142,-0.23291280345034696,0.00309802237466119,0.0013604350785894675,0.06594980493191313,0.05287174725205833,0.40673330665581653,kp_vy_oracle_vym3_s000@c3aaea0+dirty
524,455,0.39658235613101656,0.4121535629980815,-0.17120941866784278,0.0030093271927672666,0.0013587736483760202,0.06631999483175753,0.0512245753693506,0.3932602294571092,kp_vy_oracle_vym3_s000@c3aaea0+dirty
525,455,0.3971442377812284,0.4137907008131102,-0.16427430961031603,0.0029064809929239812,0.0013047296820661441,0.0662857933858688,0.04902819577993695,0.3941063075128297,kp_vy_oracle_vym3_s000@c3aaea0+dirty
526,454,0.39709105354594126,0.4145985579650858,-0.21656136347525023,0.002912432715754471,0.0013329344002142504,0.06643539106322793,0.049141432730384405,0.39403860774730015,kp_vy_oracle_vym3_s000@c3aaea0+dirty
527,455,0.3908126083239033,0.4078504348741736,-0.184904294186256,0.0028387563599099794,0.0013050419751583114,0.0665638260697741,0.04765110503249057,0.3878967220976677,kp_vy_oracle_vym3_s000@c3aaea0+dirty
528,456,0.3902324870506616,0.4083575019771483,-0.2488758387532219,0.0027529178111840307,0.0012544013165453334,0.06660051720358126,0.04584494786171384,0.38753017263859796,kp_vy_oracle_vym3_s000@c3aaea0+dirty
529,456,0.39439819456734115,0.41154653351355186,-0.25330572544838403,0.002642503086790231,0.0011879504339823712,0.0666205970255143,0.04349893388840142,0.39199206449691143,kp_vy_oracle_vym3_s000@c3aaea0+dirty
530,455,0.38734096834837034,0.4054250645060729,-0.1594164779225135,0.0025607183185210173,0.0011657234110312971,0.06670374030318879,0.04194428883675697,0.38506324466901787,kp_vy_oracle_vym3_s000@c3aaea0+dirty
531,455,0.380907550495481,0.3980385168407972,-0.16818070882248728,0.0025134655008521595,0.001151974662563792,0.0669152693114302,0.04107213884176227,0.3786867325843756,kp_vy_oracle_vym3_s000@c3aaea0+dirty
532,454,0.3862724060447579,0.4059705632914178,-0.09730761178488101,0.0025154907728185435,0.0011346903290331174,0.06680432746239603,0.04105889655714727,0.3840840255531539,kp_vy_oracle_vym3_s000@c3aaea0+dirty
533,453,0.3961117709593587,0.41831054552674524,-0.12244340131810735,0.002579985239678964,0.0011871325420369837,0.06670882498541918,0.042379726598323515,0.39383815694522384,kp_vy_oracle_vym3_s000@c3aaea0+dirty
534,454,0.38457726571833056,0.4060161273109272,-0.1620280138483995,0.0026898289478845105,0.0012205226008271555,0.06662888595804521,0.04450823454309754,0.3819930501530676,kp_vy_oracle_vym3_s000@c3aaea0+dirty
535,454,0.388139759907296,0.40750162844280896,-0.10770060699351362,0.002735579328654926,0.001240127732494235,0.06670479284481284,0.04545572839667519,0.3854688703083831,kp_vy_oracle_vym3_s000@c3aaea0+dirty
536,452,0.38651582990850725,0.40669662686497804,-0.12869738246227824,0.0028132758519882916,0.0012833174884508216,0.06658271428822655,0.04706165602927051,0.3836400491367458,kp_vy_oracle_vym3_s000@c3aaea0+dirty
537,453,0.4053928383027806,0.42958488045689674,-0.11677972343642984,0.0026741866839193797,0.0012569813654268792,0.0665849556400322,0.04439467350191139,0.4029546702941202,kp_vy_oracle_vym3_s000@c3aaea0+dirty
538,453,0.39020641733977823,0.4123310136846801,-0.1892792612819375,0.0026677004145368942,0.0012521724145292622,0.06678012191446286,0.044286376504148094,0.38768513640488983,kp_vy_oracle_vym3_s000@c3aaea0+dirty
539,454,0.39881236985132135,0.4259321992384909,-0.11259223477559684,0.0027556994583423622,0.0013034224959190429,0.0665820852413098,0.04603170080621725,0.3961469283830357,kp_vy_oracle_vym3_s000@c3aaea0+dirty
540,453,0.407757234936694,0.43591986864237353,-0.20789908106114563,0.002734427240459273,0.0012834629905144126,0.06650930359902049,0.04559503442666999,0.4052000191002575,kp_vy_oracle_vym3_s000@c3aaea0+dirty
541,455,0.3897792188028302,0.41512589257595417,-0.07892644832695148,0.0027210673730813963,0.0012568623707684974,0.0666053594765212,0.04528594852224296,0.38713953850903077,kp_vy_oracle_vym3_s000@c3aaea0+dirty
542,454,0.3849459637922153,0.4102884280736412,-0.03428109305528637,0.0026392400568567426,0.0011942371129760672,0.06660829649677322,0.04352430555455708,0.382477489358408,kp_vy_oracle_vym3_s000@c3aaea0+dirty
543,454,0.37622206616007886,0.4023334119377882,-0.0339013342268734,0.00262905420581888,0.00118619001564334,0.06664626355615294,0.043374966164971364,0.37371333315249317,kp_vy_oracle_vym3_s000@c3aaea0+dirty
544,455,0.3859822809183485,0.41201496629656836,-0.06646974088223355,0.002732314678891779,0.001240323933938763,0.0665616267333587,0.04532294707093854,0.38331208127547434,kp_vy_oracle_vym3_s000@c3aaea0+dirty
545,456,0.3889576209982692,0.4123812637728836,-0.04085241685094458,0.0026463115135631154,0.001185073307011608,0.0665906598135185,0.043539360706273275,0.3865130722264413,kp_vy_oracle_vym3_s000@c3aaea0+dirty
546,456,0.39085514735829774,0.4129368425190028,-0.03756580545857288,0.0027002748985387533,0.0012164274843638216,0.06655756273474948,0.04467204465814962,0.3882939024019524,kp_vy_oracle_vym3_s000@c3aaea0+dirty
547,456,0.3973079808765601,0.42121095121545954,0.09673799113798669,0.0027513304233513867,0.0012369970485897942,0.06648286607105448,0.04571506095919482,0.39466918408929036,kp_vy_oracle_vym3_s000@c3aaea0+dirty
548,455,0.39889172733118367,0.42039185521126465,0.046520822454951725,0.0026756131554251045,0.0012168538172775383,0.06664842488694885,0.044258683072110304,0.39642878188393166,kp_vy_oracle_vym3_s000@c3aaea0+dirty
549,453,0.39645602384094264,0.4184183159186532,0.062474418025745694,0.002620956413652394,0.0011878277531996862,0.06660561035613487,0.0432686734016245,0.3940878084156291,kp_vy_oracle_vym3_s000@c3aaea0+dirty
550,454,0.41056769550967587,0.4337770987416498,0.0709025863754227,0.00263274726944003,0.001191336211851832,0.06641715012259873,0.04352392537798241,0.40825421065289424,kp_vy_oracle_vym3_s000@c3aaea0+dirty
551,455,0.3934649311928627,0.4120270778339852,0.050915437747296094,0.0026000232285877936,0.0012038800934066987,0.06673452770191872,0.042904676529231266,0.3911187042453048,kp_vy_oracle_vym3_s000@c3aaea0+dirty
552,455,0.39421277831924234,0.41404436847767573,0.08868870987095567,0.0026508595506809954,0.001178941834930246,0.0665076872192468,0.0437948052306126,0.39177254833000846,kp_vy_oracle_vym3_s000@c3aaea0+dirty
553,456,0.39363453193294373,0.41335712373989597,0.17859434369228228,0.002629837718375904,0.0011617808626037756,0.06655263186265997,0.04335234063467906,0.391239976602037,kp_vy_oracle_vym3_s000@c3aaea0+dirty
554,456,0.40166206640020474,0.4246185832373359,0.15114998294691573,0.0025977228250557596,0.0011716735144517737,0.06656202237220181,0.042736435631476874,0.399382038472437,kp_vy_oracle_vym3_s000@c3aaea0+dirty
555,453,0.3903266727569254,0.41492296263084993,0.17481837495587696,0.0025644846736207158,0.0011781856614959492,0.06672834711623173,0.04218628377649378,0.3880402413753257,kp_vy_oracle_vym3_s000@c3aaea0+dirty
556,451,0.41369098794853526,0.44209427848057503,0.06347186830212431,0.0026436714540711437,0.0012233198136098852,0.06634640021909474,0.04378835876910256,0.41136700541747817,kp_vy_oracle_vym3_s000@c3aaea0+dirty
557,453,0.42004927029550826,0.44128281367019295,0.0006949414922330435,0.0026376113383332184,0.0012491605747333204,0.06651130002680768,0.043734979205682215,0.4177662517122075,kp_vy_oracle_vym3_s000@c3aaea0+dirty
558,454,0.39629338256184277,0.414403531542072,-0.05828118955003979,0.002624563269181866,0.0012508750675667714,0.06661116843593713,0.04350521656043798,0.39389813555580133,kp_vy_oracle_vym3_s000@c3aaea0+dirty
559,453,0.4014439719665589,0.4195376467442588,-0.1688447711054097,0.0026677674551799694,0.0012820620680724995,0.06666879748082061,0.044387024874976255,0.39898252424264846,kp_vy_oracle_vym3_s000@c3aaea0+dirty
560,455,0.41475330260900517,0.4312836780241133,-0.09979934938512389,0.002609142807272651,0.0012567417234970772,0.06652736607136012,0.04321277146258345,0.4124960101717343,kp_vy_oracle_vym3_s000@c3aaea0+dirty
561,457,0.4058391922360489,0.41905248535157524,-0.20279651606427213,0.002546792182955706,0.0012472557006675265,0.06673808259353922,0.04204348691971575,0.40365554023503797,kp_vy_oracle_vym3_s000@c3aaea0+dirty
562,456,0.40397785084780047,0.4174782051637374,-0.279638133651844,0.002611356547994632,0.001301547096340206,0.06678295788298477,0.04335797380643274,0.4016443577133985,kp_vy_oracle_vym3_s000@c3aaea0+dirty
563,453,0.40504535193460717,0.4176283803955783,-0.2801130866409713,0.002602424386337962,0.0012953219042546704,0.0667608488470042,0.043170847286916995,0.4027381470240427,kp_vy_oracle_vym3_s000@c3aaea0+dirty
564,453,0.4269730302405617,0.4407962313729177,-0.25895827361520607,0.002668345459273871,0.0012905502961005424,0.06629728204829508,0.04439785903296067,0.42465844942270603,kp_vy_oracle_vym3_s000@c3aaea0+dirty
565,453,0.3991227360355192,0.4110058373732689,-0.29968474681940904,0.0026630457605383707,0.0012569421012531893,0.06655164307716031,0.04422833172639529,0.3966646103362117,kp_vy_oracle_vym3_s000@c3aaea0+dirty
566,453,0.42217292216475183,0.43639338054250204,-0.40005265728373096,0.002680931346413361,0.0013075887305161716,0.06653554122773857,0.044688804518477794,0.4198010087646704,kp_vy_oracle_vym3_s000@c3aaea0+dirty
567,454,0.400068334398437,0.41221613717639916,-0.37016819694158926,0.0027241061253623243,0.0012928847943994707,0.06664372151682713,0.04539634262391479,0.39748439499521454,kp_vy_oracle_vym3_s000@c3aaea0+dirty
568,454,0.4064297236713462,0.4190611969881932,-0.37933361104092794,0.0027725527522861446,0.0013053160089944078,0.06665949224042698,0.04629129311450422,0.40378488885216335,kp_vy_oracle_vym3_s000@c3aaea0+dirty
569,453,0.39934865127093194,0.4154111167539498,-0.3646103540007317,0.0028270678318370163,0.0013200395918720707,0.0667300376866555,0.04734165566568131,0.3965326126698086,kp_vy_oracle_vym3_s000@c3aaea0+dirty
570,451,0.3970095630315018,0.4134831363544364,-0.3851474870250471,0.00285297396661914,0.0013066906480096742,0.06656160344548359,0.04784862651713007,0.3941155948181805,kp_vy_oracle_vym3_s000@c3aaea0+dirty
571,451,0.3950808109984901,0.4125576306674945,-0.39331156225275915,0.002962374511318557,0.0013700060168964402,0.0666865148166016,0.050120130307813864,0.3918887849341346,kp_vy_oracle_vym3_s000@c3aaea0+dirty
572,451,0.388271385014857,0.40450337473872233,-0.3289570871525165,0.002901688756539258,0.0013351846292609386,0.06689286872414188,0.048867453806536405,0.3851839046219628,kp_vy_oracle_vym3_s000@c3aaea0+dirty
573,452,0.3946564029311738,0.413360511456725,-0.2823783996681275,0.0029958054499201266,0.0013775816081564314,0.06669587450421628,0.050907024466776495,0.3913593632896906,kp_vy_oracle_vym3_s000@c3aaea0+dirty
574,453,0.3853292876331433,0.4018097804536726,-0.2437295076314736,0.003019132437568959,0.0013622600328196393,0.06673888076148464,0.05124626060127131,0.3819063768546582,kp_vy_oracle_vym3_s000@c3aaea0+dirty
575,454,0.3928646862401297,0.41099722404021277,-0.1751447573198266,0.0029532253397217996,0.0013109300133539183,0.06642407898194508,0.04982607712121224,0.38969221667011333,kp_vy_oracle_vym3_s000@c3aaea0+dirty
576,454,0.3867363023846671,0.402400555994268,-0.12685645135897383,0.003037893858827855,0.0013641755141249451,0.06673714674388742,0.05173123097371496,0.3832608084896091,kp_vy_oracle_vym3_s000@c3aaea0+dirty
577,454,0.3942241075770886,0.4054100365149004,-0.14121085424238158,0.0031168462245755786,0.0013572806624062013,0.06651254396860289,0.053275584905595086,0.3906076791973228,kp_vy_oracle_vym3_s000@c3aaea0+dirty
578,455,0.37509382130719515,0.3867690679125318,-0.1264306023800264,0.0029422845221781955,0.0012798769798081238,0.06666164881943804,0.049702691320389986,0.3717862521104621,kp_vy_oracle_vym3_s000@c3aaea0+dirty
579,455,0.3906408701930907,0.403717866422386,-0.14822807972118932,0.0029037060413541417,0.0012910970983699291,0.06650079682255615,0.04889981291303674,0.38756818466211224,kp_vy_oracle_vym3_s000@c3aaea0+dirty
580,457,0.39275506966861884,0.40713277947414384,-0.1116421263594967,0.0029709384287537203,0.0013361424710200565,0.0665850186041356,0.05033606915902337,0.389516142017272,kp_vy_oracle_vym3_s000@c3aaea0+dirty
581,457,0.39902103703095054,0.4138278519365716,-0.07376689088515864,0.0030012409378232926,0.001342996796222541,0.06665517126343905,0.05087170564786132,0.3957649018770267,kp_vy_oracle_vym3_s000@c3aaea0+dirty
582,456,0.3920871078145481,0.40780554004561803,-0.08975575815144389,0.0029985612580262886,0.0013616834931907001,0.06662591138074075,0.050864483166836644,0.3887738474570372,kp_vy_oracle_vym3_s000@c3aaea0+dirty
583,455,0.39260284813439417,0.4071214775849636,-0.0804916589978227,0.0030819663997300817,0.0013927119742173436,0.06679519363685874,0.05263796474680256,0.3890581460791594,kp_vy_oracle_vym3_s000@c3aaea0+dirty
584,455,0.38643288327620284,0.40120771857291515,-0.06182054089186319,0.0030646548999913297,0.0014037808827783971,0.06686866806809308,0.05223266348332748,0.3828865656334744,kp_vy_oracle_vym3_s000@c3aaea0+dirty
585,455,0.3800043156958624,0.3942629763659097,-0.04211565135082743,0.0029427503195273257,0.001345752416600365,0.06691261389173404,0.049702646088439995,0.37673986637902807,kp_vy_oracle_vym3_s000@c3aaea0+dirty
586,457,0.38716366796727536,0.403064174681748,-0.10827043117228538,0.002897261966151219,0.001304715546924678,0.06681315474469729,0.04871364999799706,0.3840868210414766,kp_vy_oracle_vym3_s000@c3aaea0+dirty
587,456,0.3816952744919794,0.39798608057902846,-0.040762425170066424,0.002819309714987336,0.0012769885076059145,0.06678553809524566,0.04706377482122242,0.3787826338008182,kp_vy_oracle_vym3_s000@c3aaea0+dirty
588,456,0.39153389641183606,0.406747492403228,0.017371006758009802,0.0028756827463023837,0.0012953330860657113,0.06664476365127452,0.04816784522428774,0.38855971320491195,kp_vy_oracle_vym3_s000@c3aaea0+dirty
589,456,0.3910259016271271,0.40564730418330025,-0.005992134384853659,0.0028928107654378043,0.0013389753069350072,0.06678516311919225,0.04865944433554665,0.3879864871619416,kp_vy_oracle_vym3_s000@c3aaea0+dirty
590,456,0.408473615127877,0.4230040197244008,-0.08418323711875916,0.0028834500400929455,0.00134896089455566,0.06663752794766975,0.0485147457156095,0.4055823143380228,kp_vy_oracle_vym3_s000@c3aaea0+dirty
591,458,0.3973512197881412,0.4120209956348342,-0.0654388831090668,0.0028431707509752667,0.0013602880635012475,0.06696088290082894,0.04787702757873841,0.3944563120262476,kp_vy_oracle_vym3_s000@c3aaea0+dirty
592,459,0.3887989834953082,0.4024334563162954,-0.0806767225393134,0.002881223396316846,0.0013666444730809292,0.06704358466214645,0.048630865998615186,0.38574562659764494,kp_vy_oracle_vym3_s000@c3aaea0+dirty
593,460,0.3888463161097479,0.40252455723592295,-0.06772389216145995,0.0028253342020094887,0.001301710886554929,0.06696419132897082,0.04742086169429153,0.3859439330113804,kp_vy_oracle_vym3_s000@c3aaea0+dirty
594,458,0.39932484500096743,0.4136332456360864,0.0010154612994894702,0.0029818985817737583,0.001365625865753005,0.06698469949120331,0.05066393619522769,0.39609783817164734,kp_vy_oracle_vym3_s000@c3aaea0+dirty
595,459,0.4121189201732977,0.4275166501284286,0.01907168963410832,0.003054864100768791,0.0013972090341192417,0.0669702127419389,0.05221160172774289,0.40879818127020634,kp_vy_oracle_vym3_s000@c3aaea0+dirty
596,459,0.41037651730113234,0.4231929974052527,0.10267155301062775,0.0031660242089381454,0.0014518956434564688,0.06699824048585454,0.054679582431631894,0.40671738248728556,kp_vy_oracle_vym3_s000@c3aaea0+dirty
597,460,0.40398655846058656,0.41577472064214105,0.09057275291311392,0.003324027032553771,0.0015551273981254377,0.06729840786808125,0.058181802237338695,0.3997749583268619,kp_vy_oracle_vym3_s000@c3aaea0+dirty
598,461,0.41946025554652255,0.43464289509235715,0.04586408413487549,0.00336377741282878,0.0015551117182886728,0.06714488038025014,0.05884856903232444,0.4153116322787044,kp_vy_oracle_vym3_s000@c3aaea0+dirty
599,460,0.4115134615085431,0.4308467069765094,-0.0021909838728134956,0.0034023777001668753,0.001601612507527321,0.06725365783189366,0.05984115926902728,0.40713924480462715,kp_vy_oracle_vym3_s000@c3aaea0+dirty
600,460,0.407254874400132,0.4200286609192886,-0.009532788081761868,0.00344265835088753,0.001606752653354867,0.0672714685714368,0.060561016024286964,0.402726825603626,kp_vy_oracle_vym3_s000@c3aaea0+dirty
601,460,0.41156703293576324,0.4222550003682525,0.08536094628189461,0.0033922875445223785,0.001581128274007321,0.06714076222375728,0.05939381890937935,0.4072588818858435,kp_vy_oracle_vym3_s000@c3aaea0+dirty
602,460,0.41926911953523116,0.4304216045042669,0.09954598499177919,0.0034202143435585405,0.0015878460470953024,0.06713504205564129,0.06003778769306912,0.4149482602021244,kp_vy_oracle_vym3_s000@c3aaea0+dirty
603,460,0.4162554209384907,0.4298413191390844,0.14817497255914217,0.00342776680944463,0.001563975292341697,0.06701725511698078,0.06020922108392061,0.41187792506657556,kp_vy_oracle_vym3_s000@c3aaea0+dirty
604,460,0.4087374362808923,0.4245476925993403,0.1482139105569397,0.003275282087241789,0.00149077568886659,0.06685670707625731,0.05675719059773991,0.40477760947578156,kp_vy_oracle_vym3_s000@c3aaea0+dirty
605,460,0.4130921843013297,0.4269055816922405,0.23424453703585357,0.0032400472707552444,0.0014707105176317821,0.06675210466394961,0.056002547661325085,0.4092784716868025,kp_vy_oracle_vym3_s000@c3aaea0+dirty
606,460,0.40065011966814823,0.41349238689408857,0.23958871408384355,0.0032747175581464005,0.0015323418760907316,0.06706659665437543,0.05689024840692862,0.396590491598449,kp_vy_oracle_vym3_s000@c3aaea0+dirty
607,459,0.4191023246781129,0.43264776814298755,0.2905479330302799,0.003357899908173276,0.001546913562747144,0.0667748567543597,0.05874578065008275,0.414964687421003,kp_vy_oracle_vym3_s000@c3aaea0+dirty
608,461,0.41658098704285385,0.4284086793323067,0.398061469936553,0.0033550908247131643,0.001518368768906951,0.06672858645627114,0.058706956210833126,0.41242358329520595,kp_vy_oracle_vym3_s000@c3aaea0+dirty
609,461,0.4026968264957891,0.41549950304797817,0.40920597505326933,0.003212130730231592,0.0014709476928428259,0.06673472036863236,0.05552423198507073,0.39885059073824586,kp_vy_oracle_vym3_s000@c3aaea0+dirty
610,459,0.396915305076978,0.41093302764091233,0.3580912013788604,0.003214233757003543,0.0014624396859531485,0.06671169843478039,0.0555437003709526,0.39300974129587724,kp_vy_oracle_vym3_s000@c3aaea0+dirty
611,459,0.4146620276490273,0.4279026540124303,0.41600903284620044,0.0032151518419744163,0.0014874228638961063,0.06673561304008901,0.05564313354961659,0.41091171662874526,kp_vy_oracle_vym3_s000@c3aaea0+dirty
612,459,0.41132754685059725,0.4231328362319607,0.4471302568904362,0.0033197689036659483,0.0015218845943197716,0.06689248698992871,0.05777853714262016,0.4072492988867988,kp_vy_oracle_vym3_s000@c3aaea0+dirty
613,458,0.4129289349842014,0.42435423342982326,0.3524476881654958,0.00330894839393822,0.001504821517708058,0.06674835978654688,0.057590208745845105,0.4088932295890907,kp_vy_oracle_vym3_s000@c3aaea0+dirty
614,457,0.4076481117683294,0.42159888625672914,0.4428207937931103,0.0032262693114419815,0.0014649272361018358,0.06669027062252296,0.05579830616331154,0.40381125796291234,kp_vy_oracle_vym3_s000@c3aaea0+dirty
615,458,0.4123443327381049,0.4255437734330244,0.5148576394375847,0.0032726445840366037,0.0014525161796741927,0.06674502911877697,0.05675828043300931,0.40841932660382374,kp_vy_oracle_vym3_s000@c3aaea0+dirty
616,457,0.41387831514855866,0.42646603953408,0.5396654200537966,0.003314243649902122,0.0014686192838143646,0.06678851838427195,0.05770110703008071,0.40983636002398915,kp_vy_oracle_vym3_s000@c3aaea0+dirty
617,458,0.41755442516222235,0.4314210208285094,0.5489934153717746,0.003446325339124092,0.001534271299838075,0.06693267650154225,0.06069952537162424,0.4131189484787808,kp_vy_oracle_vym3_s000@c3aaea0+dirty
618,459,0.4143575117801662,0.4278713283207144,0.49450045847084856,0.003458096656528976,0.0015511398638486426,0.06704630532496832,0.06095191209011522,0.40984998716751164,kp_vy_oracle_vym3_s000@c3aaea0+dirty
619,459,0.4281874276116059,0.4420974200018472,0.5584790712154258,0.003598481591932619,0.0016046754253516051,0.06721024916579707,0.06413337779698317,0.4233572758521975,kp_vy_oracle_vym3_s000@c3aaea0+dirty
620,459,0.4358174673635425,0.4505804348524809,0.5898071181358694,0.00359543186443072,0.0015925349074145678,0.06705250698058306,0.06407076546593403,0.43108212891719566,kp_vy_oracle_vym3_s000@c3aaea0+dirty
621,459,0.443753380308684,0.45992456413042027,0.595222224335341,0.0036501862126445783,0.001600350447640954,0.06708947814160712,0.06533386732811289,0.438917473239943,kp_vy_oracle_vym3_s000@c3aaea0+dirty
622,458,0.4433801964743401,0.45330040983407993,0.6613317027323926,0.0036589789571357468,0.001602619622586856,0.06728138233454932,0.06559326543671616,0.43850145057339657,kp_vy_oracle_vym3_s000@c3aaea0+dirty
623,462,0.42838123614358947,0.43662238400341213,0.5826803698241741,0.003500035057147936,0.0015714173448709609,0.06716312848837677,0.06198637334871142,0.4238728264456026,kp_vy_oracle_vym3_s000@c3aaea0+dirty
624,464,0.4273753359062333,0.4376227263768694,0.5250873501355016,0.003519698373780787,0.0016111700859743475,0.06712774368272713,0.06239169646422203,0.422796586969765,kp_vy_oracle_vym3_s000@c3aaea0+dirty
625,464,0.4169943357377574,0.4257686825979906,0.5914319597870935,0.003436968957194756,0.0015733728982523876,0.06708233955843951,0.06058272883545336,0.4125700049739722,kp_vy_oracle_vym3_s000@c3aaea0+dirty
626,464,0.4170839567080301,0.4255677687947529,0.557085719595955,0.00339620555652175,0.0015499114263813167,0.0669858652298207,0.05965706184941881,0.41279542380544937,kp_vy_oracle_vym3_s000@c3aaea0+dirty
627,463,0.434357806186198,0.44249266325066,0.47047902524359264,0.0035166385675795054,0.0015892355024919556,0.06698830271535501,0.062446995828991166,0.4298454100101811,kp_vy_oracle_vym3_s000@c3aaea0+dirty
628,464,0.43927707299926266,0.4485460202225935,0.4740371252768517,0.0035460740441984983,0.0015967292703415032,0.06686402110024105,0.0632479730736735,0.4346999433688385,kp_vy_oracle_vym3_s000@c3aaea0+dirty
629,464,0.43609098725823764,0.44538623579976433,0.5396293447190685,0.003590529474567581,0.0016344406621823613,0.06702349393482673,0.06434211442584427,0.4313182600807389,kp_vy_oracle_vym3_s000@c3aaea0+dirty
630,464,0.44610037927718776,0.45459633653071563,0.5058467359746016,0.003497753285286187,0.001580326963339602,0.0669143077807961,0.06205256591176414,0.44176354246929084,kp_vy_oracle_vym3_s000@c3aaea0+dirty
631,464,0.4433044690008287,0.45367052309602773,0.4764724000991741,0.0034828492638432655,0.0015941728275395838,0.06677839564245605,0.061792758077732456,0.43897665915769774,kp_vy_oracle_vym3_s000@c3aaea0+dirty
632,465,0.43120549080165993,0.44110487726924413,0.4874614138990695,0.0035493825286113064,0.0016283016179326527,0.06722675612813475,0.06339762383375971,0.4265195383446502,kp_vy_oracle_vym3_s000@c3aaea0+dirty
633,466,0.43280033387179906,0.44370832375152736,0.4846180752627605,0.0035649887467339527,0.001627771159342871,0.06721822716798305,0.06345949262810505,0.42812267143299504,kp_vy_oracle_vym3_s000@c3aaea0+dirty
634,466,0.42433248178927463,0.43459727867416936,0.47561312825866625,0.003522858833204048,0.0016366460346302317,0.06737611822789769,0.062635561073088,0.41968421651344545,kp_vy_oracle_vym3_s000@c3aaea0+dirty
635,467,0.43325966191078713,0.44228332175159674,0.37781511323667283,0.003521152092660871,0.0016516334099247376,0.06721824260649113,0.06262296202544929,0.4287100410139803,kp_vy_oracle_vym3_s000@c3aaea0+dirty
636,467,0.4199848213178944,0.42889940328998793,0.4111626083660675,0.0034992405991729697,0.0016403854857443554,0.06722101339184705,0.06208818696808319,0.41537008459497904,kp_vy_oracle_vym3_s000@c3aaea0+dirty
637,466,0.4209951639113789,0.43050796067602853,0.37922805404345405,0.0034680079631613753,0.0016360816839002866,0.06716905740424206,0.0613033787993359,0.4165078916233808,kp_vy_oracle_vym3_s000@c3aaea0+dirty
638,465,0.4202323564682008,0.4320190938133081,0.28923600786781345,0.003260366762425556,0.0015765160930490299,0.06702283740829253,0.056801676705533134,0.41637579534148844,kp_vy_oracle_vym3_s000@c3aaea0+dirty
639,465,0.43980385497784846,0.4498308147823964,0.35061882712786596,0.003378222640651132,0.0015707945120215113,0.06689167362782654,0.05914837311985077,0.43580833035940386,kp_vy_oracle_vym3_s000@c3aaea0+dirty
640,465,0.44277444850210107,0.453193796443806,0.39649784328733784,0.0034407179904598355,0.0016216681305375991,0.06701835382491313,0.06062542000220059,0.4386043441370554,kp_vy_oracle_vym3_s000@c3aaea0+dirty
641,465,0.4256796186948148,0.4360748941025809,0.48558731456620374,0.0034814287870243597,0.001639727448628779,0.06721925585336418,0.061596700768953405,0.42119945895803684,kp_vy_oracle_vym3_s000@c3aaea0+dirty
642,465,0.43092457153424246,0.4407130523682174,0.4601585637212519,0.0034519383601810975,0.001609994203690961,0.06715821471013679,0.06085551727237456,0.426605898188811,kp_vy_oracle_vym3_s000@c3aaea0+dirty
643,464,0.43744706604745554,0.44846887563959875,0.43080939704677024,0.0034187084088871055,0.001579930255036475,0.06678414017274899,0.05998645187424496,0.43331462147620387,kp_vy_oracle_vym3_s000@c3aaea0+dirty
644,463,0.42331381819924735,0.43282160787156965,0.38047232594856406,0.0033608115519903046,0.001567435670133452,0.0669306181134706,0.05879346296101897,0.419211065444934,kp_vy_oracle_vym3_s000@c3aaea0+dirty
645,465,0.42105076414653336,0.43086594074205586,0.3080293378148645,0.0033948589821213896,0.001593539467324117,0.0669661995819995,0.05947372735531306,0.4168292477056349,kp_vy_oracle_vym3_s000@c3aaea0+dirty
646,465,0.4141485713555823,0.42317920837771245,0.25073394741549165,0.00340162257016865,0.0016156838733232817,0.06716478971505781,0.05961280307399801,0.4098357632827211,kp_vy_oracle_vym3_s000@c3aaea0+dirty
647,465,0.4192074695264969,0.4249430191487497,0.2421679483550215,0.0034922642463802553,0.0016534970717381524,0.06719313028147388,0.061750562233677864,0.41463450238810745,kp_vy_oracle_vym3_s000@c3aaea0+dirty
648,464,0.42881306097166244,0.43672239656020495,0.19257704485742644,0.003511168333725941,0.0016591589848514012,0.06710057621332942,0.06219756106909566,0.4242783339471187,kp_vy_oracle_vym3_s000@c3aaea0+dirty
649,464,0.42436186386862684,0.4313187571114957,0.17839889551158683,0.0035275602844856173,0.0016512753675036473,0.06716738320934906,0.06257840248333078,0.4197224500174958,kp_vy_oracle_vym3_s000@c3aaea0+dirty
650,463,0.43904306333092424,0.4456759746705593,0.1341216631332231,0.003647896344506421,0.0017016174467643199,0.06719856557216236,0.06529088789808,0.4341611583461633,kp_vy_oracle_vym3_s000@c3aaea0+dirty
651,463,0.4306233197325577,0.4367689938572813,0.12995979301052227,0.0037052711067344134,0.0017210816752014774,0.06732913271099582,0.06664997117032435,0.4254341604061474,kp_vy_oracle_vym3_s000@c3aaea0+dirty
652,463,0.4373264102483054,0.44475112536202005,0.051971274998976816,0.00361766815258618,0.001688960305924732,0.06706779662467677,0.06457632240811206,0.43253241229405304,kp_vy_oracle_vym3_s000@c3aaea0+dirty
653,462,0.4371387875431922,0.4457198734069665,0.12878778627513904,0.0035299503915308898,0.0016273619293080436,0.06668775549484222,0.062466383866467995,0.43265259789047744,kp_vy_oracle_vym3_s000@c3aaea0+dirty
654,462,0.4341079229342927,0.4400624151984759,0.2163659582464107,0.003668152905624512,0.0016946933536051987,0.06693935886077336,0.06587872498289611,0.4290800418907337,kp_vy_oracle_vym3_s000@c3aaea0+dirty
655,463,0.43660296231763324,0.44370974522308687,0.16017928851254654,0.0037749469601360444,0.0017539203061841982,0.06730888026854079,0.06847118793760139,0.43120046744750445,kp_vy_oracle_vym3_s000@c3aaea0+dirty
656,462,0.43079317944109535,0.43772530571618795,0.16991571465046384,0.0038311381530207796,0.0017771639294654736,0.06732979318765855,0.06983735487146052,0.42509470393963444,kp_vy_oracle_vym3_s000@c3aaea0+dirty
657,464,0.4403715011837239,0.4475661080141942,0.1449250365447659,0.003761828053547563,0.0017368590622327228,0.06703318434275317,0.0681887666753035,0.43506016957899923,kp_vy_oracle_vym3_s000@c3aaea0+dirty
658,465,0.4307598264079737,0.43962167021578596,0.1129299158838788,0.0038620197354875484,0.0017653523694701773,0.06734259014687853,0.07055079901779222,0.4249430700752499,kp_vy_oracle_vym3_s000@c3aaea0+dirty
659,464,0.445868146791051,0.45630039015756024,0.027481994080764655,0.003931269189432141,0.00174972557966733,0.06708738374196148,0.07212686279167961,0.4399955908719046,kp_vy_oracle_vym3_s000@c3aaea0+dirty
660,464,0.4291467594189323,0.4383763733953928,-0.05828007811205924,0.003795963934633088,0.0017055642739044422,0.06706725858546146,0.06903481076080537,0.42355771274171217,kp_vy_oracle_vym3_s000@c3aaea0+dirty
661,462,0.4283006669077807,0.43798282259998805,-0.01714949131371414,0.003893908624489058,0.0017439098744741737,0.0672695587627257,0.07151861890966114,0.4222872818626016,kp_vy_oracle_vym3_s000@c3aaea0+dirty
662,460,0.4120128508962082,0.4221010646099997,0.010894841705114497,0.0036240818059934793,0.0016204900043418965,0.06678930060530107,0.06504410183498448,0.4068462290842835,kp_vy_oracle_vym3_s000@c3aaea0+dirty
663,458,0.421982202801528,0.4316661825531872,0.08146159040774649,0.0035149037711068457,0.0015686222236425238,0.06640590047603734,0.06237082059103816,0.4173474095043965,kp_vy_oracle_vym3_s000@c3aaea0+dirty
664,456,0.41543624797286827,0.4243116385340663,0.09312132885497593,0.003550239592706653,0.0016051039049386163,0.06663333633941963,0.06330702433162605,0.41058433579479064,kp_vy_oracle_vym3_s000@c3aaea0+dirty
665,457,0.42825337448658235,0.43701057909449986,0.08811919610649856,0.003761785027672244,0.0017188348987453156,0.0670044290234281,0.06835475222704546,0.42276303126825576,kp_vy_oracle_vym3_s000@c3aaea0+dirty
666,456,0.4227386803781559,0.43292148577404393,0.11464005613128636,0.0037500417840246585,0.0017010685867666433,0.06706382014048942,0.06801511655315925,0.4172312737656716,kp_vy_oracle_vym3_s000@c3aaea0+dirty
667,457,0.4246391329420964,0.43316532876947283,0.16263284887669902,0.003763366117941169,0.0017136742086386247,0.06710743193755339,0.06839881944429815,0.41909425517947835,kp_vy_oracle_vym3_s000@c3aaea0+dirty
668,456,0.4281218737609491,0.43732315380198106,0.1794584861058533,0.003736991766826748,0.001696774812931997,0.06712398727754072,0.06776523688278245,0.4227247466884408,kp_vy_oracle_vym3_s000@c3aaea0+dirty
669,457,0.42860605738162666,0.43799576652183964,0.2212083308596604,0.0037183677968173675,0.0016859922399873738,0.06705716802336299,0.06720719334855892,0.4233040817030137,kp_vy_oracle_vym3_s000@c3aaea0+dirty
670,457,0.42635534489742644,0.43730077076802626,0.20543826067171908,0.003695540875704596,0.0016831341880384713,0.06684061675840061,0.06659047330167568,0.4211230093310769,kp_vy_oracle_vym3_s000@c3aaea0+dirty
671,457,0.43502265369446474,0.44540355157959843,0.3552062507586081,0.003775925007511724,0.001701458086299951,0.06684905585863862,0.06837645187683095,0.42961537455741694,kp_vy_oracle_vym3_s000@c3aaea0+dirty
672,457,0.4367513860308449,0.44628797061414943,0.30875889621890845,0.00390142531943632,0.0017664595363541303,0.06710909919924628,0.07155210160729705,0.4308504032207039,kp_vy_oracle_vym3_s000@c3aaea0+dirty
673,456,0.42233647697007115,0.4321412158652802,0.3415526819537111,0.0038052217284613023,0.001740809155945522,0.06698241036681998,0.06941420065893232,0.4165930490615187,kp_vy_oracle_vym3_s000@c3aaea0+dirty
674,456,0.4147770445890163,0.4257220935488079,0.37880330872512935,0.003818319868926324,0.001728987999022579,0.06705926359578936,0.06986687802844709,0.40885035902216954,kp_vy_oracle_vym3_s000@c3aaea0+dirty
675,456,0.42361232561415557,0.43701454729305045,0.394029224078466,0.0038694648755117043,0.0017101568187399918,0.06671526323658653,0.0709552523823428,0.41762753090713667,kp_vy_oracle_vym3_s000@c3aaea0+dirty
676,457,0.4289283501506637,0.43992201578369833,0.30554917240242574,0.003915684311436675,0.0017473941554511424,0.06700742639629159,0.07214544202357481,0.42281741302622977,kp_vy_oracle_vym3_s000@c3aaea0+dirty
677,456,0.41093083203904235,0.42229181395608517,0.29378050928512517,0.003780554956585722,0.0016958028684255569,0.06688398712547353,0.06902287934816342,0.4050925707129033,kp_vy_oracle_vym3_s000@c3aaea0+dirty
678,456,0.42970530879785096,0.44004298172353246,0.3663709987474635,0.003831811094793865,0.0016711622763675878,0.06671601350390229,0.06993246174208465,0.42397653614763675,kp_vy_oracle_vym3_s000@c3aaea0+dirty
679,454,0.4204616193265477,0.43111691939399915,0.36091766808893466,0.003936407846144035,0.0017266015731405135,0.06685774243224059,0.0725504220849175,0.41415505499993965,kp_vy_oracle_vym3_s000@c3aaea0+dirty
680,454,0.4331743833265354,0.4421945202331875,0.3726279441015735,0.003984891430172387,0.0017325121846506898,0.06685183405172981,0.07344629598240716,0.4269024337911285,kp_vy_oracle_vym3_s000@c3aaea0+dirty
681,455,0.4332807376394439,0.4420205935948749,0.3422736029657999,0.004016757012237362,0.0017435578770991131,0.0671298031924369,0.07428751797018338,0.42686480562727386,kp_vy_oracle_vym3_s000@c3aaea0+dirty
682,455,0.44123317085857333,0.4509384258656708,0.3446059050601249,0.004075792615323373,0.0017685261419237257,0.06712176021944449,0.07579828274321294,0.4346738218470154,kp_vy_oracle_vym3_s000@c3aaea0+dirty
683,454,0.4567636940909856,0.4649802601331681,0.3016023013736804,0.004083713280123921,0.0017907445430234517,0.0671452377048996,0.07603920291245675,0.45038995532769344,kp_vy_oracle_vym3_s000@c3aaea0+dirty
684,453,0.4447282873660395,0.4536240327727115,0.24777285981558814,0.004075684104264838,0.001796324036434695,0.06729537200076702,0.07584297009617735,0.43821352497443633,kp_vy_oracle_vym3_s000@c3aaea0+dirty
685,451,0.45279861978872227,0.4674518324620607,0.1680934769040402,0.004080553911716738,0.0017728657057646546,0.06714901874607593,0.07608313886905901,0.4463607801570422,kp_vy_oracle_vym3_s000@c3aaea0+dirty
686,450,0.4449798144956748,0.4594368316083829,0.15428665950034887,0.004169599407122247,0.0018445542243760466,0.06747264209864759,0.07847373373237963,0.43800560318642584,kp_vy_oracle_vym3_s000@c3aaea0+dirty
687,450,0.43523796619854277,0.4466165149961232,0.22401915702175668,0.003956381048113728,0.0017413431311901946,0.06684593051551592,0.0730968893364817,0.4290558611532699,kp_vy_oracle_vym3_s000@c3aaea0+dirty
688,451,0.4168569397560542,0.4293626332502668,0.105032557389423,0.0038432728894020603,0.0017271594669144845,0.06683662486858157,0.07051419732427221,0.41084967591382643,kp_vy_oracle_vym3_s000@c3aaea0+dirty
689,450,0.4307707818552322,0.44349179997473814,0.07375626561430475,0.003874639358049729,0.0017077423546493992,0.06675759368719542,0.07118519541976363,0.4248483664240903,kp_vy_oracle_vym3_s000@c3aaea0+dirty
690,450,0.42609096553063236,0.43800504667078105,0.028600154047807053,0.003916605178824058,0.0017265448900027197,0.0669295706844884,0.07219674480017785,0.41992992385287875,kp_vy_oracle_vym3_s000@c3aaea0+dirty
691,450,0.42887921308988686,0.43992098513213646,0.05558319229509806,0.004011570704228844,0.0017639615309183437,0.06713504571590174,0.07454063108452434,0.4223518364327559,kp_vy_oracle_vym3_s000@c3aaea0+dirty
692,450,0.4428191757438374,0.45513133816728196,-0.036295880851904605,0.003965511459545215,0.0017367589011613145,0.06691575834626383,0.07331041329046124,0.4367086050327304,kp_vy_oracle_vym3_s000@c3aaea0+dirty
693,452,0.42118196740851355,0.43606598212100434,-0.02606281706808626,0.0037930587622635507,0.0017086068849578955,0.06674143975330894,0.06915814003111899,0.41546528295098534,kp_vy_oracle_vym3_s000@c3aaea0+dirty
694,452,0.4190600320835414,0.4312516205139138,0.03655276126037722,0.0036715436616344375,0.0016413377495070958,0.06660471323711782,0.06622135304375312,0.413794686880962,kp_vy_oracle_vym3_s000@c3aaea0+dirty
695,452,0.42200041595898363,0.43488720547402965,0.09645898877653596,0.003713625342711605,0.0016464450153592276,0.06663787182198667,0.06722424841683192,0.4166116314919055,kp_vy_oracle_vym3_s000@c3aaea0+dirty
696,452,0.4383448487363872,0.45272827829765694,0.11197576490060826,0.003840909037496931,0.0016619782392980132,0.06663942149179747,0.07008309416044703,0.4327060969371983,kp_vy_oracle_vym3_s000@c3aaea0+dirty
697,452,0.4276085172708882,0.44230902843891456,0.18968911506818353,0.0038487291596243133,0.0016661337840827809,0.06680684928989004,0.07020183123591187,0.421806527846277,kp_vy_oracle_vym3_s000@c3aaea0+dirty
698,454,0.42976858054417666,0.441932346037662,0.1809334398526637,0.0038452381489426815,0.0016845006389970053,0.06673014191714408,0.07010671904648721,0.4240118875308726,kp_vy_oracle_vym3_s000@c3aaea0+dirty
699,455,0.42641183834900803,0.43910648628230575,0.21480719055667027,0.0038788072992426174,0.0017000728722547831,0.06708050909619392,0.07109483209561727,0.4204433145305994,kp_vy_oracle_vym3_s000@c3aaea0+dirty
700,455,0.43439121976378214,0.45094488730830645,0.15894211535431074,0.003868216814203136,0.0016605081143579565,0.06657304885878879,0.07068542962417865,0.4286015653806129,kp_vy_oracle_vym3_s000@c3aaea0+dirty
701,454,0.4301983286485874,0.4478977492247567,0.1799258291828627,0.003990476014583771,0.0017020007200849573,0.06706313172063566,0.07376838799493124,0.423826411287295,kp_vy_oracle_vym3_s000@c3aaea0+dirty
702,454,0.44065630061103,0.45969290259761053,0.27876448011652555,0.00401644794548991,0.001720139173994627,0.06696006323841958,0.074234250984537,0.43435843637365124,kp_vy_oracle_vym3_s000@c3aaea0+dirty
703,455,0.4476982955386961,0.4681468141970722,0.2735765873516429,0.004136283335241081,0.0017520397531918279,0.06717227886052449,0.07715657752667246,0.44099957638599185,kp_vy_oracle_vym3_s000@c3aaea0+dirty
704,454,0.44275666328861135,0.4591495535188041,0.36278361413519716,0.004084809656336267,0.0017217304738158473,0.06697829679446678,0.0758047810263751,0.43621909410296117,kp_vy_oracle_vym3_s000@c3aaea0+dirty
705,454,0.4312436084162457,0.44791294355647476,0.30166178843306857,0.003949956696342079,0.0016720763309614635,0.06662925043281545,0.0725152122990269,0.425103039021237,kp_vy_oracle_vym3_s000@c3aaea0+dirty
706,454,0.43711188441042015,0.4573221774355627,0.277173396074347,0.0038678397575242665,0.0016273624181360564,0.06634479581447993,0.07049860858010504,0.4313893203141423,kp_vy_oracle_vym3_s000@c3aaea0+dirty
707,454,0.41832399720858854,0.43413261254547947,0.22597525866913917,0.0038152512025420257,0.0016395492649738709,0.06659258817529864,0.06942037546716488,0.41252366975795346,kp_vy_oracle_vym3_s000@c3aaea0+dirty
708,453,0.4255011737887268,0.4415078603124217,0.23727131935569384,0.003825242081205817,0.0016157329916876122,0.06652921028556659,0.06963529132386938,0.41976442809964754,kp_vy_oracle_vym3_s000@c3aaea0+dirty
709,453,0.42442889387195537,0.4385884181143259,0.15082448098024648,0.004006059814199801,0.0016827289322369316,0.06687743526581999,0.07407973345711921,0.41791396129382147,kp_vy_oracle_vym3_s000@c3aaea0+dirty
710,456,0.416308864244835,0.42853189600419217,0.10173276268238748,0.0038452053760019175,0.001649746931452026,0.06676866185464099,0.07023469380189615,0.41034151415056497,kp_vy_oracle_vym3_s000@c3aaea0+dirty
711,455,0.40650393057625095,0.4193405985671112,-0.059997352991413566,0.0036471101916318973,0.001607680203062552,0.06650198864634965,0.06558318566775419,0.4011786277104132,kp_vy_oracle_vym3_s000@c3aaea0+dirty
712,454,0.4147737707040067,0.42878814612443134,-0.0029729674222892175,0.0035895005293301793,0.0015785709500399936,0.066141784882526,0.06432588646134736,0.40975536749990443,kp_vy_oracle_vym3_s000@c3aaea0+dirty
713,454,0.41711851811457473,0.4308127466552931,-0.018169017239442954,0.003687846643080999,0.0016066813004638081,0.06628016040248486,0.06648530002248378,0.4117858217994145,kp_vy_oracle_vym3_s000@c3aaea0+dirty
714,454,0.4140982120380575,0.42697749051928807,-0.02942394959384323,0.003682579789437181,0.00162182112037412,0.06651407710801029,0.06645104255276683,0.4087316823501286,kp_vy_oracle_vym3_s000@c3aaea0+dirty
715,452,0.4129848760399999,0.4270531131477718,0.07784445082399763,0.003500304263258105,0.0015739022059306803,0.0661744071737526,0.062287047592141424,0.4082607396505674,kp_vy_oracle_vym3_s000@c3aaea0+dirty
716,451,0.4263873075175358,0.4414686940970642,0.08618118905050569,0.0036616607609787186,0.0016366678535849936,0.06625642710895806,0.06606104939029486,0.42123873725656646,kp_vy_oracle_vym3_s000@c3aaea0+dirty
717,451,0.41626000675041014,0.4300159684461281,0.10544804995354294,0.003617319075224915,0.0016338356575884485,0.06640150785731189,0.06505987405572172,0.4111442642281479,kp_vy_oracle_vym3_s000@c3aaea0+dirty
718,451,0.4153309890909193,0.4292725224883312,0.1678576917466863,0.0035589221078360994,0.0016119809316389108,0.06651351282886138,0.06370065561642985,0.41041693066110024,kp_vy_oracle_vym3_s000@c3aaea0+dirty
719,450,0.4335958426899225,0.44692151653323436,0.27617506468659864,0.003774832811314913,0.0016249770005959036,0.06638358853290065,0.06862719581934619,0.42813042731387024,kp_vy_oracle_vym3_s000@c3aaea0+dirty
720,449,0.42177747943705957,0.4352116582810056,0.30969214656267513,0.003687685607153302,0.0015761231280791036,0.06607221439027637,0.0665575130349342,0.41649290464410527,kp_vy_oracle_vym3_s000@c3aaea0+dirty
721,447,0.4156018114700255,0.4318464087496482,0.32926945369892585,0.003724598095668436,0.0015894616160232002,0.06620665733283614,0.06753531581381789,0.4100778545777552,kp_vy_oracle_vym3_s000@c3aaea0+dirty
722,448,0.42262221242273185,0.4380617003692015,0.3156573212870129,0.0036276582959080864,0.0015296744224442586,0.0657798162252419,0.06504045408051264,0.41758744445455426,kp_vy_oracle_vym3_s000@c3aaea0+dirty
723,448,0.4218064708166571,0.4384876758002652,0.3465652877401316,0.003514135976180347,0.0014950744047533232,0.06570341050834422,0.062496817505107494,0.4171508679417277,kp_vy_oracle_vym3_s000@c3aaea0+dirty
724,448,0.42155146336651567,0.43822699178799746,0.2919103991868996,0.0035290613626805076,0.0015296706207316142,0.06585234965871285,0.06302065743609529,0.4168141468361806,kp_vy_oracle_vym3_s000@c3aaea0+dirty
725,447,0.4153182917633386,0.43195590665760386,0.24430614916102683,0.0036182678778667833,0.0015666382911790945,0.0661914593498192,0.06508098353754024,0.4101874559942126,kp_vy_oracle_vym3_s000@c3aaea0+dirty
726,445,0.42524685604779433,0.4406553325057142,0.27932257798679905,0.0036485837028709433,0.0015532907518488125,0.06597000166999277,0.06563230875576881,0.42015150675193463,kp_vy_oracle_vym3_s000@c3aaea0+dirty
727,446,0.42362956409293245,0.43870009300296453,0.24071972632814287,0.0036923497950819995,0.0015824337000227742,0.0661170937805796,0.06660680657325228,0.4183605393577188,kp_vy_oracle_vym3_s000@c3aaea0+dirty
728,446,0.4224781644790907,0.43632653265034654,0.26010280340041386,0.003765535602464059,0.0015899006520054312,0.06611058731761013,0.06815554066290747,0.41694438686540486,kp_vy_oracle_vym3_s000@c3aaea0+dirty
729,447,0.42719929629271114,0.44112340664110816,0.3273706319118168,0.0038553928183272515,0.0016171101572359406,0.06619294502737225,0.0702591380587984,0.4213821214434973,kp_vy_oracle_vym3_s000@c3aaea0+dirty
730,445,0.42899819080769236,0.44089028291359644,0.3733017504188701,0.0037756623275219986,0.0015953934168583658,0.06617895148644484,0.06836585704739968,0.423515710814189,kp_vy_oracle_vym3_s000@c3aaea0+dirty
731,445,0.4220643144235852,0.4356673043492342,0.2147388102372267,0.003645311796701847,0.0015463851388724124,0.06592211342817471,0.06521683450929588,0.4169952637697916,kp_vy_oracle_vym3_s000@c3aaea0+dirty
732,445,0.43232615372217553,0.4473344072545198,0.2457692665981864,0.003744833365998159,0.0016106404896471188,0.066114744968178,0.06774962539981952,0.426984650134398,kp_vy_oracle_vym3_s000@c3aaea0+dirty
733,446,0.4318082824735692,0.4455683982568063,0.29035433775406244,0.0038034559568953952,0.0016526771212193707,0.06630908311135768,0.06923923970391296,0.4262209761356166,kp_vy_oracle_vym3_s000@c3aaea0+dirty
734,447,0.4297728182055086,0.4450261441597735,0.2571798077509502,0.003813764416182566,0.0016967351010216396,0.06641731308781097,0.06957727307582294,0.4241033816649397,kp_vy_oracle_vym3_s000@c3aaea0+dirty
735,444,0.42165927112069373,0.4388469769000662,0.24480520225705713,0.0037426779692492744,0.0016607078830825181,0.06620785750148381,0.06782674167631367,0.4161683241617619,kp_vy_oracle_vym3_s000@c3aaea0+dirty
736,443,0.41505463475467064,0.43051085705885267,0.2292465504584688,0.003649435836375879,0.0016215995707444435,0.06620957956841345,0.06573940447729676,0.40981542251396963,kp_vy_oracle_vym3_s000@c3aaea0+dirty
737,444,0.4235022865866752,0.43941630972157836,0.18157465728270605,0.0036747092278724995,0.0016325995918202774,0.06619045329790016,0.06624943442195724,0.41828841626671087,kp_vy_oracle_vym3_s000@c3aaea0+dirty
738,444,0.41766269293825303,0.4316427568771123,0.23897295268773724,0.003561196140565861,0.0015933115526488128,0.06619482496055352,0.06358671469864915,0.41279396166400745,kp_vy_oracle_vym3_s000@c3aaea0+dirty
739,445,0.41861125168111796,0.43345400597226563,0.23656070525121714,0.003516939656064475,0.001575362939625856,0.06616661050019935,0.06254699661905783,0.4139121322792651,kp_vy_oracle_vym3_s000@c3aaea0+dirty
740,445,0.4060320158210182,0.42392351536279227,0.2550812670038878,0.0034221208743831478,0.0015502999258976526,0.06622857703209119,0.060405109921199074,0.4015136617440152,kp_vy_oracle_vym3_s000@c3aaea0+dirty
741,444,0.4093958801918461,0.42604429115883513,0.2896564209579209,0.0035388513266814653,0.0015854318756913666,0.06628719629488959,0.06310115137297094,0.40450368529033426,kp_vy_oracle_vym3_s000@c3aaea0+dirty
742,443,0.414298695735154,0.4317547974942076,0.30393059155592633,0.0034127227293702586,0.0015461249050251814,0.06611117779652137,0.06017540963751233,0.4099052687668302,kp_vy_oracle_vym3_s000@c3aaea0+dirty
743,443,0.41159532578408725,0.42869917883175995,0.34501662245174886,0.0033385852400743083,0.0014994370732401916,0.06594200298670685,0.058377297751775886,0.4074344159671706,kp_vy_oracle_vym3_s000@c3aaea0+dirty
744,443,0.4140655734292629,0.4310340383526691,0.3210103435699864,0.0033524733041934993,0.0015068115459822356,0.06577093100066025,0.05859483808914214,0.40989869974008397,kp_vy_oracle_vym3_s000@c3aaea0+dirty
745,443,0.39941902760928377,0.4185233392413159,0.32451501825349516,0.003250942133755077,0.0015021890395299823,0.0658971630980709,0.05655202873250989,0.3953952802735298,kp_vy_oracle_vym3_s000@c3aaea0+dirty
746,444,0.40015179029727,0.4180127275390547,0.34132278880830946,0.0032057127501548335,0.001462341207477312,0.06588429973017347,0.05551756122210031,0.39628178821901555,kp_vy_oracle_vym3_s000@c3aaea0+dirty
747,444,0.39817361761522974,0.41819102226349164,0.19363409594157763,0.0031674918757871877,0.0014616307582219236,0.0658250442285577,0.054652533676774764,0.3944050333445406,kp_vy_oracle_vym3_s000@c3aaea0+dirty
748,445,0.3961811578856867,0.4134083804061242,0.16798293774888517,0.0031124588658649594,0.0014572380015723792,0.06591506394923256,0.053572674776282574,0.39254232686547075,kp_vy_oracle_vym3_s000@c3aaea0+dirty
749,447,0.39484500509306497,0.41384442708712466,0.22254471464884235,0.0030238274983632814,0.0014197392324734907,0.06590835163911588,0.051616694362389026,0.3914566322213001,kp_vy_oracle_vym3_s000@c3aaea0+dirty
750,448,0.40191170991965514,0.41990386516228106,0.1893092087896224,0.0031248620021214536,0.0014343620041862922,0.06571621478594884,0.05371463300922654,0.39830611440351393,kp_vy_oracle_vym3_s000@c3aaea0+dirty
751,450,0.4033636363430693,0.41697462774460387,0.1389536822474454,0.003200427436012578,0.0014731134045798653,0.06591788635805922,0.05541475611949616,0.3995390192811218,kp_vy_oracle_vym3_s000@c3aaea0+dirty
752,450,0.4016845388822075,0.4149510985975144,0.0657891571894851,0.0031820627407299377,0.001482507608795836,0.06612339225449763,0.05506421084372088,0.3978924496156844,kp_vy_oracle_vym3_s000@c3aaea0+dirty
753,449,0.40937775240716634,0.42286420802470864,0.028192901470813797,0.0032895004484091318,0.0015118493719596105,0.06605373575346551,0.057448832818969585,0.4053267518603741,kp_vy_oracle_vym3_s000@c3aaea0+dirty
754,449,0.4122713686230139,0.4259626791700355,0.03710042594190288,0.003312135738355169,0.0015383741652645936,0.0660407543621445,0.05801541161086301,0.4081689520307922,kp_vy_oracle_vym3_s000@c3aaea0+dirty
755,449,0.4016756242232074,0.4176756331053697,-0.013717434884943112,0.0032623222563205674,0.0015385587294068164,0.06633903709501343,0.05692143146453251,0.39762200358522903,kp_vy_oracle_vym3_s000@c3aaea0+dirty
756,447,0.41262592054858527,0.43071382679075376,-0.07414608264493901,0.0034128349126366954,0.0015743860035035738,0.06633338930303108,0.060213870011401716,0.40820881931533204,kp_vy_oracle_vym3_s000@c3aaea0+dirty
757,448,0.41626398385752506,0.4341983796375705,-0.15171621360174997,0.0033978916175236473,0.0015736223391060245,0.06630416811294847,0.05997509726938306,0.411920735050405,kp_vy_oracle_vym3_s000@c3aaea0+dirty
758,447,0.41248990458589013,0.4303007501402285,-0.22430524295266469,0.003344691938556816,0.0015457935020898872,0.0663756803299575,0.058824747129998044,0.40827389153651317,kp_vy_oracle_vym3_s000@c3aaea0+dirty
759,446,0.41049625020634045,0.4300056668057747,-0.33252007410944057,0.003281077738004308,0.0015283458127028028,0.06624225778832081,0.05740575609355609,0.4064624836326148,kp_vy_oracle_vym3_s000@c3aaea0+dirty
760,446,0.407238266699289,0.4234912649462642,-0.2738821666364534,0.003247415054536825,0.001543586735639287,0.06641496056663804,0.056659199197140304,0.4032774987655275,kp_vy_oracle_vym3_s000@c3aaea0+dirty
761,448,0.4135641040116373,0.4314705068231874,-0.19535652695273503,0.003205805400750435,0.0015086101177132897,0.06625836744330958,0.05573076649041855,0.4097918371482511,kp_vy_oracle_vym3_s000@c3aaea0+dirty
762,448,0.4158843590418767,0.429854815515641,-0.17116540262745922,0.0033417244805810506,0.0015335544521344487,0.06622129652469515,0.05858069450644644,0.41173790489438183,kp_vy_oracle_vym3_s000@c3aaea0+dirty
763,448,0.4233606043732782,0.4398273261784994,-0.28450021613742066,0.0032722078635217615,0.0015209968039771008,0.06617294136649644,0.0571031895387934,0.4194918677159356,kp_vy_oracle_vym3_s000@c3aaea0+dirty
764,447,0.4274831643708752,0.4444936277187116,-0.3105193488923684,0.0033494319134824272,0.0015570527260753352,0.06608014913758865,0.05882083265156863,0.42341701131002385,kp_vy_oracle_vym3_s000@c3aaea0+dirty
765,447,0.4145049220234887,0.427785470964886,-0.28506746283392664,0.0034306793642071313,0.0015745880704869776,0.06618958838700519,0.060609130702825434,0.41004983070005807,kp_vy_oracle_vym3_s000@c3aaea0+dirty
766,446,0.4093387200608278,0.42513606488540323,-0.2525067947272767,0.0035074711052245485,0.0015876313995787665,0.06644365041007436,0.06238306692414041,0.40455721561007285,kp_vy_oracle_vym3_s000@c3aaea0+dirty
767,447,0.4093141474902441,0.4260280822571841,-0.26324679768585624,0.00346695552531009,0.001594448373162378,0.06639423376528311,0.06152768430303611,0.40466333587313197,kp_vy_oracle_vym3_s000@c3aaea0+dirty
768,445,0.41634336274841827,0.4312682119308994,-0.11902598947473714,0.003512873024634414,0.0015921241157168392,0.06626576934776071,0.06251462529087123,0.41162327112227626,kp_vy_oracle_vym3_s000@c3aaea0+dirty
769,445,0.4012690959185712,0.41894551724023316,-0.15750976013892812,0.0033431959326256826,0.0015446442433151115,0.06640407896586951,0.05889198944583175,0.39692394853223395,kp_vy_oracle_vym3_s000@c3aaea0+dirty
770,445,0.4044811776848634,0.4200408362578405,-0.19654700500872402,0.0033701645105557168,0.0015396263896753238,0.06625126771782296,0.05946795341096307,0.40008572283755084,kp_vy_oracle_vym3_s000@c3aaea0+dirty
771,446,0.3925045828516937,0.4112921142537762,-0.15396482573285333,0.003296894181284988,0.0015027072810433067,0.06619234574009204,0.05782403356286283,0.38822188076163744,kp_vy_oracle_vym3_s000@c3aaea0+dirty
772,445,0.41180262332895784,0.430705258678739,-0.20662563801099643,0.0033438623153046704,0.0015228082603404444,0.06602627153650761,0.058906833451395926,0.4075676453710979,kp_vy_oracle_vym3_s000@c3aaea0+dirty
773,445,0.40999568992573343,0.43062639560173505,-0.16438455691164877,0.003403550683394232,0.0015094846202629148,0.06588761216431141,0.06002767873443731,0.4055775431941879,kp_vy_oracle_vym3_s000@c3aaea0+dirty
774,446,0.4045740556038137,0.4244393259916299,-0.13763109616719293,0.0034982083122053935,0.0015602950318372361,0.06620273480205714,0.0620497364157206,0.3997874393705452,kp_vy_oracle_vym3_s000@c3aaea0+dirty
775,446,0.40258978847715465,0.42094323008691115,-0.054659207650408506,0.0034294471439982955,0.0015455915372209828,0.06603988888629506,0.06055781090085235,0.3980091573380903,kp_vy_oracle_vym3_s000@c3aaea0+dirty
776,447,0.3898297252100982,0.4080265335818408,0.026407911475088496,0.0033529286304590285,0.0015179715101320873,0.0661241777106781,0.058945481309605224,0.3853474340002275,kp_vy_oracle_vym3_s000@c3aaea0+dirty
777,447,0.3917294429490498,0.4112324137550299,0.015918627322557402,0.003231694534888719,0.0014816788074820003,0.06599307054905695,0.056367121184701156,0.38765281389733536,kp_vy_oracle_vym3_s000@c3aaea0+dirty
778,448,0.3937548183226451,0.41045577567335634,0.1195369012943835,0.003292268265535471,0.0015195064315205863,0.06607271632175601,0.057620105290559255,0.38951608492924156,kp_vy_oracle_vym3_s000@c3aaea0+dirty
779,447,0.4111273598812088,0.42699047501186516,0.21370450257592816,0.0033597265317782165,0.001519347730245416,0.0659193190289127,0.05903797752584122,0.40686634568682534,kp_vy_oracle_vym3_s000@c3aaea0+dirty
780,446,0.4072746793142211,0.42363042305476384,0.18981766838589825,0.0033120991527181374,0.00150191381213613,0.06587498972281516,0.05811977400299229,0.40310638332869747,kp_vy_oracle_vym3_s000@c3aaea0+dirty
781,446,0.4045056516804938,0.41671452103106116,0.2349214184749224,0.003374565803967916,0.001560387668796424,0.06608522511068822,0.05963572830016313,0.4000854935530281,kp_vy_oracle_vym3_s000@c3aaea0+dirty
782,445,0.407243879090025,0.42289059016153957,0.15834652962129753,0.0032546938216567755,0.0015400986854393573,0.06596682201460521,0.05707038575103975,0.40322518290220716,kp_vy_oracle_vym3_s000@c3aaea0+dirty
783,446,0.3985297840960071,0.41173904725966576,0.19730486183945922,0.0032815430560682,0.0015379253627005117,0.06602862780306828,0.05761427561232048,0.39434323128117416,kp_vy_oracle_vym3_s000@c3aaea0+dirty
784,446,0.3994773194695937,0.41171622274942515,0.1598248612703717,0.003198280693010016,0.0014903102577521969,0.06596926248586564,0.05570230423492414,0.3955747490342777,kp_vy_oracle_vym3_s000@c3aaea0+dirty
785,445,0.40390143190908706,0.4171698819637065,0.1273562324205408,0.003371420623219624,0.0015488556978909883,0.06593627939136319,0.05961473961639257,0.3994777209290658,kp_vy_oracle_vym3_s000@c3aaea0+dirty
786,445,0.4002189477425157,0.4158260204181014,0.11498331693451026,0.003366604998505748,0.0015573523707757629,0.06600076765899658,0.059606307515403405,0.39575534644083543,kp_vy_oracle_vym3_s000@c3aaea0+dirty
787,444,0.4047387994604552,0.4187900865278898,0.11665074602426825,0.003277258562815099,0.0014872342382658522,0.06586514918404583,0.05744855185226105,0.4006409360996061,kp_vy_oracle_vym3_s000@c3aaea0+dirty
788,443,0.3983338452149221,0.4123645072231835,0.1016911347848757,0.0031779981299955113,0.0014398289765801538,0.06572266448964052,0.05514160477770777,0.3944987397524162,kp_vy_oracle_vym3_s000@c3aaea0+dirty
789,444,0.39773110466190814,0.41221242144151393,0.16165118303501202,0.0029977700718061668,0.001374393949972054,0.06578770951330011,0.05123144766153676,0.3944177612457189,kp_vy_oracle_vym3_s000@c3aaea0+dirty
790,443,0.4053520243781794,0.41872607581013416,0.104734016563727,0.0030908051529395597,0.0013830105943668338,0.06566581316847002,0.05321804781918134,0.4018433812492169,kp_vy_oracle_vym3_s000@c3aaea0+dirty
791,444,0.4095513641932624,0.4226606142275951,0.06426130074697572,0.003208559629976271,0.0014092113746125444,0.06557723329831529,0.0556382542006377,0.4057544880615216,kp_vy_oracle_vym3_s000@c3aaea0+dirty
792,444,0.4036597620473639,0.4171323342793244,0.0800398586590899,0.003391097195434357,0.001462871900824189,0.06566321875109657,0.05978330475692432,0.3992081662096546,kp_vy_oracle_vym3_s000@c3aaea0+dirty
793,444,0.41272914597951377,0.42480720085956186,0.1351428288352127,0.003465711054035246,0.0014624661983531817,0.06559776987201672,0.06145017860951781,0.4081289299839416,kp_vy_oracle_vym3_s000@c3aaea0+dirty
794,443,0.4133636510064624,0.425085864784021,0.1541695453944007,0.003558823120493448,0.0014818596809527105,0.06572442734075291,0.06340246231739595,0.408472319436071,kp_vy_oracle_vym3_s000@c3aaea0+dirty
795,443,0.40794684618880167,0.4226301180797811,0.0179394295903626,0.0034597706551166077,0.001473354847887255,0.06566981690105354,0.0612819841533367,0.40331767594988943,kp_vy_oracle_vym3_s000@c3aaea0+dirty
796,442,0.4039643452635215,0.4188350574394066,-0.04003923193531232,0.0035772356639366914,0.0015251547170342015,0.06596006084717412,0.06401822740695313,0.39885944742961427,kp_vy_oracle_vym3_s000@c3aaea0+dirty
797,442,0.4025619074895142,0.42008978163876204,-0.056680024378645055,0.003378974143404387,0.0014943269089420384,0.06589839434321156,0.05977903241029322,0.39809867702076746,kp_vy_oracle_vym3_s000@c3aaea0+dirty
798,442,0.4110460637423992,0.430215622455927,-0.055523651391516264,0.0033308287832756636,0.0014955994215530856,0.06579861996750018,0.05872108580106574,0.4068300635406194,kp_vy_oracle_vym3_s000@c3aaea0+dirty
799,442,0.4092409372339666,0.42460584082408276,-0.1478955129938958,0.0034018345809788105,0.0015425500858502162,0.06605211430146439,0.06027205856309327,0.40477824010771923,kp_vy_oracle_vym3_s000@c3aaea0+dirty
800,443,0.41384862516781723,0.42623634076133093,-0.12121618185840348,0.0033161822240330573,0.0015476511766433323,0.06595245523465632,0.05845274636226004,0.40969984256282277,kp_vy_oracle_vym3_s000@c3aaea0+dirty
801,445,0.40399698906475057,0.4162975969424813,-0.16283411657197097,0.0033665035369049496,0.0015605452717508729,0.06619502163500633,0.05955667465916452,0.39958299472941367,kp_vy_oracle_vym3_s000@c3aaea0+dirty
802,446,0.4128825524215188,0.4281630114460334,-0.13264948703447652,0.0032028761283246893,0.0014793865717488645,0.06590519381973561,0.055778268500711665,0.409097527317351,kp_vy_oracle_vym3_s000@c3aaea0+dirty
803,444,0.4165859934816619,0.4320967526590621,-0.17790463297442838,0.003167496432792485,0.001446244443275049,0.06570165391285089,0.05485730981791445,0.41295830966895997,kp_vy_oracle_vym3_s000@c3aaea0+dirty
804,445,0.41991613935643746,0.4348295198666722,-0.21877535399894793,0.0031269852464591427,0.0014265673235660757,0.06582396524663835,0.05397472853007785,0.4164328190382206,kp_vy_oracle_vym3_s000@c3aaea0+dirty
805,447,0.40050768993544295,0.41475092966795196,-0.19486464810705442,0.0030503962296771717,0.0013960999160776296,0.06602701902651593,0.05238401975710306,0.39706715322664543,kp_vy_oracle_vym3_s000@c3aaea0+dirty
806,449,0.40928741538859154,0.4234927961719563,-0.1532768326399383,0.003084548614279268,0.0013837414593664936,0.06596053726681426,0.05303359652721862,0.4058369451329704,kp_vy_oracle_vym3_s000@c3aaea0+dirty
807,450,0.41104672138157056,0.4259878854256824,-0.20588940942266745,0.003026080560056556,0.001366698612477375,0.06600396446753642,0.05171546366666959,0.4077804776792041,kp_vy_oracle_vym3_s000@c3aaea0+dirty
808,449,0.40174041920202946,0.41794144111848824,-0.2222421641408778,0.002931742015619667,0.0013119770946782463,0.06603870808941434,0.049693181905635965,0.3986551794379646,kp_vy_oracle_vym3_s000@c3aaea0+dirty
809,450,0.39834768845951407,0.41348410318283474,-0.2133937917776283,0.002818907521785151,0.0012534540941450505,0.06599319955046172,0.047325259121333826,0.3955264855229504,kp_vy_oracle_vym3_s000@c3aaea0+dirty
810,450,0.4051675042044073,0.42100578195495036,-0.3112254183493035,0.0027466101613824504,0.0011927514431967852,0.06589701639011021,0.045768302581373065,0.4025741781858944,kp_vy_oracle_vym3_s000@c3aaea0+dirty
811,448,0.39596531003487734,0.4110787407394733,-0.311916600995332,0.0026869356913361005,0.0012057496587282506,0.06617409244332773,0.04468631017387088,0.393435713216354,kp_vy_oracle_vym3_s000@c3aaea0+dirty
812,448,0.4069472486788711,0.4242006425776531,-0.2685800853554135,0.002738287619899677,0.0012275754463953897,0.06607642036923349,0.045735142861996585,0.40436908872303245,kp_vy_oracle_vym3_s000@c3aaea0+dirty
813,449,0.39399347253805983,0.4073061891851158,-0.21440978827109625,0.0026672327733795564,0.0011478327443582691,0.066034667017693,0.04415028729962775,0.3915119519682116,kp_vy_oracle_vym3_s000@c3aaea0+dirty
814,451,0.3918897720096515,0.40626995487777173,-0.0706367753927255,0.0026411371696418518,0.0011396552217938804,0.06602962460869631,0.043627402343715864,0.38945377539640846,kp_vy_oracle_vym3_s000@c3aaea0+dirty
815,450,0.3894621632009298,0.40857934140095575,-0.048604739690657775,0.0026640598235264665,0.0011165325741426672,0.06587594400761641,0.043967162524732956,0.3869724346573944,kp_vy_oracle_vym3_s000@c3aaea0+dirty
816,449,0.3851009621497741,0.4030287844550275,-0.056427353007896815,0.0027068720384900427,0.0011420595885850678,0.06596428182565675,0.04487161534103279,0.38247782835789074,kp_vy_oracle_vym3_s000@c3aaea0+dirty
817,446,0.3853647769561095,0.40462899874021896,-0.18740416950459843,0.0027552423754670565,0.0011572415694275295,0.06588470112177798,0.04577385879516657,0.382636596746093,kp_vy_oracle_vym3_s000@c3aaea0+dirty
818,446,0.38880867550352544,0.4113348493588325,-0.14883117393446693,0.0027548365661971956,0.0011667060573574608,0.0659048445502855,0.04586245589247701,0.3860943165682659,kp_vy_oracle_vym3_s000@c3aaea0+dirty
819,445,0.37842563393533096,0.4040550759419174,-0.17332178186874309,0.0026785603927571813,0.0011236051678205742,0.06607225525881276,0.044356545548058214,0.3758170529478408,kp_vy_oracle_vym3_s000@c3aaea0+dirty
820,444,0.38003719666726377,0.40550887351159626,-0.20736929481312433,0.0026836841516772033,0.0011563525271884815,0.06606125862256505,0.04450780817190276,0.37742194671540447,kp_vy_oracle_vym3_s000@c3aaea0+dirty
821,446,0.37728181161254426,0.4003288555365812,-0.24277019911172604,0.0028089224616335987,0.0012097544931985757,0.06622259627436179,0.04707067510949298,0.3743339644199814,kp_vy_oracle_vym3_s000@c3aaea0+dirty
822,447,0.3794720179531519,0.4017029916027857,-0.10930646359376422,0.0029658335759805937,0.0012589723737209603,0.06584124500289087,0.05033164041338259,0.37611931402513105,kp_vy_oracle_vym3_s000@c3aaea0+dirty
823,444,0.38761028630700023,0.4115720530248494,-0.14796974938611243,0.003015376042893958,0.0012728619515966464,0.0659122509951123,0.0513577316555829,0.3841928128559771,kp_vy_oracle_vym3_s000@c3aaea0+dirty
824,443,0.37158369462109636,0.3916616821938316,-0.12192784734687562,0.00294036817501893,0.001262109810238659,0.0659886952940275,0.04982169682427253,0.36822851686665237,kp_vy_oracle_vym3_s000@c3aaea0+dirty
825,445,0.3862805908003111,0.4042540449327746,-0.029488241271079407,0.0029940970894319703,0.0012894703226756805,0.0660684664643189,0.05084515888761707,0.3829196582140049,kp_vy_oracle_vym3_s000@c3aaea0+dirty
826,445,0.3885941045516707,0.40612111305703885,-0.06753011986802523,0.002907783038411757,0.001251184234446497,0.06604142878649119,0.049037928516604705,0.38548756096548065,kp_vy_oracle_vym3_s000@c3aaea0+dirty
827,444,0.38553405770836474,0.4025284057680266,0.050212084728900805,0.0030077524402911953,0.001316086884086928,0.06620057583571722,0.05120455351658242,0.3821185723728227,kp_vy_oracle_vym3_s000@c3aaea0+dirty
828,445,0.39174519025597443,0.4104564603074059,-0.06247978010593354,0.0030086822043968106,0.0013240922071759348,0.06621237151068314,0.05109394220330203,0.3883988969588035,kp_vy_oracle_vym3_s000@c3aaea0+dirty
829,444,0.38888121190701425,0.40561227402684674,-0.010826339468605825,0.0028417718829251205,0.0012401610896538731,0.06629752828656761,0.047551818824151486,0.385962979443344,kp_vy_oracle_vym3_s000@c3aaea0+dirty
830,444,0.39004932830753924,0.40837392081222434,-0.007834935103640327,0.002730275355555714,0.0011888265710669073,0.06614984547908347,0.04518451121472119,0.38742333236325516,kp_vy_oracle_vym3_s000@c3aaea0+dirty
831,443,0.3847978066927206,0.4019196290512924,-0.028254538449054685,0.002745641612079408,0.0011991426001293013,0.06622663702658413,0.04561647160010009,0.3820844010873588,kp_vy_oracle_vym3_s000@c3aaea0+dirty
832,443,0.37805244063075466,0.39631235611901794,-0.08505978348078327,0.0026865658678139536,0.0011953511442444064,0.06644684285453985,0.044400228128849445,0.37543610323059823,kp_vy_oracle_vym3_s000@c3aaea0+dirty
833,445,0.38737911570791456,0.4037586211229469,-0.07511172682796596,0.002604711435396237,0.0011744195654406753,0.06644166857116264,0.042815937482070306,0.3850056814959713,kp_vy_oracle_vym3_s000@c3aaea0+dirty
834,445,0.38647932370448673,0.40111254326221535,-0.012114018000021112,0.002694776531216212,0.0012127932255554387,0.06635521965903762,0.04458265477859296,0.3838992765608842,kp_vy_oracle_vym3_s000@c3aaea0+dirty
835,445,0.3864271350417545,0.40396004859233425,-0.05725536733967501,0.0027094974037698842,0.0012535614381637202,0.0665164646865934,0.04498713035388521,0.3837995424685925,kp_vy_oracle_vym3_s000@c3aaea0+dirty
836,446,0.3891531706902544,0.4092238735946457,-0.004607331455606663,0.002746603763456822,0.0012808717362132937,0.066594332373415,0.04578887750292217,0.3864499565989116,kp_vy_oracle_vym3_s000@c3aaea0+dirty
837,446,0.39816431383705786,0.42049594879942354,-0.009666097648771604,0.002869265407416538,0.0013282191418305736,0.06628251045310342,0.04818355922232549,0.3952381123247147,kp_vy_oracle_vym3_s000@c3aaea0+dirty
838,446,0.3858032699394382,0.4029071603460152,-0.014880788159770168,0.002804292142884636,0.0012474610215546412,0.06643539819631185,0.04672665753047942,0.38296316085492127,kp_vy_oracle_vym3_s000@c3aaea0+dirty
839,446,0.39074883654618053,0.4125755998248345,-0.05438659535778943,0.002775947405314828,0.0012696354710665027,0.06642810291433254,0.04627363706691086,0.3879992316677876,kp_vy_oracle_vym3_s000@c3aaea0+dirty
840,445,0.38971267061335924,0.41214617977221835,-0.045091947927309826,0.0027943590336822993,0.0012484127921524306,0.0663209641714078,0.04654998744542202,0.3869225559532911,kp_vy_oracle_vym3_s000@c3aaea0+dirty
841,445,0.3856580660976944,0.40530821263478367,-0.13448460865138195,0.0027298266612156433,0.0012223293202929602,0.06641266621481408,0.04523906029087756,0.3829955239558446,kp_vy_oracle_vym3_s000@c3aaea0+dirty
842,445,0.38681260983031385,0.407108348636778,-0.26216109895286377,0.002647902589058451,0.0012053103436527705,0.06655740655366794,0.04363324410755018,0.38434377207441456,kp_vy_oracle_vym3_s000@c3aaea0+dirty
843,446,0.3906811262072509,0.4121391101709535,-0.18294920876921217,0.0027110280411374713,0.0012223738931018962,0.06643538007874031,0.044915754746637115,0.38809060456303995,kp_vy_oracle_vym3_s000@c3aaea0+dirty
844,447,0.38905740304297604,0.4095514325017059,-0.24980858716550122,0.0027000646367083365,0.001231475407836303,0.0665252618099561,0.04469344898821888,0.38648176991946487,kp_vy_oracle_vym3_s000@c3aaea0+dirty
845,447,0.38572938779759364,0.40598068642587826,-0.17534800338981163,0.00278657456617227,0.0012679297148664554,0.06655639605140126,0.0463991338237233,0.3829285585995312,kp_vy_oracle_vym3_s000@c3aaea0+dirty
846,448,0.39570354659746476,0.4130933203653009,-0.15428376760220197,0.0028379031035342703,0.001299617790658077,0.06636894292012176,0.04746963935568303,0.3928459368878,kp_vy_oracle_vym3_s000@c3aaea0+dirty
847,450,0.38597089777932025,0.4008164516175686,-0.1157726217263714,0.0028529428602714073,0.0013063148322818288,0.06646129664305829,0.047791993087207336,0.38300059964617134,kp_vy_oracle_vym3_s000@c3aaea0+dirty
848,454,0.37925520695924464,0.3948518003250844,-0.02542877691105898,0.0029845803615146257,0.001333269488687681,0.06648137064137125,0.05059452866581636,0.37586527596305486,kp_vy_oracle_vym3_s000@c3aaea0+dirty
849,454,0.3920439946288899,0.40957338674355526,-0.22912498872217146,0.0030553886255305232,0.001391386962616194,0.06632780815873936,0.05223290774138827,0.3885488605998693,kp_vy_oracle_vym3_s000@c3aaea0+dirty
850,455,0.38193008781819987,0.3970404849859493,-0.18288455430514608,0.003124281949957458,0.0014059172916715394,0.06655890405693335,0.05356092514574358,0.37815581349273203,kp_vy_oracle_vym3_s000@c3aaea0+dirty
851,455,0.38348977506523335,0.3980629801935976,-0.23953211756377776,0.0031067312011799743,0.0013929627868320587,0.06648654520754915,0.05315753685157869,0.37978768260102425,kp_vy_oracle_vym3_s000@c3aaea0+dirty
852,455,0.3843748936763865,0.3994066131514103,-0.23758848228263174,0.003120015045067269,0.00142121937381561,0.0664502085886661,0.0536404510123646,0.38061366358017623,kp_vy_oracle_vym3_s000@c3aaea0+dirty
853,454,0.38184241907701455,0.3986849551043101,-0.270126485424813,0.0030968018153124323,0.0014190470555729012,0.06653576050033544,0.053205228193479726,0.3781174906024134,kp_vy_oracle_vym3_s000@c3aaea0+dirty
854,455,0.3949887972401909,0.41081492148507015,-0.15949566938126444,0.0030788081975225826,0.0013999288259702624,0.0662848306019246,0.05261681322886755,0.39146854396093067,kp_vy_oracle_vym3_s000@c3aaea0+dirty
855,454,0.39699271609733294,0.41345860468600737,-0.1360505730124658,0.003092168601600344,0.0014181459098834759,0.06615968365078188,0.05294226635047086,0.39344673472785796,kp_vy_oracle_vym3_s000@c3aaea0+dirty
856,453,0.3948373493403943,0.41341950861649507,-0.03671833212813297,0.0030924440735083996,0.0014323413828076326,0.06621129891061558,0.05294768455845331,0.39127110183867025,kp_vy_oracle_vym3_s000@c3aaea0+dirty
857,453,0.3979640142831069,0.41497018312524153,-0.10143203080790136,0.0030390064761695967,0.001404128074096588,0.06605234527286313,0.051729983551473006,0.39458758909282643,kp_vy_oracle_vym3_s000@c3aaea0+dirty
858,453,0.39973255087826554,0.41535214518741703,-0.10978966276112281,0.003041066651353974,0.0014274940412831358,0.0663716496776045,0.05172637775485644,0.39637166154507947,kp_vy_oracle_vym3_s000@c3aaea0+dirty
859,452,0.40979919994588077,0.4261761339819012,-0.020829929598474545,0.002990013310043398,0.001400597607390957,0.06627256069344621,0.05063663789177549,0.40665872077123977,kp_vy_oracle_vym3_s000@c3aaea0+dirty
860,451,0.4210527828368136,0.4401995165855274,-0.0651111381621114,0.002945126590299642,0.0013954556485228661,0.06611263299164541,0.049722772477824896,0.41810655559527327,kp_vy_oracle_vym3_s000@c3aaea0+dirty
861,451,0.4154511773366962,0.43282900578457933,-0.13726010718154782,0.0030651906744513253,0.0014398775265412071,0.06634178012078357,0.052385531485505635,0.4121352166964479,kp_vy_oracle_vym3_s000@c3aaea0+dirty
862,449,0.400904640423225,0.4200810148317121,-0.11988604844822687,0.0030759969889254638,0.001416529944566406,0.06638330404818023,0.05256631560597557,0.39744347167426,kp_vy_oracle_vym3_s000@c3aaea0+dirty
863,452,0.40034190773204287,0.41762601953446377,0.03900871220522931,0.0030940165778936845,0.0014163433855167865,0.06646357538988186,0.052929452367281415,0.39682756476665176,kp_vy_oracle_vym3_s000@c3aaea0+dirty
864,452,0.4072255480083667,0.4194152213606739,0.018147577646631944,0.003157247629145355,0.0014362795023449828,0.06625352845834602,0.054217517046373696,0.4036001830971348,kp_vy_oracle_vym3_s000@c3aaea0+dirty
865,454,0.3971451294025329,0.4102082427304481,-0.04923744802823299,0.003089088802869761,0.0014348711672372257,0.06640718889178497,0.05287187223003911,0.3936099832766504,kp_vy_oracle_vym3_s000@c3aaea0+dirty
866,452,0.3948657343537077,0.41585648773584055,0.09094275574456881,0.0030054467107122093,0.001374328289315792,0.06630650696880193,0.05106713204736256,0.3915496088507178,kp_vy_oracle_vym3_s000@c3aaea0+dirty
867,452,0.3991925854873611,0.41726178461626057,0.05019871858141783,0.0030788351776559614,0.0013862886871451126,0.06613054404139444,0.05246640891461848,0.3957297009875404,kp_vy_oracle_vym3_s000@c3aaea0+dirty
868,452,0.3990880273950675,0.4171310171965564,0.03158518882793421,0.0030370231843067272,0.001390186213391038,0.06613512693009711,0.051632345721339616,0.39573394406519924,kp_vy_oracle_vym3_s000@c3aaea0+dirty
869,452,0.40894970184212986,0.4246769680916705,0.0687393458700307,0.0031118754512704976,0.0014139313924068648,0.06612663103775239,0.053027714360488226,0.40549712717412606,kp_vy_oracle_vym3_s000@c3aaea0+dirty
870,451,0.406341137678165,0.4221826410190992,0.01921941778197897,0.0031431921725508893,0.0014300512741579272,0.0662688102077734,0.05371341117706322,0.4027753587662845,kp_vy_oracle_vym3_s000@c3aaea0+dirty
871,451,0.41861773654384815,0.4357666392508016,0.00749727635629184,0.0031712775635623636,0.0014839314402378988,0.06621594926095388,0.05443871170434177,0.415062930188985,kp_vy_oracle_vym3_s000@c3aaea0+dirty
872,452,0.4097805849988309,0.4266804702363257,-0.08159417809482997,0.003189199494981274,0.0014749709683343313,0.06618137603013713,0.05490556050502324,0.4060855910613098,kp_vy_oracle_vym3_s000@c3aaea0+dirty
873,453,0.40871621149133264,0.4266186309135739,-0.007574745767415181,0.003129856391735977,0.0014655686499566417,0.06624071439405775,0.053652852323649546,0.40517935901692276,kp_vy_oracle_vym3_s000@c3aaea0+dirty
874,452,0.41849412352250515,0.43544846774004575,-0.05186189848913954,0.0031203571672832717,0.0014179887080741698,0.06604656139610847,0.05335468070711583,0.41507904002672974,kp_vy_oracle_vym3_s000@c3aaea0+dirty
875,452,0.4129993182511986,0.43076430630699,-0.07970444836117437,0.003136484120506003,0.001422326790182776,0.06612367631920028,0.05375969039179864,0.40948544853869084,kp_vy_oracle_vym3_s000@c3aaea0+dirty
876,452,0.3996622410725242,0.42233057298415505,-0.12427195192500931,0.002968736267247809,0.0013502054309062258,0.06616567118562643,0.05026591284059416,0.39648864415694707,kp_vy_oracle_vym3_s000@c3aaea0+dirty
877,452,0.3908014566615957,0.41206432682878424,-0.14472857646411133,0.002902930606212258,0.001304610071105217,0.06614049617689349,0.04890178501791934,0.38772979502597715,kp_vy_oracle_vym3_s000@c3aaea0+dirty
878,452,0.40003139102163787,0.4223781992113694,-0.14322413654029642,0.0029415048071492074,0.0013193078884997827,0.06602859435351856,0.049758731372365805,0.3969246558919202,kp_vy_oracle_vym3_s000@c3aaea0+dirty
879,451,0.3922854444361951,0.41501830757586355,-0.096411538209578,0.0029615707536440675,0.0013490429245946952,0.06607407556289453,0.05018732047240331,0.38906182385361765,kp_vy_oracle_vym3_s000@c3aaea0+dirty
880,452,0.4003340782042162,0.4226772639320007,-0.061316795161300175,0.003022563633162952,0.0013777003907252,0.06616752150808046,0.05151523034232919,0.3970057370043867,kp_vy_oracle_vym3_s000@c3aaea0+dirty
881,452,0.3986819862830016,0.4198177451407088,-0.11953945925512287,0.0029106665480879003,0.0013553072064069619,0.06619825818790773,0.04924814867721007,0.3956285455303079,kp_vy_oracle_vym3_s000@c3aaea0+dirty
882,452,0.39245115389525437,0.41343363574391595,-0.13282109297629618,0.0029558643456549794,0.001395213089001129,0.06638386816322697,0.050225908481882894,0.38922392823525914,kp_vy_oracle_vym3_s000@c3aaea0+dirty
883,450,0.4066019289647047,0.4251538909682735,-0.18765122378492605,0.002952203158480894,0.001384904646155426,0.0661311848787071,0.05003146084478699,0.40351205875853985,kp_vy_oracle_vym3_s000@c3aaea0+dirty
884,449,0.39948497027583485,0.4195362551940583,-0.23837402123092777,0.003085067836480311,0.0014507539465095616,0.06634552341673244,0.05293743927572402,0.39596195397943684,kp_vy_oracle_vym3_s000@c3aaea0+dirty
885,449,0.412748154890601,0.42957571687471807,-0.11183862198612324,0.003142139694341052,0.0014375100154941968,0.06618132016399121,0.05408506054121205,0.4091892540033878,kp_vy_oracle_vym3_s000@c3aaea0+dirty
886,448,0.41267154788816307,0.43298064272907244,-0.08703757646934057,0.003180049507502058,0.0014677514191270085,0.0661646480895287,0.05503665703290547,0.4089850520728781,kp_vy_oracle_vym3_s000@c3aaea0+dirty
887,447,0.39934772779557237,0.41830474642694127,-0.208120631456499,0.003087821878061964,0.0014344100260415711,0.06620143349800459,0.05312408071843887,0.39579848375569526,kp_vy_oracle_vym3_s000@c3aaea0+dirty
888,448,0.4000383252695494,0.418263717187452,-0.23666247931036977,0.00311169885326769,0.0014349977140512109,0.06630795185307252,0.05360722946281819,0.39643022921289256,kp_vy_oracle_vym3_s000@c3aaea0+dirty
889,449,0.3921009799376155,0.41032166259810127,-0.18324382842747333,0.003113865920278573,0.001449244797619239,0.06639145258585766,0.053706776844072227,0.38840540751778857,kp_vy_oracle_vym3_s000@c3aaea0+dirty
890,449,0.39865786555720883,0.4169639527666604,-0.265824253534191,0.003188246225991379,0.001456410227090299,0.06613869544644736,0.05526163145466614,0.39480912585653116,kp_vy_oracle_vym3_s000@c3aaea0+dirty
891,450,0.4097249382246334,0.4249679660909629,-0.2974002600342315,0.003157260723163031,0.0014456812598290822,0.0662750546740392,0.054662969484944354,0.4060621686026263,kp_vy_oracle_vym3_s000@c3aaea0+dirty
892,451,0.39991181439699297,0.4125947091510716,-0.20877584452709996,0.003228310271802135,0.0014485658890850373,0.06619453342473328,0.05603416562636586,0.3959667051367475,kp_vy_oracle_vym3_s000@c3aaea0+dirty
893,451,0.4033107791966465,0.4159120150977725,-0.11028060603391439,0.003230713521751452,0.0014248452050259883,0.06615658401091974,0.05607679013444158,0.39939326261771607,kp_vy_oracle_vym3_s000@c3aaea0+dirty
894,451,0.3953512713265957,0.4072020538627243,-0.023248489697507785,0.0032679737670644297,0.0014014502259123804,0.06603357541007084,0.0566666785410687,0.39126910852082186,kp_vy_oracle_vym3_s000@c3aaea0+dirty
895,451,0.39758562662109165,0.40959010886701597,0.029781063695061512,0.003395198067420792,0.0014733148098632044,0.0661712673019593,0.05959453891557871,0.39309390917072945,kp_vy_oracle_vym3_s000@c3aaea0+dirty
896,453,0.40407162865847523,0.415315185631712,0.06361083039407403,0.0034246611969764454,0.0014669088111420776,0.06607284504338405,0.06018883026357191,0.3995637443490283,kp_vy_oracle_vym3_s000@c3aaea0+dirty
897,449,0.4136135597803074,0.42601493652771155,0.11177734446772673,0.0034277063787595445,0.00145725465188204,0.06605589838056088,0.06022306421146955,0.40920576654186963,kp_vy_oracle_vym3_s000@c3aaea0+dirty
898,449,0.39796410826765327,0.41158069972864875,0.11988484207175636,0.003223181060341925,0.001383223477614556,0.06597938466448322,0.0557386411744745,0.39404141324141506,kp_vy_oracle_vym3_s000@c3aaea0+dirty
