month,n,sr_max,sr_max_code,rf,mean_mu,sd_mu,mean_idio_sd,sr_ew,sr_orth,prov
414,439,0.3846838425658125,0.40373988595644184,-0.009845761455037419,0.0028893628315875683,0.0013770920655579132,0.06660173763531364,0.04865506189047142,0.381594475436468,kp_vy_oracle_vym3_s001@c3aaea0+dirty
415,439,0.376306574266239,0.398834980557253,-0.07533360841939345,0.0029530840141388094,0.0014218304522942988,0.06672641360880616,0.05002689121525119,0.37296641670709424,kp_vy_oracle_vym3_s001@c3aaea0+dirty
416,438,0.3804165415873083,0.4066737062766797,-0.017140762476977878,0.002964226620242925,0.0013941765420560366,0.0665752570998145,0.05009037744575485,0.37710436115297064,kp_vy_oracle_vym3_s001@c3aaea0+dirty
417,438,0.37852005268272165,0.4076044466809643,-0.0048524905917049724,0.002877801867324108,0.0013643612877029334,0.06677426398071953,0.04816379442979358,0.37544331022013827,kp_vy_oracle_vym3_s001@c3aaea0+dirty
418,438,0.38535552675937434,0.4106015241993504,0.023904981447396754,0.002940182743364996,0.0013912598791983204,0.06671426587039285,0.049425105325605984,0.3821727894127834,kp_vy_oracle_vym3_s001@c3aaea0+dirty
419,437,0.38854363184347346,0.41316030791217606,-0.005619033590177767,0.002909455257643236,0.001405094925299815,0.06670313360629107,0.0488464889629698,0.38546098941670753,kp_vy_oracle_vym3_s001@c3aaea0+dirty
420,438,0.37984816225389273,0.4025023947085076,0.018514090695474147,0.0030075629417405476,0.001408586055400525,0.06693753642515406,0.05090348824154709,0.3764219191977299,kp_vy_oracle_vym3_s001@c3aaea0+dirty
421,439,0.38740625332701456,0.40890430811562056,0.015336496410814925,0.0031455418917727975,0.0014858638390690601,0.06698234971924677,0.053721722359043475,0.38366337023965796,kp_vy_oracle_vym3_s001@c3aaea0+dirty
422,438,0.3813047457659898,0.40293189218172343,0.010027047729324879,0.0031003540701698778,0.001458584978711627,0.06690618049999561,0.0527872311130961,0.3776331783292865,kp_vy_oracle_vym3_s001@c3aaea0+dirty
423,437,0.38342077274279934,0.4030598849864127,-0.01859321367450535,0.003045260221241042,0.0014392188324474633,0.06667522419833594,0.051698267958689544,0.37991943627663605,kp_vy_oracle_vym3_s001@c3aaea0+dirty
424,440,0.391482955102949,0.4128873231412736,0.053232390997069126,0.003114531025061145,0.0014772683063142631,0.06666379409690724,0.053212743763486135,0.38784959460762514,kp_vy_oracle_vym3_s001@c3aaea0+dirty
425,440,0.3944303850900585,0.41500560166627076,-0.002714054198753847,0.003187407804500922,0.0014950717288633316,0.06658141264623656,0.05486945793198449,0.3905952780929924,kp_vy_oracle_vym3_s001@c3aaea0+dirty
426,438,0.38693384434017075,0.40772087590318995,0.040060242219364446,0.003087712430156431,0.0014714280887603427,0.06659618884427096,0.05282288180641448,0.3833112874068921,kp_vy_oracle_vym3_s001@c3aaea0+dirty
427,439,0.3936205705358935,0.41503067142041705,-0.002219162765429425,0.0032308030840872415,0.0015616764332020971,0.06683638864827442,0.05597535916686166,0.38962021599904584,kp_vy_oracle_vym3_s001@c3aaea0+dirty
428,438,0.39373298549993385,0.41430204751532235,0.06637384885360392,0.0032688417766710974,0.0015795719681196974,0.066947800882241,0.056858129245477784,0.3896059766089268,kp_vy_oracle_vym3_s001@c3aaea0+dirty
429,438,0.40905512152013546,0.4305815786939054,0.02969247955696542,0.0033976143413485147,0.0016290316379496436,0.0667718472696666,0.05970739989004983,0.40467408965761875,kp_vy_oracle_vym3_s001@c3aaea0+dirty
430,439,0.4064167901504103,0.4279594662742941,0.026253489414331543,0.003210867705377005,0.0015762308139452331,0.06671108782147962,0.05551192894427429,0.40260779061146906,kp_vy_oracle_vym3_s001@c3aaea0+dirty
431,439,0.39833098168285214,0.41528328784805313,0.12903656103691086,0.003067636606601694,0.0015203527959963348,0.06675069427289608,0.05240925040098969,0.39486813171086754,kp_vy_oracle_vym3_s001@c3aaea0+dirty
432,439,0.40079572835567706,0.4164899794877776,0.13746949111711024,0.0029567653610813186,0.0014856939299768954,0.06665419085304428,0.050034465200468774,0.3976603678520915,kp_vy_oracle_vym3_s001@c3aaea0+dirty
433,442,0.4021321597916489,0.41443820382248003,0.1187545876238511,0.002865435451947991,0.0014368406660136609,0.06678189183633802,0.04811363334381929,0.3992434748685979,kp_vy_oracle_vym3_s001@c3aaea0+dirty
434,443,0.40308177802324663,0.4159588586143426,0.14570969517667756,0.002853604818903518,0.0014638778128802828,0.06680948578322404,0.047913311123093646,0.4002239802805468,kp_vy_oracle_vym3_s001@c3aaea0+dirty
435,443,0.40803759977319054,0.4238111552383576,0.09177229529395911,0.0028153489197717705,0.0014586725997710092,0.06667605042011526,0.047104644327646904,0.4053095549224473,kp_vy_oracle_vym3_s001@c3aaea0+dirty
436,442,0.39593555698022126,0.4088889753084143,0.037434482191989575,0.002815270705658288,0.0014363947751509668,0.066758231466876,0.04704582621356767,0.3931305832889637,kp_vy_oracle_vym3_s001@c3aaea0+dirty
437,442,0.4028506230481459,0.4166418512178107,0.0828820958060793,0.0026740423897052452,0.0013836171718193736,0.06684262733492584,0.04420212871909514,0.40041827668948865,kp_vy_oracle_vym3_s001@c3aaea0+dirty
438,442,0.39813583480369047,0.41242399906886346,-0.03286495474775404,0.002728291684000658,0.0013923346746160152,0.06680922987821064,0.04520324483851872,0.39556138538904484,kp_vy_oracle_vym3_s001@c3aaea0+dirty
439,442,0.3937298135755849,0.40719583065874204,-0.11750942012638688,0.002856417362319169,0.001453037296446491,0.06678263514676168,0.04785094521744612,0.3908112756050698,kp_vy_oracle_vym3_s001@c3aaea0+dirty
440,443,0.39221440549763315,0.40408938016393314,-0.10881142849363208,0.00273487105916624,0.0013702157704913534,0.06678969818605494,0.04534106831886863,0.3895848141336691,kp_vy_oracle_vym3_s001@c3aaea0+dirty
441,442,0.39396882584678233,0.407512470848659,-0.04589832982438676,0.0026559839881956913,0.0013420492064447097,0.06691633247166524,0.0438493473611829,0.3915209706709088,kp_vy_oracle_vym3_s001@c3aaea0+dirty
442,441,0.39252448384548383,0.4067162167312978,0.058355217361468883,0.0027980520431491736,0.0014123834548809583,0.06690431117367504,0.04676599718782385,0.3897286388311641,kp_vy_oracle_vym3_s001@c3aaea0+dirty
443,442,0.38680177006493227,0.4002177367122298,0.07101650614979481,0.0027737079327301898,0.0014274051044712646,0.06698327538095379,0.0463612081916954,0.3840133431280364,kp_vy_oracle_vym3_s001@c3aaea0+dirty
444,442,0.3892380164259431,0.40231400455125893,0.043902360158729184,0.0026901643151747544,0.001378527482401022,0.06693936383570384,0.044643795074022406,0.3866693225387701,kp_vy_oracle_vym3_s001@c3aaea0+dirty
445,443,0.3959316890738575,0.4119896414174945,-0.0010966807473923937,0.0026675538508305887,0.001351486872403765,0.06670609053559633,0.04415037051391088,0.3934623834578881,kp_vy_oracle_vym3_s001@c3aaea0+dirty
446,442,0.40009081622287146,0.41923533428531945,-0.007845458747864967,0.0026380640152291334,0.0013507805146643688,0.06673551091471543,0.04364564705548204,0.3977030534443906,kp_vy_oracle_vym3_s001@c3aaea0+dirty
447,443,0.4069465131930383,0.4233155577494749,-0.015225577761952462,0.002629355140668936,0.0013752260456450522,0.06689195660233573,0.04360729256456233,0.4046033472861543,kp_vy_oracle_vym3_s001@c3aaea0+dirty
448,442,0.3997512329758595,0.41529153264466956,-0.07137716666841357,0.0025478551159379506,0.0013468843071505528,0.06716312979313596,0.04205769777072736,0.39753263806126166,kp_vy_oracle_vym3_s001@c3aaea0+dirty
449,442,0.4184250885253728,0.4380474128562854,-0.08643312391893308,0.0025027654829786815,0.0013436497276462362,0.06702315051433666,0.04129791206592737,0.4163820807461111,kp_vy_oracle_vym3_s001@c3aaea0+dirty
450,442,0.4150219356258867,0.432697195241952,-0.09580854673579389,0.0024603958311885717,0.001315706752576502,0.06712642954237868,0.04036964826504433,0.41305386882295897,kp_vy_oracle_vym3_s001@c3aaea0+dirty
451,441,0.415022598531223,0.43299854028616325,-0.006579192818697718,0.002490900115058974,0.0013510364242818162,0.06727507423021482,0.04107404233703181,0.412985084885283,kp_vy_oracle_vym3_s001@c3aaea0+dirty
452,441,0.42184396562410414,0.44441307952508957,-0.039304585867753476,0.0024778020843251956,0.001352086239592655,0.06706400644245297,0.04094352288435124,0.4198523064927582,kp_vy_oracle_vym3_s001@c3aaea0+dirty
453,441,0.4371863194787848,0.4596889501021545,0.011319091385100191,0.0025079788823367836,0.0013578570357034973,0.06704651159997006,0.0414862334946285,0.43521347677873584,kp_vy_oracle_vym3_s001@c3aaea0+dirty
454,441,0.4225105912167657,0.44071845444531726,0.11101298029859265,0.0024855892889824958,0.0013503333985316634,0.06723754565878708,0.04110055929901264,0.42050677011868576,kp_vy_oracle_vym3_s001@c3aaea0+dirty
455,440,0.4247771372437416,0.446993208115216,0.012299442790864673,0.0025296107136417206,0.0013947622908618885,0.06720832535726755,0.04210487228153221,0.4226852210039338,kp_vy_oracle_vym3_s001@c3aaea0+dirty
456,440,0.3969600312571236,0.41319596969959455,0.12285493546177287,0.0025350432639869437,0.0013116207875893831,0.06708457016924979,0.042029913263460054,0.39472870785733655,kp_vy_oracle_vym3_s001@c3aaea0+dirty
457,439,0.422339888814385,0.4419560185998621,0.14020883019152736,0.002516348134248813,0.0013422651118913385,0.06713105663316854,0.041772717884270893,0.42026898734537643,kp_vy_oracle_vym3_s001@c3aaea0+dirty
458,440,0.4211719838999193,0.44226203843560047,0.13952349720278942,0.0025564988257717708,0.0013794796866879197,0.06731659864748303,0.04254132101354258,0.4190179901013996,kp_vy_oracle_vym3_s001@c3aaea0+dirty
459,441,0.4207481716421791,0.43902647877723733,0.10617744049889723,0.002417437122459679,0.0013016131886579001,0.06741688542389507,0.0397400253668142,0.4188672275603351,kp_vy_oracle_vym3_s001@c3aaea0+dirty
460,440,0.4122487308108293,0.43017972369115004,0.06146557091147779,0.002360457371768678,0.0012614364660385,0.06744853515570316,0.038565650269438624,0.4104408686698182,kp_vy_oracle_vym3_s001@c3aaea0+dirty
461,441,0.4099581864534436,0.42680854924195444,0.13600590497169443,0.0024154355079085326,0.0013147666801527945,0.06763331736942915,0.039695958069041644,0.4080317947821926,kp_vy_oracle_vym3_s001@c3aaea0+dirty
462,439,0.41861601372277435,0.43775516577257956,0.14972019370451525,0.0024025162077905703,0.00129051857404486,0.06729292243482339,0.03939431308433447,0.4167582693141906,kp_vy_oracle_vym3_s001@c3aaea0+dirty
463,439,0.4124252784307361,0.42978343017259185,0.13558804218734857,0.0024294199483076945,0.0012899781333072732,0.06746614609756459,0.03982764675077502,0.4104977086939289,kp_vy_oracle_vym3_s001@c3aaea0+dirty
464,438,0.4082187808736557,0.4234792370921218,0.1914533844632012,0.00239015098043657,0.00122997966901564,0.06722574578644383,0.03890938748069011,0.4063602251990852,kp_vy_oracle_vym3_s001@c3aaea0+dirty
465,439,0.4153646096046281,0.4289648377862892,0.17693554701169942,0.002411967543665864,0.0012489805065024923,0.06713124162078152,0.03936174036065941,0.41349535947551475,kp_vy_oracle_vym3_s001@c3aaea0+dirty
466,439,0.4336995136869972,0.4471562068304921,0.19480050178675487,0.0023592631667124246,0.0012526819319291164,0.06723205191208133,0.038360347093026964,0.43199971289717354,kp_vy_oracle_vym3_s001@c3aaea0+dirty
467,440,0.43800076331511906,0.4532970243411421,0.10064556601298771,0.0023554609255585237,0.0013136104373554676,0.06743441969312852,0.03842456924056874,0.43631206852813925,kp_vy_oracle_vym3_s001@c3aaea0+dirty
468,438,0.4278861145465736,0.44163484934586533,0.0979695919062739,0.002420179049604468,0.001331919103847119,0.06744665866757489,0.0396676476937539,0.4260434305891921,kp_vy_oracle_vym3_s001@c3aaea0+dirty
469,438,0.43742643721679547,0.4513781667164889,0.022770701244937894,0.0024689473292031656,0.0013519799624869746,0.06737402682144625,0.04068746164418764,0.43553004309821364,kp_vy_oracle_vym3_s001@c3aaea0+dirty
470,440,0.45502545358995444,0.4715520118298269,-0.01576353397789424,0.002453027653792454,0.0014081666133430593,0.06738284742261645,0.04053169925204747,0.45321666426830043,kp_vy_oracle_vym3_s001@c3aaea0+dirty
471,438,0.4484734311701975,0.46664541847070073,0.03426325396758868,0.0024071996136741406,0.0013590125798116721,0.06752351121483526,0.03950685750335906,0.4467299258789131,kp_vy_oracle_vym3_s001@c3aaea0+dirty
472,439,0.44829550643858596,0.4655574049861244,0.08617834786417618,0.0023968262357253736,0.0013407393177859881,0.06753195611293154,0.03931396007101145,0.4465683303107859,kp_vy_oracle_vym3_s001@c3aaea0+dirty
473,441,0.4130690284071932,0.4277935491642309,-0.12697751690261072,0.002425501128269027,0.0013006782266963576,0.06752441439499063,0.03978816594695962,0.41114829937607644,kp_vy_oracle_vym3_s001@c3aaea0+dirty
474,440,0.42403842597519875,0.4389520989938199,-0.07076315599836552,0.0024955649541735813,0.0013213046162995428,0.06736719636692005,0.04104647401344732,0.42204712257588906,kp_vy_oracle_vym3_s001@c3aaea0+dirty
475,440,0.40133997838925944,0.4149471627261599,-0.10105928666616186,0.0025421633192965424,0.00130113131693876,0.06760260627071255,0.04189378055131434,0.3991474532107271,kp_vy_oracle_vym3_s001@c3aaea0+dirty
476,441,0.41086157298653897,0.4258576005303089,-0.14712700113431754,0.0025927394100843633,0.0013118409596303254,0.06745330256962129,0.04289805941311606,0.40861594273297985,kp_vy_oracle_vym3_s001@c3aaea0+dirty
477,442,0.39676053404570877,0.4109486543312435,-0.09058746267388847,0.0025107730782260263,0.0012543196502120303,0.06757023500474352,0.04122648746693857,0.39461284584688117,kp_vy_oracle_vym3_s001@c3aaea0+dirty
478,443,0.4132681612108702,0.42714329871259327,-0.008827824584557747,0.00260644522250235,0.0013039068286740296,0.06730057233626985,0.04313829895080827,0.4110105354297436,kp_vy_oracle_vym3_s001@c3aaea0+dirty
479,441,0.4253636614364768,0.44234588839316263,0.12166639739519804,0.0026830605162970872,0.0013599326593733976,0.06708388248077825,0.04462765116164667,0.4230160957013811,kp_vy_oracle_vym3_s001@c3aaea0+dirty
480,441,0.413509424541334,0.4283325004142951,0.18627864216648038,0.002732564763963158,0.0013495738770943223,0.067113362273016,0.0454817211511251,0.4110005562351911,kp_vy_oracle_vym3_s001@c3aaea0+dirty
481,442,0.4085275070401818,0.4226957469270902,0.15945621879171998,0.002692773260127785,0.0013805827578783688,0.06724685701351558,0.0447847163705593,0.40606533118215643,kp_vy_oracle_vym3_s001@c3aaea0+dirty
482,441,0.40352693572285636,0.41650894343157757,0.11233700473710204,0.002742046643434981,0.0013654826705996259,0.0671102938992216,0.04570160264470886,0.4009306066759975,kp_vy_oracle_vym3_s001@c3aaea0+dirty
483,443,0.40276953465037946,0.41721245648661565,0.05118183592283766,0.002678640184412123,0.0013628358742717394,0.06726134797873233,0.04458938730284018,0.40029374786828803,kp_vy_oracle_vym3_s001@c3aaea0+dirty
484,444,0.3999826264649475,0.4111134420724606,0.01141338543065349,0.002651055356356801,0.0013191576638178816,0.06725081120551218,0.04384332036524961,0.3975724647572412,kp_vy_oracle_vym3_s001@c3aaea0+dirty
485,443,0.41326023247207166,0.4277998690840501,-0.033225183632679484,0.002642359339566697,0.0013568542919415083,0.06732697332381238,0.04383314640065695,0.4109290389099915,kp_vy_oracle_vym3_s001@c3aaea0+dirty
486,442,0.4075669447405691,0.4220309078447589,0.002191516604154231,0.00256988727402699,0.0013103374510299623,0.06733582707425793,0.04240738199449828,0.4053546945547008,kp_vy_oracle_vym3_s001@c3aaea0+dirty
487,441,0.43702571405881385,0.45644377015980125,-0.07522286932619726,0.002587058216805516,0.0013643979239568874,0.06711784353569772,0.04293005427369274,0.4349120430485616,kp_vy_oracle_vym3_s001@c3aaea0+dirty
488,440,0.40604586230048556,0.4215443493049525,-0.10576671457483047,0.0025929025755592966,0.00136061530831009,0.06742441420052862,0.043041635957926594,0.4037581700293013,kp_vy_oracle_vym3_s001@c3aaea0+dirty
489,441,0.44411934193073466,0.46274059033042003,-0.020440989951709607,0.0026505558712885432,0.0014357283171364398,0.06709254861640238,0.04434089664655307,0.4419002995717116,kp_vy_oracle_vym3_s001@c3aaea0+dirty
490,439,0.42547083437092004,0.4484822736013666,-0.004203597242781309,0.0026528572448871112,0.0014266248959788792,0.06727508805356146,0.04440003153845805,0.4231478088087788,kp_vy_oracle_vym3_s001@c3aaea0+dirty
491,441,0.4163181156851137,0.4390403369018689,-0.026537655201100935,0.0026728583726490615,0.0014453046489059454,0.06742568464771323,0.04488267159201264,0.41389167572973395,kp_vy_oracle_vym3_s001@c3aaea0+dirty
492,439,0.4322376254797351,0.45433853086949527,-0.020353053186035818,0.002783175026631876,0.0014811736349613245,0.0670429088742079,0.04702549423121919,0.4296719303988443,kp_vy_oracle_vym3_s001@c3aaea0+dirty
493,438,0.41599424757363374,0.4387725849080226,0.05965501386823339,0.002802119239968694,0.0015049755319000812,0.06719167428633278,0.047524262790694216,0.4132706842501107,kp_vy_oracle_vym3_s001@c3aaea0+dirty
494,441,0.4263458147122566,0.45122070513347234,0.06059767424635532,0.0028659044207525867,0.001547973336104352,0.06749221395795102,0.04889307533818015,0.4235330222150722,kp_vy_oracle_vym3_s001@c3aaea0+dirty
495,441,0.40779325277396244,0.4282778115469536,0.06827135415897657,0.002950295982277311,0.0015638902816706563,0.0673088059324824,0.050495047318599114,0.40465489890060796,kp_vy_oracle_vym3_s001@c3aaea0+dirty
496,440,0.43223410869014567,0.4559301239731645,0.15773111552814417,0.002955125974177284,0.0016118148172453717,0.06736854405080338,0.05085510011762698,0.42923196934430546,kp_vy_oracle_vym3_s001@c3aaea0+dirty
497,440,0.4566769344950739,0.4847664423927161,0.17007321540794626,0.003015999062590878,0.00169159976043239,0.0674539691088066,0.052445910202761355,0.4536554298174132,kp_vy_oracle_vym3_s001@c3aaea0+dirty
498,440,0.40829624522045654,0.4276675751134856,0.2184275135562753,0.003187005740497538,0.0016379293465276213,0.06745874709898797,0.05541841331004154,0.4045177663926772,kp_vy_oracle_vym3_s001@c3aaea0+dirty
499,441,0.42017298132767805,0.4413200798339439,0.21650948865288064,0.0030701181693853336,0.0016639805276333283,0.06766424452744665,0.05337938015231112,0.41676849210604244,kp_vy_oracle_vym3_s001@c3aaea0+dirty
500,440,0.43806141241904606,0.4591278333233735,0.24327282503663505,0.0030766436691560856,0.0016677012191666858,0.06732641100897295,0.053500133286295354,0.4347821716548623,kp_vy_oracle_vym3_s001@c3aaea0+dirty
501,442,0.4372528262139227,0.45625005670550334,0.26308654845581175,0.00314225564822455,0.0016932167396398617,0.06755683523878936,0.05490353448777317,0.433792157528018,kp_vy_oracle_vym3_s001@c3aaea0+dirty
502,442,0.4371549162519402,0.4599789537398943,0.21134108233107973,0.0030312212114499797,0.0016767732293141832,0.06749954709220791,0.05254853381844885,0.4339851061923349,kp_vy_oracle_vym3_s001@c3aaea0+dirty
503,441,0.4267551135200038,0.44667404170739566,0.20972463979375966,0.0031428351464864454,0.0016835964009915638,0.06734246424688685,0.05479392064534377,0.4232228174092024,kp_vy_oracle_vym3_s001@c3aaea0+dirty
504,439,0.43482155571579983,0.45676844649833603,0.17290122291753315,0.0033595678577728974,0.001762216726395576,0.06749313542324577,0.059405082682185986,0.43074449673400483,kp_vy_oracle_vym3_s001@c3aaea0+dirty
505,440,0.4164845879730863,0.4323466555513347,0.21456183228066472,0.003325439231252086,0.0017117956333048273,0.06753806844031532,0.058613854951179004,0.4123394572762515,kp_vy_oracle_vym3_s001@c3aaea0+dirty
506,441,0.4258024379131556,0.4425359259498161,0.1405863519748966,0.003262978719069216,0.0016977179171320295,0.06724619227954733,0.05700519035244452,0.4219693405991344,kp_vy_oracle_vym3_s001@c3aaea0+dirty
507,440,0.4167055586819398,0.4335034985679098,0.12917576390078284,0.003156804810961861,0.0016297245795178425,0.06723882044878775,0.05467564047379109,0.413103010126056,kp_vy_oracle_vym3_s001@c3aaea0+dirty
508,442,0.4057818333490362,0.42011834646970736,0.034195460400507374,0.003005509505117948,0.0015544167166648367,0.06705952250951401,0.05157320969933773,0.4024911183087313,kp_vy_oracle_vym3_s001@c3aaea0+dirty
509,445,0.4241222177231576,0.44028513864570995,-0.004409384225186025,0.0029864694093055034,0.001580433981951858,0.06709622389787465,0.051291597550380756,0.4210092963191422,kp_vy_oracle_vym3_s001@c3aaea0+dirty
510,445,0.4219351642401457,0.43811191842671576,-0.08523703145575606,0.002995156425818249,0.0015569063839574772,0.06709163471309469,0.05156333029077574,0.41877261824489326,kp_vy_oracle_vym3_s001@c3aaea0+dirty
511,445,0.4054584964721941,0.41582680488358204,-0.01907869205589041,0.003047955058913482,0.0015494892572846379,0.06725983083881754,0.05236040961714883,0.40206340279390845,kp_vy_oracle_vym3_s001@c3aaea0+dirty
512,444,0.40760126239019345,0.42011148957968203,-0.03696922339963825,0.002916452335826007,0.001502840471948053,0.06702280728948784,0.049641810617828554,0.40456702750058976,kp_vy_oracle_vym3_s001@c3aaea0+dirty
513,444,0.40677960120047474,0.42119695573914157,0.045301037162796515,0.0028334910677989393,0.0014720774378637594,0.06686515764321234,0.04786921247138185,0.40395319339025776,kp_vy_oracle_vym3_s001@c3aaea0+dirty
514,445,0.424272021889751,0.43873163799083287,-0.030449079485021124,0.002801846826056397,0.0014846745548186852,0.06676939327944446,0.047295319036570596,0.4216276809646709,kp_vy_oracle_vym3_s001@c3aaea0+dirty
515,447,0.4154527929614254,0.4263609577719996,-0.04872531661045122,0.0028116193311653083,0.0014711488138650483,0.06688024933583017,0.047507574190962895,0.41272757791785514,kp_vy_oracle_vym3_s001@c3aaea0+dirty
516,447,0.42457608758130033,0.4376699814271123,-0.06082980033564319,0.0027337541446792487,0.0014755075873746169,0.06691328037613349,0.045942199951304497,0.42208312973806283,kp_vy_oracle_vym3_s001@c3aaea0+dirty
517,445,0.423052964995028,0.4352370344779206,-0.026192681799306776,0.0028593937771834556,0.0015476726560120083,0.06698218797561843,0.048446415981898396,0.42026986088654184,kp_vy_oracle_vym3_s001@c3aaea0+dirty
518,446,0.4300077565832892,0.444628485291182,-0.0711971188221851,0.0028890724408186844,0.0015543191451601165,0.06693460663961452,0.049076435964285445,0.42719805027040647,kp_vy_oracle_vym3_s001@c3aaea0+dirty
519,445,0.42670637539444933,0.4370382209368616,-0.0839234232837318,0.0030074838935089995,0.0015663910258363466,0.06682028654683263,0.05135151422108418,0.42360518503610234,kp_vy_oracle_vym3_s001@c3aaea0+dirty
520,444,0.4354322758518804,0.44635043903114624,-0.02309041444525025,0.0031377319059321617,0.0016005469492726865,0.0668986665872362,0.05417837375829844,0.43204857443400296,kp_vy_oracle_vym3_s001@c3aaea0+dirty
521,444,0.4378285859351293,0.452826048858617,-0.16629667500221942,0.003129177258676465,0.0015770776781666568,0.06662597844718848,0.053908626964603606,0.4344971007967097,kp_vy_oracle_vym3_s001@c3aaea0+dirty
522,444,0.42063375167910777,0.43437919538182823,-0.15633129225694295,0.003145113004520315,0.001591114977599507,0.06713652603897745,0.05434875498868568,0.4171078588121076,kp_vy_oracle_vym3_s001@c3aaea0+dirty
523,442,0.4216959127225861,0.4386425088493641,-0.1188868064202312,0.0032132184313737808,0.0015847136370984321,0.06701462954786461,0.0557191719702869,0.41799858454530747,kp_vy_oracle_vym3_s001@c3aaea0+dirty
524,441,0.41480235887708017,0.429717483567691,-0.09104719310188886,0.003237057023228007,0.00158935603224534,0.06709259977865997,0.05625512267932058,0.4109700209289293,kp_vy_oracle_vym3_s001@c3aaea0+dirty
525,443,0.4200460706139338,0.4343399239745411,-0.09565183983398041,0.0034274079201595457,0.0016373768632279874,0.06718576668028593,0.060444743092537424,0.4156743129791436,kp_vy_oracle_vym3_s001@c3aaea0+dirty
526,443,0.43218998154636096,0.4472257673707333,-0.09349557626837986,0.0035716514775047817,0.0017055442732519474,0.06703544382154332,0.06373842903839379,0.427464142136813,kp_vy_oracle_vym3_s001@c3aaea0+dirty
527,442,0.42071259587570536,0.4370565156070837,-0.005183055115731444,0.0035618615057338974,0.0017016451427766504,0.06702675992375823,0.06354904008622242,0.4158853301483406,kp_vy_oracle_vym3_s001@c3aaea0+dirty
528,442,0.41944723316386884,0.4329248383718776,0.015370537222030002,0.003529402182903214,0.0016647700809886777,0.06698081015849966,0.06255922058422923,0.4147557417670293,kp_vy_oracle_vym3_s001@c3aaea0+dirty
529,441,0.42929598669767366,0.4421749188978439,0.03905479223894244,0.003636853102625036,0.001735475558858707,0.06711560423394967,0.06518822573364205,0.4243177340395154,kp_vy_oracle_vym3_s001@c3aaea0+dirty
530,443,0.4125651036649589,0.42507512604697445,-0.011004930194910258,0.003421478418061733,0.0016451931942516596,0.06693621462123966,0.06041291595576795,0.4081179294613257,kp_vy_oracle_vym3_s001@c3aaea0+dirty
531,443,0.4115190977834454,0.42398349519177986,-0.011724204270487057,0.003351394368370984,0.0016085986224738565,0.06690625421244695,0.05875241104828726,0.40730347658289634,kp_vy_oracle_vym3_s001@c3aaea0+dirty
532,445,0.42600519662174835,0.43633866297670565,0.034176488119133035,0.0034054394251373174,0.0016390042392498846,0.0668405474815438,0.05998865753168201,0.42176034488353814,kp_vy_oracle_vym3_s001@c3aaea0+dirty
533,446,0.422115796821009,0.4388715920315617,0.005371585310646805,0.0033490732869684756,0.0016005319425121645,0.06663660053806764,0.05873479962036504,0.41800953247430966,kp_vy_oracle_vym3_s001@c3aaea0+dirty
534,445,0.41321049850373404,0.4265431692671882,0.03811293455991721,0.0032621027642336367,0.001558185451436728,0.06680684584141991,0.05677064142876202,0.4092920843914176,kp_vy_oracle_vym3_s001@c3aaea0+dirty
535,445,0.4141782098208391,0.4273659586471842,0.1429867091485052,0.003205635183536332,0.0015113544507572275,0.06664643166857712,0.0556000951446868,0.41042931049121817,kp_vy_oracle_vym3_s001@c3aaea0+dirty
536,446,0.41409182688315266,0.4287904902439371,0.22610378156229283,0.0032567234441020615,0.001519874999217112,0.06667025471329815,0.05663804599010161,0.4102001619183615,kp_vy_oracle_vym3_s001@c3aaea0+dirty
537,446,0.4058647810231838,0.4200859075083822,0.1903480575762151,0.0032023697390699147,0.001479018134056099,0.0666233146594431,0.05520290571969988,0.402093098268422,kp_vy_oracle_vym3_s001@c3aaea0+dirty
538,446,0.42313666864884814,0.43537181845558093,0.16952165546680337,0.0033837465887153677,0.0015522156299486386,0.06669616947036854,0.05926433792385655,0.4189658441993715,kp_vy_oracle_vym3_s001@c3aaea0+dirty
539,446,0.41886358225306036,0.4335842126136488,0.07800338032889706,0.0033407700309429187,0.0015818617579703602,0.06669617701241819,0.058720761012275774,0.4147271063772001,kp_vy_oracle_vym3_s001@c3aaea0+dirty
540,447,0.42401816030653583,0.43656697189750354,0.1469974444801821,0.0033422783045660882,0.0015871938747175397,0.0667529666096134,0.05854914023558194,0.4199564244626022,kp_vy_oracle_vym3_s001@c3aaea0+dirty
541,450,0.43037756603970995,0.44246491024026363,0.06849540365856245,0.0033923121157361383,0.0016180058252890763,0.06689743945897937,0.05972478647563605,0.4262133259656537,kp_vy_oracle_vym3_s001@c3aaea0+dirty
542,450,0.42888204776390176,0.4395741360572762,0.030733706179736857,0.003330278930289296,0.0015918951203726748,0.06689565183651974,0.05833243589164271,0.42489662015260266,kp_vy_oracle_vym3_s001@c3aaea0+dirty
543,451,0.42132753839741804,0.4324434924378713,0.01718532092953507,0.003322366519255881,0.0016215098546381549,0.06713865915837791,0.05820543270938431,0.4172876971768292,kp_vy_oracle_vym3_s001@c3aaea0+dirty
544,451,0.4159343280985616,0.42781941340379914,0.100439747257174,0.003255703768211216,0.0015755298789100602,0.06702288023904714,0.05672903750395066,0.41204754773530355,kp_vy_oracle_vym3_s001@c3aaea0+dirty
545,451,0.42020205979790143,0.4298517518914514,0.15131489963669648,0.0033018038449293763,0.0015776159689758927,0.06689075781815869,0.05762539891884353,0.41623200796892507,kp_vy_oracle_vym3_s001@c3aaea0+dirty
546,452,0.4263102584875455,0.4397528729617418,0.08576982698625103,0.003357441182553864,0.0016436336690722067,0.06699420894028194,0.05898396750402332,0.42221005207029616,kp_vy_oracle_vym3_s001@c3aaea0+dirty
547,451,0.4387170088346148,0.45311184786572456,0.1243822316443726,0.0034203877093527037,0.0016264829835972217,0.06694718862146995,0.06031702511874137,0.43455088346661613,kp_vy_oracle_vym3_s001@c3aaea0+dirty
548,452,0.42338788770821034,0.4369721100559652,0.20660766545187684,0.003343938336738068,0.0015695407613861964,0.06685179527197285,0.058415420796448694,0.4193386961290288,kp_vy_oracle_vym3_s001@c3aaea0+dirty
549,453,0.43303284798179714,0.44295382522775706,0.2878632361353631,0.003351815100366276,0.0015644682118327814,0.06678818286571278,0.058594813116034546,0.42905022469068027,kp_vy_oracle_vym3_s001@c3aaea0+dirty
550,456,0.4188868565360127,0.42812498973472113,0.2519872441988035,0.0032778298588482494,0.0015490855951257123,0.06681473243767813,0.05703642932539707,0.41498559530233226,kp_vy_oracle_vym3_s001@c3aaea0+dirty
551,455,0.42230297517219645,0.43256486056791815,0.29348364198859195,0.003266238162469429,0.0015480317377701714,0.06674970128538996,0.056734176715848086,0.41847465398953815,kp_vy_oracle_vym3_s001@c3aaea0+dirty
552,455,0.4204018930398865,0.428679007975746,0.3191701747695267,0.0032031553908025614,0.0014947972821532005,0.06657224133433394,0.05541460653879133,0.4167336956062842,kp_vy_oracle_vym3_s001@c3aaea0+dirty
553,456,0.42810776491637875,0.4380370345640973,0.31218860455309994,0.0032843280904038172,0.0015210874796654933,0.06645734528034393,0.05712685755810306,0.42427913044036664,kp_vy_oracle_vym3_s001@c3aaea0+dirty
554,457,0.42361410054668,0.4312119710533034,0.3756670265382131,0.00330782785884389,0.0015635417010965904,0.06672582170801107,0.057691011576966156,0.419667312719491,kp_vy_oracle_vym3_s001@c3aaea0+dirty
555,457,0.42884614932249604,0.4358569617781399,0.34164816092177164,0.0032010988305090564,0.0015189447832775992,0.066608655261567,0.05531552103482829,0.42526369809963566,kp_vy_oracle_vym3_s001@c3aaea0+dirty
556,456,0.4149621460086486,0.4292302420841558,0.3929345659440169,0.0031749015077127203,0.0015154473227316032,0.06659210306659955,0.05470722440283643,0.41134012959865796,kp_vy_oracle_vym3_s001@c3aaea0+dirty
557,455,0.41764267805495914,0.430065614598876,0.38448693274703233,0.003209910638627453,0.0015227971237728789,0.06649497137991145,0.055558246409925696,0.4139307765662904,kp_vy_oracle_vym3_s001@c3aaea0+dirty
558,456,0.4103154736092147,0.4190128176368178,0.304252827296324,0.0032851314711397563,0.0015491803938772009,0.06655866864152214,0.05716019953757279,0.40631453268616796,kp_vy_oracle_vym3_s001@c3aaea0+dirty
559,456,0.4166826385937806,0.4259833307848524,0.13695465489833558,0.003302304750432615,0.001567212184190765,0.06642767508467498,0.057568495237083475,0.41268667250301777,kp_vy_oracle_vym3_s001@c3aaea0+dirty
560,453,0.4103323774234076,0.4217816231141513,0.13244390129396447,0.0031864642321959985,0.0015278918931955917,0.06648754122907083,0.05513124874714363,0.40661186083724415,kp_vy_oracle_vym3_s001@c3aaea0+dirty
561,453,0.4051970833414327,0.4132775968073787,0.13083926877682167,0.0032481672605496176,0.0015117680720748868,0.06656252481601868,0.056256546214020556,0.40127282160205385,kp_vy_oracle_vym3_s001@c3aaea0+dirty
562,452,0.41379250382912836,0.4223656881586627,0.19554807906334565,0.0032820640453267574,0.0015103419554243706,0.0665796638991482,0.0568461156745637,0.4098691929846562,kp_vy_oracle_vym3_s001@c3aaea0+dirty
563,451,0.39634498354735886,0.40625758226938824,0.16084660478320267,0.0031901728443790027,0.0014669033977826472,0.06650833667735638,0.05490858824365537,0.3925231113198876,kp_vy_oracle_vym3_s001@c3aaea0+dirty
564,452,0.40517053111294754,0.4142959119527933,0.2512087996604749,0.003118138778557801,0.0014188762997744255,0.06616722693228938,0.053341773531883664,0.4016438901300768,kp_vy_oracle_vym3_s001@c3aaea0+dirty
565,452,0.4023852489517214,0.41215673272314823,0.29044324429912494,0.003268723727183173,0.001487042211097346,0.0664396489173389,0.05663083888365662,0.3983802664054435,kp_vy_oracle_vym3_s001@c3aaea0+dirty
566,453,0.4029920372287587,0.4155421783364208,0.22459293994865398,0.003346737182163119,0.0015122137641636444,0.06646301199106869,0.058269685412158545,0.39875710129319747,kp_vy_oracle_vym3_s001@c3aaea0+dirty
567,457,0.42048305414532705,0.4300976021391557,0.29554522443581294,0.003354008470735904,0.001489741511461296,0.06648882683907664,0.05843108322465547,0.41640341897800914,kp_vy_oracle_vym3_s001@c3aaea0+dirty
568,457,0.4136749912458846,0.42423114467954137,0.2936458873324007,0.003334501812812979,0.001471920201645927,0.06636471930383717,0.058017941630859306,0.409586275198768,kp_vy_oracle_vym3_s001@c3aaea0+dirty
569,456,0.40692954111393137,0.41992603695091546,0.24797224048791272,0.0033289674669818347,0.0015016305823707325,0.06645432659601765,0.058062061228768856,0.4027659971708901,kp_vy_oracle_vym3_s001@c3aaea0+dirty
570,455,0.4220613450335019,0.4345669190159066,0.2554778540583617,0.003169355501141468,0.001437027518200119,0.06607252281689692,0.05441992726883673,0.4185382306164435,kp_vy_oracle_vym3_s001@c3aaea0+dirty
571,455,0.4017696835543057,0.4150184153088976,0.3302769619918057,0.0031005843501882646,0.001423646245650656,0.066413412720849,0.053036721509795694,0.39825366890314934,kp_vy_oracle_vym3_s001@c3aaea0+dirty
572,454,0.4094553402125495,0.42186512646068136,0.32454790777090464,0.003079606571885858,0.0014134326778237245,0.06631152852114845,0.05259194108205613,0.406063742978607,kp_vy_oracle_vym3_s001@c3aaea0+dirty
573,452,0.4169020202043619,0.4350025418479821,0.35474082807223467,0.0031573926451539847,0.0014552481727306819,0.066342775296041,0.05424671922266675,0.41335769970336267,kp_vy_oracle_vym3_s001@c3aaea0+dirty
574,452,0.41261287000767843,0.42894308200548026,0.3241910022233373,0.0032801079459014787,0.00151749864246215,0.06654621756793024,0.05697968600695063,0.40865963328731486,kp_vy_oracle_vym3_s001@c3aaea0+dirty
575,450,0.4109989423825941,0.4291341782920963,0.31548244558544875,0.003301702684071767,0.0014903744831123295,0.06638252264503183,0.05725059704097946,0.4069920143910225,kp_vy_oracle_vym3_s001@c3aaea0+dirty
576,451,0.4030110142269606,0.42562210940925144,0.27474018998419214,0.003156131070749537,0.0014357342179419405,0.06614102963304047,0.054031384141700195,0.39937261688299996,kp_vy_oracle_vym3_s001@c3aaea0+dirty
577,448,0.4020164435221506,0.42422507459833453,0.27603354248823203,0.0031585935233490385,0.0014595940467159111,0.06624664041018803,0.054100096664440045,0.39835963701546967,kp_vy_oracle_vym3_s001@c3aaea0+dirty
578,448,0.394234016360709,0.4149530563312741,0.28827759475279524,0.003194218912559949,0.0014900855526141952,0.06648394969172144,0.0549606395346999,0.39038415408137733,kp_vy_oracle_vym3_s001@c3aaea0+dirty
579,447,0.3970647691683116,0.4179635816904712,0.2698272538303893,0.0032136935021387487,0.0014970885221054337,0.06637947596779853,0.05532350883819909,0.3931917347611904,kp_vy_oracle_vym3_s001@c3aaea0+dirty
580,447,0.40091848871321695,0.4218097706780493,0.31061968097722975,0.0032574143013715507,0.0015068680555351385,0.06640507123028286,0.056432964508166567,0.3969268888711243,kp_vy_oracle_vym3_s001@c3aaea0+dirty
581,447,0.4021400866486879,0.4227667849601077,0.44930554587677163,0.0031969467458621793,0.0015048720549949858,0.06638227605925176,0.055136179139539686,0.3983423791660972,kp_vy_oracle_vym3_s001@c3aaea0+dirty
582,447,0.4183175702578714,0.437636800356538,0.43670350985686535,0.003262448010189909,0.0015374276199545175,0.06635789838303983,0.056583452414932976,0.4144730419451381,kp_vy_oracle_vym3_s001@c3aaea0+dirty
583,447,0.4129786719806624,0.43301664267416184,0.4991585751590852,0.0031463365896097543,0.0014896045644757527,0.06636858257752497,0.054173606799347226,0.4094100680702189,kp_vy_oracle_vym3_s001@c3aaea0+dirty
584,447,0.4063268742585472,0.42577023057305335,0.4491467195128429,0.003165663579967005,0.001498318673669444,0.06628324960295519,0.05463616896589512,0.4026368311337791,kp_vy_oracle_vym3_s001@c3aaea0+dirty
585,447,0.41412346710356274,0.4362719058327963,0.34646669122059987,0.003165665468103195,0.001493281384287506,0.06622353821600734,0.054565617250333966,0.4105128979946497,kp_vy_oracle_vym3_s001@c3aaea0+dirty
586,449,0.40498495324740913,0.42903926055570535,0.32824516815205174,0.003115390689556866,0.0014408801272963018,0.06621326012352234,0.05330585173561851,0.40146145335205774,kp_vy_oracle_vym3_s001@c3aaea0+dirty
587,449,0.40442343616012577,0.4274135946392857,0.3481509371143327,0.003142318482109873,0.0014400472555459148,0.06616462869054746,0.053909630363635164,0.4008142555718541,kp_vy_oracle_vym3_s001@c3aaea0+dirty
588,450,0.40666701407124844,0.42830398021845356,0.34198827369058576,0.0032846161088392802,0.001510939497496798,0.0663321719967989,0.056911554749247924,0.4026650410324298,kp_vy_oracle_vym3_s001@c3aaea0+dirty
589,450,0.39824970906931295,0.41648128443791704,0.3273386015914221,0.0031919207233057816,0.0014542424478929314,0.06632368218978364,0.054962056427568566,0.3944388458646602,kp_vy_oracle_vym3_s001@c3aaea0+dirty
590,450,0.4001875169012757,0.42333855314717533,0.3190621973953795,0.0031727148015451645,0.0014498536363420935,0.06626315440998076,0.0546757656972664,0.39643487400710153,kp_vy_oracle_vym3_s001@c3aaea0+dirty
591,449,0.40712257132386753,0.4278839293416879,0.2835427268409916,0.003201995024009313,0.0014394238411572532,0.06614129131727288,0.05523607233478026,0.40335810936980615,kp_vy_oracle_vym3_s001@c3aaea0+dirty
592,447,0.41030520636527956,0.4294788386812622,0.3417143323914659,0.00324740460231944,0.0014381591304097586,0.06605800734507249,0.056250893703738904,0.40643105113658,kp_vy_oracle_vym3_s001@c3aaea0+dirty
593,447,0.3979084302686605,0.41626357477998893,0.31883899307040126,0.003163053690897598,0.0014367847737021275,0.06628237310266834,0.054355743394312366,0.39417835054569034,kp_vy_oracle_vym3_s001@c3aaea0+dirty
594,448,0.40845178662829124,0.4263549691996046,0.3405538341478257,0.0030424928220109575,0.0013680001003380435,0.0659026481727714,0.05153260154663378,0.4051879230402592,kp_vy_oracle_vym3_s001@c3aaea0+dirty
595,448,0.38996462356241773,0.40622445381238126,0.28472582079757974,0.0030788749456556147,0.0013823580850419587,0.06621009608288567,0.052198118503338616,0.3864553843005549,kp_vy_oracle_vym3_s001@c3aaea0+dirty
596,449,0.39731588306101545,0.4132798814161776,0.32357058225947144,0.0030887193142909177,0.00139246366683204,0.0662614909360154,0.05249239515068756,0.3938330349067973,kp_vy_oracle_vym3_s001@c3aaea0+dirty
597,449,0.40005399876832554,0.4162321586146809,0.3270363909092302,0.0032290501455315692,0.0014306094375486167,0.06633088629807476,0.05543371652653166,0.39619478164481614,kp_vy_oracle_vym3_s001@c3aaea0+dirty
598,448,0.41728422685320304,0.43430109395814825,0.4189320042311522,0.0033358534443495695,0.0014724493552370397,0.06617331456981894,0.05768553407666187,0.4132777578563426,kp_vy_oracle_vym3_s001@c3aaea0+dirty
599,449,0.424231788652306,0.4423219272566327,0.34979206507280086,0.003430039387524152,0.0015019288465378208,0.0659894951523847,0.059800061600242295,0.41999590847500173,kp_vy_oracle_vym3_s001@c3aaea0+dirty
600,449,0.4154272761484033,0.4299994481164326,0.34623396133431456,0.0034994519690691814,0.001521022271761337,0.06628365897227455,0.06137683761436712,0.41086823383238247,kp_vy_oracle_vym3_s001@c3aaea0+dirty
601,449,0.41868931093330847,0.43156564110818324,0.3185464961730934,0.0035155715691134364,0.0015466750366089689,0.06624383319375039,0.061757377377795006,0.4141096055746899,kp_vy_oracle_vym3_s001@c3aaea0+dirty
602,449,0.4187840761662311,0.4322927924746664,0.3395411311144656,0.003461025581743878,0.001554242972295848,0.06632455380065742,0.06058075586926817,0.41437914338044546,kp_vy_oracle_vym3_s001@c3aaea0+dirty
603,448,0.4268216883546402,0.4428926984392368,0.43993020157916873,0.0034286048828358687,0.0015370333214747602,0.0661233301394967,0.05979416674192741,0.4226126018868157,kp_vy_oracle_vym3_s001@c3aaea0+dirty
604,448,0.422857767558303,0.4370641969864167,0.41351916535833827,0.003428279875583903,0.0015350202745226583,0.06607113835463801,0.05983535552204976,0.41860294052233044,kp_vy_oracle_vym3_s001@c3aaea0+dirty
605,447,0.42411675822221373,0.44057160945445517,0.39749876247407595,0.0032942082865644643,0.001484516064156543,0.0661033349422815,0.056793535549922704,0.42029694136962187,kp_vy_oracle_vym3_s001@c3aaea0+dirty
606,446,0.4216029133909517,0.43917008455113027,0.3492587232322699,0.00332672587645151,0.0014779207624902038,0.06604714603817305,0.05734176463360293,0.41768521473526304,kp_vy_oracle_vym3_s001@c3aaea0+dirty
607,445,0.42534422007001893,0.44231901835759596,0.3029006249702171,0.0032983834676359753,0.0014932042636398779,0.06597383888445701,0.05682565027241543,0.4215311981551186,kp_vy_oracle_vym3_s001@c3aaea0+dirty
608,444,0.41244550755603576,0.42836546449465107,0.4292871648886952,0.0031136215261366833,0.0014299149774582192,0.06615194074964068,0.052872252052578374,0.40904256705878983,kp_vy_oracle_vym3_s001@c3aaea0+dirty
609,444,0.41471958168192236,0.42641404949363687,0.4550758522510415,0.003148025812154136,0.0014634670767320083,0.0663888981222245,0.053606583458620086,0.41124039884272395,kp_vy_oracle_vym3_s001@c3aaea0+dirty
610,445,0.41873008692935465,0.4337154146641841,0.4380710238679476,0.0031583381302733395,0.0014633344603584132,0.06624229307484261,0.053837440955195846,0.41525463953008485,kp_vy_oracle_vym3_s001@c3aaea0+dirty
611,446,0.42246255235756713,0.43466090514423034,0.3800417480217998,0.0031234066835535684,0.0014102189202437442,0.06620085306537052,0.05302238937888454,0.4191219802981277,kp_vy_oracle_vym3_s001@c3aaea0+dirty
612,450,0.4127467901759988,0.4242756666752302,0.36940058978086626,0.003059378351803037,0.001413976422355697,0.06644479068061475,0.05187300824727426,0.409474179669449,kp_vy_oracle_vym3_s001@c3aaea0+dirty
613,451,0.3985073214568147,0.4096813845468302,0.4062656875599506,0.002910326025496328,0.0013181152980811176,0.06656169477272743,0.048772003960903254,0.3955115382442372,kp_vy_oracle_vym3_s001@c3aaea0+dirty
614,451,0.39110511105650614,0.40610317290513825,0.3554929609943504,0.002842091372835845,0.0012565164011721682,0.06644257714526869,0.0473572238865089,0.38822738342405094,kp_vy_oracle_vym3_s001@c3aaea0+dirty
615,451,0.39003472232156466,0.40441952389709246,0.34817167114884545,0.002878967992273254,0.0012972616867470332,0.06659584518829377,0.048224974160169444,0.38704190533288646,kp_vy_oracle_vym3_s001@c3aaea0+dirty
616,452,0.40336840606107477,0.41700604893985604,0.4483961692745946,0.002942216444152878,0.0013253970023036344,0.0662528922402968,0.049496924521344056,0.4003200288159218,kp_vy_oracle_vym3_s001@c3aaea0+dirty
617,453,0.40705362934122397,0.4205193921018964,0.3821971569297866,0.0029085784998570657,0.0012977716963112507,0.06621463298560115,0.04867903441752328,0.4041324148939802,kp_vy_oracle_vym3_s001@c3aaea0+dirty
618,453,0.3945941778997709,0.40754127411693825,0.27282461461605495,0.002863197835304604,0.0012888367496703237,0.0663148719458729,0.04779399347970648,0.3916890340814481,kp_vy_oracle_vym3_s001@c3aaea0+dirty
619,453,0.39261476260638983,0.40342592757808154,0.3019733784797903,0.002967736831026245,0.0013201854063184023,0.06638023685537857,0.04984549771803399,0.38943777188880035,kp_vy_oracle_vym3_s001@c3aaea0+dirty
620,455,0.388734158079436,0.399165479527947,0.2611189712032369,0.002893764168124189,0.0012953401881566147,0.06643637922479302,0.04836841743142306,0.3857132897022185,kp_vy_oracle_vym3_s001@c3aaea0+dirty
621,455,0.39077601821606256,0.40468842220277007,0.20899326911961855,0.0027818527867622396,0.001288416159808645,0.06654198709593007,0.04618223486496139,0.3880374950899436,kp_vy_oracle_vym3_s001@c3aaea0+dirty
622,455,0.39826742481827443,0.4113691303543066,0.2573757616932748,0.0028002904485034653,0.0012858800204623812,0.06642815696182269,0.04649352651596877,0.39554430050689493,kp_vy_oracle_vym3_s001@c3aaea0+dirty
623,455,0.3922797523860221,0.40349337258646284,0.3121055610314339,0.0028788328221729664,0.0013368413265337025,0.06672328071409647,0.04805303071561607,0.38932545559092696,kp_vy_oracle_vym3_s001@c3aaea0+dirty
624,454,0.3863338332642165,0.39746069990985017,0.2556987687423052,0.0028337800610509583,0.0012853026287376452,0.06670723840416978,0.04709813561661781,0.38345220868585705,kp_vy_oracle_vym3_s001@c3aaea0+dirty
625,453,0.38986457130124974,0.40549411494602694,0.32595726093697247,0.002841123855857783,0.001309399274641429,0.06665723683124564,0.04732863755674027,0.386981115847957,kp_vy_oracle_vym3_s001@c3aaea0+dirty
626,452,0.39250387455770824,0.40877801404550035,0.43081010966589206,0.0028072834672952605,0.0012701488199812713,0.06635729132888075,0.046543541504613435,0.38973451256851954,kp_vy_oracle_vym3_s001@c3aaea0+dirty
627,450,0.3917643003836706,0.41107526514101356,0.4351250766474429,0.0028669914075611105,0.0013303320905380285,0.06666534376541619,0.047870310757289695,0.38882862600779206,kp_vy_oracle_vym3_s001@c3aaea0+dirty
628,449,0.3830874338454899,0.40183080324656717,0.48109157674965325,0.0029055099411543963,0.0013293248419750808,0.0666432648007343,0.048778029593538656,0.37996932218179724,kp_vy_oracle_vym3_s001@c3aaea0+dirty
629,450,0.3903191441763503,0.4114589559334694,0.44400116898793796,0.002988836982062616,0.0013540582189141893,0.0664567905891441,0.05044962840874569,0.3870450481584514,kp_vy_oracle_vym3_s001@c3aaea0+dirty
630,449,0.3786665999108645,0.3957439560229411,0.37009517917532286,0.0028596181987545063,0.0012610127334868437,0.06659942053338473,0.047660276770294656,0.3756552833466257,kp_vy_oracle_vym3_s001@c3aaea0+dirty
631,449,0.3846929659255405,0.4049112868987952,0.31518976547283306,0.0029602319516567176,0.0013439526163922448,0.06657256662013418,0.04980894754174716,0.3814547768443496,kp_vy_oracle_vym3_s001@c3aaea0+dirty
632,449,0.3844506247001455,0.4030856837004383,0.28935932616412097,0.0028562020458804517,0.0012922190997320053,0.06649042719697051,0.04767846612995045,0.38148269515120514,kp_vy_oracle_vym3_s001@c3aaea0+dirty
633,449,0.3852194279511495,0.4039318607920303,0.2921039819445945,0.002926846592505181,0.001331012122633606,0.0663958468440415,0.049106521269915826,0.382076637914147,kp_vy_oracle_vym3_s001@c3aaea0+dirty
634,449,0.3797678233533092,0.4004006688706463,0.3318430221852307,0.0029769825707494824,0.0013615763124484464,0.0665612022771031,0.05017794501998572,0.37643827314459083,kp_vy_oracle_vym3_s001@c3aaea0+dirty
635,450,0.3915260501032693,0.4133491380300502,0.3734782896197103,0.003074676121286106,0.0014118541368399176,0.06631322003067577,0.052278790333446075,0.3880200716338516,kp_vy_oracle_vym3_s001@c3aaea0+dirty
636,450,0.39919060051037275,0.4129361549954453,0.43620534527592186,0.0033350667119290633,0.001499153675912047,0.06656999212470975,0.05783462838776673,0.39497884917433357,kp_vy_oracle_vym3_s001@c3aaea0+dirty
637,452,0.3988164543848007,0.41738478876651514,0.3906357854016791,0.0032613416186091366,0.0015050385727664979,0.06661342587732906,0.0562932051320988,0.39482355469756264,kp_vy_oracle_vym3_s001@c3aaea0+dirty
638,451,0.39749867187703253,0.40991425256026087,0.47446880646641054,0.0032489836559649603,0.0014614239289051153,0.06653394853355611,0.05587845043481268,0.3935515124110298,kp_vy_oracle_vym3_s001@c3aaea0+dirty
639,451,0.4025660081118588,0.4191514156914052,0.3760351717281867,0.003172322989550731,0.0014738386550700365,0.06644793927096815,0.05432721694300608,0.39888337191006684,kp_vy_oracle_vym3_s001@c3aaea0+dirty
640,450,0.39612886413638104,0.4088379410593533,0.39550831002385134,0.0031963322371338387,0.0014702018373322309,0.06653411412342902,0.05483925460523987,0.39231458442979295,kp_vy_oracle_vym3_s001@c3aaea0+dirty
641,450,0.3988161780878961,0.4110421439153191,0.38808092575568637,0.003196781503664741,0.0014391051912696297,0.06632436242850714,0.05480823535090641,0.3950321521627779,kp_vy_oracle_vym3_s001@c3aaea0+dirty
642,451,0.3985762617257589,0.41459356605936776,0.3212617980905102,0.003069700674403226,0.0014241424899948832,0.06632159265561538,0.05228498992758488,0.3951320238091985,kp_vy_oracle_vym3_s001@c3aaea0+dirty
643,451,0.3992611542203254,0.41595085464798986,0.33478594205055595,0.003092075794325031,0.0014311731971716002,0.06638048167194599,0.052730827888059176,0.3957637288327296,kp_vy_oracle_vym3_s001@c3aaea0+dirty
644,451,0.3972444902054315,0.41216760447974676,0.3218866329242901,0.003072212962316456,0.0014034684726792058,0.0665010113739812,0.052238543400510234,0.3937947683527121,kp_vy_oracle_vym3_s001@c3aaea0+dirty
645,450,0.39941146064935046,0.4159372855332632,0.33136278955350734,0.003092273192540157,0.0014005682008672458,0.0663891866851475,0.052691070092784766,0.3959206562311758,kp_vy_oracle_vym3_s001@c3aaea0+dirty
646,449,0.39313900713595273,0.414603711662895,0.2700811640322909,0.0030306262577272486,0.0013993516773390567,0.06652607418512481,0.051465532297667635,0.38975579266658816,kp_vy_oracle_vym3_s001@c3aaea0+dirty
647,449,0.41111760053268703,0.4285666644816553,0.20846245227060628,0.002998683670126405,0.0014171402841993749,0.06646743251031167,0.050841665547845596,0.4079617708953561,kp_vy_oracle_vym3_s001@c3aaea0+dirty
648,449,0.3991303903785578,0.41483021690851285,0.18998782827185484,0.003189631292687924,0.0015222185322216935,0.06682433944941614,0.05496840688224875,0.3953271338632949,kp_vy_oracle_vym3_s001@c3aaea0+dirty
649,448,0.41305467967299686,0.43002055015678303,0.22900926776041983,0.0032286151911075475,0.0015524029415148802,0.06668852013128874,0.05588654169009021,0.40925647564538775,kp_vy_oracle_vym3_s001@c3aaea0+dirty
650,449,0.40778336060982995,0.4244157548517614,0.20456316484730014,0.0033167810345095796,0.001569400861033676,0.06668197836326574,0.057757391336691846,0.4036723336274445,kp_vy_oracle_vym3_s001@c3aaea0+dirty
651,448,0.40976868510366377,0.42466279253372285,0.2140774253561647,0.0033367891030147813,0.0016189559724663894,0.0665877727933247,0.058340617887662566,0.4055943140578666,kp_vy_oracle_vym3_s001@c3aaea0+dirty
652,450,0.42504380057406443,0.4410987981350356,0.18608875650019374,0.0032806114884505015,0.0015743710099452456,0.06642830407306118,0.05701976704393394,0.42120182641187653,kp_vy_oracle_vym3_s001@c3aaea0+dirty
653,449,0.4173490685890164,0.4306466982840026,0.2209931692229669,0.0033531255974823117,0.0016322541665250317,0.06662115039031376,0.05867793850365414,0.4132035147298252,kp_vy_oracle_vym3_s001@c3aaea0+dirty
654,449,0.42380204139804156,0.4412435223661883,0.28074051423960544,0.003433408122261961,0.0016394413268210689,0.06640902568183672,0.06043585807519124,0.4194707109583012,kp_vy_oracle_vym3_s001@c3aaea0+dirty
655,448,0.4243844847790445,0.43965861750221236,0.32589018123888863,0.003284880080101238,0.0016154943285641306,0.06636512625738421,0.057230351308608506,0.42050788079448437,kp_vy_oracle_vym3_s001@c3aaea0+dirty
656,446,0.425547090452284,0.442980551628064,0.33324154033258463,0.0033626648722456516,0.0016028576700438128,0.06611246563886554,0.05877551762568932,0.4214685809407822,kp_vy_oracle_vym3_s001@c3aaea0+dirty
657,446,0.40340022907403494,0.42080265503570496,0.3135844575370806,0.003290753865342648,0.0016012946193322557,0.06637015011590403,0.05740844941538081,0.3992943960947931,kp_vy_oracle_vym3_s001@c3aaea0+dirty
658,447,0.40578164297743613,0.42131174425726936,0.328358724320339,0.0033678822017541177,0.0016258714298292016,0.06649838488436552,0.05921367334196842,0.40143801846215077,kp_vy_oracle_vym3_s001@c3aaea0+dirty
659,446,0.40289837824628977,0.4187510195236797,0.1563263515052982,0.0032133637851896775,0.001567463125624558,0.06633576390768132,0.05573225334839515,0.39902508584072843,kp_vy_oracle_vym3_s001@c3aaea0+dirty
660,446,0.40814908483594464,0.42323401464451416,0.05073431777249304,0.0031452847948979386,0.0015413843943244507,0.0661171478166242,0.05422388992028862,0.4045311424530027,kp_vy_oracle_vym3_s001@c3aaea0+dirty
661,448,0.40997148689582963,0.423612530530499,0.0543501618960403,0.003082419283355959,0.0015105030432067904,0.06611800722389478,0.05287865646590173,0.4065470055946035,kp_vy_oracle_vym3_s001@c3aaea0+dirty
662,449,0.4164888033849869,0.4278265174779239,0.029555952848918276,0.003160616933370062,0.001541576105227885,0.06620459293267224,0.05455525290012867,0.412900287873551,kp_vy_oracle_vym3_s001@c3aaea0+dirty
663,450,0.40870992585397586,0.42045037914162836,0.0023440224274037733,0.00312898707755486,0.0015574913936711675,0.06641410657169139,0.054069417400695076,0.40511763920312316,kp_vy_oracle_vym3_s001@c3aaea0+dirty
664,449,0.42644526959818874,0.4374198926364169,0.0008597473764812283,0.003171987205154762,0.0015262605489352688,0.0658486458922667,0.05474896280359177,0.42291620805379737,kp_vy_oracle_vym3_s001@c3aaea0+dirty
665,450,0.40603890914027224,0.4171027275169223,0.03367843971837344,0.0030993527109211276,0.0015260460209730803,0.06625141346166633,0.05326753022375954,0.4025297081703202,kp_vy_oracle_vym3_s001@c3aaea0+dirty
666,450,0.42034372029341527,0.43401686255475114,0.012238459725793589,0.0031428783381600434,0.0015151319355023725,0.06585570670230079,0.05408095699296649,0.4168502048468177,kp_vy_oracle_vym3_s001@c3aaea0+dirty
667,450,0.413157471760165,0.4255960512984844,-0.013578523925372774,0.003243999970463697,0.001573354853568742,0.06635256584539831,0.0564768698916604,0.4092791952182422,kp_vy_oracle_vym3_s001@c3aaea0+dirty
668,451,0.41089803427987776,0.4228245488058606,0.02122952829888481,0.003142614517688589,0.0015182670015860568,0.06599078275260971,0.05419873915993979,0.40730785807364484,kp_vy_oracle_vym3_s001@c3aaea0+dirty
669,453,0.4035310893735318,0.41444451012587497,0.07426449472370955,0.003060864374894174,0.0015095592978839,0.06633474610878813,0.05261282991680149,0.40008652841496056,kp_vy_oracle_vym3_s001@c3aaea0+dirty
670,450,0.401668936644789,0.4154704787427187,0.08751075626197319,0.002982383291912776,0.0014717324339301957,0.06638933667199537,0.050877632538054225,0.3984336847866634,kp_vy_oracle_vym3_s001@c3aaea0+dirty
671,448,0.4149810241433798,0.43066125829787544,0.01093545945697677,0.002983685959934709,0.0014823026828792597,0.06630709695948611,0.05088754326851899,0.41184913298340564,kp_vy_oracle_vym3_s001@c3aaea0+dirty
672,449,0.4191854876219581,0.4342530794282036,0.06749021842057337,0.003106985394251069,0.0014936814807821697,0.0660813917428483,0.05333795307405489,0.415778229101439,kp_vy_oracle_vym3_s001@c3aaea0+dirty
673,449,0.4051893633133563,0.4172171250645566,0.028695796009995896,0.0030775705311593252,0.0015012727331997022,0.06631898127564922,0.052821221483980996,0.40173167500612056,kp_vy_oracle_vym3_s001@c3aaea0+dirty
674,450,0.4116236844054866,0.421550143967426,0.03415163677045545,0.0031621945437824753,0.0015248206999265012,0.06630904481266765,0.0546490301343746,0.4079798292427211,kp_vy_oracle_vym3_s001@c3aaea0+dirty
675,452,0.39690669678286344,0.40975654860845495,0.2885526314774204,0.003080570259196838,0.0014738181014339825,0.06612463543517606,0.05283324096325669,0.3933745983161627,kp_vy_oracle_vym3_s001@c3aaea0+dirty
676,451,0.4099726335049887,0.4236428218048909,0.24452990021894475,0.0031543004010227437,0.0014835103417898253,0.06597776037885511,0.05433147069518926,0.4063565571208536,kp_vy_oracle_vym3_s001@c3aaea0+dirty
677,453,0.4132111611018473,0.4248449452797077,0.4082527184088742,0.0031586786043088554,0.0014605464161208022,0.06603932659119711,0.054424956753512096,0.40961126417801935,kp_vy_oracle_vym3_s001@c3aaea0+dirty
678,453,0.4156847086787846,0.4283214772346004,0.3218401421479974,0.0032751587759037287,0.001538030062625293,0.06634739664731504,0.05685280520375101,0.411778503044817,kp_vy_oracle_vym3_s001@c3aaea0+dirty
679,452,0.4132742160702154,0.4270635872638015,0.20552783046665904,0.0033116346618708545,0.0015566622100157002,0.06650891115742474,0.057597970478263975,0.40924082331218636,kp_vy_oracle_vym3_s001@c3aaea0+dirty
680,452,0.4043866921813623,0.4170123959658048,0.1614889021250442,0.0031738206327800024,0.001529667345517192,0.06655448689728682,0.054781382758537916,0.4006589533711264,kp_vy_oracle_vym3_s001@c3aaea0+dirty
681,452,0.40349578366385813,0.4165374398460452,0.0733029884702321,0.003130184333860654,0.0014852626790038761,0.066338204120766,0.053686666688637946,0.3999082260398929,kp_vy_oracle_vym3_s001@c3aaea0+dirty
682,452,0.4050908943790407,0.4168059443619082,0.06676694133632144,0.003237848955523653,0.0015102577606565244,0.06629644504264746,0.056006160196250834,0.40120062653102,kp_vy_oracle_vym3_s001@c3aaea0+dirty
683,452,0.41540655257371084,0.4282794107060919,0.006505029622824399,0.003255740471836182,0.0015164651490839043,0.0661833765466789,0.05650628777908218,0.41154543292643003,kp_vy_oracle_vym3_s001@c3aaea0+dirty
684,453,0.4114513552161577,0.42464662502950135,-0.012731737641127002,0.0032172735558384695,0.0015050562602535655,0.06630430262982262,0.055660707447401536,0.407669110131817,kp_vy_oracle_vym3_s001@c3aaea0+dirty
685,453,0.4101687211371759,0.42400556594087035,-0.03816349528882805,0.003229044808362947,0.0015123506475220752,0.06623690818375567,0.05596224689935886,0.40633312284538353,kp_vy_oracle_vym3_s001@c3aaea0+dirty
686,453,0.4108381590942856,0.4237383046284502,0.09356349759410773,0.00323554734901208,0.0014704434543798151,0.06608058082650178,0.05594958609814473,0.40701061016075224,kp_vy_oracle_vym3_s001@c3aaea0+dirty
687,454,0.39931073875708617,0.41111489301873705,0.0872378093222462,0.0031448908118527426,0.0014503153721050102,0.06626469451952449,0.05404251581720771,0.3956367937526499,kp_vy_oracle_vym3_s001@c3aaea0+dirty
688,454,0.39705904367055633,0.4078763172839573,0.12812185121471,0.003040267312207887,0.0014247658932507656,0.06623465657251755,0.05187371084157795,0.3936559440477193,kp_vy_oracle_vym3_s001@c3aaea0+dirty
689,453,0.39402933804080686,0.4020171897250825,0.18030852040571677,0.003058468811379011,0.001430360584241517,0.06628076195489262,0.052287999554839794,0.39054459968027916,kp_vy_oracle_vym3_s001@c3aaea0+dirty
690,453,0.40808452126029165,0.41625476950430884,0.2095774371596945,0.0030271388708662025,0.001415527309171466,0.0660606334818176,0.05158264820976052,0.4048113225885728,kp_vy_oracle_vym3_s001@c3aaea0+dirty
691,453,0.4044576756304825,0.4147418037952049,0.2527552279837109,0.0029924876686822236,0.0014391377568124294,0.06609236357244087,0.051021597906004565,0.4012266291306331,kp_vy_oracle_vym3_s001@c3aaea0+dirty
692,453,0.41073415984881817,0.42161149127871406,0.3201486450416524,0.002983971061049703,0.0014021839322728154,0.06593507208308493,0.05073142916411539,0.4075890972065873,kp_vy_oracle_vym3_s001@c3aaea0+dirty
693,452,0.4135245171726305,0.4250509551689622,0.28526935383032986,0.0029830949572715133,0.001399571047575514,0.06605320216755059,0.05071597209569464,0.410402749110244,kp_vy_oracle_vym3_s001@c3aaea0+dirty
694,452,0.4096402178149033,0.4168736056916479,0.26446609461344756,0.003029670944057625,0.0014401934919990548,0.06626222642752498,0.05168595077497748,0.4063664239869333,kp_vy_oracle_vym3_s001@c3aaea0+dirty
695,453,0.4012656557419178,0.40857087660341374,0.22576662362782124,0.003089302249529614,0.001473850173747375,0.06633042036181123,0.052919826055145495,0.3977607553395438,kp_vy_oracle_vym3_s001@c3aaea0+dirty
696,453,0.40945816660945017,0.416748509055326,0.3184676761277872,0.0030773466981063213,0.0014450959940889162,0.06625276559596638,0.05262366486272787,0.4060624829993379,kp_vy_oracle_vym3_s001@c3aaea0+dirty
697,451,0.39956526769736367,0.4081976384350172,0.4012277379343495,0.0030688379956031694,0.0014379542814977326,0.06621139244481784,0.05247135626187737,0.3961049859849091,kp_vy_oracle_vym3_s001@c3aaea0+dirty
698,451,0.39821517847244775,0.4068111036020666,0.4277673522028784,0.003088621422059701,0.0014650967372044936,0.06651060132993918,0.052952844679940686,0.3946787612807985,kp_vy_oracle_vym3_s001@c3aaea0+dirty
699,451,0.39868963524151935,0.40673614954825676,0.35648438177710257,0.003074044453608956,0.0014563138051759729,0.06641647486329719,0.05269604308927073,0.3951917917818505,kp_vy_oracle_vym3_s001@c3aaea0+dirty
700,452,0.40025278322551183,0.4077061288697454,0.3458913503109213,0.0029780922116256652,0.0014159875475365518,0.06624694389142494,0.050639910210300995,0.39703638369003563,kp_vy_oracle_vym3_s001@c3aaea0+dirty
701,453,0.3928766623056752,0.40060830258489405,0.36665132243163034,0.00297849387090584,0.0013818381327951807,0.06630375623213239,0.050614030210305916,0.38960273578392357,kp_vy_oracle_vym3_s001@c3aaea0+dirty
702,453,0.39912831997642884,0.4082276423040847,0.3400010620534573,0.002782036157604085,0.0013075337058227983,0.06616599827849992,0.04658410953641106,0.3964004749567112,kp_vy_oracle_vym3_s001@c3aaea0+dirty
703,453,0.3891885192287199,0.39735151825371995,0.36925041473268017,0.00291723795974834,0.0013507916871612628,0.06637656550334486,0.04924584630841766,0.3860602933750263,kp_vy_oracle_vym3_s001@c3aaea0+dirty
704,453,0.39175162668651486,0.3991878917604835,0.3298792172153191,0.00296449875062403,0.0013827896004039596,0.06629268500353731,0.05022266820244666,0.3885190093292186,kp_vy_oracle_vym3_s001@c3aaea0+dirty
705,454,0.393943846825122,0.401342476954739,0.31500003511194846,0.002981943790931344,0.001362402778457124,0.06616038403861935,0.050407442570825065,0.3907055722469852,kp_vy_oracle_vym3_s001@c3aaea0+dirty
706,455,0.3978994967419483,0.403967120552682,0.3214586825291699,0.003045618784902672,0.0013992114590495942,0.06640564388045939,0.05166757864521924,0.394530696935531,kp_vy_oracle_vym3_s001@c3aaea0+dirty
707,455,0.40240482095368324,0.408924841151759,0.2967003194429396,0.003013536185780667,0.001359546809120218,0.06632827330282065,0.05093075377990336,0.39916875910594096,kp_vy_oracle_vym3_s001@c3aaea0+dirty
708,451,0.39208595296552734,0.4008551455035749,0.2097003075653798,0.0028381398601203217,0.0013025812899599592,0.0662711653059909,0.047411467381650835,0.3892088735802466,kp_vy_oracle_vym3_s001@c3aaea0+dirty
709,450,0.38959589305678116,0.39734667208566066,0.20088687185060775,0.00288881009417001,0.001316696675002694,0.0664519643696857,0.048407944821111715,0.38657681095082136,kp_vy_oracle_vym3_s001@c3aaea0+dirty
710,449,0.3909605414463555,0.3987811929499561,0.1650638897047099,0.002948123800470464,0.0013722145810213032,0.06648961964603728,0.04961628161593617,0.38779939345831316,kp_vy_oracle_vym3_s001@c3aaea0+dirty
711,449,0.38537284418360257,0.39467771976057403,0.22750489021109369,0.0028618407228047623,0.0013281925420588387,0.0663886403356925,0.047868070624936636,0.3823883848246509,kp_vy_oracle_vym3_s001@c3aaea0+dirty
712,449,0.3849988262099965,0.39219313214531387,0.23027624238893746,0.0027343171922417377,0.001288493896252842,0.06656935314305061,0.04520227851712176,0.3823360435532277,kp_vy_oracle_vym3_s001@c3aaea0+dirty
713,450,0.3963438041456709,0.4052004499488216,0.2026726686988658,0.002780084357877263,0.001351954398585406,0.06648461836436624,0.046200954067462253,0.3936418206033477,kp_vy_oracle_vym3_s001@c3aaea0+dirty
714,450,0.40722586409076417,0.4147044849305409,0.24041042590295522,0.0027729387992975188,0.0013321581435854493,0.0664081699866134,0.0459950929834863,0.40462001409459464,kp_vy_oracle_vym3_s001@c3aaea0+dirty
715,451,0.3943035943371819,0.4033474844356034,0.22243364831414003,0.002793286281144403,0.001351994954595757,0.06651056148863398,0.046459624548008886,0.3915569279096961,kp_vy_oracle_vym3_s001@c3aaea0+dirty
716,450,0.38836849791289224,0.39631484085551016,0.15747625943828447,0.0026656835087492978,0.0013087846861229585,0.06679697678087392,0.04392491809442216,0.3858765239574889,kp_vy_oracle_vym3_s001@c3aaea0+dirty
717,449,0.3850602174632323,0.39334426815198237,0.19581259960144357,0.0026157089369914306,0.0012748983474276804,0.06677861256669879,0.04284610984463796,0.38266902401946906,kp_vy_oracle_vym3_s001@c3aaea0+dirty
718,451,0.39525715078180707,0.40464141679098764,0.2017825232845248,0.002453740721153845,0.001219013651384068,0.06694478247743779,0.03968740858500455,0.39325961506867074,kp_vy_oracle_vym3_s001@c3aaea0+dirty
719,451,0.3966261407895516,0.4046192821426219,0.10447890071216355,0.0024312268844047325,0.0011929041036233647,0.06682226690758321,0.039173596306505465,0.394686869442129,kp_vy_oracle_vym3_s001@c3aaea0+dirty
720,449,0.401750853405436,0.4108649430910974,0.11513550116989808,0.002457029476145417,0.0012342793710812365,0.06703356889964598,0.039764962417648195,0.3997780583973052,kp_vy_oracle_vym3_s001@c3aaea0+dirty
721,447,0.39263286033981804,0.40154474233010257,0.03834752620890346,0.002530491199509534,0.001263888945354052,0.06690696754727106,0.04122826059987522,0.39046228184875403,kp_vy_oracle_vym3_s001@c3aaea0+dirty
722,448,0.4004675832377407,0.40884741657475376,0.10000746601085211,0.0025706383169117565,0.001314442280424579,0.06672882249816384,0.04208558429109536,0.3982500330435063,kp_vy_oracle_vym3_s001@c3aaea0+dirty
723,447,0.4064316171820393,0.41720560067319834,0.10565232994400392,0.0024684943317058177,0.001263605463357445,0.06682663353579513,0.04004920245480713,0.40445360775735656,kp_vy_oracle_vym3_s001@c3aaea0+dirty
724,448,0.4029506505857413,0.41188921686780977,0.051917627715743014,0.002569540311234036,0.0013081792814088097,0.06683935779791013,0.042047087662111814,0.400750881753998,kp_vy_oracle_vym3_s001@c3aaea0+dirty
725,448,0.3992471214117927,0.40830239002912055,0.022141971424091227,0.002689088370152322,0.001364048894430232,0.06664783913344481,0.04439366593149807,0.39677130236543734,kp_vy_oracle_vym3_s001@c3aaea0+dirty
726,448,0.408445803698579,0.41840336406032685,-0.053608055711802466,0.0027342197329793027,0.0013475232746738089,0.06645378010829653,0.04529070295724929,0.40592699686595907,kp_vy_oracle_vym3_s001@c3aaea0+dirty
727,450,0.400850155486553,0.41073654440219903,-0.08828227544035859,0.002696167023297768,0.0013878632565833735,0.0668060833959246,0.04470548255536435,0.39834942824495895,kp_vy_oracle_vym3_s001@c3aaea0+dirty
728,450,0.41187030201895836,0.42162199553351765,-0.16197219982190314,0.002740999347126245,0.0013843908448699352,0.06649377191233669,0.045539588618806436,0.40934495423006967,kp_vy_oracle_vym3_s001@c3aaea0+dirty
729,446,0.4043784180640571,0.416579573325424,-0.1475646495915089,0.0027751400302286305,0.001391248494213322,0.06648644597527073,0.046207946170191826,0.4017296736696481,kp_vy_oracle_vym3_s001@c3aaea0+dirty
730,447,0.3997431165110968,0.41190803068202875,-0.09576002398467326,0.002750889444209217,0.001381283471720235,0.0666080355724029,0.04574672190950756,0.39711685513528444,kp_vy_oracle_vym3_s001@c3aaea0+dirty
731,446,0.4049013652866869,0.41637147753884385,-0.0805618496497161,0.0027387830183028938,0.001358332624649982,0.06660897997994435,0.04548115925091617,0.4023388867164295,kp_vy_oracle_vym3_s001@c3aaea0+dirty
732,446,0.39863040732933,0.41067723174663084,-0.11323398439850893,0.002723785630225754,0.0013439878037908555,0.06656503437066824,0.04523171209966772,0.39605592265244605,kp_vy_oracle_vym3_s001@c3aaea0+dirty
733,448,0.419266450294431,0.4340338106870472,-0.17302095629088182,0.002644883420021775,0.0013290943732215562,0.06639494121752529,0.04363510833224752,0.41698960857954914,kp_vy_oracle_vym3_s001@c3aaea0+dirty
734,449,0.40263379473502064,0.41610431677885046,-0.20948993624779338,0.0026532579693486443,0.0013207409528381627,0.0666339706624862,0.0438396542986882,0.4002399997172874,kp_vy_oracle_vym3_s001@c3aaea0+dirty
735,450,0.403605534075198,0.41703095756147046,-0.2074377652346131,0.002755243738170975,0.0013771239248696245,0.06664934399849065,0.04594938131112426,0.40098139793916965,kp_vy_oracle_vym3_s001@c3aaea0+dirty
736,450,0.4076127179069889,0.4214516079020481,-0.22016410560230887,0.002816753761381681,0.0013689214466525805,0.0663876239363814,0.04706555754853501,0.4048863557742691,kp_vy_oracle_vym3_s001@c3aaea0+dirty
737,450,0.40675010728211214,0.42127683857378295,-0.15140731107550812,0.002935204453350118,0.0014358306380691688,0.06638736037027318,0.04956355975140773,0.4037190896140265,kp_vy_oracle_vym3_s001@c3aaea0+dirty
738,451,0.397460106196576,0.4110832087221689,-0.22115527038098798,0.0029079569675087382,0.001431006544586551,0.06659279635681374,0.049035061689214426,0.3944237552974319,kp_vy_oracle_vym3_s001@c3aaea0+dirty
739,452,0.39148530291594885,0.40419614488703953,-0.18131338522024726,0.002764221031522968,0.0013308980975943493,0.06647211026606294,0.0459568906391294,0.38877848011685956,kp_vy_oracle_vym3_s001@c3aaea0+dirty
740,452,0.3988859732608208,0.41075165171898537,-0.08506918494705874,0.002834179001743745,0.0013823232537711347,0.06636900627372172,0.047467911858995404,0.3960515332731069,kp_vy_oracle_vym3_s001@c3aaea0+dirty
741,452,0.4053183047798638,0.4170169066397131,-0.08631116756062397,0.0028676183360913407,0.00143128402606714,0.06648468497344531,0.048265229900183566,0.40243433721826594,kp_vy_oracle_vym3_s001@c3aaea0+dirty
742,452,0.4091366529580236,0.42166681630398184,-0.16694966967809777,0.002997009514309864,0.0014863060486975113,0.0663022073258736,0.051019708955314075,0.40594308725708,kp_vy_oracle_vym3_s001@c3aaea0+dirty
743,452,0.4095179506547321,0.4223423258790941,-0.20921412177552667,0.0030464919470209943,0.0015215721444171281,0.06642250527058549,0.05213053133242086,0.40618636069106395,kp_vy_oracle_vym3_s001@c3aaea0+dirty
744,452,0.41192995510531727,0.4264503795984239,-0.16456986261595238,0.0030589247236115667,0.0015207753149464771,0.06642969706292863,0.052258634189133873,0.4086016679674166,kp_vy_oracle_vym3_s001@c3aaea0+dirty
745,452,0.40918660667080375,0.42262566460083223,-0.13290225375438708,0.0029424511805148643,0.0015003026192369766,0.06657039746167112,0.049953179828470355,0.40612603819970905,kp_vy_oracle_vym3_s001@c3aaea0+dirty
746,452,0.41435391564467255,0.42984379890201607,-0.09544579755767027,0.003023210970182769,0.0015516940407873752,0.06635117894987848,0.0515857767390008,0.41113024098004075,kp_vy_oracle_vym3_s001@c3aaea0+dirty
747,453,0.4060694196777322,0.41888800845441954,-0.0980776979196515,0.002956069641999236,0.0015312084132967142,0.06660915304571781,0.050140092831000106,0.4029619643195979,kp_vy_oracle_vym3_s001@c3aaea0+dirty
748,451,0.40594960355031606,0.41839509287645377,-0.12655263395656025,0.002874893529518601,0.0014628542915677413,0.06651101380556357,0.048425408299005365,0.4030509402714915,kp_vy_oracle_vym3_s001@c3aaea0+dirty
749,451,0.39615207655132323,0.4081180545121856,-0.08015255047382625,0.0028838958187618682,0.0014527224244102305,0.06647664285886778,0.048575235258252976,0.39316270712712675,kp_vy_oracle_vym3_s001@c3aaea0+dirty
750,450,0.40849201690898024,0.42204589861147,-0.08549797686520921,0.0030398168590663587,0.0015188341823083773,0.06631871046702902,0.05168286621348676,0.4052093399939412,kp_vy_oracle_vym3_s001@c3aaea0+dirty
751,451,0.41001374888560493,0.42169622260451056,-0.09989870062834916,0.003106396308406934,0.0015285208392412165,0.06632201743947753,0.05311440522408259,0.406558893929182,kp_vy_oracle_vym3_s001@c3aaea0+dirty
752,451,0.4084528644371494,0.4195523681136523,-0.05359110132586963,0.0030606929674480083,0.0015166477296007297,0.06645883967779223,0.05224652281305679,0.4050975725931434,kp_vy_oracle_vym3_s001@c3aaea0+dirty
753,453,0.4055127105827695,0.4164141617054116,-0.04110440251016506,0.002978440979384665,0.0014720274811522525,0.06642178773865749,0.05050620466951207,0.4023551686434093,kp_vy_oracle_vym3_s001@c3aaea0+dirty
754,453,0.41744462815757144,0.4278763376990694,0.019274365551601128,0.0030916467278829093,0.001463417210592089,0.06610812328057881,0.052650907990111746,0.41411097481886405,kp_vy_oracle_vym3_s001@c3aaea0+dirty
755,455,0.416646108896272,0.42778319077305904,0.13282506356342683,0.003122555968780556,0.0015154094303823683,0.06634142936959883,0.053497979566621785,0.4131972243864829,kp_vy_oracle_vym3_s001@c3aaea0+dirty
756,456,0.40792212684214807,0.4167415887363661,0.167501581956775,0.002969753994712913,0.0014325916893335225,0.06632964308638263,0.050270419628605484,0.4048127301330647,kp_vy_oracle_vym3_s001@c3aaea0+dirty
757,457,0.41190271876516665,0.42041720855315895,0.19285616325820953,0.0029276857485794,0.0013984646655191726,0.06612585579157611,0.04923578307917031,0.40894949246907847,kp_vy_oracle_vym3_s001@c3aaea0+dirty
758,457,0.40906296504844375,0.41813997952724846,0.24242370516202522,0.002895984139798014,0.0013903519762463565,0.06627181027054245,0.0486100039117755,0.40616447025056424,kp_vy_oracle_vym3_s001@c3aaea0+dirty
759,457,0.42151159302237584,0.4300317520661222,0.3112809730782491,0.0029978101600410534,0.001437719960785873,0.06612765906663458,0.050802558016961465,0.41843891209015716,kp_vy_oracle_vym3_s001@c3aaea0+dirty
760,458,0.43057446924496606,0.43854712404689183,0.2887652810444174,0.0031052110062377695,0.0014656573284308149,0.06614044255746064,0.05294787762008741,0.42730655953438446,kp_vy_oracle_vym3_s001@c3aaea0+dirty
761,458,0.4212965535976824,0.42830322307729296,0.33479639296342995,0.003035825863549573,0.0014650279603750514,0.06633785447841455,0.051635443903504254,0.41812027815710273,kp_vy_oracle_vym3_s001@c3aaea0+dirty
762,460,0.41482363342927236,0.4219103004868319,0.37959724400699846,0.0030102213319541274,0.001414016746411615,0.06632327394264623,0.05097890495700911,0.41167924176578,kp_vy_oracle_vym3_s001@c3aaea0+dirty
763,461,0.420117993895354,0.42811216880051606,0.4183380962313801,0.0031064101360947934,0.0014395191160272935,0.06633555429756587,0.052978356120344135,0.41676422900417287,kp_vy_oracle_vym3_s001@c3aaea0+dirty
764,461,0.42891414128241456,0.43628545360520354,0.42487865782544415,0.003124685312908227,0.001458061945158659,0.06620779840697737,0.05345085778389463,0.4255706127004036,kp_vy_oracle_vym3_s001@c3aaea0+dirty
765,461,0.4374893296736342,0.4453404345194982,0.5045929780702313,0.003203728681351703,0.0014947810545027742,0.06611651522548743,0.05504265085449964,0.43401292626510035,kp_vy_oracle_vym3_s001@c3aaea0+dirty
766,462,0.43569389201729813,0.4437992229557004,0.5124616732086085,0.0032299656721269817,0.001523695022147765,0.06623226688070488,0.05580541173521796,0.4321052227898245,kp_vy_oracle_vym3_s001@c3aaea0+dirty
767,460,0.43565715996976867,0.4441652953511442,0.4555648014661739,0.003282851837064492,0.0015237360656080447,0.06623212294735746,0.057015316524057134,0.4319101928810967,kp_vy_oracle_vym3_s001@c3aaea0+dirty
768,458,0.42574616581265906,0.4346072018210522,0.4990685869569964,0.0032773841350242218,0.0015108952201470624,0.06621108497271329,0.05698265415017193,0.42191560154867713,kp_vy_oracle_vym3_s001@c3aaea0+dirty
769,456,0.4165863897388306,0.4254514435304598,0.33749621558360793,0.003243303304305779,0.001522257525493016,0.06644907119350363,0.0563114974860464,0.41276292876966536,kp_vy_oracle_vym3_s001@c3aaea0+dirty
770,456,0.412167075617135,0.42112284678702944,0.27304811860572825,0.0031431697802394134,0.001466174674202761,0.06622395295398179,0.05398424638810539,0.40861644529398156,kp_vy_oracle_vym3_s001@c3aaea0+dirty
771,458,0.40782856757471,0.4199503881440347,0.2761933335928049,0.003034364073371541,0.0014245917590405212,0.06619051488232866,0.05177220238289398,0.40452908373869045,kp_vy_oracle_vym3_s001@c3aaea0+dirty
772,459,0.4021510099156939,0.41306652214882583,0.28564290296012473,0.0030718853387096687,0.0014298380253750715,0.0662396755112413,0.05256414263260792,0.39870094768574527,kp_vy_oracle_vym3_s001@c3aaea0+dirty
773,460,0.4142896627100897,0.42597403092334635,0.328906767270012,0.003062943393976764,0.0014179376585002458,0.06607331366372235,0.05239893911993246,0.4109626209371669,kp_vy_oracle_vym3_s001@c3aaea0+dirty
774,459,0.40694586082023215,0.4189626117651102,0.34589245659501977,0.0029382847201836677,0.0013923499424851398,0.06631268939852629,0.049872107947410156,0.4038783312924842,kp_vy_oracle_vym3_s001@c3aaea0+dirty
775,457,0.4012660114997908,0.41548708477719015,0.3148202351872242,0.002901276394113158,0.0013574532645144284,0.0662394717903866,0.048971705275994114,0.39826647369231494,kp_vy_oracle_vym3_s001@c3aaea0+dirty
776,457,0.4097824962784729,0.42441185068929904,0.27523629108385256,0.0030100897362051403,0.0014155955436016775,0.06625849225568475,0.05132202116665597,0.40655595481998047,kp_vy_oracle_vym3_s001@c3aaea0+dirty
777,457,0.39211790683813297,0.4051846707590248,0.3154454646088152,0.0029907728436059386,0.0013998458180916923,0.06646435836488913,0.05099560428211159,0.3887877328401978,kp_vy_oracle_vym3_s001@c3aaea0+dirty
778,457,0.4031138439892359,0.41835362062025133,0.28526474444312316,0.0030447321053696922,0.0014238328035215495,0.06642055435554377,0.052136427269976096,0.3997281128058177,kp_vy_oracle_vym3_s001@c3aaea0+dirty
779,458,0.39038867771053815,0.4011135473546081,0.3297823858806123,0.0029963517608240283,0.0013954244019418183,0.06651458379442127,0.051153583378209314,0.3870227778725059,kp_vy_oracle_vym3_s001@c3aaea0+dirty
780,459,0.38838422704110936,0.3983406998693294,0.25546250769031065,0.0029848686273379315,0.0014113286676360355,0.06666050912305203,0.05088238931581564,0.38503673885985706,kp_vy_oracle_vym3_s001@c3aaea0+dirty
781,459,0.39468370009890663,0.4062544472021925,0.2574499086023725,0.0029174626630441786,0.0013894105187261193,0.06664711923128014,0.04948884257467265,0.3915687392839001,kp_vy_oracle_vym3_s001@c3aaea0+dirty
782,459,0.3934615334517866,0.404626823393249,0.2056498721327306,0.0030040839280528844,0.001434732417119292,0.06658439373649483,0.05136404529552552,0.39009449260033213,kp_vy_oracle_vym3_s001@c3aaea0+dirty
783,460,0.40263652658074767,0.4138144186086958,0.14832580938463913,0.002965184678056513,0.0014382209751366483,0.06646818028404078,0.050488478836928107,0.3994584910121979,kp_vy_oracle_vym3_s001@c3aaea0+dirty
784,460,0.4053220774793818,0.4161241229159502,0.16395649805058102,0.0029280006296849657,0.0014100128939601806,0.06650120421236619,0.04963055728657941,0.40227204013655427,kp_vy_oracle_vym3_s001@c3aaea0+dirty
785,459,0.40291719351521543,0.41366901730988354,0.15490843814038982,0.002907533188833928,0.001410754124627415,0.06667940872837577,0.049182800598762545,0.3999041347066068,kp_vy_oracle_vym3_s001@c3aaea0+dirty
786,457,0.4143112153886401,0.42762868470989485,0.08716453418686892,0.0029757149299195194,0.0014429464629576204,0.06659940152303134,0.05060189900974548,0.41120947339940944,kp_vy_oracle_vym3_s001@c3aaea0+dirty
787,458,0.41811698437736283,0.4331215784404061,0.07210339367919776,0.002897335525257405,0.0014358564166728537,0.06657402691501009,0.04913539294454521,0.4152198523493367,kp_vy_oracle_vym3_s001@c3aaea0+dirty
788,457,0.4114996018939778,0.4262907902769728,0.07542634338873642,0.0029744388269871557,0.001400513066776246,0.06635045494652629,0.050527727437774145,0.40838568917002493,kp_vy_oracle_vym3_s001@c3aaea0+dirty
789,457,0.3999735416221748,0.4142221461544846,-0.034924796348319825,0.0028842983499461254,0.00139620155067169,0.06665198866887237,0.04887780372503156,0.3969758107250401,kp_vy_oracle_vym3_s001@c3aaea0+dirty
790,458,0.3940047249150834,0.40591672533433426,0.021232400884823206,0.0029393272972891506,0.0014085808084489135,0.06675794939428895,0.04998745432994989,0.39082090228776367,kp_vy_oracle_vym3_s001@c3aaea0+dirty
791,459,0.409616101517375,0.420827119840893,0.02305353664551086,0.003034050200049355,0.0014436539115939967,0.06672135628487655,0.052029977202787195,0.4062982058717093,kp_vy_oracle_vym3_s001@c3aaea0+dirty
792,460,0.412411850462932,0.4261189610226346,0.005856980753803295,0.0031193071008147923,0.001469502604998828,0.06656206369529082,0.0537481193938671,0.40889445345208875,kp_vy_oracle_vym3_s001@c3aaea0+dirty
793,457,0.4004519821723314,0.41331719879722617,0.09115257524934171,0.003004460719221093,0.001416367971178701,0.06651373996431602,0.05134218321840252,0.3971470385740239,kp_vy_oracle_vym3_s001@c3aaea0+dirty
794,457,0.40388911702368885,0.41917868353587406,-0.02773132520958449,0.0031040104170241764,0.001457918793011539,0.06653409073242735,0.05346898021076539,0.40033421912871225,kp_vy_oracle_vym3_s001@c3aaea0+dirty
795,457,0.404316382483771,0.41830425359673923,-0.03993192008184724,0.003070014263390218,0.0014132915710855518,0.06637888371925732,0.05272126555004609,0.40086432281205137,kp_vy_oracle_vym3_s001@c3aaea0+dirty
796,458,0.39975678626813543,0.4146587921974869,-0.04186227301681602,0.003073367621398576,0.0014434238616498406,0.06659231783997882,0.052900956960637076,0.3962410591042737,kp_vy_oracle_vym3_s001@c3aaea0+dirty
797,459,0.3927854318415663,0.404734751383233,-0.021881472423312818,0.0031399187057550297,0.001459008752612309,0.06666282942132148,0.05427697416070585,0.38901723039336417,kp_vy_oracle_vym3_s001@c3aaea0+dirty
798,456,0.39505706888657605,0.40710218523013825,0.000970801959948954,0.0032421375780600083,0.0015284121065437589,0.06684881431687567,0.05656516257714092,0.39098653437154907,kp_vy_oracle_vym3_s001@c3aaea0+dirty
799,458,0.40734072011322986,0.41988468266297,-0.0010956494086550768,0.003199097622128027,0.001504471980458983,0.06645677009356105,0.055559577029916145,0.4035338841567353,kp_vy_oracle_vym3_s001@c3aaea0+dirty
800,457,0.4001101510993242,0.4118200849164142,0.10291737283548574,0.0031750456597294803,0.001496708887538835,0.06661090664263235,0.05510176586775425,0.39629777744895217,kp_vy_oracle_vym3_s001@c3aaea0+dirty
801,458,0.40628003998207984,0.4192102172754302,0.10120466006999174,0.002947673463668688,0.0014084838431535206,0.06636474523554069,0.05022617116599768,0.4031634936571568,kp_vy_oracle_vym3_s001@c3aaea0+dirty
802,457,0.386287741771511,0.3995302777986612,0.08288035806859864,0.0030883172151210596,0.0014483966747953542,0.06655233645864647,0.05318954455386645,0.3826082746009106,kp_vy_oracle_vym3_s001@c3aaea0+dirty
803,455,0.3974837046583696,0.41278350322413226,-0.025620937110895803,0.003038479915990415,0.0014254219841123238,0.06631636653824484,0.052154498784665944,0.3940472100211626,kp_vy_oracle_vym3_s001@c3aaea0+dirty
804,455,0.3984596508195512,0.40947382227964957,0.004621360806951486,0.002968920961011532,0.0014025580774978908,0.06645525964244589,0.05074572894798317,0.3952150861553447,kp_vy_oracle_vym3_s001@c3aaea0+dirty
805,455,0.38862763517691457,0.4019714872233652,0.030798744468907874,0.0029443798922656247,0.0013700438537202664,0.06653504801731369,0.05017199487873538,0.38537541404854714,kp_vy_oracle_vym3_s001@c3aaea0+dirty
806,457,0.40748770521958616,0.422932033493115,0.055833727709605964,0.0029537126371715406,0.0014080694211136295,0.06640781447251136,0.05051007894232269,0.4043451023944332,kp_vy_oracle_vym3_s001@c3aaea0+dirty
807,458,0.41247433118463755,0.4335929576090158,0.03783344796963189,0.0029957941022119737,0.0014020985137345023,0.06630959565292764,0.051337769268743665,0.4092670367043055,kp_vy_oracle_vym3_s001@c3aaea0+dirty
808,459,0.4005862015963749,0.41568458833498545,0.07800492726072424,0.003054914923096969,0.0014355931603988543,0.06654110505725508,0.052633751059594246,0.397113325335235,kp_vy_oracle_vym3_s001@c3aaea0+dirty
809,460,0.3968598813069563,0.41195276278594406,0.1574431819306445,0.003089254421720208,0.0014585702110400992,0.06658144927750727,0.05342172674636438,0.39324786649441373,kp_vy_oracle_vym3_s001@c3aaea0+dirty
810,461,0.3978759056520459,0.41350325745460026,0.16280528236262207,0.0030468764939538214,0.0014103649792418227,0.06636379074584248,0.05240723807851041,0.39440932759687375,kp_vy_oracle_vym3_s001@c3aaea0+dirty
811,459,0.401360163307657,0.4151566123822074,0.08579035171723347,0.0030351008629439214,0.0013905376397713822,0.06619544050106457,0.05197219924635668,0.39798099351080335,kp_vy_oracle_vym3_s001@c3aaea0+dirty
812,458,0.39312285467597363,0.4081936467824904,0.1458207143329305,0.003201147765712365,0.0014246464681629376,0.06635482382686163,0.05557411570585296,0.3891748919600276,kp_vy_oracle_vym3_s001@c3aaea0+dirty
813,458,0.3949488268708638,0.4074151096102208,0.21448793465695895,0.0032146885522737457,0.0014299899718899572,0.0664127141198114,0.05594379776633941,0.3909665808456657,kp_vy_oracle_vym3_s001@c3aaea0+dirty
814,459,0.3959512126873931,0.4091821326248693,0.20878718025365747,0.0032165088600052873,0.001461275091692512,0.06639096874566988,0.056099816004459443,0.3919568515447625,kp_vy_oracle_vym3_s001@c3aaea0+dirty
815,458,0.39932223808988854,0.4127715249006472,0.2320992016020968,0.003228305460854778,0.001427708119779112,0.06612593789234178,0.05617602064390511,0.3953511155134549,kp_vy_oracle_vym3_s001@c3aaea0+dirty
816,457,0.39805510892997814,0.4159997619799427,0.27285333779687926,0.0032110715547163577,0.0014626962628809283,0.06609038288517925,0.05606034419199508,0.39408769018371,kp_vy_oracle_vym3_s001@c3aaea0+dirty
817,458,0.394600683125714,0.41269779781102633,0.2902788467707305,0.0031150877388284406,0.0014283632543760794,0.06617300137994646,0.05393275485531562,0.39089762991990185,kp_vy_oracle_vym3_s001@c3aaea0+dirty
818,458,0.40386707678544154,0.4202643291330525,0.275946925708184,0.003226702731587859,0.0014470622620783452,0.06618293433039756,0.05623626102609657,0.399932617645801,kp_vy_oracle_vym3_s001@c3aaea0+dirty
819,459,0.4092916502698008,0.4231657353445077,0.24900947783258548,0.003208810601080732,0.0014772642957370965,0.06644099035133118,0.055932108533073954,0.4054519135675911,kp_vy_oracle_vym3_s001@c3aaea0+dirty
820,461,0.41346075118990666,0.4254686428679035,0.20773634404681585,0.003329036587095539,0.0014919602134031197,0.06637471811299757,0.05840662698399911,0.4093146206756777,kp_vy_oracle_vym3_s001@c3aaea0+dirty
821,461,0.4079062389573444,0.4215594664793449,0.103278117954828,0.003320922844475335,0.0015232427060996895,0.06636577554851295,0.058239178548273735,0.40372725677411037,kp_vy_oracle_vym3_s001@c3aaea0+dirty
822,457,0.4062960271511923,0.42384481360273435,0.1505653176826946,0.0033265928245659678,0.001518150579327168,0.06623974728786085,0.058357035243987304,0.4020832228735419,kp_vy_oracle_vym3_s001@c3aaea0+dirty
823,457,0.4043377008151834,0.42254932339511475,0.04419393569313855,0.003278002161355266,0.0015090058029234082,0.06609932900063972,0.05730296455515482,0.40025660088710524,kp_vy_oracle_vym3_s001@c3aaea0+dirty
824,456,0.4092555117434554,0.4287525710554055,0.10112938403264843,0.0031750658871276213,0.0015016052394312464,0.06617333594350987,0.055152116093686344,0.4055222780351113,kp_vy_oracle_vym3_s001@c3aaea0+dirty
825,455,0.4027516261360547,0.42344745387363003,0.014901493892540724,0.0030809154715558122,0.0014729019036790363,0.06619238793926839,0.053216144212996065,0.3992203831849496,kp_vy_oracle_vym3_s001@c3aaea0+dirty
826,456,0.3984450869534779,0.4184809711662767,0.0009149277984102974,0.003113954422762319,0.0014836216743572342,0.06617813175970931,0.05385945648381881,0.39478810299277284,kp_vy_oracle_vym3_s001@c3aaea0+dirty
827,454,0.4009006331147356,0.41844756050958176,-0.08982256197235253,0.003182761110710887,0.001505227227806098,0.06610696580885488,0.05533005854674659,0.3970641034556126,kp_vy_oracle_vym3_s001@c3aaea0+dirty
828,453,0.4055769972169301,0.4267391525750932,-0.06786971792551819,0.0031058685840893428,0.0014633860003677715,0.06596393077248724,0.05363011013114862,0.4020155618366316,kp_vy_oracle_vym3_s001@c3aaea0+dirty
829,454,0.4176857454687888,0.4390996982022413,-0.0770448473021901,0.0031326385828131984,0.001498110330782243,0.06582218828773286,0.05424862637251309,0.41414788240979006,kp_vy_oracle_vym3_s001@c3aaea0+dirty
830,454,0.4090813704951796,0.42824424185353516,-0.07871521094727017,0.003147941112148976,0.001499679459659921,0.0660945072156977,0.05453648954521703,0.40542982006051165,kp_vy_oracle_vym3_s001@c3aaea0+dirty
831,454,0.4072182792834673,0.426729420829878,-0.011380819538643505,0.0032217562472779083,0.0015588544493790536,0.06627805619347137,0.05620731453250166,0.403320548417301,kp_vy_oracle_vym3_s001@c3aaea0+dirty
832,453,0.39889065643626115,0.4206074561521194,0.03936940903900776,0.003050158506888077,0.0014680574089344276,0.06623248447342968,0.052543197934115986,0.3954149316136249,kp_vy_oracle_vym3_s001@c3aaea0+dirty
833,453,0.40056120595055406,0.4192994054649859,0.0017680968164849528,0.0031554840821234067,0.0015043807858023497,0.06628217757436608,0.05475193049571874,0.3968015950315147,kp_vy_oracle_vym3_s001@c3aaea0+dirty
834,452,0.41377351728840434,0.43691098988459887,-0.043277290528035355,0.003186083772788328,0.0015043019141031129,0.06641961904802049,0.05533198761622789,0.4100571847384887,kp_vy_oracle_vym3_s001@c3aaea0+dirty
835,453,0.40396337595889914,0.428221609382699,-0.07819843870731585,0.0030250459898317466,0.001450186986550842,0.06627775092714935,0.05196466162211454,0.4006071430449163,kp_vy_oracle_vym3_s001@c3aaea0+dirty
836,452,0.4032578716954528,0.4261837269623371,-0.06403126433176742,0.0030502200567232604,0.00143488425966218,0.06640033962381672,0.05239962458727615,0.39983895561520616,kp_vy_oracle_vym3_s001@c3aaea0+dirty
837,451,0.39717719316066324,0.4150577208088409,-0.024762848016302907,0.0031534238466311136,0.0014479854110641505,0.06640595073207937,0.05457453497088517,0.3934098917156182,kp_vy_oracle_vym3_s001@c3aaea0+dirty
838,453,0.41519894446777333,0.43568613745887586,-0.05335788403159787,0.0032115393444132707,0.0015054745235369511,0.06641908210545981,0.0559636172896268,0.4114100594625918,kp_vy_oracle_vym3_s001@c3aaea0+dirty
839,454,0.3999863101793683,0.4194827798439628,0.0450526363458632,0.003217894502753771,0.001483125277785514,0.06647856570081186,0.05590496223244107,0.39606020189952834,kp_vy_oracle_vym3_s001@c3aaea0+dirty
840,452,0.3995534547613743,0.41881417409575666,-0.005053122240963548,0.0032883181732997467,0.001535999728985656,0.06656985896002224,0.05750492826146971,0.3953936600875042,kp_vy_oracle_vym3_s001@c3aaea0+dirty
841,453,0.4054024831784866,0.4271995606307192,-0.09242886826337382,0.0032874654579294507,0.0015774934589872036,0.0666104397188158,0.05768714212194043,0.40127716979799155,kp_vy_oracle_vym3_s001@c3aaea0+dirty
842,452,0.4104320455998212,0.4351811185908875,-0.11270382253753133,0.0031693190868640132,0.0015142180958495678,0.06628020313510903,0.05509163958730335,0.406717807948996,kp_vy_oracle_vym3_s001@c3aaea0+dirty
843,453,0.42064379423274684,0.44009059890562663,-0.017946145136480934,0.0032571413698287465,0.0015367969643664192,0.06629945416439378,0.05701371410634258,0.4167620880434324,kp_vy_oracle_vym3_s001@c3aaea0+dirty
844,453,0.41121980197518626,0.42985235737619465,0.09122145875823798,0.00321456081960997,0.0015165068483573632,0.0665735093444084,0.056056745179238206,0.4073811076331613,kp_vy_oracle_vym3_s001@c3aaea0+dirty
845,453,0.40782167823680654,0.4270984730067166,0.1554877175174001,0.003139260679284049,0.0014561605302970996,0.06622653222382112,0.054191527765833226,0.4042051453881931,kp_vy_oracle_vym3_s001@c3aaea0+dirty
846,451,0.41938124873486404,0.4415142771740989,0.26601246847711496,0.003172006688296183,0.001463283937365752,0.06622931721955569,0.05500826811655642,0.41575800921838046,kp_vy_oracle_vym3_s001@c3aaea0+dirty
847,453,0.399011941350467,0.41972733167891213,0.28021521080279665,0.00312074221424119,0.0014528977124928177,0.06641203440341735,0.05392023614534263,0.39535191598662955,kp_vy_oracle_vym3_s001@c3aaea0+dirty
848,453,0.40956985148155006,0.4276105459575946,0.18704318506742507,0.0031828081656986324,0.0014387777118485621,0.066077779051987,0.05517917162043176,0.40583583166337334,kp_vy_oracle_vym3_s001@c3aaea0+dirty
849,454,0.41797632390387846,0.4338060100605173,0.25067054025397095,0.003234912003544586,0.0014260997442093303,0.06598465639715523,0.05602953081273404,0.4142039340966051,kp_vy_oracle_vym3_s001@c3aaea0+dirty
850,454,0.41236835321209125,0.4288719952787445,0.2827139556219668,0.0031677776178007364,0.001391057540001015,0.06612988359424188,0.054632291605640336,0.4087333745178736,kp_vy_oracle_vym3_s001@c3aaea0+dirty
851,454,0.4128199799918792,0.4319251798402414,0.37673951527991295,0.003209449884618572,0.0013837927780468255,0.06609117526436004,0.05536590717521505,0.40909039612677417,kp_vy_oracle_vym3_s001@c3aaea0+dirty
852,453,0.42128846825764804,0.43915146559983137,0.3943834527995471,0.003352239951225696,0.0014095298970828079,0.06607364694765501,0.058372085282259914,0.4172249670701358,kp_vy_oracle_vym3_s001@c3aaea0+dirty
853,450,0.41061998538996247,0.4306536566350762,0.4081274053012782,0.003417960306215099,0.0014353416575608178,0.06644432526282237,0.05991629092129622,0.40622507367700433,kp_vy_oracle_vym3_s001@c3aaea0+dirty
854,452,0.420324453668398,0.4420130894849116,0.34530688605408205,0.0033795346672453497,0.0014220692035545731,0.06618228332938142,0.05901752989687086,0.4161605189305074,kp_vy_oracle_vym3_s001@c3aaea0+dirty
855,453,0.42007575182362134,0.4401480621263016,0.33869810304891124,0.003437121195909913,0.001447113383059935,0.06627083512234427,0.06034276648479769,0.4157191212864064,kp_vy_oracle_vym3_s001@c3aaea0+dirty
856,454,0.42005086514439216,0.4422317269811265,0.3181996296570455,0.0035028829706177517,0.0014993018314215913,0.06641355303596458,0.06185935825526473,0.4154709967071097,kp_vy_oracle_vym3_s001@c3aaea0+dirty
857,454,0.43111155236539234,0.45182875640641235,0.287243227905005,0.0035125027512481256,0.0014933261314344175,0.06637299437441575,0.061969542136354444,0.4266344412143832,kp_vy_oracle_vym3_s001@c3aaea0+dirty
858,454,0.44567711829596696,0.4668267170729464,0.28072946207950533,0.003640865793828145,0.0015897532251456542,0.06659221231692522,0.06496249637830744,0.44091718931891927,kp_vy_oracle_vym3_s001@c3aaea0+dirty
859,453,0.43825800493856865,0.460512492573922,0.2866127494205982,0.00363730547240038,0.001583345655040422,0.06654335978962832,0.06488515308507821,0.43342818990215715,kp_vy_oracle_vym3_s001@c3aaea0+dirty
860,453,0.4449087807939768,0.46544387591614905,0.34424033099467966,0.003725344415888523,0.001630662675291474,0.06649602381194508,0.06674911611477112,0.43987313935438216,kp_vy_oracle_vym3_s001@c3aaea0+dirty
861,453,0.4416930236570399,0.4569610162793457,0.34164776513412426,0.003659098169352059,0.0015950321269354046,0.06641151635989963,0.06530543701417366,0.43683855947441974,kp_vy_oracle_vym3_s001@c3aaea0+dirty
862,454,0.42822540241817936,0.44483759421808533,0.3671135493012416,0.0034229205011270473,0.0015063844630072965,0.06623719636806243,0.06006849354919192,0.42399147557343925,kp_vy_oracle_vym3_s001@c3aaea0+dirty
863,454,0.4207464276117151,0.4371499176059098,0.46218145490309165,0.003286997812293609,0.0014537016176077169,0.06606391629847463,0.05695093031704942,0.4168742590806523,kp_vy_oracle_vym3_s001@c3aaea0+dirty
864,455,0.4269637073556148,0.4427842993658823,0.430037125358264,0.0033697889477871273,0.0014677246674336196,0.06605878780681892,0.058852005007011175,0.4228882227084432,kp_vy_oracle_vym3_s001@c3aaea0+dirty
865,455,0.42429130450842906,0.4414775956256692,0.44989533417002747,0.0033480693480713083,0.0014876702428547326,0.06616061985251562,0.058551681570754015,0.42023185465490537,kp_vy_oracle_vym3_s001@c3aaea0+dirty
866,455,0.42523241056052286,0.4423641696627907,0.4627103190628967,0.0034078408923449567,0.0015155031567123602,0.06616972146739222,0.059869371105600214,0.42099674748688143,kp_vy_oracle_vym3_s001@c3aaea0+dirty
867,455,0.4223106101034125,0.44496435801102735,0.5271325197053855,0.003342503572957144,0.0014951973365007812,0.06614297834760459,0.058572356739848806,0.41822904063665445,kp_vy_oracle_vym3_s001@c3aaea0+dirty
868,454,0.41171322723235665,0.43243434883609366,0.4901251943494789,0.0033113302193865796,0.0014864681534734506,0.06629368213544548,0.05790257959664638,0.40762123687822766,kp_vy_oracle_vym3_s001@c3aaea0+dirty
869,453,0.4141288338697789,0.4340083933150621,0.46782178483455267,0.0033242507939782837,0.0014576124327546737,0.06628369400107842,0.05816692436274813,0.41002353585193285,kp_vy_oracle_vym3_s001@c3aaea0+dirty
870,452,0.4140677286733053,0.43609767069465727,0.4541343740830192,0.0033613856799502005,0.001486917687759693,0.06636814490482366,0.059045980892935016,0.40983613319113427,kp_vy_oracle_vym3_s001@c3aaea0+dirty
871,452,0.4243625120507442,0.442875766692243,0.45841258800912565,0.0033706333750209193,0.0014713459751292252,0.06621892742276163,0.05904687377374203,0.42023446828117966,kp_vy_oracle_vym3_s001@c3aaea0+dirty
872,453,0.41885645664615273,0.4385268703782779,0.48393678756791814,0.003372725063331825,0.0014894556388797215,0.06646693359141881,0.059236379112521484,0.41464657560844276,kp_vy_oracle_vym3_s001@c3aaea0+dirty
873,454,0.4166790227986778,0.4367822845225505,0.46250313118592196,0.003224888063496705,0.001432051911982665,0.06633170554044299,0.056006826218915874,0.41289786080500007,kp_vy_oracle_vym3_s001@c3aaea0+dirty
874,454,0.41876012831342574,0.4386463872166295,0.40816263167502953,0.0031301906947467832,0.0013667849083722219,0.06616574663547341,0.05392280971600705,0.4152738562170849,kp_vy_oracle_vym3_s001@c3aaea0+dirty
875,455,0.4252950358946914,0.4456392307187086,0.33426758431747333,0.003141391179803643,0.0013768723417515024,0.06611306038242733,0.054094761164208284,0.42184075712436103,kp_vy_oracle_vym3_s001@c3aaea0+dirty
876,455,0.42628744514461026,0.44167295126187456,0.3394782295705832,0.003215161826478205,0.0013848078205090657,0.06616645058682304,0.05564640631782424,0.42263987430415356,kp_vy_oracle_vym3_s001@c3aaea0+dirty
877,456,0.4185723006324455,0.43510086151440963,0.23555425607379246,0.0032140492415497724,0.0013638675369287022,0.06615948994862876,0.055643131841061275,0.41485734022149906,kp_vy_oracle_vym3_s001@c3aaea0+dirty
878,456,0.4153170042088042,0.42860335253645554,0.2532543358531699,0.0032390654734841466,0.0013944597757101782,0.06652390600899842,0.05633310114521201,0.4114787913129171,kp_vy_oracle_vym3_s001@c3aaea0+dirty
879,457,0.40590626326905244,0.42070499660450517,0.2794534482642921,0.003174616517885266,0.0013911440308250979,0.06647449888355114,0.05505167265429981,0.40215570106490983,kp_vy_oracle_vym3_s001@c3aaea0+dirty
880,458,0.4160524121550891,0.4296205259866538,0.2717842277407041,0.0033218758242086165,0.0014309132220804944,0.06631409286317563,0.0582014400509431,0.41196140843052836,kp_vy_oracle_vym3_s001@c3aaea0+dirty
881,458,0.42396821422900133,0.43667690550178395,0.32306410089296167,0.003367528443412089,0.0014311025441465523,0.0662666718121752,0.05908643664003479,0.4198307274148851,kp_vy_oracle_vym3_s001@c3aaea0+dirty
882,458,0.41628471335660655,0.43143619844878495,0.37058670006891437,0.0032239365785124937,0.0013824327114286875,0.06626857846948288,0.055928320421604456,0.4125105884086012,kp_vy_oracle_vym3_s001@c3aaea0+dirty
883,459,0.4079855815266493,0.4211443398633856,0.4106176371358351,0.003165090947551653,0.0013649336853276306,0.06644422782373274,0.05460626143238184,0.4043147176965199,kp_vy_oracle_vym3_s001@c3aaea0+dirty
884,459,0.3954803489961589,0.40770184625936073,0.3713960121186926,0.003169038622164841,0.0013683493916195508,0.06647257941850723,0.05479957337556512,0.3916653076288219,kp_vy_oracle_vym3_s001@c3aaea0+dirty
885,460,0.39992931735892046,0.4136682115237769,0.36543049261776894,0.0031327608837550514,0.001369515700743527,0.06631683450509473,0.05407700912105903,0.39625640180026495,kp_vy_oracle_vym3_s001@c3aaea0+dirty
886,460,0.4039354178088993,0.41722590211035476,0.36429904036177246,0.003306145108191239,0.0014206682041510387,0.06648772733145528,0.05769361236006372,0.3997940330386345,kp_vy_oracle_vym3_s001@c3aaea0+dirty
887,460,0.42197058723587105,0.43868454289521,0.35762287122654357,0.0035066308538822095,0.0014743421189596377,0.066563115952976,0.06216534527310782,0.4173663215201499,kp_vy_oracle_vym3_s001@c3aaea0+dirty
888,458,0.404850777432471,0.4216347212643642,0.35896490721307156,0.003403103755059577,0.0014311631245903687,0.06648850479930087,0.059781917455165264,0.40041263008683925,kp_vy_oracle_vym3_s001@c3aaea0+dirty
889,457,0.40931835935938327,0.42463575291824923,0.37304928295508,0.0033490919958134554,0.0014359095119704241,0.06639129452790005,0.05869807171111735,0.4050877135708435,kp_vy_oracle_vym3_s001@c3aaea0+dirty
890,455,0.412405930430038,0.4303345226933098,0.3859172337825603,0.0033285187128020755,0.0014186444360873628,0.06634494363657889,0.0581716990755563,0.4082826286783804,kp_vy_oracle_vym3_s001@c3aaea0+dirty
891,456,0.40098909232006685,0.41728535192975813,0.3087007129759681,0.0032846934755572663,0.0013856008099932795,0.06623610727275682,0.05713135092898055,0.39689830045075875,kp_vy_oracle_vym3_s001@c3aaea0+dirty
892,456,0.4076182088709882,0.42337519213035063,0.2696322714099284,0.0032834510652616907,0.0013890536721259672,0.06620871223190958,0.057193859585615854,0.4035857611820484,kp_vy_oracle_vym3_s001@c3aaea0+dirty
893,456,0.4023560532199645,0.4189877395056507,0.22655335947368532,0.0032782623196212666,0.0014131285753891244,0.06626122465158181,0.05708720122342924,0.39828563245392445,kp_vy_oracle_vym3_s001@c3aaea0+dirty
894,456,0.3987472982429316,0.4144491266580283,0.2612822176880043,0.0032252349646874016,0.001393135758079397,0.06626072316712683,0.05595830777350117,0.3948013116077042,kp_vy_oracle_vym3_s001@c3aaea0+dirty
895,456,0.3992069747275905,0.41145960722128566,0.39660793965598146,0.0032502552369231617,0.0013684243069214518,0.06633186460056574,0.056443380761445186,0.3951966009967363,kp_vy_oracle_vym3_s001@c3aaea0+dirty
896,457,0.403962563081097,0.41357873335801126,0.32859307055515763,0.0032226510844899172,0.0013340768571045128,0.06623591335904014,0.05566437261695369,0.4001090226328447,kp_vy_oracle_vym3_s001@c3aaea0+dirty
897,457,0.40675448691925215,0.41704079887150663,0.30589132223732673,0.0033152655536091537,0.0013939960566500308,0.0664593576749619,0.057648098025729254,0.4026486178083317,kp_vy_oracle_vym3_s001@c3aaea0+dirty
898,458,0.4011356649845317,0.4119894316928567,0.3052991012103693,0.003295937233821062,0.0013855861013586978,0.0665351973103225,0.05722350181058273,0.3970331126784222,kp_vy_oracle_vym3_s001@c3aaea0+dirty
