month,n,sr_max,sr_max_code,rf,mean_mu,sd_mu,mean_idio_sd,sr_ew,sr_orth,prov
414,454,0.22977594562337555,0.23007462638219175,0.12179950252611843,0.004351252796270954,0.0010727808386697373,0.06794039783661664,0.08934357582329167,0.21169485266823135,kp_vy_oracle_kpbase_s006@c3aaea0+dirty
415,455,0.22894394670056084,0.2293263076494095,0.05934666678841664,0.004463501839816114,0.001073197239547559,0.0686514438171852,0.09302113493868273,0.2091946442563686,kp_vy_oracle_kpbase_s006@c3aaea0+dirty
416,456,0.22897750856555782,0.22932362555768915,0.16093612621481646,0.004444771215472833,0.0010798771309243177,0.06868416688672792,0.0923827932205376,0.2095140065619993,kp_vy_oracle_kpbase_s006@c3aaea0+dirty
417,457,0.22858322493787836,0.22901880716924256,0.2086889761961102,0.0042842742805337805,0.0010661890551791032,0.06775205230094652,0.08717555655332941,0.2113071533635763,kp_vy_oracle_kpbase_s006@c3aaea0+dirty
418,456,0.22808883998094237,0.22854270269300414,0.18427346744604098,0.004207242785153318,0.0010338547406436084,0.06707200338546508,0.08476442516061548,0.21175342063598962,kp_vy_oracle_kpbase_s006@c3aaea0+dirty
419,457,0.22831535244337495,0.22875119585542983,0.07618987202471761,0.004255734730338261,0.0010375710970058894,0.06742164346555281,0.08629364841990049,0.21137953165745524,kp_vy_oracle_kpbase_s006@c3aaea0+dirty
420,459,0.22807948345480722,0.228593201298788,0.08261451647946816,0.004253254442315172,0.0010350244126346498,0.06740753463070695,0.08624116537516602,0.21114618672319171,kp_vy_oracle_kpbase_s006@c3aaea0+dirty
421,459,0.2285121546854815,0.2289229555192314,0.10038521611552839,0.0043776621129810265,0.0010573413934417812,0.0682211738916863,0.09024070557307944,0.20993908615756668,kp_vy_oracle_kpbase_s006@c3aaea0+dirty
422,459,0.22852779502474851,0.2289599996382755,0.05431601677973946,0.004422195569978373,0.0010557960187831713,0.0685494089897202,0.09169781997245138,0.2093238230856043,kp_vy_oracle_kpbase_s006@c3aaea0+dirty
423,459,0.22853142457184045,0.2290206865772817,0.03061222492369859,0.004388885625082764,0.0010473165361521547,0.0681993622644225,0.09061383378524694,0.20979929729046864,kp_vy_oracle_kpbase_s006@c3aaea0+dirty
424,459,0.22841486097341632,0.228919014157015,-0.1027204126224073,0.0043705727696965,0.0010476386997967802,0.06799497675037931,0.09001142624239648,0.20993163615642765,kp_vy_oracle_kpbase_s006@c3aaea0+dirty
425,459,0.22885229485775793,0.22928801921564015,-0.05806361254858466,0.004339217507304223,0.0010668180857060353,0.06772302342509486,0.08898199902644637,0.21084491151298787,kp_vy_oracle_kpbase_s006@c3aaea0+dirty
426,459,0.22928478259081694,0.22968172416081858,-0.11240456713313546,0.004325082365875436,0.0010747340328508533,0.06788339546643354,0.08849057092154133,0.21152052001093855,kp_vy_oracle_kpbase_s006@c3aaea0+dirty
427,459,0.22917489913534347,0.22955526658984962,-0.11161555448455274,0.004363880820493621,0.0010750851469818973,0.06808700653123319,0.08975417595649325,0.2108680210275273,kp_vy_oracle_kpbase_s006@c3aaea0+dirty
428,459,0.22934503480982202,0.22975817572111498,-0.12022036426504487,0.004436401263736187,0.0010622865906049664,0.06833365404846219,0.09213396685520613,0.2100249440981767,kp_vy_oracle_kpbase_s006@c3aaea0+dirty
429,459,0.2293740117304374,0.22980089871906362,-0.16452862055941975,0.004316502624162081,0.0010462174761022055,0.06757826651189892,0.08823717210466323,0.21172302358573777,kp_vy_oracle_kpbase_s006@c3aaea0+dirty
430,459,0.22957829057139187,0.23001261878577453,-0.23488567543092034,0.0043679186521984464,0.0010414597223639447,0.06786984337343621,0.08987018214462682,0.2112570516289907,kp_vy_oracle_kpbase_s006@c3aaea0+dirty
431,458,0.2295707570664556,0.22999364053176666,-0.09177650172238569,0.0044097771478284285,0.0010491509224323523,0.06792753230000044,0.09127004238374066,0.21064783849670937,kp_vy_oracle_kpbase_s006@c3aaea0+dirty
432,459,0.22933988986692808,0.22968471238023178,-0.14553845754639172,0.004447014488180087,0.0010702106452701015,0.06807806767330611,0.09250494308788351,0.2098561902553321,kp_vy_oracle_kpbase_s006@c3aaea0+dirty
433,460,0.22989442878541422,0.23012824738708934,-0.17391919244961573,0.00442635621438,0.0010842067179014014,0.06792839478059129,0.09182313345518145,0.21076043402176753,kp_vy_oracle_kpbase_s006@c3aaea0+dirty
434,459,0.22949640541397165,0.22970642706694439,-0.11114262796663198,0.004459667539129869,0.0010927115257401265,0.06805002109562117,0.09295607200551322,0.2098279504147145,kp_vy_oracle_kpbase_s006@c3aaea0+dirty
435,457,0.2296513645292513,0.2298671479812883,-0.11747559814755272,0.004469712629248492,0.0010825422619610875,0.06808185368977485,0.09327488167931758,0.20985601177439822,kp_vy_oracle_kpbase_s006@c3aaea0+dirty
436,457,0.2288600451083763,0.22912830117889668,-0.010563568675577395,0.004414363519433142,0.00107691223011865,0.06783303995186833,0.09148595335873266,0.20977902799148399,kp_vy_oracle_kpbase_s006@c3aaea0+dirty
437,458,0.22902962828394877,0.22925672653637164,0.07776790568152074,0.004427212912595763,0.0010870375320268,0.06811147294727962,0.0918616366146284,0.20979992933832392,kp_vy_oracle_kpbase_s006@c3aaea0+dirty
438,458,0.22918386420246112,0.22938901109346332,0.12697227227627886,0.0044937531051552,0.0010999773765664376,0.06863756555416552,0.094051662136506,0.20899647954004552,kp_vy_oracle_kpbase_s006@c3aaea0+dirty
439,458,0.22963391894695004,0.22989940926550975,0.08927579021454085,0.004579708515750066,0.0010997232247705571,0.06912956646165139,0.09693800512506037,0.20817002640463922,kp_vy_oracle_kpbase_s006@c3aaea0+dirty
440,459,0.22995557253309926,0.2302642039608087,0.12431928321743765,0.004555521527736419,0.0010939620837391298,0.06893836898931813,0.09611528965660208,0.20890528100853015,kp_vy_oracle_kpbase_s006@c3aaea0+dirty
441,458,0.22920536928161112,0.2295846884677473,0.08008316856097991,0.0045536108506923035,0.0010829589514604126,0.06900812962907817,0.09600682617568478,0.20812926424506373,kp_vy_oracle_kpbase_s006@c3aaea0+dirty
442,461,0.22931072365761934,0.22973239954000269,0.1536501576418478,0.004656666317358226,0.001086966124119508,0.06986159295531685,0.09949577234890224,0.20660106308796303,kp_vy_oracle_kpbase_s006@c3aaea0+dirty
443,461,0.2293770939657676,0.22994431690966136,0.1793279233501696,0.004588139719382072,0.0010783949503090987,0.06949487261778843,0.09716818330204738,0.20777919864596722,kp_vy_oracle_kpbase_s006@c3aaea0+dirty
444,460,0.22962617573818148,0.23001514374969337,0.19284760502445505,0.004431237946426775,0.0010820617746201625,0.06839513093936597,0.09198518605172745,0.210397020252596,kp_vy_oracle_kpbase_s006@c3aaea0+dirty
445,456,0.23011829014718257,0.23042269026113885,0.13292831261485177,0.0044833483751729655,0.001096723664829625,0.068559879266767,0.09371063710064036,0.2101731285261153,kp_vy_oracle_kpbase_s006@c3aaea0+dirty
446,455,0.22924107873307134,0.22958566772144143,0.16074302092126275,0.004373373638777793,0.0010835853141551318,0.06786428913793636,0.09010876657031033,0.21078871498702093,kp_vy_oracle_kpbase_s006@c3aaea0+dirty
447,455,0.2299056992241503,0.23019835340884137,0.11244279072294278,0.0043925126434792745,0.001090609320202292,0.06786382009745548,0.0907393718780354,0.21124156060521107,kp_vy_oracle_kpbase_s006@c3aaea0+dirty
448,454,0.23057455260437587,0.23087293712773863,0.042818175682778584,0.004439940348425153,0.0010976511227198148,0.06792174796694803,0.09229800861537008,0.21129529553292276,kp_vy_oracle_kpbase_s006@c3aaea0+dirty
449,455,0.23114617373353108,0.23135502558125778,0.02600405427678261,0.004493898338495396,0.0011058385089118667,0.06823808832353104,0.09405061573317508,0.21114695193599736,kp_vy_oracle_kpbase_s006@c3aaea0+dirty
450,457,0.23127869586835884,0.23146189046809731,-0.03586732761356927,0.004468335485737078,0.0011037243089896704,0.06808699092655417,0.09318370417596704,0.21167577196886442,kp_vy_oracle_kpbase_s006@c3aaea0+dirty
451,456,0.2305810896220071,0.23074192691419382,0.06360153920411446,0.004397107933289489,0.0010918134335423232,0.06766793643340858,0.09084669911020235,0.2119304512146672,kp_vy_oracle_kpbase_s006@c3aaea0+dirty
452,455,0.23056741649707094,0.23074107009628825,-0.02505032260665426,0.004419664744600679,0.001090898694475113,0.06770202754554844,0.09159999776387977,0.21159105359109823,kp_vy_oracle_kpbase_s006@c3aaea0+dirty
453,455,0.2301487063465029,0.23032486525916956,-0.033521256012714336,0.0044329608786692985,0.0010924279778971667,0.06785927505318305,0.09203999603514748,0.21094327712164437,kp_vy_oracle_kpbase_s006@c3aaea0+dirty
454,456,0.23046069924296284,0.23063202720978265,0.0026870126106976824,0.004365654059081843,0.001092613670165069,0.06751403684323677,0.08982677993937098,0.21223403002647617,kp_vy_oracle_kpbase_s006@c3aaea0+dirty
455,456,0.23047701690335662,0.23066346675030536,0.010841676093099927,0.004344095909172823,0.0010906067548499536,0.06753871165114649,0.08908974928550883,0.21256216006833226,kp_vy_oracle_kpbase_s006@c3aaea0+dirty
456,455,0.2308665109455575,0.23103249106081147,-0.11917569096569539,0.004347954937044225,0.0010896539738441127,0.06742047495794251,0.08923975122312804,0.21292161157996486,kp_vy_oracle_kpbase_s006@c3aaea0+dirty
457,454,0.23069726473744556,0.23084441953155221,-0.11111410212462773,0.004392050934695052,0.0011036414921490832,0.06764470655646043,0.0906454929822851,0.21214292955301986,kp_vy_oracle_kpbase_s006@c3aaea0+dirty
458,455,0.23136246721265347,0.23149581313525652,-0.17187055607815255,0.004451535037790159,0.0011126101564056445,0.06797129285625307,0.0925842698811705,0.21203005495753835,kp_vy_oracle_kpbase_s006@c3aaea0+dirty
459,454,0.2307347992655731,0.2308624221856928,-0.13228460851497267,0.004484755759512957,0.0011116493485123326,0.06813348731073945,0.09371397092059379,0.21084648265128453,kp_vy_oracle_kpbase_s006@c3aaea0+dirty
460,452,0.2305286052451433,0.2306907823031611,-0.049901417369659404,0.004434009052998325,0.0010977331701555297,0.06774174929491904,0.09204688045277287,0.21135470100090997,kp_vy_oracle_kpbase_s006@c3aaea0+dirty
461,452,0.23011800703623042,0.2302779816656998,-0.026811393964487666,0.0045620006476768645,0.0011128255718882729,0.0685704202330522,0.09632028428936028,0.20898971265768898,kp_vy_oracle_kpbase_s006@c3aaea0+dirty
462,454,0.2301597627425654,0.23035648156266,-0.11253596081681996,0.004436624906442522,0.0011058396285214401,0.06795111819293256,0.09212277770364728,0.21091920304675527,kp_vy_oracle_kpbase_s006@c3aaea0+dirty
463,456,0.23034575589061482,0.23053393773889214,-0.07732259326831416,0.0044563599085426595,0.0011092846616889676,0.06819476059479145,0.09275318368543718,0.21084594891302572,kp_vy_oracle_kpbase_s006@c3aaea0+dirty
464,456,0.23075094355497255,0.23096291112083084,-0.06667365260789745,0.004430378485981773,0.001115804454530282,0.06811080773244492,0.0918463983723562,0.21168428627920538,kp_vy_oracle_kpbase_s006@c3aaea0+dirty
465,455,0.2302927957359535,0.23054132884107068,-0.19217750826063706,0.004434876820386594,0.0011066450305420772,0.06811348805036757,0.09200370467344697,0.21111629518879577,kp_vy_oracle_kpbase_s006@c3aaea0+dirty
466,455,0.22970380335352886,0.22992601586547473,-0.20924040217993464,0.004318764466258573,0.0010958754194207538,0.06739614066060931,0.08823604704167264,0.2120807329238948,kp_vy_oracle_kpbase_s006@c3aaea0+dirty
467,455,0.22960269222005542,0.22976287943812615,-0.08572204827061848,0.004332783137667764,0.0010970522446174225,0.06721269088078971,0.0887557620227157,0.2117541286078374,kp_vy_oracle_kpbase_s006@c3aaea0+dirty
468,455,0.22962166771687076,0.22979001332034504,-0.12344859432622406,0.004244691643781959,0.0010838354913357611,0.06669333917787147,0.08593597997991419,0.21293453836794254,kp_vy_oracle_kpbase_s006@c3aaea0+dirty
469,456,0.22973686489527756,0.2298622308519008,-0.0515477020767645,0.004251872467423219,0.0010898630464675188,0.06672997687893117,0.08617308117226054,0.2129629713663622,kp_vy_oracle_kpbase_s006@c3aaea0+dirty
470,457,0.2301832721508396,0.2303285477595776,-0.12157760291020742,0.004272442138608633,0.0010894267450079322,0.06673863400385605,0.08682443922464983,0.21318033570522538,kp_vy_oracle_kpbase_s006@c3aaea0+dirty
471,459,0.23067529692062871,0.2308481956955799,-0.09119790766620033,0.004307058577124108,0.0010862232425588488,0.0668644530061683,0.08791853856654326,0.21326374090722375,kp_vy_oracle_kpbase_s006@c3aaea0+dirty
472,459,0.23060813807665928,0.2308372069570395,-0.06619206917505728,0.004375298836247086,0.0010957528431642842,0.06740309049115398,0.09010508682345426,0.21227620374342793,kp_vy_oracle_kpbase_s006@c3aaea0+dirty
473,461,0.23060014569895593,0.2308547226305878,-0.02343385869565224,0.0043322104451833454,0.0010888462753086364,0.06734709607908596,0.08868345589129081,0.21286538433375488,kp_vy_oracle_kpbase_s006@c3aaea0+dirty
474,460,0.2305947850055467,0.2309085940379566,-0.019120440057025092,0.004423195768662923,0.0010934156367798464,0.06784862057589482,0.09165249531854766,0.21159814501464302,kp_vy_oracle_kpbase_s006@c3aaea0+dirty
475,460,0.2301930633951965,0.23054656431570997,-0.03057650003409636,0.004372026509526938,0.0010856628570054224,0.06778644280307704,0.08995657238878824,0.2118883232255276,kp_vy_oracle_kpbase_s006@c3aaea0+dirty
476,461,0.23084172114580798,0.2310943361791323,-0.007460512334954945,0.0045377786457373144,0.0011069592398044025,0.06874634243445646,0.09542075016224896,0.21019700440309,kp_vy_oracle_kpbase_s006@c3aaea0+dirty
477,461,0.23060079251511933,0.2308581470531644,-0.06946367665105803,0.004442628529041979,0.0010974761486218692,0.06814244657500086,0.09229137200845994,0.2113268278316721,kp_vy_oracle_kpbase_s006@c3aaea0+dirty
478,460,0.23034632220819445,0.23064239591286514,-0.03875541485485216,0.004411967449455216,0.001089435031553321,0.06790605914219215,0.09129042461703613,0.21148401010024986,kp_vy_oracle_kpbase_s006@c3aaea0+dirty
479,459,0.23051204019651797,0.2307154194355119,-0.020520375903972175,0.004489452654685268,0.0010944949732675836,0.06834967385869674,0.09383948341251494,0.2105467929663937,kp_vy_oracle_kpbase_s006@c3aaea0+dirty
480,460,0.23070588403975442,0.23089913931261125,-0.04636425319646082,0.004486477071362897,0.0011034953935257544,0.06845884554170399,0.09368447802266203,0.21082794764495996,kp_vy_oracle_kpbase_s006@c3aaea0+dirty
481,460,0.23065915096227077,0.23085636539611326,0.06962120115893278,0.00451607817139112,0.0011128752950443736,0.06866050345725784,0.09469417658213261,0.21032512176168472,kp_vy_oracle_kpbase_s006@c3aaea0+dirty
482,460,0.23071269530349073,0.23086765228800699,0.05578245336859178,0.0045961509593252575,0.0011175624079624291,0.06912475198513017,0.09737274244702712,0.20915758844121882,kp_vy_oracle_kpbase_s006@c3aaea0+dirty
483,457,0.23082997826036517,0.2310328471748996,0.12991527424735674,0.004586480162410327,0.0011040712711983208,0.0691336985055848,0.09702239213889782,0.20944959844155012,kp_vy_oracle_kpbase_s006@c3aaea0+dirty
484,458,0.2308291624308956,0.23103721250701817,0.09911581790678124,0.00458430183476902,0.0011046495983095554,0.06893299661089623,0.09696741050151708,0.20947415957386978,kp_vy_oracle_kpbase_s006@c3aaea0+dirty
485,458,0.23088557890445843,0.23111441637294944,0.07698335347204566,0.004581182970949718,0.0010973518990765568,0.06892771491003961,0.09687642004360697,0.20957840963606325,kp_vy_oracle_kpbase_s006@c3aaea0+dirty
486,456,0.23172538318419877,0.23187423376286748,0.11653135767667192,0.004663840879377703,0.0011140175917920098,0.06940688150741056,0.09965064372166532,0.2092042122370424,kp_vy_oracle_kpbase_s006@c3aaea0+dirty
487,456,0.2312271921211537,0.23138431078019048,0.09005894656362673,0.004542863519953516,0.001101658779700376,0.06869886359675487,0.09556856518154462,0.21055323252178718,kp_vy_oracle_kpbase_s006@c3aaea0+dirty
488,456,0.23107633699949132,0.23119106135769038,0.050824079002378016,0.004497944824757134,0.0011017830923360503,0.06837585806626129,0.09408390189256026,0.21105566309808788,kp_vy_oracle_kpbase_s006@c3aaea0+dirty
489,455,0.23113294277504096,0.2312273666905366,0.08476630718427386,0.0044868558110272285,0.0011032325826347185,0.06818445877381714,0.09373594195892937,0.21127236075957162,kp_vy_oracle_kpbase_s006@c3aaea0+dirty
490,457,0.23103496068558343,0.2311251805198172,0.2039551553781322,0.004381134385874357,0.0011076742843726117,0.06764300251960934,0.09027169634791535,0.2126691653659713,kp_vy_oracle_kpbase_s006@c3aaea0+dirty
491,455,0.2312789915345812,0.2313509979933915,0.17801606583376978,0.004359271902763076,0.0011010442893701193,0.06748242535129272,0.08954339060162829,0.2132415370532137,kp_vy_oracle_kpbase_s006@c3aaea0+dirty
492,455,0.23012967519618965,0.23021021483616308,0.2669721850506375,0.004443847321622056,0.0011042197055414877,0.06782192164674695,0.0923431244985627,0.21078997785413495,kp_vy_oracle_kpbase_s006@c3aaea0+dirty
493,455,0.2299420221768942,0.23006708354643166,0.23260226684875254,0.004437774321943014,0.001102892244944864,0.06769538236016887,0.09213979892467053,0.2106741346651757,kp_vy_oracle_kpbase_s006@c3aaea0+dirty
494,454,0.22993957995558154,0.23005192465311053,0.21490436266631627,0.004480214275374319,0.0011108470598450966,0.06780012135839057,0.09352989450705655,0.2100580140429023,kp_vy_oracle_kpbase_s006@c3aaea0+dirty
495,452,0.2293496538156794,0.2295303078027614,0.12593440193686584,0.004364361164911134,0.0010894913313906453,0.06714617329836742,0.08971131746363432,0.21107615503488547,kp_vy_oracle_kpbase_s006@c3aaea0+dirty
496,452,0.22977980048917074,0.22994251597675772,0.2582442163496888,0.004488458844608824,0.0011012367098188576,0.06787707676627708,0.09377818271766139,0.20977227929117806,kp_vy_oracle_kpbase_s006@c3aaea0+dirty
497,452,0.22943020391857125,0.22961584018781306,0.14951877903247224,0.004492824516895136,0.001100005976202854,0.06799332742094213,0.09392494356535944,0.20932348995361516,kp_vy_oracle_kpbase_s006@c3aaea0+dirty
498,452,0.22894019856886472,0.22919651091665633,0.17509013998170891,0.004362850807012291,0.0010786759906341286,0.06717796090651776,0.08969406962957133,0.21063852542694278,kp_vy_oracle_kpbase_s006@c3aaea0+dirty
499,453,0.22942252045814995,0.22966216618526475,0.17058109856752962,0.004423493303250269,0.0010907745514755745,0.06746188201026462,0.09167051701617417,0.21031217083981982,kp_vy_oracle_kpbase_s006@c3aaea0+dirty
500,452,0.22928227536663573,0.22953096116727356,0.21643237785403274,0.0044609266213914,0.0011012387051124331,0.06751821515059221,0.0929490692362164,0.20959683281343452,kp_vy_oracle_kpbase_s006@c3aaea0+dirty
501,455,0.22984906858013152,0.23003697472639836,0.15871836215094184,0.004522807255428591,0.0011108130411258633,0.06794203952095718,0.09498510736409804,0.20930461940956957,kp_vy_oracle_kpbase_s006@c3aaea0+dirty
502,454,0.2300553354904218,0.2302143920321721,0.19401278087739823,0.004592780378937019,0.0011110248474566428,0.06830037468360724,0.0973532141326923,0.20844138045418112,kp_vy_oracle_kpbase_s006@c3aaea0+dirty
503,454,0.23072928822933855,0.23087586458595774,0.11229975120393444,0.004619239920035432,0.0011193188416059598,0.06844854405692082,0.09821328149704299,0.2087825562263279,kp_vy_oracle_kpbase_s006@c3aaea0+dirty
504,454,0.23026964313600987,0.2304138954207609,0.07486521411616079,0.004549079093295904,0.0011173994721056838,0.06802246667381243,0.09585617096314065,0.20936977584711336,kp_vy_oracle_kpbase_s006@c3aaea0+dirty
505,453,0.23034917682686323,0.2304931165489051,0.10402656690623349,0.0044576900795026825,0.0011077556874598102,0.06749200031817358,0.09278742930710626,0.21083461819016408,kp_vy_oracle_kpbase_s006@c3aaea0+dirty
506,453,0.23101079800068525,0.23116709094543764,-0.007348180394083748,0.004633189676239251,0.0011190230660622492,0.06848892353801622,0.09867842023262728,0.2088745034064867,kp_vy_oracle_kpbase_s006@c3aaea0+dirty
507,452,0.2307275680123046,0.23084903561484207,-0.02268575051678775,0.004607497508649969,0.0011180159988654645,0.06841884383858172,0.097803970061104,0.2089727113313107,kp_vy_oracle_kpbase_s006@c3aaea0+dirty
508,452,0.23116001193353727,0.2312404875527917,0.03951933436757765,0.004607847916148989,0.0011129215910306515,0.06844624001675344,0.09780316668521905,0.2094504516668712,kp_vy_oracle_kpbase_s006@c3aaea0+dirty
509,455,0.23200016210448185,0.23205000573655005,0.006482698829173315,0.0046025691271452404,0.0011316191182602427,0.06838361061978987,0.09760583623440507,0.2104689429571222,kp_vy_oracle_kpbase_s006@c3aaea0+dirty
510,452,0.23183384465575835,0.23190262678066415,-0.045007479632240166,0.004530818643381934,0.001124124300800956,0.0680405355714484,0.09513473618497564,0.21141502666292522,kp_vy_oracle_kpbase_s006@c3aaea0+dirty
511,454,0.2319388985429099,0.23202492845103545,-0.06004656564606084,0.004564580306359063,0.0011283610662532982,0.06834890338689066,0.09626765984402068,0.2110170379980114,kp_vy_oracle_kpbase_s006@c3aaea0+dirty
512,455,0.23220570985054964,0.23230832520703107,-0.015399004611365924,0.004594092222615146,0.001134824735851443,0.06871431887905292,0.09722328944647056,0.21087229233923893,kp_vy_oracle_kpbase_s006@c3aaea0+dirty
513,453,0.23173034433541742,0.23184590233697283,0.09182355505897355,0.004519480464561916,0.0011233020880754693,0.06822802156928381,0.09471333121683341,0.21149075009470636,kp_vy_oracle_kpbase_s006@c3aaea0+dirty
514,453,0.2317280256479188,0.23183709129114663,0.06922916619127142,0.004482012835489006,0.0011122867724185006,0.06799123415664597,0.0934843920084934,0.2120343045865099,kp_vy_oracle_kpbase_s006@c3aaea0+dirty
515,453,0.23150502068127285,0.23162902447108588,0.025380136849856502,0.004493159197206825,0.0011032657808258293,0.06811878946116647,0.09385577985747286,0.2116262440908078,kp_vy_oracle_kpbase_s006@c3aaea0+dirty
516,454,0.23189544253340147,0.23203261896441918,0.04666083583605779,0.004643537932934669,0.001121418635223126,0.06921017430145297,0.09888873698340044,0.20975345996095024,kp_vy_oracle_kpbase_s006@c3aaea0+dirty
517,451,0.23231679041002895,0.23241687514550385,0.04833691559914202,0.004706112994741858,0.001128638709197037,0.06939060212714633,0.10105780642903735,0.20918511148303204,kp_vy_oracle_kpbase_s006@c3aaea0+dirty
518,451,0.23249720962579368,0.23259030930295285,-0.00878664181724529,0.004625679866269565,0.0011433100721306548,0.06880485991920998,0.098291060888465,0.21069840965987455,kp_vy_oracle_kpbase_s006@c3aaea0+dirty
519,451,0.23235752161203224,0.23244305031972898,-0.006114806896059819,0.004670354894468776,0.0011523081577404146,0.06904162276948826,0.0998246250837904,0.209821500510712,kp_vy_oracle_kpbase_s006@c3aaea0+dirty
520,451,0.2327409067233371,0.23283796175532767,-0.04245414304946383,0.004703216363675179,0.0011570282555073278,0.06936232409041454,0.1009479225050447,0.20970895690054966,kp_vy_oracle_kpbase_s006@c3aaea0+dirty
521,451,0.2326628503748295,0.23273344052077807,-0.03230705489028744,0.004622604208034954,0.0011608629226260109,0.06889358212945677,0.09819792359203006,0.21092455937314206,kp_vy_oracle_kpbase_s006@c3aaea0+dirty
522,452,0.23223071503987922,0.23232077108461205,-0.10139889941389571,0.004589334147863414,0.001157992710599889,0.06869581858783481,0.0970920463799086,0.2109602795260171,kp_vy_oracle_kpbase_s006@c3aaea0+dirty
523,451,0.23205691185146088,0.23215403980090213,0.01836572928621434,0.004719545468573721,0.0011580871522390386,0.06953259318183272,0.10155028587520976,0.20865749393851124,kp_vy_oracle_kpbase_s006@c3aaea0+dirty
524,451,0.23210909886854014,0.2321785482186604,0.011929784603363337,0.00473025630570294,0.001163201974013205,0.06972205443656465,0.10193830181838201,0.2085262966629154,kp_vy_oracle_kpbase_s006@c3aaea0+dirty
525,451,0.2318660027151042,0.23192948749855413,0.015559039732370581,0.004715021703051431,0.0011681202727616834,0.06962250199937331,0.10143616636087052,0.20850071311410548,kp_vy_oracle_kpbase_s006@c3aaea0+dirty
526,452,0.23117876797968462,0.23124467717288077,-0.028730423432286177,0.00472573041593653,0.0011741740695329144,0.06963751380444731,0.10185076546174884,0.2075332367103175,kp_vy_oracle_kpbase_s006@c3aaea0+dirty
527,453,0.23122920251529394,0.23132954187333057,0.08920191826637491,0.0047504158747142845,0.0011796991720778264,0.06991205168174397,0.10268955742555937,0.20717576810911445,kp_vy_oracle_kpbase_s006@c3aaea0+dirty
528,452,0.23101899513014024,0.23111252231516252,0.09268059072226358,0.004650325350310152,0.001172000419061422,0.06934668002629357,0.0991823126633626,0.20864478178398504,kp_vy_oracle_kpbase_s006@c3aaea0+dirty
529,452,0.23092860925025113,0.2310441892105621,0.025448201214287383,0.004656166938626751,0.0011671813302326667,0.06941351783090396,0.09940739740566887,0.20843750121148208,kp_vy_oracle_kpbase_s006@c3aaea0+dirty
530,453,0.23140078755444105,0.23151160604692836,-0.026141865351432363,0.004685793803894204,0.0011739869961719042,0.06959764981732239,0.10041027470504311,0.2084804576320604,kp_vy_oracle_kpbase_s006@c3aaea0+dirty
531,453,0.2310651217632412,0.23122576082242485,-0.0865033435490501,0.004721905660405146,0.001164706363642607,0.0697073073253693,0.10167784630541717,0.2074914602246402,kp_vy_oracle_kpbase_s006@c3aaea0+dirty
532,451,0.23089474899203224,0.23106114636926098,-0.0680484435377312,0.004698287895351396,0.001150186958380187,0.06954830270014432,0.10085270630875284,0.207704397503505,kp_vy_oracle_kpbase_s006@c3aaea0+dirty
533,453,0.23146031062609,0.23164109498452262,-0.07123784314207415,0.004773396698309727,0.0011513108206117743,0.07025692175676176,0.10343319878553955,0.20706387609652516,kp_vy_oracle_kpbase_s006@c3aaea0+dirty
534,452,0.23187343771207175,0.23206228071706356,0.03426336394856118,0.004762289890515513,0.00115262191472448,0.07025849110414817,0.10302177446880238,0.20773012564795035,kp_vy_oracle_kpbase_s006@c3aaea0+dirty
535,450,0.2316489198663623,0.23185329538406887,0.07801354400314647,0.00472627017033545,0.001159045170930785,0.06985345270308745,0.10182734474067598,0.20806829152544093,kp_vy_oracle_kpbase_s006@c3aaea0+dirty
536,450,0.23141971813561085,0.23162893100221416,0.08013949422355084,0.004604660770915436,0.0011492052663986093,0.06894909220220788,0.09766341784322195,0.20980215145976414,kp_vy_oracle_kpbase_s006@c3aaea0+dirty
537,449,0.23126128125893944,0.23152191391143875,0.2074201229764579,0.004598875620990196,0.0011443890194711387,0.06881794785630925,0.09746783972916431,0.20971838361969183,kp_vy_oracle_kpbase_s006@c3aaea0+dirty
538,448,0.23162038811986807,0.23188025219505715,0.13744348141898208,0.004621868275287995,0.0011387332004428896,0.0689006268533888,0.09824996817360847,0.20974972692874538,kp_vy_oracle_kpbase_s006@c3aaea0+dirty
539,448,0.23185851797020304,0.23213316262104447,0.2599158657788705,0.004744218812554421,0.0011385934430682863,0.0695252169550378,0.10249091795279118,0.2079759219057177,kp_vy_oracle_kpbase_s006@c3aaea0+dirty
540,448,0.2318361623527561,0.2321386290917123,0.3133180803151176,0.0046638501560078765,0.001146982952062907,0.06896054853552555,0.09969266462540156,0.20930690097161317,kp_vy_oracle_kpbase_s006@c3aaea0+dirty
541,448,0.23183085336036063,0.23212467140714083,0.37350204263094555,0.004650815562326791,0.001140162221828027,0.06902015684814526,0.09923948393961797,0.20951627477881365,kp_vy_oracle_kpbase_s006@c3aaea0+dirty
542,447,0.23207076113804656,0.23243010050754273,0.4178784209538985,0.004596807054780876,0.0011245367961859277,0.06875476134173208,0.09736819727052112,0.21065676427658606,kp_vy_oracle_kpbase_s006@c3aaea0+dirty
543,446,0.23221167979083335,0.23253545519950905,0.4309449676694328,0.004428581468090649,0.001117667357649291,0.06769998146159453,0.09174739617710184,0.2133182587731356,kp_vy_oracle_kpbase_s006@c3aaea0+dirty
544,446,0.23154174828180638,0.2318947061584001,0.4025873852843665,0.004417955944378436,0.0011010356028471986,0.06767482462442255,0.09140583147365614,0.21273588124715812,kp_vy_oracle_kpbase_s006@c3aaea0+dirty
545,447,0.23142301817289831,0.23179839800204055,0.2859334870414313,0.004461872933217883,0.001088924191566868,0.06791248503260054,0.09286075384726872,0.2119752196252444,kp_vy_oracle_kpbase_s006@c3aaea0+dirty
546,446,0.2319700635713261,0.23224451645376962,0.2644849105125621,0.0046108043670738666,0.0011004748646615216,0.06861147072715902,0.09786517589022642,0.2103152817587446,kp_vy_oracle_kpbase_s006@c3aaea0+dirty
547,447,0.23207819280053962,0.23233521831952145,0.21107756672657652,0.004696062591639417,0.0011130949654540323,0.06902316436267543,0.10080728536426907,0.20904109354634381,kp_vy_oracle_kpbase_s006@c3aaea0+dirty
548,446,0.23225066153015125,0.2324400906548858,0.22884261059223313,0.004712189966965333,0.0011165841732134181,0.06916719209954908,0.10136889596703665,0.20896104113354955,kp_vy_oracle_kpbase_s006@c3aaea0+dirty
549,447,0.23255832268986906,0.23274388320089023,0.2842277723798302,0.00484906434012375,0.001121683764675668,0.07034184763477248,0.10611677754101727,0.2069362292510316,kp_vy_oracle_kpbase_s006@c3aaea0+dirty
550,445,0.23235154988694778,0.23251238432108362,0.2885469760737365,0.004799081722958697,0.0011223312916094103,0.0700292279001122,0.10435309295533339,0.20759979461820846,kp_vy_oracle_kpbase_s006@c3aaea0+dirty
551,445,0.2323950226077017,0.23250930373825815,0.3030716684257376,0.004759481037081927,0.00112430315795014,0.06975686057831924,0.10296986908812097,0.2083378328408199,kp_vy_oracle_kpbase_s006@c3aaea0+dirty
552,446,0.23228879473515499,0.2324222845419943,0.2507968538754969,0.004755256121865759,0.0011192806231654022,0.06969775777217951,0.10284050140511651,0.20828325768110886,kp_vy_oracle_kpbase_s006@c3aaea0+dirty
553,446,0.2327023765665045,0.23279811590284208,0.18940844462673678,0.004735517636603052,0.001118151074131154,0.06959945446454695,0.102101196140167,0.20910701041917845,kp_vy_oracle_kpbase_s006@c3aaea0+dirty
554,446,0.232486481203193,0.23256290941165422,0.14612657745178637,0.004644353170964506,0.001116571757884507,0.06895261481638432,0.09899113837296405,0.21035854740387255,kp_vy_oracle_kpbase_s006@c3aaea0+dirty
555,446,0.233123342624623,0.23322297406846296,0.1709020098865948,0.004629495201226748,0.0011076350381085196,0.06864688274173242,0.09845852403270544,0.21131117320619497,kp_vy_oracle_kpbase_s006@c3aaea0+dirty
556,444,0.23312534572791277,0.23328593480281054,0.18449324772355946,0.004759794716049277,0.0011142416028422175,0.06943266065256229,0.10294395095721116,0.20916493439885703,kp_vy_oracle_kpbase_s006@c3aaea0+dirty
557,444,0.2331152391356088,0.23325770356727282,0.23138786514781357,0.00490201730619506,0.0011154566359826792,0.07043907080161343,0.10794246931638678,0.2066183390581121,kp_vy_oracle_kpbase_s006@c3aaea0+dirty
558,445,0.23310308427969126,0.23324269624488203,0.2410446936989948,0.004945793042353785,0.0011167354146660489,0.07070142294736528,0.1094942605201959,0.20578643010130748,kp_vy_oracle_kpbase_s006@c3aaea0+dirty
559,445,0.23293091019858175,0.2330975672169439,0.2313418946536109,0.004929193299381256,0.001120611906307636,0.07051293560388762,0.10889776969125575,0.2059079519644882,kp_vy_oracle_kpbase_s006@c3aaea0+dirty
560,446,0.23319749310925228,0.2333497403386908,0.14634202610238597,0.004949958375901116,0.0011155220300392934,0.07080614576585678,0.10964943511677482,0.20581076786944835,kp_vy_oracle_kpbase_s006@c3aaea0+dirty
561,445,0.2329236910704515,0.23306840789041128,0.02957030858305669,0.0049656222588857915,0.0011180161059026988,0.07070491124582444,0.11024966423946622,0.20517908615881905,kp_vy_oracle_kpbase_s006@c3aaea0+dirty
562,446,0.23300574407996855,0.23315169106620393,0.050506170072101675,0.004958921752869515,0.0011176006830338472,0.07074795212779596,0.10996854877997876,0.20542296622696604,kp_vy_oracle_kpbase_s006@c3aaea0+dirty
563,447,0.23248648885933992,0.2326951581802465,0.09196928734865385,0.005031125223465309,0.0011037771983502486,0.07107252623680141,0.11263195044563562,0.20338144271529757,kp_vy_oracle_kpbase_s006@c3aaea0+dirty
564,449,0.23261670158776654,0.23288352553599542,0.12378261709600835,0.005032835655429881,0.0011088591410032553,0.0714192039136732,0.11262925173397664,0.2035317702753468,kp_vy_oracle_kpbase_s006@c3aaea0+dirty
565,450,0.2326747424745784,0.2329416768603924,0.10958292507813155,0.004975018283413667,0.0011108753155600491,0.07082707368765778,0.11056839099982045,0.2047246118504617,kp_vy_oracle_kpbase_s006@c3aaea0+dirty
566,452,0.23262317278784722,0.23292973699023706,0.1494622114734931,0.004784571397901684,0.0011077362923089282,0.0696216635895645,0.10379609708774339,0.20818239778433809,kp_vy_oracle_kpbase_s006@c3aaea0+dirty
567,452,0.23296454774270128,0.23327960231607373,0.19714051149742928,0.004832393303706526,0.0011117941770076574,0.0699515143316348,0.10547389841402917,0.20772033424368547,kp_vy_oracle_kpbase_s006@c3aaea0+dirty
568,452,0.23304274651180712,0.23343672031161555,0.2575419374491524,0.00481570430809757,0.0011074362765324355,0.06981526557453599,0.10487228051397039,0.20811229296119318,kp_vy_oracle_kpbase_s006@c3aaea0+dirty
569,453,0.23329825991585393,0.23364248827115125,0.23805438671015444,0.004856504538356031,0.0011144817377904009,0.07010700928928561,0.10632228135153204,0.20766234749701498,kp_vy_oracle_kpbase_s006@c3aaea0+dirty
570,452,0.23265673003890527,0.2331681303399629,0.23481318148675642,0.004915609435688684,0.0010952169669423315,0.0705869326364278,0.10843313027346045,0.2058431691640381,kp_vy_oracle_kpbase_s006@c3aaea0+dirty
571,453,0.23278536244155795,0.23325934235246995,0.27527548946315167,0.004929452039031781,0.0010959762626189277,0.07087104272381052,0.10888222381733405,0.20575151592063537,kp_vy_oracle_kpbase_s006@c3aaea0+dirty
572,450,0.23216554514362736,0.23256865130874244,0.30713805374377157,0.004898566929530793,0.0011075523024674792,0.07047872170980818,0.1078319028231526,0.2056042827505688,kp_vy_oracle_kpbase_s006@c3aaea0+dirty
573,450,0.23196256245275917,0.232408429304803,0.312701128717074,0.004880827348720989,0.0011076902237020703,0.07027774950545279,0.10719170855318483,0.20570991224804722,kp_vy_oracle_kpbase_s006@c3aaea0+dirty
574,450,0.23221373403081172,0.23255917262965506,0.24497230457997443,0.00489593418065429,0.0011206556835811298,0.07039665292695657,0.10772845568660197,0.205712902142555,kp_vy_oracle_kpbase_s006@c3aaea0+dirty
575,451,0.23216728397095016,0.23245098000211037,0.17024225306211752,0.004829379429096899,0.001131037308401494,0.06997471505281849,0.10537393116821825,0.20687673232290626,kp_vy_oracle_kpbase_s006@c3aaea0+dirty
576,452,0.23214408426794977,0.2323730636368713,0.08665813814094692,0.004801954582759681,0.0011362736191015386,0.06993968864144115,0.10439580378037425,0.20734606823775215,kp_vy_oracle_kpbase_s006@c3aaea0+dirty
577,451,0.23176039047651195,0.23197934276403323,0.17458905403140498,0.004813055479274977,0.0011300328393607244,0.06986701697202359,0.10483422403458859,0.206694615471451,kp_vy_oracle_kpbase_s006@c3aaea0+dirty
578,451,0.23137805169959438,0.23160391776301936,0.119143860601194,0.004802606818396399,0.0011325277234844919,0.06966785542358549,0.10451409799999453,0.20642821059038347,kp_vy_oracle_kpbase_s006@c3aaea0+dirty
579,451,0.23186615608628833,0.23206237987751352,0.16408653595561132,0.004808964419325275,0.0011432458607841347,0.06991856185577429,0.10467226928271847,0.20689521594622987,kp_vy_oracle_kpbase_s006@c3aaea0+dirty
580,449,0.23132493522959893,0.2315606803624485,0.2328324188935848,0.0047772436615943605,0.00113830774274427,0.0694758595958241,0.10359763204931012,0.20683025961583545,kp_vy_oracle_kpbase_s006@c3aaea0+dirty
581,450,0.23134106208202054,0.23162341902097522,0.3155815595683311,0.004745544835956225,0.0011413724389446424,0.06943662066771122,0.102488251885317,0.20740020547417282,kp_vy_oracle_kpbase_s006@c3aaea0+dirty
582,450,0.23133229590614598,0.23161357018495476,0.38286664489469957,0.004820419803172307,0.0011378986333305662,0.0700517474382562,0.1051150178589962,0.20607150251723697,kp_vy_oracle_kpbase_s006@c3aaea0+dirty
583,449,0.23184285898412743,0.23211521144942843,0.3328712904178113,0.0048705342308937105,0.0011548191848149956,0.07049873826803614,0.10684563775267303,0.2057550022603547,kp_vy_oracle_kpbase_s006@c3aaea0+dirty
584,450,0.23218507278241504,0.2323790693705334,0.31270768790998055,0.004874914963072642,0.0011589240487956682,0.07069774941477186,0.10697352446013059,0.20607419316244627,kp_vy_oracle_kpbase_s006@c3aaea0+dirty
585,450,0.23247033726403404,0.23265915794617692,0.3362706945504162,0.00491082635258673,0.0011594574333833204,0.07091678486264373,0.10826400790369413,0.20572156498598437,kp_vy_oracle_kpbase_s006@c3aaea0+dirty
586,454,0.23300114634919236,0.23315115038611914,0.24817339133630967,0.004899449881522659,0.0011731676036697211,0.07112428881462447,0.10777669076271658,0.20657618238382547,kp_vy_oracle_kpbase_s006@c3aaea0+dirty
587,454,0.23226524173882585,0.23242489889408727,0.2622182130423873,0.004934685172510242,0.0011867986061970274,0.07120077513904705,0.10907951083946155,0.20505804747685227,kp_vy_oracle_kpbase_s006@c3aaea0+dirty
588,455,0.2319349871892714,0.23211835851506235,0.24192872506794535,0.005025491872301712,0.0011897788781850486,0.07174549381295156,0.11239749895854224,0.2028808529909907,kp_vy_oracle_kpbase_s006@c3aaea0+dirty
589,455,0.2317980910122299,0.23196126864472194,0.30564150963674197,0.0049440333114647165,0.001196124599726558,0.07097926057503118,0.10950980433767828,0.20429869737919876,kp_vy_oracle_kpbase_s006@c3aaea0+dirty
590,453,0.23232886441038572,0.23245015215663725,0.33436969492269447,0.0048779540023367275,0.0011940444288189639,0.07041560356558574,0.10712719707392605,0.2061564087902765,kp_vy_oracle_kpbase_s006@c3aaea0+dirty
591,453,0.23225560166462872,0.23237522832630164,0.407234369790456,0.0048506025848314835,0.0011799935164617126,0.07016215501211631,0.10617834983749187,0.20656433024698595,kp_vy_oracle_kpbase_s006@c3aaea0+dirty
592,452,0.23163512546923595,0.23178025072437622,0.4359367996015484,0.004868444035733213,0.0011668775411607449,0.07023280026219662,0.10683824235021888,0.20552474625374087,kp_vy_oracle_kpbase_s006@c3aaea0+dirty
593,450,0.23150122507062612,0.23168344754567524,0.4509273633365748,0.004855710860748562,0.0011406305746226922,0.07013764808771504,0.10638787656660356,0.20560748266745987,kp_vy_oracle_kpbase_s006@c3aaea0+dirty
594,451,0.23146207528842996,0.2316479395257091,0.4114121924999128,0.00488758392089426,0.0011409016951566947,0.07064728554130158,0.10750149759231031,0.20498321958696356,kp_vy_oracle_kpbase_s006@c3aaea0+dirty
595,451,0.23156892994982425,0.23172367247459208,0.4996002799207036,0.004935594570246111,0.0011400260622346395,0.07077152378607565,0.10924042056209203,0.20418300574123174,kp_vy_oracle_kpbase_s006@c3aaea0+dirty
596,451,0.23163348062125974,0.23179851193661793,0.4642108557256277,0.00489043712275304,0.001132977960737819,0.07045150873618988,0.10763924592441765,0.20510451501988505,kp_vy_oracle_kpbase_s006@c3aaea0+dirty
597,450,0.23156502386847408,0.23178578365555422,0.489136903044653,0.0048012708463707355,0.0011198415115394873,0.06984583172298983,0.10446812429340935,0.2066610057215046,kp_vy_oracle_kpbase_s006@c3aaea0+dirty
598,450,0.23210293243588961,0.23230783191090873,0.41718843779995335,0.004814495652001399,0.001123249716423741,0.06975214017827547,0.10493638978659371,0.20702687106724868,kp_vy_oracle_kpbase_s006@c3aaea0+dirty
599,449,0.23189643064296697,0.23207155306969574,0.3216605726386598,0.004715813853656586,0.0011238004700784225,0.06907471323688677,0.10146939513314156,0.20851838383284765,kp_vy_oracle_kpbase_s006@c3aaea0+dirty
600,449,0.23200516093894333,0.23220458848084496,0.2665965989413632,0.004675129522993263,0.0011262104181294472,0.06883706490876335,0.10010145507641251,0.20929905253939865,kp_vy_oracle_kpbase_s006@c3aaea0+dirty
601,451,0.23164268673996424,0.23176798640039026,0.2546835386909449,0.0045887941617801685,0.001116458354925815,0.06812921841991595,0.09721455181181368,0.21025618953109892,kp_vy_oracle_kpbase_s006@c3aaea0+dirty
602,450,0.23188029909937868,0.23198635351207605,0.36834540557208484,0.004588011398172108,0.0011216981790000387,0.0681464474940354,0.09718133538155686,0.21053327804381586,kp_vy_oracle_kpbase_s006@c3aaea0+dirty
603,451,0.23102967957810758,0.23124658524855315,0.30038476966906635,0.004496457014021111,0.0011053373341722507,0.06760337324796975,0.09413468489737438,0.2109819280062515,kp_vy_oracle_kpbase_s006@c3aaea0+dirty
604,454,0.23064489016591,0.23084090081331696,0.3389846399175313,0.004467092795050305,0.0011169689924207216,0.06760813830368556,0.09314813862915654,0.2109987905879276,kp_vy_oracle_kpbase_s006@c3aaea0+dirty
605,454,0.23061709085661103,0.23077648134676357,0.315193884240349,0.004471090813582841,0.001105055559313085,0.06775349993224833,0.09327721596319591,0.2109113642678405,kp_vy_oracle_kpbase_s006@c3aaea0+dirty
606,453,0.23046868035251142,0.23065756491024583,0.3388181268886838,0.004441848033652721,0.0010952109508008318,0.06747516186355536,0.09232214394599274,0.2111692078894162,kp_vy_oracle_kpbase_s006@c3aaea0+dirty
607,454,0.2312798980602892,0.23140779759704824,0.4621432054493123,0.0044541899056134895,0.0011057455311039607,0.06747765185011488,0.09271972118867633,0.2118807318976218,kp_vy_oracle_kpbase_s006@c3aaea0+dirty
608,454,0.2310440032877193,0.23118906323549182,0.4086549368489232,0.0044535038823857506,0.0010986458074370151,0.06753427492007041,0.09270300576646527,0.2116305369673251,kp_vy_oracle_kpbase_s006@c3aaea0+dirty
609,453,0.23113471663757376,0.2312673892321954,0.3810601690697783,0.004510709573052755,0.0010971438553973728,0.06790342998582102,0.09459625606677564,0.21089050612410348,kp_vy_oracle_kpbase_s006@c3aaea0+dirty
610,453,0.23084309054623106,0.23098430986676288,0.3562329153228589,0.004442344574444998,0.001096888244430388,0.0675100486682559,0.09235888526075224,0.21156173748182028,kp_vy_oracle_kpbase_s006@c3aaea0+dirty
611,454,0.23016833857569433,0.2303729322984626,0.43825954064700706,0.0044310527842391255,0.001079984063514044,0.06754328773252051,0.09199724593785702,0.2109833425238706,kp_vy_oracle_kpbase_s006@c3aaea0+dirty
612,456,0.23017880303800825,0.23039168137633537,0.38302126560647604,0.004471147802771011,0.0011007660209108813,0.06804449040792238,0.09328898470400274,0.21042682029842713,kp_vy_oracle_kpbase_s006@c3aaea0+dirty
613,455,0.23013914637846647,0.23041100281608426,0.3676568138616426,0.0045778578343911806,0.0010967847270836515,0.06864763836679916,0.09687055105337623,0.20875852805196832,kp_vy_oracle_kpbase_s006@c3aaea0+dirty
614,453,0.2298718725356684,0.23014433641463153,0.2603932654414212,0.004485187376295919,0.0010982596974181947,0.06812689452224974,0.09373131112105969,0.20989406637297228,kp_vy_oracle_kpbase_s006@c3aaea0+dirty
615,454,0.23070587296798722,0.23091795369032334,0.2933239001871689,0.0045849749135847785,0.0011125288095109515,0.0686664685073861,0.09707633591799354,0.2092878038172744,kp_vy_oracle_kpbase_s006@c3aaea0+dirty
616,456,0.2305263329646266,0.23074327467867894,0.2597072011427486,0.0045585980076682875,0.001105644230631495,0.06854157137530775,0.09619926844051861,0.20949484705268273,kp_vy_oracle_kpbase_s006@c3aaea0+dirty
617,457,0.23023522207052752,0.23047233060553346,0.3247076775538895,0.004443522592086235,0.0010930125713775492,0.06785528898873228,0.09238765466374275,0.21088570067123596,kp_vy_oracle_kpbase_s006@c3aaea0+dirty
618,457,0.23005534972976027,0.230264415126278,0.3046949775336079,0.0043170895455927755,0.0010834708896757658,0.06707559049105626,0.08826900404837178,0.21244775090264156,kp_vy_oracle_kpbase_s006@c3aaea0+dirty
619,457,0.22948705779031275,0.22966334275298267,0.27247845983987384,0.004296854644031104,0.0010860749315521312,0.06700287115060866,0.0876295740999189,0.21209754226845998,kp_vy_oracle_kpbase_s006@c3aaea0+dirty
620,458,0.23046292813161745,0.23056617900925175,0.20611175869189444,0.004413343569388809,0.0011054643390198005,0.06769101838094209,0.09138188250084464,0.2115715311510528,kp_vy_oracle_kpbase_s006@c3aaea0+dirty
621,458,0.23028191921092922,0.2303544474638699,0.18591500241120112,0.0044630717962294624,0.0011184059784247725,0.06788328786240201,0.09302348056362494,0.21065705395096035,kp_vy_oracle_kpbase_s006@c3aaea0+dirty
622,459,0.22983899761485777,0.22994916757158393,0.18491928042412925,0.0044605769387295975,0.0011078523184929717,0.06782430857788077,0.09295888853135559,0.21020135553230287,kp_vy_oracle_kpbase_s006@c3aaea0+dirty
623,460,0.2292754461667582,0.22936826829649562,0.15094986818921874,0.004444147222772879,0.0011035186766344932,0.06791830829770025,0.09242632077301338,0.20982041236097615,kp_vy_oracle_kpbase_s006@c3aaea0+dirty
624,461,0.22996641680697372,0.23006608032210485,0.08865881418377439,0.004402683853250956,0.0011097010318336577,0.06771147017645464,0.09103190950176124,0.2111817802545994,kp_vy_oracle_kpbase_s006@c3aaea0+dirty
625,462,0.2304669058639821,0.230537356797814,0.06802571031902419,0.0044763752218496405,0.0011169630680186167,0.0679928441865323,0.09346843967497666,0.21066239693700164,kp_vy_oracle_kpbase_s006@c3aaea0+dirty
626,463,0.23023556283934632,0.23029879883729423,0.13278004669997076,0.004494154270870952,0.0011265689201043192,0.06814257778367888,0.09406602555263643,0.21014280200064275,kp_vy_oracle_kpbase_s006@c3aaea0+dirty
627,466,0.23013704498685222,0.23019609649951897,0.17022131119869852,0.004406453529226404,0.0011109790614427927,0.06764402371541614,0.09118880103290769,0.21129993384159215,kp_vy_oracle_kpbase_s006@c3aaea0+dirty
628,467,0.23002897501612227,0.23009461206596246,0.21421816416913883,0.004380770429561064,0.0011070483833191993,0.06760650098184014,0.0903559481246321,0.21153990636630857,kp_vy_oracle_kpbase_s006@c3aaea0+dirty
629,467,0.23013930063861376,0.23019226682581623,0.25098358798243037,0.004554483185953755,0.001117593510945564,0.06877418567790415,0.09608619713034161,0.20912087514033453,kp_vy_oracle_kpbase_s006@c3aaea0+dirty
630,467,0.23036192275707004,0.23043854508998718,0.21179311224185757,0.004532980077207248,0.001121223210899863,0.06873876016360361,0.09535335586422466,0.20970062704189713,kp_vy_oracle_kpbase_s006@c3aaea0+dirty
631,469,0.23104805954192578,0.23110755486373613,0.1549080436550625,0.004590993220424966,0.0011313957246942546,0.0694088729717517,0.09725421897536064,0.20958249619083621,kp_vy_oracle_kpbase_s006@c3aaea0+dirty
632,468,0.23105155563998098,0.231106535898433,0.18786135093406106,0.0045133891636105665,0.0011358573531726486,0.06883000458314412,0.09466624632370424,0.21076793677083563,kp_vy_oracle_kpbase_s006@c3aaea0+dirty
633,468,0.23072801788807384,0.23080632121553177,0.20156642997151297,0.004474583323671992,0.0011289646259901702,0.06861636492176018,0.09336425091109134,0.21099415842712352,kp_vy_oracle_kpbase_s006@c3aaea0+dirty
634,468,0.23027998617318152,0.23035872700636587,0.21441133611515806,0.004454150352782651,0.0011237601542291487,0.06845326251897106,0.09269884675599585,0.2107979977182636,kp_vy_oracle_kpbase_s006@c3aaea0+dirty
635,468,0.22951320105084505,0.22959009772289443,0.31425889215356967,0.004291442949134178,0.0011114765598005882,0.06770972565222091,0.08740437334007993,0.2122187196682553,kp_vy_oracle_kpbase_s006@c3aaea0+dirty
636,468,0.22895883295508973,0.2290857621346736,0.39110787716269935,0.004353150032898949,0.0011242299000070943,0.06805682063809534,0.08940689848162588,0.21078081908004087,kp_vy_oracle_kpbase_s006@c3aaea0+dirty
637,471,0.22909542931140703,0.2292424903571794,0.4289292608116056,0.0043117568852957715,0.0011132207182357476,0.06789513832988456,0.08805024990801563,0.21149909981490203,kp_vy_oracle_kpbase_s006@c3aaea0+dirty
638,471,0.22950977370721978,0.2296595086325305,0.4051255418526933,0.0042970407380014345,0.0011087394009478325,0.06799568375154078,0.0875279210938862,0.2121640856886991,kp_vy_oracle_kpbase_s006@c3aaea0+dirty
639,471,0.22973701724759504,0.22988657805918106,0.41740170906950724,0.004259391358068816,0.0011008194001384264,0.06770448902907884,0.08632617222326304,0.21290112513347906,kp_vy_oracle_kpbase_s006@c3aaea0+dirty
640,470,0.22979914005666943,0.22991994582485592,0.4715667270369721,0.004192777903317969,0.0010975958435354813,0.06721990458366221,0.08425233090004411,0.21379707553821742,kp_vy_oracle_kpbase_s006@c3aaea0+dirty
641,468,0.23026987246639632,0.23036393228083374,0.5505743830987573,0.004187582940114168,0.001099458618981113,0.06716787781403287,0.08407360325644989,0.21437314057774934,kp_vy_oracle_kpbase_s006@c3aaea0+dirty
642,467,0.22998629036818732,0.23008325074329863,0.4561495711596069,0.004156850557716451,0.0010801888175317779,0.06693513662635928,0.0831348491391496,0.21443481670645514,kp_vy_oracle_kpbase_s006@c3aaea0+dirty
643,466,0.22972507687141325,0.22985615714483631,0.45709900519376145,0.0041312583137859986,0.0010697434916430262,0.06667381354427529,0.0823573860976603,0.2144548248436897,kp_vy_oracle_kpbase_s006@c3aaea0+dirty
644,466,0.2296504693256462,0.22985489127035838,0.43203242160964983,0.004087154913260667,0.0010569288843978893,0.06644602108888631,0.08100052869400663,0.21489125718088434,kp_vy_oracle_kpbase_s006@c3aaea0+dirty
645,466,0.23038610385201286,0.23054223790572018,0.3881256013165076,0.00408443285576561,0.0010629152778066082,0.06661371931629323,0.08086445286018738,0.21572829464799695,kp_vy_oracle_kpbase_s006@c3aaea0+dirty
646,466,0.23075951820135987,0.23090092245825383,0.2097806791904816,0.004191161667843925,0.0010800587797050658,0.06700487433575796,0.08420396504234308,0.21484796371311413,kp_vy_oracle_kpbase_s006@c3aaea0+dirty
647,465,0.2308119502280919,0.2309591074643955,0.2968939897617322,0.004231531697636138,0.0010852743199102361,0.0672568435111666,0.08545341527610617,0.21441051789906324,kp_vy_oracle_kpbase_s006@c3aaea0+dirty
648,462,0.23040669031704755,0.23051007548580782,0.3686094523278238,0.004235774840455811,0.0010908676273422768,0.06726890573975028,0.0855988683334435,0.21391605054995208,kp_vy_oracle_kpbase_s006@c3aaea0+dirty
649,462,0.23080964353459985,0.2309308021139755,0.3388317382303618,0.004226409979534597,0.0010873520666944256,0.06713571781776212,0.08527301990497893,0.21447984433240835,kp_vy_oracle_kpbase_s006@c3aaea0+dirty
650,462,0.23064962589613788,0.23074170390586732,0.44432225597956393,0.00418200075787639,0.0010839153087620487,0.06692240291766705,0.08387629756655435,0.21485813140897225,kp_vy_oracle_kpbase_s006@c3aaea0+dirty
651,462,0.23028759463214726,0.23041242420756414,0.4639519627222968,0.004052428849169215,0.0010447580381840202,0.06624027577460845,0.07989731681247089,0.21598332113297045,kp_vy_oracle_kpbase_s006@c3aaea0+dirty
652,463,0.2301466139908421,0.2303102768044172,0.4898821060116353,0.004101936237442503,0.0010519009488805606,0.06657741346879287,0.08139584174951889,0.2152723411805078,kp_vy_oracle_kpbase_s006@c3aaea0+dirty
653,463,0.2305078829612204,0.230673605945415,0.4507484213693813,0.004184766748661873,0.0010742094619986351,0.06690989857321057,0.08395448165593936,0.2146754040805472,kp_vy_oracle_kpbase_s006@c3aaea0+dirty
654,463,0.23064660919686314,0.23078456685247722,0.3371511109783114,0.004193833155077035,0.001080055941049766,0.0669752520142055,0.08423144402648594,0.21471591038212207,kp_vy_oracle_kpbase_s006@c3aaea0+dirty
655,461,0.23086424271208894,0.2310063348683455,0.4245237537243189,0.004256851133544542,0.0010814152596873984,0.06719121190953317,0.08621344469829918,0.21416241620853932,kp_vy_oracle_kpbase_s006@c3aaea0+dirty
656,461,0.2308298637307782,0.23098769942687314,0.4099891846802957,0.004226261489683409,0.0010823482907344173,0.0670506977887343,0.08524896404256704,0.21451116548944194,kp_vy_oracle_kpbase_s006@c3aaea0+dirty
657,461,0.23073381874988147,0.23087167165945433,0.4620623672701782,0.0042516797606611005,0.001091364997280438,0.06722138238564385,0.08605550872025533,0.21408536739768372,kp_vy_oracle_kpbase_s006@c3aaea0+dirty
658,460,0.23022723510299897,0.23042329662558964,0.44036300538341305,0.004227242560410532,0.0010798507562695557,0.06705787550343716,0.08530160616835139,0.2138415669795539,kp_vy_oracle_kpbase_s006@c3aaea0+dirty
659,460,0.2298864604008656,0.23004439035802593,0.36100363447473127,0.004254070262248008,0.0010773688267552075,0.06717757683515621,0.08617206350589678,0.2131247525436087,kp_vy_oracle_kpbase_s006@c3aaea0+dirty
660,459,0.2300017293022502,0.23015364143211825,0.3619497485975458,0.00432036424908607,0.0010920184691522372,0.06746818092154808,0.08827860259346107,0.2123856958605531,kp_vy_oracle_kpbase_s006@c3aaea0+dirty
661,458,0.23033322430401992,0.23047098170384597,0.3189579629491049,0.004425721695603935,0.0011060524722091524,0.06810708327500034,0.0916742134612449,0.2113036507127789,kp_vy_oracle_kpbase_s006@c3aaea0+dirty
662,459,0.2299714984673642,0.23012290824938633,0.2818021837165035,0.004373100838464225,0.00110034992945522,0.06781897182885731,0.08997243186167135,0.21164085525300116,kp_vy_oracle_kpbase_s006@c3aaea0+dirty
663,458,0.2301791472038782,0.23035120025671674,0.2690928604373018,0.004452338718205377,0.0010970782536985565,0.06830292411272691,0.09256443144457016,0.21074692367588216,kp_vy_oracle_kpbase_s006@c3aaea0+dirty
664,458,0.2301115177300329,0.23032196785578016,0.19508322518482507,0.004487447598047684,0.0010971296193347966,0.06852147140670092,0.09370658374983365,0.210167520692315,kp_vy_oracle_kpbase_s006@c3aaea0+dirty
665,458,0.22993027612139713,0.23014746693331614,0.19159800855260373,0.004432113440834541,0.0010879683644049788,0.06809671138621327,0.09191458870540961,0.21075967417980443,kp_vy_oracle_kpbase_s006@c3aaea0+dirty
666,460,0.23022929847774853,0.23039539727418262,0.1810825951992006,0.004419658125542342,0.0011018236145561714,0.0682276250457881,0.09146562416335556,0.21128078349429702,kp_vy_oracle_kpbase_s006@c3aaea0+dirty
667,459,0.23003878635908886,0.23022437918134964,0.17686549239718272,0.004329630346742984,0.001092253071657346,0.06768402200975086,0.0885418580000045,0.2123162325670592,kp_vy_oracle_kpbase_s006@c3aaea0+dirty
668,459,0.23016793007498837,0.23034321131902213,0.23207296082961135,0.004363317924533319,0.0010940262518078297,0.06789457210857287,0.08963832905529726,0.21199586316524902,kp_vy_oracle_kpbase_s006@c3aaea0+dirty
669,460,0.23020184007905964,0.23041142969205541,0.20935322813285087,0.004433712885452727,0.0010930711677434892,0.06810408639077495,0.09197643534795388,0.21102896132158877,kp_vy_oracle_kpbase_s006@c3aaea0+dirty
670,462,0.23021541675814547,0.2304763904557902,0.28546359508118346,0.0044800837793754844,0.0011001745081551158,0.06843926223103783,0.09350739894695424,0.2103699228865708,kp_vy_oracle_kpbase_s006@c3aaea0+dirty
671,463,0.2306199448262336,0.23083137671311663,0.21449642347418818,0.004522184027740088,0.0011158445045669435,0.0688160211849004,0.09486945412566009,0.21020310565154435,kp_vy_oracle_kpbase_s006@c3aaea0+dirty
672,465,0.2303833810645858,0.2306755368759607,0.24240226357158245,0.004447316228987462,0.001103170373354923,0.0683175095513367,0.09240313738860773,0.21104066544505645,kp_vy_oracle_kpbase_s006@c3aaea0+dirty
673,462,0.23039740365268588,0.23070497904730433,0.2741813579966998,0.004483055868498521,0.0011030594372083392,0.06830981963575371,0.09360557994198034,0.2105254355502541,kp_vy_oracle_kpbase_s006@c3aaea0+dirty
674,461,0.23016688624365636,0.23045599547299814,0.2397128437755019,0.004581546010537334,0.0011084210940659645,0.06893034471590104,0.09691189156939634,0.20876992311044668,kp_vy_oracle_kpbase_s006@c3aaea0+dirty
675,461,0.23032075775375965,0.23053267168715386,0.33220335369871673,0.004580022080956619,0.0011225910469695628,0.06898132841835436,0.09685089290271763,0.20896783483639858,kp_vy_oracle_kpbase_s006@c3aaea0+dirty
676,461,0.22994959305457435,0.2301943186760161,0.38945056241158305,0.004528510244328602,0.0011139224748273867,0.06866640011478188,0.09514294125955106,0.2093433449490238,kp_vy_oracle_kpbase_s006@c3aaea0+dirty
677,457,0.22995735099941542,0.2301807449838167,0.3586294912021922,0.004351971398620232,0.0010889187029820317,0.06763000187180003,0.08929346879524654,0.2119128587631734,kp_vy_oracle_kpbase_s006@c3aaea0+dirty
678,455,0.2299181674622569,0.23016902666063324,0.4613326708014698,0.0043135912652639595,0.0010813002122766681,0.06721200165817144,0.0880903679196354,0.21237337594196143,kp_vy_oracle_kpbase_s006@c3aaea0+dirty
679,455,0.22955483346060587,0.22980308909864872,0.5305852225785054,0.004375789347525119,0.0010759158405300082,0.06737052872808733,0.0901492099898409,0.21111262753169,kp_vy_oracle_kpbase_s006@c3aaea0+dirty
680,454,0.22904381029174664,0.229408526805504,0.41895564893312565,0.004270837999979292,0.0010642960746566875,0.06664280492306572,0.08678109535807577,0.2119672345467907,kp_vy_oracle_kpbase_s006@c3aaea0+dirty
681,452,0.22920130413691556,0.22963220170210352,0.3512831732680928,0.004343757454978631,0.0010620161171330828,0.06695174624748546,0.08912035794767736,0.21116533715868407,kp_vy_oracle_kpbase_s006@c3aaea0+dirty
682,452,0.2295579921655859,0.22997043698337308,0.3552718197845667,0.004361934884124284,0.0010805665546052183,0.06710501175094022,0.089681460650463,0.21131518493164342,kp_vy_oracle_kpbase_s006@c3aaea0+dirty
683,452,0.22865458065233069,0.22913115056607966,0.3730306645306159,0.004307765768887253,0.001074051286232274,0.06694104552815884,0.08794753807706515,0.21106432147446516,kp_vy_oracle_kpbase_s006@c3aaea0+dirty
684,451,0.22871948588772084,0.22915994140775708,0.3673307609536238,0.004303267421985333,0.001072243416073697,0.06684277668782848,0.08781831921412257,0.2111884135911575,kp_vy_oracle_kpbase_s006@c3aaea0+dirty
685,452,0.22865599843791634,0.22919302910381645,0.3691317271733653,0.0043054958264725305,0.0010621049225048149,0.06668924132475729,0.08791480826556614,0.2110794923939063,kp_vy_oracle_kpbase_s006@c3aaea0+dirty
686,452,0.2288270118346429,0.22919285703662337,0.3890911470626657,0.0043391678682115995,0.0010836870533652973,0.06708069227062022,0.08897990324476612,0.21081835347930186,kp_vy_oracle_kpbase_s006@c3aaea0+dirty
687,452,0.22939285905526446,0.22970867312198906,0.3311785790846171,0.0042300652850000495,0.0010750986628611705,0.06659779236843626,0.08545609308353005,0.21288104645657743,kp_vy_oracle_kpbase_s006@c3aaea0+dirty
688,453,0.2292848259768229,0.2295648028053835,0.24221635725886287,0.004323238091888151,0.0010907978122528825,0.06716260972969945,0.08844300415640281,0.2115404605247244,kp_vy_oracle_kpbase_s006@c3aaea0+dirty
689,452,0.2290740462894485,0.22936501278995478,0.2680764559445586,0.0043028769116939475,0.0010877746011735264,0.06702663043835115,0.08779128604824217,0.2115835739782654,kp_vy_oracle_kpbase_s006@c3aaea0+dirty
690,452,0.22968623803168092,0.2299896393488145,0.2540663677363152,0.004289941729892639,0.00108562737007346,0.06701761440866773,0.08737652187274601,0.21241730477192183,kp_vy_oracle_kpbase_s006@c3aaea0+dirty
691,454,0.22970232007071184,0.22998008729704464,0.23537581897713866,0.004317741086663824,0.0010893109957435371,0.06701669270435451,0.08830088574318647,0.2120521384538163,kp_vy_oracle_kpbase_s006@c3aaea0+dirty
692,453,0.22975735309002693,0.23003674997471923,0.2982330573859446,0.004337704706014981,0.001092377004888825,0.06691786097738431,0.08895116831869426,0.21183987101977433,kp_vy_oracle_kpbase_s006@c3aaea0+dirty
693,452,0.2300987849684439,0.23036659553984679,0.28410126489171117,0.004279044378192906,0.0010840385766251533,0.06665879808443609,0.08703080087679496,0.21300490732069496,kp_vy_oracle_kpbase_s006@c3aaea0+dirty
694,452,0.23017349031658535,0.2304449341975304,0.30493100124909545,0.004265025552364132,0.0010823494800050746,0.0665837946639534,0.08657426597490266,0.21327149860078826,kp_vy_oracle_kpbase_s006@c3aaea0+dirty
695,453,0.22993295371311534,0.2302392570141919,0.31002539064175033,0.0043378571292216036,0.0010832084315420677,0.06696173889023019,0.08890249503098441,0.21205072407446157,kp_vy_oracle_kpbase_s006@c3aaea0+dirty
696,452,0.22929558164343788,0.22963007641781139,0.3312834364887348,0.004355044280363886,0.0010835367261408306,0.0669806813065821,0.08948927440283903,0.21111166127918152,kp_vy_oracle_kpbase_s006@c3aaea0+dirty
697,452,0.22922121932292125,0.2295434124866116,0.2831695871846027,0.004255756859448136,0.001083600617150672,0.06647330121088979,0.08632546604527522,0.21234472279751337,kp_vy_oracle_kpbase_s006@c3aaea0+dirty
698,450,0.2290588102764731,0.22946210054685437,0.19865870232904131,0.004270916807809438,0.0010656961153797527,0.06653625565928595,0.08682946684522222,0.2119636342692957,kp_vy_oracle_kpbase_s006@c3aaea0+dirty
699,451,0.228895421647007,0.22926607486334208,0.2715645155985831,0.004140403068155361,0.0010490217094513542,0.06604670021578844,0.08272690751224775,0.21342299038393478,kp_vy_oracle_kpbase_s006@c3aaea0+dirty
700,451,0.22944102401939512,0.229769979608606,0.1672328967404315,0.00424852802294372,0.0010529082866325894,0.06632769652414527,0.08613051237760708,0.2126610409563527,kp_vy_oracle_kpbase_s006@c3aaea0+dirty
701,453,0.229226105813934,0.2295520382036398,0.23557162352736416,0.004201292850232312,0.0010482696313741963,0.06612950006549904,0.08463442047959481,0.2130296281194332,kp_vy_oracle_kpbase_s006@c3aaea0+dirty
702,454,0.22898769121449333,0.22926107619360805,0.1364076623411966,0.004200622915958235,0.0010567585020934713,0.06624938901221497,0.08459805235768317,0.21278752845275226,kp_vy_oracle_kpbase_s006@c3aaea0+dirty
703,456,0.22943309176861973,0.22963601818751997,0.20381133896507675,0.004212866177300934,0.0010659012360974588,0.06639101187491496,0.08496066461216818,0.2131225681788922,kp_vy_oracle_kpbase_s006@c3aaea0+dirty
704,456,0.2294738623332303,0.22972836292396892,0.2361841615562096,0.004191232821544542,0.0010655766591954516,0.06623401303520407,0.08428875810940255,0.21343303106713582,kp_vy_oracle_kpbase_s006@c3aaea0+dirty
705,457,0.2296710511653551,0.2298966725428208,0.1858729760995189,0.004253613095874421,0.0010721617768780505,0.06668269932190907,0.08623620400825496,0.21286641083469648,kp_vy_oracle_kpbase_s006@c3aaea0+dirty
706,457,0.23016598087932283,0.2303373149207489,0.1865777831856333,0.004398142053502105,0.0010793536391872475,0.06735673338117651,0.09086406375684664,0.21147127623328071,kp_vy_oracle_kpbase_s006@c3aaea0+dirty
707,457,0.23039019778389533,0.23058394074467428,0.11876666657523455,0.004382977399308853,0.0010801194812897134,0.06737550448107064,0.09035783526342658,0.21193184008404653,kp_vy_oracle_kpbase_s006@c3aaea0+dirty
708,457,0.2307907269909485,0.23094357355342968,0.15682086038818577,0.004347276530278975,0.001082912161930737,0.0672962575358312,0.08917884575704661,0.21286496455370812,kp_vy_oracle_kpbase_s006@c3aaea0+dirty
709,458,0.2301195696903664,0.230336090889839,0.24373466334622357,0.004348694991531654,0.0010710282237510202,0.06733579810064971,0.08922060723530932,0.2121195408231926,kp_vy_oracle_kpbase_s006@c3aaea0+dirty
710,458,0.2302372063488088,0.23044675022184033,0.2313162072764603,0.004366597468627577,0.0010839338796197245,0.0674541414965789,0.08978884829399154,0.2120073911667764,kp_vy_oracle_kpbase_s006@c3aaea0+dirty
711,457,0.22955481045848322,0.22977400941178092,0.3124842333488444,0.004295469612489125,0.0010763239205860626,0.06717511986261836,0.08749888291700905,0.2122247782256014,kp_vy_oracle_kpbase_s006@c3aaea0+dirty
712,457,0.22970716508234137,0.22990880495819094,0.26036726714821945,0.004230003280209639,0.0010688103613085214,0.0669893201074383,0.08539988929922666,0.21324221110710204,kp_vy_oracle_kpbase_s006@c3aaea0+dirty
713,456,0.22995333162591958,0.23013204240559262,0.24983403315562136,0.00422841645563139,0.0010706301243304257,0.06696378535180357,0.08532831276991576,0.2135359776845569,kp_vy_oracle_kpbase_s006@c3aaea0+dirty
714,457,0.22948522994203013,0.2297233753080964,0.260751515895268,0.00416656457311634,0.0010582912514491116,0.06665418530803248,0.0834079079035076,0.21379099995253878,kp_vy_oracle_kpbase_s006@c3aaea0+dirty
715,457,0.22925752484896483,0.22947257153093223,0.13791060719576032,0.0040268661760767144,0.0010380241369329372,0.06612743832639469,0.07910536600871057,0.21517749363839533,kp_vy_oracle_kpbase_s006@c3aaea0+dirty
716,457,0.22937565117426234,0.22956571412701088,0.17271511439474724,0.004009654877612206,0.0010307587685322952,0.06592607535661801,0.07861488034919137,0.21548292261638555,kp_vy_oracle_kpbase_s006@c3aaea0+dirty
717,459,0.22964736431937938,0.22984445150356778,0.13958823403736811,0.004002220502376073,0.0010281906004165516,0.06580146688783531,0.07839306610776944,0.21585281820041324,kp_vy_oracle_kpbase_s006@c3aaea0+dirty
718,458,0.2301513110596744,0.23032722345887596,0.15774546945933426,0.004099007265571856,0.0010523737188304352,0.06622089919309705,0.08132038889874676,0.21530587621299052,kp_vy_oracle_kpbase_s006@c3aaea0+dirty
719,458,0.22996293977221452,0.23012939332124993,0.15266177902917633,0.004137390159746756,0.0010632129947727143,0.06645357046086195,0.08249419539928858,0.2146570786023679,kp_vy_oracle_kpbase_s006@c3aaea0+dirty
720,458,0.22959635817908874,0.22980764285593155,0.23812329680933578,0.004252963092696243,0.0010720218958265532,0.06692964333912182,0.08612748754329196,0.21282984654080006,kp_vy_oracle_kpbase_s006@c3aaea0+dirty
721,458,0.2295922152853034,0.22980657738682453,0.25769747708753876,0.00425049212636903,0.00107130867869013,0.0671102196137798,0.08602741320818094,0.21286584859089538,kp_vy_oracle_kpbase_s006@c3aaea0+dirty
722,454,0.22973990106062042,0.22999486601346789,0.18520866909325884,0.0042852092840270865,0.0010732187726318013,0.0673094033915984,0.0871036297583328,0.2125873463361988,kp_vy_oracle_kpbase_s006@c3aaea0+dirty
723,456,0.2296175017772845,0.22987779139947906,0.260228000375455,0.004329756428644886,0.001079424932324138,0.06757819773895987,0.08851871049085054,0.21186938196794325,kp_vy_oracle_kpbase_s006@c3aaea0+dirty
724,457,0.2292747806266094,0.2295563698658425,0.27781456227721335,0.004248737043779065,0.0010696906167952244,0.06711586813072624,0.08594943442633751,0.21255498054191194,kp_vy_oracle_kpbase_s006@c3aaea0+dirty
725,457,0.22968222513627307,0.22999083412404633,0.19524751172303276,0.004304448160581385,0.0010710204503993413,0.06732493741785152,0.0877195652982834,0.21227152990316395,kp_vy_oracle_kpbase_s006@c3aaea0+dirty
726,458,0.23041250756619908,0.23067632342748312,0.14902563137870328,0.00428899654251673,0.0010823392738744677,0.06717456507621304,0.08718994357803633,0.21327877855474178,kp_vy_oracle_kpbase_s006@c3aaea0+dirty
727,459,0.23070109768887165,0.2309832083060052,0.17734105514944307,0.004400335701996685,0.0010992470804481408,0.0677745105639864,0.09074659721377747,0.2121038697642519,kp_vy_oracle_kpbase_s006@c3aaea0+dirty
728,460,0.22996158657666885,0.23029428720612402,0.05490317555502035,0.004245259450289803,0.001073777097361566,0.06694400233333699,0.08578681965724153,0.2133610856598613,kp_vy_oracle_kpbase_s006@c3aaea0+dirty
729,462,0.22948136889602233,0.22979169371191685,0.13981638690549275,0.004091373419959214,0.001058610652617044,0.06639614722262267,0.08103229894470128,0.21469854493714868,kp_vy_oracle_kpbase_s006@c3aaea0+dirty
730,463,0.22980058916257076,0.2300191395771309,0.17199971189556643,0.004096364448249634,0.0010757382162740452,0.06648083359777135,0.08116499502022066,0.21498966106032213,kp_vy_oracle_kpbase_s006@c3aaea0+dirty
731,463,0.22959095146797653,0.22980710832572462,0.11658311452483638,0.004027722420373804,0.001060101165634126,0.06618569350778443,0.07909604076696464,0.2155361253501636,kp_vy_oracle_kpbase_s006@c3aaea0+dirty
732,462,0.2290881076757171,0.22927793927104292,0.1098582421342251,0.003963793842411026,0.0010499747935771495,0.06600665793628434,0.07718647704594717,0.21569332126812926,kp_vy_oracle_kpbase_s006@c3aaea0+dirty
733,462,0.22917366379060314,0.22942645872829368,0.055073807347584824,0.003968681726668216,0.001046938339111955,0.06612889582769309,0.0773145932356806,0.21573831798734702,kp_vy_oracle_kpbase_s006@c3aaea0+dirty
734,461,0.22955122520793578,0.2297676644651308,0.04906309393497059,0.003949236536338739,0.0010558850099436305,0.06600224828542987,0.07673455913134676,0.21634595542644725,kp_vy_oracle_kpbase_s006@c3aaea0+dirty
735,460,0.22996251262924178,0.23017288522548016,0.07387902606555583,0.003966620875266799,0.0010572373241431452,0.06593143733410048,0.07727169348172606,0.2165914185770534,kp_vy_oracle_kpbase_s006@c3aaea0+dirty
736,460,0.2301243647946756,0.23030641383458011,0.07250151828493692,0.003888661746349407,0.0010430912810392829,0.06565446633637068,0.07496239475621475,0.21757266060920052,kp_vy_oracle_kpbase_s006@c3aaea0+dirty
737,460,0.22978364219731368,0.22996526843914597,0.1717022092095852,0.0038828939481134177,0.0010448707250750393,0.06558413830884251,0.07480399085562521,0.21726685245001046,kp_vy_oracle_kpbase_s006@c3aaea0+dirty
738,460,0.23016004215035274,0.2303705542475106,0.12484376524082552,0.003999294602612364,0.0010695621248774183,0.06582369478908325,0.07826330264285401,0.21644514423309474,kp_vy_oracle_kpbase_s006@c3aaea0+dirty
739,461,0.23025110946207206,0.23037231283554685,0.18441468377262732,0.004067860739330665,0.0010939861498955065,0.0660277802599162,0.08035758526252672,0.21577356626633123,kp_vy_oracle_kpbase_s006@c3aaea0+dirty
740,460,0.23000462867661553,0.23011128152349006,0.21107121472581916,0.004075480939553624,0.0010920041203042498,0.06601451196312715,0.08062727602485224,0.21540977594686847,kp_vy_oracle_kpbase_s006@c3aaea0+dirty
741,460,0.22955031808498882,0.229652098375776,0.15087833892146688,0.004062356489005588,0.0010789666799291197,0.06588946223113412,0.08023233360507756,0.21507236265313842,kp_vy_oracle_kpbase_s006@c3aaea0+dirty
742,460,0.22951393452155214,0.22960427545452294,0.24877394495759075,0.00415583168007847,0.001096606990408692,0.06622202942893902,0.0831195662914511,0.2139340642326144,kp_vy_oracle_kpbase_s006@c3aaea0+dirty
743,459,0.2301159539827855,0.23021952666248752,0.20050166171621384,0.0040905266033808675,0.0010892761784079728,0.06592921367008243,0.0810998135137623,0.21535127704622611,kp_vy_oracle_kpbase_s006@c3aaea0+dirty
744,459,0.2297546516087882,0.22987767254995745,0.18893627540433655,0.004119156237323405,0.0010829388711044686,0.06602917405851941,0.08199535903393176,0.21462516402503287,kp_vy_oracle_kpbase_s006@c3aaea0+dirty
745,458,0.22954160410196553,0.22971505407745055,0.1292289250570754,0.004150368943175685,0.0010909620622816217,0.06629151578355981,0.08292593725106759,0.21403886783651113,kp_vy_oracle_kpbase_s006@c3aaea0+dirty
746,458,0.22986033192961047,0.230026641786476,0.1124472088176406,0.004082900885453145,0.0010891782047809328,0.06604048620126564,0.08083102306115844,0.21517926922842073,kp_vy_oracle_kpbase_s006@c3aaea0+dirty
747,458,0.2301376168828363,0.23025318495941635,0.05029172108829704,0.004002655177137245,0.0010773368663420065,0.06576006552666469,0.0783843819386104,0.21637747427265433,kp_vy_oracle_kpbase_s006@c3aaea0+dirty
748,458,0.2300164659484726,0.2301500958568981,-0.013241843276875727,0.004034158365534176,0.0010804631155320657,0.06574294088757411,0.07936171840975786,0.2158918531544791,kp_vy_oracle_kpbase_s006@c3aaea0+dirty
749,459,0.22968885320523014,0.22983862314416742,0.022760011534687263,0.0038790827728040623,0.00106158920149635,0.0654667296731549,0.07472208516308253,0.21719479569182773,kp_vy_oracle_kpbase_s006@c3aaea0+dirty
750,460,0.22952659511571463,0.229654731520014,-0.018394678772586735,0.0038571476220633574,0.00104641854077926,0.06540092143616152,0.07409393546879045,0.21723845560158062,kp_vy_oracle_kpbase_s006@c3aaea0+dirty
751,461,0.2293871283358416,0.22955087094699397,-0.07046104656618246,0.003865698572455104,0.0010492432526966425,0.06534385023742736,0.07435174937045534,0.2170029308827806,kp_vy_oracle_kpbase_s006@c3aaea0+dirty
752,461,0.2291269462953165,0.22932064928861798,-0.14122158161831055,0.003811798452277492,0.0010375524132963173,0.0651985869302578,0.0728011087957132,0.21725366757947168,kp_vy_oracle_kpbase_s006@c3aaea0+dirty
753,463,0.22963779417921196,0.22979937176275822,-0.20810858300678886,0.003886069088908761,0.0010594358280462614,0.06535442982729506,0.07495166149952237,0.21706166164008586,kp_vy_oracle_kpbase_s006@c3aaea0+dirty
754,463,0.22983568200691573,0.2299865595635963,-0.1924835073579831,0.003919930242854534,0.0010710291853264224,0.06550468072631051,0.0759227115030769,0.2169335903026653,kp_vy_oracle_kpbase_s006@c3aaea0+dirty
755,463,0.23013602015136245,0.23028317168021326,-0.2373801673570047,0.003986166162139063,0.0010730096416765834,0.06557403824658055,0.07790753998084991,0.21654792306840667,kp_vy_oracle_kpbase_s006@c3aaea0+dirty
756,462,0.23030002568196598,0.2304180554441211,-0.06525264225460475,0.004017650240013659,0.0010784510038828131,0.06565090539379655,0.07884598268599997,0.21638256131997602,kp_vy_oracle_kpbase_s006@c3aaea0+dirty
757,463,0.22966252639386134,0.22978053674798835,-0.06699438847361595,0.0040550057864566745,0.0010672172419399965,0.06569641104987138,0.0800252568761838,0.21526921352462794,kp_vy_oracle_kpbase_s006@c3aaea0+dirty
758,461,0.22988994014785746,0.23007066115702374,-0.045325436762070584,0.003946899790786087,0.0010481904473390357,0.06536983375572947,0.0767466180138779,0.21670104107875762,kp_vy_oracle_kpbase_s006@c3aaea0+dirty
759,463,0.22981363499221188,0.23001002541140417,-0.10090801943215374,0.0039048890068008324,0.0010381468674888613,0.06533518065495314,0.0755022939290081,0.21705692902967014,kp_vy_oracle_kpbase_s006@c3aaea0+dirty
760,463,0.22920189982249906,0.22943929968126137,-0.13304244089630818,0.003944588772893622,0.0010285855937950115,0.06547851882784145,0.07668893559754991,0.21599147677433417,kp_vy_oracle_kpbase_s006@c3aaea0+dirty
761,465,0.22882392700191723,0.22903992481887017,-0.08661895481546633,0.003930829955415207,0.0010197870298041666,0.06551117123240498,0.07629069471628772,0.21573159126165303,kp_vy_oracle_kpbase_s006@c3aaea0+dirty
762,465,0.22914456848515777,0.2293784602002516,-0.15752708401157933,0.004009716620921434,0.0010305521867721495,0.06580628281491421,0.0786448760592076,0.21522596668590208,kp_vy_oracle_kpbase_s006@c3aaea0+dirty
763,466,0.2290400661160231,0.22927981016045776,-0.12318933482799514,0.004002485250373573,0.001036403790114253,0.0658410059621307,0.07842957071877148,0.21519329525638445,kp_vy_oracle_kpbase_s006@c3aaea0+dirty
764,465,0.2286591197609868,0.22898348893152642,-0.14986065266155182,0.004065691790568581,0.0010452009052855237,0.06613258399104832,0.08033972886456793,0.21408064138505614,kp_vy_oracle_kpbase_s006@c3aaea0+dirty
765,465,0.22885523087515616,0.2291224307168692,-0.06320734059030089,0.0039988182436059465,0.0010427810740196845,0.06593727725837052,0.07831257371910468,0.21503919990646084,kp_vy_oracle_kpbase_s006@c3aaea0+dirty
766,465,0.22936889117982706,0.2295845025997288,0.01775851903539822,0.004038134377057119,0.0010546071286872054,0.06601786513643751,0.07949107741442098,0.21515403052826568,kp_vy_oracle_kpbase_s006@c3aaea0+dirty
767,465,0.22922295545995344,0.22946831291513117,0.016597288035494255,0.00405179383833213,0.0010376663472816733,0.06587551030514713,0.07991529418339298,0.21484112517248077,kp_vy_oracle_kpbase_s006@c3aaea0+dirty
768,464,0.22908618452488796,0.22936850543652404,-0.055062491772542556,0.003959367757632135,0.001024938155202585,0.06535274323365195,0.07716068066352434,0.2157005083436584,kp_vy_oracle_kpbase_s006@c3aaea0+dirty
769,463,0.22894328841053985,0.229206235652672,-0.018962769889330627,0.003929127238347998,0.0010258512605607986,0.06521294013774338,0.07626824681785187,0.21586612479859563,kp_vy_oracle_kpbase_s006@c3aaea0+dirty
770,463,0.22903693269538336,0.22936949658800285,0.11233963143576331,0.0039851182549167025,0.0010282250500823448,0.0654390007827411,0.07792134012715314,0.21537451402451982,kp_vy_oracle_kpbase_s006@c3aaea0+dirty
771,464,0.22881689775044378,0.2291564308911595,0.1600992523828142,0.004017871519160756,0.001030258364936137,0.06551958516269688,0.07893272415250817,0.21477150126122668,kp_vy_oracle_kpbase_s006@c3aaea0+dirty
772,464,0.22827716506006684,0.22865601959918305,0.11634607703373134,0.003948299043589282,0.0010051275671837123,0.065101448984366,0.07688185770278413,0.21494102457192732,kp_vy_oracle_kpbase_s006@c3aaea0+dirty
773,463,0.22807592574040106,0.2285082454874018,0.10803097433846562,0.003930426875845447,0.0010025477213525058,0.06512342821582677,0.07634393654252887,0.21491912724448528,kp_vy_oracle_kpbase_s006@c3aaea0+dirty
774,463,0.22847092741405395,0.22883982857784388,0.032543158892213764,0.0039458381680561195,0.001017868208847585,0.06530620172867209,0.07677947058748631,0.2151833580222765,kp_vy_oracle_kpbase_s006@c3aaea0+dirty
775,463,0.22846190973344688,0.22876426080548123,0.07374929197208838,0.004061847975797865,0.0010461288283982039,0.06597845149360632,0.08025267451746042,0.21390267046450867,kp_vy_oracle_kpbase_s006@c3aaea0+dirty
776,463,0.2286709179537355,0.2289551860757983,0.033324004990548904,0.004012992934370233,0.0010444845258478408,0.06596369397957462,0.07874165955407059,0.21468614246959417,kp_vy_oracle_kpbase_s006@c3aaea0+dirty
777,463,0.2286665334255145,0.22894324817267003,0.09164767880350856,0.0039517036657945315,0.0010286406595050631,0.06562069355033648,0.07691369042656519,0.21534313950950104,kp_vy_oracle_kpbase_s006@c3aaea0+dirty
778,463,0.22870325230146432,0.22896177258379002,0.16575691505373635,0.003977351897552334,0.0010348214465939441,0.0656658219032938,0.07768285920002414,0.21510590647347755,kp_vy_oracle_kpbase_s006@c3aaea0+dirty
779,463,0.22922600424792688,0.22944027558822927,0.11922737274192867,0.0040466075418849,0.0010583988647087353,0.06590652229081499,0.07976496867242001,0.21490023451862134,kp_vy_oracle_kpbase_s006@c3aaea0+dirty
780,463,0.2294751125037241,0.2296940992303874,0.09425400696658681,0.003966565788639521,0.0010441526037814324,0.06574654390203667,0.07732632138033967,0.21605431557916463,kp_vy_oracle_kpbase_s006@c3aaea0+dirty
781,463,0.22949847086226632,0.22971494130847628,0.006163108024013472,0.004030849723959887,0.0010549629934680585,0.0659962416601363,0.07926562689175154,0.2153752737005252,kp_vy_oracle_kpbase_s006@c3aaea0+dirty
782,463,0.2299034944289488,0.2301201082296175,0.057944246475811284,0.004043389819265744,0.0010591075945627273,0.06616894323547834,0.07961032418782317,0.21567988555577314,kp_vy_oracle_kpbase_s006@c3aaea0+dirty
783,463,0.2299026530139082,0.23016045949122993,0.04785663476738021,0.004036874452424282,0.0010503202837642382,0.06605612603490356,0.07942757245685596,0.21574635708730835,kp_vy_oracle_kpbase_s006@c3aaea0+dirty
784,463,0.22958304551028783,0.22986322249628305,0.002634153086643623,0.00396250060436147,0.0010363861192513413,0.06573759345588474,0.0772009374813958,0.21621376005650636,kp_vy_oracle_kpbase_s006@c3aaea0+dirty
785,463,0.22979447003212458,0.23000984951039322,0.12706258112825686,0.003877069041772427,0.0010289192066942595,0.06541674878935252,0.07467795862773868,0.21732165320680485,kp_vy_oracle_kpbase_s006@c3aaea0+dirty
786,465,0.22964698725324134,0.22982140804300089,0.13594316262373893,0.003916952676480378,0.0010464090036223154,0.06557712782411826,0.07586725597194606,0.21675308123710169,kp_vy_oracle_kpbase_s006@c3aaea0+dirty
787,464,0.22910210473251985,0.22932605272919923,0.13442570564708878,0.0037908690785486625,0.0010157370341365333,0.06509980958870112,0.0722087601285911,0.21742508906186997,kp_vy_oracle_kpbase_s006@c3aaea0+dirty
788,466,0.22943975959833893,0.22963846683078318,0.16766444974032468,0.003751026201695765,0.0010127038393133515,0.06509400588069242,0.07106264847594898,0.2181575194122982,kp_vy_oracle_kpbase_s006@c3aaea0+dirty
789,466,0.2286914611439849,0.2289855357662001,0.16546657643939783,0.003633528377005084,0.0009810707326360932,0.06472117644179186,0.06776181230817659,0.21842188808103047,kp_vy_oracle_kpbase_s006@c3aaea0+dirty
790,465,0.22762380880220015,0.22803864088304596,0.19859933562222243,0.0035356277566135513,0.0009433143140133091,0.06451363215211069,0.06508852415529581,0.21811942223677847,kp_vy_oracle_kpbase_s006@c3aaea0+dirty
791,463,0.22729171877104454,0.22783365623694332,0.10241529079738422,0.0035979470319265077,0.0009570701185192796,0.06463704603087934,0.06678365724646271,0.21725898956471879,kp_vy_oracle_kpbase_s006@c3aaea0+dirty
792,463,0.22757272577611493,0.22801606926788417,0.12861354990098242,0.0035682964520258914,0.0009576730807286251,0.06462267447828986,0.06595322583227804,0.21780614665221762,kp_vy_oracle_kpbase_s006@c3aaea0+dirty
793,465,0.2270722664334857,0.22749451861183634,0.09152890564193286,0.0035431101180401253,0.0009518070553997993,0.06460890687487088,0.0652835343936865,0.21748534277120438,kp_vy_oracle_kpbase_s006@c3aaea0+dirty
794,466,0.22694086594455548,0.2273330821654772,0.07095885423766496,0.0035295516402606315,0.0009506567377653095,0.06464641748769544,0.06490404225324062,0.2174617712032491,kp_vy_oracle_kpbase_s006@c3aaea0+dirty
795,466,0.22720338752363725,0.22757330514194346,0.03200764548163335,0.003563258410105218,0.000953795041851191,0.06469545601403588,0.0658188987094383,0.21746092033947798,kp_vy_oracle_kpbase_s006@c3aaea0+dirty
796,466,0.22808383130388538,0.22836669146210636,-0.03248569962210612,0.003686898255456138,0.0009908155020984359,0.06495913757515377,0.06923287240379182,0.21732244127328296,kp_vy_oracle_kpbase_s006@c3aaea0+dirty
797,465,0.22768986719006132,0.22806433930171854,0.020237349212857872,0.0036658112630971206,0.0009794527345320441,0.06484037333091608,0.06866566659836024,0.2170891564579645,kp_vy_oracle_kpbase_s006@c3aaea0+dirty
798,466,0.22810305839368814,0.22847583093944596,0.0698181747642129,0.003673768901735176,0.0009852833647213434,0.06488555049363588,0.0688528691638921,0.21746330186138133,kp_vy_oracle_kpbase_s006@c3aaea0+dirty
799,466,0.22784320169431363,0.2282042185262632,0.13066755640038868,0.003650562885482842,0.0009842426543861323,0.06488725683870683,0.06820110086119738,0.2173962612365642,kp_vy_oracle_kpbase_s006@c3aaea0+dirty
800,467,0.22796823037871655,0.22835986396817784,0.19788991799341538,0.0037529350218775716,0.0010072402772234798,0.06520037643448187,0.07108925472303981,0.21660062771129346,kp_vy_oracle_kpbase_s006@c3aaea0+dirty
801,467,0.22862663676803752,0.22899991087828422,0.22840779424565089,0.00378328275628909,0.0010226164108159614,0.06521389664918965,0.07196416598497728,0.21700529452976672,kp_vy_oracle_kpbase_s006@c3aaea0+dirty
802,467,0.22894437784531735,0.22933430154583265,0.37186506561669513,0.0038375368777056698,0.0010386027030069931,0.06526036688330081,0.0735417765777526,0.21681128947720263,kp_vy_oracle_kpbase_s006@c3aaea0+dirty
803,467,0.22900491780684248,0.22936755199721165,0.29625951418331314,0.003869374708201903,0.0010411614409547875,0.06542595445582862,0.07446448025135669,0.2165601384387579,kp_vy_oracle_kpbase_s006@c3aaea0+dirty
804,468,0.22834743280471617,0.2287343926908562,0.4126733090367231,0.0038049767615298737,0.001019886746994731,0.0653367159675278,0.07260124959417602,0.21649851876137285,kp_vy_oracle_kpbase_s006@c3aaea0+dirty
805,468,0.22756615965496366,0.22793871319067824,0.41428276796214264,0.0038276584441260617,0.0010152333983694305,0.06531112608610991,0.07328731084794297,0.21544216645955216,kp_vy_oracle_kpbase_s006@c3aaea0+dirty
806,469,0.22668067042426016,0.22713437854991336,0.43834181608205836,0.0037424127797226164,0.0009939618814698403,0.06514240202460415,0.07083256032536238,0.21532968848197862,kp_vy_oracle_kpbase_s006@c3aaea0+dirty
807,471,0.22706009491857007,0.22748358293310916,0.43850565476915904,0.003808320264890274,0.0010019210849171254,0.06523633761497312,0.0727362846358281,0.21509467590297499,kp_vy_oracle_kpbase_s006@c3aaea0+dirty
808,471,0.22755251213794747,0.2279213095724615,0.5047231304756608,0.0038839530565484225,0.0010251638238403698,0.06541920283824859,0.07494858973943869,0.21485542738399707,kp_vy_oracle_kpbase_s006@c3aaea0+dirty
809,469,0.22773884525258686,0.22803018585989757,0.5946687459412691,0.003915630825471281,0.001040759247363837,0.06545992088362645,0.07588068200448288,0.2147256475959876,kp_vy_oracle_kpbase_s006@c3aaea0+dirty
810,469,0.22833785648401766,0.2286328015999317,0.6606487389260944,0.003952842415123529,0.001054190113903498,0.0656535298619081,0.07696938587636568,0.21497416203239628,kp_vy_oracle_kpbase_s006@c3aaea0+dirty
811,468,0.22873851129498343,0.22902315759638908,0.6031510636638481,0.0040055176103035725,0.0010693921133018121,0.06588126270415536,0.07852749015604817,0.21483654214131503,kp_vy_oracle_kpbase_s006@c3aaea0+dirty
812,468,0.2289448670906891,0.2291898356118289,0.5033518361771488,0.004037609626516514,0.0010790698504705722,0.06600805294296333,0.07949666340633547,0.2146998664984054,kp_vy_oracle_kpbase_s006@c3aaea0+dirty
813,467,0.22921123895970452,0.22950709694868018,0.4523138263590852,0.004010606443827077,0.0010706623287973537,0.06594624849544024,0.07865835982362114,0.21529202143902249,kp_vy_oracle_kpbase_s006@c3aaea0+dirty
814,468,0.2295670005018677,0.22987591298261506,0.4218778246950726,0.004054911841128843,0.001081147519857654,0.06626428607197307,0.07995722413560165,0.21519258822727536,kp_vy_oracle_kpbase_s006@c3aaea0+dirty
815,468,0.22947173473233534,0.2297975286862053,0.36261117724652303,0.004055435345643954,0.0010709249958640418,0.06621591522260031,0.07997146681832011,0.215085660926045,kp_vy_oracle_kpbase_s006@c3aaea0+dirty
816,468,0.23000310478449254,0.2303251478333039,0.3414996787146933,0.004168022781694234,0.0010772969851816504,0.06649630076419495,0.08345172917588299,0.21432973920588186,kp_vy_oracle_kpbase_s006@c3aaea0+dirty
817,467,0.22988828979388531,0.23017649670702067,0.27490942070500435,0.004130161435578086,0.001081008925037552,0.06632937920832878,0.08226115656564212,0.21466655050296102,kp_vy_oracle_kpbase_s006@c3aaea0+dirty
818,468,0.22973017061138176,0.23002363257449343,0.25759007546896295,0.0041524630463668204,0.001077344672473356,0.06648511799772007,0.08294777157533098,0.2142326270198386,kp_vy_oracle_kpbase_s006@c3aaea0+dirty
819,467,0.23026104657969051,0.23055592550042428,0.13125750296393873,0.004274369048647237,0.0010893802908741664,0.06698472298377374,0.08678924544485223,0.21327863570242472,kp_vy_oracle_kpbase_s006@c3aaea0+dirty
820,468,0.2302315450761033,0.2304752765629403,0.07955886648161514,0.004204829250359709,0.0010766658603724212,0.06651810003765178,0.08461082879914664,0.21412046141845315,kp_vy_oracle_kpbase_s006@c3aaea0+dirty
821,468,0.23041084437133788,0.23059466096570422,0.1249731044177882,0.004186378880397894,0.0010783627391436938,0.0663435474948663,0.08403619853852919,0.21453921445532,kp_vy_oracle_kpbase_s006@c3aaea0+dirty
822,467,0.23070805119589,0.23085208382559844,0.273474542144984,0.004212998084099242,0.0010788149274963466,0.066471579904508,0.08486732261557593,0.21453144860059364,kp_vy_oracle_kpbase_s006@c3aaea0+dirty
823,465,0.2312811790557321,0.23142260301054202,0.20087910085526528,0.004210374765897589,0.001078326356579448,0.06623334473000542,0.08479690728759136,0.21517543609777867,kp_vy_oracle_kpbase_s006@c3aaea0+dirty
824,465,0.2309742779879784,0.2311006063190128,0.20678227087752565,0.004151157061779414,0.0010779790608510514,0.06605307424242261,0.08293598731574398,0.21557072876443747,kp_vy_oracle_kpbase_s006@c3aaea0+dirty
825,464,0.2313322047624806,0.23146661351226278,0.2946150718206021,0.004181325851637169,0.0010821401726592236,0.06607400213115193,0.08389509151467983,0.21558340052057287,kp_vy_oracle_kpbase_s006@c3aaea0+dirty
826,464,0.23167292547020116,0.23180396134027278,0.30066645458091873,0.004070051376329661,0.0010721757352998118,0.06578504230094952,0.08043306625418052,0.21726220621376371,kp_vy_oracle_kpbase_s006@c3aaea0+dirty
827,463,0.23202826646454594,0.23216039024821247,0.28482637626517315,0.0041184183828962525,0.0010847675976256594,0.06588499472699492,0.08192433536678237,0.21708413049611272,kp_vy_oracle_kpbase_s006@c3aaea0+dirty
828,463,0.23160121689642024,0.2317168312946964,0.16750759537217358,0.004138712498908718,0.0010916542956523338,0.06592056882540906,0.08255972541421687,0.21638626436867892,kp_vy_oracle_kpbase_s006@c3aaea0+dirty
829,463,0.23176719107215527,0.23187869007650902,0.15314905285907773,0.0041542936278986765,0.0010898916928001154,0.06609081814603095,0.08301347378058727,0.21639037415827136,kp_vy_oracle_kpbase_s006@c3aaea0+dirty
830,464,0.23148720897261552,0.23161105413853544,0.0914020999490112,0.004128835625176436,0.0010839136113193954,0.06597039775171683,0.08222352228637556,0.21639228336692892,kp_vy_oracle_kpbase_s006@c3aaea0+dirty
831,462,0.23178065436145628,0.23193343718118375,0.050885747137400524,0.004028650881511721,0.0010687509686196934,0.06569258473880162,0.07913867697352109,0.217851650310723,kp_vy_oracle_kpbase_s006@c3aaea0+dirty
832,462,0.2318915786905872,0.2320080300203323,0.0900539712686956,0.004110336600637537,0.001090379321384559,0.06589619030219306,0.08165880611081511,0.21703811566673975,kp_vy_oracle_kpbase_s006@c3aaea0+dirty
833,463,0.231602780498357,0.23178105363280835,0.02464585511098641,0.004114518158554416,0.0010899977420801479,0.06594323471330399,0.08179132009653209,0.2166795511612408,kp_vy_oracle_kpbase_s006@c3aaea0+dirty
834,463,0.230991853217152,0.23123789338838555,0.05494851968686777,0.003981838227515598,0.0010624320524273922,0.06555170546582485,0.0777352483229648,0.21751888980238313,kp_vy_oracle_kpbase_s006@c3aaea0+dirty
835,463,0.23172737259926374,0.23189664459265824,-0.055592221185126495,0.004162868091522463,0.001095630534318811,0.06619035999871782,0.08327074995130364,0.21624883216865118,kp_vy_oracle_kpbase_s006@c3aaea0+dirty
836,463,0.23092615568496624,0.23111823712448093,-0.1400067760210712,0.004106758076368282,0.0010812940835515457,0.06580237327696638,0.08158649903642223,0.21603363755308372,kp_vy_oracle_kpbase_s006@c3aaea0+dirty
837,462,0.23118966081846418,0.23138103640367766,-0.008754031035089371,0.00402613629570176,0.0010688438605201865,0.06556838756216099,0.07909861791864663,0.21723735386143073,kp_vy_oracle_kpbase_s006@c3aaea0+dirty
838,462,0.23170733385347642,0.2318837846258649,-0.004241547961209058,0.004084711633860875,0.0010854987753700905,0.06572712915488788,0.08087224959027399,0.21713582801485065,kp_vy_oracle_kpbase_s006@c3aaea0+dirty
839,461,0.23179832009769719,0.2319512534313816,0.014036748128912523,0.004147289453482159,0.0010867663782456098,0.06606167747562477,0.08278738985260674,0.21651029832667773,kp_vy_oracle_kpbase_s006@c3aaea0+dirty
840,462,0.2316467491887062,0.23181812259098802,0.022007772194866194,0.004088727963833202,0.0010794560814849712,0.06602172457787911,0.0809484172698821,0.2170427841491083,kp_vy_oracle_kpbase_s006@c3aaea0+dirty
841,462,0.231222485660019,0.2313735771152873,-0.0059092162834449916,0.003989874446058107,0.0010707932141881,0.06567287183340807,0.07795714091207973,0.21768445524568775,kp_vy_oracle_kpbase_s006@c3aaea0+dirty
842,463,0.2317548791283523,0.2319029917829886,0.038750745030156276,0.003967114395976533,0.0010603458637614372,0.06570979674388615,0.07727154737042802,0.21849355131622739,kp_vy_oracle_kpbase_s006@c3aaea0+dirty
843,463,0.23215757675387869,0.23230701510556218,0.02915861342778555,0.004070487593378243,0.0010824519150428075,0.06608449260678807,0.08036971080753706,0.21780231869506333,kp_vy_oracle_kpbase_s006@c3aaea0+dirty
844,463,0.23202604272838515,0.2321823116643269,-0.011765588563187324,0.004045922351266742,0.0010863950594572412,0.06611826250753504,0.07961122199625902,0.21794067503900408,kp_vy_oracle_kpbase_s006@c3aaea0+dirty
845,463,0.2312968460943999,0.23149922208736928,0.007134241580037974,0.003981542321491603,0.0010641189397652974,0.06580477560367509,0.07770159300985284,0.2178547531199347,kp_vy_oracle_kpbase_s006@c3aaea0+dirty
846,465,0.23122754533639645,0.23142557985018056,0.020049311675771182,0.003951408885355131,0.0010599534566189445,0.06575726298416965,0.07681481595706154,0.21809553358970477,kp_vy_oracle_kpbase_s006@c3aaea0+dirty
847,465,0.23150274703962692,0.23165952403546497,0.018510663474820603,0.004046813936101422,0.0010843927516229054,0.06617930461133069,0.0796700636155023,0.2173619167434703,kp_vy_oracle_kpbase_s006@c3aaea0+dirty
848,464,0.23118736062505174,0.23136463414898073,0.044914794939223006,0.004043703974271544,0.0010795572388642377,0.06617341764155978,0.07957494525752556,0.2170608757930354,kp_vy_oracle_kpbase_s006@c3aaea0+dirty
849,465,0.23107376269803986,0.2312704153616317,-0.06612344946482446,0.004077244666340562,0.001081143804086909,0.06625495763134262,0.08060136311202996,0.21656062447248517,kp_vy_oracle_kpbase_s006@c3aaea0+dirty
850,467,0.2302621155815595,0.23047005548088972,-0.09067756869643105,0.003951536427928269,0.0010678816414567015,0.06566868043166238,0.07684680894670129,0.21706038290486052,kp_vy_oracle_kpbase_s006@c3aaea0+dirty
851,466,0.2301942025201783,0.23043317991130943,-0.012489386458410967,0.0038677321009110946,0.001059008528439194,0.06534302345052599,0.07436294474559166,0.21785206751983086,kp_vy_oracle_kpbase_s006@c3aaea0+dirty
852,466,0.23003766962098685,0.23026851678391713,0.10957132356814792,0.0038986813123795244,0.0010605866448354295,0.06543412234475365,0.0752909512380097,0.21736743570813438,kp_vy_oracle_kpbase_s006@c3aaea0+dirty
853,466,0.2301717827903434,0.23037763774644948,0.025278967343589434,0.0037769324485183073,0.0010329239694539486,0.06513199975996055,0.0717331428348613,0.2187084950611622,kp_vy_oracle_kpbase_s006@c3aaea0+dirty
854,466,0.23028928533313242,0.23051898933958287,0.06766511545899628,0.0038596510486774683,0.0010477595877500046,0.06533970171729685,0.07413090850620942,0.21803156501591436,kp_vy_oracle_kpbase_s006@c3aaea0+dirty
855,466,0.23015368481352627,0.230395204958971,0.04671661438786294,0.0038650071039751702,0.0010399479316316976,0.06537787535844174,0.07428107045400825,0.21783718967488233,kp_vy_oracle_kpbase_s006@c3aaea0+dirty
856,467,0.22941066750875655,0.2296613252935949,0.056565016667887,0.003912494714523903,0.0010418535534559915,0.06559529068179389,0.0756853870091336,0.2165663329331014,kp_vy_oracle_kpbase_s006@c3aaea0+dirty
857,466,0.23004696618444648,0.2302606588811256,0.1464162197473548,0.00396235724874554,0.0010583717337302812,0.06581259370854024,0.07717226807576251,0.21671651457770935,kp_vy_oracle_kpbase_s006@c3aaea0+dirty
858,466,0.23049389045266241,0.23066679426139788,0.08829659915259125,0.0039005924030877646,0.0010597172953908931,0.06564397254087352,0.07533028990738001,0.21783659233121055,kp_vy_oracle_kpbase_s006@c3aaea0+dirty
859,466,0.22978692000643158,0.22998313660570188,0.1326804259431187,0.0037552677199696504,0.0010314325104803469,0.06516011469059367,0.07113505222754414,0.21849904565152398,kp_vy_oracle_kpbase_s006@c3aaea0+dirty
860,466,0.22995871542571475,0.23014137491565922,0.09364620669010079,0.0037439014578492563,0.0010289627004713437,0.06516158830873485,0.07080850148897043,0.21878566433185545,kp_vy_oracle_kpbase_s006@c3aaea0+dirty
861,466,0.23025387042979303,0.23039578448906128,0.11991351512898257,0.003825965110954711,0.0010510780468766295,0.06534048799968213,0.0731713237171202,0.21831812163305253,kp_vy_oracle_kpbase_s006@c3aaea0+dirty
862,465,0.2303675268638165,0.23051741091296513,0.010515720415263205,0.00396665917782205,0.0010786853921097778,0.06582111541094075,0.07731355246913574,0.2170064792533933,kp_vy_oracle_kpbase_s006@c3aaea0+dirty
863,467,0.23043011808805897,0.23059870393683657,0.007758121919205301,0.004013403743374805,0.0010908657694496577,0.06604383921198312,0.0787211011201555,0.2165664506808639,kp_vy_oracle_kpbase_s006@c3aaea0+dirty
864,467,0.2306568877650183,0.23087636075686704,0.021155345173402652,0.0041486121044014435,0.0011069454305829484,0.06655181733280997,0.08284551693116399,0.21526546448014477,kp_vy_oracle_kpbase_s006@c3aaea0+dirty
865,467,0.23026683710585974,0.23048914762596032,0.1560871903999369,0.0041687281771381314,0.0011172346066717427,0.06651446096729426,0.08350396336066818,0.21459241452995662,kp_vy_oracle_kpbase_s006@c3aaea0+dirty
866,468,0.2305236803261566,0.23070637787131448,0.22985832642521536,0.004213822186470771,0.0011299591799194641,0.06682244730606487,0.08490988292779819,0.21431630589459041,kp_vy_oracle_kpbase_s006@c3aaea0+dirty
867,468,0.23089783912352624,0.2310335758928177,0.27170799770251525,0.004265703268911916,0.0011391226771213677,0.06698094486644544,0.08654761952242952,0.21406382615218897,kp_vy_oracle_kpbase_s006@c3aaea0+dirty
868,468,0.2302017200864723,0.2303480718120822,0.25849717308522113,0.0042337991179444085,0.0011364998691568563,0.06694353554785179,0.08554335591403402,0.2137174915390302,kp_vy_oracle_kpbase_s006@c3aaea0+dirty
869,470,0.23030765837698863,0.23045323111263052,0.30388713777334164,0.0043315944148761215,0.0011452454089989478,0.06745415407141633,0.08868121016088892,0.2125494306543585,kp_vy_oracle_kpbase_s006@c3aaea0+dirty
870,470,0.2299298893633469,0.23005720923952028,0.327881369646019,0.004229644206117522,0.0011376107558298835,0.06685781660361677,0.08546530813451977,0.2134559325203039,kp_vy_oracle_kpbase_s006@c3aaea0+dirty
871,471,0.23040630584376556,0.23048754620080492,0.3637108876949126,0.0042774570986084315,0.0011439039982785325,0.06700094645920934,0.08699503592551579,0.2133516568880801,kp_vy_oracle_kpbase_s006@c3aaea0+dirty
872,469,0.22963964320870695,0.2297338592331854,0.37413695319051465,0.004205631867019552,0.0011378737885772185,0.06673864622555635,0.08471543050093039,0.21344240808251827,kp_vy_oracle_kpbase_s006@c3aaea0+dirty
873,469,0.22946538285406282,0.22956681759258102,0.44518844349578457,0.0041683405218235665,0.0011345548490421908,0.06675429322166523,0.08352153821566088,0.2137253250844446,kp_vy_oracle_kpbase_s006@c3aaea0+dirty
874,468,0.22939716338886507,0.22948689466432667,0.4271878133870025,0.004225108626286919,0.0011504540625394744,0.06707276635280277,0.08528883507668276,0.2129527487075949,kp_vy_oracle_kpbase_s006@c3aaea0+dirty
875,468,0.22993350562511494,0.22999288095672274,0.4508066279264492,0.004249679010263797,0.0011547612175270559,0.06721881034254129,0.08603681921143098,0.21323011689026086,kp_vy_oracle_kpbase_s006@c3aaea0+dirty
876,468,0.22991055339319064,0.22996988452979578,0.4096144878108717,0.004314860149220635,0.0011630918980107432,0.06746559141502682,0.08812332055069684,0.21235146087720305,kp_vy_oracle_kpbase_s006@c3aaea0+dirty
877,469,0.2303437596182208,0.23037704010522955,0.44889338980536087,0.0043300882162107986,0.00116704715483501,0.06757278580235179,0.08860272251002253,0.2126212716518943,kp_vy_oracle_kpbase_s006@c3aaea0+dirty
878,469,0.22998514353829505,0.2300543036720175,0.4321800492747606,0.004228719440441249,0.0011496425047163735,0.06707167115325993,0.08537916195243009,0.21354991208762156,kp_vy_oracle_kpbase_s006@c3aaea0+dirty
879,469,0.22974365672115712,0.22983543396105896,0.39066338610528545,0.004279688599338596,0.001143046078645091,0.0671637596535591,0.087029427660445,0.2126217922149662,kp_vy_oracle_kpbase_s006@c3aaea0+dirty
880,469,0.2304013299841709,0.23047557515348993,0.39953940184868536,0.0042334813521063015,0.0011404391578812689,0.06703201760931195,0.08551676975011767,0.21394311148055262,kp_vy_oracle_kpbase_s006@c3aaea0+dirty
881,469,0.23065062530869918,0.2307115452054302,0.3823604005757982,0.00429548716182228,0.0011486872863968479,0.06721157013353114,0.08751665996169922,0.21340230829220722,kp_vy_oracle_kpbase_s006@c3aaea0+dirty
882,468,0.22982959282924548,0.22991595086371805,0.3635916267463593,0.00421984253454601,0.0011374940499331396,0.06667136997660904,0.0851746355815045,0.2134641028220311,kp_vy_oracle_kpbase_s006@c3aaea0+dirty
883,469,0.22920834744942747,0.22929340017223032,0.41243894019072974,0.004024967370502875,0.0011173837923996175,0.06581013029109545,0.07915805722820975,0.2151057147459196,kp_vy_oracle_kpbase_s006@c3aaea0+dirty
884,468,0.22930945300371788,0.22939609213554837,0.37843344113774424,0.003951641206805351,0.0011035533669038217,0.06556725860136041,0.07695246710187527,0.21601190486591035,kp_vy_oracle_kpbase_s006@c3aaea0+dirty
885,467,0.22942356386255067,0.22953030146153883,0.3433650964216152,0.00394634027984457,0.0010961021635838874,0.0656025763207243,0.07676391127276253,0.21620007766303256,kp_vy_oracle_kpbase_s006@c3aaea0+dirty
886,466,0.2293470951414086,0.22946792349003958,0.4244512158040891,0.0038752446904199494,0.0010856340229735597,0.0652759472305241,0.07466446935567808,0.21685319242666762,kp_vy_oracle_kpbase_s006@c3aaea0+dirty
887,466,0.22963161004334443,0.2297794466714369,0.4153829183778384,0.0038213589934124287,0.001066200771072555,0.06510592191500279,0.0730911258390066,0.2176886851783645,kp_vy_oracle_kpbase_s006@c3aaea0+dirty
888,466,0.23024779917066984,0.23039247253243572,0.5084281173315676,0.0039156785651164065,0.001085503328352006,0.06549963234891178,0.07582632849234104,0.21740381075387963,kp_vy_oracle_kpbase_s006@c3aaea0+dirty
889,466,0.22991787824303941,0.23008909176448938,0.5676448801768496,0.0038649564461311426,0.0010700523480493952,0.06543947449179645,0.07432462191980303,0.21757316312509553,kp_vy_oracle_kpbase_s006@c3aaea0+dirty
890,466,0.22964253861554337,0.2298343552089125,0.5516438937561798,0.0038733790497139913,0.00106691365006623,0.06554158665450481,0.07456209859921499,0.21720080339232695,kp_vy_oracle_kpbase_s006@c3aaea0+dirty
891,465,0.23003229318079219,0.23019791930043976,0.5883953628759383,0.003885089306048348,0.0010686853776609296,0.06552380707108482,0.07491673119304024,0.21749100968399518,kp_vy_oracle_kpbase_s006@c3aaea0+dirty
892,466,0.23018287509516533,0.23030714814757833,0.5760235042271098,0.0038589425906380677,0.0010658432013399698,0.06555515416309952,0.07415069052072082,0.21791243902626753,kp_vy_oracle_kpbase_s006@c3aaea0+dirty
893,465,0.2304487534189667,0.23057614219572325,0.4954292794221019,0.003939936838782815,0.0010750792987761272,0.06582608968802199,0.07654207265028817,0.21736591054430252,kp_vy_oracle_kpbase_s006@c3aaea0+dirty
894,465,0.23025008082098222,0.23037177203114273,0.4488945037287379,0.003920269742749007,0.0010803407220114772,0.06579983500681648,0.07595585650428135,0.21736100749851586,kp_vy_oracle_kpbase_s006@c3aaea0+dirty
895,465,0.23049730716567507,0.23064285112463367,0.5082150858427197,0.0039054019930908593,0.001081815017037983,0.06580168176886839,0.0754961836089149,0.21778276991331655,kp_vy_oracle_kpbase_s006@c3aaea0+dirty
896,466,0.2303779458622751,0.2305074640544369,0.4659629911926508,0.003897941776457645,0.0010807854185272909,0.06578347442824353,0.07528737341354692,0.21772875176285403,kp_vy_oracle_kpbase_s006@c3aaea0+dirty
897,463,0.2301140028332353,0.23022724283257093,0.44663950187787205,0.0040234135073618634,0.0011011965282276442,0.06610257669479994,0.07905485748666247,0.21610826871662664,kp_vy_oracle_kpbase_s006@c3aaea0+dirty
898,462,0.2299858726784178,0.23013136281864097,0.3401432405046537,0.004081619808371522,0.0011022876572585202,0.06630475206585902,0.08081748482225558,0.21531845201621225,kp_vy_oracle_kpbase_s006@c3aaea0+dirty
