month,method,P,kappa,mat,mn,stdev,sharpe,xret,hjd
450,ff,6,0.0,0,0.17539016966702659,0.5431144790051085,0.3229340708947973,-0.2595832374026677,0.3397265381803656
450,fm,6,0.0,0,0.26391697937058445,0.6532983605296443,0.40397618502612004,0.4706695064038028,0.3333887897232455
450,linrank,6,0.0,0,0.36311273557714285,0.8318393911546386,0.43651784159093804,0.6632460833136161,0.46235398885414986
450,linrank,6,0.001,0,0.23654356146355043,0.6949179949981173,0.3403906117932538,0.6396721101335626,0.430548581908563
450,linrank,6,0.01,0,0.15920181732997912,0.4112216234197482,0.38714359426443945,0.2735529673929203,0.24081663614278287
450,linrank,6,0.1,0,0.0681290033754505,0.1657188567872729,0.41111195609383877,0.027020780379307767,0.2606181224385117
450,linrank,6,1.0,0,0.011595229934758918,0.028617022320182334,0.40518645878055976,0.00014753778132643378,0.3425347520477958
450,rff,36,0.001,0,0.38889527830604154,0.876549479418637,0.4436660878105507,0.30930602007963337,0.5065597993393339
450,rff,36,0.01,0,0.31007830268446235,0.5717666390778082,0.5423161854713697,0.1852511760446482,0.16768086658268483
450,rff,36,0.1,0,0.13044278259953485,0.22186349143559997,0.5879416291318859,0.0343268363803404,0.17012499175883425
450,rff,36,1.0,0,0.03388856306454731,0.06476052398229738,0.523290439617365,0.004979812774145919,0.3023370626375468
450,rff,360,0.001,0,0.40672994121715567,0.9314005592365323,0.4366863828711372,0.7833594520804119,0.5842481929879244
450,rff,360,0.01,0,0.28458230421714137,0.5273196190826398,0.539677064760495,0.35163541857806346,0.15466028870231519
450,rff,360,0.1,0,0.10893154813524741,0.18496311390814443,0.5889366038103387,0.05705198718832512,0.19298616800884405
450,rff,360,1.0,0,0.03001583331657071,0.05965499214268135,0.5031571078708648,0.0069564155234997545,0.30919983029768994
450,rff,3600,0.001,0,0.4172221367151061,0.945117545334539,0.4414499961138949,0.7591542734360641,0.5976490410276905
450,rff,3600,0.01,0,0.2772651652995429,0.5160805384760783,0.5372517361694601,0.29189571763022,0.15345659207685586
450,rff,3600,0.1,0,0.1058916725628612,0.18176864083962682,0.5825629331535171,0.039280254255559366,0.19724136857872296
450,rff,3600,1.0,0,0.029670471765122698,0.059436748588355896,0.49919405872304673,0.0046121561343174435,0.30984394904087487
450,rff,36,0.001,1,0.270688195199414,0.7584108885787051,0.3569149642704833,0.7720026595922419,0.4718546131298288
450,rff,36,0.01,1,0.22418144857741307,0.42133538444952184,0.5320736326722427,0.27045362968337366,0.1441897595142675
450,rff,36,0.1,1,0.09276851525403543,0.15243466615782486,0.6085788593389023,0.033894988563717726,0.2110771229546147
450,rff,36,1.0,1,0.028039466728620743,0.05618332234572426,0.4990709975476315,0.004616669955116452,0.31263567254058744
450,rff,360,0.001,1,0.40819037806457986,0.9508818190501099,0.42927561542016285,0.5751549773935644,0.6191866910089909
450,rff,360,0.01,1,0.28642804711388614,0.5316120067326533,0.5387915312039412,0.21592564665415323,0.1565680862416208
450,rff,360,0.1,1,0.10729467068418388,0.1810648230373995,0.5925760116420947,0.018879921543997105,0.19447910372402444
450,rff,360,1.0,1,0.02959981945862836,0.05901658765289624,0.5015508458862201,0.002031923594596025,0.3099312966065186
450,rff,3600,0.001,1,0.4226630585907579,0.9461264439830889,0.4467299918300483,0.8446533412556162,0.5932450205134635
450,rff,3600,0.01,1,0.283110529043813,0.5225378748659107,0.5417990592863005,0.320239605061008,0.1517481728308237
450,rff,3600,0.1,1,0.10747119433620721,0.1825618501418879,0.5886837488373399,0.04339757023389253,0.19470832666046545
450,rff,3600,1.0,1,0.029791785407358645,0.059420249769909006,0.5013742877675599,0.005133630395546968,0.30960657433935906
450,rff_ens,36,0.001,-1,0.32979173675272777,0.7775831190315335,0.4241240951365787,0.5406543398359378,0.4185864517213328
450,rff_ens,36,0.01,-1,0.26712987563093765,0.4818847649841196,0.5543438909917413,0.22785240286401082,0.13408337451012492
450,rff_ens,36,0.1,-1,0.11160564892678514,0.1835255351911558,0.60812054742431,0.034110912472029055,0.1876979736795986
450,rff_ens,36,1.0,-1,0.030964014896584027,0.06016050136082561,0.5146901072328279,0.004798241364631189,0.3074218549429336
450,rff_ens,360,0.001,-1,0.40746015964086774,0.9374258037908108,0.43465857030301425,0.679257214736988,0.5946424286192734
450,rff_ens,360,0.01,-1,0.28550517566551376,0.5282381944106612,0.5404856723471936,0.2837805326161082,0.15431027262860386
450,rff_ens,360,0.1,-1,0.10811310940971564,0.18274757636036343,0.5915980477712347,0.037965954366161084,0.19363073086599258
450,rff_ens,360,1.0,-1,0.029807826387599535,0.05932011441605653,0.5024910467726824,0.004494169559047889,0.30956355830668814
450,rff_ens,3600,0.001,-1,0.419942597652932,0.9451460864816813,0.44431501506415144,0.8019038073458402,0.594539543402866
450,rff_ens,3600,0.01,-1,0.28018784717167794,0.5190922161270813,0.5397650715361215,0.30606766134561403,0.15235809279666807
450,rff_ens,3600,0.1,-1,0.10668143344953421,0.18212196283859292,0.5857691833910307,0.04133891224472592,0.19595829928556072
450,rff_ens,3600,1.0,-1,0.029731128586240673,0.05942607551882229,0.5003044257368771,0.0048728932649322034,0.30972496987969894
450,linlev,11,0.0,0,0.3203493005445779,0.8133835297430324,0.3938477837703254,0.6871929167553468,0.4882896683210787
450,linlev,11,0.001,0,0.3650609577291456,0.7318089942573296,0.4988473229952916,0.4295676824918942,0.303463820069354
450,linlev,11,0.01,0,0.3732327622183829,0.6579720427341961,0.5672471442212317,0.10232446852799171,0.1905362079698088
450,linlev,11,0.1,0,0.22289777799820149,0.41545903722260064,0.5365096388041117,-0.04804034459860363,0.14126590364366276
450,linlev,11,1.0,0,0.050059395437087074,0.10517102087125792,0.47598088353982837,-0.03281820374460251,0.27821992442205495
450,rff_lev,36,0.001,0,0.1762703119813751,0.7146878087638621,0.24663959538676847,0.17843277738918634,0.5540810915125516
450,rff_lev,36,0.01,0,0.17731050530823014,0.36049607170591086,0.4918514214847764,0.08580921723934037,0.17154725098519275
450,rff_lev,36,0.1,0,0.06413109993399073,0.12028839384003082,0.533144536116073,0.005139676154087974,0.25509172439697636
450,rff_lev,36,1.0,0,0.023177736568774907,0.05262189388172277,0.4404580462434717,0.0014497751663305192,0.3217226266442009
450,rff_lev,360,0.001,0,0.29705301437034626,0.7701147058883825,0.38572567449893624,1.0479282472002907,0.4519829534249663
450,rff_lev,360,0.01,0,0.19727157883039706,0.397074888339096,0.4968120236853913,0.2663093842841869,0.16681321369654883
450,rff_lev,360,0.1,0,0.06715391119284385,0.12233568743852614,0.5489314900575417,0.020822041242937375,0.24993967441746534
450,rff_lev,360,1.0,0,0.023618310420573572,0.051810547472013434,0.455859116974811,0.0026275807875184532,0.3207773651689251
450,rff_lev,3600,0.001,0,0.28328589645844815,0.7208459243370492,0.39299091094810834,0.8943363015781207,0.3980697814423052
450,rff_lev,3600,0.01,0,0.1914676716850918,0.3939073910966688,0.486072808007057,0.25303704755292944,0.1736593872845104
450,rff_lev,3600,0.1,0,0.06417626341581079,0.11902960036022164,0.5391622186547959,0.02461615893789068,0.25470594030990795
450,rff_lev,3600,1.0,0,0.023099821713961743,0.05128735936092882,0.45039990363706267,0.0032775870302270893,0.3217361801591103
450,rff_lev,36,0.001,1,0.2801170451271835,0.7908579530480885,0.3541938777343886,0.8336591473961821,0.5084595992094301
450,rff_lev,36,0.01,1,0.18800618617432682,0.40668912828407455,0.4622847602727248,0.2420346858510814,0.18950182934922227
450,rff_lev,36,0.1,1,0.062366153546247416,0.12296719473599231,0.5071771677002642,0.029424363226047766,0.25904998959049863
450,rff_lev,36,1.0,1,0.022833193161679678,0.05030913470464716,0.45385779929883246,0.003983622278848823,0.3221578060149295
450,rff_lev,360,0.001,1,0.2663272782636874,0.7082465941319253,0.37603749946742215,0.917770785059719,0.40466072931304076
450,rff_lev,360,0.01,1,0.18914772218597117,0.3971519976914074,0.47626028141734683,0.24127410879485864,0.17998295430007458
450,rff_lev,360,0.1,1,0.06418669734174674,0.12268776371075732,0.5231711411177904,0.026372602312307578,0.25557065339009405
450,rff_lev,360,1.0,1,0.023127457378648,0.0512752633053679,0.4510451217171387,0.0035911495768660793,0.3216809457481399
450,rff_lev,3600,0.001,1,0.30692094729704333,0.7381182694448046,0.41581540520315546,0.9092719715169378,0.38994898157742064
450,rff_lev,3600,0.01,1,0.1966079976686484,0.40151699827952286,0.48966294954161915,0.2573885389841112,0.17142643791097673
450,rff_lev,3600,0.1,1,0.0644174428110796,0.12050913813088837,0.5345440504363578,0.030479189918393046,0.25460900228280897
450,rff_lev,3600,1.0,1,0.023091549546144986,0.05130092566587533,0.450119549431545,0.0041270193640766464,0.32175373413592767
450,rff_lev_ens,36,0.001,-1,0.2281936785542793,0.6307046992367364,0.3618074811087245,0.5060459623926842,0.3582452440564771
450,rff_lev_ens,36,0.01,-1,0.18265834574127848,0.3541037366843158,0.5158328670903544,0.1639219515452109,0.1582086647137786
450,rff_lev_ens,36,0.1,-1,0.06324862674011905,0.11715056855861215,0.5398917608195374,0.017282019690067863,0.2559992196114787
450,rff_lev_ens,36,1.0,-1,0.023005464865227292,0.051328408950178206,0.44820140222069793,0.002716698722589666,0.3219247558421673
450,rff_lev_ens,360,0.001,-1,0.28169014631701683,0.7293576912495291,0.3862167352131816,0.9828495161300048,0.412703516276512
450,rff_lev_ens,360,0.01,-1,0.19320965050818412,0.3955932268704997,0.48840484969029235,0.2537917465395227,0.17217649777254096
450,rff_lev_ens,360,0.1,-1,0.06567030426729528,0.12208152209190613,0.537921735755039,0.023597321777622478,0.25264770695784505
450,rff_lev_ens,360,1.0,-1,0.023372883899610782,0.051525324516929365,0.45361934386131414,0.003109365182192266,0.32122721156273787
450,rff_lev_ens,3600,0.001,-1,0.29510342187774574,0.7270646770616213,0.4058833157324939,0.9018041365475292,0.3902740590727827
450,rff_lev_ens,3600,0.01,-1,0.19403783467687008,0.3973608688421612,0.4883164143521776,0.2552127932685203,0.17224250061294538
450,rff_lev_ens,3600,0.1,-1,0.06429685311344518,0.11972054018338368,0.537057826626555,0.02754767442814187,0.25464521542880264
450,rff_lev_ens,3600,1.0,-1,0.023095685630053365,0.05129231603843824,0.4502757413555971,0.0037023031971518683,0.32174476971280247
451,ff,6,0.0,0,0.23911337011257985,0.5029170120130717,0.47545293637107044,-0.46555755868549475,0.199838234008016
451,fm,6,0.0,0,0.33358433200466076,0.7633708698615803,0.4369885532377579,0.7115438325638093,0.394809176997324
451,linrank,6,0.0,0,0.3179449022554729,0.8113399760701009,0.3918762930867861,1.1584831890518679,0.4914359626231525
451,linrank,6,0.001,0,0.17517447975498734,0.6522920528375162,0.26855222134466616,1.0687283412192632,0.4737863105368609
451,linrank,6,0.01,0,0.06730763197352518,0.3271004766085881,0.20577051024620246,0.41988494526998166,0.34487402466682276
451,linrank,6,0.1,0,0.015483552662652503,0.11517656084171063,0.13443319152350666,0.0238958671823903,0.3505025247395005
451,linrank,6,1.0,0,0.00271902974562953,0.019826920024598117,0.13713828180353713,-0.002173447641273521,0.36292668988358445
451,rff,36,0.001,0,0.30571580347031935,0.7621720058617902,0.4011112991806168,0.8089095888963324,0.43090096156467306
451,rff,36,0.01,0,0.18340233679804557,0.45488343205102105,0.4031853522804819,0.20473930592424755,0.24171492979583253
451,rff,36,0.1,0,0.07491065989694441,0.19265553163089247,0.3888321257261654,-0.009981490033350707,0.26087069053471273
451,rff,36,1.0,0,0.028794556881233193,0.07201904125606585,0.3998186643286917,-0.0005664703616102308,0.3163910045413872
451,rff,360,0.001,0,0.2701683499310435,0.8032819444822968,0.33633066420428875,0.7935467389144839,0.5458803692680596
451,rff,360,0.01,0,0.15089251493000105,0.41387034839641507,0.36458885135079194,0.3736370333045104,0.26023643597809254
451,rff,360,0.1,0,0.06050826096967286,0.1577890994558551,0.3834755453851953,0.03535444211950575,0.2755063771077421
451,rff,360,1.0,0,0.0266789980721576,0.0675856101416195,0.39474376300301484,0.005293898842706995,0.31988583698645806
451,rff,3600,0.001,0,0.2704839330791537,0.815057364368363,0.33185876835646777,0.7073919486480011,0.564476448601187
451,rff,3600,0.01,0,0.1560444791040137,0.4162626625664972,0.3748702277112973,0.3196699808413242,0.2534997749921891
451,rff,3600,0.1,0,0.06370519683287218,0.15764446886122735,0.4041067681794224,0.027383557128820547,0.2694639864947332
451,rff,3600,1.0,0,0.027158412598330562,0.06757777145784379,0.4018838149356917,0.004444844823787859,0.31895175886783267
451,rff,36,0.001,1,0.11424559280776864,0.6897512310543532,0.16563303936860382,1.0179185658231293,0.6282818800958809
451,rff,36,0.01,1,0.03365284911400687,0.32292657045592144,0.10421207851213467,0.2937356503560659,0.40607263542632366
451,rff,36,0.1,1,0.022723978451999055,0.12546524547794247,0.1811177140365462,-0.01516128633701069,0.33877419960995325
451,rff,36,1.0,1,0.021375847604875115,0.06443716651420113,0.3317316505554935,-0.002220737987256993,0.3298216295738796
451,rff,360,0.001,1,0.29488325897746437,0.8352615513181044,0.353043018096687,0.5910416657422652,0.5628157270749921
451,rff,360,0.01,1,0.1591684737997243,0.4274463895938336,0.3723706122561211,0.24393880734008333,0.25767232092351233
451,rff,360,0.1,1,0.06122101278536657,0.15233677031583495,0.4018794192527451,0.009004050148066142,0.27247672792041644
451,rff,360,1.0,1,0.026660057377428315,0.0670891975695326,0.39738226634470164,0.0023336585431813902,0.319855853829459
451,rff,3600,0.001,1,0.29161856894821797,0.8314782686789169,0.3507230193899742,0.6513916575614177,0.5611246126386837
451,rff,3600,0.01,1,0.15864445264434013,0.42424412673668066,0.37394613772180135,0.28801697385175273,0.25582648563113486
451,rff,3600,0.1,1,0.06176987044447034,0.1567675277700042,0.39402209962189216,0.020518393264460984,0.2728160832633291
451,rff,3600,1.0,1,0.026782701404017877,0.06748818696833851,0.39685021345413746,0.003681079156217916,0.31967081516115853
451,rff_ens,36,0.001,-1,0.20998069813904396,0.6809301733222469,0.3083733198582634,0.9134140773597309,0.45576064774796177
451,rff_ens,36,0.01,-1,0.10852759295602624,0.36042405535188987,0.30111084802613514,0.24923747814015673,0.2925928016915027
451,rff_ens,36,0.1,-1,0.048817319174471734,0.15148945405909245,0.32224896100971656,-0.012571388185180696,0.29566179648798474
451,rff_ens,36,1.0,-1,0.025085202243054154,0.06778176090627759,0.3700877921678617,-0.001393604174433616,0.3230174794914465
451,rff_ens,360,0.001,-1,0.28252580445425396,0.8151815842544856,0.34658020974876963,0.6922942023283746,0.5472544860760926
451,rff_ens,360,0.01,-1,0.15503049436486266,0.41879988015347797,0.37017798168435123,0.30878792032229685,0.25733105456427996
451,rff_ens,360,0.1,-1,0.06086463687751971,0.1545311162258963,0.3938665452241134,0.022179246133785947,0.27381934564363847
451,rff_ens,360,1.0,-1,0.026669527724792957,0.0673121289005108,0.39620686732715377,0.003813778692944191,0.3198673804510207
451,rff_ens,3600,0.001,-1,0.2810512510136859,0.8225971033432576,0.3416633122964054,0.6793918031047094,0.5615175475921284
451,rff_ens,3600,0.01,-1,0.1573444658741769,0.4199823761325353,0.37464540136923064,0.30384347734653855,0.25441779494923067
451,rff_ens,3600,0.1,-1,0.06273753363867125,0.15713466562164963,0.39925966298061366,0.023950975196640755,0.2711164834841726
451,rff_ens,3600,1.0,-1,0.02697055700117422,0.06752953891257499,0.3993890293859523,0.0040629619900028864,0.3193107850627742
451,linlev,11,0.0,0,0.42017851198517714,1.1043159151978437,0.3804875997914963,1.5035512573077128,0.9236708480173986
451,linlev,11,0.001,0,0.31986385213356927,0.7610572773775549,0.4202888030132943,0.8964943677095143,0.409757608578348
451,linlev,11,0.01,0,0.29334923387856887,0.6474664866688756,0.45307245999373585,0.25948430722428195,0.28653240611376707
451,linlev,11,0.1,0,0.2066500166428475,0.4101793353481578,0.5038040652814559,0.09017012563926802,0.16561553273387486
451,linlev,11,1.0,0,0.04680970955780379,0.10062804974806792,0.465175561635115,0.009755174182231586,0.28666198368380214
451,rff_lev,36,0.001,0,0.17503316926263163,0.7310660487514891,0.2394218272911899,1.2753402096647313,0.5829920889483966
451,rff_lev,36,0.01,0,0.12790293663271474,0.34863840785709144,0.3668641599727095,0.3719404985306591,0.2500662768613945
451,rff_lev,36,0.1,0,0.050650042550758764,0.12247798123476195,0.41354406759590817,0.037415705591350275,0.28423044709064293
451,rff_lev,36,1.0,0,0.024813812184045485,0.06271746306195532,0.3956443863096505,0.006430853747686997,0.32288583057436593
451,rff_lev,360,0.001,0,0.31594093465188267,0.7904229707722841,0.39971122593159464,1.0869675655559046,0.460669527103847
451,rff_lev,360,0.01,0,0.19158289793688965,0.39493475320365445,0.48510012447067896,0.3949852651650507,0.17747591969057294
451,rff_lev,360,0.1,0,0.06640309498385275,0.12541936267823883,0.5294485123019539,0.058348571691878896,0.2552974470847688
451,rff_lev,360,1.0,0,0.026831350111470073,0.061942317674561216,0.4331667124959599,0.009229184805256219,0.31885832133918457
451,rff_lev,3600,0.001,0,0.31723570867944184,0.7520351497642906,0.4218362782362933,0.9929287205307648,0.3996881934778871
451,rff_lev,3600,0.01,0,0.20317308302450043,0.4078796256490011,0.4981202056886756,0.3881289456427077,0.16926317413067304
451,rff_lev,3600,0.1,0,0.06756976919263186,0.12578075565973873,0.5372027607738432,0.06076071430538988,0.2532111833122408
451,rff_lev,3600,1.0,0,0.02680230317383036,0.06161846487913035,0.43497193944064116,0.009538688081156776,0.3188748418162459
451,rff_lev,36,0.001,1,0.4750303973496412,0.9538412542472032,0.49801829731567626,0.10021140134725848,0.5533704715051775
451,rff_lev,36,0.01,1,0.23422336060253474,0.4475982017144762,0.5232893244552093,0.08405828146800132,0.15472226111933257
451,rff_lev,36,0.1,1,0.07627936207756071,0.1348746555526396,0.5655574189606734,0.039768571369695874,0.23941523912870544
451,rff_lev,36,1.0,1,0.027906200918983708,0.06088066432331921,0.4583754337958949,0.008225144969959849,0.316637058994636
451,rff_lev,360,0.001,1,0.31989556020457516,0.7530066803784944,0.42482433229381383,0.8662182679388403,0.3975253592185127
451,rff_lev,360,0.01,1,0.20628738603911753,0.4143689538227224,0.49783504322906524,0.3373141358701526,0.1696455929471784
451,rff_lev,360,0.1,1,0.07028745937664647,0.13053015861767564,0.5384767790141071,0.05645476946451837,0.2493677799955104
451,rff_lev,360,1.0,1,0.02719874938314996,0.06161038773111683,0.44146369443172667,0.009192613930257304,0.3181023625725101
451,rff_lev,3600,0.001,1,0.31110098758487315,0.7522416964757827,0.4135651999116332,0.9991473759106339,0.4084136687177246
451,rff_lev,3600,0.01,1,0.20278273493062415,0.4114575370565706,0.4928400057543335,0.39346969250459257,0.17281692201977875
451,rff_lev,3600,0.1,1,0.06739652703634638,0.12701042302615637,0.5306377652365336,0.06592313104231125,0.25384513483557547
451,rff_lev,3600,1.0,1,0.02675757516974875,0.061571593756856,0.4345766210862341,0.010251150352224604,0.31895612814165064
451,rff_lev_ens,36,0.001,-1,0.3250317833061364,0.6937951848146151,0.46848376930287605,0.6877758055059946,0.30489810151326446
451,rff_lev_ens,36,0.01,-1,0.18106314861762474,0.35774584783833074,0.5061222924366383,0.22799938999933025,0.1666039076920688
451,rff_lev_ens,36,0.1,-1,0.06346470231415974,0.12193992843336571,0.5204587466101404,0.03859213848052307,0.2599319594522639
451,rff_lev_ens,36,1.0,-1,0.026360006551514596,0.061601751135972715,0.42791001985204136,0.007327999358823426,0.31973386207980914
451,rff_lev_ens,360,0.001,-1,0.31791824742822894,0.7622670898521478,0.4170693601502507,0.9765929167473723,0.41425088295746515
451,rff_lev_ens,360,0.01,-1,0.1989351419880036,0.40207389390706677,0.49477259031889403,0.36614970051760154,0.17133257239779529
451,rff_lev_ens,360,0.1,-1,0.06834527718024962,0.1274002078561688,0.5364612690224924,0.05740167057819864,0.252175585008565
451,rff_lev_ens,360,1.0,-1,0.027015049747310015,0.06175642192521608,0.43744519039694174,0.009210899367756762,0.318477818561659
451,rff_lev_ens,3600,0.001,-1,0.31416834813215744,0.7509092077606843,0.418383933617023,0.9960380482206993,0.402193942497976
451,rff_lev_ens,3600,0.01,-1,0.2029779089775623,0.40942470871419695,0.4957637012553951,0.39079931907365006,0.17083705517790812
451,rff_lev_ens,3600,0.1,-1,0.06748314811448912,0.12635226466205923,0.5340873651531218,0.06334192267385058,0.25351682333011905
451,rff_lev_ens,3600,1.0,-1,0.026779939171789554,0.06159357410117347,0.4347846274970322,0.009894919216690685,0.3189153046634465
452,ff,6,0.0,0,0.19203408861908397,0.46218716601165555,0.41548987670125226,0.5252285856762224,0.23985992523307365
452,fm,6,0.0,0,0.2682334686181375,0.6843133226444299,0.39197464047841135,1.1094285426774648,0.37720101485289576
452,linrank,6,0.0,0,0.43667725212877234,1.0015906785031623,0.4359837421623864,0.8499833352122724,0.6939504403872095
452,linrank,6,0.001,0,0.28326981006543833,0.8261833501704466,0.34286555158367454,0.4959897708612487,0.5697151281160896
452,linrank,6,0.01,0,0.17930386584580763,0.47585653087425356,0.37680236418398383,0.48083207568013964,0.2734156174449093
452,linrank,6,0.1,0,0.06899165994149478,0.17099702740974407,0.40346701335442847,0.23961629765911277,0.2694505474950559
452,linrank,6,1.0,0,0.011379968024987286,0.028660171813458177,0.3970655898037396,0.039648646389828984,0.3516250079242459
452,rff,36,0.001,0,0.392250801837508,0.8611651500437062,0.45548847606942794,1.1313866860031385,0.48439853837054464
452,rff,36,0.01,0,0.306122151577057,0.5721911394606877,0.5349998111917444,0.9332549488077233,0.18230320346296644
452,rff,36,0.1,0,0.12769091430482543,0.22068453499411492,0.5786128797300211,0.4124159621721773,0.18305883982551394
452,rff,36,1.0,0,0.03208935807078711,0.0610522950777451,0.5256044515595022,0.10094009657755532,0.31401242834767484
452,rff,360,0.001,0,0.4004223586421737,0.9177468137856972,0.436310268395741,1.299631060598836,0.5751865970836071
452,rff,360,0.01,0,0.2916628009217586,0.5419915225629448,0.5381316658654676,0.9009344235658062,0.168930432981701
452,rff,360,0.1,0,0.1082294327834448,0.1847311520516548,0.5858753739227562,0.33878650571723784,0.20281437794566198
452,rff,360,1.0,0,0.028432429769594217,0.055800900404826236,0.5095335301638805,0.08685095650403155,0.32049131886299753
452,rff,3600,0.001,0,0.41036758297846243,0.9269139310999762,0.4427245823045036,1.2957063830821494,0.5802698577234655
452,rff,3600,0.01,0,0.2829387522098937,0.5280140051174304,0.5358546354219678,0.8859758316492661,0.16640965753604775
452,rff,3600,0.1,0,0.10425626332716548,0.18030813398578438,0.5782116481521855,0.33404475940356443,0.20830189982364167
452,rff,3600,1.0,0,0.027950099204760936,0.05544762338820777,0.5040811038747817,0.08646072788873833,0.32138948342902846
452,rff,36,0.001,1,0.32942543562908366,0.8048823862167819,0.409283941691772,1.1200240393912697,0.4709399368768587
452,rff,36,0.01,1,0.2448070761299578,0.43813976190847964,0.5587419755367787,0.7640343389559298,0.13571683808219637
452,rff,36,0.1,1,0.09338096580929715,0.14982369074432597,0.6232723633050243,0.26422137946473073,0.21783924631872809
452,rff,36,1.0,1,0.026643215418662113,0.05213037834929124,0.5110880884106292,0.07629279983648804,0.32357504129095505
452,rff,360,0.001,1,0.41652472358737397,0.9620571059063846,0.4329521823914525,1.3132495137892513,0.6394313080633526
452,rff,360,0.01,1,0.29666740367250666,0.5494621731310039,0.5399232525544113,0.8861097336589737,0.17001945561221177
452,rff,360,0.1,1,0.10594498223029206,0.1789880950428612,0.5919107759927946,0.31728322108487694,0.2048051478198589
452,rff,360,1.0,1,0.027893556316840356,0.05497627504857565,0.5073744318288992,0.08298872649873111,0.32144736352213044
452,rff,3600,0.001,1,0.41129103353932045,0.9306558112510144,0.44193678110326434,1.3136727989034414,0.5861325210600791
452,rff,3600,0.01,1,0.28966521378198196,0.5357898398592634,0.5406321513264766,0.8872664987660254,0.16508029586140627
452,rff,3600,0.1,1,0.10626768540241936,0.1812412698422623,0.5863327127144173,0.33337640551071523,0.20503988290357839
452,rff,3600,1.0,1,0.028127705587637993,0.055458795599284856,0.5071820490093857,0.08608483985632949,0.3210454695092659
452,rff_ens,36,0.001,-1,0.36083811873329574,0.7955942905016846,0.4535453849294959,1.1257053626972038,0.41493222039686517
452,rff_ens,36,0.01,-1,0.2754646138535074,0.49227267214616444,0.5595773022551963,0.8486446438818265,0.140717944373966
452,rff_ens,36,0.1,-1,0.11053594005706129,0.18170685908475512,0.608320129541742,0.33831867081845407,0.19759773142221654
452,rff_ens,36,1.0,-1,0.029366286744724614,0.05626242799902223,0.5219519986808063,0.08861644820702165,0.3187293009656631
452,rff_ens,360,0.001,-1,0.4084735411147738,0.9362547210359511,0.4362846263277629,1.3064402871940437,0.5999104890769953
452,rff_ens,360,0.01,-1,0.29416510229713266,0.5444361688203326,0.5403114619194395,0.8935220786123901,0.16804767958857272
452,rff_ens,360,0.1,-1,0.10708720750686843,0.18157905460858578,0.5897552872367743,0.3280348634010573,0.2036982429240238
452,rff_ens,360,1.0,-1,0.028162993043217285,0.05537063293322903,0.5086268939200821,0.08491984150138135,0.32096710993573796
452,rff_ens,3600,0.001,-1,0.41082930825889147,0.9282162628585326,0.4426008514370374,1.3046895909927954,0.5821415694953509
452,rff_ens,3600,0.01,-1,0.2863019829959379,0.5316716770845555,0.5384939528204458,0.8866211652076457,0.1654736665430283
452,rff_ens,3600,0.1,-1,0.10526197436479241,0.18072791075000075,0.5824334156687083,0.3337105824571398,0.20665274709524342
452,rff_ens,3600,1.0,-1,0.028038902396199463,0.05545053586322653,0.5056561124199017,0.08627278387253393,0.3212171720362974
452,linlev,11,0.0,0,0.5482067791625368,1.1349543237347828,0.48302100595428216,1.561012859393002,0.8656724662125604
452,linlev,11,0.001,0,0.46112979989014063,0.900276785564192,0.5122089198391986,1.2443952562482126,0.4743134180458277
452,linlev,11,0.01,0,0.40502776625031256,0.7124585665761748,0.568493081915954,1.353176651129306,0.23502320287446415
452,linlev,11,0.1,0,0.21730604027009712,0.4114807684965497,0.5281074035709624,0.8743313336264047,0.1553602922937797
452,linlev,11,1.0,0,0.044105882918400084,0.09802501319546207,0.4499451872600401,0.19995238202204377,0.2967765011367758
452,rff_lev,36,0.001,0,0.15279701085637684,0.7170297427758112,0.21309717260104066,1.0643960746629142,0.6053185916926298
452,rff_lev,36,0.01,0,0.16226559801879653,0.3639763181268679,0.4458136146160946,0.6274176151530728,0.2077117232735894
452,rff_lev,36,0.1,0,0.060436912899557875,0.11813090725991912,0.51160965662086,0.2013989294070333,0.2701677407453584
452,rff_lev,36,1.0,0,0.021338696581113644,0.04878968592348569,0.43736081053233267,0.06568448307642921,0.33359241511565974
452,rff_lev,360,0.001,0,0.32345781869881157,0.7594586863248994,0.4259057464521975,1.621769850540088,0.4079208541677059
452,rff_lev,360,0.01,0,0.21682876412869223,0.4241549989878782,0.5112017178769334,0.8577973901173711,0.1666986827161923
452,rff_lev,360,0.1,0,0.06963746683995625,0.12605374712833214,0.5524426558225207,0.2370244117034067,0.25489802512666077
452,rff_lev,360,1.0,0,0.02248271985946821,0.04813445897209968,0.4670815947573014,0.06987652373615853,0.33129099396747347
452,rff_lev,3600,0.001,0,0.33398289556969973,0.7569452497320741,0.44122464033946346,1.478145639332259,0.3899789293392672
452,rff_lev,3600,0.01,0,0.21648142991403171,0.4256369956472068,0.5086057653067929,0.8344448614693127,0.16850223658673455
452,rff_lev,3600,0.1,0,0.06686187451762447,0.12185037154272615,0.5487211378274685,0.2345090402686451,0.2590283091274558
452,rff_lev,3600,1.0,0,0.021957895926865166,0.047568176216591436,0.4616089510534232,0.06925334547440758,0.3322631235819712
452,rff_lev,36,0.001,1,0.4087829168758504,0.9592197647120535,0.4261618994043166,0.7463460550034849,0.6430742312456685
452,rff_lev,36,0.01,1,0.2295996255470146,0.4738005249844504,0.48459132786851555,0.6724051301744768,0.19143770928643475
452,rff_lev,36,0.1,1,0.06896759724034097,0.13222521525537942,0.5215918696531304,0.23583000175436786,0.25773887739134915
452,rff_lev,36,1.0,1,0.022176062420363907,0.04678026022474723,0.4740474361156406,0.07024854617604251,0.331762080504033
452,rff_lev,360,0.001,1,0.32956387097879586,0.7520843528821077,0.43820067485230124,1.3206722813064238,0.3885495118006292
452,rff_lev,360,0.01,1,0.21437841763909105,0.4288774725587751,0.49985935693955513,0.8012680617365262,0.17457119199325513
452,rff_lev,360,0.1,1,0.06680061157661064,0.12542186679411652,0.5326073776773368,0.2380662923780773,0.26002577807750277
452,rff_lev,360,1.0,1,0.02197737846119023,0.04747643175848418,0.46291133615497143,0.07003897607725129,0.3322162946677577
452,rff_lev,3600,0.001,1,0.34158545399611323,0.7708662951550767,0.4431189379312476,1.4334932371813962,0.4011785942492118
452,rff_lev,3600,0.01,1,0.2194692580991043,0.4344662757553764,0.5051468211601196,0.8280962640531437,0.17142321867470314
452,rff_lev,3600,0.1,1,0.06704637988635286,0.12385573807563388,0.5413263925278152,0.23566795530399834,0.25917673599101326
452,rff_lev,3600,1.0,1,0.02195309753153628,0.04756011976171027,0.46158625422996297,0.06940816465468758,0.33227174327349857
452,rff_lev_ens,36,0.001,-1,0.2807899638661136,0.7041473790236868,0.3987659007627551,0.9053710648331994,0.38652064231522765
452,rff_lev_ens,36,0.01,-1,0.19593261178290555,0.38538265020434376,0.5084105672090194,0.6499113726637749,0.1684781867263771
452,rff_lev_ens,36,0.1,-1,0.06470225506994942,0.11966492717310688,0.5406952279037562,0.21861446558070058,0.2625356013201767
452,rff_lev_ens,36,1.0,-1,0.021757379500738774,0.04758793598049872,0.45720368098450054,0.06796651462623586,0.3326572710657394
452,rff_lev_ens,360,0.001,-1,0.3265108448388037,0.744641829450077,0.438480396783423,1.4712210659232556,0.3815131311400932
452,rff_lev_ens,360,0.01,-1,0.21560359088389167,0.424302195345149,0.5081368733162192,0.8295327259269487,0.16874411446255203
452,rff_lev_ens,360,0.1,-1,0.06821903920828346,0.1251196462462728,0.5452304354666095,0.237545352040742,0.2573047196243207
452,rff_lev_ens,360,1.0,-1,0.02223004916032922,0.04777874272222192,0.4652707018594278,0.06995774990670492,0.33175091987472227
452,rff_lev_ens,3600,0.001,-1,0.3377841747829065,0.7623772496262411,0.44306696579483024,1.4558194382568277,0.39318290476922185
452,rff_lev_ens,3600,0.01,-1,0.217975344006568,0.4297839312015203,0.5071742524137369,0.831270562761228,0.1697108249542725
452,rff_lev_ens,3600,0.1,-1,0.06695412720198866,0.12280132060747768,0.5452231854737208,0.2350884977863217,0.25908879994193706
452,rff_lev_ens,3600,1.0,-1,0.021955496729200726,0.047561915145426285,0.46161927378384887,0.06933075506454758,0.332267221004119
453,ff,6,0.0,0,0.22052536675314038,0.4644059459984078,0.4748547443315819,-0.5382915909493706,0.2012637654159287
453,fm,6,0.0,0,0.265001033621797,0.6701273475513193,0.3954487674471498,0.7564717360128591,0.36730432137511976
453,linrank,6,0.0,0,0.4389739595857131,1.005275256395549,0.4366704112062504,0.639747430363016,0.7033387380059961
453,linrank,6,0.001,0,0.2867136086771786,0.8486474300813518,0.3378477310061424,0.7663326663545978,0.6069901154919422
453,linrank,6,0.01,0,0.18660228398097425,0.500676632836639,0.3727002055673306,0.32193099254504703,0.29030311395552866
453,linrank,6,0.1,0,0.07494692261366431,0.18692870573058656,0.400938541358557,0.021237562180479744,0.26867571586996847
453,linrank,6,1.0,0,0.012575542846245047,0.03190527798031865,0.3941524300149492,-0.000475861277056348,0.3540351842103153
453,rff,36,0.001,0,0.41054079018146705,0.8438687188718836,0.48649841023885076,0.3336029881444357,0.43758675359228966
453,rff,36,0.01,0,0.3169340932082943,0.5751533422513474,0.5510427740325834,-0.06460504267956751,0.17539057898599716
453,rff,36,0.1,0,0.14713157470692545,0.2521446950896869,0.5835204054346308,-0.1257570170605011,0.16897167698568613
453,rff,36,1.0,0,0.05105316645483958,0.10722939369608815,0.4761116769860283,-0.061525189827780484,0.2900084146297433
453,rff,360,0.001,0,0.4005009766058242,0.9088845107603379,0.4406511188872395,0.3317943268309896,0.5634803118125559
453,rff,360,0.01,0,0.30458397271644216,0.5557895440412935,0.5480203360821276,0.07153982883933971,0.17051564713040124
453,rff,360,0.1,0,0.12967777551399146,0.22248936553860502,0.5828493204610741,-0.0741559113491056,0.18497247107397155
453,rff,360,1.0,0,0.047496015846764814,0.10315201806944845,0.4604467923718904,-0.05312184653842849,0.2959143575215125
453,rff,3600,0.001,0,0.411980907649399,0.906024257894015,0.45471288882156147,0.308448911543301,0.5446565877231517
453,rff,3600,0.01,0,0.2954040313907132,0.539632844183052,0.5474167011422816,0.11024085186109912,0.1656692643634754
453,rff,3600,0.1,0,0.12575601401529812,0.218469493436461,0.5756227656190938,-0.06822886084667198,0.1900416454547298
453,rff,3600,1.0,0,0.04701953559471286,0.10292980274894384,0.4568116749373186,-0.05265799397669044,0.2967764886939795
453,rff,36,0.001,1,0.34471286790437744,0.832584775867108,0.4140273494015922,0.5837604341471501,0.5006088133577145
453,rff,36,0.01,1,0.27406743945680734,0.48668892502112904,0.5631265175078908,0.1868694912210041,0.14185437105694462
453,rff,36,0.1,1,0.12098798517482683,0.19727670241391507,0.6132907925487143,-0.05132520952441219,0.18959039838424516
453,rff,36,1.0,1,0.04650478206788929,0.10062639833473515,0.4621529025931195,-0.05050071207348844,0.29728898152315036
453,rff,360,0.001,1,0.41138773174368487,0.9451115978922042,0.43527952959329375,0.3803846004209164,0.6177105136741263
453,rff,360,0.01,1,0.3076973224924044,0.5622089811682937,0.5473006173842981,0.09527047606214754,0.17337211465240304
453,rff,360,0.1,1,0.1272451653259087,0.21753821223182496,0.5849324770137706,-0.07478116454519199,0.18703405408994525
453,rff,360,1.0,1,0.04689512374165113,0.10260963199538663,0.4570245778072721,-0.05333063592693553,0.2969478205875975
453,rff,3600,0.001,1,0.4092191848018053,0.9035023124330456,0.45292544265859935,0.1871150335874131,0.5433485790400304
453,rff,3600,0.01,1,0.30002376397710984,0.5432768144100221,0.5522484229387264,0.05870914918977154,0.16312660693420072
453,rff,3600,0.1,1,0.12719989100953458,0.21843923357369704,0.5823124762366457,-0.07631925459593132,0.18750590787995872
453,rff,3600,1.0,1,0.047116732477407594,0.10289305116997718,0.45791947990318344,-0.05350010769497603,0.2965836803655262
453,rff_ens,36,0.001,-1,0.3776268290429223,0.8108976862802829,0.46568985882196406,0.45868171114579265,0.4229136004038104
453,rff_ens,36,0.01,-1,0.29550076633255073,0.521015714280117,0.567162867133176,0.06113222427071843,0.14578672362677003
453,rff_ens,36,0.1,-1,0.13405977994087612,0.22165425352958945,0.6048148312343574,-0.08854111329245663,0.17699325168572966
453,rff_ens,36,1.0,-1,0.04877897426136444,0.1037274986584005,0.47026077840752034,-0.05601295095063447,0.2935910126471167
453,rff_ens,360,0.001,-1,0.4059443541747545,0.923601551868252,0.43952324825961403,0.356089463625953,0.5839521158122193
453,rff_ens,360,0.01,-1,0.3061406476044233,0.5575118004614201,0.5491195833900707,0.08340515245074359,0.17027038742246978
453,rff_ens,360,0.1,-1,0.12846147041995007,0.21969026024960514,0.5847390333736061,-0.07446853794714876,0.1858533978530211
453,rff_ens,360,1.0,-1,0.04719556979420798,0.10286647760638164,0.4588041788968582,-0.05322624123268201,0.29642797329685444
453,rff_ens,3600,0.001,-1,0.41060004622560214,0.9040968308014755,0.4541549447326434,0.24778197256535703,0.5427935638364605
453,rff_ens,3600,0.01,-1,0.2977138976839116,0.5412016391381577,0.550097923129001,0.08447500052543536,0.16411516257407835
453,rff_ens,3600,0.1,-1,0.12647795251241634,0.21841452461560906,0.5790729931308678,-0.07227405772130167,0.18875585087188915
453,rff_ens,3600,1.0,-1,0.04706813403606022,0.10290982434556863,0.45737260106485655,-0.053079050835833246,0.2966797519782782
453,linlev,11,0.0,0,0.647340180245867,1.32135745446168,0.4899054211712855,0.5897771346667031,1.2483646497923946
453,linlev,11,0.001,0,0.5649105648296903,1.0754722729652504,0.5252674374134637,0.3664092464873827,0.7239536053757872
453,linlev,11,0.01,0,0.5172591004715376,0.9487071931241478,0.5452252330544405,-0.049114889103603426,0.5110942932249743
453,linlev,11,0.1,0,0.33410959933645856,0.6462628540643097,0.5169871627856415,-0.09411860364038979,0.2390758811011253
453,linlev,11,1.0,0,0.11605560525994832,0.2367113998282162,0.4902831268125279,-0.05617833387078539,0.21540015866291623
453,rff_lev,36,0.001,0,0.12978475082548496,0.7450484870877575,0.17419638194661272,0.19284601518299094,0.690382006869546
453,rff_lev,36,0.01,0,0.1400287710460739,0.35238072865050457,0.3973791971607962,-0.11437372668164188,0.24173287141471286
453,rff_lev,36,0.1,0,0.0653396102085692,0.14818229301145053,0.4409407418436978,-0.10348363444770574,0.27355821506912703
453,rff_lev,36,1.0,0,0.037973992314247244,0.09688342084809848,0.3919555273939582,-0.055322224906346334,0.31289061556094405
453,rff_lev,360,0.001,0,0.22159437103766444,0.6120546327821148,0.3620499856857546,0.10089152618824686,0.35853637557222495
453,rff_lev,360,0.01,0,0.1798508346487776,0.3291876456222911,0.546347461821632,-4.8834855523464063e-05,0.15901933831858017
453,rff_lev,360,0.1,0,0.07783536957813604,0.14642352977256634,0.5315769241394094,-0.057101680803070765,0.24983763453407684
453,rff_lev,360,1.0,0,0.03963612599703253,0.09604450892686679,0.4126849774120195,-0.049311364224182426,0.30953349704691685
453,rff_lev,3600,0.001,0,0.2311618359250202,0.5558567497792979,0.4158658431633738,0.193929344499529,0.2780990276753167
453,rff_lev,3600,0.01,0,0.16992764516960035,0.3207996451808435,0.5297002279220338,0.013475300616168553,0.16994270546376622
453,rff_lev,3600,0.1,0,0.0734521427775923,0.14173706463975014,0.5182281922112888,-0.055440522247216045,0.2565905060780542
453,rff_lev,3600,1.0,0,0.03895859958820125,0.09557559148879323,0.40762080549372653,-0.049083616998346735,0.3107454458558303
453,rff_lev,36,0.001,1,0.30402315307147076,0.9125555195676434,0.33315578784238015,-0.3666558806579676,0.6951515266158752
453,rff_lev,36,0.01,1,0.20844604271141856,0.4727148636140764,0.44095512698241185,-0.0687749519555507,0.22802718844281455
453,rff_lev,36,0.1,1,0.0796411061950494,0.15964812950299503,0.4988539887249685,-0.039441459141157154,0.2505581975216037
453,rff_lev,36,1.0,1,0.03958658361089805,0.0940003369200045,0.42113235875512595,-0.04628807825661833,0.30924017258318726
453,rff_lev,360,0.001,1,0.20337780918709,0.5975008272193606,0.34038079935983734,0.4782151378515092,0.36962433228530694
453,rff_lev,360,0.01,1,0.14940072165522653,0.30417216445773604,0.4911715768652637,0.079206062070071,0.19405001681347972
453,rff_lev,360,0.1,1,0.06760809116914512,0.13764971138432394,0.4911604280838658,-0.047985168956442524,0.26631229355935915
453,rff_lev,360,1.0,1,0.03826863970725577,0.09525436746845102,0.4017520742020636,-0.04837323853014291,0.3120107827542732
453,rff_lev,3600,0.001,1,0.22644534831180713,0.5511644219356899,0.41084899405613096,0.2406488240269592,0.28017919801807106
453,rff_lev,3600,0.01,1,0.16566373284971864,0.319250933733297,0.5189138553565344,0.0275650983655795,0.17604834423377383
453,rff_lev,3600,0.1,1,0.07236682674419424,0.14126159166151406,0.5122894758088032,-0.05152116023573444,0.25846832026530636
453,rff_lev,3600,1.0,1,0.03881679650931417,0.09544587737348968,0.4066890847199192,-0.04858207464557611,0.31099324504213866
453,rff_lev_ens,36,0.001,-1,0.21690395194847786,0.7008732923991371,0.3094766975725396,-0.08690493273748844,0.4824729713342446
453,rff_lev_ens,36,0.01,-1,0.17423740687874623,0.3666398460200764,0.4752276894345122,-0.09157433931859633,0.19431881574988896
453,rff_lev_ens,36,0.1,-1,0.0724903582018093,0.14644904806153877,0.4949868856187335,-0.07146254679443145,0.2597316381686652
453,rff_lev_ens,36,1.0,-1,0.03878028796257264,0.09528027895785057,0.4070127458351376,-0.050805151581482334,0.3110318452295269
453,rff_lev_ens,360,0.001,-1,0.2124860901123772,0.5886243556576315,0.3609875943291208,0.289553332019878,0.3446669692017789
453,rff_lev_ens,360,0.01,-1,0.16462577815200208,0.31399079291120785,0.5243012912119239,0.0395786136072738,0.1744504874230834
453,rff_lev_ens,360,0.1,-1,0.07272173037364058,0.14160293140342176,0.5135609104479548,-0.05254342487975663,0.25790655836522375
453,rff_lev_ens,360,1.0,-1,0.03895238285214415,0.09563665174831586,0.4072955518628358,-0.048842301377162674,0.3107690704451266
453,rff_lev_ens,3600,0.001,-1,0.22880359211841367,0.5519012055414987,0.41457345956315256,0.2172890842632441,0.27734901906954795
453,rff_lev_ens,3600,0.01,-1,0.1677956890096595,0.3196811759265819,0.5248844838089419,0.020520199490874014,0.17277024833463583
453,rff_lev_ens,3600,0.1,-1,0.07290948476089328,0.14144721050099635,0.5154536770478036,-0.05348084124147523,0.2575143156667518
453,rff_lev_ens,3600,1.0,-1,0.0388876980487577,0.0955095118414499,0.4071604733286987,-0.04883284582196142,0.3108691026761343
454,ff,6,0.0,0,0.16842459935254203,0.4501893315389,0.37411948163411507,0.1482654762949188,0.2737249051819795
454,fm,6,0.0,0,0.2761881392035238,0.7051421977855886,0.39167722492124046,-0.04536932066809078,0.40066595291610524
454,linrank,6,0.0,0,0.44486691840632236,0.9591038704816311,0.463836016200127,0.22229220640234393,0.6075897966410958
454,linrank,6,0.001,0,0.28773204087583915,0.7923468225321797,0.36313901020806255,-0.11866812815176615,0.5146759567602965
454,linrank,6,0.01,0,0.18046823307507384,0.4798741581621068,0.3760740811012992,-0.28299623726207196,0.28144834865943985
454,linrank,6,0.1,0,0.07052463366455453,0.1761525025060529,0.4003612362085584,-0.21140660216414453,0.2744909847521133
454,linrank,6,1.0,0,0.011908856568040185,0.030035263369646747,0.3964958263051265,-0.040759660817979784,0.3567630487629195
454,rff,36,0.001,0,0.4027203952831404,0.845881138484583,0.47609572664620936,-0.5994068651079825,0.4517946506432599
454,rff,36,0.01,0,0.2909578814694452,0.5395460308962323,0.5392642421743686,-0.26017867379995063,0.17338746929473306
454,rff,36,0.1,0,0.12929832744906286,0.22052089887153908,0.5863314003829793,-0.008617574052777863,0.18628769341066864
454,rff,36,1.0,0,0.04227434606005307,0.08688715320823129,0.48654311367227754,0.08377543174542626,0.30432462959588735
454,rff,360,0.001,0,0.36078281602754314,0.8690781263007049,0.415132777030348,-0.3133583121473002,0.5434322218885793
454,rff,360,0.01,0,0.27885458545749425,0.524407190334994,0.5317520251378715,-0.17858155623492403,0.17459043417928274
454,rff,360,0.1,0,0.11477159997875032,0.1974375898537308,0.5813057182463452,-0.0004684941728112508,0.2021477460799894
454,rff,360,1.0,0,0.039421473861384934,0.08365856592588596,0.4712186185011688,0.0843202530114173,0.30924668451996745
454,rff,3600,0.001,0,0.38206654934842305,0.8781998325153823,0.4350565044564967,-0.2113406711939219,0.5326135192527679
454,rff,3600,0.01,0,0.2719934952408989,0.51128301103591,0.5319822669050026,-0.17714660651656766,0.1709406123340673
454,rff,3600,0.1,0,0.11095979726149242,0.19267148536871193,0.5759014991198654,-0.004292477452737452,0.20705160734807013
454,rff,3600,1.0,0,0.03893926742235595,0.08336093334560259,0.46711650001469246,0.08380102787892248,0.3101236008994855
454,rff,36,0.001,1,0.3001200020077513,0.8288623057707312,0.36208668185082904,-0.7077506396369587,0.5563815575057608
454,rff,36,0.01,1,0.2497844377832815,0.4819366053238017,0.5182931427577643,-0.4863347304896941,0.1746231053317346
454,rff,36,0.1,1,0.10539780435656196,0.17633296932704315,0.5977203512128331,-0.04747285562991541,0.2109432285103099
454,rff,36,1.0,1,0.03822166321195662,0.08107825931669448,0.4714169190863051,0.07994296552132957,0.31112807723715785
454,rff,360,0.001,1,0.3802570372266597,0.8998683090366044,0.42256965092343507,-0.6264982955580662,0.5733811375040334
454,rff,360,0.01,1,0.28260588462598524,0.5284183009971055,0.5348147179851995,-0.3350653796129111,0.17341704159049043
454,rff,360,0.1,1,0.1115591180716924,0.19088302697167525,0.5844370756350508,-0.022797093787407696,0.205300354655976
454,rff,360,1.0,1,0.03871776109142715,0.0829633207459215,0.46668528626044087,0.08242635581499261,0.310483279418827
454,rff,3600,0.001,1,0.380410806041926,0.8826223878339499,0.43100063094421953,-0.21633995290593583,0.542449872763877
454,rff,3600,0.01,1,0.27591198844818565,0.5136518525596718,0.5371575846037321,-0.1874110768643338,0.1676784980996009
454,rff,3600,0.1,1,0.11211097674420634,0.19206937081705347,0.5837004425395463,-0.0028494879077758783,0.20477438481274376
454,rff,3600,1.0,1,0.038995222455442936,0.08328008858119808,0.4682418465180017,0.08427250050968807,0.3100025796061135
454,rff_ens,36,0.001,-1,0.35142019864544594,0.797516070226655,0.44064340740566127,-0.6535787523724705,0.43622446498343764
454,rff_ens,36,0.01,-1,0.2703711596263634,0.4997121924782051,0.5410537579351851,-0.3732567021448225,0.16160734400491017
454,rff_ens,36,0.1,-1,0.11734806590281241,0.19535931555722053,0.6006781174888038,-0.028045214841346647,0.19677652292904937
454,rff_ens,36,1.0,-1,0.04024800463600485,0.08379152756215773,0.480335014851571,0.08185919863337791,0.3076817366849277
454,rff_ens,360,0.001,-1,0.37051992662710137,0.8809650764240616,0.4205841259123282,-0.46992830385268325,0.5518814526409601
454,rff_ens,360,0.01,-1,0.2807302350417397,0.5247233192720803,0.5350062113328244,-0.2568234679239175,0.1722203805595782
454,rff_ens,360,0.1,-1,0.11316535902522136,0.19377236545307977,0.5840118572151266,-0.011632793980109472,0.2035602340347042
454,rff_ens,360,1.0,-1,0.03906961747640604,0.08329206801826276,0.4690676844263198,0.08337330441320497,0.30986159264025726
454,rff_ens,3600,0.001,-1,0.38123867769517455,0.8799808024427338,0.4332352213103925,-0.21384031204992884,0.5367686106367315
454,rff_ens,3600,0.01,-1,0.27395274184454227,0.5122237492435143,0.534830222630508,-0.18227884169045064,0.1690546143526982
454,rff_ens,3600,0.1,-1,0.11153538700284939,0.1923290260296186,0.5799196788199457,-0.003570982680256671,0.20589664679023603
454,rff_ens,3600,1.0,-1,0.03896724493889944,0.08331879321493546,0.46768854222812123,0.08403676419430527,0.31006280159168015
454,linlev,11,0.0,0,0.5109496136350494,1.0674941074058595,0.4786439663603569,0.6742378155525706,0.758250773738498
454,linlev,11,0.001,0,0.45828557137028664,0.8892242439816799,0.5153768292666213,0.38363100142138234,0.4637111022589647
454,linlev,11,0.01,0,0.37565169194383335,0.6576334041500715,0.5712174740109611,0.22134611480307673,0.20182932801516706
454,linlev,11,0.1,0,0.2242311470987795,0.4149355605309612,0.5403999281523332,0.0338126797991959,0.15352565651337624
454,linlev,11,1.0,0,0.05261453705900231,0.10805213207559392,0.48693659299746966,-0.05954962909752427,0.28875130262656784
454,rff_lev,36,0.001,0,0.32759458292297283,0.8239652617515177,0.39758300274285735,0.21727468750614073,0.5105846214763359
454,rff_lev,36,0.01,0,0.22701634226558323,0.4221654052658841,0.537742646445902,-0.02112152131230689,0.15526418851634385
454,rff_lev,36,0.1,0,0.08022714314031032,0.1439991543449885,0.5571362103148518,0.04301220113577642,0.2462546886564647
454,rff_lev,36,1.0,0,0.03358468544284111,0.07761736523479798,0.432695510099384,0.09123652655765177,0.31951983958516206
454,rff_lev,360,0.001,0,0.3221675583895136,0.7063415896599429,0.45610730432086855,-0.3833872859812979,0.3379120841715263
454,rff_lev,360,0.01,0,0.2217858623432776,0.4209853429248962,0.526825615358405,-0.2603279499467052,0.16238272699494619
454,rff_lev,360,0.1,0,0.0827017341808069,0.1473522808847632,0.5612518088232632,-0.012083751589178666,0.24268562714539893
454,rff_lev,360,1.0,0,0.034144432953928744,0.07702352201935579,0.4432987749553746,0.08426739569569627,0.31834642332671176
454,rff_lev,3600,0.001,0,0.31925246124335926,0.6861920003512013,0.4652523799169358,-0.37397466978456967,0.31381349685776483
454,rff_lev,3600,0.01,0,0.22103676361443064,0.41966802498948574,0.52669431658504,-0.26153717977595037,0.1624417988274138
454,rff_lev,3600,0.1,0,0.07933526235911255,0.14071930829717047,0.5637837715317123,-0.009043746583006279,0.24696230685155593
454,rff_lev,3600,1.0,0,0.03351101218220412,0.07629051578002477,0.43925528408838393,0.08504180106621446,0.3194580303596075
454,rff_lev,36,0.001,1,0.4558525794771001,0.9955961919769128,0.4578689464168531,-0.08694428088203368,0.6668450167292134
454,rff_lev,36,0.01,1,0.23527965682183424,0.4499833957976496,0.5228629745432557,-0.12322847974890003,0.1668190837526735
454,rff_lev,36,0.1,1,0.08012163346628548,0.14293768363196324,0.5605354125689004,0.006315274468408965,0.24614421460736377
454,rff_lev,36,1.0,1,0.03355948644886442,0.07503852809037741,0.4472300737088676,0.08638490153504996,0.31917487091951074
454,rff_lev,360,0.001,1,0.2892534278552373,0.6556167016306649,0.44119289080921753,-0.19331390964490272,0.31453077326116047
454,rff_lev,360,0.01,1,0.2144084702088183,0.4259566461157158,0.5033574946276854,-0.21403492877873861,0.17812994003835594
454,rff_lev,360,0.1,1,0.07843109096023225,0.14296358689999544,0.548608863703844,-0.003508971272692254,0.24926466527661792
454,rff_lev,360,1.0,1,0.03342176987165275,0.07599945246040372,0.43976329815094045,0.0855983883990274,0.3195862157208871
454,rff_lev,3600,0.001,1,0.3180525456818182,0.6791207432871245,0.46832989394840085,-0.27843463603177887,0.3057941384024626
454,rff_lev,3600,0.01,1,0.2242792409428488,0.4266400057350006,0.5256873193512838,-0.2386455011345534,0.16330121451432192
454,rff_lev,3600,0.1,1,0.0794585775582307,0.14170282474820264,0.5607409569952031,-0.0054909649408377255,0.24701302496129346
454,rff_lev,3600,1.0,1,0.03348347829417024,0.07623379374015184,0.4392209366924726,0.0855097978956378,0.3195026020269095
454,rff_lev_ens,36,0.001,-1,0.3917235812000364,0.7963356041138149,0.4919076569933824,0.06516520331205347,0.3836874200359808
454,rff_lev_ens,36,0.01,-1,0.23114799954370877,0.411204409876366,0.562124320634612,-0.07217500053060352,0.13975928929596895
454,rff_lev_ens,36,0.1,-1,0.0801743883032979,0.13956806302564748,0.5744465213976983,0.024663737802092696,0.245095224138501
454,rff_lev_ens,36,1.0,-1,0.033572085945852766,0.0762313891716496,0.44039714231441823,0.08881071404635087,0.3193309617466474
454,rff_lev_ens,360,0.001,-1,0.30571049312237547,0.6703756336038696,0.45602864692278217,-0.2883505978131003,0.31097823347872255
454,rff_lev_ens,360,0.01,-1,0.218097166276048,0.4203724694637273,0.5188188621254775,-0.237181439362722,0.16762187845713622
454,rff_lev_ens,360,0.1,-1,0.0805664125705196,0.1444624501064605,0.5576979520363028,-0.007796361430935444,0.2457643451727633
454,rff_lev_ens,360,1.0,-1,0.03378310141279075,0.0764901799597639,0.44166586391301027,0.08493289204736185,0.3189626667343201
454,rff_lev_ens,3600,0.001,-1,0.3186525034625887,0.6811327450178739,0.46782731529700106,-0.3262046529081741,0.3077130513619395
454,rff_lev_ens,3600,0.01,-1,0.2226580022786397,0.42293185402369077,0.526463070020182,-0.2500913404552519,0.16266875855790952
454,rff_lev_ens,3600,0.1,-1,0.07939691995867165,0.14116314915062428,0.5624479223961867,-0.007267355761921991,0.24697388964825956
454,rff_lev_ens,3600,1.0,-1,0.03349724523818717,0.07626061567426241,0.4392469814467067,0.08527579948092613,0.31948008045374815
455,ff,6,0.0,0,0.1797662690817805,0.4873447047746448,0.36886882594714354,0.3932627306910956,0.2933933030117599
455,fm,6,0.0,0,0.27896678916274975,0.7241213740192108,0.3852486601995383,0.06222286190101771,0.4273457238455965
455,linrank,6,0.0,0,0.4531431311923054,0.9523377775214791,0.4758218584708882,0.1747275759013326,0.5891047458605584
455,linrank,6,0.001,0,0.27720208846544037,0.7583540360557899,0.36553123644883906,0.36340086968489116,0.48064273332467927
455,linrank,6,0.01,0,0.16209197577164927,0.43898465642394946,0.3692429186297321,0.22795848619904618,0.27790245404576336
455,linrank,6,0.1,0,0.05736871276405061,0.146115147636004,0.39262673098729756,0.030073933174089358,0.2930084484486462
455,linrank,6,1.0,0,0.00927580694545446,0.023784150657778242,0.3899995034054727,0.00036653010779461276,0.3652051809299444
455,rff,36,0.001,0,0.42847779042964174,0.8432953474502134,0.5080993174279765,-0.05888120235929203,0.4208897474672127
455,rff,36,0.01,0,0.2907079010382639,0.5303559109875811,0.5481373828698048,-0.050304369629485174,0.1674777423728644
455,rff,36,0.1,0,0.13290032504700813,0.23565548700387268,0.5639602401654416,-0.060634755605309086,0.19050042326246866
455,rff,36,1.0,0,0.05610207704708847,0.12761691021629654,0.4396131903836385,-0.043730334279852914,0.2903344331318269
455,rff,360,0.001,0,0.29944213374341505,0.7712851496536879,0.3882379089988528,-0.2647370638733406,0.468767174454143
455,rff,360,0.01,0,0.26225545301557773,0.487862341113232,0.53756035445808,-0.12409335226380419,0.16538174888558618
455,rff,360,0.1,0,0.11706166535819063,0.2109000988665068,0.5550574228620302,-0.07040957914594666,0.20716402288580618
455,rff,360,1.0,0,0.05334736634089366,0.12492587912199611,0.42703214670834855,-0.04499147450556361,0.2948627524919779
455,rff,3600,0.001,0,0.3189088613218432,0.7539675435283238,0.42297425672921285,-0.1740521320091971,0.4154572642838954
455,rff,3600,0.01,0,0.252401719737251,0.46090842277804084,0.547617937237827,-0.07550318978637166,0.15444483124341313
455,rff,3600,0.1,0,0.11228303396297776,0.20455180388773594,0.5489222379314826,-0.06378162090415687,0.21298792066755456
455,rff,3600,1.0,0,0.052714657427103434,0.12471007092123812,0.42269767820431997,-0.04445002590916718,0.2960071904464823
455,rff,36,0.001,1,0.36005398790200505,0.8468854769865246,0.42515074078632964,0.021009656227986288,0.5098509779346726
455,rff,36,0.01,1,0.26593401831880464,0.4680148111001954,0.5682170991419156,-0.08646466915012298,0.1409957972745807
455,rff,36,0.1,1,0.11360298955830561,0.195800996545662,0.5801961765389314,-0.08351941597616551,0.20714275877209973
455,rff,36,1.0,1,0.05290132499176602,0.12295820800148671,0.4302382561652686,-0.047008384821184586,0.2952196895211414
455,rff,360,0.001,1,0.3264248112385532,0.7716178123600081,0.4230394970279089,-0.3205732850094384,0.4322026516701154
455,rff,360,0.01,1,0.2652319059428683,0.48141069663005864,0.550947263530969,-0.1243625820991906,0.15474547927804036
455,rff,360,0.1,1,0.1131942051612968,0.20483327558227393,0.5526162916621957,-0.07862328163242302,0.21148625694912
455,rff,360,1.0,1,0.05259743378887763,0.12445365003603592,0.42262668691233957,-0.04635569641857973,0.29616540187456436
455,rff,3600,0.001,1,0.3141448076460303,0.7465849798515883,0.42077568679251803,-0.1747455355571961,0.41089154542274936
455,rff,3600,0.01,1,0.2554758379964545,0.46330874796728083,0.5514159599129701,-0.07714891551865172,0.15207629215394305
455,rff,3600,0.1,1,0.11339864695048173,0.20495294386390608,0.5532911350899223,-0.06413414384051694,0.2111727368315701
455,rff,3600,1.0,1,0.05279547417367949,0.12469114601648391,0.4234099682322275,-0.04438921546929684,0.2958493640446209
455,rff_ens,36,0.001,-1,0.39426588916582345,0.7972613016458744,0.4945253060093308,-0.018935773065652896,0.3856444645339968
455,rff_ens,36,0.01,-1,0.2783209596785343,0.4865895124918734,0.5719830627939861,-0.06838451938980408,0.14069505931024293
455,rff_ens,36,0.1,-1,0.12325165730265689,0.21304416280909966,0.5785263284265515,-0.07207708579073728,0.19718054013342007
455,rff_ens,36,1.0,-1,0.05450170101942725,0.12517742996843031,0.43539559034861597,-0.045369359550518754,0.29274149075251
455,rff_ens,360,0.001,-1,0.3129334724909841,0.7654829184715743,0.4088052978580013,-0.29265517444138955,0.44112958009890824
455,rff_ens,360,0.01,-1,0.263743679479223,0.4829033894816169,0.5461624109997331,-0.12422796718149742,0.15837412148347943
455,rff_ens,360,0.1,-1,0.11512793525974371,0.20759571021116038,0.5545776217757048,-0.07451643038918485,0.20919961825961247
455,rff_ens,360,1.0,-1,0.05297240006488564,0.12468068763963125,0.42486451645176626,-0.04567358546207166,0.2955116173130064
455,rff_ens,3600,0.001,-1,0.3165268344839367,0.7492397966687385,0.422463990689329,-0.17439883378319657,0.4116009092966129
455,rff_ens,3600,0.01,-1,0.25393877886685273,0.46184148959763544,0.5498396843646264,-0.07632605265251174,0.15300997559629775
455,rff_ens,3600,0.1,-1,0.11284084045672975,0.20472266363529837,0.5511888056407336,-0.06395788237233693,0.21206781177130526
455,rff_ens,3600,1.0,-1,0.052755065800391465,0.12469987387806783,0.42305628834858033,-0.044419620689232005,0.29592809231587885
455,linlev,11,0.0,0,0.49618806533032744,1.0197458189077209,0.4865801419630323,-0.11236086029113865,0.6768130690992288
455,linlev,11,0.001,0,0.4617884080879939,0.8798534461489282,0.524846961853951,-0.05960827386215307,0.44691887277245307
455,linlev,11,0.01,0,0.3696227108432846,0.6576453087586772,0.562039606943988,-0.10397406859839547,0.21297794722071706
455,linlev,11,0.1,0,0.21947663106012566,0.4149821561044616,0.5288820924745443,-0.11086093655874643,0.1645319877502111
455,linlev,11,1.0,0,0.05638722385934316,0.11075011965164601,0.5091391687584973,-0.04920263398312548,0.28577572870258333
455,rff_lev,36,0.001,0,0.13304550073095922,0.8221592884228361,0.16182448170862723,0.054000603756328175,0.8106610677466296
455,rff_lev,36,0.01,0,0.14890841796768436,0.3621046146647564,0.41123037911446314,-0.12079101566819306,0.2385817013716337
455,rff_lev,36,0.1,0,0.07735554727873654,0.16340165004837084,0.4734073814789351,-0.0650146340387606,0.26107795377970205
455,rff_lev,36,1.0,0,0.04754346646129883,0.12042810265958141,0.3947871419654573,-0.0433961725535969,0.30478144459459783
455,rff_lev,360,0.001,0,0.30513733412397026,0.6589411766914056,0.4630721905346518,0.0996183444302151,0.30014266717164945
455,rff_lev,360,0.01,0,0.21653337519775365,0.3788263567277342,0.5715900473983601,-0.03686079437527889,0.1404344291344845
455,rff_lev,360,0.1,0,0.08887171646960011,0.16529092910046794,0.5376684428676765,-0.05776310624759273,0.24058090869580082
455,rff_lev,360,1.0,0,0.04889850000632966,0.11982299277083157,0.40808945658577295,-0.04310330845687409,0.3020566812906206
455,rff_lev,3600,0.001,0,0.31076163655159117,0.634831644080524,0.48951818871866637,0.05819938301734468,0.26116580637887404
455,rff_lev,3600,0.01,0,0.2039743576454102,0.3644937730468151,0.5596099926217725,-0.029915398503411666,0.14961760227979257
455,rff_lev,3600,0.1,0,0.08370413114698685,0.1595331489260973,0.5246817461477066,-0.053886694004055526,0.24815401328722678
455,rff_lev,3600,1.0,0,0.048138171201007066,0.11923954493884292,0.40370978626005977,-0.04252321535414442,0.3033640786056378
455,rff_lev,36,0.001,1,0.5342537141099447,0.9770020508715085,0.5468296751612527,-0.03249572011684836,0.5545576786313666
455,rff_lev,36,0.01,1,0.27766982950206226,0.4870434618764442,0.5701130417237857,-0.04253053187310527,0.14207727737202322
455,rff_lev,36,0.1,1,0.09666275681291893,0.1707843470324073,0.565993069579009,-0.05445554144004809,0.2282905365239735
455,rff_lev,36,1.0,1,0.04958048850671234,0.11811852278031915,0.41975201974819665,-0.04248196519105253,0.30035430165479643
455,rff_lev,360,0.001,1,0.2751519449442099,0.6294375093456768,0.43713941552393404,0.056146975460439535,0.30470134949330274
455,rff_lev,360,0.01,1,0.19143332803926927,0.36032585560237146,0.531278355585231,0.028677514296375696,0.16671985362508507
455,rff_lev,360,0.1,1,0.08022939542066296,0.15773727525875691,0.508626735748112,-0.031187768229312456,0.2539640814581482
455,rff_lev,360,1.0,1,0.04770428572457315,0.11885871008355253,0.40135288100501093,-0.039618805265042856,0.30409958879392346
455,rff_lev,3600,0.001,1,0.31451805747096745,0.6414833528610716,0.4902980818881574,0.014938623934218598,0.26449145393511014
455,rff_lev,3600,0.01,1,0.20363025547918157,0.36877289602974905,0.552183356400343,-0.024798977787907288,0.15330328723817385
455,rff_lev,3600,0.1,1,0.08297303282792477,0.15957313193972647,0.5199686928452663,-0.04660741107845596,0.24950711136171982
455,rff_lev,3600,1.0,1,0.04802145486379886,0.11914284557119403,0.4030578137828977,-0.04148103237657539,0.3035632364542917
455,rff_lev_ens,36,0.001,-1,0.333649607420452,0.6900156304895542,0.48353920212464374,0.010752441819740019,0.3032494844146668
455,rff_lev_ens,36,0.01,-1,0.21328912373487333,0.36931016383891724,0.5775338580389141,-0.08166077377064913,0.1384090683524235
455,rff_lev_ens,36,0.1,-1,0.08700915204582772,0.16150290987041935,0.538746652401736,-0.059735087739404336,0.24274054674854337
455,rff_lev_ens,36,1.0,-1,0.04856197748400558,0.1191746758904275,0.4074857105435286,-0.042939068872324716,0.3025419824665865
455,rff_lev_ens,360,0.001,-1,0.29014463953409003,0.6313385618064494,0.4595705966445309,0.07788265994532727,0.28558808080987497
455,rff_lev_ens,360,0.01,-1,0.20398335161851147,0.3666019195424782,0.5564164854157996,-0.004091640039451571,0.15114454031658014
455,rff_lev_ens,360,0.1,-1,0.08455055594513154,0.16102835922395875,0.5250662451794492,-0.044475437238452604,0.24708288549858015
455,rff_lev_ens,360,1.0,-1,0.048301392865451404,0.11932984166254906,0.40477211896452636,-0.041361056860958464,0.30307491833690103
455,rff_lev_ens,3600,0.001,-1,0.31263984701127934,0.6366738425756284,0.49105181665154063,0.03656900347578162,0.2609226301405457
455,rff_lev_ens,3600,0.01,-1,0.20380230656229587,0.36631449603003297,0.5563588358392095,-0.02735718814565944,0.1512221454411094
455,rff_lev_ens,3600,0.1,-1,0.0833385819874558,0.1595128329172213,0.5224569112298577,-0.05024705254125575,0.24881756754189774
455,rff_lev_ens,3600,1.0,-1,0.04807981303240296,0.11919037497043229,0.4033867084009945,-0.04200212386535991,0.3034634562458693
456,ff,6,0.0,0,0.15424497283887775,0.4839480030981054,0.3187222012518758,0.29107728038640474,0.33220312907339683
456,fm,6,0.0,0,0.25921112710883265,0.7340582940520674,0.3531206298044316,-0.39013686762925737,0.4703056266684398
456,linrank,6,0.0,0,0.4722374491763699,1.0065077359294483,0.4691841228028789,-0.27742073883161755,0.674287025940131
456,linrank,6,0.001,0,0.30950985504038997,0.8199205088500369,0.37748763654477535,-0.4623408691654018,0.5317421745216891
456,linrank,6,0.01,0,0.1814744483040497,0.4898538768754273,0.3704664939299842,-0.08846271886984239,0.29263679287148847
456,linrank,6,0.1,0,0.06055473016001634,0.16017226986937233,0.3780600113203206,0.09977954882226883,0.2909084644622691
456,linrank,6,1.0,0,0.00951334600956073,0.025286606463410105,0.37622074845537723,0.0237261296475754,0.364399117602054
456,rff,36,0.001,0,0.40343495524600925,0.8739654303619641,0.4616143170318779,-0.017308704703141903,0.5024013194925463
456,rff,36,0.01,0,0.2618792508618502,0.5105153719191516,0.5129703536200728,0.29901223882899636,0.18814407867645558
456,rff,36,0.1,0,0.1080419406617358,0.19259170975112416,0.5609895711573075,0.22684581263880643,0.21537663968578616
456,rff,36,1.0,0,0.03497335450820558,0.07350697125621063,0.4757828259078308,0.08178048258865282,0.3193755947348493
456,rff,360,0.001,0,0.26242841540643774,0.7889290908607032,0.33263878648477074,-1.2605389817283201,0.5491168462085965
456,rff,360,0.01,0,0.22553301807659637,0.4507840326068118,0.5003127922974003,-0.03186786026391276,0.18570124354524722
456,rff,360,0.1,0,0.09125188410157878,0.16256060679709675,0.5613406956303788,0.16578632958574166,0.23494498243361314
456,rff,360,1.0,0,0.032137076092078526,0.07026121659764122,0.45739424462452904,0.07353797278503399,0.32439117143581414
456,rff,3600,0.001,0,0.27446687216003435,0.7794139028009168,0.3521452095910849,-1.1172482370912815,0.5165802448750434
456,rff,3600,0.01,0,0.21530674375631625,0.42936621784213264,0.5014524543602525,0.0033926931182195513,0.18279474882081564
456,rff,3600,0.1,0,0.08671858368490562,0.15575003593100029,0.5567805051635643,0.17020217364824575,0.24103691248145506
456,rff,3600,1.0,0,0.031534112200642235,0.06992624479592094,0.4509624718540833,0.07397754987246473,0.32551174894469975
456,rff,36,0.001,1,0.266002598609685,0.8289016874700814,0.32090970814833353,-0.9066687490077602,0.6085260861409261
456,rff,36,0.01,1,0.2065617795035496,0.4068908435313482,0.5076589527324554,0.33501162545775004,0.17780026169666838
456,rff,36,0.1,1,0.08332928100142527,0.14213659388590733,0.5862619802773201,0.2377736540412151,0.24318391179329374
456,rff,36,1.0,1,0.03116943478412616,0.0679056411264069,0.4590109785739892,0.08175759421426408,0.3259397335957404
456,rff,360,0.001,1,0.292822231105105,0.7812637211539287,0.37480587307011487,-0.8560307349630248,0.49316929221288747
456,rff,360,0.01,1,0.2300856852229697,0.4477189771336081,0.5139064836965971,0.04055144928932788,0.17591622798659076
456,rff,360,0.1,1,0.0871915985443848,0.15453744043422316,0.5642101894491824,0.16613608722031453,0.23979689166635912
456,rff,360,1.0,1,0.03135072405779956,0.06952539579869067,0.4509247836369738,0.07255793876899468,0.3258110938467562
456,rff,3600,0.001,1,0.26980381325149344,0.7668654868840193,0.3518267777935592,-1.1156223386508604,0.5039650395183662
456,rff,3600,0.01,1,0.2180054846203787,0.4313307036626837,0.5054253795734117,-0.011270653107706733,0.18025749140839717
456,rff,3600,0.1,1,0.0876419090652237,0.1559488491698879,0.5619913807106596,0.1681546011616383,0.2394132230540045
456,rff,3600,1.0,1,0.03159617351062386,0.0698703631496321,0.4522113824277472,0.07353753400828031,0.3253837322083697
456,rff_ens,36,0.001,-1,0.33471877692784713,0.7905317644172573,0.4234096490412198,-0.46198872685545095,0.45023546972748407
456,rff_ens,36,0.01,-1,0.23422051518269993,0.4445658141228408,0.5268522854030809,0.31701193214337314,0.16675287585619622
456,rff_ens,36,0.1,-1,0.09568561083158053,0.1641716253518166,0.5828389079204651,0.2323097333400107,0.22743273043015133
456,rff_ens,36,1.0,-1,0.033071394646165875,0.07051044766798946,0.4690282892811603,0.08176903840145844,0.32261854448429345
456,rff_ens,360,0.001,-1,0.2776253232557714,0.7798306733286254,0.35600718559935174,-1.0582848583456728,0.5126569460679484
456,rff_ens,360,0.01,-1,0.22780935164978308,0.4480197527496925,0.5084805976781555,0.004341794512707351,0.17969598965586642
456,rff_ens,360,0.1,-1,0.08922174132298177,0.15832603322067673,0.5635317168505285,0.1659612084030281,0.23728006267657872
456,rff_ens,360,1.0,-1,0.031743900074939047,0.06988133612281046,0.4542543379415623,0.07304795577701433,0.32509916958284135
456,rff_ens,3600,0.001,-1,0.2721353427057639,0.7721667771249016,0.35243078408402534,-1.1164352878710708,0.5087243844359552
456,rff_ens,3600,0.01,-1,0.2166561141883475,0.43007278221851764,0.5037661603943718,-0.0039389799947438416,0.18128613484611822
456,rff_ens,3600,0.1,-1,0.08718024637506465,0.15581414176457387,0.5595143379654778,0.16917838740494207,0.2402138427841608
456,rff_ens,3600,1.0,-1,0.031565142855633055,0.0698971168714627,0.45159434706984797,0.07375754194037253,0.32544757288161585
456,linlev,11,0.0,0,0.5173344007365717,1.051776861847888,0.49186706753337056,-0.19413192897082893,0.7218965412333582
456,linlev,11,0.001,0,0.48070970299702315,0.9205813465405681,0.5221805816547025,-0.0091498216217873,0.4998283215623278
456,linlev,11,0.01,0,0.35507113681090796,0.6482233295767821,0.547760502607535,0.301638568610643,0.21882261698442645
456,linlev,11,0.1,0,0.2087422120992244,0.404533074397127,0.5160077761510886,0.30758282749085547,0.17243178859726271
456,linlev,11,1.0,0,0.05567215862362009,0.10846168388271853,0.5132887175513461,0.10905267008601718,0.2862149022716906
456,rff_lev,36,0.001,0,0.16852435615915815,0.8161614472712596,0.20648409297278086,0.021679618246668194,0.7401671477149021
456,rff_lev,36,0.01,0,0.14148821659428906,0.3181509799384803,0.4447203545362272,0.10280088702037271,0.22095842168471208
456,rff_lev,36,0.1,0,0.05612158709725709,0.11007050039574973,0.509869464529337,0.09226733501195489,0.285717866803614
456,rff_lev,36,1.0,0,0.026869760292946552,0.06536516309655276,0.41107157115566983,0.05968142155240108,0.3339509613813887
456,rff_lev,360,0.001,0,0.20785071615957748,0.5732504154516854,0.3625827571285825,-0.328594080736724,0.33881242010686663
456,rff_lev,360,0.01,0,0.16560247946945825,0.33022419673245623,0.5014849944615882,0.1510899042699795,0.18796313577755433
456,rff_lev,360,0.1,0,0.06325062137812192,0.11537302752047626,0.5482271093813177,0.14564209663716496,0.2735062272301577
456,rff_lev,360,1.0,0,0.027856024273931326,0.06497713720730179,0.4287050102724595,0.06745486621066034,0.33198183130258613
456,rff_lev,3600,0.001,0,0.23663167019306686,0.584493264578841,0.4048492677902333,0.09400518922343708,0.3070594766927
456,rff_lev,3600,0.01,0,0.16789848114961428,0.3383102349532603,0.4962855503700931,0.2097325930996663,0.18954264614969143
456,rff_lev,3600,0.1,0,0.06087552876612753,0.11207907863909336,0.5431480121473272,0.13243224841229953,0.2772123857413311
456,rff_lev,3600,1.0,0,0.027406475519598555,0.06439264546306399,0.4256149956646691,0.06494109248752253,0.33278047005338357
456,rff_lev,36,0.001,1,0.25265482320708466,0.779787095927158,0.32400487841707737,0.9138838588115605,0.5492886216525873
456,rff_lev,36,0.01,1,0.15053158143741546,0.35113359502988084,0.4287017350891916,0.48283442610020577,0.2275872890962691
456,rff_lev,36,0.1,1,0.05739086686117316,0.11346574234367975,0.5057990691793146,0.18197720884392246,0.28408234596477544
456,rff_lev,36,1.0,1,0.027014660643943752,0.06347974734336066,0.4255634556612521,0.07044922443993047,0.33342604232703926
456,rff_lev,360,0.001,1,0.2733633071067566,0.6655175853477574,0.4107529434611622,0.5000869926877795,0.35361043326838165
456,rff_lev,360,0.01,1,0.1771196429416705,0.366415773731906,0.4833843290580142,0.37288766787750177,0.19408849467443762
456,rff_lev,360,0.1,1,0.06194447046298345,0.11636882295164139,0.5323115667220016,0.14840854745529083,0.27618577285256546
456,rff_lev,360,1.0,1,0.027516805708451827,0.06429405950066094,0.42798364144620477,0.06626416529609844,0.33255318266901
456,rff_lev,3600,0.001,1,0.2608926413411689,0.6170727345081052,0.4227907453229764,0.4220148218595496,0.30975434069938684
456,rff_lev,3600,0.01,1,0.17545978772646137,0.3488266092242388,0.5030000094220715,0.290786386749848,0.1842424583614144
456,rff_lev,3600,0.1,1,0.06178511415442538,0.1138423769769252,0.5427250888036943,0.1375768898153786,0.27590315222042344
456,rff_lev,3600,1.0,1,0.027480564137030258,0.06443701641625482,0.4264717031513277,0.06517376227945405,0.3326420756183001
456,rff_lev_ens,36,0.001,-1,0.21058958968312136,0.6418629653941845,0.3280911986467281,0.4677817385291142,0.41785275566372126
456,rff_lev_ens,36,0.01,-1,0.14600989901585226,0.3015377670400282,0.4842176170803503,0.2928176565602892,0.20292001093284365
456,rff_lev_ens,36,0.1,-1,0.056756226979215126,0.10751803381436598,0.527876347489826,0.13712227192793866,0.2839648363402355
456,rff_lev_ens,36,1.0,-1,0.026942210468445152,0.06432593663821512,0.4188389921156495,0.06506532299616578,0.3336751812948618
456,rff_lev_ens,360,0.001,-1,0.24060701163316706,0.5990986055354282,0.4016150420148801,0.0857464559755277,0.3182927433376459
456,rff_lev_ens,360,0.01,-1,0.17136106120556438,0.34529744111509153,0.4962708691155571,0.2619887860737406,0.188568707129441
456,rff_lev_ens,360,0.1,-1,0.06259754592055268,0.11532551206512838,0.5427900973481188,0.14702532204622792,0.2747192280496969
456,rff_lev_ens,360,1.0,-1,0.027686414991191573,0.06462115151681831,0.428441993702107,0.0668595157533794,0.33226549421848334
456,rff_lev_ens,3600,0.001,-1,0.24876215576711785,0.5984676227023255,0.41566518610289266,0.2580100055414931,0.3052176874330835
456,rff_lev_ens,3600,0.01,-1,0.1716791344380378,0.34327337734761365,0.5001236500323997,0.2502594899247572,0.18664796132339784
456,rff_lev_ens,3600,0.1,-1,0.06133032146027645,0.11292922486819447,0.5430863581314601,0.13500456911383907,0.27654966864164165
456,rff_lev_ens,3600,1.0,-1,0.027443519828314406,0.06441393266221834,0.4260494382826475,0.06505742738348828,0.33271115524739353
457,ff,6,0.0,0,0.26585928371220896,0.5336129157047976,0.4982249789832414,-0.07141781361049312,0.1974562835465763
457,fm,6,0.0,0,0.2647095416825679,0.6628542408173402,0.399348039708043,-0.055647431217321845,0.3537787510902416
457,linrank,6,0.0,0,0.30452226261754445,0.8454971386700552,0.3601694774467835,-0.007597392754525689,0.5723056431219207
457,linrank,6,0.001,0,0.11020682596191496,0.6256071182109016,0.17615980182112084,0.15371661098539996,0.5568671073489684
457,linrank,6,0.01,0,0.03316695488152806,0.3519219960806757,0.09424518856708451,0.1355426951131377,0.4323661768865142
457,linrank,6,0.1,0,0.005742508072026985,0.10707723669592836,0.053629587849135685,0.04091603623921429,0.373764443301389
457,linrank,6,1.0,0,0.0010400584987427532,0.017009504994121537,0.061145724058530575,0.005435614113679162,0.37196123641239043
457,rff,36,0.001,0,0.18167198839018722,0.693834871815329,0.2618375002035658,-0.012992086412572287,0.5248185123603138
457,rff,36,0.01,0,0.13001725861775817,0.4047593806023079,0.32122111271216036,-0.0266378067124678,0.2944510749165742
457,rff,36,0.1,0,0.06689741538218844,0.1822668760749917,0.3670300211578994,-0.024625007507838383,0.2776525959626263
457,rff,36,1.0,0,0.03981127518642706,0.10358112418923189,0.384348745951975,-0.025803241665989265,0.3064423849754702
457,rff,360,0.001,0,0.15297318196661655,0.6675296682602725,0.22916312074233036,0.2925751142371336,0.5368012369034778
457,rff,360,0.01,0,0.10768248957351526,0.37305837137470205,0.2886478305706168,0.06685765898915111,0.30915403629451466
457,rff,360,0.1,0,0.05798895775995434,0.16207524831870537,0.35779033727546505,-0.010460464930307145,0.287404138247797
457,rff,360,1.0,0,0.038599501954183775,0.10120699348864684,0.3813916471939637,-0.024278747161585415,0.3082847216018044
457,rff,3600,0.001,0,0.14031183044640544,0.6742300970902971,0.20810674434726992,0.19808059926411822,0.5674009211208514
457,rff,3600,0.01,0,0.10729553198585715,0.3678916290728459,0.2916498324690385,0.04777098132152671,0.30601646638233604
457,rff,3600,0.1,0,0.05944365130267051,0.15930415323791947,0.3731456468300101,-0.012922639993820052,0.2837750067417529
457,rff,3600,1.0,0,0.038823122644608875,0.10104973092050429,0.38419817936131845,-0.024603580585459417,0.30782298610981673
457,rff,36,0.001,1,0.1291906866079793,0.6941352666243318,0.18611745119398712,0.007411884022759586,0.6138835770899644
457,rff,36,0.01,1,0.04750844588063776,0.29981556232750217,0.15845890557456163,0.002497747573072312,0.37088048051052425
457,rff,36,0.1,1,0.03482913334622778,0.13711844172209828,0.2540076514056143,-0.017117582007358873,0.32410721732554
457,rff,36,1.0,1,0.03517985394287364,0.09881803999188919,0.35600639261577277,-0.024649839940568345,0.3143938676935829
457,rff,360,0.001,1,0.17150524577147505,0.6932194347533664,0.24740397798064212,0.44759984901147476,0.5407076909320108
457,rff,360,0.01,1,0.10928969341249566,0.3733858638602756,0.2926990654723684,0.0991018873530645,0.30653280201994004
457,rff,360,0.1,1,0.05735218148699948,0.15563784207853607,0.3684976656130912,-0.011305347549378583,0.28655899606223184
457,rff,360,1.0,1,0.03844409160560805,0.10076678021085894,0.38151553046710523,-0.024729030955459287,0.3084946573902777
457,rff,3600,0.001,1,0.15136732819857107,0.6779780561417317,0.22326287234129544,0.24035259283570032,0.5535826046866023
457,rff,3600,0.01,1,0.10661589472462508,0.36912614897576196,0.28883322143516266,0.05947110611528421,0.3081402218444083
457,rff,3600,0.1,1,0.057120394900488466,0.15815021656993278,0.3611781010443971,-0.009958389667944365,0.2877843891417773
457,rff,3600,1.0,1,0.038442608225046526,0.10097979592925767,0.38069603796761337,-0.024213910288401926,0.3085404852910158
457,rff_ens,36,0.001,-1,0.15543133749908333,0.6433017022919961,0.2416149948699074,-0.002790101194906156,0.5008842542784171
457,rff_ens,36,0.01,-1,0.08876285224919798,0.33432485863011874,0.26549881038729767,-0.012070029569697742,0.3158771989671158
457,rff_ens,36,0.1,-1,0.05086327436420812,0.15526694807602237,0.3275859736697102,-0.020871294757598635,0.2987192975435245
457,rff_ens,36,1.0,-1,0.03749556456465036,0.10102981350477316,0.37113366108390256,-0.02522654080327881,0.3103727598775804
457,rff_ens,360,0.001,-1,0.16223921386904577,0.6741292365876823,0.24066485335997398,0.37008748162430427,0.5300443108290956
457,rff_ens,360,0.01,-1,0.10848609149300548,0.37123695029240406,0.2922287003154094,0.0829797731711078,0.3063648707518725
457,rff_ens,360,0.1,-1,0.05767056962347693,0.1583987430878988,0.36408476796734623,-0.01088290623984285,0.2868258655936185
457,rff_ens,360,1.0,-1,0.03852179677989591,0.10097157964638712,0.3815112818359702,-0.02450388905852236,0.3083865435916964
457,rff_ens,3600,0.001,-1,0.14583957932248828,0.6752629153613611,0.21597451304495746,0.21921659604990912,0.5593209775423585
457,rff_ens,3600,0.01,-1,0.10695571335524112,0.3682787463012446,0.29042054267164663,0.05362104371840539,0.30690828131411246
457,rff_ens,3600,0.1,-1,0.05828202310157949,0.15867821888279787,0.36729693282370074,-0.011440514830882199,0.2857624735895211
457,rff_ens,3600,1.0,-1,0.03863286543482771,0.10101324710267129,0.3824534557884346,-0.02440874543693067,0.30818139194032523
457,linlev,11,0.0,0,0.48057811851501425,1.2214116037474032,0.39346123537762073,0.03938225497378517,1.135396345162256
457,linlev,11,0.001,0,0.3611419571492049,0.9187494675306184,0.3930799090636419,-0.01726126996160289,0.625991131430993
457,linlev,11,0.01,0,0.28119895327444483,0.6593005015108138,0.4265110562331836,-0.07867223441042234,0.32510304449421434
457,linlev,11,0.1,0,0.19400006608508646,0.403983545333451,0.48021774234630615,-0.06622776193905018,0.1865895467990792
457,linlev,11,1.0,0,0.033962719606787026,0.0818656439341169,0.41485924955429704,-0.0018362911278962523,0.31368095919431277
457,rff_lev,36,0.001,0,0.06620993571612298,0.6965984015642983,0.09504749877036803,-0.6340922575628085,0.7309641656452722
457,rff_lev,36,0.01,0,0.08143536291068809,0.29117060585529425,0.2796826371655104,-0.2387039217821594,0.3022922626532083
457,rff_lev,36,0.1,0,0.05121538588650445,0.12908091725627352,0.3967696153322408,-0.05665529743317365,0.2906050756062654
457,rff_lev,36,1.0,0,0.03742071831779082,0.09778579366237429,0.3826805194933898,-0.02922888354540426,0.30987188339406807
457,rff_lev,360,0.001,0,0.06566062160416904,0.4800865906598539,0.13676828905785923,-0.0014929918809038637,0.47722415698055975
457,rff_lev,360,0.01,0,0.09028312380197877,0.242050661652634,0.37299267511007156,-0.008621767907917443,0.2599242660740135
457,rff_lev,360,0.1,0,0.05772421406837236,0.1270133945395985,0.4544734378418324,-0.026090798826501286,0.2777670075735882
457,rff_lev,360,1.0,0,0.038396854723743955,0.09756751853608678,0.39354136806853723,-0.026172089906251517,0.3079509781065279
457,rff_lev,3600,0.001,0,0.09662019001744016,0.43414106263817576,0.22255482913848645,0.13486121941164378,0.3783244917807803
457,rff_lev,3600,0.01,0,0.11521518411725762,0.25110645862149533,0.4588300306959724,0.008458163412812207,0.21964957240613692
457,rff_lev,3600,0.1,0,0.06101293223614436,0.12570118595084442,0.4853807207515411,-0.026555957704579473,0.2712484500052623
457,rff_lev,3600,1.0,0,0.03863199167167553,0.09715970940571252,0.39761328958240133,-0.026274783466714868,0.3074194049970217
457,rff_lev,36,0.001,1,0.3157109636738067,0.9144306335631252,0.3452541418517695,-0.2493922586687182,0.6781858172629386
457,rff_lev,36,0.01,1,0.18501466147292625,0.41849731380522254,0.44209282920041865,-0.10195623446724796,0.21309205210432566
457,rff_lev,36,0.1,1,0.07708377822327939,0.14398517036839092,0.5353591486266116,-0.048065069303181836,0.24625703013268135
457,rff_lev,36,1.0,1,0.04059275342169029,0.09612446030932062,0.422293693936654,-0.02881058553694194,0.3034531250847816
457,rff_lev,360,0.001,1,0.1395279387330538,0.5008196520485793,0.27859916870738066,0.02994484865510191,0.364983440527097
457,rff_lev,360,0.01,1,0.12406902466336694,0.25821445213196786,0.48048830589837754,-0.015806321357350914,0.20768072527204742
457,rff_lev,360,0.1,1,0.06337512424209445,0.12546553176874217,0.505119799427522,-0.029386737076376165,0.26675870597857515
457,rff_lev,360,1.0,1,0.03893849397320206,0.09697962219936127,0.40151212275457304,-0.026570728935822848,0.30679521391647785
457,rff_lev,3600,0.001,1,0.11992748586100167,0.4444181061576185,0.2698528349753326,0.12240791022652055,0.3457860316517114
457,rff_lev,3600,0.01,1,0.12326004060362174,0.2600442652010421,0.47399638099432223,0.00891425558447484,0.21004692469436284
457,rff_lev,3600,0.1,1,0.06202899412917247,0.12629366497370512,0.4911488960438924,-0.025798488181305472,0.2694906460948723
457,rff_lev,3600,1.0,1,0.0387148220016711,0.097101311316095,0.39870544977134553,-0.026165477794165008,0.30724880652663383
457,rff_lev_ens,36,0.001,-1,0.1909604496949649,0.6434175949870664,0.2967908418774334,-0.4417422581157634,0.4422821439247636
457,rff_lev_ens,36,0.01,-1,0.13322501219180719,0.30909439945324124,0.4310172310707332,-0.1703300781247036,0.22058917569130246
457,rff_lev_ens,36,0.1,-1,0.06414958205489192,0.1304463870311289,0.4917697110275938,-0.05236018336817772,0.2665832130855584
457,rff_lev_ens,36,1.0,-1,0.03900673586974057,0.09683442707459926,0.40281888423515516,-0.029019734541173087,0.3066359083986464
457,rff_lev_ens,360,0.001,-1,0.10259428016861147,0.4709912894012409,0.21782627933318455,0.01422592838709901,0.40092076910598606
457,rff_lev_ens,360,0.01,-1,0.1071760742326729,0.24524984716508832,0.43700771059208054,-0.012214044632634213,0.23103299838513075
457,rff_lev_ens,360,0.1,-1,0.06054966915523341,0.1257702713866732,0.48143069493010043,-0.0277387679514387,0.2721360337170686
457,rff_lev_ens,360,1.0,-1,0.03866767434847302,0.09726494984741597,0.39754993354885587,-0.026371409421037183,0.30737125923944375
457,rff_lev_ens,3600,0.001,-1,0.10827383793922092,0.43718021816440256,0.2476640832328427,0.1286345648190822,0.3600530396859712
457,rff_lev_ens,3600,0.01,-1,0.11923761236043966,0.25510450650743893,0.4674069227270301,0.008686209498643453,0.214571641148993
457,rff_lev_ens,3600,0.1,-1,0.061520963182658414,0.1259505596868698,0.48845327353532914,-0.026177222942942474,0.27035739445909085
457,rff_lev_ens,3600,1.0,-1,0.038673406836673314,0.09712965395434754,0.39816271614485954,-0.026220130630439938,0.3073339368283495
458,ff,6,0.0,0,0.14837110663566427,0.5810074189833991,0.25536869545533913,0.43001967002225017,0.4531159676740915
458,fm,6,0.0,0,0.2271855810740726,0.6662206932291918,0.34100649136684313,-0.6397022009092251,0.43136671293398116
458,linrank,6,0.0,0,0.3843165776305598,0.9419526784306825,0.4079998777336046,-1.1301544395817085,0.6566154997306607
458,linrank,6,0.001,0,0.2586142690542902,0.8005846263731691,0.32303177020257284,-0.900519573192256,0.5808631207823485
458,linrank,6,0.01,0,0.16438624968791676,0.4817664438699757,0.34121564874344606,-0.43405089994108953,0.32062382089712443
458,linrank,6,0.1,0,0.06387379410711523,0.16670486797614234,0.38315494251947346,-0.09659349776106431,0.2943973611137281
458,linrank,6,1.0,0,0.010390848664977342,0.026752045870516425,0.38841323445954284,-0.012734160428188557,0.37031651911165936
458,rff,36,0.001,0,0.36543218570043845,0.7930493876766134,0.46079373035144816,-1.5588129547673903,0.4218782169865513
458,rff,36,0.01,0,0.23016529357878251,0.44974704542161087,0.5117661047956776,-0.7159533790207107,0.18519245482348817
458,rff,36,0.1,0,0.08547587203230127,0.1517964531492511,0.563095317834987,-0.17284897366545088,0.24967111857114996
458,rff,36,1.0,0,0.014963317373514995,0.02550948955011952,0.586578470890841,-0.02382845846889736,0.36122257492427584
458,rff,360,0.001,0,0.2883966528169616,0.745475558783089,0.38686265353587046,-0.9947406459044441,0.4523877072124402
458,rff,360,0.01,0,0.20350622559331188,0.413936265493263,0.4916366179001149,-0.511827738549589,0.19602013930649873
458,rff,360,0.1,0,0.07000863135340912,0.12683846211988298,0.5519511210033403,-0.11278430189188361,0.2712465159774737
458,rff,360,1.0,0,0.01229046175679913,0.021237423356493704,0.5787171800688858,-0.014649360581172494,0.3662957348347974
458,rff,3600,0.001,0,0.3002861061139319,0.7231756325801707,0.41523261098076675,-0.9664452207829491,0.4028571036023109
458,rff,3600,0.01,0,0.19194679179735247,0.39108503665182504,0.49080576807708126,-0.47056303636060315,0.1961720679269279
458,rff,3600,0.1,0,0.06522462182483944,0.1191403087143717,0.5474605742478784,-0.09652574512165984,0.2782739955504477
458,rff,3600,1.0,0,0.011682104689702585,0.020380583974428847,0.5731977407693476,-0.012391767316477925,0.36746220514109224
458,rff,36,0.001,1,0.3313535860101416,0.8684402100734537,0.3815502577685979,-1.0676651374170627,0.591551000161299
458,rff,36,0.01,1,0.18639566573857463,0.3775760086535619,0.49366395498289894,-0.4632665487663897,0.19479022978710925
458,rff,36,0.1,1,0.06463122222566778,0.11206053442645911,0.5767527573954476,-0.10486919135769998,0.27774688855836904
458,rff,36,1.0,1,0.011931874369614369,0.01955425285230333,0.6101933149651838,-0.014344803056139865,0.3669355644387329
458,rff,360,0.001,1,0.3153381529904773,0.7758740830723434,0.40642954813207083,-1.1598629310622783,0.46101701228121794
458,rff,360,0.01,1,0.2118019649840282,0.41631123493698424,0.5087587055297416,-0.4941334879592474,0.18484576148517345
458,rff,360,0.1,1,0.06695844864159282,0.11870289066577343,0.5640843981645302,-0.09554485362459508,0.2749314875610912
458,rff,360,1.0,1,0.011655367215665091,0.02004441098377771,0.5814771621425036,-0.012148188689949786,0.36750146631266584
458,rff,3600,0.001,1,0.2883763596052101,0.7080158869326133,0.40730210285896706,-1.052654591335871,0.39796927646508606
458,rff,3600,0.01,1,0.19576735914747542,0.39055635438808217,0.5012525259106353,-0.5020235220646199,0.18959898131291253
458,rff,3600,0.1,1,0.06655076923355421,0.1188021926543822,0.560181321123953,-0.10310851646456004,0.2757160021453358
458,rff,3600,1.0,1,0.011793340594921077,0.020310747515234685,0.5806453251449819,-0.013193733148831075,0.36723950290455065
458,rff_ens,36,0.001,-1,0.34839288585528977,0.7748067181192896,0.4496513487918042,-1.3132390460922272,0.41519185639415884
458,rff_ens,36,0.01,-1,0.20828047965867852,0.4001979295801618,0.5204436711533732,-0.58960996389355,0.1772527564771177
458,rff_ens,36,0.1,-1,0.07505354712898454,0.12831765498418984,0.5849042919170552,-0.13885908251157542,0.2622659360066927
458,rff_ens,36,1.0,-1,0.013447595871564681,0.022112018766815393,0.6081577631322455,-0.019086630762518614,0.3640491622129169
458,rff_ens,360,0.001,-1,0.30186740290371944,0.7570170109271628,0.3987590748244942,-1.0773017884833616,0.4507384527088712
458,rff_ens,360,0.01,-1,0.20765409528867002,0.41406161606466696,0.5015053007382341,-0.5029806132544182,0.189533629358277
458,rff_ens,360,0.1,-1,0.06848353999750102,0.1225146709704577,0.5589823606840901,-0.10416457775823934,0.2730073346059644
458,rff_ens,360,1.0,-1,0.011972914486232117,0.02060768062187051,0.5809928203917091,-0.013398774635561137,0.36689677295682077
458,rff_ens,3600,0.001,-1,0.294331232859571,0.7147785564703087,0.4117796066980883,-1.0095499060594104,0.39915136845464877
458,rff_ens,3600,0.01,-1,0.19385707547241393,0.3905542511645317,0.4963640131796858,-0.4862932792126115,0.1926736126159548
458,rff_ens,3600,0.1,-1,0.06588769552919682,0.11892189269504391,0.5540417667094757,-0.09981713079310994,0.2769827886733035
458,rff_ens,3600,1.0,-1,0.011737722642311833,0.020341123085674852,0.5770439809480369,-0.012792750232654497,0.36735066488396817
458,linlev,11,0.0,0,0.6453237892920699,1.2905019114223777,0.5000564381813281,-1.4442195240061202,1.1814649725743238
458,linlev,11,0.001,0,0.49720253258062236,0.9566067751225075,0.5197564406931451,-1.0155673010876216,0.5581763902010014
458,linlev,11,0.01,0,0.34131390238526443,0.6443369867237538,0.5297133478565863,-0.4945429860297457,0.23931210239855366
458,linlev,11,0.1,0,0.23925865880732075,0.45780155498977687,0.5226252645923486,-0.238186708206158,0.17858422669807156
458,linlev,11,1.0,0,0.08058732246612998,0.15039433944867975,0.5358401304301046,-0.06925236928775787,0.2582127036955823
458,rff_lev,36,0.001,0,0.1488454338237067,0.7208854309639612,0.20647585237597604,0.49120761282129355,0.6344144748462275
458,rff_lev,36,0.01,0,0.12888257970669442,0.2781026172987132,0.46343533533976117,0.1437806703195197,0.22646120043423554
458,rff_lev,36,0.1,0,0.03650575524824536,0.06807496915863967,0.5362581239394109,0.013256981883600246,0.3232299358430813
458,rff_lev,36,1.0,0,0.007141913837150184,0.013439696202995111,0.531404410432921,0.00030539272457905537,0.3762223794403631
458,rff_lev,360,0.001,0,0.20045655808875773,0.5191909013693594,0.3860941275358565,-0.35796192219062095,0.2991034823153813
458,rff_lev,360,0.01,0,0.144103884029215,0.286552542008889,0.5028881719874774,-0.20693888925589085,0.204945095413009
458,rff_lev,360,0.1,0,0.0434322082078169,0.08369648479069813,0.5189251175414225,-0.034516425369248746,0.3123016166078705
458,rff_lev,360,1.0,0,0.008187865906612874,0.014303068714081954,0.5724551891826952,-0.004465248678324793,0.374170461856896
458,rff_lev,3600,0.001,0,0.18319623741725274,0.479753504473037,0.38185492280765343,-0.47507879339867437,0.2876063863708706
458,rff_lev,3600,0.01,0,0.1383776831827664,0.28289801139109916,0.48914335771509837,-0.2502209142434245,0.2126988764339132
458,rff_lev,3600,0.1,0,0.03981296016607173,0.077511107107228,0.5136420011521049,-0.042730495350439816,0.3182416979374074
458,rff_lev,3600,1.0,0,0.00759896302289115,0.01336370882370672,0.5686268028685925,-0.005415622743954625,0.3753129816541432
458,rff_lev,36,0.001,1,0.3394867837830582,0.8625976547995013,0.393563304854993,-1.9161489409256804,0.5706269976102258
458,rff_lev,36,0.01,1,0.1758436614039882,0.3935733209718421,0.44678755401860376,-0.5682758675779861,0.2244082041761662
458,rff_lev,36,0.1,1,0.045604158200488125,0.0992596492463403,0.4594430722529432,-0.08826918346420312,0.31099847556008287
458,rff_lev,36,1.0,1,0.008227924033383793,0.01445747519236248,0.5691120976455418,-0.01032938137199083,0.37409544400344685
458,rff_lev,360,0.001,1,0.18245294686559732,0.5213859349945839,0.3499383750493627,-0.42617401204307936,0.33050105204629976
458,rff_lev,360,0.01,1,0.13777628223276708,0.3111327870611519,0.4428214831813521,-0.25501534617942057,0.2305079254121664
458,rff_lev,360,0.1,1,0.039456615298082844,0.08440136410890739,0.46748788618119913,-0.04877599559253689,0.3200417589054369
458,rff_lev,360,1.0,1,0.007532032475148319,0.013669119057933566,0.5510254496449588,-0.006280108188826763,0.37545408612610737
458,rff_lev,3600,0.001,1,0.19381475507379006,0.4915275600478199,0.39431106376809094,-0.5972340063161787,0.2818085661706738
458,rff_lev,3600,0.01,1,0.14384377234677248,0.2933679066709855,0.4903187058838527,-0.2816577381142225,0.20934278956129845
458,rff_lev,3600,0.1,1,0.04014321912864681,0.07888912300769223,0.5088561971304025,-0.04894295819725731,0.317823108261017
458,rff_lev,3600,1.0,1,0.007591055987739836,0.01335533276774484,0.568391377418419,-0.006177549728965274,0.37532845181624386
458,rff_lev_ens,36,0.001,-1,0.24416610880338235,0.6692091543424281,0.36485769391977685,-0.712470664052194,0.40940033808450566
458,rff_lev_ens,36,0.01,-1,0.15236312055534132,0.2997018879995454,0.5083822513509573,-0.21224759862923295,0.19858407581254825
458,rff_lev_ens,36,0.1,-1,0.04105495672436676,0.0771935599561412,0.5318443241598497,-0.03750610079030142,0.3158090164689859
458,rff_lev_ens,36,1.0,-1,0.0076849189352669895,0.01328502971375319,0.578464565066893,-0.005011994323705886,0.3751402868703803
458,rff_lev_ens,360,0.001,-1,0.19145475247717755,0.5061095934253722,0.3782871436627061,-0.39206796711685,0.3001669125963153
458,rff_lev_ens,360,0.01,-1,0.14094008313099102,0.2954043754575414,0.4771089897117939,-0.23097711771765572,0.21552226055782608
458,rff_lev_ens,360,0.1,-1,0.04144441175294987,0.08315658714097732,0.49839000346043766,-0.04164621048089282,0.3160184084919608
458,rff_lev_ens,360,1.0,-1,0.007859949190880594,0.013902773478578278,0.5653511655779611,-0.005372678433575777,0.3748097422772961
458,rff_lev_ens,3600,0.001,-1,0.18850549624552132,0.48333473755511097,0.390010238451002,-0.5361563998574267,0.28241037289857296
458,rff_lev_ens,3600,0.01,-1,0.1411107277647695,0.28776266753321167,0.4903719060377539,-0.2659393261788235,0.21077270953397112
458,rff_lev_ens,3600,0.1,-1,0.039978089647359265,0.07814671331848154,0.5115773645454713,-0.04583672677384858,0.3180235519069921
458,rff_lev_ens,3600,1.0,-1,0.007595009505315494,0.013354632860690982,0.5687172073199562,-0.005796586236459953,0.3753205861249761
459,ff,6,0.0,0,0.29383417357558084,0.6846864774002898,0.4291514193346569,0.3786434583080002,0.36468836489076994
459,fm,6,0.0,0,0.20436678956022533,0.6639241556426553,0.3078164694315203,-0.6027178903350949,0.471050108146785
459,linrank,6,0.0,0,0.32754707843644026,0.8598657505556166,0.3809281602677979,-0.053471167281666364,0.5887846588442107
459,linrank,6,0.001,0,0.24252486944099577,0.7810923636025917,0.3104944827810259,-0.3366964644545341,0.5810964720399339
459,linrank,6,0.01,0,0.12721930562181533,0.4808969027632758,0.26454590347910756,-0.21674986385761666,0.3902305897128473
459,linrank,6,0.1,0,0.026171365925974438,0.15043557184084416,0.17397059489136568,-0.06495674594343574,0.36819568796383373
459,linrank,6,1.0,0,0.003174573642229715,0.023078180763644374,0.13755736098708002,-0.01009681187024371,0.3914161512069795
459,rff,36,0.001,0,0.19671888647198682,0.6357150864076093,0.3094450496426541,0.04224659654241708,0.44661683658330864
459,rff,36,0.01,0,0.12617743852849925,0.37168839796565495,0.33947101717218087,0.13267779331595253,0.29894075226515965
459,rff,36,0.1,0,0.029525041610809724,0.11138396587573388,0.2650744330988313,0.0435462574592478,0.35145065086097677
459,rff,36,1.0,0,-0.003351745038748809,0.02195305414624155,-0.1526778468463187,-0.03804598873042032,0.40441927900491986
459,rff,360,0.001,0,0.17435861734050664,0.6746012855482961,0.258461732990611,0.24063781822160524,0.5339932053695633
459,rff,360,0.01,0,0.11230969256114694,0.35516586427591634,0.31621758692974317,0.1825885304594457,0.3113594912140135
459,rff,360,0.1,0,0.023781959527072752,0.09901110696669538,0.24019486556263178,0.03687730112261063,0.36002747999384194
459,rff,360,1.0,0,-0.0042090169745965045,0.02210084965043342,-0.19044593493779824,-0.04052330623702831,0.40614681547462617
459,rff,3600,0.001,0,0.1200838562459982,0.5898025381439598,0.2036001008471211,0.34659947973958577,0.5193420721862401
459,rff,3600,0.01,0,0.09968716560256344,0.33336270489701975,0.2990351474180597,0.18468372219122298,0.3189165109432733
459,rff,3600,0.1,0,0.022684435364172823,0.09413480269196191,0.24097820057480004,0.0352719372733984,0.3612296921035698
459,rff,3600,1.0,0,-0.004283596426632143,0.021814516065942167,-0.19636449480169274,-0.040584613669221364,0.40628403330907126
459,rff,36,0.001,1,0.2530018349300437,0.8261754206568792,0.30623258524065733,-0.3642758370499775,0.6377947024617227
459,rff,36,0.01,1,0.0820680851399002,0.3263052428585251,0.25150709936794413,0.04889505912501225,0.3462967299819601
459,rff,36,0.1,1,0.006713818758059447,0.08119980480918657,0.08268269577539522,0.0069638492062340605,0.3904334642935168
459,rff,36,1.0,1,-0.006848179920745838,0.021953981799995997,-0.3119333878990046,-0.04375105473645977,0.4114478528728628
459,rff,360,0.001,1,0.1997566536371149,0.6738499351351666,0.2964408590423712,0.2251808314430101,0.49168576662600605
459,rff,360,0.01,1,0.10904325987924561,0.3397372435034988,0.3209635150822745,0.219676512633135,0.3064479255362266
459,rff,360,0.1,1,0.022927364794723938,0.0878845202782102,0.26088058195168273,0.043963044176804814,0.3596172415177832
459,rff,360,1.0,1,-0.004329305186377364,0.02096528372151224,-0.206498764523521,-0.0398538490008573,0.4063395145239447
459,rff,3600,0.001,1,0.1418012665043358,0.5991396264200635,0.23667482545198465,0.24539033101624233,0.4926959762666048
459,rff,3600,0.01,1,0.1002047540792704,0.3237052737172504,0.3095555192183774,0.1696956386447667,0.311639206960176
459,rff,3600,0.1,1,0.02087257204696751,0.08963916339607546,0.23285103582170807,0.035391462897232974,0.3639483179305387
459,rff,3600,1.0,1,-0.004576208732005459,0.021355729082719797,-0.21428482793913808,-0.04059201991874997,0.4068520444612941
459,rff_ens,36,0.001,-1,0.22486036070101517,0.7013298066424136,0.3206199972841943,-0.16101462025378022,0.4899275762439152
459,rff_ens,36,0.01,-1,0.10412276183419972,0.33715333938481234,0.3088290984279959,0.09078642622048232,0.31349101826818215
459,rff_ens,36,0.1,-1,0.01811943018443459,0.09096858270678428,0.19918338447503675,0.025255053332740942,0.3695873545672901
459,rff_ens,36,1.0,-1,-0.005099962479747321,0.0213249653208079,-0.23915454975071015,-0.04089852173344004,0.40790330686899284
459,rff_ens,360,0.001,-1,0.18705763548881071,0.671225475135502,0.27868077481869846,0.2329093248323076,0.5086415446341932
459,rff_ens,360,0.01,-1,0.11067647622019633,0.3462910108796535,0.3196053976077933,0.20113252154629038,0.3080364123104489
459,rff_ens,360,0.1,-1,0.023354662160898338,0.09306217403422026,0.25095762487034207,0.040420172649707736,0.35971930230509813
459,rff_ens,360,1.0,-1,-0.004269161080486934,0.02148767442150103,-0.19867953119278087,-0.040188577618942796,0.406240886195619
459,rff_ens,3600,0.001,-1,0.13094256137516705,0.5931539930862559,0.22075643576781165,0.295994905377914,0.5043151092895952
459,rff_ens,3600,0.01,-1,0.09994595984091696,0.3283008533906847,0.3044340543397224,0.1771896804179949,0.31510134369000975
459,rff_ens,3600,0.1,-1,0.02177850370557017,0.09183843089394599,0.23713932711589714,0.0353317000853157,0.3625742113478449
459,rff_ens,3600,1.0,-1,-0.004429902579318802,0.021580334993906568,-0.20527496818606525,-0.04058831679398569,0.4065677582002186
459,linlev,11,0.0,0,0.3752814277967346,0.9358566847961837,0.4010030957661702,-0.024773156459759565,0.6633236470796601
459,linlev,11,0.001,0,0.25267499173579466,0.8104054593400257,0.3117883632491407,-0.44948775255951534,0.6124742946514824
459,linlev,11,0.01,0,0.16304798183930977,0.6305362918373167,0.25858619709930575,-0.31412150029745883,0.49528731417347566
459,linlev,11,0.1,0,0.1732557924355065,0.4079701203915602,0.42467765107214134,0.3321943350429003,0.2471682220200159
459,linlev,11,1.0,0,0.07155382992611557,0.1479850771648063,0.4835205771892009,0.24678433966786997,0.2811344919346076
459,rff_lev,36,0.001,0,0.047888618030342965,0.6652360604770337,0.07198740548731311,0.5558259114563608,0.7462777179814435
459,rff_lev,36,0.01,0,0.07671077746818372,0.2338485176191153,0.3280361930415471,0.3378808581897763,0.3043707357823329
459,rff_lev,36,0.1,0,0.015369617780109734,0.05575377135600974,0.275669562906672,0.05180075341182089,0.369828090757175
459,rff_lev,36,1.0,0,-0.005463413966185872,0.02077550561253491,-0.26297381484133503,-0.0404413289481269,0.40861091660426363
459,rff_lev,360,0.001,0,0.10410625178701695,0.427064271181538,0.24377186014412125,-0.4850603956311248,0.3822321179531955
459,rff_lev,360,0.01,0,0.08704163942670556,0.24623609814680425,0.35348854242651273,-0.18790296011503613,0.29134780231750984
459,rff_lev,360,0.1,0,0.021706425629605716,0.07821176344539096,0.2775340265120295,-0.06843846667999676,0.3603980157419095
459,rff_lev,360,1.0,0,-0.004489799560131549,0.02363874029236091,-0.1899339602957807,-0.05458170954784907,0.40678116560923266
459,rff_lev,3600,0.001,0,0.12031441676174269,0.3987485496540815,0.3017300423189418,-0.1771239308256933,0.33006974935473576
459,rff_lev,3600,0.01,0,0.09468937799414946,0.2502172740085612,0.3784286211627006,-0.10735268183604789,0.27941862467516504
459,rff_lev,3600,0.1,0,0.020774836263663752,0.07330512649755153,0.28340222923369013,-0.059114021601190204,0.3614781810115462
459,rff_lev,3600,1.0,0,-0.004754972185876785,0.023284697546550433,-0.20421017607682954,-0.053659171366254206,0.4072973494183459
459,rff_lev,36,0.001,1,0.268047717691318,0.8290771679522567,0.3233085267000789,-1.0482545543726332,0.6203457121428929
459,rff_lev,36,0.01,1,0.11287843066991665,0.3256258137649029,0.3466507441925757,-0.5267718110703036,0.29023946750699475
459,rff_lev,36,0.1,1,0.025157085700687584,0.0929512360362561,0.2706482105399323,-0.16778078267393193,0.3561812579865139
459,rff_lev,36,1.0,1,-0.0041754865451331955,0.025787252502735,-0.16192056694253654,-0.06702483551325429,0.40625600831606434
459,rff_lev,360,0.001,1,0.1980577775226252,0.4961351612364371,0.39920125199157014,-0.28669662642332217,0.28648404455332627
459,rff_lev,360,0.01,1,0.11428715305121143,0.29487800738698594,0.3875743534214323,-0.19378932816207337,0.26866290463691717
459,rff_lev,360,0.1,1,0.02433896938751384,0.08407479353135763,0.28949187223916356,-0.07840573294652015,0.35620563570942876
459,rff_lev,360,1.0,1,-0.004347479586749297,0.02415202885893547,-0.1800047363367103,-0.05584974051917185,0.40651979839652824
459,rff_lev,3600,0.001,1,0.12674678916025162,0.4175043748262966,0.30358194261553506,-0.22273687235611292,0.33410369138729645
459,rff_lev,3600,0.01,1,0.0985706914027454,0.25857222337777985,0.38121144690290804,-0.12510384224138765,0.2766570112469225
459,rff_lev,3600,0.1,1,0.020855381551349902,0.0740800588404853,0.28152490532246016,-0.06408549666822168,0.3614346571010319
459,rff_lev,3600,1.0,1,-0.00478734827741845,0.02338496515979525,-0.20471906820067146,-0.05427076983766043,0.40736709000016064
459,rff_lev_ens,36,0.001,-1,0.1579681678608304,0.5488390270120411,0.28782240344829685,-0.24621432145813615,0.40746450205344026
459,rff_lev_ens,36,0.01,-1,0.09479460406905016,0.23739521043797918,0.3993113588692885,-0.0944454764402637,0.27297591290766965
459,rff_lev_ens,36,0.1,-1,0.02026335174039865,0.06799257850203205,0.2980229929034542,-0.057990014631055464,0.36172950882058225
459,rff_lev_ens,36,1.0,-1,-0.004819450255659532,0.023019291838231582,-0.20936570462411663,-0.05373308223069059,0.4074146335550892
459,rff_lev_ens,360,0.001,-1,0.15108201465482116,0.4428758558032228,0.34113852149562524,-0.3858785110272234,0.314023387642224
459,rff_lev_ens,360,0.01,-1,0.10066439623895851,0.26713046726153583,0.37683607291564525,-0.19084614413855477,0.27738583287787305
459,rff_lev_ens,360,0.1,-1,0.023022697508559772,0.08033536510876971,0.28658234735584126,-0.07342209981325844,0.35816103861688015
459,rff_lev_ens,360,1.0,-1,-0.004418639573440422,0.023850140523098924,-0.18526681505968312,-0.055215725033510465,0.4066482508718019
459,rff_lev_ens,3600,0.001,-1,0.12353060296099713,0.40543235262381505,0.3046885680472974,-0.1999304015909031,0.32979661464626436
459,rff_lev_ens,3600,0.01,-1,0.09663003469844743,0.25400231933779427,0.38042973367475613,-0.11622826203871785,0.2778170905841767
459,rff_lev_ens,3600,0.1,-1,0.02081510890750682,0.07363353366038827,0.282685182589634,-0.06159975913470593,0.3614475663694029
459,rff_lev_ens,3600,1.0,-1,-0.0047711602316476195,0.023331836243635776,-0.20449141601313306,-0.05396497060195731,0.40733207716202063
460,ff,6,0.0,0,0.21820654011242707,0.7439550260804331,0.29330609037223654,-0.5308702921988736,0.5660036682380938
460,fm,6,0.0,0,0.24213126736867663,0.6761533969496172,0.3581010883935835,-0.8275827798989341,0.43288200559148876
460,linrank,6,0.0,0,0.36363188763971704,0.8097886638963188,0.4490454162325426,-0.45279124520835634,0.4620556280887481
460,linrank,6,0.001,0,0.24174477120743457,0.700056526271085,0.3453217877920661,-0.34986831450902794,0.46636370545077765
460,linrank,6,0.01,0,0.1554521042440022,0.462853396446794,0.33585603008937137,-0.2412000356085663,0.32882798831299076
460,linrank,6,0.1,0,0.06245065798160117,0.16883700977796265,0.36988725436283165,-0.06004047247214735,0.3088382780746703
460,linrank,6,1.0,0,0.010211945953073379,0.026938448806665287,0.3790844092903624,-0.007782200635355184,0.38173964544288475
460,rff,36,0.001,0,0.35827288062725715,0.7544112965999161,0.4749039181173059,-0.12296324931747608,0.3822836736607789
460,rff,36,0.01,0,0.23443967981960778,0.45216461876294434,0.5184830260735573,-0.25253128229268845,0.19186901978051724
460,rff,36,0.1,0,0.10342599582312373,0.17621443709112988,0.5869325892386253,-0.07599356935651859,0.23623004628987485
460,rff,36,1.0,0,0.0366311784519446,0.07706772699155641,0.4753115199045372,-0.04545632721597585,0.33535249435930803
460,rff,360,0.001,0,0.22624071108156454,0.6845724235951358,0.3304846985997875,-0.9251648583554105,0.4686764138192545
460,rff,360,0.01,0,0.205055536813853,0.4158137969445969,0.4931426958908115,-0.3645359832368491,0.2061713867645676
460,rff,360,0.1,0,0.08868711712195529,0.15402721067561295,0.5757886332742445,-0.10467621435127226,0.25554912561277626
460,rff,360,1.0,0,0.03405697862462219,0.07444462089734176,0.4574807180707704,-0.05008632011462368,0.3399214956091164
460,rff,3600,0.001,0,0.19688279243712897,0.6197925277412051,0.3176591901723242,-0.7387685968503834,0.4304736000121897
460,rff,3600,0.01,0,0.18548240011352232,0.38890344225229007,0.47693689477090273,-0.3376436224307357,0.2160183814052823
460,rff,3600,0.1,0,0.08266710916863632,0.14668916244897,0.5635529427567249,-0.10871955788926765,0.2643509164657807
460,rff,3600,1.0,0,0.03329039867670723,0.07399543680980676,0.44989799522739204,-0.050840737351362755,0.3413363514440874
460,rff,36,0.001,1,0.23913089352195702,0.6603774149803945,0.3621124649289474,-0.4019903708747351,0.4163537008936576
460,rff,36,0.01,1,0.17302030310328542,0.36698791928512464,0.4714604868746658,-0.16287203684151247,0.21990912546538086
460,rff,36,0.1,1,0.08064371361928357,0.136708308495676,0.5898962141122117,-0.0401190058201669,0.26523871640426455
460,rff,36,1.0,1,0.03338678746606816,0.07278947801061621,0.45867601167848404,-0.04015237789297444,0.34097298423899963
460,rff,360,0.001,1,0.21676607806709638,0.6734357754844398,0.321880847377264,-0.89367516203136,0.46830469365350025
460,rff,360,0.01,1,0.20240024281599467,0.40426145512600326,0.5006666855065592,-0.3046574984189113,0.20092627024535145
460,rff,360,0.1,1,0.08297925166952565,0.14465816404756857,0.5736230112960594,-0.09292215938617007,0.2631866107789702
460,rff,360,1.0,1,0.03308061151091503,0.07383226456761911,0.4480508854041477,-0.04859996525049449,0.34171788061206265
460,rff,3600,0.001,1,0.17315738112898996,0.5847600180944488,0.29611699803494784,-0.8207104978271786,0.4269465686280645
460,rff,3600,0.01,1,0.18567633529771,0.3761728572428054,0.4935931227432045,-0.3084415853335749,0.20596262290515763
460,rff,3600,0.1,1,0.08350229525482672,0.14546554336544684,0.574034876733987,-0.09582150380311208,0.26246184059454924
460,rff,3600,1.0,1,0.03335844131208369,0.07399474414088696,0.4508217671321193,-0.0491067603237249,0.34120469862785363
460,rff_ens,36,0.001,-1,0.298701887074607,0.6717972629628594,0.44463099738934314,-0.26247681009610563,0.3444641792018802
460,rff_ens,36,0.01,-1,0.2037299914614466,0.3972893665360664,0.5128000108277546,-0.2077016595671005,0.19321834074539068
460,rff_ens,36,0.1,-1,0.0920348547212037,0.15352105745240524,0.5994933610311826,-0.05805628758834274,0.24930299360722427
460,rff_ens,36,1.0,-1,0.03500898295900637,0.07477756376382577,0.46817496046778456,-0.04280435255447515,0.3381329204970379
460,rff_ens,360,0.001,-1,0.22150339457433044,0.6735455285153903,0.3288617995320403,-0.9094200101933854,0.4610541171271409
460,rff_ens,360,0.01,-1,0.20372788981492396,0.4093324003098144,0.4977077056708117,-0.3345967408278803,0.2029358608867619
460,rff_ens,360,0.1,-1,0.08583318439574043,0.1491909606063235,0.5753242961028456,-0.09879918686872122,0.25929248296344365
460,rff_ens,360,1.0,-1,0.03356879506776861,0.07412845960630808,0.4528462515753129,-0.04934314268255912,0.3408178758751426
460,rff_ens,3600,0.001,-1,0.1850200867830594,0.6011118798746605,0.3077964235570231,-0.7797395473387814,0.4268613245583143
460,rff_ens,3600,0.01,-1,0.18557936770561612,0.38235218628131423,0.485362381501009,-0.3230426038821554,0.21080773414565857
460,rff_ens,3600,0.1,-1,0.08308470221173148,0.14604862631970397,0.5688838320865618,-0.10227053084618987,0.26339743805279536
460,rff_ens,3600,1.0,-1,0.033324419994395456,0.07399410447987521,0.45036588020953716,-0.049973748837543845,0.3412703779617244
460,linlev,11,0.0,0,0.16512786294496964,0.9064863019647877,0.1821625573238767,-0.18560461642516451,0.9200624743654036
460,linlev,11,0.001,0,0.11482133461290613,0.8790073867560212,0.1306261316377039,0.010636466243857985,0.9575288291128999
460,linlev,11,0.01,0,0.039222212990949815,0.8236658850044299,0.047619081602170356,0.14018041181605648,1.0028530196149126
460,linlev,11,0.1,0,-0.007243977312757667,0.5747797555725157,-0.012603048807002996,0.13417620475229838,0.7462457707335974
460,linlev,11,1.0,0,-0.06167734600369039,0.2973841252420485,-0.20739959119704063,0.16270310834452606,0.6169296784481917
460,rff_lev,36,0.001,0,0.18581543375331444,0.7680596185580797,0.2419283988685096,0.6635389776449566,0.6541456590586601
460,rff_lev,36,0.01,0,0.12032159291541412,0.291833183474029,0.41229578995468097,0.038527970461885004,0.2603342803522345
460,rff_lev,36,0.1,0,0.04474184209734768,0.09932956474939213,0.45043831824121117,-0.06106250266797616,0.323718084157646
460,rff_lev,36,1.0,0,0.027527235143467714,0.07082937406866485,0.38864151357290977,-0.04539918848914018,0.3520536521034412
460,rff_lev,360,0.001,0,0.19477295589927576,0.40272763451626103,0.48363444473640005,0.08870196389527496,0.21191371363902656
460,rff_lev,360,0.01,0,0.1312499479215407,0.2371833988950063,0.5533690322889797,-0.1378504924264029,0.21231619118248723
460,rff_lev,360,0.1,0,0.050930651105775014,0.09768570612483443,0.5213726053296862,-0.08860558675530009,0.3116086996763894
460,rff_lev,360,1.0,0,0.028379788466741794,0.07060192383977189,0.4019690530126139,-0.048635645227399084,0.3503640405945841
460,rff_lev,3600,0.001,0,0.12844935205292143,0.35424006825774,0.3626053729175084,-0.3368561754217828,0.2864201313809946
460,rff_lev,3600,0.01,0,0.10482144350608863,0.20894173977997801,0.5016778534364115,-0.2327785721816701,0.24633487211358068
460,rff_lev,3600,0.1,0,0.04520832034169156,0.09207447839499157,0.4909973005521874,-0.09113737275964551,0.3214384346012175
460,rff_lev,3600,1.0,0,0.027662766036056684,0.07037764029328955,0.3930618577260583,-0.0484019609638222,0.35172628229067776
460,rff_lev,36,0.001,1,0.12144961632427864,0.7560218157341542,0.16064300499892573,-1.0312224715936165,0.7447533360074982
460,rff_lev,36,0.01,1,0.10144097876628737,0.37967737712476485,0.26717677922894284,-0.4681971555242604,0.35289679882560215
460,rff_lev,36,0.1,1,0.04534012329102036,0.10864957649106076,0.41730602875153183,-0.13859472935080316,0.32451378415446497
460,rff_lev,36,1.0,1,0.027704243170944345,0.06905311807253776,0.40120191447172676,-0.053862924681074065,0.3514609453480997
460,rff_lev,360,0.001,1,0.16435148656295356,0.48640711744089754,0.337888736965128,-0.22254429923413474,0.3362338953914824
460,rff_lev,360,0.01,1,0.1025294220265642,0.2188525743374337,0.46848625078762457,-0.20761453154301854,0.2546834611068686
460,rff_lev,360,0.1,1,0.042241074444993976,0.09103337990324929,0.4640174240469594,-0.09237313908931047,0.32692280922166245
460,rff_lev,360,1.0,1,0.027262773799167767,0.07035186223179417,0.38752028637625574,-0.04869450716213762,0.3525006692411442
460,rff_lev,3600,0.001,1,0.15759483388607828,0.3740368953236804,0.42133499624335297,-0.35540440747947927,0.25088363644357564
460,rff_lev,3600,0.01,1,0.11205163411719771,0.21417423441335937,0.5231798046301706,-0.2338842345592438,0.23565647664526135
460,rff_lev,3600,0.1,1,0.04608528583017059,0.09222178153554253,0.4997223547715698,-0.09094850455850165,0.3197917123840704
460,rff_lev,3600,1.0,1,0.027739400568325797,0.07032520058161089,0.39444467045827786,-0.0483424606988352,0.351569880528856
460,rff_lev_ens,36,0.001,-1,0.15363252503879654,0.6740371853009652,0.22792885672946647,-0.1838417469743297,0.5719976033254246
460,rff_lev_ens,36,0.01,-1,0.11088128584085077,0.30745998612249054,0.36063647578737684,-0.2148345925311876,0.2863973044192348
460,rff_lev_ens,36,0.1,-1,0.045040982694184,0.09942648170078992,0.45300791020372755,-0.09982861600938966,0.3231659234818609
460,rff_lev_ens,36,1.0,-1,0.02761573915720603,0.06985202530324296,0.395346291497205,-0.04963105658510712,0.35174402965852547
460,rff_lev_ens,360,0.001,-1,0.17956222123111468,0.4179098810105763,0.4296673263549143,-0.06692116766942988,0.24910039096227035
460,rff_lev_ens,360,0.01,-1,0.11688968497405249,0.2218453609047254,0.5268971345506405,-0.17273251198471073,0.23043276614494998
460,rff_lev_ens,360,0.1,-1,0.04658586277538451,0.093693384298487,0.4972161388361419,-0.09048936292230526,0.3191105408058357
460,rff_lev_ens,360,1.0,-1,0.02782128113295477,0.07046231146877584,0.3948391778955945,-0.048665076194768384,0.3514299722402659
460,rff_lev_ens,3600,0.001,-1,0.14302209296949983,0.35999976640521175,0.397283849369268,-0.346130291450631,0.26534453843495726
460,rff_lev_ens,3600,0.01,-1,0.10843653881164318,0.21080634466358944,0.5143893509689625,-0.23333140337045685,0.2406582937613606
460,rff_lev_ens,3600,0.1,-1,0.04564680308593107,0.09208603348721492,0.49569735341319265,-0.09104293865907356,0.32060343550828574
460,rff_lev_ens,3600,1.0,-1,0.027701083302191246,0.07035034320053828,0.39375903573387677,-0.04837221083132869,0.35164792768493974
461,ff,6,0.0,0,0.18834654711078855,0.7036341341704838,0.26767681947782535,-0.4471595385827766,0.5428314506101828
461,fm,6,0.0,0,0.19241267450269955,0.6261738585474725,0.307283148084522,0.28380622770731295,0.43324011768546994
461,linrank,6,0.0,0,0.3597248523188078,0.8989043397021161,0.40018146139778943,-0.42039185819252833,0.6069304049268269
461,linrank,6,0.001,0,0.24957084248722625,0.8004424898254847,0.3117910976235639,-0.3857639262939636,0.5928012282167097
461,linrank,6,0.01,0,0.16283351854304973,0.5138730972979311,0.31687496270824006,-0.10034471035279686,0.35386240605493635
461,linrank,6,0.1,0,0.06189756159580634,0.17258134945211281,0.3586573044671981,0.05450214711257356,0.2987696353719633
461,linrank,6,1.0,0,0.009853176998271467,0.026790731404032733,0.3677830533879451,0.011834356862903198,0.3700576026429364
461,rff,36,0.001,0,0.40470324345029896,0.8559797479070119,0.47279534876830204,-0.6593853230240267,0.4760286854389027
461,rff,36,0.01,0,0.24010675344338275,0.4653674892082859,0.5159508539194869,-0.0713779992471953,0.18295377442773703
461,rff,36,0.1,0,0.10030298827672776,0.17268452083545327,0.5808452766435502,0.0434720921073348,0.22822378489331302
461,rff,36,1.0,0,0.03535253579249573,0.0743069936063628,0.47576323676575916,-1.1134302579563285e-05,0.3250153877541413
461,rff,360,0.001,0,0.31167013151870937,0.7328449677974372,0.4252879465836175,-0.7763559000906481,0.39980888292285444
461,rff,360,0.01,0,0.21603709553815773,0.42587094139969206,0.5072830159017605,-0.13150241988388905,0.18491302255426467
461,rff,360,0.1,0,0.08736067297085735,0.1511088434087818,0.5781307764663912,0.013580968853405984,0.24469355204990317
461,rff,360,1.0,0,0.033062772763569157,0.07176223394056296,0.4607266377876891,-0.004869583628838537,0.3290665478891742
461,rff,3600,0.001,0,0.30508373989639115,0.6733314234138287,0.45309594842551565,-0.5840986186308048,0.32523294256623625
461,rff,3600,0.01,0,0.20655704738029565,0.40921838343676015,0.5047599417346719,-0.12506406233507225,0.1859605326578267
461,rff,3600,0.1,0,0.08289141806138786,0.1449644002773178,0.5718053391233714,0.014818177620503109,0.25105195666657154
461,rff,3600,1.0,0,0.03245724491931289,0.07136217405670921,0.45482421672748047,-0.00456882644116938,0.33018067104858356
461,rff,36,0.001,1,0.38450277297952495,0.7843161741242242,0.4902395050170486,-0.9900761733155277,0.38293782571611135
461,rff,36,0.01,1,0.21696751476866835,0.39637214907047924,0.547383349908596,-0.22080312832766327,0.15919988173966287
461,rff,36,0.1,1,0.08710196345356028,0.13959214912104284,0.6239746576151114,-0.02051025443758532,0.2418179214799333
461,rff,36,1.0,1,0.033415658323097897,0.07098278669344014,0.47075720579149927,-0.009737610923634756,0.3282729738350937
461,rff,360,0.001,1,0.3450607153270252,0.7303555807546909,0.4724557796497798,-0.4626009017106723,0.35131386920082663
461,rff,360,0.01,1,0.22395049390914107,0.4242468260885882,0.527877829927188,-0.030020447714585508,0.171187333603464
461,rff,360,0.1,1,0.0828282899537028,0.1420696239182642,0.5830119603987672,0.032632705920160154,0.25033685200288314
461,rff,360,1.0,1,0.032197094397289155,0.07112632939734415,0.45267476432561965,-0.002784931223659696,0.33065054707994623
461,rff,3600,0.001,1,0.28964897864150096,0.6323966879353959,0.45801786152158147,-0.6130788095124565,0.2934732727100786
461,rff,3600,0.01,1,0.2066526362189248,0.39858425717149354,0.5184666290771517,-0.11645634783189648,0.17721857793669002
461,rff,3600,0.1,1,0.08359893688001352,0.14389318168989132,0.5809791395132272,0.016837678415022178,0.2494452844776386
461,rff,3600,1.0,1,0.03251362595503595,0.07135580809300329,0.45565493298959686,-0.004402960572138355,0.33007066356463466
461,rff_ens,36,0.001,-1,0.3946030082149119,0.7870007992414717,0.5014010260157789,-0.8247307481697772,0.37482490392250634
461,rff_ens,36,0.01,-1,0.2285371341060256,0.41825538944117285,0.546405712575209,-0.14609056378742932,0.1590416525032886
461,rff_ens,36,0.1,-1,0.09370247586514403,0.15294434265463877,0.6126573512871419,0.011480918834874773,0.23371630245638647
461,rff_ens,36,1.0,-1,0.03438409705779682,0.07248474809272153,0.47436320001848026,-0.004874372613107154,0.3266172389743087
461,rff_ens,360,0.001,-1,0.3283654234228673,0.7255772597221379,0.4525574899475431,-0.6194784009006605,0.3665044925331882
461,rff_ens,360,0.01,-1,0.21999379472364938,0.4240597108218935,0.5187802309662177,-0.08076143379923734,0.1771854468653174
461,rff_ens,360,0.1,-1,0.08509448146228007,0.14641506447525765,0.5811866543053703,0.02310683738678307,0.24743860720942507
461,rff_ens,360,1.0,-1,0.032629933580429156,0.07143339246814834,0.45678823940748187,-0.0038272574262491112,0.32985670321747046
461,rff_ens,3600,0.001,-1,0.29736635926894606,0.6519155262493949,0.4561424713716459,-0.5985887140716306,0.3076370147053582
461,rff_ens,3600,0.01,-1,0.20660484179961025,0.4037479713029861,0.511717349644754,-0.12076020508348441,0.18143742964045542
461,rff_ens,3600,0.1,-1,0.08324517747070068,0.14440187059759416,0.576482680772749,0.015827928017762637,0.2502404331161685
461,rff_ens,3600,1.0,-1,0.03248543543717443,0.07135799615355468,0.4552459035882859,-0.004485893506653866,0.33012552450960175
461,linlev,11,0.0,0,0.45015961886096295,1.0493174910744028,0.4290023016771041,-0.5470275784399068,0.7923407700591576
461,linlev,11,0.001,0,0.38873150946203516,0.896601142976779,0.4335612468342603,-0.30808112901424906,0.5664919053651857
461,linlev,11,0.01,0,0.29115729795295453,0.6842019044743787,0.42554295164762657,0.04187311043957284,0.35953935058508024
461,linlev,11,0.1,0,0.2648064286009285,0.5372468182653619,0.49289529430052925,0.13741097275751796,0.21809285941613354
461,linlev,11,1.0,0,0.14377375278387178,0.31227095993128245,0.460413458925256,0.03389478771378594,0.21958566709157604
461,rff_lev,36,0.001,0,0.3196653753919553,0.8644029202562226,0.3698106148197665,-0.15998323377936768,0.5989967382414116
461,rff_lev,36,0.01,0,0.16655578703010968,0.36977004493322374,0.4504307185299116,-0.07594368530847359,0.2203082705162753
461,rff_lev,36,0.1,0,0.055413119263090206,0.10809196673222052,0.5126478954755888,-0.0031466331712731027,0.2928773767856815
461,rff_lev,36,1.0,0,0.02807569302082219,0.06834665975721704,0.41078368892574224,-0.008248702566538764,0.33825725265028095
461,rff_lev,360,0.001,0,0.1818268861472349,0.4824726590003968,0.37686464249383583,-0.3307758077734241,0.29113623916779996
461,rff_lev,360,0.01,0,0.1374959687724493,0.272697926269767,0.5042061399338663,-0.0514422342333049,0.20722649112896413
461,rff_lev,360,0.1,0,0.05666898878758909,0.10597014501117095,0.5347637184191384,-0.01172380341178942,0.2900521966020754
461,rff_lev,360,1.0,0,0.028490407793450877,0.06806082370498638,0.41860215969386755,-0.009615961246055614,0.33741229172609366
461,rff_lev,3600,0.001,0,0.18488898351760913,0.44462412365753334,0.41583210104905993,-0.3474591030160314,0.25104570878254306
461,rff_lev,3600,0.01,0,0.13550206797547437,0.270824822168734,0.5003310512322667,-0.026276004831523536,0.20965188703076476
461,rff_lev,3600,0.1,0,0.05324399464566353,0.09985829110471262,0.53319553195469,0.005083468018869875,0.295267740230211
461,rff_lev,3600,1.0,0,0.027939377338146658,0.06779351296958941,0.4121246431156269,-0.007422892691955639,0.33844694278386495
461,rff_lev,36,0.001,1,0.2097204263053839,0.634267126900299,0.3306500012546765,0.159763924651106,0.4157857211186614
461,rff_lev,36,0.01,1,0.1082537115930264,0.26255720273916433,0.4123052442045184,0.24172636916214962,0.2530968558511851
461,rff_lev,36,0.1,1,0.046601303579604195,0.09253639774772678,0.5035997155049078,0.06615358181777342,0.3064811874975927
461,rff_lev,36,1.0,1,0.02717597627625353,0.06707410427656056,0.4051634616572932,-0.00020366008337301296,0.33983464485192033
461,rff_lev,360,0.001,1,0.1544222072229567,0.5112342022934955,0.30205766071633866,-0.5030164630741054,0.3653113414857201
461,rff_lev,360,0.01,1,0.11865909666529689,0.277284439834721,0.42793276368491934,-0.07253108634714865,0.24259757671864257
461,rff_lev,360,0.1,1,0.05019570161655052,0.09954054228004118,0.5042739417204806,-0.0009991920580351837,0.30098565303843844
461,rff_lev,360,1.0,1,0.027597791629317157,0.06774028364890407,0.4074059059503753,-0.008070025823879839,0.33910392912637194
461,rff_lev,3600,0.001,1,0.1852501114014109,0.4680047938863675,0.39582951675146727,-0.4794272450008855,0.2717949963253917
461,rff_lev,3600,0.01,1,0.13597774594403114,0.2765979531867169,0.49160792542900567,-0.03883758956220651,0.2119900114643955
461,rff_lev,3600,0.1,1,0.05305607084963439,0.0996297558298152,0.5325323785823917,0.004513164033304002,0.2955780214547983
461,rff_lev,3600,1.0,1,0.027897978037147726,0.0677796380360862,0.41159821512022104,-0.007520907119720938,0.3385255486899256
461,rff_lev_ens,36,0.001,-1,0.2646929008486696,0.6529256768323013,0.40539514716719255,-0.0001096545641308122,0.35593759778262024
461,rff_lev_ens,36,0.01,-1,0.13740474931156801,0.28417565164029573,0.48352048642609397,0.082891341926838,0.21377549574878255
461,rff_lev_ens,36,0.1,-1,0.051007211421347204,0.09668350142595752,0.5275689302627266,0.03150347432325015,0.2988841404756277
461,rff_lev_ens,36,1.0,-1,0.02762583464853786,0.06763785006238568,0.40843750389844163,-0.004226181324955888,0.3390355244573715
461,rff_lev_ens,360,0.001,-1,0.1681245466850958,0.47087392092537556,0.3570479043619413,-0.4168961354237648,0.3026881474888713
461,rff_lev_ens,360,0.01,-1,0.1280775327188731,0.2684618767515988,0.47707903359917314,-0.06198666029022676,0.22126969647195555
461,rff_lev_ens,360,0.1,-1,0.053432345202069804,0.1017189131247438,0.5252941027451071,-0.006361497734912309,0.2952861906502898
461,rff_lev_ens,360,1.0,-1,0.028044099711384017,0.06787412663148527,0.4131780562517764,-0.008842993534967728,0.33825429742519797
461,rff_lev_ens,3600,0.001,-1,0.18506954745951,0.4546037023869157,0.4071008363719754,-0.41344317400845854,0.2597252969550963
461,rff_lev_ens,3600,0.01,-1,0.13573990695975277,0.2734049755352488,0.4964792856970245,-0.03255679719686505,0.21064491732272386
461,rff_lev_ens,3600,0.1,-1,0.053150032747648956,0.09968713947926242,0.533168400911991,0.0047983160260869386,0.29541151451669323
461,rff_lev_ens,3600,1.0,-1,0.027918677687647192,0.06778522738569123,0.41186964718422614,-0.007471899905838289,0.33848606249361923
462,ff,6,0.0,0,0.15933289896291786,0.6419373030626784,0.2482063251391401,0.058849482521753,0.5166628517921
462,fm,6,0.0,0,0.20151716205813683,0.6008051770887103,0.33541182689972454,-0.23278297784887583,0.3963998792669115
462,linrank,6,0.0,0,0.32434718512890115,0.8572133066412028,0.378373950352897,0.5677590794730423,0.5891795552886073
462,linrank,6,0.001,0,0.20932046184137315,0.7643206978351682,0.27386470421937303,0.3709322879234174,0.6072184371646011
462,linrank,6,0.01,0,0.13826146455497437,0.5013034975991401,0.2758039096418456,0.08890107637440234,0.39175667613869203
462,linrank,6,0.1,0,0.05605688059892716,0.1664392485329598,0.33680085131979115,-0.01932581072200648,0.31658881207946765
462,linrank,6,1.0,0,0.009015541991168021,0.02521429172104904,0.3575568209850524,-0.0032240165835891177,0.38054413248467595
462,rff,36,0.001,0,0.4591221076558273,0.9748043624365873,0.47098897517058863,0.4848817462478855,0.6406506154146989
462,rff,36,0.01,0,0.24177900634394858,0.48223637654471746,0.5013703198342786,0.19524468583924096,0.20530917404637178
462,rff,36,0.1,0,0.10480149621010662,0.18220972433236532,0.5751696107005804,0.07115311621344117,0.2324389207915636
462,rff,36,1.0,0,0.04212532412383906,0.09295801604076084,0.4531650514719212,0.05368694513334176,0.32402326339371795
462,rff,360,0.001,0,0.3463662786168084,0.7427501442116466,0.46632946666666863,0.21396788276471532,0.3767729944182847
462,rff,360,0.01,0,0.21263506782796573,0.41679204798840774,0.5101706446997275,0.2189626975304515,0.19151732364326665
462,rff,360,0.1,0,0.08926629202703042,0.15567850734226657,0.5734015154113358,0.0842380845821489,0.2515298604491337
462,rff,360,1.0,0,0.039449257569496646,0.09020891879609541,0.43730994779647175,0.056086732043295146,0.3286535537767751
462,rff,3600,0.001,0,0.37060521932402185,0.7243133366804912,0.5116642212091465,0.45422511721208114,0.3186257755980125
462,rff,3600,0.01,0,0.20736713686810734,0.3985446862861105,0.5203108810720435,0.27190805472274765,0.18496289864617924
462,rff,3600,0.1,0,0.08520920835062536,0.1497961393137216,0.5688344755813078,0.09206082483677855,0.25713925180240876
462,rff,3600,1.0,0,0.0389009091961974,0.08994258204080467,0.43250825486140754,0.05702900320865778,0.32965930637068613
462,rff,36,0.001,1,0.5127127725726238,0.9321720627495295,0.5500194578459358,1.2936514284336007,0.5042517725471954
462,rff,36,0.01,1,0.2319659100967915,0.4047833393452692,0.5730619013914772,0.4406382562691798,0.15158409102758041
462,rff,36,0.1,1,0.08931286514653328,0.1441321243791424,0.6196596735894492,0.1401902165609627,0.24798330282828412
462,rff,36,1.0,1,0.03962320142818767,0.08938923165552809,0.4432659358890155,0.06385023163101922,0.3281722059336324
462,rff,360,0.001,1,0.41851029968592324,0.7960668493820274,0.5257225571078677,0.5576085147703315,0.3697108762190057
462,rff,360,0.01,1,0.2282606218040256,0.41950716076317845,0.5441161514114988,0.2766443432331496,0.16942610175251574
462,rff,360,0.1,1,0.08664324671869157,0.1489176148910729,0.5818200001528867,0.09084539277177993,0.2542551907520421
462,rff,360,1.0,1,0.03885567006361355,0.08980738056765972,0.43265564386815836,0.05694082636398524,0.32972196453591307
462,rff,3600,0.001,1,0.3475584670164786,0.6722967380948972,0.516971818131028,0.4160747517175174,0.2755210339775495
462,rff,3600,0.01,1,0.20660082214077818,0.3861140281425738,0.535077223520328,0.25157755322699277,0.1764244741187967
462,rff,3600,0.1,1,0.0860461300695684,0.14908788456945155,0.5771503856135568,0.08622583554284388,0.25539704964882964
462,rff,3600,1.0,1,0.038983071900443304,0.08996676071750973,0.4333052739649906,0.05623993948025156,0.32950573009053347
462,rff_ens,36,0.001,-1,0.4859174401142256,0.9143390111037512,0.5314412206120864,0.8892665873407434,0.49815488156751975
462,rff_ens,36,0.01,-1,0.2368724582203701,0.4262925793209956,0.5556570058002502,0.31794147105421044,0.1619471841693915
462,rff_ens,36,0.1,-1,0.09705718067831995,0.15950638229638883,0.6084846216245561,0.10567166638720192,0.23860619692048918
462,rff_ens,36,1.0,-1,0.040874262776013366,0.09102227185195266,0.4490578178766531,0.05876858838218048,0.32606540974116993
462,rff_ens,360,0.001,-1,0.38243828915136585,0.7610379377679882,0.5025219771211417,0.3857881987675233,0.3584193853910675
462,rff_ens,360,0.01,-1,0.22044784481599566,0.4167354589599076,0.5289874909281574,0.24780352038180056,0.17922818136917407
462,rff_ens,360,0.1,-1,0.08795476937286098,0.15211582920134845,0.578209183322003,0.08754173867696442,0.2528239041659483
462,rff_ens,360,1.0,-1,0.0391524638165551,0.09000059797776644,0.43502448535094446,0.056513779203640195,0.32918627138877526
462,rff_ens,3600,0.001,-1,0.35908184317025027,0.6971491511996676,0.5150717641301512,0.43514993446479916,0.2946511987350841
462,rff_ens,3600,0.01,-1,0.20698397950444272,0.39212766492073947,0.5278484484033542,0.2617428039748702,0.18049669032142512
462,rff_ens,3600,0.1,-1,0.08562766921009687,0.14941461606295836,0.5730876367143106,0.08914333018981122,0.25625966277002454
462,rff_ens,3600,1.0,-1,0.03894199054832036,0.08995391627317646,0.43291045194807765,0.05663447134445468,0.3295823805467297
462,linlev,11,0.0,0,0.3161094808026346,0.8989848580981704,0.3516293716797119,0.5030549255795366,0.6737381933004528
462,linlev,11,0.001,0,0.25614760450989127,0.8314433900288197,0.3080758204127555,0.3061874273669761,0.6424726730616124
462,linlev,11,0.01,0,0.18627918898415044,0.6650537936537014,0.2800964234197684,-0.049780663921313965,0.5022962826960955
462,linlev,11,0.1,0,0.17991155061907868,0.4154841220794265,0.43301666912962244,-0.04816052690821715,0.24303029647073895
462,linlev,11,1.0,0,0.09388735665834202,0.1711667939517029,0.5485138471708108,0.046685878766384234,0.2481963697379347
462,rff_lev,36,0.001,0,0.15189884074581697,0.7603767995899409,0.19976785302725386,0.23471635636461932,0.6953066296455535
462,rff_lev,36,0.01,0,0.12830959587577573,0.30155529687116445,0.4254927610526912,0.1060167815877529,0.24863793367593287
462,rff_lev,36,0.1,0,0.056877591378541814,0.11608310820220528,0.48997302242688645,0.0586822248457806,0.30081334161644896
462,rff_lev,36,1.0,0,0.034670630211536074,0.08787733572237476,0.39453438052638257,0.05283499513249752,0.3374413942724792
462,rff_lev,360,0.001,0,0.21496475990941263,0.47130963668052156,0.4561009221526422,0.1768733746424516,0.2362712777746347
462,rff_lev,360,0.01,0,0.16578368296275897,0.2950646976355419,0.5618553635566791,0.18595237806489215,0.18083821536455577
462,rff_lev,360,0.1,0,0.06724485523329275,0.11993127954644388,0.560694887001951,0.09557457497129435,0.28227384786503157
462,rff_lev,360,1.0,0,0.035993835558961046,0.08746542462703627,0.41152073190570276,0.057785335946677015,0.3348162615481345
462,rff_lev,3600,0.001,0,0.22728768879667305,0.4787635548450471,0.47473891129878343,0.19538792375499336,0.22415703329567696
462,rff_lev,3600,0.01,0,0.16865368287276475,0.3063175491082624,0.5505844616599395,0.2024583833562841,0.18282531585533368
462,rff_lev,3600,0.1,0,0.06607082106348422,0.11873106879086344,0.5564745751582797,0.09215345030672756,0.2841789539278785
462,rff_lev,3600,1.0,0,0.03575304727901638,0.08739511643654921,0.40909662618246967,0.05709660071950126,0.3352682681712841
462,rff_lev,36,0.001,1,0.29482793277308383,0.6732333821011701,0.4379282736291567,0.5590115873359831,0.3483690071350858
462,rff_lev,36,0.01,1,0.17514341659480287,0.3442304445812809,0.5087969973366124,0.354518492210225,0.1967411581261445
462,rff_lev,36,0.1,1,0.06967928281491491,0.12463009827852412,0.559088725575705,0.13419782988163104,0.278887474183309
462,rff_lev,36,1.0,1,0.036278606961305054,0.08702227054118797,0.4168887657801833,0.06229938384900972,0.3341899749332098
462,rff_lev,360,0.001,1,0.19482803320821004,0.5270845487892806,0.36963336082556836,0.06605956843157623,0.3239781936423821
462,rff_lev,360,0.01,1,0.15164304458408687,0.3210503135370463,0.4723342049207768,0.13907478869463247,0.22064100358741667
462,rff_lev,360,0.1,1,0.06346363865059086,0.12006858987757292,0.5285615389945123,0.08253411620040645,0.2893749983674032
462,rff_lev,360,1.0,1,0.035475817742717845,0.08713509224670246,0.4071358258539101,0.05603043244046255,0.33575759842254355
462,rff_lev,3600,0.001,1,0.22598231118827874,0.48269446196761817,0.46816843571625416,0.18959351794651833,0.22995550217027022
462,rff_lev,3600,0.01,1,0.16905100725465685,0.31194441054065136,0.5419267072670526,0.20670399357244607,0.1856437197746781
462,rff_lev,3600,0.1,1,0.06578623178776388,0.11878220802036585,0.5538391050660085,0.09212745271563218,0.28472275362212246
462,rff_lev,3600,1.0,1,0.03569769503476903,0.08732140998092057,0.4088080465325612,0.05705090498725038,0.33536213996493663
462,rff_lev_ens,36,0.001,-1,0.22336338675945042,0.6131391929552074,0.36429474632486614,0.3968639718503013,0.37696227492613726
462,rff_lev_ens,36,0.01,-1,0.15172650623528933,0.2897045821688857,0.5237283618346052,0.2302676368989889,0.20135484111606067
462,rff_lev_ens,36,0.1,-1,0.06327843709672835,0.1158476585272675,0.5462211140144388,0.0964400273637058,0.2887261423568216
462,rff_lev_ens,36,1.0,-1,0.03547461858642057,0.08736177977682215,0.40606565796902755,0.057567189490753616,0.3357994679194081
462,rff_lev_ens,360,0.001,-1,0.2048963965588113,0.47658090559027094,0.42992993247397554,0.12146647153701394,0.2571772757410291
462,rff_lev_ens,360,0.01,-1,0.15871336377342293,0.3035349853677136,0.5228832636249546,0.16251358337976238,0.1977548675982305
462,rff_lev_ens,360,0.1,-1,0.06535424694194181,0.1194022033697477,0.5473454014877942,0.0890543455858504,0.2856777458416386
462,rff_lev_ens,360,1.0,-1,0.03573482665083944,0.0872883420173945,0.40938830804826537,0.05690788419356978,0.3352847551488556
462,rff_lev_ens,3600,0.001,-1,0.22663499999247586,0.4788777394194395,0.4732627586056381,0.19249072085075586,0.22527548851073365
462,rff_lev_ens,3600,0.01,-1,0.1688523450637108,0.3088529832615722,0.5467078325764697,0.2045811884643651,0.18405476553828912
462,rff_lev_ens,3600,0.1,-1,0.06592852642562405,0.11871773490673172,0.5553384797765853,0.09214045151117986,0.28444159428941446
462,rff_lev_ens,3600,1.0,-1,0.035725371156892706,0.08735745271516529,0.40895619144685486,0.05707375285337583,0.33531506033801795
463,ff,6,0.0,0,0.29854400634118444,0.6996793749946839,0.4266868754612822,-0.5544781141707736,0.37695167715444533
463,fm,6,0.0,0,0.16999263490726935,0.6254088353191009,0.2718104147354017,-0.45947918354005796,0.4754083757249893
463,linrank,6,0.0,0,0.2823800399015399,0.7716524926696866,0.3659419785253198,-0.23326910739343545,0.505785914896674
463,linrank,6,0.001,0,0.16202721593858999,0.6864417672663202,0.2360392733441116,-0.31717225293477835,0.5687606249969571
463,linrank,6,0.01,0,0.061206955186467224,0.4235699577014776,0.14450258823503362,-0.24232386434694228,0.45610382837911295
463,linrank,6,0.1,0,0.005935498329429563,0.12643616614291958,0.0469446243942596,-0.04404674030324536,0.39951027591209715
463,linrank,6,1.0,0,0.0004561242495374998,0.01865676654128371,0.024448194092378635,-0.0030172888665496674,0.39479597280964956
463,rff,36,0.001,0,0.1404106036982231,0.6720621047379906,0.20892504235596418,-0.05020563551514242,0.5859213411809288
463,rff,36,0.01,0,0.11455744391090046,0.3892185073426564,0.2943268157853745,-0.16664696701718762,0.3308595049132613
463,rff,36,0.1,0,0.0785718390129632,0.22308598214090256,0.35220428580463975,-0.037323887455156156,0.29415714960934136
463,rff,36,1.0,0,0.06527216981427938,0.1759802271918279,0.370906270868313,-0.019226462828525543,0.30004509520781036
463,rff,360,0.001,0,0.03362381582006436,0.5585481248883035,0.060198601198040595,0.19817725629584457,0.6412188754880304
463,rff,360,0.01,0,0.09669173603712762,0.3456720060321809,0.2797210487103371,-0.0659818338492036,0.33081489381954815
463,rff,360,0.1,0,0.07397219149957797,0.20639673360644156,0.3583980725229332,-0.027184334817952488,0.2954870520811203
463,rff,360,1.0,0,0.06466298915730788,0.17396236757219713,0.37170676658255825,-0.01817530103485683,0.3004781675050842
463,rff,3600,0.001,0,-0.024942570232340904,0.5453723493932962,-0.04573493735076314,0.3363323746266917,0.7432982100788582
463,rff,3600,0.01,0,0.08894467761961579,0.33250165318328273,0.26750145982157686,-0.03834856152552433,0.3359390881288594
463,rff,3600,0.1,0,0.07497744779190799,0.20329346983215296,0.3688138524754991,-0.02355208116645329,0.2923548952915864
463,rff,3600,1.0,0,0.06486979111697855,0.17377442924570516,0.37329882997490443,-0.01761005546882986,0.3000259981468915
463,rff,36,0.001,1,-0.01690431810382411,0.53359948777846,-0.03167978697693662,0.05567844443481864,0.714182743857256
463,rff,36,0.01,1,0.03709413260930396,0.3099131758708616,0.11969201536871991,-0.015666977362999296,0.41859382435540987
463,rff,36,0.1,1,0.05227557275824504,0.19801643746015288,0.26399612794147215,0.01708497130030145,0.3327520378167408
463,rff,36,1.0,1,0.06140195478092249,0.17377703925297655,0.35333755854555887,-0.010875814002711126,0.3065246881822216
463,rff,360,0.001,1,0.02216766563627513,0.6019862988170744,0.03682420294255105,0.5546061648436108,0.7139035164123091
463,rff,360,0.01,1,0.0875612665998698,0.343600766041438,0.25483431718924043,0.05126348630807354,0.3459658669547146
463,rff,360,0.1,1,0.07308589447643594,0.20228294790480178,0.36130526687218123,0.00243207796092141,0.2954480883532231
463,rff,360,1.0,1,0.06458157665894701,0.1738412333754194,0.37149746009613066,-0.014175497064481487,0.30058833946896607
463,rff,3600,0.001,1,0.010725548133245628,0.5378621940632535,0.019941070875831596,0.42701629152884135,0.6633196192404219
463,rff,3600,0.01,1,0.0922385860597684,0.3290810604377673,0.2802913845514719,-0.006472660766093349,0.3276850672992317
463,rff,3600,0.1,1,0.07314717916423541,0.20320796620997267,0.3599621635337524,-0.016050357889153266,0.2957095673440249
463,rff,3600,1.0,1,0.0645676808860723,0.17386792065967488,0.3713605168860081,-0.01672838624206932,0.3006236157989977
463,rff_ens,36,0.001,-1,0.06175314279719951,0.5297145670603207,0.11657814724617047,0.0027364044598381515,0.556264625928453
463,rff_ens,36,0.01,-1,0.07582578826010224,0.3268496114948259,0.2319898375075859,-0.09115697219009346,0.35628858050099765
463,rff_ens,36,0.1,-1,0.06542370588560414,0.20655924855702523,0.3167309444754418,-0.010119458077427344,0.31145951100665836
463,rff_ens,36,1.0,-1,0.06333706229760094,0.17476978886839267,0.36240280833259925,-0.01505113841561833,0.30324187628800847
463,rff_ens,360,0.001,-1,0.027895740728169763,0.5703852872559906,0.048906837801463265,0.37639171056972776,0.6656860051341502
463,rff_ens,360,0.01,-1,0.0921265013184987,0.34299119565477665,0.2685972773809178,-0.0073591737705650554,0.33723718822650084
463,rff_ens,360,0.1,-1,0.07352904298800696,0.20410700255355868,0.3602475273660078,-0.012376128428515537,0.2953680409997343
463,rff_ens,360,1.0,-1,0.06462228290812745,0.17389569950081982,0.3716151871129096,-0.016175399049669175,0.3005311262585002
463,rff_ens,3600,0.001,-1,-0.007108511049547638,0.539544243525586,-0.013175028989463291,0.38167433307776644,0.7007354820716514
463,rff_ens,3600,0.01,-1,0.09059163183969209,0.3306007827905727,0.2740212260691458,-0.02241061114580885,0.33168039598335125
463,rff_ens,3600,0.1,-1,0.07406231347807171,0.20322569548782551,0.3644338049885454,-0.019801219527803275,0.2940212209497088
463,rff_ens,3600,1.0,-1,0.06471873600152542,0.173820578316269,0.372330690810203,-0.017169220855449585,0.3003245745544041
463,linlev,11,0.0,0,0.23138581693386634,0.8661258451737344,0.26715034336315546,-0.42054742257068584,0.7363016804099535
463,linlev,11,0.001,0,0.1471483305881001,0.79181158739718,0.18583755647199077,-0.4226510701650746,0.7496814982767243
463,linlev,11,0.01,0,0.06162348827259574,0.5981995535908456,0.10301493523805728,-0.4286026281784335,0.633753121999596
463,linlev,11,0.1,0,0.0550954333112684,0.34191839118200973,0.1611362089088096,-0.22930536827351694,0.40511276469933105
463,linlev,11,1.0,0,0.0013594302579616436,0.08332979357531334,0.016313856060773662,0.0007295030496493052,0.39958678035362494
463,rff_lev,36,0.001,0,0.41868636979037743,0.8727821816891992,0.47971461674440224,-1.039734937852291,0.4950342116632656
463,rff_lev,36,0.01,0,0.1897031723401719,0.3669733577380496,0.5169399040558811,-0.16045207420288754,0.18661033252673728
463,rff_lev,36,0.1,0,0.08514648577559893,0.19534589852718307,0.43587547226516504,-0.02035088831682008,0.2704769108817466
463,rff_lev,36,1.0,0,0.06565714729702153,0.1730838368985652,0.3793372533999204,-0.017530081342084593,0.29831451931428643
463,rff_lev,360,0.001,0,0.2251266906463244,0.550319726931083,0.40908344663886126,-0.1115186568018045,0.2986403857198364
463,rff_lev,360,0.01,0,0.15216943625318305,0.3150932458527956,0.48293461778699365,-0.06709374630011417,0.21346035672691333
463,rff_lev,360,0.1,0,0.08698049042373077,0.18612653378116478,0.46731913315484963,-0.024805487009723015,0.2636076497658999
463,rff_lev,360,1.0,0,0.06616056493443252,0.17145395646663134,0.3858794879855036,-0.01830069318292477,0.2968124879932574
463,rff_lev,3600,0.001,0,0.20353862806331813,0.4883414873215997,0.41679569184191956,-0.15794563831271308,0.2681880635483513
463,rff_lev,3600,0.01,0,0.1600641320673283,0.31498473428024193,0.5081647287862504,-0.1396381187392323,0.2000675833910227
463,rff_lev,3600,0.1,0,0.08841305636640018,0.18600794306091728,0.4753187144134219,-0.04287033449170249,0.26094964900661893
463,rff_lev,3600,1.0,0,0.0662584405838639,0.17155057456569398,0.38623269407058,-0.020446136137744802,0.2966628377363149
463,rff_lev,36,0.001,1,0.14194236736960963,0.6080188037187088,0.23345062110164153,-0.7658403912686372,0.5013097049124173
463,rff_lev,36,0.01,1,0.13881090435704202,0.3425238047902685,0.4052591452498831,-0.29443715246407703,0.25432915362395536
463,rff_lev,36,0.1,1,0.09071927349351092,0.1845472948276252,0.491577368165957,-0.07053015639680797,0.25620908194598063
463,rff_lev,36,1.0,1,0.06672172362709536,0.17025023934629216,0.3919038462635117,-0.023699970305277093,0.29535342346866716
463,rff_lev,360,0.001,1,0.28575936648742306,0.6126440756271014,0.4664361867776494,0.11483272932659838,0.28083238428305063
463,rff_lev,360,0.01,1,0.195117377685582,0.3579701873814859,0.5450659986878935,-0.15234694579132796,0.17133862907928785
463,rff_lev,360,0.1,1,0.09706949445264769,0.19009561865238048,0.5106350958574928,-0.06147499661233064,0.24677978040044612
463,rff_lev,360,1.0,1,0.06730329615809211,0.17148517934522384,0.3924729613082253,-0.022949150074329176,0.29469024641424085
463,rff_lev,3600,0.001,1,0.22933545139188835,0.5160240489826582,0.44442783595846624,-0.08824865456851999,0.25556460393141894
463,rff_lev,3600,0.01,1,0.17177739101285114,0.32983674695771753,0.5207951891269157,-0.1563601461336099,0.19010490800274668
463,rff_lev,3600,0.1,1,0.09047347252125058,0.1864426091157169,0.4852617808255279,-0.051350102717108465,0.25735928900304594
463,rff_lev,3600,1.0,1,0.06647153500614826,0.17143822846949297,0.38772877904519826,-0.021517577083130346,0.29622639945615276
463,rff_lev_ens,36,0.001,-1,0.28031436857999353,0.6165844838100921,0.4546244285095087,-0.9027876645604641,0.2934837720693887
463,rff_lev_ens,36,0.01,-1,0.16425703834860694,0.3203602248545749,0.5127260677356879,-0.22744461333348232,0.1964569099403332
463,rff_lev_ens,36,0.1,-1,0.08793287963455493,0.1867812032869772,0.4707801325139327,-0.04544052235681403,0.262113588274664
463,rff_lev_ens,36,1.0,-1,0.06618943546205844,0.17162028045691438,0.38567374022369943,-0.020615025823680855,0.2968156294283967
463,rff_lev_ens,360,0.001,-1,0.25544302856687373,0.5687413468917984,0.4491374329699843,0.001657036262396944,0.27319174169558413
463,rff_lev_ens,360,0.01,-1,0.17364340696938252,0.3337244384899127,0.5203197217294326,-0.1097203460457211,0.1895971580121947
463,rff_lev_ens,360,0.1,-1,0.09202499243818922,0.1877421972343218,0.4901668021032717,-0.04314024181102683,0.25502568530085895
463,rff_lev_ens,360,1.0,-1,0.0667319305462623,0.17146351621092132,0.3891902605343388,-0.020624921628626964,0.29574896517493704
463,rff_lev_ens,3600,0.001,-1,0.21643703972760325,0.49882060737385125,0.4338975505985664,-0.12309714644061667,0.25815284937327715
463,rff_lev_ens,3600,0.01,-1,0.16592076154008975,0.32181937091148527,0.5155710828411425,-0.14799913243642107,0.1946158218453456
463,rff_lev_ens,3600,0.1,-1,0.08944326444382536,0.18618476640889126,0.48040055139309185,-0.047110218604405486,0.2591382742310684
463,rff_lev_ens,3600,1.0,-1,0.06636498779500608,0.171493842591681,0.3869817527677544,-0.020981856610437565,0.296444412383497
464,ff,6,0.0,0,0.17633099698166943,0.5592813065071798,0.31528140656602793,0.5716023188774585,0.3843326523169392
464,fm,6,0.0,0,0.2926654088024537,0.603497333037316,0.4849489679258571,0.5510434978435058,0.2576377008631038
464,linrank,6,0.0,0,0.397470854402578,0.7848391802636915,0.506436050082305,1.017210222092353,0.37212035614669325
464,linrank,6,0.001,0,0.2585007546859014,0.6555929985268782,0.3943006640808463,0.8794452101208428,0.37272975649419177
464,linrank,6,0.01,0,0.1693078463045844,0.4302876858702209,0.393475927534792,0.5515433653231575,0.2683033927980285
464,linrank,6,0.1,0,0.06042743441430404,0.14644928108605032,0.41261680471342316,0.15632033923790117,0.2973504439072585
464,linrank,6,1.0,0,0.009054420687518898,0.021916531319636303,0.4131320123365741,0.02134326527106878,0.375559921479384
464,rff,36,0.001,0,0.5134963909364397,0.9770295609482703,0.5255689402458389,1.3776772417266114,0.5843789705739901
464,rff,36,0.01,0,0.28487032593947986,0.4867396441010316,0.5852622226110472,0.6413676532292258,0.1414323778368553
464,rff,36,0.1,0,0.13088790855422194,0.22708080670873762,0.576393533435451,0.20736193756905041,0.20002796624809618
464,rff,36,1.0,0,0.06708460914648376,0.15976071223972524,0.41990679814835513,0.05381558800100046,0.28896105764206387
464,rff,360,0.001,0,0.41701478259249397,0.7770633329949945,0.5366548193507159,0.9402497106320521,0.3368056331763174
464,rff,360,0.01,0,0.26254372578658913,0.43918134151382826,0.5978025498114714,0.543444181676698,0.1298284530859619
464,rff,360,0.1,0,0.11863784006567094,0.20710670182409455,0.572834384502128,0.16960634872483074,0.21279888887991086
464,rff,360,1.0,0,0.06478923064545448,0.15747991400327432,0.41141266208786087,0.047170502581325845,0.29252555240655015
464,rff,3600,0.001,0,0.41812093883866536,0.7623296100039695,0.5484778937505631,0.8939098621200321,0.31283612208215106
464,rff,3600,0.01,0,0.25615604086111243,0.4288320981676188,0.5973341127113764,0.5236804103139797,0.13030724994160797
464,rff,3600,0.1,0,0.11519237757769005,0.20312544574197955,0.5670996913110206,0.1572100575266349,0.2172509213798495
464,rff,3600,1.0,0,0.06433044526399757,0.15725704430100243,0.40907830583960364,0.04527338074665013,0.29331373961750706
464,rff,36,0.001,1,0.4914242215489831,0.8602304111451294,0.5712704586842082,1.0961805565418696,0.39175212866132675
464,rff,36,0.01,1,0.28175876371227926,0.44428154748347315,0.6341896603814283,0.553163301050391,0.10636301291377381
464,rff,36,0.1,1,0.12434295097286224,0.2076666123209291,0.5987623604159439,0.17282189425971706,0.20300713535911682
464,rff,36,1.0,1,0.06592791372333863,0.15793858382637163,0.4174275349702761,0.04836887967157592,0.29054170459766515
464,rff,360,0.001,1,0.4740114230976548,0.8594757428987478,0.5515122759590163,0.9820958355840178,0.4084689816384594
464,rff,360,0.01,1,0.28154429967116223,0.45960550520556903,0.6125781708059287,0.5552168695645432,0.12052225972561768
464,rff,360,0.1,1,0.11818750008661416,0.20500361280323548,0.5765142305079848,0.15607847740271397,0.21272621224122468
464,rff,360,1.0,1,0.06453945403350446,0.15742645594356008,0.40996574334775654,0.04476692020814137,0.2929759680662342
464,rff,3600,0.001,1,0.3952743262334663,0.7178995350621392,0.5505983872788726,0.8132831948178842,0.2741793289301744
464,rff,3600,0.01,1,0.2564979375642407,0.4229201948438587,0.606492526702205,0.5196771213494836,0.12476325402834565
464,rff,3600,0.1,1,0.1164484559732471,0.20375513360949912,0.5715117646872296,0.16014152485297295,0.21528593139963453
464,rff,3600,1.0,1,0.06448024891048938,0.1573669553760812,0.4097445283629728,0.045694384774591805,0.29306800929826804
464,rff_ens,36,0.001,-1,0.5024603062427114,0.8766851515110208,0.5731365535012087,1.2369288991342406,0.4092290477193484
464,rff_ens,36,0.01,-1,0.28331454482587953,0.45135538544116033,0.6276972735109041,0.5972654771398084,0.11046617160022525
464,rff_ens,36,0.1,-1,0.1276154297635421,0.21481717528446873,0.5940653003864755,0.19009191591438374,0.20030770315919816
464,rff_ens,36,1.0,-1,0.0665062614349112,0.15877491718630934,0.41887133442413677,0.05109223383628819,0.2897264802430964
464,rff_ens,360,0.001,-1,0.44551310284507434,0.8126329253643761,0.5482341275371175,0.9611727731080351,0.3609344364781112
464,rff_ens,360,0.01,-1,0.27204401272887574,0.4483654277914543,0.6067461848450324,0.5493305256206207,0.12405792221784163
464,rff_ens,360,0.1,-1,0.11841267007614255,0.20590844639238493,0.5750743699483412,0.16284241306377234,0.21270095455335253
464,rff_ens,360,1.0,-1,0.06466434233947946,0.15744928179850012,0.4106995065384633,0.0459687113947336,0.2927495148054526
464,rff_ens,3600,0.001,-1,0.40669763253606583,0.7390292650729267,0.5503132984807216,0.8535965284689581,0.29127839984789
464,rff_ens,3600,0.01,-1,0.2563269892126766,0.4256665081458821,0.6021779592883301,0.5216787658317317,0.12734796910594137
464,rff_ens,3600,0.1,-1,0.11582041677546857,0.20342402000639684,0.5693546748895558,0.15867579118980393,0.21626131328201967
464,rff_ens,3600,1.0,-1,0.06440534708724348,0.1573116769087507,0.4094123739117095,0.04548388276062098,0.2931907642261351
464,linlev,11,0.0,0,0.42390657886901223,0.8584969051508688,0.49377764360666687,1.0495285722514869,0.4620070119993761
464,linlev,11,0.001,0,0.3827381597774211,0.7561725000198137,0.5061519160871261,0.9019400168090833,0.3459154751565305
464,linlev,11,0.01,0,0.32409699168698153,0.6051696410882625,0.5355473402534956,0.5859825747653647,0.21618161711683537
464,linlev,11,0.1,0,0.2737543558404567,0.5023942682484182,0.5448994408214343,0.31218117552884506,0.17293918240492412
464,linlev,11,1.0,0,0.13036561508433822,0.2597303977375184,0.5019266755833668,0.1056249636178229,0.21683028891188158
464,rff_lev,36,0.001,0,0.2526073602435184,0.8911958225479907,0.2834476484879568,0.7300420410601158,0.7459321980645023
464,rff_lev,36,0.01,0,0.1792565307728529,0.38221244924042835,0.4689971012956009,0.2879573562705897,0.21281264460873067
464,rff_lev,36,0.1,0,0.08404876072743554,0.1799848497841763,0.4669768640428359,0.0785133329337385,0.2644676648521297
464,rff_lev,36,1.0,0,0.059862582495101534,0.15564106341722952,0.3846194646886146,0.034822100753149246,0.3011889503897765
464,rff_lev,360,0.001,0,0.2407816380018447,0.538350878145979,0.44725781600109965,0.1363726827391164,0.2593406351710593
464,rff_lev,360,0.01,0,0.1780522823310579,0.3103673415855361,0.5736824029920924,0.25824493832395373,0.1650323832794064
464,rff_lev,360,0.1,0,0.08762725066473846,0.17154495664193575,0.5108121648113622,0.09021289549724491,0.2549581518542182
464,rff_lev,360,1.0,0,0.06040954052635183,0.15445753262753342,0.3911077659904512,0.03640182122596698,0.29979380689463747
464,rff_lev,3600,0.001,0,0.2631428556536386,0.5219035476321227,0.504198250514905,0.34270681804529207,0.20844821018062035
464,rff_lev,3600,0.01,0,0.1834644967297455,0.32028214819175543,0.5728214880708988,0.3195394597088681,0.16241732852648402
464,rff_lev,3600,0.1,0,0.08650675354990016,0.1710373053113246,0.5057771074704392,0.09550510940584976,0.25683011709345277
464,rff_lev,3600,1.0,0,0.06017827740771172,0.15450741684087294,0.38948471625597936,0.0367688852865536,0.300243858090526
464,rff_lev,36,0.001,1,0.31027525626236147,0.6997258777003927,0.4434240123890552,0.8613789896994052,0.3584429720228867
464,rff_lev,36,0.01,1,0.17700086783474034,0.33922934892858286,0.5217734503036879,0.33933849366078817,0.18551056869463148
464,rff_lev,36,0.1,1,0.0865661068788369,0.16979237159303168,0.5098350771984246,0.08803670316117697,0.25629737252902124
464,rff_lev,36,1.0,1,0.06025176157212041,0.1539685922149131,0.3913250144420333,0.03584394619515564,0.2999395249922957
464,rff_lev,360,0.001,1,0.23213898201834032,0.5638526375495966,0.4117015095064113,0.34051519049936874,0.30064678578281817
464,rff_lev,360,0.01,1,0.1683916701004633,0.33139610137528674,0.5081280962619701,0.3154020990939679,0.1945022363403866
464,rff_lev,360,0.1,1,0.08443520467307948,0.17086092205637296,0.4941750498409541,0.0968655043307465,0.26055879510333047
464,rff_lev,360,1.0,1,0.059965375331080824,0.1542991338016031,0.38863066728672596,0.0369905575754776,0.3005797642437114
464,rff_lev,3600,0.001,1,0.2659530524459912,0.5380714423312986,0.49427089327338797,0.4249750335998355,0.22145224424119217
464,rff_lev,3600,0.01,1,0.1847024873055465,0.3265225124755245,0.5656653990110144,0.3430356639485516,0.1644334313344423
464,rff_lev,3600,0.1,1,0.08633940999886566,0.17046875963952587,0.5064823031588863,0.09946680758853402,0.25694171770960994
464,rff_lev,3600,1.0,1,0.060137449557436565,0.1543923359537854,0.3895105879830566,0.037211019159041084,0.3002850531010173
464,rff_lev_ens,36,0.001,-1,0.2814413082529399,0.6958874490987645,0.4044350973960389,0.7957105153797605,0.3936923812737828
464,rff_lev_ens,36,0.01,-1,0.1781286993037966,0.3293392363044586,0.5408669228197427,0.31364792496568894,0.1770432134530238
464,rff_lev_ens,36,0.1,-1,0.08530743380313623,0.1723760898287224,0.4948913383979183,0.08327501804745771,0.2594824529757944
464,rff_lev_ens,36,1.0,-1,0.06005717203361097,0.15476803012852777,0.38804636838587553,0.03533302347415245,0.30055210897066836
464,rff_lev_ens,360,0.001,-1,0.23646031001009254,0.5235086811297465,0.45168364639112485,0.23844393661924268,0.25016064338344124
464,rff_lev_ens,360,0.01,-1,0.1732219762157606,0.31614992842634815,0.5479108506460258,0.28682351870896083,0.17661912383190798
464,rff_lev_ens,360,0.1,-1,0.08603122766890897,0.170797522665224,0.5037030182079201,0.09353919991399572,0.25761715652033
464,rff_lev_ens,360,1.0,-1,0.06018745792871632,0.15437173318015796,0.38988652060073176,0.036696189400722286,0.3001846922148848
464,rff_lev_ens,3600,0.001,-1,0.2645479540498149,0.5279680845345952,0.5010680793006917,0.3838409258225638,0.2127464561547933
464,rff_lev_ens,3600,0.01,-1,0.18408349201764596,0.3230939826923383,0.5697521522489537,0.33128756182870983,0.1632159156254664
464,rff_lev_ens,3600,0.1,-1,0.0864230817743829,0.17072813683741359,0.5062029222323478,0.09748595849719188,0.2568773281979411
464,rff_lev_ens,3600,1.0,-1,0.06015786348257414,0.15444947197321435,0.3894986671952308,0.036989952222797336,0.30026432694179506
465,ff,6,0.0,0,0.29014891120958736,0.6712674482947524,0.4322404012687704,-0.8807177198542261,0.346848441019125
465,fm,6,0.0,0,0.27308498411377957,0.662316757697643,0.4123177934725408,-0.7882587794943573,0.3594288134700252
465,linrank,6,0.0,0,0.27152304364267893,0.6441503367803683,0.4215212321394134,-0.8409209364664411,0.33796821793993076
465,linrank,6,0.001,0,0.14418512547941625,0.5339287854347896,0.2700456117232998,-0.698320509330259,0.4098589329885948
465,linrank,6,0.01,0,0.03693458151670304,0.32153455918748075,0.11486970983783794,-0.3881635955334167,0.42323935865233836
465,linrank,6,0.1,0,-0.005179460382205475,0.0948179592170401,-0.054625309645713764,-0.08699738188619596,0.4117360785863888
465,linrank,6,1.0,0,-0.0011737468513527756,0.013679459232745411,-0.08580360022880885,-0.010312452992469653,0.3948958846113197
465,rff,36,0.001,0,0.17350491844101285,0.6307397935289055,0.27508161086567223,-0.433572071346303,0.47328669260412576
465,rff,36,0.01,0,0.10878449226354578,0.37405088274781356,0.29082805917848525,-0.3815170350939851,0.32653902973640725
465,rff,36,0.1,0,0.09172245417053486,0.2686877840791706,0.3413718806937209,-0.17860726504170557,0.28952111119341395
465,rff,36,1.0,0,0.08718657723639778,0.2391123393164297,0.3646260058583563,-0.08999977321191568,0.28276294121282103
465,rff,360,0.001,0,0.014198085073609356,0.5424420620049377,0.02617438076452138,-0.22542676696299194,0.6584086917267503
465,rff,360,0.01,0,0.07790023297506167,0.3333294456696026,0.23370342460616778,-0.2673481562660757,0.3537363853198928
465,rff,360,0.1,0,0.08519984351477344,0.25615988589783734,0.3326041593754971,-0.13149996379445428,0.2948370990706309
465,rff,360,1.0,0,0.08642874122168766,0.23773500640244485,0.36355075564840683,-0.08247405338474435,0.2834902637570035
465,rff,3600,0.001,0,-0.030254748010173388,0.5313875495086934,-0.05693537238150595,0.07168211633242909,0.7361574591924026
465,rff,3600,0.01,0,0.07048001041879977,0.32575073690107575,0.21636178351978125,-0.21528950621325646,0.3624808392446712
465,rff,3600,0.1,0,0.08568496035966428,0.2542583485499035,0.3369995945004214,-0.1194339291866394,0.2929791851418757
465,rff,3600,1.0,0,0.08655415308011376,0.23764702627389167,0.364213070271533,-0.08078336921223177,0.28321930997405487
465,rff,36,0.001,1,0.01612627249257508,0.5059268083550967,0.03187471433863309,-0.04229239788364108,0.6163293327137722
465,rff,36,0.01,1,0.030766773557209876,0.33287828184147994,0.09242649711783038,-0.06957886586715385,0.44258088338447943
465,rff,36,0.1,1,0.06302734919746387,0.2657036484803941,0.23720919738185145,-0.058342251449051766,0.34087606278976695
465,rff,36,1.0,1,0.08305704453964474,0.23947875856260353,0.3468242654929761,-0.07232938322556029,0.2904943449930996
465,rff,360,0.001,1,-0.0109565781899801,0.5678983457841532,-0.01929320321377459,0.030660779295403034,0.7369016197520135
465,rff,360,0.01,1,0.06209364023369846,0.33843246018887596,0.18347424534586484,-0.16598668043785111,0.38656475542161295
465,rff,360,0.1,1,0.08254769414333413,0.25790484922150825,0.3200703452940348,-0.10039630474212666,0.3005935303957249
465,rff,360,1.0,1,0.08614871852634032,0.23825865584029893,0.3615764481777504,-0.07821388766127423,0.28425123735591873
465,rff,3600,0.001,1,-0.013839777781774388,0.5327959735469212,-0.025975755202578634,0.06800447239753957,0.704102530062452
465,rff,3600,0.01,1,0.07041878073164315,0.32494258999600045,0.21671145272926487,-0.2023322244466348,0.36206881563179655
465,rff,3600,0.1,1,0.08385378088468395,0.25541717387884133,0.32830126342428523,-0.11673693845162134,0.29692171313358573
465,rff,3600,1.0,1,0.08628135963860004,0.23783041408357464,0.3627852222814547,-0.08050411608240808,0.2838049452290928
465,rff_ens,36,0.001,-1,0.09481559546679398,0.5091644858260174,0.18621800637366662,-0.23793223461497198,0.47096716545865014
465,rff_ens,36,0.01,-1,0.06977563291037785,0.33455877658338684,0.20856016279993383,-0.22554795048056947,0.3696068337383035
465,rff_ens,36,0.1,-1,0.07737490168399937,0.2641975805757931,0.2928675634173797,-0.11847475824537869,0.31339731924675535
465,rff_ens,36,1.0,-1,0.08512181088802125,0.2392237551550031,0.35582507612117054,-0.08116457821873797,0.2865899915653172
465,rff_ens,360,0.001,-1,0.0016207534418146278,0.5441396098396135,0.002978561774417321,-0.09738299383379453,0.6852089205765395
465,rff_ens,360,0.01,-1,0.06999693660438007,0.33281010633429203,0.21032094660632528,-0.21666741835196346,0.368028150425523
465,rff_ens,360,0.1,-1,0.08387376882905379,0.25672179932770894,0.32671073920757215,-0.11594813426829048,0.2975532393115813
465,rff_ens,360,1.0,-1,0.08628872987401398,0.23799082076438846,0.36257167228915965,-0.08034397052300928,0.2838678015453927
465,rff_ens,3600,0.001,-1,-0.022047262895973883,0.5311015040634511,-0.04151233375784204,0.0698432943649843,0.7190093008336544
465,rff_ens,3600,0.01,-1,0.07044939557522147,0.3251291456793936,0.21668126807890323,-0.2088108653299456,0.36213317317872623
465,rff_ens,3600,0.1,-1,0.0847693706221741,0.2548160397146529,0.33266889602828853,-0.11808543381913036,0.2949382046692336
465,rff_ens,3600,1.0,-1,0.08641775635935689,0.23773831074813753,0.36349949693597666,-0.08064374264731992,0.28351190591489217
465,linlev,11,0.0,0,0.33895041185736535,0.7539212236235929,0.44958332679408913,-1.0757612674674077,0.3977436550356851
465,linlev,11,0.001,0,0.25220354897967334,0.6201117476881779,0.40670661363843963,-0.8658067437655953,0.33609799740152496
465,linlev,11,0.01,0,0.1524492544604719,0.44290417179694297,0.3442036995089874,-0.5606523170683083,0.30686625728178873
465,linlev,11,0.1,0,0.14006550565089082,0.32341066435684485,0.4330887045095871,-0.32025932366585974,0.23644167801323665
465,linlev,11,1.0,0,0.056396709576327045,0.133700039547149,0.42181520489707014,-0.07713452328711777,0.30062275589533444
465,rff_lev,36,0.001,0,0.16503845423322067,0.7464650372072873,0.2210933479894395,-1.1287675023869659,0.6467307203041689
465,rff_lev,36,0.01,0,0.12613568941445027,0.35492480144283306,0.35538708171896144,-0.4338485915068748,0.28197033361643536
465,rff_lev,36,0.1,0,0.09395925450456286,0.2467593071351734,0.3807728899688168,-0.12866024119090191,0.27415987377780116
465,rff_lev,36,1.0,0,0.08739400685077461,0.2366089864289871,0.3693604717629944,-0.08098101056384967,0.28119339681287936
465,rff_lev,360,0.001,0,0.19163404131353318,0.5642665515525928,0.3396161632941871,-0.5730980307507292,0.3642121499861881
465,rff_lev,360,0.01,0,0.15287622090450187,0.339429544275813,0.4503916158231589,-0.32284075165143045,0.2251909982583672
465,rff_lev,360,0.1,0,0.1052848141784044,0.24176203348451392,0.4354894466303719,-0.12834893449962878,0.2513240301963824
465,rff_lev,360,1.0,0,0.08887996854627458,0.23562045199778647,0.377216696567196,-0.08145916952393105,0.2780165947379215
465,rff_lev,3600,0.001,0,0.17952767095396235,0.49697391088095705,0.36124164070448683,-0.48663608584155227,0.31251779644858574
465,rff_lev,3600,0.01,0,0.14893817738030665,0.33158493054261956,0.4491705251399029,-0.33376386650701456,0.22661467770575106
465,rff_lev,3600,0.1,0,0.10422095354211351,0.241963301945686,0.4307304153317771,-0.13039468318605174,0.25332622518350245
465,rff_lev,3600,1.0,0,0.0887126379549698,0.23577563595543732,0.3762587156025608,-0.08158614670232797,0.27839469235522374
465,rff_lev,36,0.001,1,0.06226602721260842,0.6592719040284357,0.0944466567316704,-0.21954441389943258,0.7063443327829461
465,rff_lev,36,0.01,1,0.1101057703565485,0.36147690432416885,0.30459973801758233,-0.22209188686602396,0.3149371779345391
465,rff_lev,36,0.1,1,0.1023592027551902,0.2465643526841363,0.41514193613510086,-0.11864866676973457,0.2589128665148877
465,rff_lev,36,1.0,1,0.08867590579421702,0.23600177703796746,0.3757425342604562,-0.08060127386787493,0.2785683290671121
465,rff_lev,360,0.001,1,0.2713396618465661,0.6384804814663994,0.4249772228328418,-0.2786767809615073,0.33096309923348444
465,rff_lev,360,0.01,1,0.1748259157649614,0.36331692096135443,0.48119398155847914,-0.31591360779924615,0.2052713399720164
465,rff_lev,360,0.1,1,0.10862523093030739,0.24194844901362844,0.4489602284005084,-0.13669406104791162,0.24544791653619102
465,rff_lev,360,1.0,1,0.08920910142614055,0.23548340614560154,0.37883391822089474,-0.08253523130789217,0.27735238111695554
465,rff_lev,3600,0.001,1,0.18900765905480552,0.49507490947555294,0.3817758796442073,-0.38218082897985395,0.2951676286860363
465,rff_lev,3600,0.01,1,0.14996277551585643,0.3279234323186569,0.4573103375245577,-0.31537057727754425,0.2224569460943978
465,rff_lev,3600,0.1,1,0.10384167178952051,0.24004589906249416,0.4325909011363119,-0.13011927619419283,0.25308166849976543
465,rff_lev,3600,1.0,1,0.08864567167734876,0.2355296577433198,0.37636734382705556,-0.08160734832563057,0.27840081705115893
465,rff_lev_ens,36,0.001,-1,0.11365224072291456,0.5636345157604387,0.20164173333064672,-0.6741559581431992,0.4956561033540571
465,rff_lev_ens,36,0.01,-1,0.1181207298854994,0.32369098310393224,0.3649181968333441,-0.3279702391864494,0.2748467852225173
465,rff_lev_ens,36,0.1,-1,0.09815922862987654,0.24448497796998042,0.4014939054534844,-0.12365445398031824,0.2654495669804839
465,rff_lev_ens,36,1.0,-1,0.08803495632249582,0.23627364978750615,0.37259743691973474,-0.0807911422158623,0.27986536409566404
465,rff_lev_ens,360,0.001,-1,0.23148685158004967,0.5807412975743536,0.39860580355990943,-0.42588740585611823,0.32023279962473133
465,rff_lev_ens,360,0.01,-1,0.16385106833473165,0.3484511080388887,0.4702268540826254,-0.31937717972533836,0.21292309624054162
465,rff_lev_ens,360,0.1,-1,0.1069550225543559,0.2416297857897951,0.4426400586532035,-0.13252149777377017,0.24827417074375607
465,rff_lev_ens,360,1.0,-1,0.08904453498620757,0.23554841616271813,0.37803070993563853,-0.08199720041591162,0.27768280121730265
465,rff_lev_ens,3600,0.001,-1,0.1842676650043839,0.49316016578013927,0.373646692880978,-0.4344084574107032,0.30098607709173725
465,rff_lev_ens,3600,0.01,-1,0.14945047644808154,0.32929491105475556,0.4538499425010268,-0.32456722189227943,0.22422951608299765
465,rff_lev_ens,3600,0.1,-1,0.10403131266581701,0.2409861894936189,0.4316899357777167,-0.1302569796901223,0.25319411783203616
465,rff_lev_ens,3600,1.0,-1,0.08867915481615928,0.23565239643782615,0.3763134012496925,-0.08159674751397926,0.27839762043552296
466,ff,6,0.0,0,0.12604060832676817,0.43251282920780737,0.29141472764547766,0.3576299049924242,0.34889655338488545
466,fm,6,0.0,0,0.27343519933279375,0.5222816687880426,0.5235397213294918,0.5765913559119467,0.1986987387822978
466,linrank,6,0.0,0,0.40524549176036173,0.6905232646324616,0.5868672534531592,0.9647644490567042,0.22857949173174455
466,linrank,6,0.001,0,0.25560596737426916,0.550739915135395,0.4641137501563337,1.0680426638105422,0.25546111759383766
466,linrank,6,0.01,0,0.1746824796951937,0.3827993021835938,0.45632914871776464,0.86151081602443,0.22570850273601872
466,linrank,6,0.1,0,0.06335877424369316,0.13704656643009847,0.4623156631655542,0.3372497741361066,0.2941027348182544
466,linrank,6,1.0,0,0.009397529901118381,0.0205833642372015,0.45655947165982147,0.05122534602585457,0.379741116311025
466,rff,36,0.001,0,0.5346886978960795,0.9622638173685425,0.5556570747492798,1.782805700710731,0.5404904497440238
466,rff,36,0.01,0,0.30495108927140796,0.48370717850408523,0.630445655602013,0.7361271770064336,0.11508981050308323
466,rff,36,0.1,0,0.13879693087158437,0.2387063326737123,0.5814547495114254,0.12152319877132699,0.19667562719643364
466,rff,36,1.0,0,0.07689227404609351,0.18666160932185816,0.4119340571713875,-0.10164392443348491,0.28499461777211654
466,rff,360,0.001,0,0.370946690460495,0.7663905812121984,0.484017809657537,0.6097774278825875,0.3810867768750735
466,rff,360,0.01,0,0.2707673961937147,0.43317189576047077,0.625080710091681,0.49699742793694485,0.1174422693925128
466,rff,360,0.1,0,0.12889357507153065,0.22465409288967944,0.5737423850756471,0.06946645955394756,0.2073200526654418
466,rff,360,1.0,0,0.07512852431828293,0.18536653087510513,0.4052971373181843,-0.10985289850608589,0.28777218496004625
466,rff,3600,0.001,0,0.3671226500483407,0.746533697825994,0.4917696965554951,0.49128937022159125,0.35587048973328544
466,rff,3600,0.01,0,0.26508229252278015,0.4287220191377512,0.618308089367361,0.4665826692578177,0.1219307941188208
466,rff,3600,0.1,0,0.12652850763425055,0.22284856154050828,0.5677779868067528,0.060421655668291184,0.21063811701802124
466,rff,3600,1.0,0,0.07481333629700698,0.18532780536465823,0.40368112140432105,-0.11106087061286936,0.2883409457968538
466,rff,36,0.001,1,0.41479797043140443,0.7736289048671988,0.5361717586064195,1.8515514435199318,0.33898728551892265
466,rff,36,0.01,1,0.2873624081070248,0.4495036833701843,0.6392882166226218,0.7807691715928008,0.10793008640407963
466,rff,36,0.1,1,0.14081143432538945,0.23868604323050557,0.5899441476324782,0.10822671483333707,0.19320020628072743
466,rff,36,1.0,1,0.07738363457824952,0.1874948196784617,0.4127241206501392,-0.10458822686219996,0.28439945281199797
466,rff,360,0.001,1,0.41674290591903584,0.8111797300006481,0.5137491612601105,0.6716028982086375,0.39622557982139317
466,rff,360,0.01,1,0.2873756220985017,0.4580317008427237,0.6274142631825806,0.4899475157619799,0.11565073061807377
466,rff,360,0.1,1,0.13058086037634106,0.2277317040791524,0.5733978099551533,0.05542450156365626,0.205775557048436
466,rff,360,1.0,1,0.07522411855474416,0.18593388769814623,0.4045745478998778,-0.11212160157935797,0.28780602915909476
466,rff,3600,0.001,1,0.3708866272374276,0.7342072885413018,0.5051524726406524,0.5158620031369249,0.33286816599756786
466,rff,3600,0.01,1,0.269894838724976,0.4308743974472944,0.6263886652907712,0.4634997114165469,0.11673048055769583
466,rff,3600,0.1,1,0.12833338507988407,0.22443220032912112,0.5718136029129872,0.062006831837618924,0.20819668777256245
466,rff,3600,1.0,1,0.07503024600067167,0.1854883835206918,0.40450105055932956,-0.11086345048972646,0.28799917389639523
466,rff_ens,36,0.001,-1,0.47474333416374204,0.8244477234538452,0.5758319425941376,1.8171785721153313,0.3536328013753484
466,rff_ens,36,0.01,-1,0.2961567486892164,0.4555976863561592,0.6500400628849959,0.7584481742996172,0.10098876189051813
466,rff_ens,36,0.1,-1,0.1398041825984869,0.2368736988464073,0.5902055959751706,0.11487495680233203,0.19407018114193372
466,rff_ens,36,1.0,-1,0.0771379543121715,0.1870305830966202,0.41243497739790475,-0.10311607564784242,0.28467898204628345
466,rff_ens,360,0.001,-1,0.3938447981897654,0.7807859220554298,0.5044209777155862,0.6406901630456122,0.37507497242325183
466,rff_ens,360,0.01,-1,0.27907150914610823,0.44461177727405915,0.6276745768119594,0.4934724718494621,0.11544170907736553
466,rff_ens,360,0.1,-1,0.12973721772393584,0.2260547371870576,0.5739194822384096,0.062445480558801905,0.20648224208128393
466,rff_ens,360,1.0,-1,0.07517632143651354,0.1856471024274006,0.4049420672531751,-0.1109872500427219,0.2877878707330867
466,rff_ens,3600,0.001,-1,0.36900463864288413,0.7393509246917226,0.49909268565092163,0.5035756866792579,0.3428191235584006
466,rff_ens,3600,0.01,-1,0.2674885656238781,0.4296040355052092,0.6226397880767456,0.46504119033718233,0.11915681647582259
466,rff_ens,3600,0.1,-1,0.12743094635706728,0.22362870632578902,0.5698326858423178,0.06121424375295507,0.20941073932996715
466,rff_ens,3600,1.0,-1,0.07492179114883932,0.1854078672121903,0.4040917587552796,-0.1109621605512979,0.2881699573771429
466,linlev,11,0.0,0,0.4593534439585395,0.7781750522049593,0.5902957729844478,0.8056578029160362,0.29587929809538144
466,linlev,11,0.001,0,0.3922302536036194,0.6691358050090912,0.5861743620165273,0.9452642405214521,0.21515097784158344
466,linlev,11,0.01,0,0.33391396118235805,0.5636733607834282,0.592389111165842,0.7737044210833361,0.15942245642636005
466,linlev,11,0.1,0,0.24673272743251673,0.4401675960176552,0.5605426879779225,0.35513141252210273,0.15918328416691485
466,linlev,11,1.0,0,0.09893325827688611,0.19506101824163205,0.5071913351458692,0.024960033957783526,0.2479942615386692
466,rff_lev,36,0.001,0,0.18064580456410814,0.7885093896980742,0.22909784832527955,0.016316715885883227,0.691112542882125
466,rff_lev,36,0.01,0,0.16977758300521295,0.3478240886779453,0.48811335537606243,0.21343931576773537,0.20827504600700728
466,rff_lev,36,0.1,0,0.09227186337087126,0.19535276667337773,0.472334561430329,-0.039502577110288206,0.2601572611368314
466,rff_lev,36,1.0,0,0.07001773620556005,0.183127374835705,0.38234445433609987,-0.12550730367650256,0.29642683404814607
466,rff_lev,360,0.001,0,0.20221672541073624,0.49897356768948176,0.4052654058352416,0.06476323038386601,0.2834569621288365
466,rff_lev,360,0.01,0,0.17364853562356686,0.3027810551558565,0.5735118914034476,0.1834436632594523,0.17255729770006725
466,rff_lev,360,0.1,0,0.09564764927849266,0.19376609682178375,0.4936242761109263,-0.028466802941723473,0.2534226621947631
466,rff_lev,360,1.0,0,0.07052293091507617,0.1828477922487298,0.38569200124190217,-0.12346283149122259,0.2953851247466329
466,rff_lev,3600,0.001,0,0.23087886174346842,0.4843991967631589,0.4766293240910427,0.08413088753539615,0.22421409479951437
466,rff_lev,3600,0.01,0,0.18248877225068927,0.31198981547057547,0.5849190044086559,0.18457411863937973,0.16368644011524716
466,rff_lev,3600,0.1,0,0.09552933252521942,0.194317752241999,0.49161402611455346,-0.041424470996659746,0.253850764820356
466,rff_lev,3600,1.0,0,0.07042387979213645,0.18300083440859113,0.38482818955294523,-0.1254866246504815,0.295625256316643
466,rff_lev,36,0.001,1,0.2701649325739468,0.7083575431314075,0.3813962810075257,-0.2636637257737439,0.4324538222176533
466,rff_lev,36,0.01,1,0.1789246631610899,0.3521336658530991,0.5081157540776933,-0.01823246439385911,0.1961870150539697
466,rff_lev,36,0.1,1,0.09494284302390751,0.19971424451717054,0.47539344653878585,-0.07507381061371006,0.2570384245184095
466,rff_lev,36,1.0,1,0.07038970322193262,0.18341784230521926,0.38376693530610595,-0.1290848905800089,0.2958415964134068
466,rff_lev,360,0.001,1,0.2447530542154264,0.5738733324959304,0.4264931655752832,-0.038255303196766115,0.2977527385286094
466,rff_lev,360,0.01,1,0.1723148066481731,0.32812908508741817,0.5251433490032316,0.10342691319605848,0.1907556634358552
466,rff_lev,360,0.1,1,0.09285148354293975,0.1929698817775312,0.4811708577921256,-0.06058788442022978,0.25817999384517776
466,rff_lev,360,1.0,1,0.0701047235855072,0.1827138913040441,0.38368578921484303,-0.12776408264878802,0.29611377883515
466,rff_lev,3600,0.001,1,0.2284324851746267,0.4762122663771177,0.47968626871473424,0.12271954291528604,0.22011874024353167
466,rff_lev,3600,0.01,1,0.18016622845602034,0.30919909539328744,0.5826867902923744,0.19189902706860268,0.16575568121775155
466,rff_lev,3600,0.1,1,0.09456337088549656,0.19250714088046555,0.4912200682686066,-0.04413487129913348,0.2548986762939043
466,rff_lev,3600,1.0,1,0.07028812048803335,0.18279539861456448,0.38451799673710735,-0.12596559092086626,0.29580252432202914
466,rff_lev_ens,36,0.001,-1,0.22540536856902746,0.6358786148455048,0.35447861165105027,-0.12367350494393015,0.40236264352122
466,rff_lev_ens,36,0.01,-1,0.17435112308315145,0.31498406205560303,0.5535236352764219,0.09760342568693811,0.1789352149647994
466,rff_lev_ens,36,0.1,-1,0.09360735319738939,0.19535468939443396,0.47916614383589223,-0.057288193861999105,0.2577352725079359
466,rff_lev_ens,36,1.0,-1,0.07020371971374635,0.18324193939688943,0.38312037050475617,-0.12729609712825576,0.2961229188497849
466,rff_lev_ens,360,0.001,-1,0.22348488981308134,0.50745649914415,0.44040206439369567,0.013253963593550029,0.2585120025339372
466,rff_lev_ens,360,0.01,-1,0.17298167113587,0.31186810550028327,0.5546629106505824,0.1434352882277554,0.1792452191672521
466,rff_lev_ens,360,0.1,-1,0.0942495664107162,0.19307169343672545,0.48815838683055945,-0.04452734368097662,0.25568471441539853
466,rff_lev_ens,360,1.0,-1,0.07031382725029169,0.18277607196859905,0.3846993016808656,-0.1256134570700053,0.295747659947969
466,rff_lev_ens,3600,0.001,-1,0.22965567345904755,0.4781635279276019,0.4802868894129027,0.1034252152253409,0.22009492853570212
466,rff_lev_ens,3600,0.01,-1,0.18132750035335476,0.31030591651181894,0.584350767112906,0.18823657285399117,0.16453861116162422
466,rff_lev_ens,3600,0.1,-1,0.09504635170535798,0.19339718583431137,0.4914567463602432,-0.04277967114789659,0.2543677647121118
466,rff_lev_ens,3600,1.0,-1,0.0703560001400849,0.18289786702154323,0.38467370497982784,-0.12572610778567386,0.29571378389827
467,ff,6,0.0,0,0.21057070174344453,0.5118251398191659,0.41141140862647296,-0.042025634415423715,0.2748706843613663
467,fm,6,0.0,0,0.22910086701351087,0.5489148337723465,0.417370515274737,-0.313630338102064,0.2853000616392634
467,linrank,6,0.0,0,0.18224222563997708,0.5488323431584493,0.3320544569060925,-0.7068749802041094,0.3596518120876721
467,linrank,6,0.001,0,0.060350374462133136,0.3986393068253417,0.1513909276602641,-0.4066871544119369,0.43156180938426236
467,linrank,6,0.01,0,-0.010191193870404439,0.23781586672386817,-0.04285329658948954,-0.2743019715519546,0.4667497283035577
467,linrank,6,0.1,0,-0.014619422415023925,0.08350542325522307,-0.17507153242420712,-0.09956234729933665,0.4261328217194507
467,linrank,6,1.0,0,-0.0022555477229460447,0.013172632793634108,-0.17122983372284356,-0.01447829710385192,0.39439679486075846
467,rff,36,0.001,0,0.0814348081825566,0.5375364227335946,0.15149635399295733,-0.44750963599016197,0.5224145110484663
467,rff,36,0.01,0,0.0597024514669802,0.3031978413129845,0.19690922339170175,-0.40285995413443376,0.36579550441868053
467,rff,36,0.1,0,0.04669067487329792,0.1603426159054943,0.29119317163203406,-0.20937134926240158,0.32421551751356503
467,rff,36,1.0,0,0.03803259642498284,0.10623499575785303,0.358004404797761,-0.09580907445476407,0.326374253529151
467,rff,360,0.001,0,-0.046848722024627636,0.5261936418507043,-0.08903323472296899,-0.49607609788725954,0.7624790891933234
467,rff,360,0.01,0,0.029598142553570145,0.2660201014485827,0.11126280454896745,-0.39430983133556613,0.40215355297481536
467,rff,360,0.1,0,0.03828653637926672,0.14390228867169366,0.2660592596036861,-0.18755995403930853,0.33530774845895894
467,rff,360,1.0,0,0.03691823217462275,0.10415689068337909,0.35444829365009073,-0.09107074190574442,0.3280822430591032
467,rff,3600,0.001,0,-0.044663166907393734,0.5356528102328427,-0.08338081319498561,-0.6222304530543589,0.7679521590679469
467,rff,3600,0.01,0,0.029931657589474775,0.2677403220904044,0.11179361164497345,-0.39890631766699214,0.4024245626847974
467,rff,3600,0.1,0,0.039644987184960616,0.14187711504085632,0.27943186731379516,-0.18016146822885798,0.3321179600759108
467,rff,3600,1.0,0,0.03714148740877979,0.10399613763287748,0.3571429502497007,-0.0899046331293553,0.3276188055765534
467,rff,36,0.001,1,-0.05302952931626767,0.49507149451720117,-0.10711489129056524,-0.23904672710635141,0.7436740679601553
467,rff,36,0.01,1,-0.021142167359032033,0.2940020857303185,-0.07191162371012996,-0.2997197806630646,0.5188756460370989
467,rff,36,0.1,1,0.01402647732935587,0.15989967891548362,0.0877204846469372,-0.20483749655154906,0.3874187883894539
467,rff,36,1.0,1,0.033198125431476634,0.10652036671989613,0.311659886778026,-0.09609541043235471,0.3357595468599719
467,rff,360,0.001,1,-0.004237028903613977,0.5604252174112193,-0.007560382316816772,-0.5791411320799926,0.7122755281961906
467,rff,360,0.01,1,0.02818105976226963,0.28024109411980863,0.10056005472995216,-0.41743897733916774,0.4126742171028728
467,rff,360,0.1,1,0.0364577374985135,0.14415662159592482,0.25290366196778385,-0.19147917140593454,0.3389019168410542
467,rff,360,1.0,1,0.03666313768929481,0.10454733967285762,0.3506845588230039,-0.09143334921177138,0.32865515018392644
467,rff,3600,0.001,1,-0.01847505760459263,0.5415746118850532,-0.034113596167823834,-0.5895846466559245,0.7203015968657442
467,rff,3600,0.01,1,0.032466643972686005,0.27106682660925463,0.11977357900561907,-0.4086110735010882,0.3993051131781088
467,rff,3600,0.1,1,0.037985961783696766,0.14295878763350542,0.2657126743483515,-0.18814752346159025,0.3356153183515006
467,rff,3600,1.0,1,0.03687066533433794,0.10419201231889058,0.3538722836208538,-0.09103603128854497,0.3281811843892007
467,rff_ens,36,0.001,-1,0.014202639433144437,0.46328538140476294,0.030656351361831296,-0.34327818154825673,0.5761368743885557
467,rff_ens,36,0.01,-1,0.01928014205397407,0.2785059991933742,0.06922702602390747,-0.3512898673987491,0.4290841250209931
467,rff_ens,36,0.1,-1,0.030358576101326893,0.1547650340540749,0.19615914077025698,-0.20710442290697534,0.3538638003706252
467,rff_ens,36,1.0,-1,0.035615360928229735,0.10619220933561102,0.3353858173877008,-0.09595224244355938,0.3310216110657868
467,rff_ens,360,0.001,-1,-0.02554287546412082,0.5323831106133943,-0.04797837300790996,-0.5376086149836261,0.7248770595462309
467,rff_ens,360,0.01,-1,0.0288896011579199,0.27080090425626235,0.10668207049479163,-0.405874404337367,0.40609563014985334
467,rff_ens,360,0.1,-1,0.0373721369388901,0.14360479584853972,0.2602429585868885,-0.18951956272262152,0.3369818337969197
467,rff_ens,360,1.0,-1,0.036790684931958785,0.10434048867454356,0.35260219114667407,-0.0912520455587579,0.3283662158753077
467,rff_ens,3600,0.001,-1,-0.031569112255993174,0.5373412093151486,-0.05875058846915649,-0.6059075498551417,0.742577502253504
467,rff_ens,3600,0.01,-1,0.031199150781080397,0.2690988491228947,0.11593936905628333,-0.40375869558404015,0.4006963697111862
467,rff_ens,3600,0.1,-1,0.03881547448432869,0.14237031626729274,0.27263741137903136,-0.18415449584522411,0.3338520927094552
467,rff_ens,3600,1.0,-1,0.037006076371558866,0.10409287619441113,0.35551017249675887,-0.09047033220895014,0.3278997174843449
467,linlev,11,0.0,0,0.2511589272039072,0.6242945009158581,0.40230840866842454,-0.642035876530228,0.34021366984480356
467,linlev,11,0.001,0,0.2009048684160675,0.5383276374741742,0.37320184666481243,-0.6223508038571841,0.3180567682542883
467,linlev,11,0.01,0,0.16632970885054257,0.4477538998530404,0.37147573456118305,-0.4871910026095262,0.2851968028434476
467,linlev,11,0.1,0,0.1494176599051128,0.3568372589276613,0.4187277425965292,-0.31089505534283973,0.24053024030492118
467,linlev,11,1.0,0,0.05804820699869837,0.1594836972780482,0.3639758043575799,-0.15520614803314645,0.30241532370046315
467,rff_lev,36,0.001,0,0.052415328903823985,0.7603012768390819,0.06894020896786908,-0.587640047987694,0.8656818341242062
467,rff_lev,36,0.01,0,0.049184885374560214,0.2829898760253832,0.17380439917274107,-0.413721124915434,0.37383974579767
467,rff_lev,36,0.1,0,0.04071298564430997,0.1196729670898966,0.3402020241858545,-0.14846315810679273,0.3242602886281733
467,rff_lev,36,1.0,0,0.037074833594884435,0.10109397743607174,0.3667363233218245,-0.08440901164700101,0.32715196203478447
467,rff_lev,360,0.001,0,0.06393701078943312,0.5451464469470679,0.11728410071732745,-0.48353690250432363,0.5631056620534542
467,rff_lev,360,0.01,0,0.08820108561234179,0.26861617244793196,0.3283535939349985,-0.2162862895641711,0.2932390020437092
467,rff_lev,360,0.1,0,0.05460703966192162,0.1253486745410275,0.4356411414948656,-0.1064707799464536,0.29918723333060787
467,rff_lev,360,1.0,0,0.03886602370445891,0.10142177758366559,0.38321181732786397,-0.07974348497618486,0.32377199102252824
467,rff_lev,3600,0.001,0,0.06813399633348244,0.4876019262063467,0.139732828505376,-0.3946729666143924,0.49583698089416567
467,rff_lev,3600,0.01,0,0.08340636827536849,0.26159099778351397,0.31884265506870946,-0.2249873934527841,0.29828082950414386
467,rff_lev,3600,0.1,0,0.05281518261846064,0.12344260783064215,0.42785212939539286,-0.10689267467662951,0.30210424937074976
467,rff_lev,3600,1.0,0,0.03859497215256573,0.10135013798828063,0.3808082842179116,-0.0796290756611354,0.32427857170518937
467,rff_lev,36,0.001,1,-0.04447375262821179,0.6735677337384162,-0.06602714233559684,-0.7776589354601668,0.9343260055273847
467,rff_lev,36,0.01,1,0.0466620159390939,0.3132320387094219,0.14896948642722072,-0.2537596522197307,0.3966747155919932
467,rff_lev,36,0.1,1,0.050649792625028944,0.1303782033313417,0.38848359105170466,-0.08815385575215093,0.3079713858114293
467,rff_lev,36,1.0,1,0.03849115832618713,0.10168543194482507,0.3785316892499664,-0.07684902750640307,0.3245462733513429
467,rff_lev,360,0.001,1,0.19133061104615198,0.6214591438126152,0.30787319319553325,-0.2970637457241346,0.4298647417239186
467,rff_lev,360,0.01,1,0.11533123433883623,0.2986352996532264,0.3861942458669762,-0.16090329942640882,0.26152896080003946
467,rff_lev,360,0.1,1,0.05723626753885786,0.12405683973418785,0.46137131706317813,-0.09215721541432084,0.2939006483935179
467,rff_lev,360,1.0,1,0.03906837287435665,0.10093606152265121,0.38706060336611464,-0.07787292147859913,0.3232847741906609
467,rff_lev,3600,0.001,1,0.07960298160486812,0.47402936384521605,0.16792837675528627,-0.3610894846785523,0.46154160292276886
467,rff_lev,3600,0.01,1,0.08360279638562533,0.2587357918188141,0.32312033753787794,-0.2130215415346976,0.2964351384249744
467,rff_lev,3600,0.1,1,0.052248568291635156,0.12168011334020194,0.4293928305733483,-0.10334629969915551,0.3027459199523597
467,rff_lev,3600,1.0,1,0.03850205716327618,0.10108934832413256,0.3808715537449436,-0.07917685460773388,0.32440444408846963
467,rff_lev_ens,36,0.001,-1,0.003970788137806096,0.5601208150167315,0.00708916367924567,-0.6826494917239304,0.6955166119624507
467,rff_lev_ens,36,0.01,-1,0.04792345065682706,0.24689018000705892,0.19410837099902822,-0.3337403885675823,0.3571116104577412
467,rff_lev_ens,36,0.1,-1,0.04568138913466946,0.12122700195858785,0.376825198978975,-0.11830850692947184,0.31512709071242156
467,rff_lev_ens,36,1.0,-1,0.03778299596053578,0.10132745202720972,0.37288015443623135,-0.08062901957670204,0.32583590906162874
467,rff_lev_ens,360,0.001,-1,0.12763381091779255,0.5518935131611878,0.2312652855561203,-0.3903003241142291,0.4553163113878319
467,rff_lev_ens,360,0.01,-1,0.10176615997558902,0.27946696402159354,0.36414379184985124,-0.18859479449529,0.2746329090090658
467,rff_lev_ens,360,0.1,-1,0.05592165360038974,0.12426816193305024,0.45000789204975655,-0.0993139976803872,0.29643359387546125
467,rff_lev_ens,360,1.0,-1,0.03896719828940778,0.10117108898466147,0.385161400163594,-0.07880820322739199,0.3235267288746727
467,rff_lev_ens,3600,0.001,-1,0.07386848896917528,0.478931483691105,0.1542360264142042,-0.3778812256464725,0.4768020354594217
467,rff_lev_ens,3600,0.01,-1,0.0835045823304969,0.25977598167546284,0.32144843334600065,-0.21900446749374086,0.29715450492926726
467,rff_lev_ens,3600,0.1,-1,0.0525318754550479,0.12253360246224897,0.428714037614558,-0.10511948718789252,0.30241742442572533
467,rff_lev_ens,3600,1.0,-1,0.03854851465792095,0.10121928490153978,0.38084160242209475,-0.07940296513443462,0.32434139596708905
468,ff,6,0.0,0,0.16220077040595024,0.5040532280516725,0.3217929404656494,0.42783633195064646,0.34778723848304405
468,fm,6,0.0,0,0.2307940677444005,0.5095500123097005,0.45293702711977496,0.3477443213330005,0.24312901392737124
468,linrank,6,0.0,0,0.16849292304733365,0.504687410222971,0.3338560059837701,0.5161518481539532,0.33792343372528616
468,linrank,6,0.001,0,0.06860837468364984,0.39660450534174824,0.17298939815252734,0.4175743536948609,0.41659552603215455
468,linrank,6,0.01,0,-0.0007656630559935522,0.22380295577750245,-0.0034211480958041916,0.06045980724215564,0.4434297080319984
468,linrank,6,0.1,0,-0.01053645829566544,0.0750407667035281,-0.1404097900184442,-0.06965979306267962,0.4186250828775499
468,linrank,6,1.0,0,-0.0016068982535406263,0.01190288017376658,-0.13500079225212724,-0.013452005592203095,0.3951680898508589
468,rff,36,0.001,0,0.11992018306885814,0.5165001643345698,0.23217840254389205,0.8898955292350982,0.43312293659253925
468,rff,36,0.01,0,0.05657131034216614,0.24240248826508926,0.23337759751170645,0.16763704483830336,0.3406266914519535
468,rff,36,0.1,0,0.02323480701566587,0.0896033938031348,0.25930722073668816,-0.061059963782602124,0.3539090430721125
468,rff,36,1.0,0,0.010989429363198862,0.031402102181920494,0.34995839767459697,-0.01539944937219563,0.3709380335181242
468,rff,360,0.001,0,0.009850762078483243,0.5806408095902439,0.016965328505646873,0.9909543747088702,0.7093492957835237
468,rff,360,0.01,0,0.024711011054923265,0.2284879282369053,0.10815018213698324,0.276068733482183,0.39520537797285255
468,rff,360,0.1,0,0.014355311428834146,0.07517111555974261,0.19096845007475236,-0.019445957110997086,0.3689561813883961
468,rff,360,1.0,0,0.009805234442302191,0.029217450377878002,0.33559514315890565,-0.008031250352188844,0.37314936580979724
468,rff,3600,0.001,0,0.02442198098204228,0.5766461519120537,0.04235176269027971,1.4782640949642698,0.6760832883713314
468,rff,3600,0.01,0,0.02795434533962745,0.23601159129190244,0.11844479835337038,0.39467442052508495,0.3923842586335976
468,rff,3600,0.1,0,0.015719488515884873,0.07439099275993553,0.2113090299334042,-0.000916020278725863,0.3661521777565894
468,rff,3600,1.0,0,0.010014090705556306,0.029108571855531624,0.3440254903351875,-0.005812470456446983,0.3727294422223645
468,rff,36,0.001,1,0.021223077978789487,0.4729310217069674,0.044875630915874896,0.7428308322214229,0.5734780470394603
468,rff,36,0.01,1,-0.0070688872062508465,0.22980342754638056,-0.030760582127627986,0.15008520450529192,0.45880739155625033
468,rff,36,0.1,1,-0.004307576330106509,0.08400095441226307,-0.05128008794954427,-0.07690222338186878,0.40749990088157323
468,rff,36,1.0,1,0.006830279822884364,0.03112988076096953,0.21941233489876166,-0.018169390828732295,0.37916519521823167
468,rff,360,0.001,1,0.06748591135436167,0.6424404787383299,0.10504616939283665,1.8364594579437183,0.6741223269094894
468,rff,360,0.01,1,0.03556408507270302,0.2437018935247549,0.14593274003055898,0.4764439638127849,0.38133727957455277
468,rff,360,0.1,1,0.0146030251653085,0.07287183659018251,0.2003932636888674,0.0022974243214086347,0.36812753524673736
468,rff,360,1.0,1,0.009777755362210885,0.02932932509605928,0.33337812343744094,-0.005680907033756387,0.3732103357514412
468,rff,3600,0.001,1,0.04724194168014671,0.5897264168645717,0.08010823379987,1.6517361411148506,0.6473351971066929
468,rff,3600,0.01,1,0.03115227147763538,0.23423872460570724,0.13299368637732223,0.4080370054851739,0.38534373383320325
468,rff,3600,0.1,1,0.01449890409304288,0.07392224211470214,0.19613723391324522,-0.005956615876086186,0.36848694057842746
468,rff,3600,1.0,1,0.009807921192306128,0.0291941509818115,0.3359550068236835,-0.006597418501108813,0.3731426840504004
468,rff_ens,36,0.001,-1,0.07057163052382381,0.45093170930304444,0.15650181406159844,0.8163631807282606,0.45898653310745824
468,rff_ens,36,0.01,-1,0.02475121156795765,0.21553282669769974,0.11483731711398654,0.15886112467179764,0.3893746313878165
468,rff_ens,36,0.1,-1,0.009463615342779681,0.08017632342814791,0.11803503750406745,-0.06898109358223546,0.37940060483360116
468,rff_ens,36,1.0,-1,0.008909854593041612,0.030855048683967313,0.2887648852640213,-0.01678442010046396,0.3750217430174253
468,rff_ens,360,0.001,-1,0.038668336716422454,0.5997958094571253,0.06446916785134117,1.4137069163262943,0.6757236125392473
468,rff_ens,360,0.01,-1,0.030137548063813142,0.23368229740766583,0.12896804078931695,0.376256348647484,0.38705062446274646
468,rff_ens,360,0.1,-1,0.014479168297071323,0.07350865991619004,0.19697227936925474,-0.00857426639479423,0.3684648654684557
468,rff_ens,360,1.0,-1,0.009791494902256538,0.02924764641687124,0.33477890024711193,-0.006856078692972617,0.37317834105418357
468,rff_ens,3600,0.001,-1,0.035831961331094495,0.5817460268050785,0.06159382218368026,1.5650001180395599,0.6598584791594886
468,rff_ens,3600,0.01,-1,0.029553308408631417,0.23478087946838347,0.12587612958750835,0.40135571300512934,0.3886988752499298
468,rff_ens,3600,0.1,-1,0.015109196304463876,0.07408661681616178,0.20393961762292062,-0.0034363180774060424,0.36730875466065327
468,rff_ens,3600,1.0,-1,0.009911005948931215,0.029148175276828305,0.3400214886456405,-0.0062049444787779,0.37293586492837544
468,linlev,11,0.0,0,0.25351807679159727,0.6065669009974285,0.41795567211912876,0.45262911424848234,0.3169686997278894
468,linlev,11,0.001,0,0.23009092546742801,0.546860378118395,0.4207489419129455,0.4277823206876934,0.28362628886874475
468,linlev,11,0.01,0,0.2255090886483815,0.5007401444806604,0.45035152690277486,0.14878636108505208,0.2423868967261227
468,linlev,11,0.1,0,0.20647556360138208,0.4391123929351345,0.47021119632094416,0.04551308983646041,0.21431075745631353
468,linlev,11,1.0,0,0.10096968418529503,0.24124713103498233,0.4185321655520695,-0.006760859629103402,0.2582657196518474
468,rff_lev,36,0.001,0,0.0723295001075059,0.8297407529837795,0.08717120359269598,0.7870167495139962,0.9408523061982286
468,rff_lev,36,0.01,0,0.049724823868294625,0.2923084694331952,0.17011078729505932,0.12507633568792287,0.38027718433987034
468,rff_lev,36,0.1,0,0.017968644765630974,0.06217163279591968,0.289016774332011,-0.0035995511355886604,0.36006092725331157
468,rff_lev,36,1.0,0,0.010104502372367818,0.026095481236516387,0.38721272394962425,-0.0038046242918430874,0.3723841030297724
468,rff_lev,360,0.001,0,0.17864399409328657,0.5826641101372703,0.30659858911028465,0.36993109151118986,0.40593318634643544
468,rff_lev,360,0.01,0,0.10366421052002833,0.25820594258173385,0.401478794343449,0.16932951019826714,0.2618981889525551
468,rff_lev,360,0.1,0,0.03253330671466329,0.06817659632807206,0.4771917119198797,0.024290087317928807,0.33244988356869404
468,rff_lev,360,1.0,0,0.011920721512737043,0.027053684278775247,0.4406320924684314,-0.00014037228861625854,0.36884259507431527
468,rff_lev,3600,0.001,0,0.14009442660190574,0.47499165615023237,0.294940815881608,0.25905911740883947,0.35686470123879527
468,rff_lev,3600,0.01,0,0.0877755895387647,0.24022371868238024,0.3653910197552978,0.11490655932406608,0.28167084272428905
468,rff_lev,3600,0.1,0,0.029083623240597708,0.06395852234939114,0.45472631593519874,0.014573521783487009,0.33857933590607253
468,rff_lev,3600,1.0,0,0.011475258893323998,0.02682526142752289,0.42777808239923837,-0.0012650739035591368,0.36971079109602517
468,rff_lev,36,0.001,1,0.07630753397506493,0.6371851212566674,0.11975724389886867,0.21750787548937517,0.6510226832074492
468,rff_lev,36,0.01,1,0.0818874872173961,0.282602259507639,0.2897623230616194,0.04123288184856671,0.3146046558721593
468,rff_lev,36,0.1,1,0.03307480008427359,0.07520040355987578,0.43982210890582385,0.026055887890218718,0.33240947559298506
468,rff_lev,36,1.0,1,0.012061947244088688,0.027752214579442432,0.4346300800449859,0.0007717708827857868,0.3686018141625546
468,rff_lev,360,0.001,1,0.24864998753460704,0.6777973306245795,0.36685005428610945,0.8158548440727449,0.415746095298901
468,rff_lev,360,0.01,1,0.110819322252619,0.30003782968542675,0.3693511660473181,0.2670678169733745,0.2724750095869824
468,rff_lev,360,0.1,1,0.031339883941419115,0.07046755900314085,0.4447420115690718,0.03953236900379379,0.33507812997983394
468,rff_lev,360,1.0,1,0.011686917673733645,0.02667109877480629,0.43818658437773816,0.001506173908625407,0.36928412887245027
468,rff_lev,3600,0.001,1,0.14944398076040583,0.48994136480757305,0.30502421615105046,0.3150806714450452,0.3552981154795617
468,rff_lev,3600,0.01,1,0.08581315026228017,0.24220040439869264,0.35430638720578195,0.1293934526368981,0.286208664789616
468,rff_lev,3600,0.1,1,0.027894805884100548,0.06287389025698324,0.4436627950026099,0.016721238334541245,0.34075166716850713
468,rff_lev,3600,1.0,1,0.011308210066250357,0.02660040662455997,0.4251141806159296,-0.0010400319487875234,0.37002906978034306
468,rff_lev_ens,36,0.001,-1,0.07431851704128539,0.6144161153424647,0.12095795534246619,0.5022623125016857,0.6262034033505193
468,rff_lev_ens,36,0.01,-1,0.06580615554284536,0.24150008476014453,0.2724891612696673,0.08315460876824479,0.32285046262614486
468,rff_lev_ens,36,0.1,-1,0.02552172242495228,0.06259186842967773,0.407748211792496,0.011228168377315025,0.34533568812449933
468,rff_lev_ens,36,1.0,-1,0.011083224808228253,0.02673191961458298,0.4146063944536948,-0.0015164267045286507,0.3704810164473232
468,rff_lev_ens,360,0.001,-1,0.21364699081394678,0.5980733337461575,0.35722540825507826,0.5928929677919673,0.36785280025955314
468,rff_lev_ens,360,0.01,-1,0.10724176638632367,0.27432180641148995,0.390934165202522,0.2181986635858208,0.26407974982322385
468,rff_lev_ens,360,0.1,-1,0.031936595328041203,0.06846107854375982,0.46649272853081863,0.0319112281608613,0.3336437074057889
468,rff_lev_ens,360,1.0,-1,0.011803819593235343,0.026830951117619052,0.4399329543515191,0.0006829008100045756,0.3690616235737444
468,rff_lev_ens,3600,0.001,-1,0.14476920368115576,0.4804904767178979,0.30129463682617713,0.2870698944269422,0.3541008458541066
468,rff_lev_ens,3600,0.01,-1,0.08679436990052244,0.24084324713583866,0.3603770125702105,0.12215000598048219,0.2837600252016679
468,rff_lev_ens,3600,0.1,-1,0.028489214562349128,0.063363483161246,0.44961566411761805,0.01564738005901412,0.33965816988535613
468,rff_lev_ens,3600,1.0,-1,0.011391734479787176,0.026711120357426482,0.4264790966216412,-0.0011525529261733301,0.36986981927098184
469,ff,6,0.0,0,0.1635571020607687,0.4716808951416685,0.34675371367679547,0.1624741842323929,0.3096005765348242
469,fm,6,0.0,0,0.2674035102148516,0.5571329853417718,0.47996352262434006,-0.11113955400992948,0.2345757683815552
469,linrank,6,0.0,0,0.2086408987057944,0.5467861858238471,0.38157675543948405,-0.27401790974209883,0.31270534838916264
469,linrank,6,0.001,0,0.09755167218182761,0.42806616261503927,0.22788923933134145,-0.23396684877128243,0.38513461213798
469,linrank,6,0.01,0,0.0339245410846635,0.24860559242622926,0.1364592837738765,-0.05973986184852808,0.38258752108427363
469,linrank,6,0.1,0,0.001476436005363368,0.0752890648085526,0.019610231699884913,0.02573961320736958,0.3901987393124968
469,linrank,6,1.0,0,-0.00012785356089215784,0.011542181786528214,-0.011077070458324073,0.006194755078692084,0.38786993360890987
469,rff,36,0.001,0,0.1757516211439048,0.5380365981912266,0.326653654667261,-0.1922145072439891,0.3563497592202878
469,rff,36,0.01,0,0.10095811941401786,0.28664252013254515,0.352209153643131,0.06496667641626185,0.2779212255757152
469,rff,36,0.1,0,0.04244253794075688,0.1111352891984509,0.38189973901960633,0.03664419205874009,0.3167483338307614
469,rff,36,1.0,0,0.023642962203587588,0.06219779836522595,0.38012538747361974,0.007389858321933094,0.34462261955626566
469,rff,360,0.001,0,0.03639801144129649,0.5647121790716978,0.06445409323583098,-0.3270985788707159,0.6349096257263922
469,rff,360,0.01,0,0.06040473390455654,0.25168725431237154,0.23999917703257087,-0.04524183698557237,0.33366672623246685
469,rff,360,0.1,0,0.033565683550379116,0.09476784852069932,0.3541885151381025,0.020885358823187157,0.3304572213048874
469,rff,360,1.0,0,0.0225653751742824,0.060174933396512205,0.3749962634040956,0.005968049311516875,0.34648045659766524
469,rff,3600,0.001,0,0.042730837137640615,0.5329819035657755,0.08017314819088822,-0.22264393088011997,0.5879149478759992
469,rff,3600,0.01,0,0.06537332526571366,0.2599337660828447,0.2514999349675803,-0.03786002187497719,0.3285735720550797
469,rff,3600,0.1,0,0.035140507743746725,0.09534129201628759,0.3685759548731887,0.021134488634678525,0.32752478994052914
469,rff,3600,1.0,0,0.022782604433698322,0.06015838653416617,0.3787103635294347,0.006051773440909404,0.3460538578479791
469,rff,36,0.001,1,0.014390332710768849,0.4493686895152424,0.03202344321383952,0.1503924622521381,0.5608396235508346
469,rff,36,0.01,1,0.02098176153313329,0.2334991158222686,0.08985799136431795,0.1080177179349221,0.40047953652074714
469,rff,36,0.1,1,0.017354414096793485,0.0914789527244071,0.18970936570596778,0.05482544876931884,0.36144173446680955
469,rff,36,1.0,1,0.020112811933823284,0.060519989578666326,0.3323333674352313,0.010476288377399126,0.3513225586550399
469,rff,360,0.001,1,0.08478254385328077,0.5596986294955918,0.15147891987816367,-0.16610729034193877,0.5383665360751149
469,rff,360,0.01,1,0.07478687949656021,0.27187193613324756,0.2750812774581717,-0.03570047402356104,0.3174146561887525
469,rff,360,0.1,1,0.035409998378140746,0.09616605156080646,0.3682172430231344,0.018544986852563256,0.3271627688818533
469,rff,360,1.0,1,0.022744659806324532,0.06056056505398082,0.37556881753086385,0.005587673612322787,0.34617657015691305
469,rff,3600,0.001,1,0.06344279800285837,0.5289308904411035,0.11994534474995412,-0.1693411319776028,0.5443882676557326
469,rff,3600,0.01,1,0.06996782658186494,0.2590394168915203,0.27010494163969584,-0.021536228936383454,0.3195422512765581
469,rff,3600,0.1,1,0.0342454074143898,0.09464158156075878,0.36184314388707306,0.022598706589797672,0.32911995024071894
469,rff,3600,1.0,1,0.0226151734989818,0.06024685191881854,0.3753751902166657,0.006115325176663431,0.34639177042075275
469,rff_ens,36,0.001,-1,0.09507097692733682,0.4365456116669463,0.21778016863875685,-0.02091102249592547,0.396949596045112
469,rff_ens,36,0.01,-1,0.060969940473575575,0.23962900340195084,0.2544347287181482,0.08649219717559196,0.3266805001458116
469,rff_ens,36,0.1,-1,0.029898476018775183,0.09748974838071278,0.30668328224642594,0.04573482041402946,0.3380822060502289
469,rff_ens,36,1.0,-1,0.021877887068705436,0.061222014800897694,0.3573532680989885,0.00893307334966611,0.34795199108166075
469,rff_ens,360,0.001,-1,0.06059027764728864,0.5517901227876043,0.1098067456176832,-0.24660293460632737,0.574443954236957
469,rff_ens,360,0.01,-1,0.06759580670055837,0.2595396803274636,0.26044497941614214,-0.04047115550456675,0.32421941352706374
469,rff_ens,360,0.1,-1,0.03448784096425993,0.09508581910416498,0.3627022545441719,0.019715172837875192,0.3287360304207655
469,rff_ens,360,1.0,-1,0.022655017490303467,0.06035736891429847,0.37534799640573074,0.00577786146191983,0.34632721499933494
469,rff_ens,3600,0.001,-1,0.05308681757024951,0.529728268267289,0.1002151872013428,-0.1959925314288613,0.5647376014408981
469,rff_ens,3600,0.01,-1,0.0676705759237893,0.25914849667073314,0.26112663894697274,-0.029698125405680363,0.323877086505179
469,rff_ens,3600,0.1,-1,0.03469295757906826,0.0949392291122913,0.365422785748918,0.021866597612238102,0.32831213155208183
469,rff_ens,3600,1.0,-1,0.02269888896634006,0.060201225764250965,0.37705027893002213,0.006083549308786412,0.3462226373913436
469,linlev,11,0.0,0,0.18407431283234385,0.5634147450952792,0.32671191947810135,-0.43560854906639274,0.37065189015098954
469,linlev,11,0.001,0,0.12013103713866138,0.5181040281686795,0.23186663412613004,-0.2859814050254796,0.4300821639914988
469,linlev,11,0.01,0,0.10551168513814335,0.4017990122948603,0.26259816950648346,-0.05383542383805434,0.3490327798857286
469,linlev,11,0.1,0,0.06662370741329789,0.26714812314850683,0.24938864113322617,0.017032254180686504,0.33004041144486596
469,linlev,11,1.0,0,0.00040959809710382905,0.08831039206838806,0.004638164178759777,0.00890184084160295,0.3944606851038651
469,rff_lev,36,0.001,0,0.1814651750202363,0.6494483096631717,0.27941434648486646,-0.7341076515906318,0.4792633548092025
469,rff_lev,36,0.01,0,0.08393643754644005,0.23343617677200615,0.3595691066702981,-0.22862711540287706,0.2811458872612378
469,rff_lev,36,0.1,0,0.034720778229819955,0.07882051648275241,0.4405043227218334,-0.02830401579556562,0.3254576379800515
469,rff_lev,36,1.0,0,0.0226022688740577,0.05846696076944071,0.38658190158349,-0.0005521052760631201,0.3462056984919544
469,rff_lev,360,0.001,0,0.19910485395148148,0.5722554089447992,0.34793005158067014,-0.310905457333585,0.35639027621085645
469,rff_lev,360,0.01,0,0.1220017778926053,0.2723451672182825,0.44796747869155995,-0.023531239696856943,0.2325337563110995
469,rff_lev,360,0.1,0,0.04559251172966509,0.09012409607741269,0.5058859252302857,0.014914519338823692,0.3064969945404594
469,rff_lev,360,1.0,0,0.023959755679450898,0.05929481355427254,0.4040784386229756,0.004485419046210735,0.34365142162795237
469,rff_lev,3600,0.001,0,0.16941232802432935,0.5152701086293139,0.3287835354451054,-0.0381770134598703,0.34286015386502844
469,rff_lev,3600,0.01,0,0.11632248877816498,0.25899602630919055,0.4491284690186663,0.00902129283264734,0.2354458736633665
469,rff_lev,3600,0.1,0,0.04474542071487349,0.08836272878895582,0.5063834189836165,0.011550078838571384,0.3078002712644339
469,rff_lev,3600,1.0,0,0.023824414620798408,0.059146170215143686,0.4028057021128723,0.003860669926562133,0.3438980311217449
469,rff_lev,36,0.001,1,0.21224439356875285,0.7616563934230473,0.2786616056813769,0.8832879036278019,0.5881603452862649
469,rff_lev,36,0.01,1,0.16161258603550308,0.3655943679844245,0.44205436458580316,0.2076105429726279,0.2240336859762068
469,rff_lev,36,0.1,1,0.05918974088296928,0.1118038084359816,0.5294071974020552,0.03818294363072272,0.2851050234208434
469,rff_lev,36,1.0,1,0.025619536773799745,0.05967702578115934,0.42930317720170463,0.006698928171322071,0.34045962270318897
469,rff_lev,360,0.001,1,0.15563677364638784,0.6246959062243619,0.24914005693914426,-0.06033308799748702,0.4906752214519571
469,rff_lev,360,0.01,1,0.10617463050036774,0.26911537008633307,0.3945320197293324,0.007867883154381979,0.2588278617580574
469,rff_lev,360,0.1,1,0.04326474677791893,0.0880071467801573,0.4916049248363282,0.015639666883516395,0.31056859082250293
469,rff_lev,360,1.0,1,0.023670692185877064,0.05892545895903214,0.4017056906138667,0.004401305416089494,0.3441721151905362
469,rff_lev,3600,0.001,1,0.14205835219023594,0.519031017659205,0.2736991573854479,-0.06679811330525562,0.39293805651908237
469,rff_lev,3600,0.01,1,0.1072011169849975,0.2543746117504082,0.4214300957447082,0.004844044788921781,0.24927727679620626
469,rff_lev,3600,0.1,1,0.042676329049842185,0.08622804350954895,0.4949240097870965,0.011986579231160966,0.31138487462916986
469,rff_lev,3600,1.0,1,0.023566199569167997,0.05884278573358121,0.40049428787867386,0.0039153148078210215,0.34436642823688524
469,rff_lev_ens,36,0.001,-1,0.19685478429449454,0.5535047178819008,0.35565150202838325,0.07459012601858492,0.3388906984083646
469,rff_lev_ens,36,0.01,-1,0.12277451179097155,0.26295480635485513,0.46690347095344004,-0.010508286215124545,0.2261507755288869
469,rff_lev_ens,36,0.1,-1,0.046955259556394624,0.09073417026577879,0.5175035978050292,0.00493946391757856,0.3040079551212378
469,rff_lev_ens,36,1.0,-1,0.02411090282392872,0.05894380118748633,0.4090489981675533,0.0030734114476294793,0.34331488986575665
469,rff_lev_ens,360,0.001,-1,0.17737081379893466,0.5797989801400998,0.30591777473647097,-0.1856192726655359,0.4003666235415261
469,rff_lev_ens,360,0.01,-1,0.11408820419648652,0.26756216208223804,0.42639887235408236,-0.007831678271237447,0.24391020870212723
469,rff_lev_ens,360,0.1,-1,0.04442862925379201,0.08870871905376071,0.500837231421036,0.015277093111170047,0.3084668696061451
469,rff_lev_ens,360,1.0,-1,0.023815223932663977,0.05910228146529,0.40294931671377776,0.004443362231150117,0.34391078488023663
469,rff_lev_ens,3600,0.001,-1,0.15573534010728263,0.5154124424853532,0.3021567336564799,-0.05248756338256304,0.3659137899926826
469,rff_lev_ens,3600,0.01,-1,0.11176180288158125,0.2562051909406353,0.43621990042925124,0.006932668810784547,0.24208918286530556
469,rff_lev_ens,3600,0.1,-1,0.043710874882357836,0.08723697083122157,0.501059063214446,0.011768329034866172,0.30958016807827216
469,rff_lev_ens,3600,1.0,-1,0.023695307094983204,0.0589933259229783,0.40166081034183093,0.003887992367191574,0.3441320540720132
470,ff,6,0.0,0,0.18133000457686543,0.5982388313722361,0.30310637669729984,-0.7000813653881752,0.41385014734929115
470,fm,6,0.0,0,0.2645886766708431,0.5380850885600877,0.4917227447779323,0.8922232931741296,0.21610526359301652
470,linrank,6,0.0,0,0.21617349172889738,0.4981298273654473,0.43397018177412644,-0.0674296618374508,0.24825720656115666
470,linrank,6,0.001,0,0.10642605112157238,0.3964529260921914,0.2684456189303645,-0.29294361207494474,0.34138921130280486
470,linrank,6,0.01,0,0.04032679351820183,0.25506847675387917,0.15810183222724924,-0.21485108835165648,0.37177247765415766
470,linrank,6,0.1,0,0.004935965565197115,0.08945984998191828,0.05517520503549669,-0.06375498583800847,0.38389538396601136
470,linrank,6,1.0,0,0.000442666156832452,0.014013054681328446,0.03158955466164548,-0.008888188118642957,0.3850511159227209
470,rff,36,0.001,0,0.12065110271997831,0.5335341102117787,0.22613568731732558,0.22341209602786322,0.44365301648862204
470,rff,36,0.01,0,0.08830073957830153,0.28768752589388163,0.30693280601562384,0.22649129885912422,0.29969954058997217
470,rff,36,0.1,0,0.03488689056079511,0.09318861550609735,0.37436858967512454,0.08325344364117354,0.3258673186529114
470,rff,36,1.0,0,0.01312941240065502,0.032882145375085305,0.39928697628723253,0.03913959830682971,0.3607346787347021
470,rff,360,0.001,0,0.010842583889771551,0.5752958118382332,0.01884697170856576,-0.10372774667156631,0.695137551546033
470,rff,360,0.01,0,0.06082599991009212,0.2656191056670787,0.22899708120518306,0.07571953859218455,0.3383411983218144
470,rff,360,0.1,0,0.02728515753000548,0.08224138899381482,0.3317691719926755,0.0498113046026603,0.3386776974066157
470,rff,360,1.0,0,0.012119319225723754,0.03106720177102347,0.3901001227934053,0.03481478087106722,0.3626132970544864
470,rff,3600,0.001,0,0.04589171752942872,0.542937330723748,0.08452488884537375,0.08948676980867715,0.5908434463539293
470,rff,3600,0.01,0,0.07004436102034926,0.2818114956237701,0.24855040375592538,0.15457067232744784,0.3299750961173141
470,rff,3600,0.1,0,0.02904872074346422,0.08434443361140516,0.34440590208120403,0.06526092882742542,0.33560025675268956
470,rff,3600,1.0,0,0.012346973228113222,0.03116939905518446,0.3961248404646264,0.03669603732816561,0.36216991931068804
470,rff,36,0.001,1,-0.018633800419551122,0.5073354073601039,-0.03672876000614906,-0.31303559679900905,0.6807439214999778
470,rff,36,0.01,1,0.021197339967225292,0.24254813943464223,0.08739436227643045,-0.01857986965285016,0.40262413381199963
470,rff,36,0.1,1,0.009318369045937972,0.07476101341559184,0.12464209111422468,0.008533644600812015,0.37277918961828405
470,rff,36,1.0,1,0.009314950419607646,0.031329746568965686,0.2973196862318305,0.028602277612472787,0.36817830706373755
470,rff,360,0.001,1,0.08420455550881693,0.5523498700829671,0.152447859716467,0.3560219144477892,0.5295115617130317
470,rff,360,0.01,1,0.07943191658587076,0.2809874340191244,0.2826885012248075,0.20321239574839106,0.31213942085897245
470,rff,360,0.1,1,0.030287836598601216,0.08195453819530743,0.36956875440407816,0.06806640632443055,0.3327981127609847
470,rff,360,1.0,1,0.012442580289139544,0.03144632504690117,0.3956767689255212,0.036666415489807216,0.36199841516648545
470,rff,3600,0.001,1,0.06983910583458465,0.5399349714765014,0.12934725388059834,0.3078042136475583,0.5424689490394927
470,rff,3600,0.01,1,0.07506879261421275,0.27837476090795094,0.2696680991098738,0.20669852234970693,0.3187301324882465
470,rff,3600,0.1,1,0.028357308192451896,0.08190337878827265,0.3462287955880062,0.07005955719668464,0.33653757058151057
470,rff,3600,1.0,1,0.012203796835861125,0.03115615982406629,0.3916977222088331,0.03708564717450209,0.36245193186202895
470,rff_ens,36,0.001,-1,0.05100865115021359,0.4570717458774198,0.11159878423964843,-0.044811750385573,0.4952390476527271
470,rff_ens,36,0.01,-1,0.05474903977276343,0.2464220353197712,0.22217590931638062,0.10395571460313702,0.3399630838832088
470,rff_ens,36,0.1,-1,0.022102629803366542,0.07999692019832987,0.2762935091572186,0.045893544120992794,0.34842266046026704
470,rff_ens,36,1.0,-1,0.011222181410131335,0.03186386241803023,0.3521914971545082,0.03387093795965125,0.36443676684509185
470,rff_ens,360,0.001,-1,0.04752356969929422,0.5515422774628449,0.08616487192588003,0.12614708388811158,0.5971501206888346
470,rff_ens,360,0.01,-1,0.07012895824798145,0.27154382658919873,0.2582601826337045,0.13946596717028792,0.32413609062924653
470,rff_ens,360,0.1,-1,0.02878649706430334,0.08165204568543337,0.35255083718544017,0.05893885546354541,0.3356626114308
470,rff_ens,360,1.0,-1,0.01228094975743165,0.0312348395882462,0.39318113745181593,0.035740598180437226,0.3623044239977422
470,rff_ens,3600,0.001,-1,0.05786541168200669,0.5401699651643614,0.107124452327518,0.19864549172811763,0.5651410603523397
470,rff_ens,3600,0.01,-1,0.072556576817281,0.27974683526477095,0.25936513901438296,0.18063459733857745,0.32414948162709234
470,rff_ens,3600,0.1,-1,0.02870301446795806,0.08306018861347408,0.3455688573201944,0.06766024301205503,0.33605671561769507
470,rff_ens,3600,1.0,-1,0.012275385031987171,0.031159496531998065,0.3939532533647143,0.03689084225133385,0.3623107158193942
470,linlev,11,0.0,0,0.3092330709893819,0.7109804567145845,0.4349389186002903,0.5669121945824738,0.36839204662639685
470,linlev,11,0.001,0,0.22742787667027553,0.5226686496805165,0.4351282151881346,0.10013362281523927,0.2557900896866109
470,linlev,11,0.01,0,0.18313740564321795,0.420853409497824,0.43515723411090684,0.2659082179747937,0.23012197692679326
470,linlev,11,0.1,0,0.13820386718556177,0.29774886204072754,0.4641625369727108,0.29473850204316954,0.21708684596202654
470,linlev,11,1.0,0,0.0458305721392778,0.09851311952648042,0.46522303181109287,0.13050694441007105,0.305884018364454
470,rff_lev,36,0.001,0,0.17876016228805508,0.7563309252551728,0.23635178242611796,0.6463565931182538,0.6322112261240447
470,rff_lev,36,0.01,0,0.10312625579881121,0.29459024108028903,0.3500667755341722,0.23022327197070416,0.27690580975875967
470,rff_lev,36,0.1,0,0.028283863270054214,0.06392395565165443,0.44246109274250134,0.07123853380288525,0.33405840906908285
470,rff_lev,36,1.0,0,0.011993319976846415,0.028661842671083605,0.41844204207241187,0.03686564198758952,0.3627185875772336
470,rff_lev,360,0.001,0,0.20865985667798218,0.6507777267388754,0.32063152763940084,0.4191937727541872,0.4354707586338874
470,rff_lev,360,0.01,0,0.14021281431985375,0.3230796437546036,0.43398838964411185,0.21732277232037644,0.22935434744994532
470,rff_lev,360,0.1,0,0.041436860907231435,0.08091095091952251,0.5121292042216424,0.06773730305421186,0.31112976018764116
470,rff_lev,360,1.0,0,0.01370265492490865,0.02968861392284479,0.4615457953180068,0.036498517881115286,0.359403753280391
470,rff_lev,3600,0.001,0,0.2026130717083933,0.5873029398582698,0.34498903029037903,0.23149380625365262,0.36649054315804785
470,rff_lev,3600,0.01,0,0.14086524300501332,0.3119392525301106,0.4515790874744627,0.20166610101193708,0.2211585145274364
470,rff_lev,3600,0.1,0,0.041339042577700595,0.07870844581978857,0.5252173657748339,0.07132202713754904,0.31096573731076377
470,rff_lev,3600,1.0,0,0.013632538357575868,0.029507846788201182,0.4619970564245605,0.03697459306902909,0.35953136899055244
470,rff_lev,36,0.001,1,0.11765456883328076,0.6602447926801948,0.1781984048002474,-0.1059484114669198,0.6001965327436545
470,rff_lev,36,0.01,1,0.13173304010587877,0.32629500582545706,0.40372374003280304,0.07780985804416296,0.24609583105197197
470,rff_lev,36,0.1,1,0.047502801078890836,0.0939234449244928,0.5057608472206212,0.05642075475134705,0.3018124140406007
470,rff_lev,36,1.0,1,0.014560980599001832,0.030550308574148522,0.4766230286565171,0.03554969282638764,0.35776326889353405
470,rff_lev,360,0.001,1,0.2228063521926451,0.6849504837203928,0.3252882616892903,0.3388824243273062,0.45892701792246043
470,rff_lev,360,0.01,1,0.14435466929615304,0.3456185855019012,0.4176704475730775,0.27740754770529974,0.237321025181188
470,rff_lev,360,0.1,1,0.042316492617989976,0.08386430883751837,0.5045828577682006,0.08958110995758473,0.3099308091898605
470,rff_lev,360,1.0,1,0.013757531808732817,0.029409738516434768,0.46778830763982565,0.03915304910300818,0.3592790253651652
470,rff_lev,3600,0.001,1,0.19807721824620242,0.5982866253652108,0.33107412041058176,0.30594559543040856,0.3867669205681984
470,rff_lev,3600,0.01,1,0.13476485020894596,0.31210225926467494,0.43179709921503673,0.23407650057611984,0.23177957125361953
470,rff_lev,3600,0.1,1,0.03942064110972615,0.0771431724697297,0.5110062219076414,0.07642255148869856,0.3144036603663014
470,rff_lev,3600,1.0,1,0.013383820719584985,0.029247493095326777,0.45760573995052856,0.03750842367807058,0.3600067876518026
470,rff_lev_ens,36,0.001,-1,0.148207365560668,0.5872366743021462,0.25238097694901807,0.2702040908256672,0.4561374903121
470,rff_lev_ens,36,0.01,-1,0.117429647952345,0.2847555183339922,0.4123876110966558,0.1540165650074336,0.2457560181167397
470,rff_lev_ens,36,0.1,-1,0.03789333217447253,0.07553825489895491,0.5016442625681679,0.06382964427711615,0.3170951548090768
470,rff_lev_ens,36,1.0,-1,0.013277150287924123,0.029433866370671597,0.4510841396342582,0.03620766740698859,0.36022822121500386
470,rff_lev_ens,360,0.001,-1,0.21573310443531363,0.6526540547755765,0.33054740540836175,0.3790380985407467,0.4267717652752294
470,rff_lev_ens,360,0.01,-1,0.1422837418080034,0.3314839614349227,0.4292326578700451,0.2473651600128381,0.23129868283702654
470,rff_lev_ens,360,0.1,-1,0.0418766767626107,0.08174903137778193,0.5122589963064945,0.07865920650589828,0.3104230932442218
470,rff_lev_ens,360,1.0,-1,0.013730093366820732,0.029522697669259336,0.4650690638314284,0.037825783492061726,0.35933980498944806
470,rff_lev_ens,3600,0.001,-1,0.20034514497729783,0.5911867019981534,0.33888641997553526,0.26871970084203056,0.3746894903623897
470,rff_lev_ens,3600,0.01,-1,0.13781504660697966,0.31159421353105876,0.4422901344836517,0.21787130079402844,0.2261937343449212
470,rff_lev_ens,3600,0.1,-1,0.04037984184371338,0.07785723693880425,0.5186395437517506,0.07387228931312378,0.3126724838651991
470,rff_lev_ens,3600,1.0,-1,0.013508179538580425,0.02937525501463395,0.4598489283531673,0.03724150837354983,0.3597689040260179
471,ff,6,0.0,0,0.24201467160270554,0.5424550603033349,0.4461469517260538,0.24577215636373048,0.2532701147809654
471,fm,6,0.0,0,0.25768221579840905,0.5506032297266386,0.46799982616582575,0.4206809213979376,0.2386704735940816
471,linrank,6,0.0,0,0.25549308798360476,0.5563293385662388,0.45924791355073347,0.22324779115079765,0.24826373925645379
471,linrank,6,0.001,0,0.12296212004088361,0.4196784124201429,0.2929912914314625,0.09869207127863483,0.32979627700138947
471,linrank,6,0.01,0,0.046286651127471566,0.2605557372090646,0.1776458719476674,-0.026488437777733572,0.36192930827692876
471,linrank,6,0.1,0,0.0046143979247560175,0.08238254840953294,0.05601183762630558,-0.03876621285499897,0.3820502453678614
471,linrank,6,1.0,0,0.0002612384049365132,0.012158366071877721,0.02148630855430132,-0.006777730019544229,0.38409628156788544
471,rff,36,0.001,0,0.14797231057059068,0.5446570013578381,0.27167980986509577,-0.39854680933134307,0.40707329694924643
471,rff,36,0.01,0,0.10933469923375728,0.3105299828785001,0.35209063620931014,-0.15671703486841956,0.2741844125222595
471,rff,36,0.1,0,0.058970915405717896,0.14098912101518238,0.4182657142700225,-0.011904700267344467,0.2898845345637028
471,rff,36,1.0,0,0.04106819808500663,0.10823904110398277,0.37942130368240556,0.010731648069168891,0.3157367550097622
471,rff,360,0.001,0,0.059098386501379226,0.6198705781414099,0.09533987994490234,-0.19050988969895508,0.6540062441963901
471,rff,360,0.01,0,0.0818954295225187,0.28816186580650277,0.28419940054632525,-0.1190521294354879,0.3104241275034418
471,rff,360,0.1,0,0.051762295545299215,0.13044894011460123,0.3968011966967712,-0.018945811527061904,0.3006425343932598
471,rff,360,1.0,0,0.04018104211557164,0.10701514007705488,0.37547063047938634,0.00996546469993321,0.3171755363867782
471,rff,3600,0.001,0,0.077163802926948,0.5899141921356146,0.13080513056924203,-0.11380908372823283,0.5840962649779841
471,rff,3600,0.01,0,0.08894287416121778,0.29943562971517124,0.297035039703932,-0.03185161850058488,0.30415764715126026
471,rff,3600,0.1,0,0.05339852408229949,0.13100315853678784,0.40761249330720756,-0.0018296706731004298,0.29768704602290014
471,rff,3600,1.0,0,0.04038672013015938,0.10695816867160256,0.37759360160849564,0.011947323158625347,0.3167685610148525
471,rff,36,0.001,1,-0.01552679890690467,0.4929096652746066,-0.03150029305725722,-1.053853906082993,0.6587254816859459
471,rff,36,0.01,1,0.028690401836910042,0.2610433471511712,0.109906657840605,-0.4319295677177906,0.39605682884234666
471,rff,36,0.1,1,0.035118767192539105,0.1281205742412082,0.2741071635100714,-0.08619484552258758,0.331881539234659
471,rff,36,1.0,1,0.037734504797191946,0.10758447463971439,0.35074303168333176,0.0005220086245745624,0.32200016670812526
471,rff,360,0.001,1,0.10311722873682806,0.6085883328597745,0.16943674922632374,-0.2895364097345303,0.5592493285484634
471,rff,360,0.01,1,0.09781531499800178,0.303197638840538,0.322612390294524,-0.11161907767520261,0.2903368783173485
471,rff,360,0.1,1,0.054907250089435346,0.13191568687599733,0.416229876747327,-0.009045165236330626,0.2950729186441957
471,rff,360,1.0,1,0.04053882237031539,0.10736708043523602,0.3775721776729178,0.011428430562316506,0.3165643056064441
471,rff,3600,0.001,1,0.0917006388680827,0.5796503376953867,0.15819992313413006,-0.0986455650151084,0.5454731076897413
471,rff,3600,0.01,1,0.09311609094982466,0.2947771893133016,0.3158863518806978,-0.04800645012656001,0.2938028801002932
471,rff,3600,0.1,1,0.05266411331691736,0.12987397773347487,0.40550165811502087,-0.008138341300807027,0.298783396556654
471,rff,3600,1.0,1,0.04024734567219318,0.10702713263213437,0.3760480607336117,0.011115778108317771,0.3170508288754436
471,rff_ens,36,0.001,-1,0.06622275583184302,0.4378639878258159,0.15124047118071446,-0.7262003577071681,0.44813567782772057
471,rff_ens,36,0.01,-1,0.06901255053533366,0.2648083044134348,0.2606132412961909,-0.2943233012931052,0.32133193341375943
471,rff_ens,36,0.1,-1,0.047044841299128504,0.13227900215205354,0.35564859527025217,-0.04904977289496602,0.3100921331716626
471,rff_ens,36,1.0,-1,0.03940135144109928,0.10785580425651974,0.36531507703923616,0.005626828346871725,0.31885350239172366
471,rff_ens,360,0.001,-1,0.08110780761910365,0.6058348485869809,0.13387775201158447,-0.24002314971674277,0.5958695892476966
471,rff_ens,360,0.01,-1,0.08985537226026025,0.29423018673755685,0.3053914122700406,-0.11533560355534525,0.29940551045784347
471,rff_ens,360,0.1,-1,0.05333477281736728,0.13096458129469662,0.40724577813411494,-0.013995488381696262,0.2977976381771573
471,rff_ens,360,1.0,-1,0.040359932242943514,0.10718659990849248,0.37653897294437605,0.010696947631124857,0.31686889111142763
471,rff_ens,3600,0.001,-1,0.08443222089751534,0.5837028307921108,0.1446493257244222,-0.1062273243716706,0.5634442170720962
471,rff_ens,3600,0.01,-1,0.09102948255552121,0.29680613286591706,0.3066967709748909,-0.03992903431357252,0.29879214635682033
471,rff_ens,3600,0.1,-1,0.05303131869960843,0.1304015686367631,0.40667699977849586,-0.004984005986953733,0.2982251167334475
471,rff_ens,3600,1.0,-1,0.040317032901176275,0.10699190279498871,0.3768232160374724,0.011531550633471556,0.3169095288700108
471,linlev,11,0.0,0,0.21961559084931515,0.5856550777764193,0.37499135443875714,0.2260770236913616,0.3364625604374836
471,linlev,11,0.001,0,0.07892142943838659,0.5837259126698722,0.13520288841969028,0.1578573307997087,0.5735925385368168
471,linlev,11,0.01,0,0.0036536766491541985,0.5568344204359086,0.006561513647618943,0.145108091472978,0.6872414321036587
471,linlev,11,0.1,0,-0.04356189573136944,0.4701350873310343,-0.09265825271342995,0.11737371385033912,0.6945192948289253
471,linlev,11,1.0,0,-0.07353066689689265,0.27530292198948025,-0.26709003437203754,0.0052992712526812695,0.6127306558907495
471,rff_lev,36,0.001,0,-0.0018770888428759453,0.47141390495770963,-0.003981827483523929,-0.4908249727538905,0.6104596352024689
471,rff_lev,36,0.01,0,0.03413742394056427,0.18423238478321557,0.18529545704319814,-0.11144485745949238,0.3513029517017966
471,rff_lev,36,0.1,0,0.041840993901855,0.11293481687340491,0.3704879952898579,0.004719448572278509,0.315293818095931
471,rff_lev,36,1.0,0,0.03905598581335449,0.10604601231273604,0.3682928283826086,0.01358483207996635,0.3191300193952934
471,rff_lev,360,0.001,0,0.002353642300188479,0.42320909424387515,0.005561417115559874,-0.1545316340929783,0.5588750567491378
471,rff_lev,360,0.01,0,0.0524687773940946,0.2085683006629485,0.2515664040380011,0.05603804865416773,0.32578701812118843
471,rff_lev,360,0.1,0,0.04767909815788623,0.11972289148709812,0.3982454613788236,0.03770859059539743,0.30571953509812494
471,rff_lev,360,1.0,0,0.03979504804852845,0.10688980751407987,0.37229974470004096,0.01743653294661409,0.31788984496924133
471,rff_lev,3600,0.001,0,0.019618822480060447,0.4197018811330843,0.04674466177538877,-0.07277591530265588,0.5217677865287493
471,rff_lev,3600,0.01,0,0.06924881164839083,0.1959953686346571,0.3533186122243188,0.07740134944163359,0.28918282341088425
471,rff_lev,3600,0.1,0,0.04988769146747675,0.11780324014249464,0.4234831860917634,0.037791639115435385,0.3010618664797874
471,rff_lev,3600,1.0,0,0.039985149080279475,0.10664593541327048,0.3749336430435015,0.017293721171978818,0.3174727337933012
471,rff_lev,36,0.001,1,0.3246327882052374,0.9761054261342599,0.3325796369055173,0.6018551989095114,0.7933735379628932
471,rff_lev,36,0.01,1,0.19603500166987406,0.38099323546170544,0.5145366988794687,0.3088794733963902,0.17598642827425445
471,rff_lev,36,0.1,1,0.07504925236169178,0.13488982204142588,0.5563744634390835,0.07839973960168255,0.2582000139137493
471,rff_lev,36,1.0,1,0.04287235517061011,0.10664083842704355,0.40202567611975853,0.021871067321704383,0.311936461183794
471,rff_lev,360,0.001,1,0.02362506967049417,0.5914128268019787,0.03994683341287167,0.1673870530414068,0.687548000548571
471,rff_lev,360,0.01,1,0.05691784253780991,0.2297845000219962,0.24770096561065444,0.12464024011056758,0.3266757364406143
471,rff_lev,360,0.1,1,0.04668778883097968,0.11658381951197666,0.40046542501709204,0.0380361419364644,0.3068668232026844
471,rff_lev,360,1.0,1,0.0396149765028034,0.10644324433094106,0.37216994607602416,0.017145282041991297,0.31814042188812375
471,rff_lev,3600,0.001,1,0.017524214028701166,0.44297105955636795,0.039560629640797595,0.01221280736383734,0.545952893891129
471,rff_lev,3600,0.01,1,0.06406292770687427,0.19505050999833654,0.3284427593007607,0.07587355752613312,0.2984937690099552
471,rff_lev,3600,0.1,1,0.048268345741270105,0.1162451090389278,0.4152290461107155,0.03271870720802989,0.3037769313602473
471,rff_lev,3600,1.0,1,0.0397833465136925,0.10646085435404674,0.3736899046610016,0.016622625847410748,0.3178207994089536
471,rff_lev_ens,36,0.001,-1,0.1613778496811807,0.5228634891088189,0.3086424144019637,0.05551511307781041,0.36114420351512483
471,rff_lev_ens,36,0.01,-1,0.11508621280521916,0.23026923466327304,0.49978979160421433,0.09871730796844898,0.22056719546653583
471,rff_lev_ens,36,0.1,-1,0.0584451231317734,0.11938338813315964,0.4895582546759688,0.041559594086980525,0.2852488437832104
471,rff_lev_ens,36,1.0,-1,0.0409641704919823,0.106270232898304,0.3854717297098919,0.01772794970083537,0.3155139489471079
471,rff_lev_ens,360,0.001,-1,0.01298935598534136,0.4783719540902568,0.02715325569209811,0.006427709474214267,0.5875006021250785
471,rff_lev_ens,360,0.01,-1,0.054693309965952244,0.21425711135651682,0.2552695199691382,0.09033914438236765,0.3239817122566825
471,rff_lev_ens,360,0.1,-1,0.04718344349443296,0.11790231636353672,0.4001909797000836,0.03787236626593092,0.30623121082173044
471,rff_lev_ens,360,1.0,-1,0.039705012275665925,0.1066628853158593,0.3722476863258296,0.01729090749430269,0.31801429881909954
471,rff_lev_ens,3600,0.001,-1,0.018571518254380807,0.4285840492067535,0.04333226653850972,-0.03028155396940933,0.5313570162826845
471,rff_lev_ens,3600,0.01,-1,0.06665586967763257,0.19508685020414365,0.3416727965410392,0.07663745348388332,0.2936610089965069
471,rff_lev_ens,3600,0.1,-1,0.049078018604373434,0.11700188480209885,0.4194634871684823,0.03525517316173264,0.3024129200153445
471,rff_lev_ens,3600,1.0,-1,0.03988424779698598,0.10655305447892388,0.37431350975372607,0.01695817350969478,0.3176466753138644
472,ff,6,0.0,0,0.059799918345021595,0.4564307849485348,0.1310164001136873,1.1449253595091982,0.480537169053663
472,fm,6,0.0,0,0.293753930891902,0.6137041199450043,0.4786572573738402,1.9082593088598727,0.26364817102901184
472,linrank,6,0.0,0,0.31220448116160965,0.6109912604144783,0.5109802731872456,0.4791875869538613,0.23460491009794274
472,linrank,6,0.001,0,0.1642145969700684,0.46287436762922385,0.35477142061495437,-0.14655656444370704,0.3010218341869584
472,linrank,6,0.01,0,0.10674672101612252,0.306796794289101,0.3479394928603226,0.0025639597059895778,0.28025760746241707
472,linrank,6,0.1,0,0.04272767327453787,0.10684647609533113,0.3998978238310374,0.02812560963799627,0.3160183910292693
472,linrank,6,1.0,0,0.00668820174269253,0.016175189341344785,0.4134852211959629,0.00458281221822192,0.37516187936829354
472,rff,36,0.001,0,0.3218798289389353,0.6327295363408064,0.5087163004914023,0.4158444193949522,0.2484255466188389
472,rff,36,0.01,0,0.23377107310571993,0.40063401589480896,0.583502807627546,0.6715580214439567,0.13584629716246133
472,rff,36,0.1,0,0.11535878412092704,0.20650745723569772,0.5586180066575612,0.5424826930676526,0.2134673247868574
472,rff,36,1.0,0,0.06710037381185352,0.1660320065662597,0.4041411966256955,0.45817563065571376,0.2861002538073013
472,rff,360,0.001,0,0.17639667327618233,0.6594714530414236,0.26748189396623095,-0.4119957593196446,0.5014569512280054
472,rff,360,0.01,0,0.19575108831754676,0.36548786125917837,0.5355884806766094,0.5837116025346928,0.16862960273111824
472,rff,360,0.1,0,0.10388792352183464,0.19156337627903414,0.542316206467931,0.5449874391360751,0.2279452948023314
472,rff,360,1.0,0,0.0653333250620307,0.16453375692076472,0.39708158547363365,0.4579912682660543,0.2889050644669602
472,rff,3600,0.001,0,0.17095051238959896,0.6741618678684979,0.253574876505689,-0.27386985032338496,0.5300491910559099
472,rff,3600,0.01,0,0.18772561820755776,0.3728210435989785,0.5035274200065892,0.524820421924313,0.18701711592742495
472,rff,3600,0.1,0,0.10234139133035523,0.1902023502371861,0.5380658609251331,0.5262994250475621,0.2301998258153709
472,rff,3600,1.0,0,0.06515184482097827,0.1642625327896949,0.3966324134572556,0.4556312288629959,0.2891551669810052
472,rff,36,0.001,1,0.13910781847980236,0.469696253266968,0.2961654846344615,1.9179515108985568,0.34998183259653204
472,rff,36,0.01,1,0.14178487661647077,0.29564902367903845,0.4795716043709815,1.2347143954986548,0.21217345726747425
472,rff,36,0.1,1,0.0984152719198029,0.1902202636985994,0.5173753311358044,0.654383804233905,0.23727068468990695
472,rff,36,1.0,1,0.06541088979769495,0.16541694017585926,0.3954304179980288,0.47189681892191027,0.2890514830667794
472,rff,360,0.001,1,0.20752396115543417,0.6894983119451682,0.3009782004686581,-0.38399445746001654,0.49165810837890966
472,rff,360,0.01,1,0.19347118245146244,0.3716773801576308,0.5205352619774979,0.4550945867570885,0.1768647225179815
472,rff,360,0.1,1,0.10336949142056005,0.1903544186175172,0.5430369947348707,0.5081374469950295,0.2284129876635374
472,rff,360,1.0,1,0.06525987656843675,0.16451579943643832,0.39667847581806454,0.4532968325974245,0.2890364606779638
472,rff,3600,0.001,1,0.17815697926861443,0.6620961320408312,0.2690802296631263,-0.3731958997917433,0.5020291528492178
472,rff,3600,0.01,1,0.192137740357855,0.374420640049052,0.5131601194119092,0.4892678970395907,0.18106416030975359
472,rff,3600,0.1,1,0.10350663076585412,0.19079958945219674,0.5424887499130958,0.5227001127864634,0.22833675847681675
472,rff,3600,1.0,1,0.06529226019996914,0.16439197240243986,0.39717426128406313,0.4552935591924628,0.28893519349334607
472,rff_ens,36,0.001,-1,0.23049382370936883,0.49495405314739055,0.4656873142944663,1.1668979651467544,0.22535118413735716
472,rff_ens,36,0.01,-1,0.18777797486109535,0.3342664141172626,0.5617614182297769,0.9531362084713056,0.15967056778845604
472,rff_ens,36,0.1,-1,0.10688702802036495,0.19714747532229193,0.5421678763353608,0.5984332486507786,0.22474982180514935
472,rff_ens,36,1.0,-1,0.06625563180477421,0.16569867552760867,0.3998561339962836,0.465036224788812,0.28756651026880437
472,rff_ens,360,0.001,-1,0.19196031721580828,0.6662699992489787,0.28811190273040427,-0.3979951083898302,0.48507575491411054
472,rff_ens,360,0.01,-1,0.1946111353845046,0.3677482221114529,0.5291966722969611,0.5194030946458905,0.1721218921736706
472,rff_ens,360,0.1,-1,0.10362870747119735,0.1908909069364904,0.5428687470465773,0.5265624430655523,0.22815274648169145
472,rff_ens,360,1.0,-1,0.06529660081523372,0.1645233591709448,0.3968834647205845,0.45564405043173944,0.2889702942213475
472,rff_ens,3600,0.001,-1,0.17455374582910668,0.6671274211945349,0.2616497842594401,-0.323532875057564,0.5146524286953287
472,rff_ens,3600,0.01,-1,0.18993167928270635,0.37333257114797885,0.5087466081480005,0.5070441594819518,0.18381980697059605
472,rff_ens,3600,0.1,-1,0.10292401104810468,0.1904743064791364,0.540356402659371,0.5244997689170128,0.2292577054436283
472,rff_ens,3600,1.0,-1,0.06522205251047371,0.1643268127786388,0.39690450637737956,0.4554623940277293,0.2890450265716166
472,linlev,11,0.0,0,0.4145334543126384,0.793463003044414,0.5224357691815845,1.8673170175025136,0.36058652738025065
472,linlev,11,0.001,0,0.3320213125740826,0.6254674819086793,0.5308370493712717,0.9120039856711669,0.22563701184133483
472,linlev,11,0.01,0,0.2707891245502894,0.49876935285054524,0.5429145215171842,0.834422831260914,0.1687512822779843
472,linlev,11,0.1,0,0.18290593708654598,0.3322096211650519,0.5505738709345588,0.6685877539014523,0.16623785410394215
472,linlev,11,1.0,0,0.06165914061311291,0.11089865224473952,0.5559954008912468,0.3256095034056622,0.28101399352552076
472,rff_lev,36,0.001,0,0.19453499327186635,0.6639261383982531,0.2930069807782977,0.4688367719208692,0.477803708372868
472,rff_lev,36,0.01,0,0.15283417958767556,0.32543048067260133,0.4696369537106577,0.6920332701367234,0.21182683908658642
472,rff_lev,36,0.1,0,0.08056301032611408,0.17294881336276896,0.4658199658018414,0.49171027535729195,0.2635075840850666
472,rff_lev,36,1.0,0,0.06192388659818655,0.1629667627460187,0.37997862603857463,0.44910103511951593,0.2947768743558684
472,rff_lev,360,0.001,0,0.21064277566504422,0.5824855926947246,0.3616274433339336,1.2685516835450512,0.3506062073676095
472,rff_lev,360,0.01,0,0.1670230303037825,0.32639746419113924,0.5117166909298454,0.8142040942654265,0.18861785073559853
472,rff_lev,360,0.1,0,0.08566916208038801,0.1746916250616924,0.49040222764047176,0.5161380850241204,0.254749959098374
472,rff_lev,360,1.0,0,0.0625643683150012,0.1629798902214924,0.3838778405726938,0.4519844932134766,0.2935799222301617
472,rff_lev,3600,0.001,0,0.21524457593811677,0.5545817786380172,0.3881205337592055,1.5936723435257645,0.3116339388527522
472,rff_lev,3600,0.01,0,0.17310138917863999,0.33397688615035137,0.518303500502464,0.8212569816725658,0.183533787121879
472,rff_lev,3600,0.1,0,0.08557802739322466,0.17456740007733842,0.4902291456211819,0.5030460606022747,0.25487323521672706
472,rff_lev,3600,1.0,0,0.062490597801716834,0.16293178359656388,0.38353841357589313,0.45025775258154294,0.29370255937703915
472,rff_lev,36,0.001,1,0.2532665730879819,0.9004068620809248,0.28128014540300045,1.982491279853933,0.7565752422110831
472,rff_lev,36,0.01,1,0.19855351938802118,0.4429633215734915,0.4482391875758937,0.8687963325676328,0.22676487960564665
472,rff_lev,36,0.1,1,0.09368773847442877,0.18952437931626628,0.49433080225572773,0.5102613120291604,0.24555331980771064
472,rff_lev,36,1.0,1,0.06350837116211448,0.16324280987156642,0.3890423793371395,0.45106906606293046,0.2918966999190996
472,rff_lev,360,0.001,1,0.2429059797420962,0.7122923555084651,0.34102005709256755,1.6280475955746765,0.46878366928697235
472,rff_lev,360,0.01,1,0.16382329900111375,0.3712823172643485,0.4412364698868046,0.8390478459319451,0.22527394846746443
472,rff_lev,360,0.1,1,0.08252196455877801,0.17323471290594783,0.47635928835799,0.5003850360106997,0.26000812533358963
472,rff_lev,360,1.0,1,0.06212635216051281,0.16247205957592586,0.38238176042496796,0.4498226409858409,0.2942360635154889
472,rff_lev,3600,0.001,1,0.22226006183180624,0.5841712163218299,0.38047075176220146,1.6386521380180934,0.3343673354616913
472,rff_lev,3600,0.01,1,0.17165091512268515,0.3414565453504788,0.5027020786686011,0.8436484295423875,0.19098669284066785
472,rff_lev,3600,0.1,1,0.08473398776063985,0.1739617861650226,0.48708391439634907,0.5045598105545968,0.2562064902671648
472,rff_lev,3600,1.0,1,0.06237682794330754,0.16279774973338115,0.38315534487094555,0.45036795783914474,0.2938722341568058
472,rff_lev_ens,36,0.001,-1,0.2239007831799241,0.6488697835233852,0.34506273656963216,1.2256640258874014,0.4115939043793192
472,rff_lev_ens,36,0.01,-1,0.17569384948784836,0.3554941540019615,0.49422430020291963,0.7804148013521782,0.19408863736263163
472,rff_lev_ens,36,0.1,-1,0.08712537440027143,0.17850801350156864,0.48807542412938126,0.5009857936932262,0.2534371070090201
472,rff_lev_ens,36,1.0,-1,0.06271612888015052,0.16306141595555074,0.3846166091017291,0.45008505059122317,0.29332199449573904
472,rff_lev_ens,360,0.001,-1,0.2267743777035702,0.6343163350146044,0.35750991293381873,1.4482996395598637,0.3884669899029601
472,rff_lev_ens,360,0.01,-1,0.1654231646524482,0.3443949895527379,0.4803297657357951,0.8266259700986859,0.20335831698866444
472,rff_lev_ens,360,0.1,-1,0.084095563319583,0.17351360566447396,0.48466264646819646,0.5082615605174101,0.25721982254245784
472,rff_lev_ens,360,1.0,-1,0.062345360237757004,0.1627197051251016,0.3831457301979798,0.45090356709965873,0.29390583996456093
472,rff_lev_ens,3600,0.001,-1,0.21875231888496152,0.5667792537079938,0.3859568208501565,1.616162240771929,0.31981857574231437
472,rff_lev_ens,3600,0.01,-1,0.17237615215066257,0.33711019653645274,0.5113347324456352,0.8324527056074766,0.1868364321986883
472,rff_lev_ens,3600,0.1,-1,0.08515600757693226,0.17422310475638902,0.4887756287893237,0.5038029355784357,0.25552513476443306
472,rff_lev_ens,3600,1.0,-1,0.06243371287251219,0.16286421069606968,0.38334826666752064,0.45031285521034387,0.293787207944576
473,ff,6,0.0,0,0.2439734297733119,0.5409950778286589,0.4509716257540182,-0.6581631292998651,0.26161530873104855
473,fm,6,0.0,0,0.2587882136371838,0.5746352440027825,0.45035214309954624,1.0573520682575912,0.2769640355007769
473,linrank,6,0.0,0,0.24039360308168412,0.5194344983007855,0.4627986856246136,0.48868062381106786,0.24417753587169708
473,linrank,6,0.001,0,0.06971596514783732,0.34287098630041757,0.20333002188395552,-0.007698160216338437,0.3803523583549233
473,linrank,6,0.01,0,0.013240949390386714,0.22102387473368867,0.0599073263299755,-0.04530546212617557,0.41990843676976103
473,linrank,6,0.1,0,-0.0029349184553516218,0.0669829604588221,-0.04381589638988662,-0.0009525419057318765,0.4077286272563534
473,linrank,6,1.0,0,-0.0006074364870379546,0.009710772479027517,-0.06255284925579743,0.0006460126057046039,0.39867300066278355
473,rff,36,0.001,0,0.16808938739529836,0.5391388723254891,0.311773823078777,0.12022257381017903,0.38010945062421253
473,rff,36,0.01,0,0.13169418121542645,0.3204861301419178,0.4109200643319871,0.407057701064993,0.25402981415597325
473,rff,36,0.1,0,0.09353369848931996,0.240735944622212,0.3885323341975491,0.3598171453561399,0.2769984104150822
473,rff,36,1.0,0,0.08346713986681666,0.2287408411780388,0.3648982815528365,0.3134511688460875,0.2897183157342326
473,rff,360,0.001,0,0.13492548421596778,0.5920575335557968,0.22789252153524384,-0.20828383024789812,0.4962495005066337
473,rff,360,0.01,0,0.11777369599673222,0.28959118330521116,0.4066895084737647,0.19790084915841535,0.25954976453086115
473,rff,360,0.1,0,0.08731239752493093,0.22689961276341636,0.3848062870692063,0.30780813905549154,0.28184555359136043
473,rff,360,1.0,0,0.08264627125464867,0.22716380782921128,0.36381795165533004,0.3063662819657571,0.29050471883794887
473,rff,3600,0.001,0,0.18206853244883658,0.659152927654203,0.276215920176192,-0.5036604885108797,0.5008579272529894
473,rff,3600,0.01,0,0.12910901138543718,0.3149293803676983,0.40996178646366666,0.1134975962399493,0.25499508827631545
473,rff,3600,0.1,0,0.09046777882735903,0.22658080486227983,0.39927379939508595,0.2960668768732881,0.27595118209075886
473,rff,3600,1.0,0,0.08305223503625546,0.22698102530817005,0.36589946196381923,0.30509506134557973,0.28967704912943704
473,rff,36,0.001,1,0.2479501102718466,0.6839893501350314,0.36250580542357413,-0.4472737199334835,0.4307839273457526
473,rff,36,0.01,1,0.11080509768739198,0.27595100027069297,0.4015390325771539,0.11699957846928087,0.26417998845660695
473,rff,36,0.1,1,0.07434282369307335,0.21642143863433233,0.3435095162576924,0.2957083443325036,0.30104290675654916
473,rff,36,1.0,1,0.08041599018865207,0.2265109456622778,0.355020327841244,0.30550205665687785,0.294305419213019
473,rff,360,0.001,1,0.2138573632883233,0.6482490587078866,0.32989999818062443,-0.31151804332420907,0.4356105469791309
473,rff,360,0.01,1,0.14617390141558165,0.32329055937617557,0.45214404558438126,0.1832457775070792,0.23089925201313183
473,rff,360,0.1,1,0.09256410333930108,0.2296428916468216,0.4030784609769663,0.3101984641710726,0.2735392238398029
473,rff,360,1.0,1,0.08324058111252221,0.2275592102462196,0.3657974600213092,0.3066770676618795,0.2895944858942716
473,rff,3600,0.001,1,0.1797742529272243,0.638741210134886,0.28145084437132295,-0.4570940074131468,0.47812406929315404
473,rff,3600,0.01,1,0.1300724562823473,0.31341380998131163,0.41501826703202166,0.1239004795562391,0.25236560721311274
473,rff,3600,0.1,1,0.08954912064467441,0.227635387198781,0.393388399521891,0.2978896831803582,0.278102132831507
473,rff,3600,1.0,1,0.08290745239426366,0.2271994119145535,0.3649105061303767,0.30529465676775913,0.2900417732557812
473,rff_ens,36,0.001,-1,0.20801974883357247,0.476784611116033,0.4362971119110797,-0.16352557306165233,0.251919743242187
473,rff_ens,36,0.01,-1,0.12124963945140925,0.27193526953817426,0.4458768428873778,0.2620286397671369,0.24351444659056018
473,rff_ens,36,0.1,-1,0.08393826109119665,0.227690756944818,0.368650279078037,0.3277627448443218,0.2883756498982072
473,rff_ens,36,1.0,-1,0.08194156502773436,0.22760560610613156,0.36001558322568444,0.3094766127514827,0.29199906156214767
473,rff_ens,360,0.001,-1,0.17439142375214556,0.6023480214711343,0.2895193767321152,-0.25990093678605364,0.4418161197516817
473,rff_ens,360,0.01,-1,0.13197379870615694,0.3041323669248351,0.4339353947775432,0.19057331333274732,0.24332944235140433
473,rff_ens,360,0.1,-1,0.08993825043211602,0.22816989894958256,0.39417228497782336,0.3090033016132821,0.2776373504207031
473,rff_ens,360,1.0,-1,0.08294342618358544,0.22735997072230799,0.3648110347660563,0.30652167481381826,0.2900487754742322
473,rff_ens,3600,0.001,-1,0.18092139268803042,0.6480161753325654,0.27919271088438585,-0.48037724796201314,0.4881781880562441
473,rff_ens,3600,0.01,-1,0.12959073383389222,0.3138463496970641,0.4129113942506513,0.11869903789809415,0.25347528145347653
473,rff_ens,3600,0.1,-1,0.0900084497360167,0.22708222219990018,0.39636942453726026,0.2969782800268231,0.27701441679857486
473,rff_ens,3600,1.0,-1,0.08297984371525956,0.22708983000662974,0.3654053715784499,0.3051948590566694,0.28985921753241223
473,linlev,11,0.0,0,-0.030745023938727474,0.8111811113709088,-0.037901553065958236,-0.48365294782276336,1.117813559426873
473,linlev,11,0.001,0,0.013277522737546026,0.5955618480109771,0.022294112327526563,-0.3096905898274635,0.7256786215486866
473,linlev,11,0.01,0,-0.04125612276875407,0.5682150592681009,-0.07260652827803388,-0.3330842860933676,0.8044461263899526
473,linlev,11,0.1,0,-0.0832063042377443,0.5059069737631534,-0.16446957356373262,-0.40376368679091723,0.8266412232500672
473,linlev,11,1.0,0,-0.10926325219729248,0.3350184181214987,-0.32614103072287437,-0.3714278742662777,0.7400657627634277
473,rff_lev,36,0.001,0,-0.14297063638156732,0.6152501473448858,-0.23237806118138712,0.2101732809760575,1.0822780790458715
473,rff_lev,36,0.01,0,0.03735228691273596,0.26149129530874027,0.1428433281828157,0.21144798821104735,0.3924317766418647
473,rff_lev,36,0.1,0,0.08056388868510836,0.22626139233943227,0.3560655569742461,0.29613199486996866,0.2939204400607107
473,rff_lev,36,1.0,0,0.0821536530347446,0.2273948447907029,0.36128195039056343,0.3044539642926441,0.2915137916823343
473,rff_lev,360,0.001,0,0.025439078327258016,0.45175656561879945,0.05631147450488629,-0.027826434999550897,0.5512164442387995
473,rff_lev,360,0.01,0,0.07926637071364286,0.2594921158735723,0.3054673566739977,0.24173633991109048,0.3124500339068529
473,rff_lev,360,0.1,0,0.08649375587588312,0.22630858467619483,0.38219387920983855,0.3026685580290285,0.2830726931593755
473,rff_lev,360,1.0,0,0.08280117314133513,0.22736893788238657,0.36417099852120755,0.3051189334493991,0.2903137815121581
473,rff_lev,3600,0.001,0,0.08665161850446283,0.4257741975931661,0.20351542905674103,0.222826635961111,0.41285239292410425
473,rff_lev,3600,0.01,0,0.10608523590357957,0.2549857568274508,0.4160437713207942,0.3354882836906308,0.2614648012619093
473,rff_lev,3600,0.1,0,0.09088536344632304,0.2265046576125362,0.40125163166310485,0.318747205401352,0.27515724192377883
473,rff_lev,3600,1.0,0,0.08325446327202787,0.22738081218727663,0.3661455092501709,0.3068464691550679,0.28948787246908564
473,rff_lev,36,0.001,1,0.24402428166479004,0.8381319524023362,0.29115258160167223,1.0153839040789803,0.6713279159576708
473,rff_lev,36,0.01,1,0.18023779333932674,0.3781663745890541,0.47660978196484965,0.612957254919378,0.2123833419464875
473,rff_lev,36,0.1,1,0.10885685796417062,0.2326644494043712,0.46787061041275463,0.3708227928060522,0.24563230522161203
473,rff_lev,36,1.0,1,0.08538451909485734,0.22706118409543977,0.37604190005002347,0.3127413898953698,0.285441718841651
473,rff_lev,360,0.001,1,0.08076369420099452,0.5465534133784008,0.14776907841773662,0.10728559130886792,0.5410794791820662
473,rff_lev,360,0.01,1,0.08714831542337159,0.26933521422237916,0.3235682184187648,0.262843615552421,0.30320311526208565
473,rff_lev,360,0.1,1,0.0873276752063687,0.22521493534920037,0.38775259318821526,0.3051693086254855,0.2810559991560385
473,rff_lev,360,1.0,1,0.08286594645857602,0.22722789910797223,0.3646820957456482,0.3053498286117738,0.29013084990582877
473,rff_lev,3600,0.001,1,0.0870084667191831,0.44337132143992675,0.19624288381261945,0.15390267222308326,0.42749512812532625
473,rff_lev,3600,0.01,1,0.10198282131883148,0.2556582892095614,0.39890285440827944,0.3204713757141718,0.2691594736555279
473,rff_lev,3600,0.1,1,0.08976136387759644,0.22596500343297857,0.39723568921689123,0.318331610351933,0.2769580170739218
473,rff_lev,3600,1.0,1,0.08311803258631455,0.2273166584423423,0.36564866453637845,0.30683698246754465,0.2897088649812655
473,rff_lev_ens,36,0.001,-1,0.05052682264161136,0.4899500312012823,0.10312648111834455,0.6127785925275188,0.5389138072046539
473,rff_lev_ens,36,0.01,-1,0.10879504012603136,0.259812493493985,0.41874445167337615,0.41220262156521265,0.2591122718870065
473,rff_lev_ens,36,0.1,-1,0.0947103733246395,0.2263154471744753,0.4184883290428851,0.33347739383801045,0.2681314494032787
473,rff_lev_ens,36,1.0,-1,0.08376908606480098,0.22718667511390161,0.36872358831257496,0.308597677094007,0.288456332607322
473,rff_lev_ens,360,0.001,-1,0.053101386264126305,0.47370257390009324,0.11209858081819439,0.03972957815465862,0.5183745728219751
473,rff_lev_ens,360,0.01,-1,0.08320734306850722,0.2600245126221935,0.3199980733716616,0.2522899777317558,0.3054849825753975
473,rff_lev_ens,360,0.1,-1,0.08691071554112592,0.22563794290586883,0.3851777516753162,0.30391893332725695,0.2820079822798932
473,rff_lev_ens,360,1.0,-1,0.08283355979995558,0.2272969462442418,0.3644288283175913,0.3052343810305864,0.29022164040866183
473,rff_lev_ens,3600,0.001,-1,0.08683004261182296,0.43243705579564923,0.2007923267631695,0.1883646540920971,0.41824463790901695
473,rff_lev_ens,3600,0.01,-1,0.10403402861120553,0.25494558526172983,0.40806365995474325,0.3279798297024013,0.26511573293859453
473,rff_lev_ens,3600,0.1,-1,0.09032336366195974,0.22622117900981192,0.39927014816787837,0.31853940787664253,0.276051064139363
473,rff_lev_ens,3600,1.0,-1,0.08318624792917119,0.2273485610106802,0.3658974024703122,0.30684172581130637,0.2895982837873005
474,ff,6,0.0,0,0.09436980678225917,0.4297025137352264,0.21961660396617522,-0.2073564914465564,0.41120742389369025
474,fm,6,0.0,0,0.2736776992018289,0.5690957626072682,0.4808992039371294,-0.3478243076051943,0.25781119837001226
474,linrank,6,0.0,0,0.36154472166658824,0.6367780560406704,0.5677719548229795,-0.4455035759631543,0.2195085618024447
474,linrank,6,0.001,0,0.1862993657674316,0.4497811153552187,0.41420006177960583,0.1233526645498323,0.2708089005963838
474,linrank,6,0.01,0,0.11777616294728654,0.31589881646454765,0.37282875657909975,0.21648881900706207,0.2845080876234299
474,linrank,6,0.1,0,0.046919130566512736,0.11654704931446709,0.40257673482505424,0.1340047263172825,0.328343485099716
474,linrank,6,1.0,0,0.007289639549426198,0.017723220105868725,0.4113044641934095,0.02289200917268782,0.3921850989925445
474,rff,36,0.001,0,0.3537720191448422,0.6866536772889694,0.515211715666618,0.15953477207275504,0.2955010024903135
474,rff,36,0.01,0,0.2631143909109479,0.4383077214855311,0.6002960431981199,-0.17573424232651902,0.14151118631209644
474,rff,36,0.1,0,0.14564154973229376,0.2738760341914537,0.5317790954665376,-0.46142947422651664,0.2113335703639902
474,rff,36,1.0,0,0.09754145294453546,0.251858816563204,0.38728623550114005,-0.5584092412102369,0.28426141934979304
474,rff,360,0.001,0,0.2005186092841064,0.6236038056935478,0.3215480846225713,0.2410796704314576,0.4344493272922106
474,rff,360,0.01,0,0.22019106096735314,0.39199639757829463,0.561717052319017,-0.17721798681021617,0.16816028382529796
474,rff,360,0.1,0,0.13259560931403852,0.2593066847260071,0.5113466683442576,-0.4692030550936108,0.22602746044059221
474,rff,360,1.0,0,0.09560061987756091,0.2506655749464734,0.3813871126818083,-0.5595742261412939,0.28716859594481337
474,rff,3600,0.001,0,0.16832466527347037,0.6152260856624828,0.2735980628848277,0.16155884757159433,0.4765841255877809
474,rff,3600,0.01,0,0.20217834712531876,0.3935287310209215,0.5137575256597217,-0.22221485348751788,0.1977813786503404
474,rff,3600,0.1,0,0.12989206563016875,0.2589068542134359,0.5016941943263086,-0.4742402858253447,0.23051770332774713
474,rff,3600,1.0,0,0.09530035635752317,0.25059313648843184,0.380299148224766,-0.5599468549072281,0.2876754919776496
474,rff,36,0.001,1,0.050027532822407045,0.4282755023530574,0.11681156766507242,-0.5962803386746892,0.4922647210269618
474,rff,36,0.01,1,0.12016902933543645,0.29036483645250327,0.41385530976679824,-0.4590305070040179,0.2648114019043522
474,rff,36,0.1,1,0.12012519540993119,0.2483513162083191,0.4836905930032165,-0.49038700533718305,0.2422551747305315
474,rff,36,1.0,1,0.09499609928089187,0.2502194900136029,0.3796510786419056,-0.5595861118328691,0.28803898021518404
474,rff,360,0.001,1,0.19239578012252756,0.6200229031249122,0.3103043115872879,-0.022106400737711692,0.44305010307906023
474,rff,360,0.01,1,0.20716644823314403,0.39548471016511305,0.5238292224916938,-0.262105641128246,0.1913903234973465
474,rff,360,0.1,1,0.13092733788501645,0.2606959079268606,0.502222451154656,-0.4815493377816419,0.22964677516114979
474,rff,360,1.0,1,0.09539568406378637,0.25107395563905627,0.3799505361716097,-0.5609096340930381,0.287744226326383
474,rff,3600,0.001,1,0.1769422512763308,0.605502891971325,0.2922236270420824,0.1341199617249928,0.45045493663542785
474,rff,3600,0.01,1,0.20860766746254847,0.3967836864594803,0.5257465832931908,-0.20658857066926797,0.19013624455515862
474,rff,3600,0.1,1,0.13127902376990916,0.2599942532591154,0.5049304825944514,-0.4720085229236713,0.22867027298564227
474,rff,3600,1.0,1,0.0954580551850055,0.2507785399047982,0.3806468257660474,-0.5597823492922729,0.2874831327221902
474,rff_ens,36,0.001,-1,0.20189977598362463,0.48180239398239766,0.4190510020400623,-0.21837278330096696,0.27549464113787325
474,rff_ens,36,0.01,-1,0.19164171012319217,0.34801727258682524,0.5506672375733315,-0.3173823746652684,0.18095627354704505
474,rff_ens,36,0.1,-1,0.13288337257111246,0.2599350598137863,0.5112175812924512,-0.47590823978184993,0.22585460759976
474,rff_ens,36,1.0,-1,0.09626877611271366,0.2510161443705182,0.3835162728442434,-0.5589976765215531,0.2861363564791685
474,rff_ens,360,0.001,-1,0.19645719470331696,0.612414231970554,0.3207913605651852,0.10948663484687297,0.4271293581798617
474,rff_ens,360,0.01,-1,0.21367875460024857,0.39281782526869913,0.5439639976981337,-0.21966181396923118,0.17900407153156156
474,rff_ens,360,0.1,-1,0.1317614735995275,0.25994837391836617,0.5068755446068137,-0.47537619643762635,0.22780842254458195
474,rff_ens,360,1.0,-1,0.09549815197067363,0.2508688209942727,0.38066967266870455,-0.5602419301171659,0.28745588515123827
474,rff_ens,3600,0.001,-1,0.17263345827490056,0.6098842590734302,0.28305937676957726,0.1478394046482936,0.4628913305474128
474,rff_ens,3600,0.01,-1,0.20539300729393362,0.3949881409658112,0.5199979087769921,-0.21440171207839295,0.19381303107672135
474,rff_ens,3600,0.1,-1,0.13058554470003894,0.259435698935404,0.5033445483250668,-0.47312440437450803,0.22958550368234476
474,rff_ens,3600,1.0,-1,0.09537920577126434,0.2506856098647038,0.38047339782583034,-0.5598646020997505,0.2875791830599822
474,linlev,11,0.0,0,0.08760948962520854,0.7791173413494318,0.11244710517348881,1.614663108871895,0.8458774017290946
474,linlev,11,0.001,0,0.2807440252641374,0.5477154146411317,0.5125728028817366,0.16814752759289198,0.22371845934445786
474,linlev,11,0.01,0,0.2245981113630675,0.46651050473072253,0.481442773711407,0.3287545407772548,0.22527726664155054
474,linlev,11,0.1,0,0.15183423517743774,0.3057456827911116,0.49660303881109047,0.1783294089893685,0.21926271387816024
474,linlev,11,1.0,0,0.04690246166402227,0.08156819223399336,0.5750092086076142,0.03072832387084255,0.32144541428213735
474,rff_lev,36,0.001,0,0.006083577037379871,0.6624385185962057,0.009183610050743682,-0.21930928179150916,0.8330917734704608
474,rff_lev,36,0.01,0,0.10948389068980745,0.31754417247144123,0.34478318351017456,-0.4866033409759463,0.3002503691272504
474,rff_lev,36,0.1,0,0.10124428107027404,0.2497088154865196,0.4054493665872988,-0.5528599195081835,0.27651346155628453
474,rff_lev,36,1.0,0,0.09136264078920624,0.2507580112691637,0.3643458501157818,-0.570617982839292,0.2948985574849463
474,rff_lev,360,0.001,0,0.30083585774143307,0.6541460757747901,0.4598909462005319,0.14505941867584105,0.3231347129874302
474,rff_lev,360,0.01,0,0.1908306629661769,0.35284091487446373,0.5408405174158218,-0.17407851183057463,0.18564885392092054
474,rff_lev,360,0.1,0,0.11283379432976617,0.24979348136310367,0.45170832206685657,-0.4812732592842444,0.25585778653053404
474,rff_lev,360,1.0,0,0.0925877656241961,0.25043681818763747,0.36970508687275194,-0.5623188160343773,0.29251268971455185
474,rff_lev,3600,0.001,0,0.29994312860288724,0.6334911370142507,0.47347644043856585,0.10705588386865682,0.2977877705816372
474,rff_lev,3600,0.01,0,0.1907311800873562,0.35648259329438037,0.5350364468703581,-0.19860935814581956,0.18839298892040487
474,rff_lev,3600,0.1,0,0.11204204929376078,0.25008725122022485,0.44801183885658147,-0.49255562450483015,0.257410082161027
474,rff_lev,3600,1.0,0,0.09245554236955102,0.2505097626138223,0.36906961790577986,-0.5638100224044976,0.29278921045629464
474,rff_lev,36,0.001,1,0.5600530873669132,1.167357386620727,0.47976146275834014,1.562083647504897,0.9626736807490738
474,rff_lev,36,0.01,1,0.28887519595837013,0.5392191542079418,0.5357287360882024,0.2837277017256832,0.20285290990368982
474,rff_lev,36,0.1,1,0.13178888089264848,0.2628646859371639,0.5013563553536886,-0.41274750794863607,0.22928551717019874
474,rff_lev,36,1.0,1,0.09472489409542481,0.2501656755962983,0.3786486450214933,-0.5549666554008875,0.2885030093328074
474,rff_lev,360,0.001,1,0.3036837709850561,0.7522420058644337,0.40370488302641383,0.3363359833727258,0.45712145289225375
474,rff_lev,360,0.01,1,0.17423045527587108,0.3722611236773573,0.4680329053830463,-0.14825657319663024,0.22687081191113903
474,rff_lev,360,0.1,1,0.10801830563199215,0.24824240463749567,0.43513236906373637,-0.49298696692099747,0.26365276126354353
474,rff_lev,360,1.0,1,0.09198847905011832,0.2502249733771404,0.36762309456407777,-0.5641045021968623,0.2934945861950232
474,rff_lev,3600,0.001,1,0.2977348349951193,0.650326827016464,0.45782339375580106,0.18184935998421703,0.3224984706323496
474,rff_lev,3600,0.01,1,0.18684787835978992,0.35785295859687666,0.5221359049046597,-0.18802972986128633,0.19567223962022817
474,rff_lev,3600,0.1,1,0.11087324605539556,0.24931733309779266,0.44470733212883534,-0.4956701105396791,0.2591026438787801
474,rff_lev,3600,1.0,1,0.09230905735525781,0.25042488368708893,0.3686097643179896,-0.5642855908272557,0.29301259644470784
474,rff_lev_ens,36,0.001,-1,0.28306833220214656,0.6663853837548869,0.424781724063543,0.6713871828566939,0.36445762268927484
474,rff_lev_ens,36,0.01,-1,0.19917954332408877,0.37495035862819237,0.5312157696096481,-0.10143781962513158,0.18829830198174025
474,rff_lev_ens,36,0.1,-1,0.11651658098146125,0.25245166386597095,0.46154015860763364,-0.4828037137284098,0.25067192098509933
474,rff_lev_ens,36,1.0,-1,0.09304376744231554,0.2504107515914839,0.37156458678781357,-0.5627923191200899,0.2916722790035557
474,rff_lev_ens,360,0.001,-1,0.30225981436324456,0.6836669474054919,0.4421155878755248,0.24069770102428345,0.3606389883428727
474,rff_lev_ens,360,0.01,-1,0.182530559121024,0.35768153701077526,0.510315854283318,-0.16116754251360244,0.2025894954050914
474,rff_lev_ens,360,0.1,-1,0.11042604998087915,0.2487397633018463,0.44394208836999205,-0.48713011310262094,0.259610409115795
474,rff_lev_ens,360,1.0,-1,0.09228812233715723,0.2503272072828495,0.36866996336071095,-0.5632116591156198,0.2930016902719496
474,rff_lev_ens,3600,0.001,-1,0.2988389817990033,0.6407550583062741,0.4663856772179572,0.14445262192643687,0.3085909449054504
474,rff_lev_ens,3600,0.01,-1,0.18878952922357306,0.3568888064982183,0.5289869723737485,-0.19331954400355286,0.19182917481675013
474,rff_lev_ens,3600,0.1,-1,0.11145764767457815,0.24968431215243472,0.44639427569054546,-0.49411286752225464,0.25824689432674375
474,rff_lev_ens,3600,1.0,-1,0.0923822998624044,0.2504670764239357,0.36884009340229584,-0.5640478066158766,0.29290077269112724
475,ff,6,0.0,0,0.10321149071070812,0.5142140842679456,0.2007169656926917,0.7163332982127776,0.474052051995694
475,fm,6,0.0,0,0.24929811619798528,0.554536682887012,0.44956109107173403,1.281277852050918,0.2764705481540859
475,linrank,6,0.0,0,0.36137232342782155,0.6553707456939833,0.5514013644981334,0.42625514741687076,0.2427624207383287
475,linrank,6,0.001,0,0.1955380644810471,0.4732284236205853,0.41320016871560805,0.43589432373310066,0.2765104437641859
475,linrank,6,0.01,0,0.11907285154084996,0.3162880115592333,0.37646969593898255,0.4051630055383746,0.281477044291325
475,linrank,6,0.1,0,0.04396434126872828,0.10896274115183498,0.4034804998845048,0.1522623306098589,0.3312833568679203
475,linrank,6,1.0,0,0.006595591785645616,0.015969319738229317,0.4130164524075674,0.02165705979507748,0.3925136345754753
475,rff,36,0.001,0,0.31279495044815825,0.7281436360313641,0.42957863664509854,-1.3958810710291951,0.40785023196538667
475,rff,36,0.01,0,0.2417662135866556,0.4287687658344634,0.5638615329550272,-0.05064467857851746,0.1641674265567879
475,rff,36,0.1,0,0.11148045424760485,0.19386333534843467,0.5750466123325417,0.13113421114069754,0.23245627311932412
475,rff,36,1.0,0,0.06263141015700491,0.15533182428453207,0.40321042030819526,0.08265390893698739,0.30819414600266776
475,rff,360,0.001,0,0.17719153711572685,0.688835333617049,0.25723351934532834,-1.1479696887513544,0.5569141805761533
475,rff,360,0.01,0,0.19701959404353056,0.3769128599242139,0.5227192144177447,-0.0015443666094406788,0.19224713346912836
475,rff,360,0.1,0,0.09762859457758181,0.1746266977534825,0.5590702672245593,0.13212238032193044,0.25017493403517815
475,rff,360,1.0,0,0.060649190298022224,0.15380813351453537,0.39431718539312927,0.08145262355828284,0.3114431827658483
475,rff,3600,0.001,0,0.15640912402828086,0.6645484949534346,0.23536149011855118,-0.6062764265906897,0.5586765653104694
475,rff,3600,0.01,0,0.18096842082692924,0.3716889109799246,0.4868814093749048,0.08184391056522318,0.21437167137103827
475,rff,3600,0.1,0,0.09524778445382781,0.17382604300976284,0.5479488735095827,0.13950884674686126,0.25419836190700096
475,rff,3600,1.0,0,0.0603922891261174,0.15369748382188672,0.39292958885457996,0.08198007134270487,0.31189186400969876
475,rff,36,0.001,1,0.02878082301039688,0.4165881119809721,0.06908700028317528,-0.5403803717621075,0.5222186419390947
475,rff,36,0.01,1,0.08988256050482221,0.24336756496146597,0.3693284292796122,-0.05443916672483847,0.29294782249139384
475,rff,36,0.1,1,0.0847363677739277,0.158831722765891,0.5334977566088881,0.08000780284742033,0.26834132977530567
475,rff,36,1.0,1,0.05998817174600114,0.15318070567511743,0.3916170217496627,0.07408386779381111,0.31249286299141427
475,rff,360,0.001,1,0.18006482418816314,0.6935183308357569,0.2596396031394982,-0.4063489375609288,0.5586676648816639
475,rff,360,0.01,1,0.18423129306664587,0.3737929309384385,0.4928699229386649,0.09318161622546162,0.21060603557412674
475,rff,360,0.1,1,0.09559895828295747,0.17384020783055115,0.5499243211682162,0.12196951907897133,0.2535679592603028
475,rff,360,1.0,1,0.06039802419537693,0.1539847830775701,0.39223371938609886,0.07919386021976975,0.31196948349825965
475,rff,3600,0.001,1,0.17019406202030715,0.6658680855201026,0.25559726576679276,-0.5094043906544475,0.5373644991634262
475,rff,3600,0.01,1,0.18816379615310938,0.37950663283776226,0.49581161400556795,0.11308852876850321,0.20850960338724808
475,rff,3600,0.1,1,0.09668398910017263,0.1752596060019112,0.551661568263016,0.14369970025576412,0.25210204218678406
475,rff,3600,1.0,1,0.06055614770750572,0.15388328823284253,0.3935199747998466,0.08244704789243106,0.3116411151503758
475,rff_ens,36,0.001,-1,0.1707878867292776,0.4734367277915216,0.3607406791736788,-0.9681307213956515,0.3171413611597026
475,rff_ens,36,0.01,-1,0.16582438704573893,0.30856685633917547,0.5374018098154567,-0.05254192265167796,0.19646875522152035
475,rff_ens,36,0.1,-1,0.09810841101076628,0.17404829979935604,0.5636849720673299,0.10557100699405891,0.24910754609543329
475,rff_ens,36,1.0,-1,0.061309790951503025,0.1542079812436647,0.3975785848245245,0.07836888836539925,0.31032570718561936
475,rff_ens,360,0.001,-1,0.178628180651945,0.6822575010392837,0.26181929898878425,-0.7771593131561415,0.5455332604863639
475,rff_ens,360,0.01,-1,0.19062544355508823,0.37413229827504324,0.509513464712822,0.04581862480801052,0.2004684463758254
475,rff_ens,360,0.1,-1,0.09661377643026965,0.17415574957583124,0.5547550205237519,0.12704594970045088,0.2518431911887603
475,rff_ens,360,1.0,-1,0.06052360724669958,0.15389511435421613,0.3932782889221166,0.0803232418890263,0.31170589590571274
475,rff_ens,3600,0.001,-1,0.16330159302429406,0.6646080962245403,0.24571110997889803,-0.5578404086225688,0.5471744429457539
475,rff_ens,3600,0.01,-1,0.1845661084900193,0.37534736854049144,0.49172080040867217,0.09746621966686324,0.2112243756362443
475,rff_ens,3600,0.1,-1,0.09596588677700023,0.1745170936737157,0.549893908710295,0.14160427350131266,0.2531401909980779
475,rff_ens,3600,1.0,-1,0.06047421841681157,0.1537899763419556,0.3932260076713045,0.08221355961756796,0.3117663482256222
475,linlev,11,0.0,0,0.3255524850516331,0.6315251699288994,0.515501995095913,0.5287074045422048,0.2591097878166148
475,linlev,11,0.001,0,0.33770156592804446,0.6194083439086981,0.5452002209027753,0.5972852230468134,0.22771220942074236
475,linlev,11,0.01,0,0.2702992108453599,0.5074423117620503,0.5326698317819987,0.733881405103698,0.19536723860218033
475,linlev,11,0.1,0,0.21222497774206314,0.38680777102483976,0.5486574821901254,0.5979984866647805,0.1756160345615596
475,linlev,11,1.0,0,0.11384263845428899,0.2412857708614715,0.47181662659937396,0.21502930185103136,0.24889998978473232
475,rff_lev,36,0.001,0,0.11637775342888516,0.7539562976900153,0.1543560996644572,0.08818461191070187,0.754644670604681
475,rff_lev,36,0.01,0,0.10591585480741438,0.3166812242957231,0.3344557450255026,0.1221515505980398,0.30507975364905643
475,rff_lev,36,0.1,0,0.0662936543273537,0.15269629204864724,0.43415366174205017,0.08002459873465524,0.3005299946976349
475,rff_lev,36,1.0,0,0.05641323472091769,0.15262597155574148,0.3696175306593522,0.07278851038032211,0.3190569679460378
475,rff_lev,360,0.001,0,0.3012226489497637,0.6471644458681611,0.4654499345149874,-0.08351753991355458,0.3125179034794914
475,rff_lev,360,0.01,0,0.15524059598432188,0.27472982823056813,0.5650664035433225,0.07667980444781652,0.194501226335383
475,rff_lev,360,0.1,0,0.07470091646846229,0.15503575815696763,0.48183023940083897,0.08521746624221205,0.2856207774344711
475,rff_lev,360,1.0,0,0.05737856439746708,0.1531144483264419,0.3747429783708934,0.07377065108836127,0.3173855022865526
475,rff_lev,3600,0.001,0,0.29556075080905386,0.6394045812556578,0.46224371778605955,0.4119259362010566,0.3104791714742888
475,rff_lev,3600,0.01,0,0.16382880548560155,0.296652129847789,0.5522589895769885,0.1680075154947583,0.19259104982172728
475,rff_lev,3600,0.1,0,0.07578232820711206,0.15549781703821086,0.4873530037305275,0.09086315760238912,0.28376417310077706
475,rff_lev,3600,1.0,0,0.057465804626445335,0.1530795732425064,0.3753982547064516,0.0741705688982902,0.3172103623354438
475,rff_lev,36,0.001,1,0.21189503001320975,0.5568972284905342,0.3804921611614941,-0.5524437656240696,0.3366502639611797
475,rff_lev,36,0.01,1,0.16881423095201176,0.33294356806514225,0.5070355674177863,-0.10276162866464393,0.2071274993267056
475,rff_lev,36,0.1,1,0.08312679129909689,0.17062159988711262,0.4871996942596693,0.04913002968032961,0.2751745083243896
475,rff_lev,36,1.0,1,0.058456735843386766,0.1542019642562956,0.3790920311898696,0.06960189874118557,0.3156882612020517
475,rff_lev,360,0.001,1,0.25080851168106466,0.6591990166896484,0.380474644729553,0.8009779548768328,0.4012375269170026
475,rff_lev,360,0.01,1,0.13685625284376224,0.2936752284536147,0.4660122461277947,0.4149477744314694,0.23666856520505594
475,rff_lev,360,0.1,1,0.07048155250430652,0.15283386435757335,0.4611644991152379,0.13149282156125028,0.2927690314721353
475,rff_lev,360,1.0,1,0.056873454023944114,0.15284646627895135,0.37209531504737325,0.0785116168088511,0.3182560211215499
475,rff_lev,3600,0.001,1,0.29327692277726,0.676102057415266,0.4337761134738383,0.4370520524570227,0.3619777970631964
475,rff_lev,3600,0.01,1,0.16107329182633032,0.30574064132419326,0.526829835669559,0.20934321405757303,0.20268165858730045
475,rff_lev,3600,0.1,1,0.07507118836488196,0.15511905526275122,0.4839585197171377,0.0974462517495387,0.284961525041222
475,rff_lev,3600,1.0,1,0.057381102431773356,0.15300387870745433,0.3750303777689641,0.07485321086888316,0.3173468700951262
475,rff_lev_ens,36,0.001,-1,0.1641363917210474,0.5414828286303804,0.30312390909276266,-0.23212957685668392,0.39727792248953
475,rff_lev_ens,36,0.01,-1,0.13736504287971307,0.2932082146458399,0.46848974898480744,0.00969496096669791,0.23551642352458205
475,rff_lev_ens,36,0.1,-1,0.07471022281322529,0.1597222953648607,0.46775074602178374,0.06457731420749242,0.2870786805458329
475,rff_lev_ens,36,1.0,-1,0.057434985282152226,0.15338613393122852,0.37444704948299634,0.07119520456075384,0.31736241019528716
475,rff_lev_ens,360,0.001,-1,0.2760155803154141,0.6234479039812224,0.4427243696752045,0.3587302074816391,0.31824702606746796
475,rff_lev_ens,360,0.01,-1,0.14604842441404203,0.2746205022705573,0.5318190856345988,0.24581378943964302,0.21005601085593506
475,rff_lev_ens,360,0.1,-1,0.07259123448638441,0.15343288811075168,0.47311391566836863,0.10835514390173115,0.2890349666483567
475,rff_lev_ens,360,1.0,-1,0.0571260092107056,0.15297429432476803,0.3734353504480023,0.07614113394860618,0.317818794373953
475,rff_lev_ens,3600,0.001,-1,0.29441883679315695,0.6562768826629164,0.44861985020487055,0.42448899432903964,0.33395042173293876
475,rff_lev_ens,3600,0.01,-1,0.16245104865596594,0.30070863773825895,0.5402274104190037,0.18867536477616564,0.1973202278507525
475,rff_lev_ens,3600,0.1,-1,0.075426758285997,0.15527522316804654,0.4857617123136666,0.09415470467596392,0.28435237136628877
475,rff_lev_ens,3600,1.0,-1,0.057423453529109346,0.1530413064766257,0.3752153902180634,0.07451188988358667,0.3172784845879254
476,ff,6,0.0,0,0.12215748584209944,0.5555519477376784,0.21988490246420667,0.312645507992843,0.487247846494552
476,fm,6,0.0,0,0.21599772581917343,0.4967236652421538,0.4348448462061378,0.9219942097601028,0.2693963657286673
476,linrank,6,0.0,0,0.33709068857579905,0.6320221889027293,0.533352617193759,0.9498033878194055,0.24690320263466564
476,linrank,6,0.001,0,0.1659482473724897,0.43875835659944273,0.378222419872881,0.531484030330066,0.2961536217432255
476,linrank,6,0.01,0,0.10888595729708768,0.3175750493188884,0.3428668515697888,0.37289041211947394,0.30294054924858244
476,linrank,6,0.1,0,0.046995817956519845,0.12502756726470016,0.37588364698021665,0.15914369889831137,0.3318512637648519
476,linrank,6,1.0,0,0.00739479839506302,0.019064274422176293,0.38788774391859926,0.024406848652576155,0.39363093300878177
476,rff,36,0.001,0,0.4027712580029151,0.8074287209987773,0.4988319681082103,1.3020074858655988,0.41662570995750203
476,rff,36,0.01,0,0.25435672445670976,0.45598716743107137,0.5578155321556483,0.6935469005807664,0.17191059142109916
476,rff,36,0.1,0,0.11369769699445438,0.19415582342432333,0.5856002410289314,0.29818498059156706,0.23123065627887116
476,rff,36,1.0,0,0.06115304465951495,0.14887884164391832,0.41075712293475547,0.13958202943443587,0.31160091523769373
476,rff,360,0.001,0,0.2229378949764158,0.7143899009351276,0.31206753438786416,0.6662148175203958,0.5221808458181454
476,rff,360,0.01,0,0.19801387096894596,0.395382017780871,0.5008165826061655,0.5212879971641491,0.20751109133904752
476,rff,360,0.1,0,0.0986821346941942,0.1724346683741466,0.5722870906683043,0.2443798394303864,0.2501100093730767
476,rff,360,1.0,0,0.05900743188492476,0.1468279991248838,0.4018813321479392,0.13129697909317617,0.3150278747711815
476,rff,3600,0.001,0,0.17362729845762834,0.7023236477380205,0.24721835725855337,0.35927238819366586,0.584152748222837
476,rff,3600,0.01,0,0.180731026544129,0.3901069239047823,0.46328587233238144,0.4365539889846267,0.23138746314224834
476,rff,3600,0.1,0,0.09614574673702359,0.17152843357183536,0.5605236679128079,0.23403359899894063,0.2543769148615404
476,rff,3600,1.0,0,0.058718919405219984,0.1466725717983352,0.40034015007219276,0.13014818573614997,0.31552531619997465
476,rff,36,0.001,1,0.06243570175900672,0.4773523142936657,0.13079585012883474,0.5078280219552576,0.5148944454940049
476,rff,36,0.01,1,0.11022532666095583,0.28828831405870503,0.3823440676770211,0.3880059130214239,0.2828115215347733
476,rff,36,0.1,1,0.09005753154549344,0.15883837937911302,0.5669758901943056,0.207819874475116,0.26122732685722383
476,rff,36,1.0,1,0.05884057294690063,0.14649730665721902,0.40164952031902157,0.1271137815977415,0.3152449281850976
476,rff,360,0.001,1,0.17533314622466908,0.7117501400439908,0.2463408664926042,0.5035488014793538,0.5946660817647037
476,rff,360,0.01,1,0.1811743620974189,0.3916859581415861,0.4625500565734559,0.5068492150602694,0.23189571528822128
476,rff,360,0.1,1,0.09552925963672558,0.17017891373028438,0.561346041896409,0.24428644778925676,0.25503058304806936
476,rff,360,1.0,1,0.058561372737801425,0.1469106227963654,0.39861904893680866,0.13089072301851506,0.3158918201881089
476,rff,3600,0.001,1,0.18385127466554715,0.6891523662421167,0.26677884843967226,0.36307860697482525,0.549032125958521
476,rff,3600,0.01,1,0.18659486502611744,0.3922737699227719,0.4756751007411302,0.45034495748238174,0.223509024367664
476,rff,3600,0.1,1,0.09718335166546378,0.17229128073768005,0.5640642477632347,0.23901968638937834,0.25276458612459585
476,rff,3600,1.0,1,0.05883317213244772,0.14683193074549808,0.40068377384768245,0.13080568595603162,0.3153570139610817
476,rff_ens,36,0.001,-1,0.2326034798809609,0.542278622318057,0.4289372110717918,0.9049177539104283,0.29096592351034084
476,rff_ens,36,0.01,-1,0.18229102555883275,0.34507340236803746,0.528267389801346,0.5407764068010951,0.19572602009983908
476,rff_ens,36,0.1,-1,0.10187761426997391,0.17404791827435515,0.5853423314686375,0.25300242753334146,0.24491889780139048
476,rff_ens,36,1.0,-1,0.0599968088032078,0.14762982609387346,0.40640032160613393,0.13334790551608866,0.31340296520902056
476,rff_ens,360,0.001,-1,0.1991355206005424,0.7069779748878132,0.28167146314868186,0.5848818094998749,0.5492041715365976
476,rff_ens,360,0.01,-1,0.18959411653318245,0.3924991576394416,0.4830433717958391,0.5140686061122093,0.21881568490166445
476,rff_ens,360,0.1,-1,0.09710569716545989,0.17122732360401507,0.5671156630937545,0.2443331436098216,0.2525393186360244
476,rff_ens,360,1.0,-1,0.05878440231136309,0.14686758173319378,0.40025444429359136,0.13109385105584564,0.3154592880928945
476,rff_ens,3600,0.001,-1,0.17873928656158772,0.6950238342901653,0.2571700102114281,0.3611754975842454,0.5655296898651332
476,rff_ens,3600,0.01,-1,0.1836629457851232,0.39092889061161323,0.4698116465574601,0.4434494732335042,0.22723398379540938
476,rff_ens,3600,0.1,-1,0.09666454920124366,0.17188069233308134,0.5623932967056064,0.23652664269415952,0.25356030926305184
476,rff_ens,3600,1.0,-1,0.05877604576883385,0.1467517516602517,0.40051341877613567,0.13047693584609082,0.3154410088302646
476,linlev,11,0.0,0,0.3593093212831889,0.6705506156633663,0.5358422062258927,0.7174648643999043,0.26812507415748776
476,linlev,11,0.001,0,0.28456210761760403,0.5964071884629011,0.4771272263686086,0.84029881474806,0.2755553125031473
476,linlev,11,0.01,0,0.2214090799762601,0.4876496171108882,0.4540331258496881,0.6487111282187539,0.2520083700081698
476,linlev,11,0.1,0,0.12110701234219517,0.31206973486021966,0.3880767623827433,0.40344478708198706,0.27784280336615025
476,linlev,11,1.0,0,0.01649823509890038,0.08959042334317087,0.184151770727825,0.07800554134264123,0.3833045657147465
476,rff_lev,36,0.001,0,0.022561261032735057,0.6886718428313345,0.03276053938836676,0.7568645610557662,0.8376577957389838
476,rff_lev,36,0.01,0,0.09198585155266904,0.27313715519024506,0.3367753152755772,0.4903822525896999,0.3070959995223117
476,rff_lev,36,0.1,0,0.06677016799901796,0.14844517087558448,0.4497968347854149,0.19892175140922988,0.30095628828922283
476,rff_lev,36,1.0,0,0.05464218989898929,0.14623066496150125,0.37367121262407693,0.12360217425436261,0.3230871966904215
476,rff_lev,360,0.001,0,0.2583034388769882,0.6685562250927262,0.3863600833888915,0.8756470939970682,0.4050836150882976
476,rff_lev,360,0.01,0,0.16517031368257798,0.32769005144587954,0.5040443338264027,0.41523849696776693,0.2123237751698085
476,rff_lev,360,0.1,0,0.07902636229109883,0.15591239139359847,0.5068638969919843,0.17994498967606493,0.2805035153411971
476,rff_lev,360,1.0,0,0.05597842863940031,0.14658574976446578,0.3818817908926791,0.12139351333402267,0.3206665094245065
476,rff_lev,3600,0.001,0,0.29175004335306104,0.6856262075478579,0.4255234705751769,0.7570356769280623,0.3797036977632093
476,rff_lev,3600,0.01,0,0.16991008190368267,0.33547648995834445,0.5064738871113744,0.39935270058139594,0.20959614763628212
476,rff_lev,3600,0.1,0,0.07856534549033725,0.15617463807922866,0.5030608455803203,0.17954347205648352,0.2814347403068797
476,rff_lev,3600,1.0,0,0.055880777973502306,0.14663787528399394,0.3810801122512029,0.1213712701633338,0.3208661720640835
476,rff_lev,36,0.001,1,0.35525475123111655,0.8567792995945426,0.41463974608074133,1.2925769606629764,0.5577696042201246
476,rff_lev,36,0.01,1,0.25335734378532243,0.4988279264921728,0.5079052922456977,0.6368517703609303,0.2143069565241499
476,rff_lev,36,0.1,1,0.09983288223447208,0.18501709725629173,0.5395873339001763,0.2274731674937728,0.25253456637980193
476,rff_lev,36,1.0,1,0.05838258936882033,0.14738985678408315,0.39610995385080766,0.1268678044199736,0.31636951808296027
476,rff_lev,360,0.001,1,0.30536461851043967,0.793719992493762,0.3847258748655491,0.8749272526874112,0.5205121398978049
476,rff_lev,360,0.01,1,0.16291351457982448,0.3578346691352625,0.45527593783329784,0.4189195205032707,0.23676183470460468
476,rff_lev,360,0.1,1,0.07660251227414845,0.15553778235888496,0.49250099308602235,0.1837521076069585,0.28485732227589416
476,rff_lev,360,1.0,1,0.055651180046547156,0.14636123049911803,0.3802317038246171,0.12187840174513549,0.32121870373705497
476,rff_lev,3600,0.001,1,0.2802940574513637,0.6875433670632555,0.40767473133891213,0.705621255900457,0.39869492552885955
476,rff_lev,3600,0.01,1,0.1642952705459923,0.3352019959522425,0.49013810338229635,0.39199230478582603,0.21876517311852348
476,rff_lev,3600,0.1,1,0.07740055024990157,0.15533545941332366,0.49827998412101554,0.17953527599922028,0.2833212498266927
476,rff_lev,3600,1.0,1,0.055743258170815185,0.14653195542971684,0.38041707699418575,0.12138062328971251,0.3210948086482844
476,rff_lev_ens,36,0.001,-1,0.18890800613192582,0.6231415324838693,0.3031542535432204,1.0247207608593711,0.4541779922195933
476,rff_lev_ens,36,0.01,-1,0.17267159766899567,0.3451806581132774,0.5002354379089523,0.5636170114753151,0.2116243722354475
476,rff_lev_ens,36,0.1,-1,0.083301525116745,0.1617201684722144,0.515096700082014,0.21319745945150137,0.27449190694032716
476,rff_lev_ens,36,1.0,-1,0.05651238963390482,0.14672170174917365,0.38516721766569273,0.12523498933716812,0.3196985288748582
476,rff_lev_ens,360,0.001,-1,0.28183402869371393,0.7190126251896406,0.3919736856072309,0.8752871733422396,0.44074391772076016
476,rff_lev_ens,360,0.01,-1,0.16404191413120126,0.340279672686117,0.4820796753337596,0.4170790087355188,0.22261857716915687
476,rff_lev_ens,360,0.1,-1,0.07781443728262366,0.15545108608641828,0.5005718470140833,0.18184854864151168,0.28259365244617124
476,rff_lev_ens,360,1.0,-1,0.055814804342973735,0.14646948847850727,0.3810677904508687,0.12163595753957908,0.32094139494941265
476,rff_lev_ens,3600,0.001,-1,0.28602205040221235,0.6854660634115662,0.41726653684163434,0.7313284664142595,0.38763063679717047
476,rff_lev_ens,3600,0.01,-1,0.16710267622483752,0.33510700264719573,0.4986546831453863,0.395672502683611,0.21401705537137564
476,rff_lev_ens,3600,0.1,-1,0.0779829478701194,0.15573488440459582,0.5007416814046711,0.1795393740278519,0.2823711988351479
476,rff_lev_ens,3600,1.0,-1,0.055812018072158756,0.14658462439602915,0.3807494701584176,0.12137594672652313,0.3209803975226545
477,ff,6,0.0,0,0.24646120204873118,0.508312464992954,0.48486161371657,0.17572446856662693,0.24046214051711134
477,fm,6,0.0,0,0.15830738062484376,0.636739906149553,0.2486217356505085,0.621684116109522,0.5281440320260083
477,linrank,6,0.0,0,0.24266744912983246,0.5641543148998638,0.4301437438671464,0.7041599593317618,0.3060825420597048
477,linrank,6,0.001,0,0.06987849436503916,0.37818210571649985,0.18477472442184462,0.1089829220668263,0.42240757876086754
477,linrank,6,0.01,0,0.011329658898738435,0.25478402468470607,0.04446769734781775,0.009771371661138263,0.456643801039877
477,linrank,6,0.1,0,-0.0020377021469936423,0.0834293190463007,-0.024424293165605012,0.001811886106470313,0.42529986623261173
477,linrank,6,1.0,0,-0.0004288893344664789,0.011365159298946301,-0.03773720395685457,0.00021041303333567583,0.41524698789293985
477,rff,36,0.001,0,0.1933065898929796,0.6015537453953476,0.32134550133327894,0.13010835477637406,0.42688102494131924
477,rff,36,0.01,0,0.12746974378171375,0.3634975987969375,0.3506756143743409,0.33218153175255344,0.30769941077954277
477,rff,36,0.1,0,0.08226856038274888,0.21423696209511356,0.384007314042404,0.46384016850768095,0.30238832962175044
477,rff,36,1.0,0,0.07519022684405528,0.20639731763474775,0.3642984691163289,0.47887974198279304,0.31213282768362405
477,rff,360,0.001,0,0.12486911308454908,0.6561840177138436,0.19029587693951341,0.3210476246974697,0.6106913927685608
477,rff,360,0.01,0,0.10490479169842568,0.3200012285705649,0.3278262154399593,0.40862790254606135,0.31785607664316484
477,rff,360,0.1,0,0.07618384110945937,0.19799553632304343,0.38477554860206625,0.4642166855367371,0.3068983862631774
477,rff,360,1.0,0,0.07448060004102654,0.20492588299448072,0.3634514047355967,0.47850063361508816,0.31284063565354103
477,rff,3600,0.001,0,0.1472412333441341,0.685906185227715,0.21466672340219717,-0.045422275314768834,0.6119246674741251
477,rff,3600,0.01,0,0.10859090196990188,0.32997083676966915,0.3290924223273162,0.33668452528399845,0.3177507916013639
477,rff,3600,0.1,0,0.07801261299793393,0.19715564648560463,0.3956904830703392,0.455479244867395,0.30319094916410944
477,rff,3600,1.0,0,0.07473812536472464,0.20469874478007719,0.3651127682537637,0.4775985752740867,0.31227097120017844
477,rff,36,0.001,1,0.12241568261288995,0.5379226377611431,0.22757116733809385,-0.39661579483917664,0.4737748567717611
477,rff,36,0.01,1,0.06757322544608528,0.25845398666521346,0.2614516661861973,0.09923885879237744,0.3504780115602144
477,rff,36,0.1,1,0.06215685405227395,0.18690116653270764,0.33256536171162165,0.4174169655441364,0.3287416708844699
477,rff,36,1.0,1,0.07245713287570653,0.20416116364447284,0.3549016452604262,0.47382156948400267,0.3162774095258751
477,rff,360,0.001,1,0.1520925353005488,0.7327113416299454,0.20757497074115563,-0.0037285495231995118,0.6700728372782607
477,rff,360,0.01,1,0.11322101938221035,0.3473642947136765,0.32594317005302903,0.35985044848069325,0.32129877213951114
477,rff,360,0.1,1,0.07745603768836132,0.1969777187757469,0.3932223307781457,0.4649503671911001,0.30414744252381065
477,rff,360,1.0,1,0.07462817072479917,0.2048686591684672,0.3642732423187828,0.4788192354554276,0.3125440483576722
477,rff,3600,0.001,1,0.14748023980777458,0.6771112831040994,0.21780797852263953,-0.0782939863010267,0.5995294896571445
477,rff,3600,0.01,1,0.10930922055994512,0.33141689357551446,0.3298239247271161,0.3332775873245782,0.3174270803588316
477,rff,3600,0.1,1,0.07675401882392059,0.19786006564158382,0.3879207184887811,0.4565953479742953,0.3057916057655286
477,rff,3600,1.0,1,0.07454624337933564,0.20484444856089648,0.36391634678434753,0.4777667505321861,0.31268576218157285
477,rff_ens,36,0.001,-1,0.1578611362529348,0.47277968394777037,0.33389999954053495,-0.13325372003140135,0.3469783538190068
477,rff_ens,36,0.01,-1,0.09752148461389952,0.2842703172333735,0.3430589783802107,0.2157101952724655,0.309536942425518
477,rff_ens,36,0.1,-1,0.0722127072175114,0.1987219378393386,0.36338568354689377,0.4406285670259087,0.31453952765933624
477,rff_ens,36,1.0,-1,0.0738236798598809,0.20524710736019144,0.3596819502568021,0.47635065573339785,0.3141888095000735
477,rff_ens,360,0.001,-1,0.13848082419254892,0.6899314754855626,0.2007167800180277,0.15865953758713505,0.6324805895816903
477,rff_ens,360,0.01,-1,0.10906290554031803,0.33234337779361595,0.32816331790442865,0.3842391755133772,0.3184808854795856
477,rff_ens,360,0.1,-1,0.07681993939891034,0.19742042790639489,0.3891184930230919,0.46458352636391864,0.3054961080782308
477,rff_ens,360,1.0,-1,0.07455438538291287,0.20489639345190575,0.3638638246720171,0.4786599345352579,0.31269197609565147
477,rff_ens,3600,0.001,-1,0.14736073657595436,0.6809476906238451,0.21640536946523886,-0.06185813080789779,0.6049433293303021
477,rff_ens,3600,0.01,-1,0.10895006126492347,0.3305129562619433,0.3296393052094958,0.3349810563042884,0.31746866600884804
477,rff_ens,3600,0.1,-1,0.07738331591092726,0.1974893799607126,0.3918353276835516,0.4560372964208452,0.3044834593888377
477,rff_ens,3600,1.0,-1,0.07464218437203014,0.20477131743824362,0.36451484175532184,0.47768266290313643,0.312478237821217
477,linlev,11,0.0,0,0.3146689320249046,0.634266252439502,0.49611488994508435,0.1814780491003742,0.2862322101475899
477,linlev,11,0.001,0,0.195157424931447,0.5202679356060729,0.375109461058951,0.18502272377981768,0.3327101538948393
477,linlev,11,0.01,0,0.14657588513402867,0.40513948552454976,0.3617911617384102,0.09585355064551758,0.3067305809979186
477,linlev,11,0.1,0,0.10038562223065642,0.27258566047373584,0.36827183813041686,0.010359139636019551,0.29786882941728116
477,linlev,11,1.0,0,0.009547582681532977,0.07499527855641427,0.12730911685794893,-0.0916679884327428,0.4008801412098042
477,rff_lev,36,0.001,0,-0.0075898154133846076,0.7243219832845345,-0.010478510370439923,-0.7471722555886391,0.9541394300260749
477,rff_lev,36,0.01,0,0.057547076359309675,0.2392790234436253,0.24050196933734938,0.18766851282344787,0.35973182277107507
477,rff_lev,36,0.1,0,0.07506945974259006,0.19880208596319066,0.37760901440686895,0.4414897623906737,0.3092786321162352
477,rff_lev,36,1.0,0,0.07462099769466878,0.2058904418584501,0.36243060639974145,0.4762586480388857,0.3129770303883332
477,rff_lev,360,0.001,0,0.20435534170849487,0.6977263457511343,0.292887523816371,-0.0499883015768196,0.5341323342550925
477,rff_lev,360,0.01,0,0.14577487933348365,0.32498890582069523,0.44855340204724226,0.18197944403580418,0.24957820411631224
477,rff_lev,360,0.1,0,0.08906910422251328,0.20589346627738392,0.43259801213175725,0.42227579733595366,0.2864470747697458
477,rff_lev,360,1.0,0,0.0761503496778689,0.20620631187280394,0.3692920405115504,0.47386963578135183,0.3102790778885631
477,rff_lev,3600,0.001,0,0.20805584490155327,0.6330872936866418,0.3286368988547957,-0.06184564138387106,0.442234924654124
477,rff_lev,3600,0.01,0,0.14555016440405513,0.312327489479972,0.46601778359758667,0.2056228494130345,0.24189284066685438
477,rff_lev,3600,0.1,0,0.08903879702637078,0.20580672407335385,0.4326330805141016,0.428918671584291,0.2864665794290224
477,rff_lev,3600,1.0,0,0.07612889936337426,0.20625598949834298,0.3690990964603521,0.4746427274754101,0.31033920222752603
477,rff_lev,36,0.001,1,0.30252347188869777,0.8643636783785377,0.3499955857194305,-0.19735732335441275,0.6478579341983274
477,rff_lev,36,0.01,1,0.22070122420141736,0.453064080049636,0.48713026240623214,0.1741123206478794,0.22683350102444763
477,rff_lev,36,0.1,1,0.10951425969826559,0.2176213053418212,0.5032331716154805,0.4225775290179755,0.25458374465146133
477,rff_lev,36,1.0,1,0.07854817178064509,0.20585251810020214,0.3815749863327417,0.4738513781463296,0.3057085893690408
477,rff_lev,360,0.001,1,0.13382928163732755,0.6867265007937783,0.1948800308166876,0.09486573324428405,0.6361048586734304
477,rff_lev,360,0.01,1,0.1232086799254797,0.31291476597978857,0.3937451770282961,0.24080223235472356,0.280938528158261
477,rff_lev,360,0.1,1,0.08657526785007709,0.20429355367551766,0.4237787550927124,0.4336980044604862,0.2903404558085852
477,rff_lev,360,1.0,1,0.07588799260881886,0.2060751529504451,0.36825396716831577,0.47513889273844845,0.3107098293001629
477,rff_lev,3600,0.001,1,0.17834064331804825,0.6386656398683985,0.27923945204692174,-0.10418080922170456,0.49727775640356486
477,rff_lev,3600,0.01,1,0.13556856814975174,0.310673038539356,0.4363705611118808,0.18776381610223145,0.2580192956780017
477,rff_lev,3600,0.1,1,0.08747770491017641,0.20522041410274114,0.42626219858606146,0.42586996642572944,0.28907221583255477
477,rff_lev,3600,1.0,1,0.07595902404068115,0.20619451096142327,0.3683852867203252,0.4743059346795694,0.3106277600345261
477,rff_lev_ens,36,0.001,-1,0.1474668282376566,0.6309940903135073,0.23370556159153283,-0.472264789471526,0.5392262093977871
477,rff_lev_ens,36,0.01,-1,0.1391241502803635,0.29801153338354336,0.46684149670579883,0.1808904167356637,0.24417796109217207
477,rff_lev_ens,36,0.1,-1,0.09229185972042783,0.20388456303006636,0.45266722673269666,0.43203364570432456,0.27976284140381574
477,rff_lev_ens,36,1.0,-1,0.07658458473765695,0.20581176060957773,0.3721098566516659,0.47505501309260767,0.30931436838139476
477,rff_lev_ens,360,0.001,-1,0.1690923116729112,0.6738487514610956,0.25093511163487503,0.022438715833732175,0.5587395847987989
477,rff_lev_ens,360,0.01,-1,0.1344917796294817,0.31541548681397596,0.4263956123016925,0.21139083819526389,0.2628512672830943
477,rff_lev_ens,360,0.1,-1,0.08782218603629517,0.2049265901593081,0.42855437143624453,0.4279869008982199,0.28832313007397947
477,rff_lev_ens,360,1.0,-1,0.07601917114334387,0.2061385229529831,0.36877712158965376,0.47450426425990017,0.3104935211719259
477,rff_lev_ens,3600,0.001,-1,0.19319824410980077,0.6343385800538235,0.30456644162082647,-0.08301322530278789,0.46757436588426476
477,rff_lev_ens,3600,0.01,-1,0.1405593662769035,0.3111667001673773,0.45171725059685464,0.19669333275763304,0.24972277661946748
477,rff_lev_ens,3600,0.1,-1,0.08825825096827358,0.20549742527695516,0.4294859210490119,0.42739431900501024,0.28776206715494446
477,rff_lev_ens,3600,1.0,-1,0.0760439617020277,0.20622504217869037,0.3687426167969307,0.4744743310774897,0.3104833871609418
478,ff,6,0.0,0,0.07559680292440707,0.4175330694153993,0.1810558455411746,0.3596798742736961,0.44590333818656386
478,fm,6,0.0,0,0.20257413180279735,0.6661823976689702,0.30408208399324527,0.8854830650389434,0.4967352056015823
478,linrank,6,0.0,0,0.3581143123227459,0.6412297936557037,0.5584804634249866,1.1573737906431893,0.24024108768417943
478,linrank,6,0.001,0,0.1938144253155931,0.43869466466891943,0.44179799966763633,0.8115979908790723,0.25943639300574495
478,linrank,6,0.01,0,0.11838297112432458,0.30178344875739854,0.3922778787629661,0.5130863292894814,0.28537003891502466
478,linrank,6,0.1,0,0.0430304521039496,0.10899548906666741,0.3947911282606375,0.18365511421315556,0.3447189356047948
478,linrank,6,1.0,0,0.006106514987882587,0.01535942182008935,0.3975745349929496,0.026132635380377245,0.40510837475572115
478,rff,36,0.001,0,0.3597773629224547,0.7208085879795691,0.49913023918168464,0.5331388377189077,0.34649824889916825
478,rff,36,0.01,0,0.2561555728277144,0.44672406362432654,0.573408942311039,0.41759410249946766,0.1699151242238387
478,rff,36,0.1,0,0.12530273476099082,0.2336357330079264,0.5363166547676154,0.08388462113256498,0.2367291649222943
478,rff,36,1.0,0,0.08240912022522946,0.21377808126016162,0.3854891003766658,-0.050781755237491726,0.30472229404065543
478,rff,360,0.001,0,0.29328096420197086,0.7221296618291123,0.4061333853246068,1.5360679840322116,0.43797124742026594
478,rff,360,0.01,0,0.2196365842491258,0.3927751791031007,0.5591916086720764,0.7080195637896726,0.18028760532938634
478,rff,360,0.1,0,0.11308615312957618,0.21628293253262829,0.5228621223383685,0.10087134045089405,0.2504426820429487
478,rff,360,1.0,0,0.08079517757208743,0.21256288852115704,0.3801001112385883,-0.050336024632382376,0.3071686905187298
478,rff,3600,0.001,0,0.27810542505874747,0.7451373056624088,0.37322708572686286,1.2351130648458801,0.4934095849869875
478,rff,3600,0.01,0,0.2082602799183494,0.39656586073902034,0.5251593758732684,0.6396103748391493,0.20116446962619225
478,rff,3600,0.1,0,0.11024747803713848,0.21491734009343613,0.5129761888417564,0.0895769164711437,0.25489721677965177
478,rff,3600,1.0,0,0.08044563390178425,0.21237708624673096,0.37878678591684706,-0.051665723955510875,0.3077324623404845
478,rff,36,0.001,1,0.16540755293092074,0.49805581442246655,0.3321064590375746,0.38042531868991336,0.361652350352322
478,rff,36,0.01,1,0.1399571337963799,0.3003911601635324,0.46591628635206,0.16065639465360795,0.24695678417967265
478,rff,36,0.1,1,0.1041768618477071,0.20842466861087186,0.4998298068171812,0.0341955627390058,0.2629881407021155
478,rff,36,1.0,1,0.08031913271489112,0.2122072489489615,0.37849382201928866,-0.05541863104500308,0.30789301752431825
478,rff,360,0.001,1,0.28031479365126594,0.7431223431769578,0.37721217269942225,1.1468128322437108,0.4872258165335741
478,rff,360,0.01,1,0.21138544487400737,0.399356423209105,0.5293152497094679,0.6361251898777425,0.1984466726824788
478,rff,360,0.1,1,0.10993192128160366,0.21408317089483656,0.5135009950670303,0.08576434877531934,0.25510099218138677
478,rff,360,1.0,1,0.08034405314681352,0.21251234241276293,0.37806770296080583,-0.05235685047677304,0.3079767596277321
478,rff,3600,0.001,1,0.296223434850378,0.7419052946093833,0.39927391946480323,1.2363083203461316,0.46277312319077757
478,rff,3600,0.01,1,0.21648610401333643,0.4014708270470262,0.5392324657950262,0.6729838243304311,0.1921210535415652
478,rff,3600,0.1,1,0.11170439846990618,0.21592767629976928,0.5173232092528453,0.09575056651217359,0.25274204045747084
478,rff,3600,1.0,1,0.08060584752623333,0.21250319149672817,0.379315938544266,-0.05100436345646933,0.30749141736679253
478,rff_ens,36,0.001,-1,0.26259245792668773,0.5497945128294817,0.47761927738287663,0.45678207820441047,0.2630920928115526
478,rff_ens,36,0.01,-1,0.19805635331204713,0.3549120473794901,0.558043478023374,0.2891252485765378,0.18612437720581523
478,rff_ens,36,0.1,-1,0.11473979830434897,0.21935658464004332,0.523074328918063,0.05904009193578539,0.24885113929871092
478,rff_ens,36,1.0,-1,0.08136412647006029,0.21296410579854816,0.38205558709046533,-0.05310019314124739,0.3062937818622323
478,rff_ens,360,0.001,-1,0.2867978789266184,0.7269750005125255,0.3945085851981467,1.3414404081379614,0.45419812024129885
478,rff_ens,360,0.01,-1,0.21551101456156657,0.3949600270278506,0.5456527238549379,0.6720723768337075,0.1884645945916048
478,rff_ens,360,0.1,-1,0.11150903720558991,0.21512897512274523,0.5183357432069142,0.0933178446131067,0.2527448702722422
478,rff_ens,360,1.0,-1,0.08056961535945048,0.21253674906541284,0.37908557326551284,-0.05134643755457771,0.3075723052711048
478,rff_ens,3600,0.001,-1,0.2871644299545627,0.7428975336614735,0.3865464844650015,1.2357106925960057,0.47707949880984524
478,rff_ens,3600,0.01,-1,0.2123731919658429,0.39879635470527924,0.5325354393542342,0.6562970995847902,0.19644272462783557
478,rff_ens,3600,0.1,-1,0.11097593825352232,0.2154046264914673,0.5151975612646293,0.09266374149165862,0.2538111388456752
478,rff_ens,3600,1.0,-1,0.08052574071400878,0.21243989021752294,0.3790518844250781,-0.051335043705990104,0.3076118238126971
478,linlev,11,0.0,0,0.21488119939131606,0.6321434803126639,0.3399247260843913,1.6003201287723543,0.4330651141385677
478,linlev,11,0.001,0,0.2457187093846359,0.5646435680358249,0.4351749019994961,1.1929855946931485,0.3048108276641482
478,linlev,11,0.01,0,0.1995267104694684,0.44104372443667006,0.45239666594126693,0.8992415469675914,0.2523252574843413
478,linlev,11,0.1,0,0.10929928188949985,0.25630590819472726,0.4264407428581795,0.49473535427795806,0.2760886911856263
478,linlev,11,1.0,0,0.015975853121342667,0.05937464263693943,0.2690686193941557,0.11848589382428655,0.38887707319607534
478,rff_lev,36,0.001,0,0.145019893809553,0.6146810048424468,0.2359270787076364,0.6118286454791321,0.5258719230630898
478,rff_lev,36,0.01,0,0.10897759752240097,0.24482911379519506,0.4451169872450836,0.2797536830524939,0.2709104200462348
478,rff_lev,36,0.1,0,0.08191525358239142,0.2100393713787475,0.3899995179221903,-0.01433263454766875,0.3040443425014058
478,rff_lev,36,1.0,0,0.0768763511080769,0.2135893623889746,0.35992593567499326,-0.06491536793431953,0.3148258902368089
478,rff_lev,360,0.001,0,0.23826106127503974,0.5606816015026633,0.4249489561214146,1.5863478490417926,0.3116582724009619
478,rff_lev,360,0.01,0,0.15919051789234803,0.2998900706044407,0.5308295722212244,0.5825320059556856,0.213942843016816
478,rff_lev,360,0.1,0,0.09256374518833183,0.21833641652086058,0.4239500980336369,0.033219554839300704,0.28815955069333926
478,rff_lev,360,1.0,0,0.07809628885879882,0.2143065558194365,0.36441390493251485,-0.05972538342375413,0.3128819558506502
478,rff_lev,3600,0.001,0,0.23721343449848717,0.547895792236313,0.43295356135199997,1.3646713368355232,0.2990813470273926
478,rff_lev,3600,0.01,0,0.156890682653875,0.2940838522354148,0.5334896202606992,0.5071663733714562,0.2143668365090118
478,rff_lev,3600,0.1,0,0.0919469663766666,0.2172293141634353,0.42327144810432493,0.022991593839552054,0.28879709017199684
478,rff_lev,3600,1.0,0,0.07800931549364334,0.21420102648498676,0.36418740271121425,-0.06080906816132968,0.31299710543126386
478,rff_lev,36,0.001,1,0.37374219424340804,0.886015428800142,0.4218235733767486,2.1735256433001853,0.5942703827105027
478,rff_lev,36,0.01,1,0.23456464078045103,0.44605197630135496,0.5258684037798724,0.7332585737883864,0.20190185807344627
478,rff_lev,36,0.1,1,0.10916483132258745,0.22406972053961005,0.48719135749218634,0.0810452175003196,0.2608427407827547
478,rff_lev,36,1.0,1,0.07996822225852765,0.21350957583350058,0.3745416192521904,-0.054014173446317065,0.3090930143942769
478,rff_lev,360,0.001,1,0.2485803688770191,0.6365120368235575,0.3905352208538455,1.30297617213348,0.3868272384258122
478,rff_lev,360,0.01,1,0.14944662207115467,0.30452462553374654,0.4907538160804451,0.46590217741119533,0.23322449963017944
478,rff_lev,360,0.1,1,0.09031441942049559,0.2160494320883669,0.4180266457888946,0.016625018839223918,0.2912534159875175
478,rff_lev,360,1.0,1,0.07782574595641417,0.21405069058403803,0.3635855868722795,-0.06150625909795434,0.31327125632788927
478,rff_lev,3600,0.001,1,0.24061710818145088,0.5683042334605701,0.42339488959331373,1.3980400825596186,0.3166802815234502
478,rff_lev,3600,0.01,1,0.1551333322750511,0.2947994980073111,0.526233366486953,0.5001216995426747,0.21775463362556347
478,rff_lev,3600,0.1,1,0.0916843294962762,0.21682946479272383,0.42284073146572126,0.0213652160728951,0.28910057745247003
478,rff_lev,3600,1.0,1,0.07798049685802194,0.21415400091361342,0.36413280408185383,-0.060996440800138614,0.3130301036490297
478,rff_lev_ens,36,0.001,-1,0.2593810440264805,0.6305197258253833,0.41137657301195,1.3926771443896588,0.3631197659697642
478,rff_lev_ens,36,0.01,-1,0.171771119151426,0.30932257339535135,0.5553138824171164,0.5065061284204403,0.1986917368511457
478,rff_lev_ens,36,0.1,-1,0.09554004245248943,0.21375090067988625,0.44696907544530246,0.03335629147632544,0.2807854657158489
478,rff_lev_ens,36,1.0,-1,0.0784222866833023,0.21350483262708758,0.36730918789213757,-0.059464770690318275,0.3119379986046958
478,rff_lev_ens,360,0.001,-1,0.2434207150760294,0.5754691009160561,0.4229952827850218,1.4446620105876367,0.3206251038527423
478,rff_lev_ens,360,0.01,-1,0.15431856998175136,0.29787666886166647,0.5180619568879922,0.5242170916834404,0.22095579429737455
478,rff_lev_ens,360,0.1,-1,0.09143908230441371,0.21704828759542344,0.42128451377075843,0.024922286839262314,0.28964110367949325
478,rff_lev_ens,360,1.0,-1,0.0779610174076065,0.21417682286439743,0.3640030530145937,-0.06061582126085422,0.3130758002398453
478,rff_lev_ens,3600,0.001,-1,0.23891527133996904,0.5567420037024471,0.42913103331728897,1.3813557096975708,0.3062598262536702
478,rff_lev_ens,3600,0.01,-1,0.15601200746446306,0.29419335251438694,0.5303043258152259,0.5036440364570655,0.21591366357536154
478,rff_lev_ens,3600,0.1,-1,0.0918156479364714,0.21702009379954906,0.4230744090511594,0.022178404956223575,0.28894474181335794
478,rff_lev_ens,3600,1.0,-1,0.07799490617583263,0.21417739616237463,0.3641603062383961,-0.06090275448073416,0.31301355343214804
