,eps,G_up_y0,G_down_y0,G_up_y1,G_down_y1,G_up_y2,G_down_y2,G_up_y3,G_down_y3,G_up_y4,G_down_y4,G_up_y5,G_down_y5,G_up_y6,G_down_y6,G_up_y7,G_down_y7,G_up_y8,G_down_y8,G_up_y9,G_down_y9,G_up_y10,G_down_y10,G_up_y11,G_down_y11,G_up_y12,G_down_y12,G_up_y13,G_down_y13,G_up_y14,G_down_y14,G_up_y15,G_down_y15,G_up_y16,G_down_y16,G_up_y17,G_down_y17,G_up_y18,G_down_y18,G_up_y19,G_down_y19,G_up_y20,G_down_y20
0,0.01,33934.05604513025,31689.464103712275,33791.81122388239,31561.015488165347,33588.83890952834,31377.858521972816,33359.277806215476,31170.771097223234,33118.07538730907,30953.181986428855,32872.07917433461,30731.22145810768,32624.575084524917,30507.82149068917,32377.220238743488,30284.45638603193,32130.901894302762,30061.91362749546,31886.139576493075,29840.653388867388,31643.290948033504,29620.991714326785,31402.68258275977,29403.21619108772,31164.416202309803,29187.426099096374,30928.676488618254,28973.793627874988,30695.806254989948,28762.632566938875,30466.45812649773,28554.536131077515,30241.915626922997,28350.66865868475,30024.801087463275,28153.409537311596,29820.699252689203,27967.832443449846,29642.030255777994,27805.23975262814,29517.656688587216,27691.94369066342
1,0.014994994994994995,33954.14259838989,31701.035294409805,33811.75213502887,31572.51403632241,33608.57044479472,31389.25267798812,33378.77201229143,31182.046803719128,33137.320597689875,30964.33319337315,32891.07143781411,30742.245904318646,32643.314249685394,30518.71878863235,32395.708101605196,30295.227118227725,32149.141298625353,30072.55890723126,31904.133977676345,29851.174645993888,31661.044225349906,29631.390601032082,31420.199019268377,29413.49456742242,31181.70005179445,29197.585839959713,30945.73209410533,28983.836675827162,30712.63822628552,28772.561019884488,30483.07165637139,28564.3524035763,30258.317106721497,28360.375798908473,30040.999375580523,28163.011882197454,29836.708411169933,27977.337035603545,29657.875711696233,27814.659540743327,29533.389695937953,27701.305074271822
2,0.019989989989989992,33974.331384545265,31712.648487647348,33831.79433359972,31584.054247107724,33628.40190941398,31400.688007717734,33398.36461267248,31193.363129929636,33156.66259787209,30975.52443929174,32910.15886770563,30753.309800203577,32662.146963464107,30529.654947319177,32414.287913081476,30306.03612715232,32167.471075641017,30083.2418870139,31922.217203198205,29861.733035208574,31678.884808548817,29641.826061544005,31437.801275421487,29423.808969876856,31199.068266140097,29207.781069706318,30962.87064125229,28993.914686025575,30729.55174889594,28782.52391960698,30499.765383294114,28574.20261985237,30274.797472377984,28370.116395103872,30057.275296225493,28172.64721609227,29852.79403832911,27986.87418259137,29673.796631382927,27824.11150837998,29549.197478848728,27710.698380042817
3,0.024984984984984984,33994.623071293754,31724.303898628077,33851.938480473706,31595.63633373877,33648.333954498135,31412.16472152812,33418.05624746884,31204.72028299999,33176.102016504,30986.755927963786,32929.34208109342,30764.413346136247,32681.073831448408,30540.6301637295,32432.960267411378,30316.88360642825,32185.891808429456,30093.962757158064,31940.389825189177,29872.328743574646,31696.8132590353,29652.298279735405,31455.489902136604,29434.1595791993,31216.521386007404,29218.01196602406,30980.092660693244,29004.027833162152,30746.547343666396,28792.521437869425,30516.539818580488,28584.086948813827,30291.35722598126,28379.890613412637,30073.629342666794,28182.315702490985,29868.95661924031,27996.44404544821,29689.7934928295,27833.59581444696,29565.080510457108,27720.1237654282
4,0.029979979979979983,34015.018390925165,31736.001763226315,33872.18530046381,31607.260529913307,33668.367294150376,31423.683049992003,33437.84761871973,31216.118489972087,33195.63954305621,30998.027882741597,32948.621754767526,30775.556761736294,32700.095517821268,30551.64465376292,32451.725816333797,30327.76976827514,32204.40413649267,30104.721726257547,31958.65247114461,29882.961976122,31714.8301925434,29662.807457139217,31473.265503647293,29444.546593497827,31234.060004382383,29228.27872366649,30997.398734419057,29014.17630870655,30763.625581853124,28802.55376293113,30533.395523035233,28594.005575590585,30307.996918218752,28389.69863593228,30090.062055919327,28192.01752058999,29885.196685931194,28006.046800673903,29705.866820296877,27843.112633113647,29581.039309700926,27729.581403000193
5,0.034974974974974975,34035.51808878623,31747.742321282647,33892.535531306145,31618.927073258234,33688.50265520558,31435.243227557992,33457.73944098058,31227.55798170356,33215.27587929123,31009.340530730402,32967.998577583705,30786.74027031283,32719.212698606672,30562.698636945228,32470.58522320678,30338.69482847633,32223.008710733615,30115.51900640835,31977.005779746825,29893.632941322125,31732.936235784357,29673.35379867062,31491.1286949592,29454.9702142046,31251.684724822462,29238.58154065432,31014.78945479582,29024.360307339794,30780.78704489596,28812.62108620827,30550.333067460073,28603.958688416227,30324.717109594123,28399.540647812493,30106.573986641277,28201.752852588525,29901.514779911977,28015.68262772526,29722.01714738946,27852.662141466753,29597.07440476607,27739.07146822116
6,0.03996996996996997,34056.122916955625,31759.525814541583,33912.98991739907,31630.63620328616,33708.74077106139,31446.845490534277,33477.73243525777,31239.03899088226,33235.0117333062,31020.694100835004,32987.47324461521,30797.96409694353,32738.426055929616,30573.79233454003,32489.53915737464,30349.659004522462,32241.706187928634,30126.35481138374,31995.450395440752,29904.341849294404,31751.132021123503,29683.93751086376,31509.08009662586,29465.430644342403,31269.396156329087,29248.92061657106,31032.265419532,29034.580025278625,30798.032319477872,28822.723600626163,30567.353027803165,28613.946477007637,30341.518365663815,28409.416835661195,30123.16569045392,28211.521882120003,29917.911447572526,28025.35170747092,29738.245012518968,27862.244517985466,29613.186328596126,27748.594137932672
7,0.04496496496496497,34076.83363327112,31771.352486330452,33933.54920884033,31642.388161077233,33729.082380729305,31458.490076774782,33497.82732807559,31250.56175171707,33254.84781861652,31032.08882345559,33007.04645625313,30809.228468175574,32757.73627713326,30584.92596925457,32508.588293301327,30360.662515322383,32260.49722987695,30137.229356350083,32013.986967599238,29915.088911526618,31769.418185761137,29694.558801597002,31527.120333944807,29475.928088254583,31287.19491255868,29259.296152297673,31049.827230903975,29044.835660014487,30815.361996764714,28832.861500362633,30584.455984412656,28623.969132312548,30358.401256303892,28419.32738729614,30139.837727221257,28221.324794007603,29934.387239473777,28035.054221950577,29754.550958206277,27871.85994230385,29629.375618201175,27758.149590120003
8,0.049959959959959964,34097.65100117155,31783.222581504604,33954.21416127042,31654.183189224837,33749.52822868052,31470.177225625448,33518.024851324684,31262.126499885126,33274.78485400687,31043.52493043576,33026.71891806008,30820.53361197449,32777.14405463524,30596.099765189534,32527.733310429598,30371.7055811537,32279.38250326249,30148.142857818264,32032.616150387556,29925.87434082727,31787.79537159942,29705.217880046035,31545.250036826936,29486.462751558956,31305.08161169442,29269.70834996715,31067.475495630217,29055.127410268884,30832.77667228161,28843.034980804136,30601.642521915353,28634.026846466375,30375.366355590955,28429.272491702483,30156.590660933016,28231.161774222477,29950.942710232783,28044.79035433383,29770.93553096787,27881.508595170173,29645.642814545477,27767.73800387193
9,0.054954954954954956,34118.57578968846,31795.136346441675,33974.98553586433,31666.021531829945,33770.0790648377,31481.907177918743,33538.32574225391,31273.733472526324,33294.823563523365,31055.002655057142,33046.49134076258,30831.879757718805,32796.65008592019,30607.313947833816,32546.974893173632,30382.788423657665,32298.36267964667,30159.095533638654,32051.33860275621,29936.698351320585,31806.264225235478,29715.914956678982,31563.469839789723,29497.034841142937,31323.05687643956,29280.157412959717,31085.210824864662,29065.455475988754,30850.276945906593,28853.244238541123,30618.913229210448,28644.119812787736,30392.414241795956,28439.252339028357,30173.425059698526,28241.03300987938,29967.578418516558,28054.560288915804,29787.399281310034,27891.19065844267,29661.988462541645,27777.3595593765
10,0.059949949949949954,34139.60877346978,31807.094029046533,33995.86409935517,31677.903434505948,33790.735644598215,31493.680175978432,33558.730743493266,31285.38290824803,33314.96467649593,31066.522232043997,33066.36444027302,30843.267136204726,32816.25507356135,30618.568744068925,32566.313730940252,30393.911265843548,32317.438435489163,30170.087603005395,32070.15498846145,29947.561158450728,31824.82539798144,29726.650243260563,31581.780381976936,29507.64456516765,31341.12133403689,29290.643545906936,31103.033834215865,29075.820058350364,30867.863421889266,28863.489471371977,30636.268699487875,28654.24822578217,30409.545497402247,28449.26712058856,30190.341495764515,28250.93868924029,29984.294927059706,28064.364211120832,29803.942763746032,27900.90631509307,29678.41311106767,27787.01443792448
11,0.06494494494494495,34160.75073281148,31819.09587875872,34016.85062406524,31689.829144386094,33811.49872886492,31505.496463626834,33579.24060308414,31297.07504713225,33335.20892756809,31078.08389757027,33086.33893771887,30854.695979652875,32835.95972524925,30629.86438217585,32585.750518157063,30405.074332095377,32336.61045217561,30181.11928646298,32089.065976092403,29958.46297898828,31843.479545891136,29737.42395285843,31600.18230718482,29518.292133074152,31359.27561629434,29301.166954697754,31120.945143772173,29086.22135976535,30885.53670887573,28873.770878308864,30653.709530252683,28664.412281148052,30426.760709129525,28459.3170288703,30207.340545538613,28260.879001720125,30001.0928026875,28074.202307507956,29820.566536818966,27910.655749212136,29694.917312989524,27796.702821914823
12,0.06993993993993994,34182.002453691224,31831.14214656059,34037.94588793957,31701.798910131518,33832.369084078964,31517.356286192815,33599.8560745116,31308.81013074347,33355.55705672873,31089.687889267316,33106.41555947393,30866.166521716026,32855.76475382235,30641.201091842508,32605.285954302646,30416.277848179172,32355.87941604721,30192.190805913437,32108.072239100115,29969.404031037306,31862.227329788617,29748.23629985008,31618.676263890145,29528.977755590277,31377.52035961261,29311.727846485282,31138.945378128774,29096.659583887325,30903.29741993495,28884.08865958428,30671.236323351146,28674.612175782935,30444.060467959443,28469.402257539514,30224.422789614528,28270.85413789283,30017.97261634059,28084.074765777023,29837.271163126086,27920.439146015564,29711.50162518528,27806.424894860604
13,0.07493493493493493,34203.364727802895,31843.233084985768,34059.15067457998,31713.8129819396,33853.347482253565,31529.259890520018,33620.57791673754,31320.588402136716,33376.00980934462,31101.33444623189,33126.595037190265,30877.67899748686,32875.67087729849,30652.5791041714,32624.920743937302,30427.52204125056,32375.246018430964,30203.30238462378,32127.17445582732,29980.384534042663,31881.069415297352,29759.08749993014,31637.262905278825,29539.701644737692,31395.856205013177,29322.32642969367,31157.035166415342,29107.134935618717,30921.146172585984,28894.443016657722,30688.849684997334,28684.848107790105,30461.445369161753,28479.523001447236,30241.588812797767,28280.86428949778,30034.934943100387,28093.98177477492,29854.057209343828,27930.256691850253,29728.166608569838,27816.180841395144
14,0.07992992992992994,34224.838352591425,31855.368948127605,34080.46577327958,31725.871611552364,33874.434701007995,31541.207524975103,33641.40689423411,31332.410105865776,33396.567936193314,31113.023809034108,33146.878107830526,30889.233643505875,32895.678818906534,30663.998651687463,32644.65559673418,30438.80713986242,32394.710955670136,30214.454247233505,32146.373309538354,29991.404708797367,31900.006472869634,29769.97777011749,31655.94288927484,29550.464013839006,31414.283798166798,29332.962914025145,31175.215142323814,29117.647621117587,30939.083588825317,28904.834152222407,30706.550225800056,28695.120276485264,30478.916012320813,28489.679456636226,30258.839204131622,28290.90964944621,30051.980362214596,28103.923524501904,29870.92524625294,27940.1085742004,29744.912828119865,27825.97084727817
15,0.08492492492492493,34246.424131287844,31867.549991647833,34101.89197905747,31737.975052265014,33895.63152360159,31553.19943945623,33662.34377701735,31344.275487991443,33417.23219349613,31124.756219725637,33167.26551370032,30900.83069776941,32915.78930711821,30675.459968345753,32664.491227510593,30450.133373972505,32414.274929155134,30225.64661976214,32165.669488449406,30002.464777450008,31919.03917781624,29780.907328762612,31674.716878569317,29561.26507752492,31432.80378942202,29343.637510467044,31193.48594413664,29128.197847804593,30957.110295154485,28915.262270212144,30724.33856078995,28705.428882403197,30496.47300136211,28499.87182034748,30276.174556923317,28300.990411827657,30069.10945712291,28113.90020611801,29887.87584876388,27949.99498169397,29761.740852898853,27835.795099402036
16,0.08991991991991992,34268.12287294451,31879.776472785077,34123.43009269361,31750.12355893447,33916.93873896833,31565.235885401402,33683.38934068095,31356.184796089794,33438.003342951386,31136.53192184773,33187.75800248087,30912.47039973756,32936.00307568021,30686.963289539486,32684.428356259414,30461.500974951305,32433.938645354345,30236.87972961686,32185.063685758734,30013.564963512243,31938.168210336207,29791.87639555498,31693.585540649816,29572.105051741466,31451.416833833977,29354.35043129891,31211.84821475487,29138.785824369956,30975.226922607773,28925.727575808174,30742.215309446663,28715.77412730451,30514.116944579055,28510.100291026916,30293.5954687703,28311.106771916537,30086.32281548295,28123.91201194946,29904.909595942267,27959.916104108917,29778.651256082372,27845.653785797997
17,0.09491491491491491,34289.93539247046,31892.048650363562,34145.08092076383,31762.317387987845,33938.35714175124,31577.317115796894,33704.54436643019,31368.138279260424,33458.882151767786,31148.351160439535,33208.3563272618,30924.152990342256,32956.32086364631,30698.50885210782,32704.467708180793,30472.910175589655,32453.702815845067,30248.153805600075,32204.556599677264,30024.705491866272,31957.39425554675,29802.885191530306,31712.549547829676,29582.98415375725,31470.123591193114,29365.101890099577,31230.30260172648,29149.41176078041,30993.43410678,28936.230275445992,30760.181095726224,28726.156214182414,30531.84845465981,28520.36506833198,30311.102541586635,28321.258926178616,30103.62102919609,28133.95913549504,29922.027071034485,27969.872132379518,29795.644614983426,27855.54709564254
18,0.0999099099099099,34311.862510667015,31904.366784801765,34166.845275675056,31774.556797431112,33959.887532337125,31589.443385185787,33725.80964111615,31380.136188134915,33479.86939269789,31160.21418204623,33229.061246574034,30935.878711995374,32976.74341540976,30710.096894343813,32724.610013713813,30484.361210106676,32473.568157344827,30259.469077917172,32224.148933459193,30035.88658877238,31976.718003513357,29813.933939078062,31731.60957727757,29593.902602170747,31488.924726054316,29375.892101754398,31248.849757274907,29160.07586828633,31011.732487854548,28946.770576822364,30778.236548088506,28736.575347269492,30549.668148714307,28530.666353138335,30328.696381629514,28331.447072277602,30121.004694433723,28144.041771432654,29939.22886149343,27979.8632586028,29812.721511077918,27865.475219263637
19,0.10490490490490491,34333.90505426339,31916.731138121195,34188.723975700574,31786.842046857764,33981.530716891364,31601.61494967644,33747.185957269845,31392.178774885186,33500.965844071805,31172.121234727303,33249.87352442289,30947.647808596794,32997.2714807357,30721.727656002404,32744.85600856837,30495.854314157503,32493.535391742615,30270.825778184106,32243.841395432664,30047.10848187652,31996.14014927993,29825.02286194887,31750.76631104718,29604.86061691758,31507.82090776596,29386.721282462335,31267.49033832764,29170.778359428692,31030.1227106314,28957.348688902126,30796.38229952483,28747.03173204451,30567.57664830134,28541.00434754655,30346.377599525924,28341.671409081762,30138.474411663363,28154.160115625753,29956.515559004292,27989.889676044935,29829.882530030176,27875.438348147098
20,0.1098998998998999,34356.06385595264,31929.1419739551,34210.71784501561,31799.173397457456,34003.287507392866,31613.83206695113,33768.674113136745,31404.266293231874,33522.172289831,31184.072568064803,33270.793930321255,30959.460525542574,33017.90581479385,30733.401378308434,32765.20643375733,30507.3897248412,32513.60524613038,30282.224139435235,32263.63469903068,30058.371400217875,32015.661392899146,29836.152185261955,31770.020436106883,29615.858419277854,31526.812810499207,29397.589649743244,31286.225006544933,29181.519448046216,31048.605424555404,28967.964821925285,30814.61898758564,28757.525575239288,30585.57457945581,28551.379254888885,30364.14681029943,28351.932136670526,30156.030785675004,28164.314365129896,29973.887759510584,27999.951579147673,29847.128261718688,27885.436674942986
21,0.11489489489489489,34378.33975442764,31941.599557557278,34232.82771373294,31811.551112024754,34025.158721669286,31626.094996274565,33790.27491271123,31416.398998452856,33543.489519562274,31196.068433171666,33291.823239322955,30971.317109733096,33038.647178191204,30745.11830396468,32785.66203562853,30518.967680708676,32533.778452834573,30293.664396131047,32283.52956282212,30069.675574236506,32035.28243946292,29847.322135512648,31789.37264436975,29626.896231883533,31545.901113277312,29408.49742244505,31305.054428348627,29192.2993492825,31067.181283744558,28978.619187413944,30832.94725440837,28768.057084845612,30603.662572716028,28561.791279736008,30382.004633397024,28362.229456341152,30173.674425607554,28174.50471819928,29991.346063240144,28010.04916353477,29864.45930026189,27895.47039347201
22,0.1198898898898899,34400.7335944172,31954.104155810975,34255.054417938714,31823.975454967844,34047.14518343226,31638.403998502592,33811.989165771374,31428.57714739172,33564.91832853186,31208.109082700154,33312.96223205632,30983.217809581354,33059.49633700501,30756.878677159955,32806.223565897206,30530.588421770633,32554.055749447944,30305.14678416596,32303.52671054295,30081.021235781085,32055.00399913299,29858.532940579953,31808.82363272359,29637.974278725873,31565.086500005218,29419.44482075111,31323.979274951187,29203.118279593124,31085.850947018505,28989.311998179295,30851.367746745404,28778.6264701221,30621.84126315126,28572.24062790381,30399.95169271615,28372.563570615413,30191.40594497544,28184.73137429335,30008.891074731342,28020.182626018584,29881.876244044095,27905.539698731925
23,0.12488488488488489,34423.246226722564,31966.656037237688,34277.39879972842,31836.446692317393,34069.24772231286,31650.7593360908,33833.81768791378,31440.800998466293,33586.459517719675,31220.194770850154,33334.21169475775,30995.162875021157,33080.45406281568,30768.682743577163,32826.891781678445,30542.252189505463,32574.437878861314,30316.671540876177,32323.626871127446,30092.40861811647,32074.8267871717,29869.784829734082,31828.37410306111,29649.092785162833,31584.36965949913,29430.43206618749,31343.00022238477,29213.976456752873,31104.615077927137,29000.04346832881,30869.88111599221,28789.23394160115,30640.111290389264,28582.727506460236,30417.98861663178,28382.93468324633,30209.225961695258,28194.994534083366,30026.523402859395,28030.352164606487,29899.37969574153,27915.64478690401
24,0.1298798798798799,34445.8785082537,31979.255472006123,34299.86170724297,31848.965091735332,34091.46717389719,31663.161273103287,33855.76130058861,31453.070811677255,33608.11389385375,31232.325753377656,33355.572419305565,31007.152557515426,33101.52113274018,30780.53075040149,32847.66744551973,30553.959226867337,32594.92558929568,30328.238905047514,32343.830778739662,30103.837955931533,32094.75152397277,29881.07803364411,31848.024762310215,29660.25197792656,31603.751285516297,29441.459381630266,31362.11795153053,29224.874099862947,31123.47434477931,29010.81381327325,30888.488018215437,28799.879711095917,30658.473298644076,28593.252123732167,30436.116038023756,28393.34299922489,30227.13509811258,28205.29439945913,30044.243660862758,28040.557978507448,29916.97026234849,27925.785855359576
25,0.13487487487487487,34468.63130206604,31991.902731941133,34322.443994705034,31861.530922523718,34113.804379762136,31675.61007522137,33877.8208311347,31465.38684861671,33629.882269444766,31244.502287603238,33377.045203253925,31019.18711006453,33122.69832946519,30792.42294632857,32868.551325433706,30565.7097782942,32615.519634334356,30339.849116923335,32364.139172805084,30115.309485346905,32114.778935092396,29892.41278438551,31867.77632246447,29671.45208513085,31623.23207678496,29452.526991312927,31381.333148147885,29235.811429358204,31142.429420671666,29021.62324973379,30907.18911418136,28810.56399170736,30676.927936743756,28603.81468931227,30454.334594304077,28403.78872478681,30245.13398102887,28215.631173535538,30062.052466369696,28050.800268138635,29934.64855520363,27935.963102666465
26,0.13986986986986988,34491.5054773973,32004.598090532705,34345.14652245544,31874.14445563365,34136.26018751133,31688.10600975237,33899.99711281498,31477.749372476843,33651.76546282077,31256.72463242051,33398.630849867,31031.266787214616,33143.98644128073,30804.359581572695,32889.54419493106,30577.504089715858,32636.22077295522,30351.50241821248,32384.552798042158,30126.82344392272,32134.90975128035,29903.7893154479,31887.62950061372,29682.693336278753,31642.812737034343,29463.635120833776,31400.646502904117,29246.788667014378,31161.480983517642,29032.471995749147,30925.9850693843,28821.286997831223,30695.47585815845,28614.415414065894,30472.644927444388,28414.272067419388,30263.223241728563,28226.005060659354,30079.950441424913,28061.079235131983,29952.4151900163,27946.176728595558
27,0.14486486486486488,34514.50190970442,32017.34182294501,34367.970156989795,31886.80596367424,34158.835450811144,31700.64934563846,33922.29098485188,31490.158648058623,33673.764298162045,31268.993048304706,33420.330168153145,31043.391845066017,33165.38626211373,30816.340907875074,32910.646833053586,30589.342408562115,32657.0297695632,30363.199052097214,32405.072404494324,30138.380070666546,32155.144708511267,29915.207861742732,31907.585018974747,29693.975962270048,31662.49397502486,29474.78399716341,31420.058711403937,29257.80603595552,31180.62971607656,29043.36027068282,30944.876554075225,28832.048945165083,30714.117721028426,28625.054510138067,30491.04768400367,28424.79323586826,30281.403516006223,28236.41626641594,30097.93821251637,28071.39508234088,29970.270786893125,27956.4269341274
28,0.1498598598598599,34537.62148070069,32030.13420602547,34390.915770995205,31899.515720921565,34181.53102942696,31713.24035346552,33944.70329246298,31502.614941780474,33695.87960553617,31281.307797321217,33442.14397289929,31055.56254128175,33186.89859156183,30828.367178512166,32931.86002440733,30601.224983770855,32677.947394022813,30374.939263241282,32425.698747561913,30149.979606041186,32175.484548016066,29926.668659610998,31927.643604922207,29705.300195408938,31682.276504578364,29485.973848652106,31439.570474219312,29268.863760661206,31199.876305982863,29054.28829523032,30963.86424329046,28842.850050715508,30732.854188192312,28635.732190960432,30509.543515155892,28435.352440144357,30299.67544419381,28246.864997635992,30116.016410602093,28081.748013846798,29988.21597036455,27966.71392145878
29,0.15485485485485487,34560.86507839308,32042.97551831384,34413.984243387255,31912.274003327726,34204.347789259555,31725.879305472004,33967.234886896826,31515.1185216871,33718.11222093312,31293.669143134284,33464.073084705575,31067.779135095854,33208.52423492728,30840.438648303934,32953.18455919595,30613.152065796316,32698.9744216909,30386.723297797907,32446.432588034302,30161.622291972584,32195.930016313516,29938.171946830957,31947.805991019555,29716.66626941162,31702.16104460867,29497.204905037393,31459.182496919297,29279.962066974043,31219.221445775485,29065.256291426373,30982.948816880555,28853.690532805143,30751.68592721544,28646.448671258328,30528.13307671793,28445.949891530767,30318.03967118809,28257.351462402323,30134.185671137293,28092.138234966,30006.251369411653,27977.037894009376
30,0.15984984984984987,34584.233597119644,32055.8660400514,34437.17645934699,31925.081088529863,34227.28660238165,31738.566475557946,33989.88662546881,31527.66965745826,33740.462986300634,31306.077351015592,33486.11833001994,31080.04188732202,33230.26400325108,30852.555573622252,32974.62123325411,30625.123906617213,32720.111633449564,30398.551403417896,32467.274692122184,30173.308371857758,32216.481865241916,29949.717962626037,31968.072915050183,29728.074419413973,31722.14831915205,29508.477397451567,31478.895490100094,29291.10118210695,31238.665832927345,29076.264482652194,31002.13095953923,28864.570611079882,30770.613610418284,28657.204167057724,30546.817029177495,28456.585802589627,30336.496846478174,28267.875870056683,30152.446634101434,28102.565952256256,30024.377617492977,27987.399056428396
31,0.16484484484484485,34607.727937587195,32068.80605319012,34460.49331035829,31937.93725585929,34250.348347074614,31751.302139293854,34012.65937159737,31540.26862041757,33762.93274957971,31318.53268785297,33508.280541173066,31092.351060362093,33252.118713347176,30864.71821239928,32996.17084808117,30637.140759745096,32741.35981573906,30410.42382925773,32488.22583149002,30185.038090572867,32237.140851990927,29961.306947672605,31988.445120048676,29739.524881979254,31742.23905739796,29519.79155842924,31498.71016941521,29302.28133465067,31258.210169874958,29087.31309364286,31021.41136083249,28875.49050651606,30789.63791490514,28667.998895692355,30565.596037721305,28467.260387169066,30355.047624173185,28278.43843120663,30170.79994402553,28113.03137352361,30042.595352571523,27997.797614601277
32,0.16983983983983986,34631.349006909026,32081.795841401894,34483.93569424516,31950.842786350626,34273.53390786522,31764.08657392978,34035.55399484015,31552.915683541425,33785.522364740194,31331.035422159086,33530.56055641334,31104.70691821462,33274.089187836806,30876.926824135902,33017.83421087491,30649.202880232504,32762.719760591022,30422.34082598771,32509.286783288593,30196.811694481075,32257.907739133592,29972.939144107833,32008.923354332303,29751.01789510585,31762.433993719922,29531.147621914966,31518.627255605745,29313.502754581255,31277.85516404821,29098.40235049461,31040.79071522787,28886.450441427667,30808.75952259272,28678.83307581082,30584.470772263263,28477.97386041027,30373.692663029975,28289.039357732396,30189.24625001949,28123.53470782914,30060.90521714185,28008.23377565642
33,0.17483483483483486,34655.09771864291,32094.83569008781,34507.504515209344,31963.797962750956,34296.84417556286,31776.92005840434,34058.571370930506,31565.611121467875,33808.23269181661,31343.585824080266,33552.959219942044,31117.109726483533,33296.176255183105,30889.181669910213,33039.61213456547,30661.310524681405,32784.19226566178,30434.30264580016,32530.458330187652,30208.62943144065,32278.78329465839,29984.61479553767,32029.508371532433,29762.553698235013,31782.73386770644,29542.54582327087,31538.647474530837,29324.765673267488,31297.601527900242,29109.53248067222,31060.269722123772,28897.450639473598,30827.979120239128,28689.706927383708,30603.441907472825,28488.726438754435,30392.432626481102,28299.678862793786,30207.786205799635,28134.076165495815,30079.30785825733,28018.70774797189
34,0.17982982982982984,34678.97499282917,32107.925886387427,34531.20068386807,31976.803069529098,34320.280047296634,31789.80287335384,34081.71238181404,31578.35521050562,33831.064596944045,31356.1841654053,33575.477381948636,31129.559752386733,33318.38074972575,30901.483012386027,33061.50543784939,30673.463951251513,32805.77813426575,30446.309542417624,32551.741260408853,30220.49155081309,32299.76829200156,29996.334147044676,32050.200930626288,29774.132532258685,31803.139424192166,29553.986399284313,31558.771557198204,29336.07032347851,31317.44997893747,29120.703713016443,31079.84908587897,28908.49132566494,30847.297399472744,28700.620671710723,30622.510122803556,28499.518339949813,30411.26818266284,28310.35716083708,30226.42046971634,28144.655958115298,30097.803927557427,28029.219741182296
35,0.18482482482482485,34702.98175602898,32121.06671918817,34555.02511729186,31989.858392884824,34343.84242655267,31802.735301121404,34104.977915685326,31591.148228642964,33854.0189523944,31368.830719574264,33598.115898646225,31142.05726476484,33340.703511715794,30913.83111582137,33083.51494522383,30685.663419668675,32827.47817540912,30458.36177110113,32573.136367758703,30232.39830347118,32320.86351007948,30008.09744519608,32071.0017959688,29785.754639527342,31823.651413289157,29565.46958817561,31579.000239794852,29347.416939391354,31337.401239749728,29131.916277751396,31099.52951584226,28919.57272637233,30866.71505682141,28711.574531427963,30641.67610252163,28510.349783058824,30430.200004443275,28321.0744676021,30245.149704781757,28155.27429855484,30116.394081295253,28039.76996618548
36,0.18981981981981982,34727.1189413628,32134.25847913471,34578.97873904271,32002.964220758175,34367.532223211674,31815.717625766127,34128.368867024816,31603.99045555688,33877.09663661248,31381.525761687375,33620.87563230719,31154.60253408992,33363.14538735068,30926.226246077167,33105.64148702097,30697.90919123336,32849.29320382348,30470.459588658487,32594.644451661665,30244.349941807155,32342.069733321176,30019.904938051746,32091.911737324524,29797.42026385784,31844.270590418237,29576.995629605728,31599.334263717905,29358.805756598533,31357.456038040564,29143.1704064921,31119.311726382162,28930.69506933321,30886.232793741605,28722.56873051509,30660.940535734648,28521.220988465153,30449.228769450634,28331.831000129125,30263.974578697693,28165.931400964164,30135.078980365084,28050.358635149434
37,0.19481481481481483,34751.38748854902,32147.501458638388,34603.06247921222,32016.120842838805,34391.350353586626,31828.750133072306,34151.88613663596,31616.88217262202,33900.298534252484,31394.26956851398,33643.757451298996,31167.195832474197,33385.707228809326,30938.66867062577,33127.88589944244,30710.201528829104,32871.22403999983,30482.603253452606,32616.26631719353,30256.346719740875,32363.387751701062,30031.756875172214,32112.93152989974,29809.129650541327,31864.997716340564,29588.564764684113,31619.77437560562,29370.237012115722,31377.615106657693,29154.46633225197,31139.19643691686,28941.85858365931,30905.851316647837,28733.603494302566,30680.304116420484,28532.132177880896,30468.355160101677,28342.62697676597,30282.8957638836,28176.62748078244,30153.859290330132,28060.98596151912
38,0.19980980980980984,34775.7883439427,32160.795951886692,34627.277274460044,32029.32855057536,34415.29774046058,31841.83311055868,34175.53063168238,31629.823662919873,33923.62553621465,31407.06241850146,33666.7622301201,31179.83743367895,33408.38989428747,30951.158658559645,33150.24902459405,30722.540696931,32893.2715102226,30494.793025409846,32638.002775114808,30268.38889272804,32384.81836077178,30043.653507626805,32134.061954374738,29820.88304635121,31885.8335571893,29600.17723597644,31640.321327368423,29381.710944389404,31397.87918362352,29165.80428945034,31159.184371944182,28953.063499844004,30925.571336942157,28744.67904947903,30699.767543456303,28543.08357435373,30487.579863630206,28353.462617175024,30301.913937504723,28187.36275474525,30172.73568145037,28071.652160023463
39,0.2048048048048048,34800.32246057455,32174.142254852733,34651.62406805246,32042.587637184894,34439.3753131247,31854.966847487805,34199.30326572521,31642.81521124794,33947.07853968193,31419.90459178427,33689.89084943606,31192.527613123286,33431.19424803314,30963.69648060008,33172.73171052057,30734.926961614245,32915.43644660378,30507.029166028464,32659.854641904294,30280.476717768495,32406.362361697145,30055.595088001726,32155.30379693614,29832.680699551096,31906.778884501386,29611.833287512487,31660.975876220215,29393.2277933046,31418.249012165852,29177.184513920056,31179.27626107179,28964.310049769792,30945.393571043773,28755.795624098533,30719.331520647636,28554.07540227409,30506.903572115745,28364.338142340366,30321.029781500332,28198.137440891525,30191.708828710493,28082.35744668215
40,0.20979979979979982,34824.99079819004,32187.540665304863,34676.10380990103,32055.89839766234,34463.58400741643,31868.151634875227,34223.20495876075,31655.857104128852,33970.6584481569,31432.796370192933,33713.144196115805,31205.26664789305,33454.12116038225,30976.282409105905,33195.3348112408,30747.36059056273,32937.71968711733,30519.311938387,32681.82273979281,30292.610453414494,32428.020561285255,30067.581870408205,32176.657849309548,29844.52285990284,31927.834475249532,29623.533164794022,31681.738784709763,29404.787800192542,31438.725340748737,29188.607242915074,31199.472839047437,28975.59846671578,30965.318740418803,28766.953447587963,30738.996756757715,28565.10788738247,30526.326982512343,28375.253774574856,30340.24398261209,28208.95175857068,30210.77941184799,28093.1020388127
41,0.21479479479479482,34849.79432328871,32200.991482816276,34700.71745660161,32069.261128790047,34487.92476575784,31881.387765498996,34247.2366372581,31668.94962981967,33994.36617149885,31445.738037263152,33736.523163268015,31218.054816749816,33477.17150779434,30988.916718082284,33218.05918678255,30759.84185307769,32960.12207563363,30531.64160715278,32703.907896797115,30304.790359778992,32449.79377202183,30079.614110490715,32198.124908792135,29856.40977867458,31949.001111874357,29635.277114802684,31702.610820752165,29416.391207838515,31459.30892310339,29200.07271511813,31219.77484578945,28986.92898536517,30985.347571610204,28778.152750754398,30758.763965536768,28576.181256776646,30545.850796677445,28386.20973752737,30359.55723241254,28219.805928449554,30229.948115381416,28103.88615503743
42,0.2197897897897898,34874.7340091636,32214.49500877457,34725.46597147332,32082.676129147294,34512.39853719411,31894.67553390901,34271.3992341971,31682.093078321122,34018.202625961,31458.729878244907,33760.02865027771,31230.892400139728,33500.3461728885,31001.59968318951,33240.905703218006,30772.371020086357,32982.644461954194,30544.01843859046,32726.110946753874,30317.016698544103,32471.682812103583,30091.692065435178,32219.705778285468,29868.341708648775,31970.279582316503,29647.06538600793,31723.592757660586,29428.038260489706,31480.000518259352,29211.58117064839,31240.1830264172,28998.301841812787,31005.48079626777,28789.39376579253,30778.633865751635,28587.295738918994,30565.475721400926,28397.20625618989,30378.970227333793,28230.70017251957,30249.21562863866,28114.710015290475
43,0.2247847847847848,34899.810835940916,32228.051546391525,34750.35032459781,32096.143699119853,34537.00627743222,31908.015236436528,34295.69368910634,31695.287741386914,34042.16873422791,31471.772180111653,33783.661562842964,31243.779680202628,33523.646044479516,31014.331581751903,33263.87523269919,30784.94836415065,33005.287701846384,30556.442700570497,32748.43272935388,30329.2897329694,32493.68850547181,30103.81599397719,32241.40126632851,29880.318904130414,31991.670680049116,29658.898228375005,31744.68537417802,29439.729203862935,31500.80089057573,29223.132851069153,31260.69813128187,29009.71727357274,31025.719151178313,28800.676726292135,30798.607181215353,28598.451563643823,30585.2024684343,28408.243556904745,30398.483668696234,28241.63471410391,30268.582645785475,28125.573840824807
44,0.2297797797797798,34925.02579061987,32241.661400712754,34775.371492858736,32109.664140909696,34561.74894887984,31921.407171203686,34320.12094810137,31708.533912533087,34066.26542545302,31484.86523156948,33807.42281301187,31256.71694078102,33547.07201761399,31027.112692766634,33286.968653493495,30797.574159475917,33028.05265707844,30568.914662577787,32770.87409017637,30341.60972790042,32515.811681846102,30115.986156410374,32263.21218713075,29892.341620955074,32013.175204110386,29670.775893373026,31765.88945450932,29451.464285152604,31521.710809772547,29234.72799939564,31281.32091599728,29021.175519585995,31046.06337829597,28812.001867245584,30818.684640816955,28609.64896216475,30605.03175452006,28419.32186737198,30418.098262737396,28252.609777864564,30288.04986585404,28136.477854219385
45,0.2347747747747748,34950.379867112606,32255.324878627507,34800.53045998124,32123.23775854463,34586.62752068427,31934.851638132957,34344.681963923154,31721.83188704742,34090.49363529641,31498.00932306639,33831.313319219546,31269.704467429165,33570.62499360686,31039.94329691266,33310.18685001945,30810.248681919722,33050.940195454605,30581.43459572031,32793.43588072359,30353.9769497771,32538.0531767582,30128.202814594697,32285.139360605444,29904.410116497173,32034.793959136143,29682.698633982967,31787.205788353123,29463.24375303861,31542.731050962306,29246.366860102742,31302.052141470802,29032.676820228015,31066.514224772574,28823.369425055327,30838.866978551403,28620.88816708206,30624.964301421034,28430.44141665649,30437.814720641032,28263.625589809577,30307.617992771702,28147.422279386265
46,0.2397697697697698,34975.87406628441,32269.04228887849,34825.828216571856,32136.864857888024,34611.64296877172,31948.348938956817,34369.37769597652,31735.18196199888,34114.85430596262,31511.204746801526,33855.33400632535,31282.7425474223,33594.30588007795,31052.82367655979,33333.53071288267,30822.97220900066,33073.95119085033,30594.00277273778,32816.118958455256,30366.391666642397,32560.41383158602,30140.466231964816,32307.183612403016,29916.524649678224,32056.527755392734,29694.66670470578,31808.635170934285,29475.06785769429,31563.86239468162,29258.04967913285,31322.892573934554,29044.221417316458,31087.072442988305,28834.779637541444,30859.15493354963,28632.169412390213,30645.00083594999,28441.602435195444,30457.633758566208,28274.682377300283,30327.287735389877,28158.40734157773
47,0.24476476476476478,35001.50939599404,32282.81394207169,34851.26576015831,32150.545746648553,34636.796275886605,31961.89937722732,34394.20911036894,31748.584436247078,34139.348386238744,31524.45179673458,33879.48580565032,31295.831469765664,33618.115590988615,31065.754115777567,33357.001138911815,30835.745019907215,33097.08652324769,30606.619468010333,32838.924186823475,30378.854148150713,32582.894493587843,30152.77667353856,32329.345773944628,29928.685480975037,32078.37740880996,29706.680361570503,31830.178403036098,29486.93685079442,31585.105626923054,29269.776703903713,31343.84298497662,29055.809554118896,31107.73879058239,28846.2327439493,30879.549250108772,28643.4929334853,30665.142089999343,28452.805154805632,30477.556097676654,28285.78036905854,30347.059807512942,28169.433267393488
48,0.24975975975975978,35027.28687113423,32296.64015068632,34876.84409522971,32164.280734390042,34662.08843163116,31975.503258325833,34419.177179949496,31762.039610451826,34163.976831532724,31537.75076859506,33903.76965501473,31308.971525203804,33642.05504667868,31078.73490034441,33380.599031195045,30848.56739550663,33120.347078771054,30619.284957567335,32861.85243530771,30391.364665576577,32605.496015936624,30165.134405925262,32351.626682455895,29940.892872428034,32100.34374101421,29718.739862142404,31851.836291032974,29498.850985523208,31606.461539167074,29281.548183316318,31364.904151572428,29067.44147536058,31128.514030483908,28857.72898495712,30900.050677722367,28654.858967172488,30685.388800570992,28464.0498086908,30497.58246417007,28296.919795174017,30366.934927927432,28180.500284787886
49,0.2547547547547548,35053.207513672394,32310.52122908473,34902.56423327682,32178.070132541296,34687.52043250505,31989.160889472707,34444.282884347784,31775.54778708263,34188.74060391165,31551.1019598918,33928.186498775736,31322.163006229777,33666.12517390353,31091.766317756705,33404.32529911617,30861.439618353903,33143.733749722735,30631.99951909605,32884.90457944978,30403.923491823254,32628.21925775445,30177.539697334367,32374.027181000765,29953.14708764961,32122.42757936172,29730.845465531234,31873.60964692294,29510.810516582405,31627.930928414105,29293.364367762813,31386.076856116273,29079.11742723224,31149.398930942785,28869.268602683675,30920.65997111093,28666.267751673615,30705.741709806276,28475.336631449118,30517.713589307732,28308.100887111526,30386.91382043125,28191.608623077194
50,0.25974974974974974,35079.27235269154,32324.457493522415,34928.42719283252,32191.914254405983,34713.09328194536,32002.87257973701,34469.52721001326,31789.109270428384,34213.640672140384,31564.505669922317,33952.73728786534,31335.406207094504,33690.326905871225,31104.848657237893,33428.18085839137,30874.361972700706,33167.247434618985,30644.76343195058,32908.081500889224,30416.530901431426,32651.065084147183,30189.992817583883,32396.548118515497,29965.44839183254,32144.629756971946,29742.99743239943,31895.499288360596,29522.815700199346,31649.514597216807,29305.225509134474,31407.36188645301,29090.837657397882,31170.394265560928,28880.85184069595,30941.37789025259,28677.71952663475,30726.20156501608,28486.66585908062,30537.950209444196,28319.32387771835,30406.997213863055,28202.758512946853
51,0.26474474474474474,35105.48242443126,32338.449262158043,34954.43399951246,32205.813415172615,34738.80799036659,32016.63864004641,34494.91115025466,31802.724366606977,34238.67801172028,31577.962199782392,33977.42297982839,31348.70142381602,33714.661182280084,31117.98220974763,33452.16663110579,30887.334744504467,33190.88903822599,30657.576977160672,32931.38408739863,30429.187170587866,32674.034366239284,30202.49403810897,32419.190349842866,29977.79705175836,32166.951112761195,29755.19602497039,31917.506038690004,29534.86679413514,31671.213353712454,29317.131860829726,31428.760035909854,29102.60241500266,31191.50081332349,28892.478944016915,30962.205200413657,28689.214533133778,30746.7691187111,28498.037728994692,30558.293066057053,28330.589001231707,30427.185842131763,28213.95018645878
52,0.26973973973973975,35131.83877232902,32352.49685506354,34980.585686055936,32219.7679319245,34764.665575200954,32030.45938319699,34520.43570527958,31816.393383575007,34263.85360492808,31591.471852375555,34002.244538860876,31362.04895418891,33739.12894935599,31131.167267991103,33476.283545750484,30900.358221437327,33214.65947159609,30670.440437440644,32954.81323291928,30441.892577134262,32697.127981208676,30215.043631970537,32441.954735766463,29990.1933358058,32189.392491476243,29767.44150703683,31939.63072697784,29546.964057692763,31693.028011655453,29329.083677762093,31450.272103328352,29114.411950680787,31212.719358630293,28904.150159133245,30983.142672179634,28700.753013688092,30767.44512863219,28509.4524800176,30578.74290577692,28341.896493286087,30447.48044424625,28225.183877058782
53,0.27473473473473475,35158.34244706157,32366.60059423421,35006.883292366816,32233.778123649736,34790.667060938744,32044.3351238631,34546.101882234194,31830.1166311375,34289.16844085505,31605.03493242265,34027.20293584828,31375.44909779375,33763.731159890216,31144.404126428217,33500.53253725945,30913.432692895363,33238.559652104166,30683.354097198295,32978.36983759685,30454.64740057595,32720.346812321906,30227.641873863882,32464.84214304514,30002.637513959344,32211.95474372825,29779.734143969024,31961.874188046626,29559.107751725373,31714.95939045004,29341.081216368373,31471.898893096495,29126.26651656345,31234.050691327353,28915.86573400319,31004.191081486188,28712.335212262213,30788.230357780874,28520.91035240008,30599.300480417467,28353.246590920728,30467.88176434508,28236.459819583877
54,0.27972972972972976,35184.99450658653,32380.76080359891,35033.327865554755,32247.844311251396,34816.813479169,32058.266178607344,34571.91069524328,31843.894420957735,34314.623515446176,31618.65174647152,34052.29914840419,31388.90215600648,33788.46877327735,31157.693081282894,33524.9145470469,30926.55845000765,33262.59050348426,30696.318242543966,33002.05480781732,30467.451922090746,32743.6917489694,30240.28904012737,32487.85344444768,30015.12985781771,32234.638726026787,29792.07420272333,31984.237262508195,29571.298138644444,31737.008315183055,29353.124734616646,31493.64121518096,29138.166366286834,31255.495606738583,28927.625918064376,31025.35120965031,28723.961374275517,30809.125574450052,28532.411587824863,30619.96654700569,28364.639532587156,30488.39055172643,28247.778250269777
55,0.28472472472472476,35211.79601618424,32394.977809030286,35059.92045997666,32261.966817557546,34843.10586862021,32072.25286589056,34597.863165450246,31857.727066567015,34340.21983153964,31632.322602906617,34077.53416090898,31402.408432007996,33813.34275555332,31171.03443055244,33549.43052304452,30939.73578564548,33286.752955866155,30709.33316129947,33025.86905624302,30480.30642453787,32767.163686700835,30252.985408751163,32510.989518787577,30027.670640602453,32257.445300813983,29804.461951850528,32006.720796797206,29583.53548242816,31759.17561665698,29365.21449201456,31515.499885159505,29150.11175500008,31277.054905697616,28939.43096224164,31046.623843401645,28735.63174661003,30830.13155225473,28543.956429414353,30640.741867812245,28376.075558156655,30509.00756087817,28259.139406758288
56,0.28971971971971977,35238.748048499714,32409.251938355002,35086.662137278174,32276.145967331475,34869.54527520137,32086.295506081835,34623.96032105753,31871.6148833746,34365.95839890642,31646.047811958764,34102.908964548784,31415.968230793656,33838.3540794336,31184.428474016917,33574.08141973912,30952.964994431582,33311.0479458124,30722.39914300724,33049.81350184885,30493.21119246683,32790.76352726072,30265.731259386026,32534.251250957976,30040.26013716656,32280.37533649887,29816.897661504318,32029.325643204873,29595.820048629685,31781.462131423035,29377.350749617337,31537.475724253498,29162.102939373326,31298.7293945798,28951.281118955034,31068.009774913848,28747.346577618155,30851.249070163027,28555.54512173831,30661.62721038197,28387.55490892786,30529.733551508034,28270.54352810483
57,0.2947147147147147,35265.851683584755,32423.583521364097,35113.55396643539,32290.382087281876,34896.13275204312,32100.394421468583,34650.20319736701,31885.55818867759,34391.84023429007,31659.82768571486,34128.42455735457,31429.58185918288,33863.50372435166,31197.87551324861,33598.86819821032,30966.246372749414,33335.47641635523,30735.51647893942,33073.889069958655,30506.166512126365,32814.492178624176,30278.526873352053,32557.639531966764,30052.89862400313,32303.429707491832,29829.381603449812,32052.052659912853,29608.152104385466,31803.86870181443,29389.533770036134,31559.569559360654,29174.140177605816,31320.519885334317,28963.17664212771,31089.50980183624,28759.10611713051,30872.478912527167,28567.17791082151,30682.623347564473,28399.07782763438,30550.569288573974,28281.99085478598
58,0.2997097097097097,35293.1080089404,32437.972889823297,35140.59702379683,32304.675506073112,34922.86935953901,32114.549936266674,34676.59283682071,31899.557301670895,34417.866361446766,31673.66253812772,34154.08194424141,31443.249625828816,33888.79267649748,31211.37585162145,33623.79182616843,30979.580218752442,33360.039317033865,30748.685462106987,33098.09669228182,30519.172671473443,32838.35055503282,30291.37253364754,32581.155258971852,30065.586379254033,32326.609294239264,29841.9140510721,32074.90271102727,29620.531918423767,31826.39617597984,29401.763817446237,31581.782223087852,29186.22372943401,31342.427195516455,28975.11778719393,31111.124727325583,28770.910616463803,30893.821869114752,28578.855044151518,30703.731057544945,28410.644558452343,30571.515542314562,28293.481628707006
59,0.30470470470470473,35320.51811955943,32452.42037748348,35167.792393125615,32319.026554335553,34949.756165387094,32128.762376630624,34703.13028904162,31913.61254345725,34444.03781118531,31687.55268502591,34179.88213704792,31456.971841228,33914.22192885633,31224.929794320586,33648.85327799248,30992.96683237348,33384.737603931804,30761.906387269024,33122.43730694994,30532.229960182365,32862.33957703078,30304.2685249579,32604.79933531656,30078.323682718677,32349.91498325837,29854.495279384828,32097.876666612843,29632.959761073,31849.045407916918,29414.041157595384,31604.114553784053,29198.353856139758,31364.452148320015,28987.104811107063,31132.855360077745,28782.760328428754,30915.278735140153,28590.576770686414,30724.95112387503,28422.255347008126,30592.573088279696,28305.01609320943
60,0.30969969969969974,35348.08311796906,32466.926320091057,35195.14116564171,32333.435564675925,34976.79424463162,32143.032070663772,34729.81661087473,31927.72423705729,34470.35562140759,31701.498444123685,34205.8261545759,31470.74881773007,33939.7924812477,31238.537648351885,33674.05353476852,31006.406515334133,33409.57223971448,30775.17955094186,33146.91185855372,30545.33866965376,32886.460171500985,30317.215133664522,32628.57267056526,30091.110815862747,32373.347667172056,29867.125565038794,32120.975402727272,29645.435904270293,31871.81725750609,29426.366057812076,31626.56739557357,29210.53082055847,31386.59557260995,28999.137972347697,31154.70251435995,28794.65550733791,30936.850311295944,28602.343340862648,30746.28433550393,28433.910440386055,30613.742707361296,28316.594493078715
61,0.31469469469469474,35375.80411427398,32481.491055398572,35222.64444006448,32347.9028716877,35003.98467970489,32157.359348428574,34756.65286642833,31941.892707419673,34496.82083714903,31715.50013503086,34231.91502263013,31484.58086954755,33965.50534036439,31252.19972255161,33699.39358432796,31019.89957115426,33434.54419366693,30788.50525140844,33171.52129818005,30558.49909302375,32910.71327170155,30330.212647853823,32652.47618053907,30103.94806182705,32396.908244744143,29879.805186330686,32144.199801455747,29657.96062156987,31894.712590544405,29438.738787013957,31649.141598389302,29222.75488708741,31408.85830295499,29011.21753093167,31176.667010042856,28806.59640901375,30958.53740378462,28614.155006602887,30767.731486809622,28445.610087136163,30635.02518582422,28328.21707455194
62,0.3196896896896897,35403.682226199366,32496.114923175202,35250.303322655345,32362.42881196153,35031.32856046942,32171.744541956887,34783.64012711529,31956.118281431143,34523.434510619285,31729.55807926283,34258.149774058336,31498.46831276571,33991.36151981181,31265.916327596035,33724.87442128625,31033.446305161393,33459.65444173168,30801.88378872759,33196.26658344915,30571.711525173137,32935.099817302274,30343.261357326206,32676.510787351788,30116.835705436366,32420.597620914585,29892.53442321174,32167.550750945553,29670.53418815177,31917.732278779593,29451.15961571627,31671.83801800617,29235.02632169386,31431.241179660585,29023.343748418294,31198.74967263286,28818.583290796618,30980.340824350304,28626.012021323873,30789.29337763016,28457.354537281968,30656.421315337262,28339.884085325448
63,0.3246846846846847,35431.71857913431,32510.79826521736,35278.11892726071,32377.013724095832,35058.826984260144,32186.187985260378,34810.77947169474,31970.40128792684,34550.1977012432,31743.672600250608,34284.53144879141,31512.411465352357,34017.36204014742,31279.687776011117,33750.49704708149,31047.04702450034,33484.903966546866,30815.315464743435,33221.148678552025,30584.97626273657,32959.62075442143,30356.361553605147,32700.67741944592,30129.77403320837,32444.416706834927,29905.313557296467,32191.029145440913,29683.15688083038,31940.877199944287,29463.628816040295,31694.65751607472,29247.345391923558,31453.74504880189,29035.516887918442,31220.95133330461,28830.616411552826,31002.261390310803,28637.91463994434,30810.970813295226,28469.144042328237,30677.931893004366,28351.595774562655
64,0.3296796796796797,35459.91430617529,32525.541425359344,35306.09237535504,32391.65794870725,35086.481055927004,32200.69001434091,34838.07198631385,31984.742057700478,34577.111475701815,31757.84402335091,34311.06109388372,31526.41064716783,34043.50792892033,31293.514382182297,33776.26247001348,31060.702038142732,33510.29375748438,30828.800583094788,33246.16855428806,30598.29360411184,32984.277035662635,30369.51352994624,32724.97701162901,30142.76333336251,32468.36641990388,29918.142871871507,32214.635885317985,29695.82897806304,31964.14823779033,29476.146661721825,31717.600960154938,29259.712366909,31476.37076225695,29047.737214102865,31243.272828933557,28842.696031682648,31024.29992458965,28649.86311889303,30832.764604657685,28480.978855268873,30699.557721395948,28363.352392901772
65,0.3346746746746747,35488.27054816984,32540.344749484088,35334.224796084134,32406.36182844134,35114.29188787749,32215.25096720097,34865.51876454977,31999.140923514686,34604.17690797364,31772.072675856252,34337.73976355367,31540.466179974883,34069.80022071123,31307.39646236429,33802.17170528283,31074.411656896624,33535.82481068838,30842.339449224608,33271.327188102645,30611.66384946917,33009.069620151924,30382.717581346395,32749.410505109998,30155.803895829067,32492.44768380306,29931.02265190439,32238.371877119913,29708.550759958824,31987.54628212333,29488.713428119714,31740.6692237501,29272.12751737782,31499.11917774,29060.00499321036,31265.715002128727,28854.822413128517,31046.457255748315,28661.857716116632,30854.67556812543,28492.85923059484,30721.29960858037,28375.15419246365
66,0.3396696696696697,35516.7884537606,32555.20858553386,35362.517326308625,32421.125707983185,35142.26060011957,32229.871183854226,34893.12090745184,32013.59822011134,34631.395079376096,31786.358887005194,34364.56851922443,31554.57838744877,34096.23995717231,31321.334334690877,33828.22577503021,31088.17619341622,33561.49812911386,30855.932370389535,33296.6255641252,30625.087300760497,33033.99947357495,30395.974004553,32773.97884753579,30168.89601225815,32516.66142853303,29943.953184052472,32262.23803359221,29721.322508287172,32011.07222883734,29501.329392224492,31763.86318634089,29284.591115661293,31521.99115883505,29072.320493056133,31288.278701265735,28866.99581938316,31068.73421801866,28673.898691087838,30876.704525693316,28504.785424302012,30743.158368155535,28387.001426859646
67,0.34466466466466467,35545.46917942932,32570.133283521114,35390.97111064768,32435.949934068056,35170.388320304744,32244.551006336053,34920.87952358393,32028.11428422197,34658.76707860718,31800.70298799247,34391.54842956483,31568.747595187244,34122.82818706749,31335.328319184846,33854.42570837584,31101.995962211542,33587.31472256544,30869.579655669408,33322.0646732072,30638.564261728963,33059.06756821453,30409.28309807314,32798.68299302806,30182.039976028744,32541.00859044928,29956.93475667183,32286.23527371817,29734.144506486697,32034.72697994966,29513.994832666896,31787.183733419577,29297.103435702662,31544.987575029412,29084.68398304005,31310.964780519775,28879.216515497825,31091.13165133546,28685.986304813443,30898.85230497521,28516.7576938992,30765.134819280676,28398.894351199473
68,0.34965965965965967,35574.31388954123,32585.119195539326,35419.587301522886,32450.834855492263,35198.67618377131,32259.290778714218,34948.79572906699,32042.68945457816,34686.294001787304,31815.10531197936,34418.6805705305,31582.974130720682,34149.56596631276,31349.37873776784,33880.772541459206,31115.871279658244,33613.27560773627,30883.28161597688,33347.64551296044,30652.095037918305,33084.27488298805,30422.645162182933,32823.52390222006,30195.236082257896,32565.490112298598,29969.967659826234,32310.364522754575,29747.017039673956,32058.511443635896,29526.71002972661,31810.631756524468,29309.664753065834,31568.109301747558,29097.095734155115,31333.774099898852,28891.48476809048,31113.650401369083,28698.120819842436,30921.119739236296,28528.776298416178,30787.22978670829,28410.83322209918
69,0.3546546546546547,35603.32375638962,32600.166675773915,35448.36705920229,32465.78082312388,35227.125333587835,32274.09084709942,34976.87064762187,32057.324071922085,34713.97695250131,31829.566194104013,34445.9660254051,31597.258323522237,34176.4543580168,31363.485914270463,33907.267317478836,31129.80246400737,33639.38180824727,30897.038564067072,33373.369087795545,30665.67993668233,33109.62240348532,30436.060498936735,32848.502542293856,30208.484627809812,32590.106943255425,29983.052185296172,32334.626712267367,29759.940394652414,32082.42653426513,29539.475265340974,31834.208153274474,29322.275344943824,31591.35722038509,29109.556018995812,31356.707525277237,28903.800845354115,31136.291319558386,28710.302500274167,30943.5076674254,28540.841498411708,30809.444100816145,28422.81829768908
70,0.3596496496496497,35632.49996024047,32615.276080513195,35477.31155184476,32480.788189913674,35255.736920596784,32288.951559656118,35005.10541061224,32072.018479017097,34741.81704184069,31844.08597149175,34473.40588484191,31611.600505018014,34203.49443252172,31377.650174442166,33933.911086732354,31143.789835395273,33665.63435468632,30910.85081454721,33399.236408960525,30679.31926719443,33135.111122006514,30449.529412176587,32873.61988701749,30221.7859113051,32614.860038958515,29996.18862658782,32359.02278016774,29772.91485992123,32106.4731724352,29552.29082311369,31857.913827403754,29334.93549016741,31614.732218342848,29122.065111766617,31379.765928428937,28916.165017065105,31159.0552631437,28722.531611766528,30966.01693420757,28552.95355598155,30831.778597639553,28434.849837621776
71,0.3646446446446447,35661.84368937752,32630.447768159454,35506.42195554443,32495.85731090601,35284.51210345842,32303.873266613195,35033.50115708774,32086.77302065825,34769.81538844602,31858.66498326553,34501.00124690542,31626.001008597414,34230.687267443966,31391.871845961483,33960.70490665675,31157.83371585345,33692.034284647896,30924.718683886473,33425.248494579595,30693.013340457164,33160.74203760026,30463.052207541616,32898.876916782494,30235.140233129976,32639.750361547696,30009.3772789422,32383.5536707482,29785.940725684246,32130.652285008233,29565.156988323633,31881.749688796666,29347.64546921375,31638.235189061164,29134.623288290466,31402.950187061448,28928.577554591513,31181.94309519999,28734.80842154422,30988.648389996753,28565.11273476668,30854.234118903772,28446.92810308025
72,0.36963963963963964,35691.3561401474,32645.68209923996,35535.69945437548,32510.988543249754,35313.45204869491,32318.856320274903,35062.05903382733,32101.588043683016,34797.97311854958,31873.30357055643,34528.7532171133,31640.460169623333,34258.033947715514,31406.151258446047,33987.6498418687,31171.934429318557,33718.5826427727,30938.642490425696,33451.406369692195,30706.76246931193,33186.516156102014,30476.62919247748,32924.274618641444,30248.547895445605,32664.77887970081,30022.618439344355,32408.220334718888,29799.018283858946,32154.964805146315,29578.074047933675,31905.716653522795,29360.405564215096,31661.867032054357,29147.230826017287,31426.261184849634,28941.038730901542,31204.955684670203,28747.133198406988,31011.402890988662,28577.31929996147,30876.811512056458,28459.05335678588
73,0.37463463463463464,35721.03851700491,32660.979436418078,35565.145240437014,32526.182246209373,35342.5579307345,32333.90107503163,35090.78019538292,32116.463896981924,34826.29136601815,31888.00207651417,34556.66290847835,31654.97832544259,34285.53556562519,31420.488743462785,34014.74696420527,31186.09230164242,33745.28048078755,30952.6225543872,33477.71106629211,30720.566968448522,33212.434490172454,30490.260676245885,32949.81398634583,30262.00920219742,32689.946568670937,30035.91240653244,32433.023729244054,29812.14782808551,32179.41167234734,29591.042290599577,31929.815643872185,29373.216058967486,31685.628652945317,29159.888004032637,31449.6998114697,28953.548820571923,31228.093906398717,28759.50621273796,31034.281299193783,28589.57351832179,30899.51163030039,28471.225863006614
74,0.37962962962962965,35750.89203255872,32676.340144504517,35594.76051389821,32541.438781175977,35371.83093195617,32349.00788737088,35119.6658041231,32131.400931509383,34854.77127239616,31902.760846317764,34584.73144155092,31669.555815396263,34313.193220860165,31434.884634538197,34041.99735276468,31200.30766060203,33772.128857545475,30966.659197884732,33504.16362336691,30734.427154414974,33238.498059336176,30503.94696993411,32975.496020384,30275.524459124535,32715.25441032358,30049.259481007008,32457.964817978762,29825.32965373587,32203.99383248102,29604.062006678927,31954.047588390666,29386.07723893955,31709.520963500327,29172.5951030663,31473.26696263344,28966.108099796485,31251.358641165058,28771.927736512054,31057.284482470543,28601.875658173365,30922.335332626328,28483.44588756513
75,0.38462462462462466,35780.9179076171,32691.764590468512,35624.54648304365,32556.75851167845,35401.27224273416,32364.17711588821,35148.71703027711,32146.399500294465,34883.41398694879,31917.580227186,34612.95994446128,31684.192980830172,34341.0080205478,31449.33926716862,34069.40209394725,31214.580835909717,33799.12883906591,30980.75274493335,33530.765086937456,30748.343345627232,33264.70789002057,30517.688386464604,33001.32172801932,30289.09397376916,32740.70339317426,30062.659965040282,32483.04457110568,29838.564057922842,32228.712237825097,29617.13348824004,31978.413421915513,29398.989391281284,31733.544881663933,29185.35240550096,31496.96354012254,28978.71684639463,31274.750775717614,28784.39804330428,31080.413314558613,28614.22598941998,30945.283483845975,28495.713697847033
76,0.38961961961961966,35811.11737123402,32707.253143449158,35654.50436431893,32572.14180339463,35430.88306148304,32379.40912129831,35177.93505197907,32161.459958451764,34912.220666705456,31932.4605683883,34641.3495529624,31698.890165105455,34368.98107929744,31463.8529788305,34096.96228149664,31228.912159223295,33826.28149857529,30994.903521459448,33557.51651009765,30762.31586237903,33291.06501559477,30531.48524060473,33027.292123328545,30302.718055486086,32766.29451242613,30076.11416268547,32508.263965372087,29851.85133950928,32253.56784710164,29630.25702907103,32002.914085611115,29411.952804832996,31757.701331594093,29198.160195380904,31520.79045182316,28991.375339819955,31298.27120280772,28796.917408298294,31103.668675112465,28626.624783551877,30968.356954625193,28508.029562809166
77,0.39461461461461467,35841.49166075534,32722.80617476674,35684.63538237638,32587.589024162604,35460.66459470279,32394.704266446097,35207.32105531236,32176.582663192334,34941.19247650346,31947.402221255332,34669.90141047276,31713.647713609043,34397.11351924264,31478.426108990843,34124.67901654125,31243.301964156217,33853.58791654759,31009.111855310777,33584.418953054344,30776.345026851697,33317.57047640905,30545.337848976294,33053.40822724034,30316.397015452236,32792.02877000787,30089.62237978619,32533.623984127058,29865.191799117358,32278.56162551365,29643.43292468884,32027.550527004874,29424.967770134117,31781.99124369748,29211.018758420792,31544.748611760646,29004.083861168812,31321.920821223684,28809.48610829481,31127.051449735016,28639.072313654095,30991.55662151728,28520.393752987824
78,0.3996096096096096,35872.04202186526,32738.424057934146,35714.940770121124,32603.10054399196,35490.61805702411,32410.06291631782,35236.87623435425,32191.767973834663,34970.33058903185,31962.40553918987,34698.616668119466,31728.4659737643,34425.40647008347,31493.058999117668,34152.55340763579,31257.750586287893,33881.04918074524,31023.378076266497,33611.4734831675,30790.43116312411,33344.22531983405,30559.246530065404,33079.671067573996,30330.131166676234,32817.90717461169,30103.1849239858,32559.125617358874,29878.585739137714,32303.694544781767,29656.66147234842,32052.323700023266,29438.034579432213,31806.415554664938,29223.928382014463,31568.83894013429,29016.842693189006,31345.70053582517,28822.104421720127,31150.562530011433,28651.568854414894,31014.88336699648,28532.806540507132
79,0.4046046046046046,35902.769708633066,32754.10716866833,35745.42176875732,32618.67673507513,35520.74467125403,32425.485438052347,35266.60179122074,32207.016251815683,34999.636184875526,31977.470877677697,34727.496484781586,31743.345295041763,34453.861069129045,31507.751992690424,34180.586570803025,31272.258363173984,33908.666386260105,31037.70251604736,33638.68117499051,30804.574597182655,33371.030600300524,30573.211604232274,33106.08167907837,30343.92082400802,32843.93074173158,30116.80210473692,32584.769861732544,29892.033463738826,32328.96758318111,29669.942971051754,32077.234565028146,29451.153526691982,31830.975207507072,29236.889355243795,31593.062363352434,29029.652120288527,31369.61125757764,28834.772628634764,31174.202813543074,28664.114682134208,31038.338079491634,28545.26819908744
80,0.40959959959959963,35933.67598355999,32769.85588490184,35776.079627834566,32634.31797179886,35551.04566842175,32440.97220095229,35296.4989361116,32222.327860701902,35029.11045255945,31992.598594298386,34756.54202713367,31758.286028969764,34482.478461340324,31522.50543521061,34208.77962957585,31286.82563435677,33936.44063555481,31052.08550832587,33666.04311031075,30818.775656931233,33397.98737933909,30587.233393721024,33132.64110347096,30357.766304148565,32870.1004937017,30130.474233310902,32610.557720627563,29905.5352788764,32354.381725578412,29683.277721557177,32102.284088853175,29464.32490760426,31855.671151590126,29249.901968887647,31617.41981406767,29042.51242854423,31393.653903587012,28847.49101074207,31197.973203981743,28676.71007473215,31061.92165341997,28557.77900405371
81,0.41459459459459463,35964.76211762644,32785.6705867944,35806.915605294635,32650.02463075567,35581.52228782459,32456.523576495438,35326.56888735573,32237.703166200536,35058.75458859326,32007.789048736395,34785.75446968941,31773.28852914533,34511.259799373016,31537.319674212307,34237.13371503944,31301.452741375575,33964.373038504185,31066.527388736555,33693.56037819022,30833.034672201335,33425.09672562022,30601.312222669596,33159.350389477186,30371.66792565956,32896.417459735036,30144.201622807454,32636.490204175818,29919.09149230268,32379.937963469307,29696.666026388535,32127.47324484042,29477.54901959516,31880.504342671924,29262.966515430686,31641.912231212245,29055.423905710722,31417.82939713448,28860.25985139683,31221.874611063937,28689.355311757576,31085.63498922115,28570.339232344057
82,0.41958958958958964,35996.029390339274,32801.55165674459,35837.930967518325,32665.797090755375,35612.175777074284,32472.13993834615,35356.81287145652,32253.142536170664,35088.56979751593,32023.042602791957,34815.13499484569,31788.353151244854,34540.20624362081,31552.19505927288,34265.649965873665,31316.140027777226,33992.464712436864,31081.028494886265,33721.234075006534,30847.351974762172,33452.35971499449,30615.448417119704,33186.210592869924,30385.626008973217,32922.88267596214,30157.98458816424,32662.568329299742,29932.702413575982,32405.6372950157,29710.1081898445,32152.803012877146,29490.826161835193,31905.47574293802,29276.08328907247,31666.5405600336,29068.386841229192,31442.138667711482,28873.079435614043,31245.90795064538,28702.050674396643,31109.47899339139,28582.94916251815
83,0.4245845845845846,36027.479089779525,32817.499479401486,35869.12698937266,32681.6357328367,35643.007392143416,32487.821662366696,35387.232123137655,32268.64634063454,35118.55729194069,32038.359620392264,34844.68479292668,31803.48025303516,34569.31896225872,31567.131942023705,34294.32952839576,31330.887839126608,34020.71678217726,31095.58916636447,33749.06530449402,30861.727898330846,33479.777430532944,30629.64230502684,33213.22277650918,30399.640876402125,32949.49718547012,30171.82344616654,32688.79311975052,29946.368354070182,32431.48072508346,29723.60451800798,32178.274379432816,29504.156635248448,31930.58632103809,29289.252585736467,31691.305752130054,29081.401526236215,31466.582651054934,28885.950050077634,31270.074144735718,28714.796445481526,31133.454578517776,28595.609074765845
84,0.4295795795795796,36059.11251265016,32833.5144416765,35900.50495425824,32697.54094027893,35674.018397412096,32503.569126628856,35417.82788538911,32284.214951788916,35148.71829260029,32053.740467602605,34874.40506222825,31818.67019438434,34598.59913128674,31582.130676160883,34323.17355660314,31345.696523017203,34049.13038008756,31110.209744753727,33777.055177785056,30876.162778582566,33507.350962567696,30643.894216270302,33240.38801038194,30413.712852149103,32976.26203834192,30185.718515456945,32715.16560614678,29960.089626984256,32457.469265280233,29737.15531875542,32203.888337596258,29517.54074252183,31955.83705212246,29302.474703079093,31716.208765486826,29094.46825357279,31491.16228918247,28898.871983149278,31294.374121533296,28727.592909499035,31157.562663312787,28608.319250915785
85,0.4345745745745746,36090.930964324216,32849.59693275515,35932.06615415688,32713.5130986136,35705.210065715,32519.38271142543,35448.60140951324,32299.848744016403,35179.054028392355,32069.185512637483,34904.29700906258,31833.92333727284,34628.047934573595,31597.191617456105,34352.18321221642,31360.566429081795,34077.706646110084,31124.890573640114,33805.20481345166,30890.656953160913,33535.08140873273,30658.204482663346,33267.70737164234,30427.84226231713,33003.17829169553,30199.670116545156,32741.686826013083,29973.866547351838,32483.603933993465,29750.760901766294,32229.645887112987,29530.978788114367,31981.228917878805,29315.74994049892,31741.250564512044,29107.5873177933,31515.87853042805,28911.845524877255,31318.80881546024,28740.440352599333,31181.804172648997,28621.079974444026
86,0.4395695695695696,36122.935758893145,32865.74734410901,35963.811889679426,32729.552595636334,35736.5836783885,32535.26279928184,35479.55395517128,32315.548093896963,35209.56573642499,32084.695125871942,34934.361847803026,31849.240045804483,34657.66656390086,31612.31512376752,34381.35966472271,31375.49790900312,34106.44672780968,31139.631998623747,33833.515337547185,30905.210761688242,33562.969874004964,30672.5734379633,33295.181944651864,30442.029434919357,33030.24700972375,30213.678571817803,32768.35782381893,29987.699432050984,32509.88575642858,29764.421578532612,32255.548034422824,29544.47107826654,32006.762906569023,29329.07859914581,31766.432120073092,29120.75901517452,31540.732329477643,28924.87096700531,31343.379167197647,28753.339062604766,31206.1800375939,28633.89153048276
87,0.4445645645645646,36155.12821921542,32881.96606950761,35995.74347011392,32745.659821418627,35768.140525318064,32551.209774967872,35510.686790429965,32331.313380219326,35240.25466206266,32100.269679852834,34964.60080092913,31864.62068621763,34687.45621900721,31627.50155505062,34410.70409141913,31390.491316524636,34135.351780416524,31154.434367329337,33861.987883648304,30919.82454577602,33591.01747074546,30687.001417881827,33322.81282101993,30456.27469988915,33057.469263733925,30227.744205548304,32795.1796510178,30001.58859981379,32536.315764647457,29778.13766236843,32281.595792697583,29558.017921009643,32032.4400130664,29342.460981930155,31791.754409533052,29133.98364372474,31565.724647405135,28937.948602981673,31368.08612372097,28766.289329018655,31230.691195444953,28646.754205829016
88,0.4495595595595596,36187.50967696525,32898.25350503047,36027.8622134739,32761.835168319798,35799.88190498594,32567.22402550936,35542.00119180836,32347.14498399265,35271.122058972265,32115.90954931028,34995.01509907194,31880.065626896318,34717.41810763296,31642.75127336936,34440.217677456494,31405.547007461348,34164.42296686906,31169.298029416816,33890.62359289717,30934.498649035275,33619.22531874079,30701.48876009516,33350.60109964453,30470.578389090184,33084.846132187835,30241.867343906804,32822.153366086466,30015.53437123619,32562.894997606978,29791.90946841945,32307.790181878994,29571.619626175263,32058.261238892814,29355.897393532166,31817.21841678736,29147.261503192854,31590.856451708372,28951.07872796797,31392.930638335594,28779.291443034184,31255.338589764782,28659.668288953493
89,0.45455455455455457,36220.081472681784,32914.61004907924,36060.16944654697,32778.079030998975,35831.809124519044,32583.30594020006,35573.49844432513,32363.04328845806,35302.16918916957,32131.615111169012,35025.605981059554,31895.575238381567,34747.553445564714,31658.064642907146,34469.90161588324,31420.665339710646,34193.661457857175,31184.2233365921,33919.423614043895,30949.233417087165,33647.594545244814,30716.035804254454,33378.547886753186,30484.940836326587,33112.378700742,30256.04831497014,32849.28003456451,30029.53706878777,32589.624501197835,29805.73731367271,32334.132228716902,29585.276505404705,32084.22759225631,29369.388140411218,31842.825132300688,29160.592895077603,31616.128716345458,28964.26163884832,31417.913670712558,28792.345697543322,31280.12317041661,28672.63407000939
90,0.4595495495495496,36252.844955818386,32931.036102389786,36092.66650494374,32794.391806427084,35863.923499737124,32599.45591061349,35605.17984154584,32379.008679100396,35333.39732306568,32147.386744559913,35056.37469396287,31911.14989338269,34777.86345668039,31673.44202997794,34499.75710768964,31435.846673263255,34223.06843186558,31199.210642617752,33948.389103489055,30964.029197573447,33676.12628502042,30730.64289199615,33406.654295944085,30499.362377353184,33140.06806228806,30270.2874487319,32876.56072909399,30043.597016821626,32616.505328283547,29819.62151696625,32360.622966807536,29598.988872158625,32110.34008808868,29382.933530815204,31868.575553143968,29173.97812263674,31641.542421771162,28977.497634238392,31443.036186924535,28805.45238714579,31305.045893599814,28685.651840841252
91,0.4645445445445446,36285.80148479222,32947.53206804444,36125.35473314682,32810.773893898986,35896.226355201194,32615.674330614867,35637.04668563058,32395.041543659987,35364.80773951388,32163.224830831616,35087.32249314155,31926.789966788587,34808.349372994366,31688.883803037515,34529.785361852184,31451.091370214235,34252.645075217384,31214.260303323816,33977.52122532665,30978.886340167155,33704.8216803817,30745.310366952443,33434.92144822739,30513.8433498857,33167.915316993414,30284.585077112504,32903.99652945937,30057.71454158432,32643.538538739704,29833.56239899886,32387.26343663207,29612.75704172656,32136.59974808339,29396.533874790006,31894.470683031606,29187.41749089639,31667.09855497361,28990.787014494636,31468.299159481947,28818.611808158064,31330.10772188575,28698.721894993963
92,0.4695395395395396,36318.95242703409,32964.098351484325,36158.23548456025,32827.22569504563,35928.71902426215,32631.96159637313,35669.10028738184,32411.142272144447,35396.401725856726,32179.129753562098,35118.45064229038,31942.49583567929,34839.012434702985,31704.390332694606,34559.98759537815,31466.399794774094,34282.392582118024,31229.372676618674,34006.82115138711,30993.805196583307,33733.68188123624,30760.038574761817,33463.35047206685,30528.38409361116,33195.921572342035,30298.941533969366,32931.588522627615,30071.889971225795,32670.72519949336,29847.56028233994,32414.054685595343,29626.581331236575,32163.007600733617,29410.18948418895,31920.511532358978,29200.911306660306,31692.798109511114,29004.130081723328,31493.703567369295,28831.824258622495,31355.30962425367,28711.844527721718
93,0.4745345345345346,36352.29915903866,32980.73536052162,36191.31012155908,32843.74761384633,35961.402849109705,32648.318106373034,35701.34196629267,32427.31125684056,35428.180577973304,32195.1018985704,35149.760413485696,31958.267879337367,34869.85389023017,31719.96199172227,34590.3650333506,31481.77231327978,34312.31215469926,31244.548122499982,34036.29006128058,31008.786120589582,33762.70804512765,30774.82786307947,33491.94250342158,30542.984950198195,33224.087943175546,30313.357155107107,32959.33780278853,30086.123635809476,32698.066384562648,29861.61549143931,32440.99776806483,29640.462059664995,32189.564681370557,29423.900672682375,31946.69911824001,29214.459878519345,31718.642085549203,29017.527139789956,31519.250396081632,28845.09003831637,31380.652576126864,28725.020035997022
94,0.47952952952952954,36385.8430664147,32997.443505352065,36224.580015539286,32860.340056641064,35994.279180821555,32664.74426142724,35733.77305059502,32443.548892326246,35460.145600326905,32211.141653928375,35181.253087232064,31974.106479259593,34900.8749962734,31735.599155069274,34620.918908973435,31497.209294205957,34342.405003063526,31259.787003065703,34065.92914244053,31023.829468017193,33791.90133727833,30789.67858158808,33520.698685788055,30557.64626330756,33252.41555173446,30327.83227828779,32987.24547139535,30100.415867322285,32725.563175096686,29875.728352637212,32468.0937454098,29654.39954784613,32216.272032201952,29437.667755767237,31973.03446454503,29228.06351686083,31744.631489897893,29030.978494328454,31544.94063766137,28858.40944876115,31406.137559409086,28738.248718519826
95,0.48452452452452455,36419.5855439358,33014.223198567415,36258.04654696793,32877.00343214281,36027.349379412866,32681.240464688595,35766.39487730846,32459.85557548258,35492.298106012764,32227.249409972534,35212.929952509396,31990.012019168502,34932.07701784984,31751.302199871454,34651.650463616694,31512.71110817621,34372.672345328465,31275.08968252507,34095.73959016744,31038.93559677168,33821.26293063249,30804.59108200842,33549.62017024236,30572.36837860255,33280.905527699724,30342.367243241257,33015.31263720552,30114.766999684907,32753.216659415564,29889.8991941742,32495.34368604064,29668.394118482138,32243.130702350667,29451.491050776734,31999.518601938864,29241.722533878103,31770.767336049066,29044.484452750545,31570.77529073511,28871.782793231654,31431.76556252103,28751.53087572666
96,0.48951951951951955,36453.52799559129,33031.07485516806,36291.711105433555,32893.738151450045,36060.61481388592,32697.807121662365,35799.208792289064,32476.23170550592,35524.639416806145,32243.425559315907,35244.79230682013,32005.98488502412,34963.461228342756,31767.07150546334,34682.56094686223,31528.278127974325,34403.11540767179,31290.456527209793,34125.72260767286,31054.104866843903,33850.79400589931,30819.5657181101,33578.708115482645,30587.151643759626,33309.55900823437,30356.962391675483,33043.54041632162,30129.17736876189,32781.02793305068,29904.1283462012,32522.748665448496,29682.44609615287,32270.141747893704,29465.370876890003,32026.15256791902,29255.437243580047,31797.05064421418,29058.04532425519,31596.755360550807,28885.210376765364,31457.537580437154,28764.866809799794
97,0.49451451451451456,36487.67183463747,33047.998892575626,36325.57508969686,32910.54462805923,36094.07686228016,32714.444640218604,35832.21615027855,32492.67768392004,35557.170863210704,32259.670496860046,35276.841456236725,32022.02546503571,34995.02890954823,31782.907453389627,34713.65161654955,31543.910728555747,34433.735424376246,31305.88790558519,34155.87940612364,31069.337640321013,33880.49575159652,30834.60284572239,33607.963687871874,30601.996408479037,33338.37713802561,30371.618067287127,33071.92993223267,30143.64731237193,32808.99809878522,29918.416140789646,32550.309766245053,29696.555807325767,32297.30623190128,29479.30755514196,32052.937406854217,29269.20796180074,31823.48244136205,29071.661419838038,31622.88185901504,28898.69250617174,31483.454614722556,28778.25682467654
98,0.49950950950950956,36522.01848364908,33064.995730645685,36359.63990774175,32927.42327787749,36127.73691172244,32731.153430604583,35865.418314953786,32509.193914588337,35589.89378450713,32275.984619807045,35309.078715449476,32038.134149673635,35026.78135172209,31798.81042741688,34744.923738821904,31559.60928705898,34464.53363787498,31321.384188261403,34186.21120468646,31084.63428139747,33910.36936409401,30849.702822745094,33637.38806148073,30616.903024495445,33367.361069326886,30386.334615771917,33100.48231585546,30158.17717029828,32837.1282666949,29932.762911941627,32578.02807820252,29710.7235803659,32324.625224476156,29493.301408433028,32079.874170022995,29283.03500620909,31850.06376125699,29085.33305230093,31649.15580473062,28912.22949004162,31509.517673570175,28791.701226058507
99,0.5045045045045045,36556.569374571045,33082.065791680594,36393.90697682661,32944.3745192352,36161.596358477516,32747.9339054573,35898.81665897646,32525.78080372621,35622.80952880199,32292.368327671677,35341.50540781454,32054.311331681267,35058.719853627015,31814.780813545145,34776.378588172694,31575.37418281702,34495.511298797,31336.94574800479,34216.71923057252,31099.9951563862,33940.41604765782,30864.866009159425,33666.98241813078,30631.871845588732,33396.51196200034,30401.11238483523,33129.19870557639,30172.767284299036,32865.41955418888,29947.168995600063,32605.904698293907,29724.94974554598,32352.09980279323,29507.35276153909,32106.96391565264,29296.918696318517,31876.795644497066,29099.060536261462,31675.578223034245,28925.82163875666,31535.727771838167,28805.200321420958
100,0.5094994994994995,36591.32594877058,33099.20950044231,36428.377723535785,32961.39877289876,36195.656607998906,32764.78647981604,35932.41256404312,32542.43875991341,35655.919453076895,32308.82202229353,35374.12286540219,32070.55740608694,35090.84572258016,31830.81900001983,34808.01744749199,31591.205797369057,34526.66966601306,31352.572959749246,34247.40471908251,31115.420633729762,33970.63701449436,30880.092767039063,33696.74794743796,30646.903227594783,33425.83098355947,30415.9517242028,33158.08024729327,30187.41799811764,32893.87308605099,29961.634729659014,32633.940730733506,29739.234635056455,32379.731051139213,29521.46194112138,32134.207708958336,29310.85935349678,31903.679138552558,29112.84418816265,31702.150146034495,28939.469264498854,31562.08593108746,28818.754420022247
101,0.5144944944944946,36626.289657089525,33116.42728416535,36463.05358383144,32978.49646208343,36229.91907497999,32781.71157113501,35966.20742093552,32559.16819410643,35689.224923238,32325.346107849287,35406.932429045504,32086.872770215978,35123.16027450071,31846.925377343494,34839.84160811353,31607.104514472023,34558.0100066817,31368.26620060769,34278.268913651955,31130.91108401164,34001.03348479484,30895.38346056124,33726.68584685617,30661.99752841638,33455.319309212064,30430.852985631314,33187.12809445751,30202.129657493373,32922.48999448117,29976.160453973996,32662.137287017576,29753.57858301571,32407.52006095279,29535.6292757365,32161.606622182466,29324.8573009758,31930.715297804698,29126.684326282586,31728.872612650008,28953.17268126006,31588.593179619584,28832.363832913306
102,0.5194894894894895,36661.461959897046,33133.71957256983,36497.93600310573,32995.6680124662,36264.385183405444,32798.70959929615,36000.202629571075,32575.96951965115,35722.72731416561,32341.94099086504,35439.93544838913,32103.257823702887,35155.664833958006,31863.100338287764,34871.85236986182,31623.07072011237,34589.533596295514,31384.025849883532,34309.31306589665,31146.466879967542,34031.60668678,30910.73845601779,33756.79732172126,30677.155108034123,33484.9781219033,30445.816522919242,33216.34340811652,30216.902610171976,32951.27141913706,29990.746510372366,32690.495485965304,29767.98192548026,32435.46793086473,29549.855095846488,32189.161734634188,29338.91286386158,31957.905183584597,29140.58127074422,31755.746668647844,28966.932204851655,31615.250552514623,28846.028872947114
103,0.5244844844844845,36696.84432714253,33151.08679787457,36533.026436233224,33012.91385219879,36299.056366602876,32815.78098662178,36034.399599053846,32592.843152295358,35756.42800976426,32358.6070802287,35473.13328193843,32119.7129685035,35188.36073421976,31879.344277905344,34904.051041099636,31639.104802517813,34621.241718727775,31399.852289082282,34340.538435658455,31162.08839649676,34062.35785674501,30926.158121826396,33787.08358529514,30692.376328517443,33514.80861235922,30460.84269191762,33245.72735695635,30231.737205916215,32980.21850717595,30005.39324266387,32719.01645375994,29782.445000455045,32463.57576673842,29564.13973382891,32216.874132729175,29353.026369144132,31985.24986421241,29154.535343525127,31782.773366682126,28980.748152914195,31642.059091669507,28859.74985478832
104,0.5294794794794795,36732.43823840891,33168.529394810204,36568.326347623646,33030.2344119207,36333.93406729492,32832.92615788763,36068.799747725665,32609.789510201463,35790.32840301302,32375.344787202503,35506.52729710898,32136.238608907253,35221.249317300666,31895.657593542084,34936.438938775595,31655.207152169223,34653.13566627937,31415.74590192324,34371.946291051325,31177.776010673682,34093.288239104775,30941.64282854186,33817.54585881029,30707.661554035687,33544.81197913032,30475.93185054097,33275.281117344544,30246.633796516657,33009.33241329691,30020.100996651054,32747.701323990234,29796.968147903808,32491.84468171057,29578.483523987077,32244.744910029738,29367.19814570749,32012.750415036717,29168.54686846742,31809.953766332845,28994.6208449271,31669.01984583643,28873.52709492285
105,0.5344744744744745,36768.2451829662,33186.047800632565,36603.837211274964,33047.630124772346,36369.019737651404,32850.14554033572,36103.40450321752,32626.809013959268,35824.42989601605,32392.15452543552,35540.118870276216,32152.83515154955,35254.33193401122,31912.040684849057,34969.01738847227,31671.378161812532,34685.21673972587,31431.707074351194,34403.53790850763,31193.53010175928,34124.39908643939,30957.19294886738,33848.18537151439,30723.011150869275,33574.98942863546,30491.084358778193,33305.005873373375,30261.59273580241,33038.61429978317,30034.870120139927,32776.5512376921,29811.551709759493,32520.27579623211,29592.88680256027,32272.775167285,29381.42852433984,32040.407918474182,29182.616171287602,31837.28893414497,29008.550602218533,31696.133870661542,28887.360911667674
106,0.5394694694694695,36804.26665982545,33203.64245513593,36639.56051082669,33065.10142640833,36404.31483934211,32867.43956368743,36138.21530250145,32643.90208659883,35858.73390005356,32409.036710976274,35573.90938682546,32169.503005424136,35287.60994400685,31928.493953794892,35001.78772445442,31687.618226470735,34717.4862483649,31447.73619454822,34435.31457282473,31209.35105121274,34155.691659539894,30972.808857666067,33879.00336071528,30738.42548742085,33605.342175206075,30506.300578703685,33334.9028169031,30276.61437965197,33068.0653365448,30049.700962950617,32805.567343390554,29826.196029934727,32548.870238109444,29607.349907734057,32300.966012471465,29395.717837743614,32068.223464049344,29196.743579586615,31864.779943667687,29022.537747975202,31723.402228723877,28901.251625180514
107,0.5444644644644645,36840.50417779294,33221.31380066649,36675.49773961367,33082.64875501065,36439.82084358963,32884.808660156654,36173.23359194259,32661.069153603323,35893.24183563293,32425.99176228552,35607.90024120227,32186.24258189569,35321.08471583734,31945.017804677966,35034.751289717526,31703.927743456046,34749.94551006399,31463.83365294558,34467.277577211855,31225.239242703134,34187.167227454374,30988.49093197232,33910.00107182628,30753.90493422666,33635.87144113062,30521.58087448837,33364.97314760578,30291.69908600412,33097.68670116157,30064.593876928073,32834.75079714177,29840.901454332357,32577.629142545844,29621.873179650633,32329.31856083374,29410.066420545747,32096.198148434803,29210.929422859932,31892.427875493966,29036.582607252265,31750.825989574463,28915.1995574697
108,0.5494594594594595,36876.959255524744,33239.06228213587,36711.65040072001,33100.27255130218,36475.53923122266,32902.25326446295,36208.46082735153,32678.3106429221,35927.95513254031,32443.020100249003,35642.09283696307,32203.054294712332,35354.75762699661,31961.612644138786,35067.9094360367,31720.30711238197,34782.59585130847,31479.999842235673,34499.428223337236,31241.19506212117,34218.82706753419,31004.23955100341,33941.179758411585,30769.449863967842,33666.57845669918,30536.92561241089,33395.21807300913,30306.84721486893,33127.47957892613,30079.549215952873,32864.102762575625,29855.668330856086,32606.553652183145,29636.45696041933,32357.833934925507,29424.474609307883,32124.333075491508,29225.174032507577,31920.233817300363,29050.685506983395,31778.406229775755,28929.20503240402
109,0.5544544544544545,36913.63342158162,33256.88834703473,36748.020007033476,33117.9732585601,36511.471492729535,32919.773813844855,36243.89847403708,32695.626984983726,35962.87522989235,32460.122148190356,35676.48858682597,32219.938560018276,35388.6300639727,31978.278881172464,35101.2635240158,31736.75673517557,34815.43860724976,31496.235157384053,34531.76782137556,31257.21889759103,34250.672465480675,31020.05509617115,33972.540682232124,30785.0606514819,33697.46446024865,30552.33516086883,33425.638808540716,30322.05912833877,33157.44516288747,30094.567335952095,32893.62441093826,29870.497009421142,32635.644917143734,29651.10159412708,32386.5132646508,29438.94274253677,32152.62935630935,29239.47774184439,31948.198863887,29064.846775990718,31806.144032941236,28943.26837572275
110,0.5594494494494495,36950.52821448418,33274.792445446474,36784.60808130016,33135.7513226295,36547.61912831216,32937.370748073314,36279.548006859295,32713.018612709224,35998.003576188436,32477.298331884012,35711.08891272215,32236.89579636667,35422.70342229817,31995.01692714125,35134.814923136895,31753.27701608983,34848.47512175398,31512.539995641568,34564.29769005572,31273.31113948225,34282.704715391934,31035.937951093536,34004.08511329161,30800.73767377418,33728.530698207804,30567.80989039005,33456.23657757244,30337.33519059947,33187.58465389456,30109.64859491023,32923.31692113512,29885.38784196504,32664.904095072707,29665.807426848987,32415.357687305477,29453.47116069464,32181.08810924802,29253.840886110225,31976.324117217882,29079.06674499502,31834.040489775307,28957.38991504557
111,0.5644444444444445,36987.64518276857,33292.775030060984,36821.41615617954,33153.60719193696,36583.983647940266,32955.0445094651,36315.41091028285,32730.485961525283,36033.34162936315,32494.54907956834,35745.895245847365,32253.926424732334,35456.97910660073,32011.82719578717,35168.56501181006,31769.86836171598,34881.7067474509,31528.914756556525,34597.01915670879,31289.472180421737,34314.925119810134,31051.88850160657,34035.81432988286,30816.48131002946,33759.778425142926,30583.35017364405,33487.01261146529,30352.675767941502,33217.89926064038,30124.793352880213,32953.181479774124,29900.34118245841,32694.332351180376,29680.574806658984,32444.36834761901,29468.060206209728,32209.71045997809,29268.263802480258,32004.610686461383,29093.34574662584,31862.096698113426,28971.56997988271
112,0.5694394394394395,37024.985885042326,33310.836556188566,36858.4457742998,33171.541317504365,36620.566571405965,32972.79554289635,36351.488678430826,32748.02946937765,36068.89085683904,32511.874821958674,35780.909026713845,32271.030868524715,35491.45853065424,32028.710103244648,35202.51517742347,31786.531180996062,34915.13484578306,31545.359841986967,34629.93355731646,31305.702415305797,34347.334989768926,31067.907135776113,34067.72961863452,30832.29194162359,33791.20890380366,30598.95638545346,33517.96814961435,30368.081228771258,33248.390199706104,30140.001971994494,32983.21928120913,29915.357386915883,32723.930858285003,29695.404083640547,32473.54639779652,29482.71022348674,32238.49754152241,29282.746830075434,32033.059688031044,29107.684115431795,31890.313762962418,28985.808901645098
113,0.5744344344344344,37062.551890040675,33328.97748177384,36895.698488313596,33189.55415296273,36657.36942837881,32990.62429581629,36387.782815138664,32765.649576744545,36104.65273557979,32529.275992260595,35816.13170520252,32288.209553600867,35526.14311743001,32045.66606805333,35236.666816393794,31803.26588523542,34948.76078705536,31561.875656113007,34663.04223655956,31322.00224131232,34379.93564484125,31083.994243909823,34099.83227455797,30848.16995213527,33822.82340516907,30614.628902805503,33549.10443949419,30383.55194362235,33279.058695605694,30155.27481647619,33013.43152758372,29930.43681340706,32753.70079685576,29710.295609897516,32502.892997561066,29497.421558917576,32267.450494297693,29297.29030997286,32061.67224562661,29122.082187890814,31918.692796541192,29000.10701365455
114,0.5794294294294294,37100.344776683196,33347.198267409876,36933.17586095414,33207.64615456611,36694.39375846098,33008.531218260934,36424.294834008615,32783.34672665018,36140.62875214371,32546.75302618326,35851.56474061556,32305.462908278576,35561.034299148436,32062.695511170976,35271.02133421692,31820.072888115414,34982.5859504848,31578.46260544931,34696.34654786714,31338.372057912926,34412.7284131874,31100.150218569117,34132.123601094616,30864.11572735783,33854.62320849414,30630.36810486372,33580.42273670439,30399.088285167083,33309.905980830714,30170.612252650328,33043.81942887523,29945.57982206755,32783.64335505613,29725.249739564893,32532.40931419615,29512.194560891916,32296.570466156452,29311.894585216367,32090.449490275332,29136.540302420603,31947.23491832162,29014.46465115406
115,0.5844244244244244,37138.36613413079,33365.49937635227,36970.879465091675,33225.81778120562,36731.64111124297,33026.51676286688,36461.02625846458,32801.12136467843,36176.820402737634,32564.30636195275,35887.20960172936,32322.791363349497,35596.13351733102,32079.798855986413,35305.58014551903,31836.952605706087,35016.61172425077,31595.121098857573,34729.84785346568,31354.81226688538,34445.71463160351,31116.375454581375,34164.60491016337,30880.12965531114,33886.60960135647,30646.174372979545,33611.92430501551,30414.690628227912,33340.933295895404,30186.0146489551,33074.38420293912,29960.786775110115,32813.759728787394,29740.266828819822,32562.09652258868,29527.029579807993,32325.858612429136,29326.5600008271,32119.392560373526,29151.058799389015,31975.941255069676,29028.882151318183
116,0.5894194194194194,37176.61756184313,33383.88127453348,37008.8108837903,33244.069494423566,36769.11304635963,33044.581384885314,36497.97862180714,32818.97393898647,36213.22919327101,32581.9364403256,35923.0677668477,32340.195352092458,35631.44222285269,32096.97652833255,35340.344674108026,31853.905456479068,35050.839505545504,31611.85154755916,34763.54752442873,31371.323272325924,34478.89564557025,31132.670349052038,34197.27752220863,30896.212126253577,33918.783879703355,30662.048090704226,33643.61041641534,30430.35934978906,33372.14188938213,30201.482375953317,33105.12707555362,29976.058036835824,32844.05112173252,29755.347235892583,32591.955805272035,29541.926968083473,32355.316095966606,29341.286903814136,32148.502601728476,29165.638021124654,32004.812940886914,29043.35985326344
117,0.5944144144144144,37215.100669636464,33402.34443057713,37046.97171036517,33262.40175842771,36806.811133546544,33062.72554219603,36535.153467269156,32836.9049003187,36249.85663941052,32599.643704602375,35959.1407238555,32357.675310286795,35666.961875994486,32114.22895649951,35375.31635302528,31870.93186132042,35085.27070062495,31628.654365147766,34797.446940726855,31387.90548066176,34512.27280930192,31149.035301376916,34230.14276624843,30912.36353269409,33951.14734789908,30677.989643800534,33675.48235115531,30446.094829008154,33403.53301798713,30217.015806343832,33136.04928046456,29991.393973645347,32874.51874540035,29770.491321077698,32621.9883524695,29556.88708016636,32384.944087182856,29356.075643185322,32177.780767600543,29180.278311927414,32033.8511172522,29057.898098058817
118,0.5994094094094095,37253.817077741754,33420.889315812536,37085.363548440146,33280.8150401055,36844.73695269695,33080.949695321506,36572.55234807157,32854.91470202056,36286.70426663508,32617.42860064139,35995.42997027265,32375.231676225823,35702.69394649653,32131.55657124788,35410.49662459772,31888.032243543694,35119.90672485982,31645.52996760226,34831.547491277925,31404.559300663608,34545.84748579578,31165.47071325452,34263.201979923,30928.584269404353,33983.701318772655,30693.999420254793,33707.541397797526,30461.89744722796,33435.10794656648,30232.6153149731,33167.1520594307,30006.79495405031,32905.163819170055,29785.69944674506,32652.195362137973,29571.910272545934,32414.74376409797,29370.926569958006,32207.22821874557,29194.98001807918,32063.05693306365,29072.497228736334
119,0.6044044044044045,37292.76841686325,33439.51640428915,37123.988012005735,33299.30980903862,36882.89209391879,33099.2543074412,36610.17682747974,32873.00380005257,36323.77361029108,32635.291576872438,36031.93701330846,32392.864890730412,35738.63991361153,32148.959805822084,35445.886940490345,31905.20702890301,35154.74900278731,31662.478773299474,34865.850573997726,31421.285143458397,34579.62104688187,31181.97698869849,34296.4565095436,30944.874733430992,34016.4471136658,30710.077810288887,33739.78885326177,30477.767587988194,33466.86794818249,30248.281278846767,33198.43666226924,30022.261348684715,32935.98757033591,29800.971977351208,32682.578040012006,29586.996903763862,32444.716312381577,29385.840037169975,32236.84612345762,29209.7434878546,32092.431544680985,29087.157590301715
120,0.6093993993993995,37331.95632823749,33458.22617279132,37162.846725477575,33317.88653751741,36921.27815759229,33117.63984440582,36648.028478860026,32891.17265300447,36361.066215648076,32653.233084310665,36068.66336991638,32410.575397162604,35774.80126615848,32166.43909596372,35481.48876175894,31922.456645606242,35189.79896816289,31679.501203027245,34900.35759585091,31438.083422542004,34613.59487327301,31198.554534050218,34329.907710141735,30961.23532410788,34049.38606248128,30726.22520637235,33772.22602287308,30493.705637037485,33498.81430415035,30264.014077141426,33229.904346901676,30037.79353031645,32966.9912341523,29816.309279450663,32713.13759964816,29602.14733442532,32474.86292539638,29400.81639989043,32266.635657611965,29224.569071531852,32121.976115968107,29101.8795297451
121,0.6143943943943945,37371.38246369273,33477.01910085304,37201.94132375522,33336.545700555514,36959.89675442803,33136.10677475179,36686.108885736925,32909.421722109386,36398.58363795496,32671.25357657065,36105.610566849115,32428.363641439326,35811.17950257683,32183.994879925132,35517.30355890339,31939.781524328322,35225.05806401263,31696.597679997456,34935.06997290243,31454.95455379206,34647.77035461536,31215.203757991363,34363.55694551874,30977.666443068632,34082.51950373161,30742.442003234624,33804.85422040956,30509.71198234532,33530.94830408515,30279.814091216398,33261.556379400005,30053.39187385892,32998.17605387922,29831.71172170728,32743.875262469548,29617.361927210204,32505.1848042421,29415.85601523102,32296.598004708423,29239.45712140361,32151.69181833594,29116.663396051852
122,0.6193893893893895,37411.04848570875,33495.895670772865,37241.27345228138,33355.287775904675,36998.74950552534,33154.655569715804,36724.41964185053,32927.75147125822,36436.32744249634,32689.353509880402,36142.780140714145,32446.230072046383,35847.776130981096,32201.627598483003,35553.33281192126,31957.18209822462,35260.52774268579,31713.768629859183,34969.98913036917,31471.898955480956,34682.1488895391,31231.92507155664,34397.40558829563,30994.16849425898,34115.84878458808,30758.72859787727,33837.6747681505,30525.787014114125,33563.27124594919,30295.68170462557,33293.39403403323,30069.056756382666,33029.543280827915,29847.1796749058,32774.79225781082,29632.641046884466,32535.683157799715,29430.95924235699,32326.734355914952,29254.407991787968,32181.579830785697,29131.50954021341
123,0.6243843843843844,37450.956067477164,33514.85636762881,37280.84476710156,33374.11324406959,37037.83804243111,33173.2867032495,36762.96235121439,32946.16236701401,36474.29920464957,32707.533343095605,36180.173638029686,32464.175140052263,35884.59266921575,32219.33769495206,35589.57801036166,31974.65880294442,35296.20946590786,31731.014480711987,35005.1165026721,31488.91704828881,34716.73188570968,31248.718888146603,34431.45501996343,31010.741883949486,34149.375260930145,30775.08538958643,33870.68899692504,30541.931124791485,33595.784436099675,30311.617303129442,33325.418593314236,30084.788557127216,33061.09417440695,29862.713511963382,32805.88982296352,29647.985060311497,32566.359202776028,29446.12644249838,32357.0459101116,29269.422039039564,32211.64133995233,29146.418315238294
124,0.6293793793793794,37491.106892962074,33533.90167929356,37320.65693492431,33393.0225883228,37077.16400719905,33192.00065203415,36801.738628173785,32964.65487862647,36512.50050994202,32725.793537713867,36217.79261528094,32482.19929912227,35921.63064491051,32237.125615198933,35626.04065337981,31992.21207664453,35332.10470483393,31748.335663119215,35040.45353348866,31506.00925531661,34751.5207598793,31265.585623540475,34465.70663093375,31027.38702074816,34183.10029739511,30791.512779945213,33903.898246160934,30558.14470908235,33628.48918933672,30327.621274707108,33357.63134804691,30100.58765751288,33092.83000216863,29878.31360794129,32837.16920322163,29663.39433646357,32597.214163748595,29461.357978961343,32387.533873934717,29284.49962156067,32241.87754014837,29161.390076163127
125,0.6343743743743744,37531.502656961275,33553.03209644964,37360.71163318163,33412.01629471983,37116.72905244942,33210.79789549562,36840.75009746457,32983.229478046655,36550.93295410881,32744.134557889123,36255.6386389769,32500.30300553266,35958.89159553623,32254.991807656104,35662.72224979159,32009.84236000297,35368.214940102596,31765.732610121486,35076.00167580566,31523.176002099466,34786.51693793884,31282.525695909335,34500.16182058982,31044.104315613255,34217.02526742835,30808.011172846356,33937.30386393376,30574.428163961442,33661.386828951756,30343.694009568448,33390.03359737375,30116.454441152702,33124.75203985568,29893.980340056627,32868.63165192754,29678.869246433445,32628.249273210848,29476.654217139534,32418.199461821605,29299.641099812474,32272.289633408032,29176.425180063754
126,0.6393693693693694,37572.14506516786,33572.248112604764,37401.010550090105,33431.094852114365,37156.53484142912,33229.67891581925,36879.99839427231,33001.88663994176,36589.598143151044,32762.55687044624,36293.713285707534,32518.48671818496,35996.377068460955,32272.936723335846,35699.62431812886,32027.55009623275,35404.541661890085,31783.20575725032,35111.762391972545,31540.41771661994,34821.72185497021,31299.539525829063,34534.82199733787,31060.89418186616,34251.15155333374,30824.580974504817,33970.907207016644,30590.781888685673,33694.47868677629,30359.835900166385,33422.62664882376,30132.389293864548,33156.86157144837,29909.71408769417,32900.27843051834,29694.410163445988,32659.46577161774,29492.015524525563,32449.043896055424,29314.846836326364,32302.878829531743,29191.523986066455
127,0.6443643643643644,37613.03583423234,33591.550224107275,37441.55538471228,33450.258752173584,37196.583048072454,33248.64419796507,36919.48516429198,33020.6268417099,36628.49769339448,32781.06094489554,36332.018142201385,32536.750898620292,36034.08862100657,32290.960815844483,35736.748386695086,32045.335731095773,35441.0863699649,31800.755542541687,35147.73715375507,31557.73482932146,34857.13695529906,31316.627536293614,34569.688578658985,31077.75703520437,34285.480546324565,30841.222593470582,34004.70964093017,30607.206284806678,33727.76610323095,30376.047341209178,33455.41181836072,30148.392603683184,33189.1598892119,29925.51523241833,32932.1108085724,29710.017462869924,32690.864907431584,29507.442270722557,32480.06840681039,29330.117195715342,32333.64634613094,29206.686855359258
128,0.6493593593593594,37654.176691825196,33610.93893016175,37482.34784701875,33469.508489393585,37236.875357062105,33267.69422968302,36959.21206378794,33039.450563495215,36667.63323154849,32799.64725344764,36370.554805383676,32555.09601103396,36072.027820505886,32309.064541396587,35774.095993621304,32063.1997129169,35477.85057374293,31818.38240654987,35183.92744238929,31575.12777312186,34892.7636925479,31333.790152728307,34604.76299116121,31094.693293714587,34320.01364657475,30857.9364406415,34038.71253999276,30623.701756183502,33761.250427375024,30392.32872967286,33488.39043043176,30164.4647608725,33221.64829374426,29941.384157985176,32964.13006385647,29725.691522229674,32722.447937168366,29522.934827455836,32511.274232197447,29345.452544685548,32364.593408673223,29221.914151203317
129,0.6543543543543544,37695.56937670004,33630.414732844714,37523.38965795055,33488.84456111491,37277.41346389075,33286.8295015282,36999.18075965472,33058.35828820289,36707.00639476571,32818.31627102825,36409.32488243477,32573.522522289968,36110.19624436008,32327.24835882928,35811.66868692265,32081.142492598006,35514.83579234288,31836.08679236133,35220.33474863622,31592.596983427065,34928.603529689644,31351.027803003246,34640.04667063219,31111.703377885897,34354.75226327055,30874.72292927624,34072.91728737153,30640.268708995354,33794.93301695639,30408.68046481381,33521.56381801651,30180.606157937917,33254.3280940244,29957.321250354493,32996.337482373034,29741.432721217257,32754.216125444324,29538.493568584658,32542.662618310234,29360.85325204779,32395.721250527895,29237.2062389444
130,0.6593493493493494,37737.21563875713,33649.97813712048,37564.68254948219,33508.26746753832,37318.19907492314,33306.050506876454,37039.39292947793,33077.350501514426,36746.61883070212,32837.068475293185,36448.32999084923,32592.03090193587,36148.59548009672,32345.512729616916,35849.46802455528,32099.164523632287,35552.043554642136,31853.869145608645,35256.96057283662,31610.14289814482,34964.657939101606,31368.340917446905,34675.54106209223,31128.7877106231,34389.69781466271,30891.58247500741,34107.32527513334,30656.907551754415,33828.815238461735,30425.10294818133,33554.93332267639,30196.81718963869,33287.20060746077,29973.326897702078,33028.734358408015,29757.241441704344,32786.170745022966,29554.11887011395,32574.23481927138,29376.319688729298,32427.031113011777,29252.563486024435
131,0.6643443443443444,37779.11723910748,33669.62965085708,37606.22826468506,33527.77771174047,37359.23390745865,33325.35774193988,37079.850261595966,33096.427691902994,36786.47219757751,32855.90434664348,36487.57175849526,32610.621622217473,36187.227125428086,32363.85811788546,35887.49557447378,32117.266262118563,35589.47539933331,31871.72991448471,35293.806424966504,31627.765957698517,35000.928402619786,31385.72992885964,34711.24761984764,31145.946717260013,34424.851728118854,30908.515495854692,34141.937904296436,30673.618695318793,33862.89846716728,30441.596583630457,33588.50029460442,30213.09825300046,33320.26715994023,29989.401490432007,33061.32199457894,29773.11806775432,32818.31307686243,29569.811110206407,32605.99209727919,29391.85222778539,32458.524245435492,29267.986261993145
132,0.6693393393393394,37821.27595013753,33689.36978484239,37648.02855779143,33547.37579969001,37400.5196897944,33344.751705782626,37120.554455161946,33115.59035064891,36826.5681642365,32874.824368240654,36527.051823674614,32629.295158093995,36226.092788310205,32382.28499042738,35925.75291468902,32135.44816677574,35627.13287498093,31889.669549756887,35330.87382469293,31645.466605041274,35037.41641159391,31403.19527252753,34747.16780754471,31163.18082557313,34460.215440176515,30925.522412238097,34176.75658488246,30690.402552905616,33897.18408718987,30458.161777334735,33622.266092675505,30229.44974732797,33353.529085877555,30005.545421189065,33094.10170188345,29789.062985634584,32850.64441016322,29585.570669194418,32637.93572265475,29407.451244411437,32490.201905150072,29283.47493851988
133,0.6743343343343344,37863.69355557434,33709.199052800344,37690.08519425905,33567.06224026353,37442.058161288856,33364.23290033672,37161.507220206426,33134.838971855286,36866.9084102101,32893.82902602194,36566.77183518323,32648.051987253002,36265.19408700219,32400.793816716396,35964.24163332653,32153.710698957446,35665.017540078894,31907.6885047814,35368.16430143021,31663.245285669986,35074.12346694261,31420.73738623616,34783.30309822403,31180.49046579512,34495.79039659649,30942.60364699148,34211.78273596892,30707.259540104176,33931.67349153848,30474.798937799176,33656.232084497075,30245.872074217685,33386.98772826505,30021.75908487128,33127.07479974828,29805.076583828777,32883.166042416364,29601.397929592196,32670.06697388945,29423.117115954774,32522.065357593998,29299.029889405418
134,0.6793293293293293,37906.371850551266,33729.1179714073,37732.39995083614,33586.83754526186,37483.85107242605,33383.80183041808,37202.7102777005,33154.17405246376,36907.49462577774,32912.91880871597,36606.73345237201,32666.892590125764,36304.53265012615,32419.38506892249,36002.96332868533,32172.05432266674,35703.13096310813,31925.787235517797,35405.67939439686,31681.102447639554,35111.05107920925,31438.35671028469,34819.65497437526,31197.87607062862,34531.57805241662,30959.75962537587,34247.017785742035,30724.1900748892,33966.368082166206,30491.508475873346,33690.39964646002,30262.365637570718,33420.64443872277,30038.0428786425,33160.24261607856,29821.159253049267,32915.879279452,29617.293276108052,32702.387137692775,29438.850221926787,32554.11587634054,29314.651490593922
135,0.6843243243243243,37949.31264167433,33749.12706030861,37774.97461562714,33606.702229426446,37525.90018488022,33403.459003742624,37244.16535961942,33173.59609227033,36948.32851202993,32932.09420785823,36646.93834520847,32685.817449902537,36344.11011672762,32438.059221926997,36041.919609297285,32190.479504570947,35741.474722595056,31943.966200543517,35443.42065267277,31699.038541577174,35148.20076861816,31456.05368749989,34856.224927992385,31215.3380752601,34567.57987200619,30976.99077509325,34282.46317155008,30741.194577634247,34001.26927002261,30508.29080476447,33724.77016379035,30278.93084360567,33454.500577549195,30054.39720194521,33193.60648730753,29837.311386249617,32948.78543548831,29633.25709565669,32734.897509040635,29454.650944015084,32586.354743145603,29330.340120185014
136,0.6893193193193193,37992.51774708903,33769.22684213514,37817.81098815893,33626.6568104557,37568.20727158117,33423.204930942586,37285.874209006906,33193.10559394148,36989.41178093133,32951.35571780689,36687.38819433871,32704.82705254811,36383.92813633651,32456.816753337844,36081.11209398699,32208.986714016657,35780.05040717025,31962.225861068626,35481.38963525702,31717.054020696876,35185.57406513139,31473.828763250374,34893.014460629485,31232.876917373793,34603.79732912057,30994.297526300194,34318.12033995722,30758.27347112523,34036.37847510668,30525.146340050767,33759.345030600976,30295.56810087176,33488.557513772124,30070.822456513266,33227.167758446805,29853.53337863728,32981.88583318087,29649.289777371694,32767.59939122398,29470.51966609573,32618.78324799589,29346.096158445896
137,0.6943143143143143,38035.98899654793,33789.41784252019,37860.910879447576,33646.70180902181,37610.774116780085,33443.04012558287,37327.83858003994,33212.70306303022,37030.74615538452,32970.70383575873,36728.08469115004,32723.921886817378,36423.9883690286,32475.65814350492,36120.542411932154,32227.57642304478,35818.85961562787,31980.566680950644,35519.587911126124,31735.14934081408,35223.17250850598,31491.682385460954,34930.02508345699,31250.493037165845,34640.231906956535,31011.680311621752,34353.99074679772,30775.42718057401,34071.69712652007,30542.07549969482,33794.125649944224,30312.27782026197,33522.816625200365,30087.319046384913,33260.92778313695,29869.825627686303,33015.181803672574,29665.391712618002,32800.494095898066,29486.45677424568,32651.40268915763,29361.919987823625
138,0.6993093093093093,38079.728231478686,33809.70059011644,37904.27611206585,33666.83774878744,37653.60251611605,33462.965104177645,37370.060238094164,33232.38900799247,37072.333369294225,32990.139061765134,36769.02953783413,32743.10244427117,36464.292485487604,32494.58387553558,36160.21220272458,32246.24910640582,35857.90395698553,31998.989126709548,35558.01705929282,31753.32496036032,35260.99764835168,31509.615004627085,34967.25831731839,31268.186877358527,34676.88509820799,31029.139566165475,34390.0758572308,30792.656133632183,34107.226662520945,30559.078704057098,33829.11343386464,30329.06041502636,33557.27929847556,30103.88737791584,33294.88792369859,29886.188533150213,33048.67468664381,29681.563295004646,32833.58294313187,29502.462656755186,32684.214373225535,29377.811992957508
139,0.7043043043043044,38123.737305052804,33830.07561661299,37947.9085202112,33687.0651564227,37696.69427668312,33482.980386207055,37412.54095980984,33252.16394020352,37114.175167632246,33009.661898748294,36810.2244474508,32762.369219292155,36504.842167067756,32513.594435310242,36200.12311643166,32265.00524157521,35897.185050544686,32017.493667542858,35596.678668865476,31771.58134039809,35299.05104418931,31527.627073829408,35004.715692787504,31285.958883214516,34713.75840512221,31046.67572753545,34426.37714579583,30809.960760404898,34142.96853057827,30576.156375909537,33864.30980345236,30345.91630078542,33591.946929124664,30120.52785979235,33329.04955118397,29902.622497074906,33082.36583036326,29697.804920397437,32866.867261458145,29518.537704140464,32717.219615172384,29393.772560691537
140,0.7092992992992994,38168.01808225501,33850.54345675266,37991.80994977448,33707.38456162223,37740.05121709805,33503.08649413412,37455.282533158526,33272.0283739746,37156.27330650292,33029.2728525175,36851.671143992266,32781.722709100824,36545.63910585708,32532.690311498227,36240.276813658485,32283.845308768898,35936.7045259516,32036.080775340877,35635.574339108025,31789.918944635807,35337.33426550954,31545.719048748662,35042.39875022629,31303.80950255147,34750.85333955664,31064.289235846572,34462.896096468095,30827.34149346488,34178.92418742658,30593.308940449344,33899.71618889697,30362.845895543636,33626.82092161285,30137.24090304467,33363.41404542896,29919.127923811855,33116.25659173902,29714.116986931887,32900.34838792395,29534.682309156393,32750.419738398978,29409.802080086974
141,0.7142942942942944,38212.57243995325,33871.104648349414,38035.9822584093,33727.79649712247,37783.67516756858,33523.28395342169,37498.286757510316,33291.98282656961,37198.62955320919,33048.97243178566,36893.371362448175,32801.16341377178,36586.68500474109,32551.87199557364,36280.67496561044,32302.769790958908,35976.46402325893,32054.750924702104,35674.70567950024,31808.338239442997,35375.848891832255,31563.891387680364,35080.30903984314,31321.73918575657,34788.1714230362,31081.9805337389,34499.634202715104,30844.79876786651,34215.09509912129,30610.53682531286,33935.334029541795,30379.849619703084,33661.90268939686,30154.02692106033,33397.98279510556,29935.705220031163,33150.348336370276,29730.49989502622,32934.027668141476,29550.8968668093,32783.81607478453,29425.900942435088
142,0.7192892892892894,38257.40226696945,33891.759732305916,38080.427315602035,33748.30149871907,37827.567969962554,33543.57329254966,37541.555443701705,33312.02781822211,37241.245686319446,33068.76114818593,36935.32684887116,32820.691836250044,36627.9815774673,32571.13998183153,36321.319254156544,32321.779173889197,36016.46519298785,32073.504592948742,35714.074309798925,31826.839693865524,35414.59651276659,31582.144551549853,35118.44812175181,31339.7483858013,34825.714186811056,31099.750066392127,34536.592967553435,30862.33302116009,34251.48274109459,30627.840460589592,33971.1647739388,30396.927896077294,33697.19365497898,30170.886329597786,33432.7571977749,29952.354794735013,33184.64243859953,29746.95404739446,32967.906456339544,29567.181774369947,32817.40996473769,29442.06954126997
143,0.7242842842842844,38302.509464150986,33912.50925263128,38125.147002742524,33768.900105284476,37871.73147787754,33563.95504303234,37585.0904141042,33332.1638721523,37284.1234957348,33088.6395162885,36977.53936044306,32840.30848236758,36669.530548710216,32590.494767403987,36362.21137189336,32340.873946091597,36056.70969619085,32092.342260142384,35753.68186009956,31845.42377964097,35453.5787280714,31600.479003927478,35156.81756603089,31357.837558256328,34863.483171915155,31117.598281540253,34573.77390360609,30879.944693406254,34288.0885982117,30645.220278836296,34007.209879903945,30414.08114990503,33732.69524996148,30187.81954679999,33467.738659940755,29969.077059271058,33219.14028156517,29763.47984905976,33001.98611541549,29583.537431386525,32851.202757247826,29458.308272381444
144,0.7292792792792793,38347.89594444267,33933.35375645905,38170.14321319548,33789.592858785654,37916.16755671128,33584.429739435865,37628.893502693536,33352.39151458432,37327.26478275727,33108.60805361757,37020.010665541806,32860.01386086,36711.33365413707,32609.93685227661,36403.35302220945,32360.0545989019,36097.199204515055,32111.264409099833,35793.52997089848,31864.090971214224,35492.79714771644,31618.89521104389,35195.41895278379,31376.00716130651,34901.479929225105,31135.525629486303,34611.178533160535,30897.634227190436,34324.91416482791,30662.676715091304,34043.470814573164,30431.309808864415,33768.40891510153,30204.826993208284,33502.92859710362,29985.87242734598,33253.843257254695,29780.07770736761,33036.26801698759,29599.964239697918,32885.19580993696,29474.617533828135
145,0.7342742742742743,38393.56363295974,33954.29379406524,38215.417852372644,33810.38030430207,37960.87808373277,33604.99791939599,37672.96655511973,33372.711274763664,37370.671360158456,33128.66728066844,37062.74254380892,32879.80848338334,36753.3926404742,32629.466739305066,36444.745919350586,32379.32162647616,36137.935400266244,32130.271525409094,35833.62029315577,31882.84174575315,35532.25339194412,31637.393641805404,35234.2538721995,31394.25765576606,34939.70601951984,31153.53256311727,34648.80838822707,30915.402067637562,34361.96094484602,30680.2102068889,34079.94905445885,30448.614303087037,33804.33610036678,30221.909091776237,33538.32843381523,30002.741315039217,33288.75276655842,29796.748031999457,33070.75354144801,29616.462603446977,32919.39048911221,29490.997725950674
146,0.7392692692692693,38439.51446706138,33975.32991888659,38260.97283780568,33831.26299004371,38005.864948154114,33625.660123635855,37717.31142877763,33393.123684974715,37414.3450522491,33148.81772092477,37105.736786217836,32899.69286453102,36795.70926557399,32649.0849342317,36486.39178848562,32398.675525807066,36178.91997647357,32149.36409744549,35873.954488358824,31901.676583164484,35571.94909133183,31655.974767809643,35273.32392461378,31412.589505093885,34978.16301354079,31171.619537919163,34686.66501059812,30933.248662426817,34399.23045177443,30697.821194273878,34116.64608550685,30465.995065172257,33840.478264991376,30239.06626788376,33573.939603733736,30019.68414081679,33323.87021932369,29813.491234986246,33105.44407801628,29633.032929093933,32953.78816981869,29507.449251384965
147,0.7442642642642643,38485.75039642523,33996.46268753911,38306.810099219794,33852.241467369466,38051.13005120316,33646.41689598408,37761.92999287844,33413.62928055851,37458.287694949155,33169.05990087612,37148.99519514284,32919.6675218511,36838.28529848269,32668.791945702527,36528.29236577299,32418.11679674051,36220.15463695488,32168.542616387946,35914.534228586475,31920.595966109846,35611.88588685506,31674.63906336122,35312.63072057116,31431.003175409067,35016.85249205262,31189.787011992197,34724.74995190778,30951.174461806626,34436.72420878585,30715.5101198162,34153.56340315416,30483.452530201732,33876.83687753265,30256.29894935131,33609.76354967938,30036.701325545277,33359.19703440968,29830.30773072225,33140.34102479328,29649.67562542999,32988.390235893065,29523.97251507565
148,0.7492592592592593,38532.2733831225,34017.69265983662,38352.93157860825,33873.31629080552,38096.675306196834,33667.26878339299,37806.824128521854,33434.228599930655,37502.501135858845,33189.39435003548,37192.51958442875,32939.73297586356,36881.12251950891,32688.58828528418,36570.44939842796,32437.645941992392,36261.64109638277,32187.807576235482,35955.361196573795,31939.600380021853,35652.06542995103,31693.3870054877,35352.175880887386,31449.499135506423,35055.77604590479,31208.035446066177,34763.064773692415,30969.179918609683,34474.44374877658,30733.277428625886,34190.702512387244,30500.98713575385,33913.41341592837,30273.607566454222,33645.801723690776,30053.793292505936,33394.73463974281,29847.19793597889,33175.44578881587,29666.391103590995,33023.19808001752,29540.567924289677
149,0.7542542542542543,38579.08540169399,34039.02039880966,38399.33923030756,33894.48801806404,38142.50263861534,33688.2163359569,37851.99572876907,33454.92218459948,37546.987234330394,33209.82160095717,37236.311779461495,32959.889750077804,36924.222720292746,32708.474467481134,36612.86464479062,32457.26346716547,36303.381080351326,32207.15947382381,35996.437085777856,31958.690313120544,35692.48938258314,31712.219073955614,35391.96103671274,31468.077856872336,35094.93527609363,31226.365303515973,34801.61104745145,30987.265488268316,34512.39061442642,30751.12356836795,34228.064927800864,30518.5993219186,33950.20936755455,30290.992551937168,33682.055587081806,30070.960467408946,33430.48447237268,29864.1622699188,33210.75978611207,29683.179777071316,33058.21310377445,29557.235888630003
150,0.7592492492492493,38626.18843922701,34060.446470724506,38446.03502107365,33915.757210061995,38188.61398617722,33709.260106930866,37897.44669871652,33475.710579184255,37591.747861540454,33230.34218925478,37280.37361723917,32980.13837101037,36967.58770387581,32728.451009753124,36655.539874394584,32476.96988076647,36345.37632544357,32226.5988088421,36037.76360044378,31977.866256429792,35733.15941730599,31731.135751286685,35431.98782959598,31486.73981370068,35134.33179382509,31244.77705037718,34840.39035470918,31005.431628829727,34550.56635825924,30769.048989277526,34265.652173657574,30536.289531312377,33987.226229284,30308.45434102885,33718.52661049908,30088.20327840773,33466.44797852864,29881.20115410999,33246.284441756754,29700.0420617378,33093.43671770159,29573.976820049418
151,0.7642442442442443,38673.58449543301,34081.971445102325,38493.02093015871,33937.124430940225,38235.01129891507,33730.40065274934,37943.17895557059,33496.594331433764,37636.7849005635,33250.956653619374,37324.706946444196,33000.4793682028,37011.21928477197,32748.51843253266,36698.47686803645,32496.76569422336,36387.62857929972,32246.12608385003,36079.34245567189,31997.12870379404,35774.07721733126,31750.13752277418,35472.257911548884,31505.48548290889,35173.96722057823,31263.271155361967,34879.404287077065,31023.678800971622,34588.97254270432,30787.05414417524,34303.46578394791,30554.058209093007,34024.46550754541,30325.993371456672,33755.216273980084,30105.52215611361,33502.62661367694,29898.315012540137,33282.02118992808,29716.97837584387,33128.87034134786,29590.79113286456
152,0.7692392392392393,38721.27558272632,34103.59589473874,38540.298949389166,33958.5902480827,38281.69653925247,33751.63853304521,37989.19442872294,33517.57399224495,37682.10024644598,33271.66553583791,37369.313627516094,33020.913274239734,37055.11928903886,32768.67725924286,36741.67741784615,32516.65142190277,36430.139600686256,32265.741804294816,36121.17537748545,32016.478151895142,35815.24447659417,31769.224876499557,35512.772945111756,31524.31534415429,35213.84318816948,31281.848089875064,34918.654446316796,31042.007468017953,34627.610740158234,30805.13948848256,34341.507302451246,30571.905802974983,34061.928718383155,30343.61008346177,33792.12606701193,30122.917533610376,33539.021842578615,29915.504271631078,33317.97147396448,29733.989140043836,33164.515403329824,29607.679243770017
153,0.7742342342342343,38769.26372630358,34125.32039572341,38587.871083244354,33980.155232135956,38328.67168208137,33772.97431066898,38035.49505982695,33538.65011568186,37727.69580628134,33292.46938081171,37414.1955327253,33041.44062476713,37099.28955435033,32788.92801631534,36785.14332735794,32536.627581127705,36472.91115956568,32285.446478528636,36163.26410289914,32035.915100269325,35856.66289982091,31788.398303349073,35553.534603419386,31543.229879850518,35253.96133881751,31300.50832802993,34958.142444404104,31060.41809595478,34666.482533047434,30823.30548023744,34379.77828279732,30589.832763244758,34099.61738751778,30361.304919814076,33829.257488590796,30140.38984646925,33575.635139347956,29932.76936025344,33354.136746422264,29751.07477740724,33200.373341388724,29624.64157185265
154,0.7792292292292293,38817.550964224356,34147.145527459834,38635.73934893618,34001.81995702876,38375.93871484077,33794.40855170818,38082.08280287495,33559.823258994664,37773.57349928597,33313.368736575365,37459.35454624765,33062.061958510705,37143.73193006965,32809.27123320837,36828.87641158234,32556.694692195262,36515.94503716712,32305.24061782613,36205.610379988524,32055.4400513245,35898.33420259671,31807.65829703081,35594.54457026805,31562.229575184112,35294.323325208956,31319.252346665067,34997.86990359324,31078.911153446323,34705.589513891726,30841.552580110143,34418.28028852853,30607.839542776317,34137.5330504071,30379.078325827562,33866.612047282084,30157.93953276379,33612.46798751159,29950.110709741326,33390.51846913393,29768.23571343352,33236.445602448155,29641.678538605942
155,0.7842242242242242,38866.13934749249,34169.071872685534,38683.90577648986,34023.58499999206,38423.49963759619,33815.941825506925,38128.95962427641,33581.09398263898,37819.73525687597,33334.36415431558,37504.79256423987,33082.77781729466,37188.44827732364,32829.70744242516,36872.878497079015,32576.85327839473,36559.24302605785,32325.12473640205,36248.21596796019,32075.053510357575,35940.260111434705,31827.005354091692,35635.80454018315,31581.31491813136,35334.93081056487,31338.080625360548,35037.83845648225,31097.487111851173,34744.93328536834,30859.88125141914,34457.0148931629,30625.926597046808,34175.677252308175,30396.930749375628,33904.19126128124,30175.567033085103,33649.52188006839,29967.528753907358,33427.11811326723,29785.47237606662,33272.73364267257,29658.790567944616
156,0.7892192192192192,38915.03094013864,34191.10001749227,38732.37240882545,34045.450941578994,38471.356463120086,33837.574704685845,38176.12750293706,33602.46285029541,37866.183022744946,33355.45618839049,37550.511494916005,33103.58874606043,37233.44046907765,32850.23717953248,36917.151422030336,32597.103866025776,36602.80693021562,32345.099351429213,36291.08263722274,32094.755985572112,35982.442363845745,31846.43997393484,35677.316218487686,31600.48639947525,35375.78546870798,31356.99364645471,35078.04974607913,31116.14644523871,34784.51546037679,30878.29196014726,34495.98368025777,30644.09438415238,34214.0515483399,30414.86264090675,33941.996658475255,30193.27279055716,33686.798319550006,29985.023929057654,33463.937159384746,29802.785195709923,33309.23892752625,29675.978086219387
157,0.7942142142142142,38964.22781930377,34213.23055134663,38781.1413018406,34067.418365685306,38519.51121697338,33859.307765162055,38223.58843033901,33623.930428889245,37912.91875294279,33376.645396349035,37596.513258624655,33124.49529288596,37278.7103902116,32870.86098317939,36961.697036316014,32617.446984416834,36646.638565101835,32365.16498305659,36334.21216945879,32114.547988096085,36024.88270840901,31865.962658836987,35719.081321371654,31619.744512822657,35416.88898413081,31375.991895061008,35118.50542586854,31134.88963040569,34824.33766210462,30896.78517495796,34535.18824347436,30662.343364824246,34252.65750354633,30432.874453460183,33980.029776505035,30211.05725085226,33724.298818082214,30002.59667400714,33500.97709750441,29820.17460524131,33345.96293183321,29693.241522231852
158,0.7992092092092092,39013.73207532374,34235.464067110785,38830.21452449423,34089.48785956988,38567.965937587935,33881.14158616948,38271.34441062198,33645.49728861047,37959.944415955404,33397.93233895053,37642.79978792744,33145.49800900477,37324.25993759683,32891.57939511614,37006.51720158859,32637.883165943815,36690.73975773584,32385.322154427613,36377.60635769773,32134.430031999862,36067.58290484349,31885.573913966153,35761.10157596224,31639.08975462174,35458.24305206464,31395.07585908511,35159.20715987967,31153.71714689304,34864.40152409387,30915.36136721185,34574.630186643095,30680.67400244488,34291.496692960965,30450.966642681884,34018.29216282845,30228.920862206753,33762.02489744686,30020.247430094965,33538.239427160566,29837.641040028353,33382.90713983771,29710.58130724957
159,0.8042042042042042,39063.54581181495,34257.8011610635,38879.59415889136,34111.66001387556,38616.72267635013,33903.076750279346,38319.397460665445,33667.164002933954,38007.26199278546,33419.31758018457,37689.373027678215,33166.59744882563,37370.091020174004,32912.39296021342,37051.613791349955,32658.412946048873,36735.1123467699,32405.571391698686,36421.26700638946,32154.402634314385,36110.54472408039,31905.27424739958,35803.378720394874,31658.522624179463,35499.849378549254,31414.246029242142,35200.156622754694,31172.629477002796,34904.70869030841,30934.021010983342,34614.311123829735,30699.08676306438,34330.57070167165,30469.139666840656,34056.785374784195,30246.86407543688,33799.978089144744,30037.97664120011,33575.72565746592,29855.18493794371,33420.073045265504,29727.99787502125
160,0.8091991991991992,39113.67114576115,34280.24243292142,38929.28230036908,34133.9354226502,38665.78349768559,33925.11384342099,38367.749610171886,33688.931148639866,38054.87347703421,33440.80168729116,37736.23493510355,33187.79416995228,37416.205559032045,32933.30222648175,37096.98869102885,32679.036863259542,36779.758182565296,32425.91322405792,36465.19593147908,32174.46631504962,36153.7699483365,31925.0641701418,35845.91450388532,31678.04362367936,35541.70968050375,31433.50289907414,35241.35549981831,31191.62710581525,34945.26081520216,30952.764583077504,34654.2326794024,30717.582115417063,34369.881124886386,30487.393986844447,34095.51097965649,30264.887343954753,33838.15993445924,30055.784753757096,33613.43730717431,29872.80673938069,33457.46215138596,29745.491661792206
161,0.8141941941941943,39164.11020760149,34302.788485860496,38979.28105758357,34156.314683367964,38715.15047914495,33947.25345490282,38416.40290175126,33710.799305834356,38102.78087498451,33462.385230780994,37783.387479884055,33209.08873320332,37462.60548748811,32954.30774509105,37142.64379805934,32699.75545920798,36824.67912726949,32446.348183744085,36509.394960482634,32194.62159721313,36197.26037118845,31944.944196142867,35888.71068680255,31697.653258199534,35583.825685798176,31452.84696496776,35282.805487148056,31210.710521206325,34986.05956378817,30971.592563047107,34694.39648809932,30736.16053093822,34409.42956800007,30505.730066256765,34134.47055474056,30282.991123784537,33876.57198452075,30073.672216772047,33651.375904744134,29890.50688726892,33495.07597107494,29763.06310631993
162,0.8191891891891893,39214.86514131957,34325.43992653789,39029.59255259843,34178.79839695092,38764.825711490885,33969.49617743362,38465.35939100649,33732.76905797048,38150.986205684734,33484.06878445602,37830.83264423703,33230.48170263257,37509.29275116866,32975.41007039059,37188.58102196045,32720.569278650484,36869.87705489419,32466.87680606577,36553.86593256377,32214.869006828958,36241.0177976481,31964.914842316917,35931.76904074284,31717.352035730873,35626.19913332606,31472.278726172095,35324.50829164557,31229.880213865134,35027.10661170868,30990.505433209957,34734.80419509777,30754.82248378109,34449.21764666201,30524.14837131344,34173.66568740907,30301.175873578948,33915.215800371996,30091.63948183872,33689.54298840272,29908.28582709036,33532.91602687849,29780.712649889814
163,0.8241841841841843,39265.93810453399,34348.19736511391,39080.21892097418,34201.38716779084,38814.81129878628,33991.84260714404,38514.62114662028,33754.840991869394,38199.49150103409,33505.8529254303,37878.572423000085,33251.97364554943,37556.269308091585,32996.609759929095,37234.802284416764,32741.47886948731,36915.35385139461,32487.49962942087,36598.610698611534,32235.20907295665,36285.0440442388,31984.976628560937,35975.09134860456,31737.140467195404,35668.83177307809,31491.798684816793,35366.4656311089,31249.13667731175,35068.40364530602,31009.50367866629,34775.45745608362,30773.568450833987,34489.24698684435,30542.64937093945,34213.09797517937,30319.442054635772,33954.092953034204,30109.687003154926,33727.9401062116,29926.144006895327,33570.983851077406,29798.440736331166
164,0.8291791791791793,39317.331268590046,34371.06141527438,39131.162311858985,34224.08160377134,38865.109358483714,34014.2933436084,38564.190250443,33777.01569774178,38248.29880586902,33527.73823415109,37926.608823716044,33273.56513253962,37603.537128749595,33017.90737447504,37281.3095193604,32762.484782782543,36961.11141474972,32508.21719531612,36643.6311213192,32255.642327710608,36329.34093907291,32005.130077773654,36018.67940466426,31757.01906646496,35711.725366216684,31511.407345930344,35408.67923430581,31268.480407915195,35109.952361694595,31028.58778731646,34816.357937322064,30792.398911737753,34529.51922491149,30561.23353676596,34252.769025781694,30337.790130914735,33993.20502357419,30127.815237539024,33766.56881613259,29944.081877318848,33609.28098575266,29816.247812033314
165,0.8341741741741743,39369.0468186527,34394.03269425322,39182.42488808089,34246.88231629015,38915.722021516216,34036.84898986671,38614.068797581975,33799.29376920956,38297.41017805084,33549.72529442014,37974.94386671904,33295.25673748619,37651.09819619466,33039.303478037305,37328.104673053764,32783.58757278448,37007.151655043745,32529.030048387056,36688.9290752642,32276.169306279586,36373.91032193019,32025.375715874787,36062.5350146537,31776.988350380012,35754.88168515166,31531.10521745861,35451.15084104797,31287.911904911667,35151.75446883377,31047.758249878847,34857.50731572925,30811.314348903237,34570.036007690476,30579.901343147696,34292.680457228365,30356.220569054407,34032.55360317235,30146.02464444667,33805.430686094754,29962.099891597147,33647.808982851726,29834.134325961946
166,0.8391691691691692,39421.086953801096,34417.111822855295,39234.00882624109,34269.78992028188,38966.65143238932,34059.51015244715,38664.25889649196,33821.67580332787,38346.82768855473,33571.8146934153,38023.5795852218,33317.0490375907,37698.9545061238,33060.79863788601,37375.18970417383,32804.78779694607,37053.476494548726,32549.938736418117,36734.506446989246,32296.790546946475,36418.75404433746,32045.714071824426,36106.65999583807,31797.048838768776,35798.30251361697,31550.89281028364,35493.88220226636,31307.43167042292,35193.811685601955,31067.015559907948,34898.90727894487,30830.315247529157,34610.798992542346,30598.653267180376,34332.833897883866,30374.73383838944,34072.14029319163,30164.315685987687,33844.527294062456,29980.19850558431,33686.569404255846,29852.10072967565
167,0.8441641641641642,39473.453887124284,34440.29942547967,39285.916316808914,34292.80503424094,39017.89974927446,34082.277441388505,38714.76266906711,33844.16240060732,38396.55342155993,33594.00702171252,38072.51802540432,33338.942613394815,37747.1080669661,33082.393424573645,37422.566583897526,32826.08601594561,37100.08786780841,32570.943810363082,36780.36513508467,32317.50659110837,36463.87396964937,32066.145677642784,36151.056177095226,31817.201054466557,35841.98964674858,31570.770638242535,35536.87508008772,31327.040209474962,35236.125741871605,31086.360213812706,34940.559525405966,30849.40209562011,34651.809847434524,30617.489788718434,34373.23098653595,30393.33041096801,34111.9667052475,30182.68882694329,33883.86022810423,29998.378177769235,33725.56382184831,29870.14747734264
168,0.8491591591591592,39526.149845818596,34463.59613014299,39338.14956421806,34315.92828024479,39069.469144103925,34105.15147026321,38765.58225073411,33866.75416503661,38446.589474541404,33616.30287330788,38121.76124650382,33360.93804880198,37795.560899971024,33104.08841195654,37470.23729598851,32847.48279370795,37146.98772172341,32592.045824365672,36826.50705027194,32338.31798329684,36509.271973130446,32086.67106843002,36195.72539899626,31837.4455233353,35885.94489116352,31590.73921814681,35580.1312479121,31346.738030016957,35278.69837858539,31105.792710875106,34982.46576442164,30868.57538400481,34693.07025101429,30636.411390392965,34413.8733724679,30412.01076156941,34152.03446127891,30201.144534783336,33923.43108646279,30016.63936929269,33764.79381758363,29888.27502575773
169,0.8541541541541542,39579.17707128636,34487.00256850337,39390.710786964315,34339.16028397747,39121.361802667154,34128.13285620052,38816.7197905471,33889.451704105304,38496.93795836287,33638.70284564018,38171.31132090606,33383.03593109957,37844.31503929804,33125.88417721643,37518.20383688506,32868.97869742557,37194.178015637444,32613.24533578051,36872.93411548841,32359.225271198473,36554.949942038256,32107.290782386568,36240.66951388712,31857.782774283423,35930.170065039994,31610.79906980182,35623.65249049163,31366.525642940363,35321.53134783351,31125.313553268978,35024.62771624904,30887.83560635456,34734.58189268331,30655.418557629873,34454.76271553168,30430.775367721955,34192.34519362037,30219.683279684054,33963.24147762592,30034.98254396469,33804.26098355783,29906.483834359442
170,0.8591491491491492,39632.537819236306,34510.519375884425,39443.60221770502,34362.50167475353,39173.57992470854,34151.2222199101,38868.17745128365,33912.25562882699,38547.600997371264,33661.207539613606,38221.17033423815,33405.23685098122,37893.37253210775,33147.781300882525,37566.46821578952,32890.5742975803,37241.66072142521,32634.542905194292,36919.648265973454,32380.22900567567,36600.909775708,32128.00536083349,36285.890385971645,31878.213339285947,35974.66699819894,31630.950716026506,35667.44060401048,31386.403562098276,35364.62641293215,31144.923246079015,35067.04711217036,30907.183259202033,34776.34647267334,30674.511778668293,34495.90068622236,30449.624709721033,34232.90054507501,30238.305534545656,34003.29302039858,30053.408168282025,33843.966922079744,29924.774365247453
171,0.8641441441441442,39686.23435978552,34534.14719129973,39496.82610335982,34385.953085542096,39226.12572402694,34174.42018570581,38919.95740954267,33935.1665537628,38598.580729492765,33683.817559620744,38271.340385462754,33427.54140256951,37942.735438654316,33169.78036685374,37615.0324547591,32912.27016796515,37289.43782358141,32655.939096447266,36966.65144935596,32401.329740787765,36647.15338563824,32148.81534823318,36331.38989139573,31898.737753404792,36019.43753218661,31651.194682673387,35711.497396165934,31406.37230432512,35407.98534850323,31164.622297320093,35109.72569457109,30926.61884196014,34818.36570212305,30693.69154457918,34537.28896575362,30468.559270647445,34273.70216898886,30257.01177501055,34043.58734397603,30071.916711446058,33883.913245743344,29943.14708320014
172,0.8691391391391392,39740.268977563086,34557.8866574776,39550.38470521334,34409.51515299155,39279.0014285766,34197.727381529905,38972.06185584361,33958.18509704513,38649.879306330324,33706.53351356614,38321.82358697394,33449.950183438945,37992.405832379554,33191.881962421234,37663.89858879815,32934.06688570647,37337.5113193113,32677.434476654995,37013.945625743174,32422.52803381245,36693.68269557826,32169.721292210448,36377.16991833305,31919.35655480946,36064.48352035869,31671.531498648816,35755.82468625096,31426.432389456524,35451.60994055535,31184.411217956862,35152.665217019545,30946.142856941267,34860.64130315607,30712.958349284254,34578.929246134394,30487.579536385965,34314.75172932625,30275.802479481514,34084.12608801817,30090.508645380713,33924.10157750139,29961.60245569246
173,0.8741341341341342,39794.6439718154,34581.73842088615,39604.28029901941,34433.18851745431,39332.209280569965,34221.14443897755,39024.49299472749,33981.31188040179,38701.49889326279,33729.35601288982,38372.62206469433,33472.463794639145,38042.3858000084,33214.08667829127,37713.068665951825,32955.96503128639,37385.88321862275,32699.029616230473,37061.53276781096,32443.824445267313,36740.4996416166,32190.723743573704,36423.232367071956,31940.070284797897,36109.8068279656,31691.961695933507,35800.42430523802,31446.58434034957,35495.50198656599,31204.29052192348,35195.86744434755,30965.755809376806,34903.17500896037,30732.312689575087,34620.82323024677,30506.685995644177,34356.050900746406,30294.678129140215,34124.91090272492,30109.18444475075,33964.53355073998,29980.140952914004
174,0.8791291291291292,39849.3616565134,34605.70313175882,39658.51517510706,34456.973823012035,39385.75153658196,34244.67199332166,39077.25304485949,34004.54752918042,38753.44166954582,33752.28567259144,38423.73795817432,33495.08284071853,38092.67744164603,33236.3951086085,37762.54474740151,32977.96518856562,37434.555544419774,32720.725088906383,37109.41486089559,32465.21953893198,36787.60617227112,32211.823256336615,36469.57915010386,31960.879487817692,36155.40933223928,31712.48580960337,35845.29809586423,31466.828682903146,35539.663295565224,31224.260726143766,35239.33415273262,30985.458207436823,34945.96856386871,30751.755065132504,34662.97263192519,30525.87913997149,34397.60136868127,30313.63920796599,34165.943448912956,30127.944586980244,34005.21080935454,29998.763047787303
175,0.8841241241241242,39904.42436046146,34629.781444120184,39713.09163848842,34480.87171750121,39439.63046765638,34268.31068353811,39130.34423913346,34027.89267237331,38805.7098284143,33775.323111254605,38475.1734206925,33517.80792974826,38143.28287087675,33258.80785097936,37812.328907561685,33000.06794480654,37483.53033259757,32742.521471757856,37157.593903087145,32486.713881870233,36835.004248580604,32233.02038773994,36516.21219221318,31981.784711487584,36201.292922481465,31733.104377850614,35890.447912717864,31487.16594607868,35584.09568822058,31244.322350551545,35283.067129781295,31005.250562250127,34989.0237234407,30771.28597854626,34705.379176036935,30545.15946377853,34439.40482941464,30332.686202754834,34207.22539809364,30146.789552271322,34046.13500782687,30017.469215986403
176,0.8891191191191192,39959.83442740829,34653.974015812106,39768.012008968355,34504.88285253906,39493.848359413874,34292.061152331305,39183.768824778075,34051.34794264253,38858.30557718674,33798.468951071496,38526.93061935814,33540.63967334647,38194.20421486426,33281.325506495945,37862.42323417852,33022.273890696626,37532.809632139346,32764.419345225448,37206.07190532438,32508.308044452657,36882.695844197966,32254.315698273665,36563.13343056873,32002.78650661918,36247.4595001533,31753.817942005106,35935.875622326435,31507.596661921176,35628.800996923506,31264.475918111257,35327.068174614,31025.133387924456,35032.342254545976,30790.905935334962,34748.044598563785,30564.52746435667,34481.46299016258,30351.819603138694,34248.758432552226,30165.719823623214,34087.30781130361,30036.25993595565
177,0.8941141141141141,40015.59421615986,34678.28150852038,39823.27862125625,34529.007883549915,39548.40751216194,34315.92404616007,39237.52906346493,34074.91397634545,38911.23113737134,33821.72381786808,38579.011735215376,33563.578686702946,38245.44361445409,33303.9486797602,37912.82982843025,33044.583620372134,37582.3955052147,32786.41929313844,37254.85089149135,32530.002600379587,36930.682945484936,32275.7097516996,36610.34481481672,32023.885427239155,36293.91097896664,31774.627046556092,35981.58310324632,31528.121365580548,35673.78106587732,31284.721954838937,35371.33909795132,31045.107201567123,35075.925935448984,30810.61544396627,34790.97064668548,30583.983641897918,34523.777569155216,30371.03990160501,34290.544245428486,30184.735886851475,34128.73089567593,30055.135688928836
178,0.8991091091091091,40071.70610069426,34702.7045878016,39878.89382507962,34553.24746979184,39603.31024100691,34339.90001526401,39291.627231418606,34098.59141356059,38964.488744774106,33845.08834112945,38631.418963349264,33586.62558860404,38297.00322427757,33326.6779789085,37963.55080502922,33066.99773144229,37632.29002727986,32808.52190273856,37303.93289851569,32551.798126704245,36978.967551608584,32297.20311507409,36657.84830717538,32045.08203061151,36340.64928497694,31795.532239174183,36027.57224615382,31548.74059533319,35719.03775118661,31305.06098982341,35415.88172220178,31065.172523305864,35119.776555895136,30830.41501587738,34834.1590788641,30603.528499515065,34566.35029571994,30390.34759351658,34332.58454079863,30203.838230607507,34170.40594766062,30074.096958948452
179,0.9041041041041041,40128.17247027871,34727.24392311062,39934.85998529995,34577.60227438373,39658.55887596797,34363.98971369018,39346.06561952876,34122.38089811393,39018.080649608855,33868.56315402567,38684.15451299369,33609.78100145809,38348.88521285776,33349.51401563646,38014.588292325825,33089.51682501365,37682.495287179576,32830.72776470392,37353.319976468636,32573.695203856383,37027.551674639435,32318.79635877124,36705.64588253127,32066.37687726043,36387.67635667773,31816.53407073374,36073.84495393789,31569.45489260394,35764.57292094819,31325.493555247846,35460.69788155118,31085.32987630994,35163.89591719845,30850.305165495825,34877.61166493037,30623.162543262104,34609.1829103661,30409.743177131568,34374.88103375869,30223.027346398423,34212.33466488266,30093.14423288535
180,0.9090990990990991,40184.99572958881,34751.9001878283,39991.1794820306,34602.07296433289,39714.15576209327,34388.19379932019,39400.84653346415,34146.28307760552,39072.009116609246,33892.148893437996,38737.22060764141,33633.0455513211,38401.09176271741,33372.45740522426,38065.944432414384,33112.14150571501,37733.01338725104,32853.037473173375,37403.01418866696,32595.694415666156,37076.437339651406,32340.49005650636,36753.739528537364,32087.770530993297,36434.99414509681,31837.633095335397,36120.40314179462,31590.26480198827,35810.38845534376,31346.020186411606,35505.78942205352,31105.57978681164,35208.28583233086,30870.286410260538,34921.33018617122,30642.886282154974,34652.27716487111,30429.227153623935,34417.435450509365,30242.303728607112,34254.5187559591,30112.278000458657
181,0.9140940940940941,40242.17829882998,34776.67405928968,40047.85471075702,34626.660210562804,39770.10325957837,34412.51293389772,39455.97229378906,34170.29860343654,39126.276425142976,33915.846199985375,38790.61948515601,33656.41986792286,38453.625070488786,33395.50876656224,38117.62138124098,33134.872381722445,37783.84644342966,32875.451625771304,37453.01761177666,32617.796349388413,37125.62658482362,32362.284785359785,36802.13124571286,32109.263558924078,36482.604613894335,31858.829870329206,36167.24873732326,31611.170871274924,35856.48624673436,31366.641421752367,35551.15820172359,31125.92278412803,35252.9481260131,30890.359270643246,34965.31643541907,30662.700228192574,34695.63482236824,30448.80002710414,34460.24952844248,30261.66787451262,34296.95994058462,30131.4987542559
182,0.9190890890890892,40299.722613861355,34801.56621881265,40104.888082459205,34651.36468794164,39826.40374388672,34436.94778305647,39511.445236081716,34194.4281308368,39180.88486932808,33939.65571805152,38844.35339788613,33679.90458469344,38506.487347025744,33418.66872217698,38169.62130871331,33157.71006478496,37834.996585356756,32897.97082363263,37503.33233591876,32640.001595727375,37175.121461544164,32384.18112580112,36850.82304754502,32130.856531497106,36530.50973946252,31880.12495633782,36214.3836806243,31632.173651468733,35902.868199756376,31387.357802868675,35596.80609063126,31146.359400683057,35297.88463480729,30910.52427017023,35009.572217142726,30682.604896378096,34739.25765743589,30468.4623046401,34503.32501622895,30281.120284310862,34339.659949618544,30150.806989753535
183,0.9240840840840842,40357.631126321954,34826.57735172701,40162.28202373669,34676.18707531097,39883.0596058728,34461.4990163485,39567.267711055225,34218.672318892626,39235.83675815161,33963.57809581225,38898.424612781855,33703.50033879015,38559.68081751788,33441.93789825769,38221.94639881268,33180.655170250444,37886.465956489476,32920.59567142837,37553.960464777054,32662.310748861564,37224.92403451575,32406.179661713708,36899.81696059284,32152.55002251119,36578.711511027424,31901.518917280253,36261.809924399226,31653.27369681396,35949.536231419435,31408.169874542753,35642.734970997575,31166.89017202998,35343.097207211205,30930.78193544428,35054.099347540025,30702.600804740665,34783.14745618868,30488.214496278546,34546.66367390835,30300.6614611356,34382.62052517351,30170.2032053377
184,0.9290790790790792,40415.906303759526,34851.708147404024,40220.03897693585,34701.12805551495,39940.0732519074,34486.16730727302,39623.44208468073,34243.03183057518,39291.13441559053,33987.61398526337,38952.83541151331,33727.207771124835,38613.20772160693,33465.31692468307,38274.598849708185,33203.70831709194,37938.25671421281,32943.326777391434,37604.90411570791,32684.724406469253,37275.03638186346,32428.280980419666,36949.1150245927,32174.344609144053,36627.21193075263,31923.012320395865,36309.52943405215,31674.471564817857,35996.49227120626,31429.07818476368,35688.94673729269,31187.51563687415,35388.58770375434,30951.132796167116,35098.899654632085,30722.68847435734,34827.3060163701,30508.057115066546,34590.26727298033,30320.29191107975,34425.84342070583,30189.687902325346
185,0.9340740740740742,40474.55062976195,34876.95929928639,40278.16140027995,34726.188315430096,39997.44710400567,34510.95333330572,39679.9707383131,34267.50733276922,39346.780180735164,34011.76404224892,39007.588090591824,33751.02752639166,38667.07031350551,33488.80643504859,38327.58087387318,33226.87012793449,37990.3710299538,32966.16475334291,37656.16541985234,32707.243169754234,37325.4605952446,32450.48567270513,36998.71929256614,32196.240871977265,36676.01301384496,31944.6057362688,36357.544187793625,31695.7678162746,36043.73826117439,31450.083284750923,35735.443296335674,31208.236337096074,35434.35799709597,30971.577385162047,35143.9749783596,30742.868429375405,34871.735147447034,30527.99067707355,34634.13759649758,30340.012143217016,34469.33040110753,30209.261584985572
186,0.9390690690690692,40533.56660409132,34902.33150491877,40336.65176800171,34751.368545995414,40055.183599957665,34535.85777592844,39736.856068819274,34292.09949630238,39402.776407915044,34036.02892648988,39062.684961493265,33774.96025309528,38721.27086211825,33512.407066694075,38380.89469820406,33250.14122908226,38042.81108929801,32989.110214718814,37707.746522250214,32729.867643472047,37376.19877996081,32472.794332845988,37048.631830929815,32218.239395021414,36725.11678866227,31966.299738852766,36405.85617674634,31717.16301528969,36091.27615605989,31471.18572897823,35782.2265673963,31229.05281777493,35480.40997212497,30992.116238397037,35189.32717068081,30763.141197035056,34916.43667070621,30548.01570141362,34678.276439160785,30359.822669623834,34513.08324280022,30228.92476056146
187,0.9440640640640641,40592.956742820876,34927.8254659788,40395.51257047883,34776.669442243096,40113.285193461656,34560.8813206594,39794.10048870917,34316.80899597478,39459.12546682741,34060.409301613414,39118.12835078428,33799.006603579546,38775.811651165444,33536.11946073197,38434.54256414154,33273.52225054619,38095.57909210848,33012.16378059709,37759.649581956925,32752.598435956563,37427.25305507242,32495.207558634025,37098.85471960764,32240.34076574179,36774.525296823456,31988.094905496197,36454.467405052994,31738.65772930464,36139.10792338326,31492.386075197912,35829.29848229888,31249.965627212387,35526.74552606171,31012.749895008143,35234.9580956716,30783.507307692347,34961.41241935239,30568.13271026807,34722.685607415384,30379.724005401677,34557.10373383079,30248.677939292047
188,0.9490590590590591,40652.72357847483,34953.4418883085,40454.74631437223,34802.091703329694,40171.75435426028,34586.02465708393,39851.706426269404,34341.63651058938,39515.82974266847,34084.90583518246,39173.92060025089,33823.167234056535,38830.69497930926,33559.944262075835,38488.52672779443,33297.01382607204,38148.677252647096,33035.32607372525,37811.87677216236,32775.436159147,37478.625553515136,32517.725951403434,37149.39005214521,32262.54557508443,36824.24059332072,32009.991816967857,36503.379889986485,31760.25252912205,36187.235543557355,31513.684884465474,35876.6609855282,31270.975316956796,35573.36656856207,31033.478897323264,35280.869629627516,30803.96729484265,35006.66423860867,30588.342228908383,34767.36691955023,30399.716668699704,34601.39367396914,30268.52163443481
189,0.9540540540540541,40712.86966017121,34979.18148194636,40514.35552276729,34827.6360325678,40230.59356827955,34611.28847888568,39909.67632569988,34366.58272298255,39572.89163626737,34109.51919872589,39230.06406702999,33847.44280463629,38885.92316028262,33583.88211946941,38542.84946006599,33320.616593168896,38202.107799698446,33058.59772054829,37864.43028031251,32798.381428615416,37530.31842221922,32540.35011605776,37200.239935826685,32284.85441750258,36874.26474663415,32031.99105748279,36552.595662062195,31781.9479889312,36235.661009997704,31535.082721164705,35924.31603433763,31292.082441827806,35620.27502182342,31054.30379088632,35327.0636611679,30824.52169514428,35052.19398581878,30608.644785719694,34812.3222057984,30419.80118073778,34645.9548748077,30288.45636228838
190,0.9590490490490491,40773.39755376785,35005.044961159874,40574.3427353183,34853.30313745826,40289.80533777102,34636.673483878316,39968.01264725328,34391.6483200553,39630.3135642231,34134.25006776917,39286.56112374362,33871.833979356765,38941.49852302096,33607.93368551622,38597.51304678308,33344.33119313819,38255.87297669652,33081.97935123717,37917.312308233464,32821.43486359462,37582.33382223119,32563.080661097414,37251.40649179415,32307.26789098361,36924.599838848786,32054.093214728797,36602.116765152816,31803.744686333877,36284.386329234934,31556.580153033057,35972.26559885959,31313.28755994136,35667.472820692965,31075.225124481767,35373.5420913422,30845.171048442684,35098.00353055157,30629.040912224365,34857.55330843996,30439.978065829797,34690.789159863176,30308.4826422157
191,0.9640440440440441,40834.30984201162,35031.03304447862,40634.71050839597,34879.09372972285,40349.392181456875,34662.18037403784,40026.71786737775,34416.833992804946,39688.09795904446,34159.099121865525,39343.41415863612,33896.341426214465,38997.42341179664,33632.09961670949,38652.519788828045,33368.15827110311,38309.975041853984,33105.47159971775,37970.5250722583,32844.59708700664,37634.67392883811,32585.918198647367,37302.89185516945,32329.786597076345,36975.247965774084,32076.29887989317,36651.945256605555,31825.643202370808,36333.41352102985,31578.177751187588,36020.51166221823,31334.591232735067,35714.96191277849,31096.243450159556,35420.30683373855,30865.91589779492,35144.0947547076,30649.531143106145,34903.06208190691,30460.24785140744,34735.89836468034,30328.600996667505
192,0.9690390390390391,40895.60912469104,35057.14645472799,40695.46141523835,34905.008525337784,40409.35663467858,34687.80985553537,40085.79447886265,34442.14043635749,39746.24726929313,34184.067044627605,39400.62557571451,33920.96581719558,39053.70018635658,33656.38057346276,38707.87200227356,33392.0984760386,38364.416268294364,33129.07510370017,38024.07080335665,32867.868725491426,37687.34093169473,32608.863344485628,37354.698175178826,32352.411140918866,37026.211237066105,32098.608647690024,36702.083207361895,31847.64412154837,36382.74461849081,31599.876090151232,36069.05622064467,31355.99402499405,35762.74425856119,31117.359323260476,35467.35981459463,30886.756789494553,35190.469552628114,30670.116016234668,34948.850392890454,30480.611068044316,34781.28433693812,30348.811951206226
193,0.9740340340340341,40957.29801879237,35083.38591906338,40756.59804610523,34931.04824456743,40469.70124954866,34713.56263877056,40145.24499098774,34467.56835000033,39804.76395972988,34209.15452375971,39458.19779489193,33945.707828307575,39110.33122206294,33680.77722014088,38763.57201852055,33416.152460801844,38419.19894418727,33152.79050470874,38077.95174726721,32891.25040943631,37740.33703495328,32631.91671807192,37406.82761528024,32375.142131266795,37077.49177635235,32121.023116388096,36752.53270208,31869.748031865893,36432.381668193775,31621.675747879475,36117.901283594634,31377.496504877116,35810.8218315112,31138.57330244194,35514.70297291101,30907.694273097008,35237.12983120626,30690.796072690304,34994.92012045055,30501.068249480464,34826.94893655786,30369.116034530223
194,0.9790290290290291,41019.37915865937,35109.75216900511,40818.12300843598,34957.21361199888,40530.42859510612,34739.439438405534,40205.07192967577,34493.118437215715,39863.65051146434,34234.36225109058,39516.13325213432,33970.568139611365,39167.31891003685,33705.29022509161,38819.62218443916,33440.32088216319,38474.32537288653,33176.61844811242,38132.170164633215,32914.74277300583,37793.66445739633,32655.07894257706,37459.28235329356,32397.980180521994,37129.09172135939,32143.54288783884,36803.29583925988,31891.955524843284,36482.32673030501,31643.5773057876,36167.04887386889,31399.09924394353,35859.196618205584,31159.88594970414,35562.338260566896,30928.728901445258,35284.07751000094,30711.57185678948,35041.27315612779,30521.619932647303,34872.89403581405,30389.513778498473
195,0.9840240240240241,41081.855196156794,35136.24594047381,40880.03892701126,34983.50535657702,40591.541257475496,34765.440973399476,40265.27783764854,34518.79140571465,39922.909422108074,34259.69092260675,39574.43439961068,33995.54743525413,39224.66565730571,33729.920260677696,38876.024862513026,33464.60440083781,38529.79787307166,33200.55958315566,38186.72833114105,32938.34645417204,37847.32543257267,32678.350644912673,37512.064581533705,32420.925904761807,37181.01322404345,32166.168567505207,36854.374731371296,31914.26719554919,36532.58187870653,31665.58134877828,36216.501027736194,31420.802817180076,35907.87061844904,31181.297830416745,35610.26764243862,30949.86123069599,35331.314521353015,30732.443916110427,35087.911404057886,30542.266657692966,34919.12151944744,30410.00571815563
196,0.9890190190190191,41144.728800837795,35162.867973826615,40942.34844411853,35009.92421164022,40653.041840029684,34791.56796704376,40325.86527458683,34544.58796747152,39982.54320593139,34285.141238486474,39633.10370584667,34020.646403502506,39282.37388695381,33754.66800330966,38932.782430986954,33489.00368151759,38585.618778892545,33224.614562989904,38241.62853766208,32962.0620947454,37901.32220893622,32701.732455761507,37565.17650694691,32443.979923768802,37233.25845072388,32188.900764490787,36905.771504984754,31936.68364262963,36583.1492011245,31687.688465269697,36266.25979505912,31442.607803028655,35956.8458453973,31202.809513345914,35658.49309652066,30971.091820346253,35378.84281050423,30753.41280151931,35134.8367810887,30563.00896800803,34965.63328478084,30430.59239175752
197,0.9940140140140141,41208.00266011549,35189.61901389381,41005.054219721555,35036.470914956764,40714.93296355668,34817.82114699778,40386.83681729405,34570.50883875919,40042.55439402387,34310.71390313425,39692.14365588202,34045.86573677658,39340.446038276554,33779.53413347902,38989.89728401808,33513.5193929039,38641.79044011757,33248.784044705644,38296.87309039783,32985.89034040624,37955.65704998841,32725.2250096083,37618.62035125026,32467.142861061035,37285.829582219936,32211.74009156947,36957.48830090545,31959.205468337193,36634.03079926055,31709.89924722411,36316.32723942296,31464.514783414368,36006.12432568343,31224.421570681872,35707.01661404955,30992.421233260466,35426.66433571891,30774.479067196804,35182.0512168999,30583.847410251783,35012.43124183737,30451.27434079711
198,0.999009009009009,41271.67947943855,35216.49981001633,41068.15893163416,35063.146208761806,40777.21726643047,34844.20124532536,40448.19505986397,34596.55474018492,40102.94553445885,34336.40962521606,39751.556751431715,34071.20613168435,39398.88456693844,33804.51933579209,39047.37183183065,33538.152207740764,38698.3152222854,33273.068689365,38352.46431102859,33009.831840736726,38010.33223442385,32748.82894477113,37672.39835107435,32490.415343922803,37338.728813990674,32234.6871652157,37009.52727431048,31981.833278560556,36685.22878892622,31732.214290176995,36366.705438267316,31486.524343774036,36055.708099547024,31246.134578066994,35755.840199630686,31013.850035698015,35474.78106840842,30795.64327066525,35229.55665412552,30604.782534378843,35059.517313461605,30472.05211003082
199,1.004004004004004,41335.761982471435,35243.5111160838,41131.66527569817,35089.95083979504,40839.89740478602,34870.70899853195,40509.942613852494,34622.726396726735,40163.719192461824,34362.229117695046,39811.34551105117,34096.66828905687,39457.691945134924,33829.62429900451,39105.20850087465,33562.90280284868,38755.195506860284,33297.46916203484,38408.40453686581,33033.887249253334,38065.35005627952,32772.54490343333,37726.512758109566,32513.79800343599,37391.95835627824,32257.742605635183,37061.89059488925,32004.567682854773,36736.745300180635,31754.634193266615,36417.39648302127,31508.637073085298,36105.5992209666,31267.94911462426,35804.965871368084,31035.378797341204,35523.1949932586,30816.90597281611,35277.355048479265,30625.814893666276,35106.89343544353,30492.92624750543
200,1.008998998998999,41400.25276890017,35270.65364481268,41195.575825009255,35116.885513989735,40902.97591377696,34897.34510284298,40572.0819718219,34649.02449367766,40224.87781633589,34388.17305447119,39871.512338463595,34122.25287129136,39516.87053230826,33854.849674065656,39163.409606899804,33587.771817863046,38812.43356662601,33321.98609120928,38464.695998523144,33058.05718350199,38120.712704837824,32796.373492398925,37780.96572119274,32537.291435882595,37445.520318331444,32280.90699880156,37114.58033315713,32027.40925709901,36788.58236568604,31777.15952249932,36468.40236944815,31530.853527724474,36155.79964993157,31289.86572738973,35854.39555498066,31057.008056277813,35571.90800406136,30838.267703404254,35325.448266070554,30646.94501065063,35154.56145485332,30513.897270798745
201,1.0139939939939941,41465.15442106065,35297.92810211454,41259.89313548089,35143.95093053239,40966.455311616424,34924.11024782091,40634.6156096677,34675.4497097626,40286.423838003575,34414.2421029759,39932.05962130137,34147.9605344174,39576.42267209827,33880.19610565807,39221.97745013853,33612.75988625226,38870.03165912972,33346.62009931398,38521.34091165311,33082.34225505718,38176.422354690025,32820.315312595725,37835.75937473366,32560.896231761693,37499.41679523022,32304.180924997032,37167.59854571314,32050.35857157054,36840.7420044347,31799.790838367288,36519.725079881115,31553.174258639094,36206.31133323318,31311.884958053484,35904.13116321056,31078.738345328802,35620.921981837244,30859.728986991315,35373.83816041432,30668.173402738616,35202.523206287515,30534.965692402267
202,1.0189889889889892,41530.46953904219,35325.33519839466,41324.61978059768,35171.14779305995,41030.33813382939,34951.0051274168,40697.54602030692,34702.00272802566,40348.35970610779,34440.436934887526,39992.98976361406,34173.79193863868,39636.350724261225,33905.66424256596,39280.914346643076,33637.86764551487,38927.99205744661,33371.37181273433,38578.341507150006,33106.743079383916,38232.48119538844,32844.37096877415,37890.89586782841,32584.61298532855,37553.64989647193,32327.564968194794,37220.9473033104,32073.416200173833,36893.22624931562,31822.52870492737,36571.36661029902,31575.5998202805,36257.13623106482,31334.007351750264,35954.17462196852,31100.57020070314,35670.238820557446,30881.290351474006,35422.52659778685,30689.500590626216,35250.78053697348,30556.13202806513
203,1.023983983983984,41596.200740619184,35352.875648534886,41389.758351348,35198.47680964284,41094.626933186664,34978.03043995365,40760.875713613466,34728.68423581375,40410.687885948646,34466.75822611531,40054.30518580705,34199.747748317306,39696.657064609935,33931.25473765985,39340.222628227006,33663.09573716453,38986.31705012298,33396.241861800714,38635.70003109431,33131.260275823304,38288.891431392396,32868.54106949318,37946.37736420676,32608.442294580684,37608.221745919815,32351.059716045453,37274.62869080595,32096.582720427254,36946.03714706556,31845.373689788154,36623.328970278664,31598.130770591073,36308.27631697547,31356.233457047,36004.527870288424,31122.50416198549,35719.86042709941,30902.952328072155,35471.51545718224,30710.92709828682,35299.33530672641,30577.39679678244
204,1.028978978978979,41662.35066119035,35380.550171878065,41455.31145616415,35225.93869276951,41159.32427964612,35005.186888111224,40824.607216360855,34755.49492476172,40473.41085942767,34493.20665678486,40116.00832458707,34225.8286319595,39757.34408496067,33956.96824788263,39399.90464241353,33688.444806716296,39045.00894112589,33421.230880775096,38693.418744703624,33155.89446757945,38345.655282020234,32892.82622710743,38002.206042185295,32632.384761245354,37663.13448175753,32374.665759864736,37328.64480711635,32119.85871345096,36999.17675822585,31868.326364098164,36675.61418295269,31620.767670992685,36359.73357782858,31378.563825931476,36055.19286028714,31144.540772125136,35769.7887212076,30924.715451317774,35520.80663027396,30732.45345296049,35348.18938791155,30598.760520784694
205,1.033973973973974,41728.92195372516,35408.35949221396,41521.28172086944,35253.5341593326,41224.43276030112,35032.47517891246,40888.74307217184,34782.435490779,40536.53112499858,34519.782911225004,40178.10163291422,34252.03526220277,39818.4141930864,33982.8054342369,39459.96275238991,33713.91550367437,39104.07004979865,33446.33950783903,38751.49992428944,33180.64628170767,38402.774981407296,32917.22705775571,38058.38409462649,32656.440990768282,37718.39025644919,32398.38369462247,37382.997765178865,32143.244763956143,37052.647157104446,31891.38730253523,36728.22428497259,31643.511086376366,36411.510013766,31400.999013802164,36106.17155712946,31166.680577426065,35820.02563545922,30946.58025904527,35570.40202138128,30754.080185144416,35397.34466541103,30620.22372552823
206,1.038968968968969,41795.91728871701,35436.30433776668,41587.671788632215,35281.26393061649,41289.95497933537,35059.896023711175,40953.28584147428,34809.50663403758,40600.05119762434,34546.48767795605,40240.5875799601,34278.368315804495,39879.869812676116,34008.76696177384,39520.399336967865,33739.50848152101,39163.502710822315,33471.56838508286,38809.94586121951,33205.516349103964,38460.252778469316,32941.744181350616,38114.91372890316,32680.611592303565,37773.99123670473,32422.214118932632,37437.68969191767,32166.741460235335,37106.450431743084,31914.55708329701,36781.16132647667,31666.36158509295,36463.607638176894,31423.539579459124,36157.46593899759,31188.924127537957,35870.57311523455,30968.54729238272,35620.303547440206,30775.807828584173,35446.80303659534,30641.78693968675
207,1.043963963963964,41863.339354142634,35464.38544118341,41654.48431992585,35309.12873228619,41355.89355798387,35087.45013818119,41018.238101463074,34836.709058961336,40663.97360874008,34573.321649679325,40303.46865107174,34304.828473631525,39941.71338329962,34034.85349958309,39581.21679054939,33765.22439770679,39223.30927418246,33496.918158496046,38868.75886188561,33230.505304495564,38518.09093687096,32966.3782215694,38171.79716686779,32704.897178704607,37829.939603450126,32446.15763504457,37492.72272821491,32190.34939415379,37160.58868388908,31937.83628809258,36834.42737106271,31689.319738944818,36516.02847767095,31446.186085095916,36209.07799706526,31211.271975448333,35921.43311869154,30990.617095744063,35670.51313797874,30797.636920266177,35496.56641129885,30663.450695143707
208,1.048958958958959,41931.19085542772,35492.603539524505,41721.721992494895,35337.129294377504,41422.2511344997,35115.1382423067,41083.60244606791,34864.04347421656,40728.300906221644,34600.28552326789,40366.747347741024,34331.416420651236,40003.94736037788,34061.06572078392,39642.41752309779,33791.06391364192,39283.492105141035,33522.38947795877,38927.94124767612,33255.613786432696,38576.29173499929,32991.12980584584,38229.03664482677,32729.298366516225,37886.23755180227,32470.214848835258,37548.099028886274,32214.069161141815,37215.06402897162,31961.22550213493,36888.024495764876,31712.386123178636,36568.77457205605,31468.93909629245,36261.009735475775,31233.724677475508,35972.60761674459,31012.790216822243,35721.03273509603,30819.568000410894,35546.63671179944,30685.215526985714
209,1.053953953953954,41999.474515417896,35520.95937425479,41789.38750132657,35365.26635128847,41489.03036412627,35142.961060373775,41149.38148592607,34891.51059270367,40793.03565435926,34627.37999975847,40430.426187579156,34358.13284592358,40066.57421515812,34087.40430251745,39704.00396011362,33817.02769468861,39344.05358421297,33547.9829972345,38987.495354953375,33280.84243728129,38634.85746594174,33015.99956536313,38286.63441351897,32753.81577596771,37942.887291048304,32494.38636980247,37603.820762660864,32237.9013601882,37269.87859608228,31984.725314134554,36941.95479103475,31735.561316479027,36621.847974319775,31491.79918200877,36313.26317132431,31256.282793262497,36024.09859304714,31035.067206583255,35771.864293445404,30841.601612466948,35597.01587280173,30707.081973496704
210,1.058948948948949,42068.193074355135,35549.45369123599,41857.48355862751,35393.54064177188,41556.23391907467,35170.91932096311,41215.5778483605,34919.111131550104,40858.18043383614,34654.605784344436,40494.50770429583,34384.97844259419,40129.596434693725,34113.86992594,39765.978542615245,33843.11641015457,39404.99610714735,33573.699373963595,39047.42353503541,33306.19190321675,38693.79043746837,33040.98813504775,38344.59273809864,32778.450030966866,37999.89104462898,32518.672811058972,37659.890112165194,32261.846593834518,37325.03452795939,32008.33631629379,36996.22036072625,31758.845900963035,36675.25075061486,31514.766914579715,36365.84033464358,31278.946885771828,36075.90804397792,31057.448619261,35823.009780221015,30863.738303106176,35647.705841423915,30729.050576152906
211,1.063943943943944,42137.349289859085,35578.08724072037,41926.01289380548,35421.95290892899,41623.864488505766,35199.013756943794,41282.19417736245,34946.84581210417,40923.7378417118,34681.96358636983,40558.99444768311,34411.95390788861,40193.016521828715,34140.46327621738,39828.343727123654,33869.33073328745,39466.32208491278,33599.539269657835,39107.728154181794,33331.66283421865,38753.092972018334,33066.09615356433,38402.913898122264,32803.20175909492,38057.2510501259,32543.074789327544,37716.30927391083,32285.90546817022,37380.533980976215,32032.05910430216,37050.82332208418,31782.24046217556,36728.984980248104,31537.842869710395,36418.743268393206,31301.717521281065,36128.03797863054,31079.935012352955,35874.47117514773,30885.978622219252,35698.70857718796,30751.12187961871
212,1.068938938938939,42206.94593691308,35606.860777345275,41994.97825345567,35450.503900204174,41691.924778517,35227.24510546805,41349.23313357868,34974.715359929985,40989.7104914096,34709.454119324444,40623.888983603465,34439.05994310741,40256.83699518605,34167.1850425201,39891.10198565141,33895.67134127018,39528.03394368676,33625.50334969596,39168.41159358351,33357.25588406628,38812.76740668997,33091.32426331133,38461.60018753905,32828.07159160227,38114.96955925255,32567.592924936856,37773.08045828574,32310.078592828686,37436.379125132604,32055.894277332354,37105.765805736206,31805.74558908551,36783.05275567267,31561.02762647245,36471.97402845233,31324.59526937918,36180.49041880644,31102.52694661656,35926.25047047423,30908.323122912225,35750.02605201282,30773.29643174314
213,1.073933933933934,42276.98580785464,35635.77506012881,42064.382401351446,35479.194367380616,41760.41751213335,35255.61410796704,41416.69739430278,35002.72050480332,41056.101012708525,34737.07810083968,40689.193893981894,34466.297253622215,40321.06038916027,34194.035918019574,39954.255805695546,33922.13891521722,39590.13412484878,33651.59228331993,39229.47624935628,33382.97171033511,38872.81609323462,33116.67311041748,38520.65391468516,32853.06016340518,38173.04883784866,32592.22784181823,37830.20588954894,32334.36658098396,37492.57214404991,32079.842438037198,37161.049955688126,31829.361874082715,36837.45618248356,31584.32176730101,36525.53468361532,31347.580702963573,36233.26739901077,31125.224986066365,35978.349670969175,30930.77236150366,35801.66025021074,30795.574783557087
214,1.078928928928929,42347.47171237,35664.83085246638,42134.22811843901,35508.0250665769,41829.34542930233,35284.121510147575,41484.58965347054,35030.86198070832,41122.912051738786,34764.836252685454,40754.9117768018,34493.66654887269,40385.6892539136,34221.01659988508,40017.80769023389,33948.73414017167,39652.62508497716,33677.80674363212,39290.924532537734,33408.81097439401,38933.241398053906,33142.1433447392,38580.077402281015,32878.168113083084,38231.49116587786,32616.980167502985,37887.68780582844,32358.770049348244,37549.1152349692,32103.904192547103,37216.67792932212,31853.08991297553,36892.19737941613,31607.72587799245,36579.4273155904,31370.67439823787,36286.370966451264,31148.029697971815,36030.77079392012,30953.326897522515,35853.61316848624,30817.957489271164
215,1.083923923923924,42418.406477492776,35694.02892212814,42204.51820283621,35536.99675824455,41898.71128689301,35312.7680619896,41552.91262165895,35059.14052583524,41190.14627098101,34792.72930076787,40821.04524610445,34521.16854236418,40450.72615537562,34248.1277892816,40081.760157725024,33975.4577051031,39715.509295849035,33704.14740759333,39352.758869087476,33434.774341403245,38994.04570220006,33167.73561985858,38639.872987432034,32903.39608287677,38290.29883742847,32641.85053312069,37945.52845912214,32383.289618170173,37606.01060875218,32128.080150468417,37272.65189739793,31876.93030498925,36947.278478347405,31631.240547702695,36633.65401900116,31393.87693471031,36339.80318103972,31170.941652855716,36083.51586913517,30975.98729370662,35905.88681593787,30840.44510627425
216,1.088918918918919,42489.79294760617,35723.37004125738,42275.25546983488,35566.11020716639,41968.51785869832,35341.554517744655,41621.66902608893,35087.55688257875,41257.806349269165,34820.75797512774,40887.59693199195,34548.80395166643,40516.17367524631,34275.37019136844,40146.11574211146,34002.31030290627,39778.78924444363,33730.61495602136,39414.981699890595,33460.862480313255,39055.23140137953,33193.450593082205,38700.04302163215,32928.74471868712,38349.474160717145,32666.83957339799,38003.73011530159,32407.92591123369,37663.26048988516,32152.370924882365,37328.974044056915,31900.88365276502,37002.70162430004,31654.866368946274,36688.21690139057,31417.18889519282,36393.56611539616,31193.961424493325,36136.58693894713,30998.754116001786,35958.483214062355,30863.038195132598
217,1.093913913913914,42561.63398444875,35752.85498636964,42346.44275190657,35595.366182455684,42038.76793544102,35370.48163593502,41690.86161063118,35116.11179753727,41325.89498179645,34848.92300993979,40954.56948063326,34576.57349841268,40582.03441100222,34302.744515298524,40210.87699282576,34029.29263040039,39842.46743294857,33757.2100735905,39477.595480763935,33487.07606386403,39116.80090595926,33219.2889254406,38760.5898707702,32954.21467007468,38409.019458095456,32691.947926658115,38062.295054118484,32432.67955585757,37720.86711648549,32176.777132344585,37385.64656682841,31924.950562359434,37058.468975448886,31678.603937595934,36743.11808322754,31440.610865800616,36447.6618548554,31217.089589911982,36189.98605822005,31021.62793356148,36011.40439676115,30885.737319589476
218,1.098908908908909,42633.932467123646,35782.484538352575,42418.082898711815,35624.76545755607,42109.464324782864,35399.55017935375,41760.49313581534,35144.80602151286,41394.41488012454,34877.22514351269,41021.965554273316,34604.4779082998,40648.31097590558,34330.2514742184,40276.04647479976,34056.405388329236,39906.54637876892,33783.933448831536,39540.60268246518,33513.4157685852,39178.75664097579,33245.25128168832,38821.51591513908,32979.80659025974,38468.93706605874,32717.17623482106,38121.22556921365,32457.5511828956,37778.83274031056,32201.299392885336,37442.671676638834,31949.131643244764,37114.582703129985,31702.453852882856,36798.35969791586,31464.143435952425,36502.09249747588,31240.326729391323,36243.71529435812,31044.60931874704,36064.65241034932,30908.543046565475
219,1.103903903903904,42706.69129211074,35812.259482466674,42490.178777112276,35654.30881024218,42180.60985133669,35428.76091506521,41830.566378842144,35173.64030951195,41463.368772195456,34905.66511828974,41089.78783124509,34632.51791108897,40715.00599901622,34357.891785269,40341.62676847637,34083.64928136185,39971.02861453908,33810.78577413248,39604.005790704665,33539.882274796815,39241.10104614699,33271.33833030468,38882.82354944724,33005.52113612304,38529.22933525777,32742.525143404277,38180.5239681286,32482.541426737323,37837.159626769244,32225.93833001024,37500.05159782289,31973.42750830963,37171.044991851675,31726.416717397347,36853.94389180525,31487.787198371232,36556.86015405076,31263.673426464084,36297.77672731661,31067.69884712838,36118.22931356637,30931.455946159193
220,1.108898898898899,42779.91337328195,35842.180608346585,42562.73327118592,35683.99702262105,42252.20735668152,35458.11461440651,41901.08413359833,35202.61542074668,41532.75940234655,34934.243680850166,41158.03900598426,34660.69424060697,40782.12212520618,34385.66616958693,40407.620469824105,34111.02501809391,40035.916688137084,33837.7677457399,39667.807306159535,33566.476266610596,39303.8365758861,33297.55074349512,38944.515182832765,33031.35896820716,38589.89863051257,32767.995301524003,38240.19257231914,32507.650925309354,37895.850054935465,32250.694570701537,37557.78856813711,31997.83877386033,37227.858039308056,31750.49313709018,36909.87282420473,31511.542749085547,36611.96694812105,31287.130267917284,36352.17244961492,31090.897097485296,36172.13717758929,30954.47659164847
221,1.113893893893894,42853.601641919246,35872.24871000316,42635.74928224497,35713.83088113411,42324.25969938042,35487.6120529895,41972.049210674275,35231.7321186368,41602.58953132804,34962.9615819111,41226.72178904659,34689.0076347482,40849.66201517689,34413.57535230644,40474.03019035403,34138.53331104954,40101.21316270143,33864.880063760815,39732.00974449043,33593.198431931865,39366.96569931822,33323.88919719302,39006.59323887966,33057.32075071832,38650.94733082856,32793.587361897116,38300.23371717143,32532.880320077158,37954.90631756399,32275.568745419918,37615.8848387755,32022.366059622673,37285.02405639446,31774.683721274305,36966.1486673978,31535.410687431195,36667.415015990686,31310.697843794023,36406.904566351506,31114.204651809207,36226.37808604735,30977.60555949219
222,1.118888888888889,42927.7590467355,35902.46458582608,42709.22972885654,35743.811176559844,42396.76975500087,35517.254010703306,42043.46443738428,35260.99117081236,41672.86193632279,34991.819576330185,41295.838907127545,34717.45883547714,40917.62834547864,34441.620062561895,40540.85855713904,34166.17487668393,40166.920616650175,33892.12343216522,39796.61563636032,33620.049462461946,39430.49090029899,33350.354371062145,39069.060155636165,33083.40715152876,38712.37782941472,32819.30198084345,38360.64975201993,32558.230256047405,38014.33072110818,32300.561488106825,37674.342674387015,32047.009988744172,37342.5452672247,31798.989082627133,37022.77360665965,31559.3916160535,36723.20650674351,31334.376747395654,36461.97519522073,31137.62209530527,36280.954135038795,31000.843429332326
223,1.123883883883884,43002.388553897574,35932.82903858714,42783.1775468657,35773.938704017004,42469.74041613755,35547.04127171772,42115.33265778907,35290.39334911685,41743.57941096875,35020.81842310866,41365.39310308443,34746.048588831494,40986.02380853238,34469.8010334909,40608.108212835396,34193.950435386236,40233.04164370209,33919.49855878901,39861.62752745548,33647.030053701186,39494.41467743519,33376.94694849952,39131.91838563538,33109.61884217966,38774.19253370385,32845.13981828869,38421.44304016733,32583.701381770807,38074.125585739734,32325.673436187255,37733.16435309512,32071.771187796854,37400.42390915035,31823.40983719329,37079.74984027609,31583.486140909965,36779.34358226203,31358.16757528442,36517.3864665313,31161.150016395037,36335.86743314928,31024.19078399661
224,1.128878878878879,43077.493147052155,35963.34287544417,42857.595689420945,35804.214262968504,42543.17459243768,35576.97462448677,42187.65673272064,35319.93942961095,41814.744765383584,35049.95888539517,41435.387135960686,34774.77764492585,41054.851112653676,34498.11900223781,40675.78181570633,34221.86071148322,40299.57885290008,33947.006155337505,39927.04797850852,33674.140904952386,39558.73954410762,33403.66761663894,39195.17039591753,33135.9564978845,38836.393865374645,32871.101537767645,38482.61595890641,32609.294349345357,38134.2932453702,32350.905230572953,37792.35216651889,32096.650286780416,37458.662232781644,31847.946604387682,37137.079579564255,31607.694871273397,36835.82841724785,31382.07092728655,36573.14052322662,31184.789006719486,36391.12010147184,31047.648209501505
225,1.1338738738738738,43153.07582735366,35994.00690794533,42932.487127002,35834.63865722566,42617.0752106284,35607.054861753226,42260.43953980956,35349.63019257683,41886.360826191325,35079.24173048981,41505.8237810122,34803.646757955794,41124.11298207868,34526.574709957895,40743.88203964777,34249.90643324329,40366.534868636445,33974.6469373894,39992.87956532333,33701.382719324676,39623.46802849556,33430.51706635471,39258.81866805431,33162.420797532846,38898.98426037562,32897.187806428105,38544.17089954361,32635.009814420053,38194.836047674245,32376.25751566607,37851.90841979609,32121.64791912585,37517.2625020102,31872.600006999088,37194.765048894915,31632.018419735414,36892.663199243696,31406.087406495695,36629.23952090643,31208.539661142415,36446.71427362854,31071.216295055627
226,1.1388688688688688,43229.13961349438,36024.82195203416,43007.85484744966,35865.21269495325,42691.44521454627,35637.28278055332,42333.68397351393,35379.466422522804,41958.43043655112,35108.66772984896,41576.705829735685,34832.6566862026,41193.812156992135,34555.16890182195,40812.411574215796,34278.08833288098,40433.912330680025,34002.42162440132,40059.124878801835,33728.75620373793,39688.602673603236,33457.49599226607,39322.86569817488,33189.01242369463,38961.96616895078,32923.39929503494,38606.11026742434,32660.848436199067,38255.75635411454,32401.730939363304,37911.8354316077,32146.76472169948,37576.22699403313,31897.370671194163,37252.80848571639,31656.45740221033,36949.850128656944,31430.2176192768,36685.685627850165,31232.402577754307,36502.65209579352,31094.895633063523
227,1.1438638638638639,43305.68754173665,36055.78882805493,43083.701855997664,35895.93718867482,42766.28756516886,35667.65918222217,42407.39294515055,35409.448908188766,42030.956456187894,35138.23765909039,41648.03608989887,34861.80819203833,41263.95139355713,34583.90232702123,40881.37312465604,34306.407146561876,40501.71389420515,34030.330939712556,40125.786524972485,33756.26206892766,39754.146037287865,33484.605092741906,39387.31399699351,33215.73206262486,39025.342055666835,32949.73667797476,38668.43648195976,32686.810877446256,38317.05653996828,32427.326153060334,37972.13553420394,32172.001334807308,37635.5579993788,31922.25922652171,37311.212140579846,31681.012437939462,37007.391418784624,31454.462175270324,36742.48102504161,31256.37835787641,36558.935726717515,31118.68681912977
228,1.1488588588588589,43382.72266594706,36086.90836075866,43160.03117530671,35926.81295527857,42841.6052406481,35698.184872399506,42481.569382927926,35439.57844255178,42103.94176142492,35167.95229799895,41719.81738557252,34891.10204193136,41334.53346394664,34612.77573877298,40950.7694119348,34334.86361440812,40569.94222982227,34058.3756105505,40192.86712502051,33783.901029450135,39820.10069228933,33511.84506990591,39452.16608983884,33242.580404268636,39089.11439944207,32976.200633260865,38731.15197665529,32712.897804490065,38378.738994355095,32453.043811656644,38032.81107343185,32197.35840219985,37695.25782193401,31947.266305917474,37369.978277166076,31705.684149495763,37065.289295839844,31478.821687396787,36799.62790619499,31280.46760606533,36615.56733775367,31142.59045206344
229,1.1538538538538539,43460.24805763246,36118.18137930943,43236.8458455,35957.84081602369,42917.40123634569,35728.86066103597,42556.21623198101,35469.85582283226,42177.38924521809,35197.81243053266,41792.052557164294,34920.539006452396,41405.561156376774,34641.78989432636,41020.60317277172,34363.458480504094,40638.600023610095,34086.5563680363,40260.369315319505,33811.67380368807,39886.46922626156,33539.21662964211,39517.424516684725,33269.55814226668,39153.28569357669,33002.791842538696,38794.259199140346,32739.109887228882,38440.806120266534,32478.884573560765,38093.86440876434,32222.83657107727,37755.32877897246,31972.39254570909,37429.1091723136,31730.47316278879,37123.54599897951,31503.296771861693,36857.12847778228,31304.670930117838,36672.54911288463,31166.60713388295
230,1.1588488488488489,43538.266805977764,36149.60871729129,43314.14892420082,35989.02159654716,42993.678564870024,35759.687362399774,42631.33645440771,35500.28185050066,42251.30181719172,35227.81884482915,41864.74446145396,34950.11986028085,41477.03727514163,34670.94555496866,41090.8771596741,34392.192492902686,40707.68997714947,34114.87394719098,40328.2957474648,33839.58111385661,39953.25424180517,33566.7204816008,39583.09183218242,33296.665973961055,39217.85844578444,33029.510991091534,38857.76061119973,32765.447799136644,38503.26033459676,32504.84910069582,38155.29791333034,32248.436492094774,37815.773201184624,31997.63858562154,37488.607116048,31755.380107070017,37182.16378033318,31527.888048160774,36914.98495906184,31328.988941076033,36729.88324875093,31190.737469821157
231,1.1638438438438439,43616.78201788543,36181.191212715436,43391.94348657164,36020.35612687093,43070.44025611481,35790.66579508386,42706.9330293069,35530.85733128438,42325.6824036762,35257.9723332126,41937.89597163052,34979.84538221164,41548.964640649596,34700.24348603208,41161.59414097269,34421.066403631856,40777.21480755859,34143.32908694194,40396.6490883081,33867.62368600972,40020.458356501586,33594.357339204806,39649.17060569416,33323.904600401445,39282.83517822579,33056.35876784654,38921.65868880601,32791.91221726879,38566.104068174594,32530.938058505453,38217.11397394645,32274.158819368542,37876.59343270875,32023.00506878286,37548.474411612624,31780.405614938438,37241.14490503334,31552.596139085523,36973.19958210818,31353.42225323285,36787.571954680425,31214.982068330766
232,1.1688388388388389,43695.796818016606,36212.92970802796,43470.23262535489,36051.845241409515,43147.689357299285,35821.796782013356,42783.00895281811,35561.58307517517,42400.53394774687,35288.27369220102,42011.509977330395,35009.71635516233,41621.34608946126,34729.68445690069,41232.75690085886,34450.080968701586,40847.17724752955,34171.922530129705,40465.43201999348,33895.8022500469,40088.08420294854,33622.12791965607,39715.66342132811,33351.27472635161,39348.21842754222,33083.33586538118,38985.955922153466,32818.50382226865,38629.339765796874,32557.152115959972,38279.31499114964,32300.00421048171,37937.791831163166,32048.492641730143,37608.71337550023,31805.55032234651,37300.49165124661,31577.42167072904,37031.77459184282,31377.971484137768,36845.61745271895,31239.341541090034
233,1.1738338338338339,43775.31434883378,36244.82505011783,43549.019450915184,36083.48977897798,43225.428933010044,35853.081150453414,42859.56723816268,35592.45989643693,42475.85940926466,35318.72372251383,42085.58938467741,35039.73356618069,41694.18447432852,34759.269241017915,41304.36823942324,34479.23694811114,40917.580045366354,34200.6550235152,40534.647239994825,33924.11753972024,40156.13442879683,33650.03294394266,39782.57287797446,33378.77706029622,39414.01074489186,33110.44297993002,39050.65481569304,32845.22329837394,38692.96988626278,32583.491945562913,38341.90337923116,32325.973326490843,37999.37076767967,32074.101954415833,37669.32633748595,31830.81486860638,37360.20631020622,31602.365272492112,37090.712246066294,31402.63725460288,36904.02197766195,31263.816503008788
234,1.178828828828829,43855.33777064494,36276.878090325416,43628.307091283044,36115.2905828003,43303.662065243996,35884.51973201756,42936.61091568612,35623.48861361377,42551.661764917764,35349.323229079884,42160.13711632393,35069.89780645252,41767.48266423505,34788.99861589417,41376.430972695554,34508.535105856674,40988.42596502412,34229.52731778717,40604.297461154325,33952.57029264181,40224.61169678827,33678.073136845975,39849.90158934289,33406.412314448025,39480.214695986186,33137.680811391656,39115.75788816852,32872.0713334238,38756.99690240956,32609.958223357808,38404.881566271666,32352.06683193263,38061.33262693797,32099.833660214324,37730.31564066116,31856.199896396345,37420.29118624536,31627.427577089653,37150.01481549115,31427.420188709195,36962.78777708725,31288.40757223463
235,1.183823823823824,43935.87026164904,36309.08968445117,43708.098692200074,36147.248500518035,43382.39185345307,35916.11336267619,43014.14303290208,35654.670049538574,42627.94400826491,35380.07302104589,42235.156111493365,35100.20987130991,41841.24354443828,34818.873363115024,41448.94793268571,34537.97620993923,41059.71778614954,34258.54016757003,40674.38541172227,33981.1612502913,40293.51868479478,33706.24922694833,39917.652184000945,33434.18120475527,39546.83286112795,33165.050063336115,39181.267672653856,32899.048618865956,38821.42330114918,32636.551628935274,38468.25199417719,32378.28539483082,38123.67980720116,32125.688415928864,37791.68364146846,31881.706051767604,37480.74859683171,31652.609220557322,37209.684583775874,31452.3209138132,37021.91711138863,31313.115370159492
236,1.188818818818819,44016.91501798297,36341.46069276486,43788.39741716535,36179.364384199405,43461.62141458992,35947.86288276555,43092.16665453745,35686.00503134169,42704.70914977978,35410.97391178494,42310.64932602377,35130.670560239705,41915.47001651215,34848.894268349606,41521.9219674261,34567.56103237293,41131.45830412245,34287.69433143194,40744.91383539805,34009.89115802404,40362.85808585879,33734.561946640824,39985.82730541373,33462.08445090941,39613.86783525014,33192.551443012366,39247.18671659144,32926.15584976411,38886.25158350594,32663.272845440413,38532.017118716285,32404.6296867035,38186.41472035234,32151.66688179858,37853.432709737615,31907.333984151308,37541.58087260273,31677.910842258458,37269.723847559864,31477.34006055369,37081.41225381048,31337.94052142636
237,1.193813813813814,44098.47525376963,36373.99198001493,43869.206447483106,36211.6390903487,43541.35388315501,35979.769136996925,43170.684862578695,35717.494390460095,42781.96021689652,35442.02671890554,42386.61973241288,35161.28067689236,41990.16499839145,34879.06212135916,41595.35594101503,34597.29034919351,41203.650330098535,34316.990571893264,40815.8854913721,34038.76076507931,40432.632608234395,33763.01203213138,40054.42961198455,33490.122776353135,39681.32222795587,33220.18566135625,39313.51758183138,32953.39372480585,38951.484264655206,32690.122559580388,38596.179409558055,32431.100382570563,38249.53979193191,32177.76972150593,37915.56522872239,31933.0843463658,37602.79035740203,31703.33308489122,37330.13491649923,31502.47826285881,37141.275490483225,31362.883653936253
238,1.198808808808809,44180.55420116748,36406.68441543834,43950.52898231175,36244.07347991586,43621.59241124487,36011.8329744663,43249.70075631941,35749.13896264681,42859.70025405668,35473.23226426088,42463.07031986398,35192.04102909099,42065.331424416996,34909.377716006114,41669.25273366126,34627.16494046717,41276.296691053176,34346.42965543514,40887.303154368994,34067.77082458871,40502.844975429805,33791.600223453235,40123.46177709652,33518.29690828862,39749.19866355947,33247.953432998576,39380.2628446719,32980.76294631047,39017.12387396305,32717.10146163228,38660.74135031119,32457.698160961463,38313.05746117605,32203.997602184332,37978.08359513832,31958.957794624057,37664.379408316534,31728.87659449597,37390.92011330347,31527.73615795334,37201.50912045973,31387.945398855474
239,1.203803803803804,44263.15511042088,36439.53887277067,44032.368238713905,36276.66841830653,43702.34016860164,36044.05524866408,43329.21745240898,35780.939587980545,42937.93232275702,35504.591373958334,42540.00409433314,35222.95242884088,42140.97224538197,34939.84185026328,41743.61524172954,34657.18559029968,41349.40022982621,34376.012352508566,40959.16961469147,34096.92209358516,40573.497926250646,33820.327264473555,40192.92648915513,33546.60757768603,39817.49978112832,33275.8554762735,39447.425095900486,33008.26422023731,39083.172955026814,32744.210245451213,38725.70543856374,32484.423703923138,38376.9701810559,32230.351194425926,38040.990219201274,31984.95498854148,37726.35039571451,31754.542020462875,37452.08177377305,31553.114386366196,37262.11545575237,31413.126390622998
240,1.208798798798799,44346.28124991199,36472.556230256385,44114.72745170759,36309.42477539237,43783.600342663405,36076.436817485366,43409.23808490234,35812.89711087578,43016.659501598406,35536.10487836935,42617.424078577234,35254.01569233906,42217.09042857923,34970.45532622337,41818.446377787135,34687.353086845695,41422.96380516768,34405.739437543474,41031.48767826545,34126.21533301181,40644.59421484419,33849.193902902334,40262.82645163192,33575.05551929225,39886.228234525646,33303.892513227154,39515.00694083599,33035.8982561942,39149.634065716455,32771.44960847863,38791.07418592395,32511.277697028272,38441.2804183176,32256.83117228969,38104.28752466697,32011.076591143796,37788.705703284366,31780.330015539723,37513.62224683756,31578.613591938174,37323.09682137107,31438.427266958155
241,1.213793793793794,44429.93590621347,36505.73737065963,44197.60987431861,36342.34342552154,43865.37613861592,36108.9785432403,43489.76580531078,35845.012380092965,43095.884886335836,35567.773612139514,42695.33331220316,35285.23163998428,42293.68895784969,35001.21895010877,41893.74907065141,34717.66822231839,41496.9902917846,34435.611688958285,41104.26016668599,34155.6513077314,40716.13661074457,33878.20089030154,40333.16438310881,33603.64147163989,39955.386692454274,33332.06526962647,39583.01099937164,33063.66576744613,39216.50977821685,32798.820251750934,38856.850118061804,32538.260829383646,38505.99065352322,32283.43821330973,38167.977948871114,32037.323268875203,37851.44772807431,31806.241235839923,37575.54389459497,31604.234421829813,37384.45555536193,31463.848668868468
242,1.218788788788789,44514.12238414233,36539.08318127509,44281.018777633704,36375.425247529594,43947.67077944509,36141.68129266474,43570.803782653624,35877.28624874901,43175.61158992937,35599.59841419889,42773.734851717905,35316.601096387174,42370.770833631585,35032.13353228157,41969.52626543816,34748.13179299928,41571.48258038854,34465.62988916949,41177.48991726412,34185.23078653574,40788.12789891883,33907.34898209451,40403.943017323305,33632.36617705652,40024.97783850109,33360.37447496827,39651.43990601876,33091.567470924194,39283.802679070795,32826.32287990821,38923.03577475125,32565.37379363889,38571.103381092355,32310.172998503716,38232.06394277043,32063.695691606757,37914.57888053266,31832.27634085078,37637.84909235129,31629.977526529565,37446.19400884667,31489.391240657642
243,1.223783783783784,44598.844006814754,36572.59455393913,44364.95745085497,36408.67112475052,44030.487505990575,36174.54593693117,43652.35520351102,35909.71957432818,43255.842742595996,35631.58012777267,42852.63177057954,35348.124890380685,42448.33907301048,35063.199887253824,42045.78092361106,34778.74459924834,41646.443577744154,34495.79482460166,41251.1797830745,34214.9545421555,40860.57087981373,33936.638937575495,40475.16510321473,33661.230381674104,40095.00437118235,33388.82086248847,39720.29630995125,33119.604087234715,39351.515369222834,32853.95820120318,38989.63370991344,32592.617285995115,38636.621109344545,32337.03621238162,38296.5479709843,32090.194532644848,37978.10158454895,31858.435993441915,37700.54022866111,31655.843559862053,37508.31454606275,31515.055629933853
244,1.228778778778779,44684.10411570185,36606.27238504133,44449.42920135505,36442.08194502808,44113.82957700021,36207.57335165999,43734.42327207755,35942.3132186929,43336.58149186235,35663.71960039196,42932.02715924915,35379.803855030754,42526.396709770466,35094.41883369797,42122.5160230317,34809.5074455143,41721.876206718465,34526.107285697515,41325.33263300386,34244.82335127014,40933.46836940348,33966.07151991948,40546.83340497098,33690.23483543861,40165.46900398974,33417.40516917163,39789.582875051135,33147.77634066853,39419.65046406383,32881.72692751041,39056.6464916604,32619.99200621407,38702.546360542336,32364.02854295455,38361.43251183721,32116.820468740014,38042.01827749564,31884.72085987381,37763.61970536884,31681.833178996578,37570.819544404156,31540.842487618127
245,1.233773773773774,44769.906070686346,36640.117575536126,44534.43735473334,36475.65860072738,44197.70026918548,36240.764416930804,43817.01121021681,35975.068048095214,43417.83100261839,35696.01768390482,43011.924125243495,35411.638827647155,42604.94679444596,35125.791194457604,42199.734558010605,34840.421140345126,41797.78340633102,34556.56806692829,41399.95135180035,34274.837994518144,41006.82319923817,33995.6474961922,40618.950702076174,33719.38029211987,40236.374465437315,33446.12813576061,39859.30227995434,33176.08495921059,39488.21059347622,32909.629774335655,39124.07670233964,32647.49865762729,38768.88167093505,32391.150681743857,38426.720057401835,32143.574180095846,38106.331410270504,31911.13160980663,37827.08993765045,31707.94704445581,37633.71139446285,31566.752467952923
246,1.2387687687687687,44856.253250120266,36674.131030954704,44619.985254872976,36509.401988746686,44282.10287727771,36274.12001729414,43900.12225751672,36007.98493318812,43499.59445717187,35728.47523448763,43092.32579318868,35443.63064979464,42683.992394374334,35157.31779655832,42277.439539359024,34871.48649639882,41874.16813180469,34587.17796680432,41475.03884012354,34304.99925650733,41080.63821649294,34025.36763736033,40691.51978935905,33748.66750932163,40307.723499108906,33474.99050676645,39929.457218097625,33204.53067454958,39557.19840187999,32937.667460825396,39191.926938579345,32675.137947145577,38835.629590803306,32418.40332379032,38492.413113542745,32170.456350378012,38171.04344733976,31937.66891630919,37890.95335405604,31734.18582012458,37696.99250007081,31592.786228510908
247,1.2437637637637637,44943.14905088325,36708.31366141718,44706.07626399866,36543.31301052945,44367.04071408515,36307.64104178332,43983.75967134576,36041.06474903728,43581.87505530359,35761.09311265652,43173.23530487441,35475.780167304176,42763.536593749355,35188.99947121891,42355.63399444141,34902.704330454304,41951.0333546174,34617.93778788575,41550.598014595154,34335.30792582549,41154.916284017825,34055.23271830192,40764.54347704194,33778.097248491744,40379.5188637064,33503.99303047838,40000.05039776585,33233.11422208787,39626.61654827927,32965.84070977659,39260.199811334205,32702.910585268444,38902.79268450404,32445.787167663584,38558.51419996076,32197.467666723598,38236.15686678171,31964.333455868025,37955.21239655284,31760.550173258904,37760.665278342654,31618.944430203817
248,1.2487587587587587,45030.5968884419,36742.666381644965,44792.713762735446,36577.39257207657,44452.51711055088,36341.328383926484,44067.92672690986,36074.30837513297,43664.67601432344,35793.87218327905,43254.65581930917,35508.088230284535,42843.58249367532,35220.83705386262,42434.32096722879,34934.075463422625,42028.38206255441,34648.84833679353,41626.63180785053,34365.7647950511,41229.660280388474,34085.24351781688,40838.02459079059,33807.670274932585,40451.76333309865,33533.13645897413,40071.08454214015,33261.83634095151,39696.46770630956,32994.150247646554,39328.89794593181,32730.817286093938,38970.37353051621,32473.302915471744,38625.02585023788,32224.608819750483,38301.67416033097,31991.125908396694,38019.869520568864,31787.040774495126,37824.73215971892,31645.227737291585
249,1.2537537537537538,45118.60019690977,36777.190110973315,44879.90115016819,36611.641583958786,44538.535415811355,36375.182941758925,44152.62671731023,36107.71669540207,43748.000569127194,35826.81331558622,43336.590512775954,35540.555693133974,42924.13321222204,35252.83138412867,42513.50351835258,34965.60072035816,42106.21725976142,34679.910424220485,41703.143168590745,34396.37066076428,41304.87309995724,34115.40081863788,40911.965971764446,33837.387357811655,40524.45969637094,33562.42154813029,40142.56238934654,33290.69777400052,39766.754564285664,33022.596804563036,39398.023982119776,32758.858767328493,39038.37472148707,32500.951272871065,38691.950611882894,32251.88050356694,38367.59783342331,32018.046957245242,38084.927195037184,31813.658297859212,37889.195588009854,31671.63681739152
250,1.2587487487487488,45207.16242910823,36811.88577336408,44967.64184390173,36646.060961329385,44625.098997255955,36409.20561783555,44237.86295360182,36141.29059822045,43831.851972253986,35859.91738318447,43419.04257888888,35573.18341455204,43005.19188448035,35284.983305884,42593.18472515926,34997.28093047021,42184.541966798206,34711.12486494268,41780.1350616355,34427.126323557924,41380.557652905176,34145.70540744121,40986.37047666773,33867.249270172295,40597.610757875176,33591.84905763289,40214.486692505314,33319.69926783929,39837.479825250135,33051.18111433444,39467.580574113425,32787.035750297044,39106.79886427905,32528.732949075864,38759.291046377395,32279.283415781363,38433.9304052411,32045.09728920978,38150.38790244061,31840.40342077627,37954.05802043974,31698.172341487698
251,1.2637437437437438,45296.287056628025,36846.7542974187,45055.93928012187,36680.65162393705,44712.21124058701,36443.39731924356,44323.63876485239,36175.030976425376,43916.23349394454,35893.18526406795,43502.0152286504,35605.97225755181,43086.76166261832,35317.293667235106,42673.367681765696,35029.116927134615,42263.35922069299,34742.49247783084,41857.610467976374,34458.032588049,41456.71686529455,34176.15807485787,41061.240977801026,33897.25678894466,40671.2193372806,33621.41975098812,40286.86021978081,33348.84157282715,39908.646207022284,33079.90391446017,39537.570390643996,32815.34895995314,39175.64858001719,32556.648656868612,38827.04972922249,32306.818257512157,38500.67440875916,32072.2775945422,38216.25413885708,31867.27682408011,38019.321927691744,31724.83498394049
252,1.2687387387387388,45385.97756989146,36881.79661639139,45144.79691365706,36715.41449613887,44799.87554988059,36477.758957615304,44409.95749820249,36208.938727328255,44001.148422200036,35926.617840631036,43585.51169050912,35638.923089472024,43168.84571593825,35349.763320540085,42754.05549911501,35061.10954790567,42342.67207499744,34774.01408586208,41935.57238483104,34489.09026288997,41533.35367912183,34206.75961548486,41136.58036311349,33927.41069495673,40745.28826962514,33651.134395533234,40359.685754431935,33378.12544308899,39980.25644224784,33108.76594614125,39607.99611500731,32843.799124889374,39244.92650413706,32584.69911261004,38895.22924998594,32334.485733397756,38567.83239079119,32099.588566960047,38282.52841400537,31894.279192022954,38084.9897939532,31751.62542249615
253,1.2737337337337338,45476.23747821546,36917.01366820247,45234.21821804072,36750.35050691356,44888.09534764805,36512.291449141325,44496.822518925896,36243.01475272743,44086.600062841615,35960.21599968095,43669.53521041842,35672.03678198956,43251.4472309341,35382.393122420865,42835.25130503316,35093.25963452806,42422.483599842184,34805.69051613164,42014.023825697725,34520.30016078043,41610.471052371504,34237.51082789654,41212.391536255636,33957.711772945586,40819.82040536727,33680.99376244762,40432.96609486311,33407.551636526194,40052.313278448964,33137.76795429086,39678.86044511316,32872.38697734786,39314.63528643322,32612.88503624953,38963.83221234983,32362.286551606805,38635.40691203682,32127.030903656563,38349.21325129141,31921.41121228537,38151.06411696159,31778.544338296684
254,1.2787287287287288,45567.07030987514,36952.40639545183,45324.206685574194,36785.46058987486,44976.87407489808,36546.995714583536,44584.237210490755,36277.259958921146,44172.59173957046,35993.98063245055,43754.08905189543,35705.314211131976,43334.569411349665,35415.183933775574,42916.95824428607,35125.568032949086,42502.79688199298,34837.52259986489,42092.96782041046,34551.66309847884,41688.07195907028,34268.41251465628,41288.67741663262,33988.16081156873,40894.81861043839,33710.99862676392,40506.704054675836,33437.120914827596,40124.819478075005,33166.91068754534,39750.166093535074,32901.11325323087,39384.77759110824,32641.207151335566,39032.86123415875,32390.221423848445,38703.40054712889,32154.605305310793,38416.311187855055,31948.673575986253,38217.54740805077,31805.59241588969
255,1.2837237237237238,45658.47961216809,36987.97574543274,45414.765827390496,36820.74568328516,45066.2151911995,36581.872679288696,44672.20497462136,36311.6752567208,44259.12679402867,36027.91263461128,43839.17649608092,35738.75625729032,43418.21547823725,35448.1366197911,42999.17947863723,35158.03559333099,42583.61502490744,34869.51117242943,42172.40741519479,34583.17989681449,41766.15938934184,34299.46548232814,41365.440939458116,34018.758603415656,40970.28576629583,33741.14976737938,40580.90246272065,33466.83404348069,40197.77781855362,33196.19489827494,39821.9157875606,32929.97869211166,39455.35609682208,32669.66618502631,39102.318947468426,32418.291065382728,38771.81588468142,32182.312476097864,38483.82477461733,31976.06697769295,38284.44219219773,31832.77034323842
256,1.2887187187187188,45750.46895147921,37023.72267014562,45505.89917351851,36856.20673006912,45156.12217474466,36616.92327320185,44760.729231360616,36346.26156146426,44346.20858586052,36062.012906286276,43924.8008417995,35772.36380523199,43502.388670016946,35481.252049955736,43081.91818690618,35190.6631700634,42664.94114879233,34901.65707334739,42252.34567272417,34614.851380699554,41844.73634946218,34330.670541488755,41442.685055808695,34049.50594501951,41046.22476997616,33771.44796706739,40655.56416314977,33496.69179178284,40271.191092342444,33225.62134259508,39894.11226924207,32958.98403724532,39526.37349674207,32698.26286810037,39172.20799859487,32446.496195031217,38840.65552733794,32210.15312369941,38551.75657632811,32003.592115431526,38351.751008069856,31860.078811731943
257,1.2937137137137138,45843.041913346286,37059.64812631207,45597.61027294782,36891.844677827634,45246.59852241331,36652.148430880094,44849.81341913282,36381.0197930293,44433.84049277433,36096.28235206372,44010.965405620496,35806.13774411384,43587.09224253643,35514.53109807204,43165.177565027065,35223.45162177597,42746.778390661224,34933.9611463078,42332.7856721766,34646.67837914123,41923.80586191547,34362.028506739254,41520.412732678655,34080.40363686887,41122.638534149286,33801.89401248897,40730.69201547006,33526.69493285268,40345.06210698109,33255.1907803775,39966.75829544789,32988.13003557981,39597.832498593256,32726.997934967614,39242.531048163895,32474.837535187606,38909.92209182025,32238.127959314035,38620.10917161418,32031.24969069712,38419.47640807252,31887.518516195407
258,1.2987087087087088,45936.20210252599,37095.75307538912,45689.902693694195,36927.66047885188,45337.6477498372,36687.54909150642,44939.46099480735,36415.950875847375,44522.02591060506,36130.72188101018,44097.67352191937,35840.07896749533,43672.32946913139,35547.97464226986,43248.96082610807,35256.40181135113,42829.129904392954,34966.424239179185,42413.730509291985,34678.661725254184,42003.370965450296,34393.54019671751,41598.62695303542,34111.45248341967,41199.52998717273,33832.48869420457,40806.28889459645,33556.844243641746,40419.39368514389,33284.90397526158,40039.85663791417,33017.41743776713,39669.735824709256,32755.872123680172,39313.29077116111,32503.31581182854,38979.61820897769,32266.237697667948,38688.88515302781,32059.040408464483,38487.620958397216,31915.09015490046
259,1.3037037037037038,46029.9531430606,37132.038483583485,45782.78002286553,36963.65509013753,45429.273391465125,36723.12619890374,45029.67543376255,36451.05573891729,44610.768253377144,36165.33240668423,44184.928542939575,35874.188373351826,43758.10364068633,35581.58356501938,43333.271200491225,35289.51460593702,42911.99886079028,34999.04720402219,42495.18329643,34710.80225627291,42083.434715136544,34425.20643411031,41677.33071587533,34142.653293107265,41276.902073146615,33863.23280668594,40882.35769090603,33587.14050494599,40494.18866469282,33314.76169466582,40113.410083296825,33046.84699817459,39742.086212083515,32784.886175943495,39384.489856982334,32531.931754524576,39049.74652383669,32294.483057025805,38758.087127095714,32086.964977198517,38556.18723906996,31942.794429575704
260,1.3086986986986988,46124.29867834517,37168.50532186613,45876.245866728495,36999.82947339901,45521.47900062854,36758.88070154898,45120.460229950404,36486.335315819146,44700.07095336808,36200.114847150166,44272.733838855085,35908.46686408823,43844.41806569593,35615.35875314444,43418.11193581269,35322.79087696053,42995.38844763928,35031.83089710247,42577.14716262829,34743.10081356443,42164.000182422584,34457.02804566575,41756.52703627996,34174.00687835863,41354.757751968835,33894.127148328036,40958.901310292196,33617.58450141768,40569.44989873091,33344.764709799456,40187.42143322418,33076.41947489619,39814.88641242086,32814.04083712757,39456.13100948447,32560.68609645115,39120.30969565087,32322.864759201453,38827.71771436835,32115.024108865033,38625.17784400017,31970.632045417362
261,1.3136936936936938,46219.24237119526,37205.15456598682,45970.30385077554,37036.18459508408,45614.26814960776,36794.81355258744,45211.81889596166,36521.7905447285,44789.93746117246,36235.07012499177,44361.09279783335,35942.91534655249,43931.276070326945,35649.30109783591,43503.48629706365,35356.23150014041,43079.30186976902,35064.77617890359,42659.62525366113,34775.55824264095,42245.070455193025,34489.005862205835,41836.218945472814,34205.514055604624,41433.09999939099,33925.172521461194,41035.92267421966,33648.17702157722,40645.18025565624,33374.913795674074,40261.893504349944,33106.13562976412,39888.139192189774,32843.33685627828,39528.21694703667,32589.579574399748,39191.31039795147,32351.38352956895,38897.77954946971,32143.218518941547,38694.595381029954,31998.603711099957
262,1.3186886886886888,46314.78790391519,37241.987196488924,46064.95761979246,37072.72142638846,45707.64442969851,36830.925709847164,45303.75496309135,36557.422368430474,44880.37124576647,36270.199167326406,44450.008826098645,35977.53473204934,44018.680998480566,35683.41149466517,43589.3975666515,35389.837355500626,43163.742349111875,35097.88391414009,42742.620732098665,34808.17539317276,42326.64863782685,34521.140718639,41916.40949087648,34237.17564529245,41511.93180707443,33956.36973236327,41113.424719779585,33678.918857825185,40721.38261921612,33405.20973111551,40336.829128406534,33135.99622836043,39961.84733267477,32872.77498612875,39600.75040257199,32618.612928789105,39262.7513185981,32380.04009707363,38968.27528114735,32171.5489264282,38764.44247198367,32026.71013878713
263,1.3236836836836838,46410.938978366874,37279.00419872435,46160.210837926585,37109.440943270536,45801.61145127921,36867.21813585358,45396.27198140499,36593.2317343342,44971.3757945729,36305.50290581905,44539.48534799593,36012.32593635425,44106.636211855126,35717.690843597775,43675.84904446157,35423.60932738369,43248.71312476406,35131.154971770666,42826.13677736658,34840.953119001104,42408.73785125607,34553.4334539729,41997.101736170254,34268.992471898135,41591.256182646895,33987.71959127202,41191.41039974523,33709.81080645446,40798.05988856185,33435.65329877576,40412.231152258886,33166.002040028696,40036.0136300292,32902.35598311096,39673.73412363936,32647.786903676584,39334.635159829966,32408.835194243275,39039.20757232291,32200.016053858784,38834.72175271795,32054.952044142545
264,1.3286786786786788,46507.69931603904,37316.20656286854,46256.06718875532,37146.34412646635,45896.17284387852,36903.69179784419,45489.373519805034,36629.21959448717,45062.9546135266,36340.982276696544,44629.52580605531,36047.28987972735,44195.145090009515,35752.14004900729,43762.84404791929,35457.54830446427,43334.21745304678,35164.59022501151,42910.17658580603,34873.892278151405,42491.34123302466,34585.88491132734,42078.29876134811,34300.96536393926,41671.07614975962,34019.22291239752,41269.88268262799,33740.85366766246,40875.21497830376,33466.24528514494,40488.102437958536,33196.15383788584,40110.640895328565,32932.0806073673,39747.17087245597,32677.102246769635,39406.96463831742,32437.769557199386,39110.57910014297,32228.62062731191,38905.43587317207,32083.330146340944
265,1.3336736736736738,46605.07265811694,37353.59528393565,46352.53037535519,37183.43196150452,45991.33225624339,36940.34766778327,45583.063166097985,36665.38690558991,45155.11122714035,36376.63822076195,44720.13366105678,36082.42748692759,44284.21103042664,35786.76001968904,43850.3859120528,35491.65517976281,43420.258607567754,35198.19055134969,42994.74337073421,34906.993732846364,42574.461937347965,34618.495937947104,42160.003662777126,34333.09515398766,41751.3947481445,34050.8805139347,41348.84455273377,33772.04824556339,40952.85081856662,33496.986480563435,40564.445862798144,33226.452398834066,40185.73195462409,32961.94962276235,39821.06342595994,32706.55970943726,39479.742485213836,32466.843925668523,39182.392556030165,32257.363376422134,38976.58749741855,32111.845168079253
266,1.3386686686686688,46703.06276555262,37391.171361793844,46449.60412037144,37220.70543872144,46087.09335640778,36977.18672237695,45677.34452706185,36701.73462901069,45247.84917857124,36412.47168340906,44811.31239209542,36117.73968722696,44373.8374485777,35821.55166887421,43938.47798955598,35525.93085065932,43506.839879283136,35231.956832556745,43079.84036250512,34940.25834951927,42658.103135172576,34651.267385215164,42242.21955325621,34365.382678682254,41832.21503367211,34082.69321807601,41428.29901021987,33803.39534820075,41030.970355045574,33527.87767923416,40641.26431936645,33256.898503572906,40261.2896489967,32991.96379689469,39895.41457586346,32736.160046721758,39552.9714462079,32496.059042993802,39254.65064573478,32286.24503439133,39048.17930371422,32140.49783558772
267,1.3436636636636636,46801.67341913558,37428.93580118073,46547.29216608796,37258.16555327654,46183.45983176149,37014.209943088186,45772.221228514,36738.2637308003,45341.1720296875,36448.483614636905,44903.06549664709,36153.227414424844,44464.02777798671,35856.51591424388,44027.1236508518,35560.376218907186,43593.96457655979,35265.88995470222,43165.47080857082,34973.686998827405,42742.268014236506,34684.200108665784,42324.94956207527,34397.82877874208,41913.540078409715,34114.66185102409,41508.24907115202,33834.89578755992,41109.576549062214,33558.919679234874,40718.5607156034,33287.49293661136,40337.31683461132,33022.12390110883,39970.22712870621,32765.904017350378,39626.65428157613,32525.415656146462,39327.35608938657,32315.26633800003,39120.21398455158,32169.288878641302
268,1.3486586586586586,46900.90841956393,37466.889611718856,46645.598274497686,37295.81330516771,46280.435389119746,37051.41831615203,45867.696915379616,36774.9751817071,45435.08336113571,36484.67496906457,44995.396490634506,36188.89160686249,44554.78547029536,35891.65367794333,44116.32628415622,35594.99219064721,43681.636025238106,35299.99080816752,43251.637973543155,35007.28055566562,42826.95977912976,34717.294967997885,42408.19683507485,34430.43429897931,41995.37297067983,34146.78724300471,41588.697767562015,33866.550379580694,41188.672377621195,33590.11328253059,40796.337974855844,33318.23648628002,40413.8163827715,33052.43071050721,40045.503905909085,32795.792383747204,39700.79376623585,32554.914515737455,39400.51162154694,32344.428027618975,39192.69424671046,32198.219030570966
269,1.3536536536536536,47000.77158751588,37505.03380793139,46744.52622737359,37333.64969924675,46378.023754793016,37088.81283259085,45963.77525176039,36811.86995719194,45529.58677240839,36521.04670594588,45088.30890849369,36224.733207437595,44646.11399532843,35926.96588659635,44206.08929554232,35629.77967642167,43769.85756869505,35334.260287659694,43338.34513925568,35041.03989917985,42912.18165135528,34750.552827088344,42491.96453470593,34463.20008831245,42077.716815119136,34179.07022827976,41669.64814750551,33898.35994417003,41268.26083346711,33621.459294986096,40874.5990359333,33349.12994474347,40490.791179974454,33082.88500396232,40121.247743828244,32825.82591204503,39775.392689798435,32584.556376029253,39474.119991261425,32373.730847220642,39265.62281130999,32227.289028275187
270,1.3586486486486486,47101.266763721804,37543.36940925793,46844.07982633982,37371.675745235065,46476.2286746573,37126.39448822977,46060.4599210037,36848.94903744347,45624.685881911995,36557.59978918449,45181.80630324087,36260.75316361889,44738.01684115944,35962.453471319575,44296.416109004975,35664.73959118851,43858.632567907596,35368.699292225414,43425.59560482615,35074.96591278098,42997.936869390294,34783.97455400556,42576.255840090256,34496.12699977955,42160.5747327376,34211.511645160084,41751.10327512025,33930.32530521484,41348.34492514166,33652.958526378534,40953.34685316437,33380.17410801266,40568.24412796632,33113.48756412891,40197.46149380956,32856.00537209735,39850.453856622764,32614.341994947565,39548.18396211258,32403.175544390964,39339.00241386098,32256.49961223148
271,1.3636436436436437,47202.39780903654,37581.89744007031,46944.262892943494,37409.8924577393,46575.05391422479,37164.16428371218,46157.754625772264,36886.213407393305,45720.38432703542,36594.33518734873,45275.89224653974,36296.95242746105,44830.49751417685,35998.11736773714,44387.31016652581,35699.87285433567,43947.96440151671,35403.30872526499,43513.39268671915,35109.0594841585,43084.22868874794,34817.561021022964,42661.073947080884,34529.215890551604,42243.94986097817,34244.11233601879,41833.06623068464,33962.44729059504,41428.92767704125,33684.611790410134,41032.584396453254,33411.36977595739,40646.1781437978,33144.239177456235,40274.14802224342,32886.33153749047,39925.9800858692,32644.272134093324,39622.706312272974,32432.76287034098,39412.8358043184,32285.851526508075
272,1.3686386386386387,47304.16860451234,37620.61892968861,47045.079268726746,37448.30085626721,46674.50325871504,37202.123224515366,46255.66308811398,36923.664056731504,45816.685764218746,36631.253873686925,45370.5703287691,36333.331955619535,44923.5595391505,36033.95851599525,44478.77492813847,35735.1803896954,44037.85646589139,35438.08949454656,43601.73971880927,35143.321505294465,43171.0603820393,34851.313104632725,42746.42206832316,34562.467621945965,42327.845353776574,34276.87314730441,41915.54011067659,33994.72673219637,41510.01212947482,33716.419904721,41112.31465133663,33442.717752318866,40724.59615988014,33175.140634200485,40351.31021061945,32916.80518555567,40001.97421155368,32674.347558754656,39697.68983455874,32462.49357991874,39487.12574713436,32315.34551877555
273,1.3736336336336337,47406.58305147193,37659.53491239727,47146.53281529922,37486.90196524366,46774.58051312639,37240.27232096622,46354.18904953244,36961.301979921984,45913.59386902251,36668.356826142466,45465.84415909081,36369.892709365544,45017.20645929839,36069.9778607769,44570.81387199439,35770.663125558814,44128.31217519339,35473.042512220294,43690.640052444534,35177.75287247755,43258.43523903573,34885.231685559556,42832.30343331603,34595.88305943988,42412.26438162163,34309.794929554184,41998.528027832785,34027.16446592364,41591.601338722176,33748.38369090195,41192.54061904084,33474.21884472239,40803.50112404133,33206.19272843717,40428.950955582164,32947.427097381464,40078.439082602184,32704.569037918907,39773.137336483116,32492.36843162117,39561.87502131125,32344.98234031869
274,1.3786286286286287,47509.64507158223,37698.64642746129,47248.62741441105,37525.696814026625,46875.289502307955,37278.6125882571,46453.336271057546,36999.128176218124,46011.112336197126,36705.645027369246,45561.717365518285,36406.63565460104,45111.44183635396,36106.176351316746,44663.430494428794,35806.32199469041,44219.334961442015,35508.168694832755,43780.09705651019,35212.3544863171,43346.35656673161,34919.31764877449,42918.721288473615,34629.463072684164,42497.210131615786,34342.87853740752,42082.03311120814,34059.76133171372,41673.69837709233,33780.503974507476,41273.265316539444,33505.873864690024,40882.89599958268,33237.396258073655,40507.07316898652,32978.198057825895,40155.37756290553,32734.937344284815,39849.05164031062,32522.388187606022,39637.08642045521,32374.762746048305
275,1.3836236236236237,47613.358606928334,37737.95451914253,47351.366968026035,37564.68643692332,46976.63407103164,37317.14504646172,46553.10853331665,37037.14364967847,46109.24487975295,36743.11946474704,45658.19359498508,36443.56176187409,45206.26925063362,36142.55494141605,44756.62831002714,35842.15793434275,44310.928274579426,35543.46896334131,43870.11411749283,35247.127251757294,43434.8276894073,34953.57188350891,43005.678897187165,34663.20853551683,42582.685807535934,34376.124829619424,42166.05850623565,34092.51817354895,41756.30633298234,33812.78158506876,41354.49177661102,33537.683627653496,40962.783765335545,33268.75202486178,40585.679777953665,33009.11885552895,40232.79253137433,32765.453254274726,39925.43558311119,32552.55361370401,39712.762752829934,32404.687494513233
276,1.3886186186186187,47717.72762008781,37777.46023671607,47454.75539839529,37603.8718732065,47078.618084064976,37355.87072055119,46653.509636606046,37075.349409182505,46207.99523303043,36780.78113039708,45755.27651341413,36480.67200639397,45301.69230110467,36179.1145894576,44850.41085169177,35878.17188627131,44403.09558253618,35578.94424312863,43960.69463954482,35282.07207809145,43523.851948692485,34987.99528326846,43093.17953988722,34697.120325976925,42668.69462989463,34409.534669074055,42250.607374786436,34125.43583947044,41839.42831093649,33845.21735610684,41436.22304789724,33569.64895296703,41043.167415718686,33300.260834410576,40664.773724927276,33040.19028292512,40310.6868819944,32796.11754804689,40002.29201681479,32582.865479430857,39788.90684141058,32434.757347912273
277,1.3936136136136137,47822.756094205506,37817.16463448676,47558.79664813123,37643.25416713075,47181.24542624395,37394.790640410145,46754.54340096272,37113.74646844648,46307.36714877086,36818.63102119761,45852.96980578705,36517.96736804663,45397.7146054535,36215.856258420856,44944.781670708995,35914.3647967492,44495.84037129717,35614.59546401732,44051.84204454909,35317.18987897633,43613.43270362983,35022.58874584727,43181.226514106325,34731.1993263184,42755.239836001565,34443.10892279835,42335.68289523035,34158.51518159143,41923.06743170559,33877.81212514575,41518.462194961336,33601.77066392037,41124.04996079549,33331.92349619899,40744.35796772996,33071.41313625582,40389.06352388227,32826.93100950779,40079.62380826619,32613.324557999516,39865.52152393811,32464.97307210631
278,1.3986086086086087,47928.4480330686,37857.06877180581,47663.49468028202,37682.83436794893,47284.52000254638,37433.90584085297,46856.21366623664,37152.33584603947,46407.364399187274,36856.67013879964,45951.27717621389,36555.44883141009,45494.339800154165,36252.78091589717,45039.74433681652,35950.73761658219,44589.166144967734,35650.42356028456,44143.559772184206,35352.48157244661,43703.57333073894,35057.35317334212,43269.82313454174,34765.44642302404,42842.3246800254,34476.84846197582,42421.28826249657,34191.75705611084,42007.22683230676,33910.56673372581,41601.21229834671,33634.049587751804,41205.43442633173,33363.74082358872,40824.43547962004,33102.78821558211,40467.92538134109,32857.89442632462,40157.43383928008,32643.931626332458,39942.609652973864,32495.33543663048
279,1.4036036036036037,48034.80746118209,37897.17371308745,47768.85347840627,37722.61352992879,47388.44573816567,37473.21736164011,46958.52429216311,37191.11856539938,46507.99077603568,36894.89948964273,46050.20234800333,36593.117385769976,45591.571540537254,36289.88953410504,45135.30243827111,35987.29130112366,44683.07642584035,35686.4294706769,44235.85127998971,35387.948080929404,43794.277224080644,35092.28947216663,43358.97273311869,34799.86250681958,42929.95243305575,34510.754161960336,42507.42668813466,34225.16232332684,42091.90966608338,33943.48202741701,41684.476454635864,33666.48655566131,41287.323853853486,33395.71363383715,40905.00924934853,33134.31632479744,40547.2753939167,32889.0085899378,40235.72500669641,32674.687465074036,40020.17409595438,32525.845214706398
280,1.4085985985985987,48141.83842384459,37937.48052782574,47874.87704664806,37762.59271236946,47493.02657858469,37512.72624749444,47061.47915843571,37230.09565484909,46609.25009068682,36933.32008497089,46149.74906373309,36630.97402513514,45689.4135008592,36327.18308990543,45231.45958191659,36024.026810289724,44777.57475446136,35722.6141384251,44328.72004343191,35423.59033125886,43885.54779532154,35127.39855306577,43448.67865905377,34834.448472687734,43018.12638316561,34544.82690228993,42594.101400375825,34258.73184765042,42177.11910276527,33976.558855832336,41768.2577765097,33699.08240282369,41369.72130070545,33427.84274811034,40986.08228121646,33165.99827164027,40627.11651645407,32920.27429557354,40314.50022243602,32705.592858602846,40098.21773524635,32556.50318325444
281,1.4135935935935937,48249.54498722445,37977.99029061143,47981.56940981232,37802.77297961821,47598.26648965022,37552.433548117755,47165.08216477945,37269.26814761263,46711.14617419812,36971.93294084848,46249.92108532054,36669.019748253406,45787.86937437166,36364.66256481732,45328.21939325225,36060.94510857449,44872.66468969823,35758.978511259105,44422.16955596977,35459.40925469082,43977.38847379877,35162.68133113012,43538.94427891869,34869.20521988237,43106.84983547393,34579.06756670083,42681.31564419453,34292.466497619214,42262.85832852926,34009.798072641315,41852.55939280697,33731.83796840195,41452.629840109425,33460.12899149601,41067.6575951324,33197.83486770709,40707.45171915391,32951.69234225647,40393.76241355642,32736.64859504422,40176.74346820203,32587.310122906092
282,1.4185885885885887,48357.93123843631,38018.70408114891,48088.93461344069,37843.15540108736,47704.1694576476,37592.34031820735,47269.33723102432,37308.63708183163,46813.682877385894,37010.73907817637,46350.72219409391,36707.25555862734,45886.94287339147,36402.328945033114,45425.58551650136,36098.04716506522,44968.349808806895,35795.52354142295,44516.203329121265,35495.40578691757,44069.802706585324,35198.13872581051,43629.77297670432,34904.13365194286,43196.12611220862,34613.477043141414,42769.072681370344,34326.36714591121,42349.13054606002,34043.20053558363,41937.38444858405,33764.75409556053,41536.05256122303,33492.573193016724,41149.73822667023,33229.82692846521,40788.283987629584,32983.26353282243,40473.514522307996,32767.85546628279,40255.7542072148,32618.266818016396
283,1.4235835835835837,48467.001285617844,38059.62298427331,48196.97672388746,37883.74105127101,47810.73948937575,37632.447617472724,47374.248297179074,37348.203500581636,46916.864070898024,37049.73952270801,46452.15619086358,36745.68246453007,45986.637729370705,36440.18322143429,45523.561614680235,36135.33395345772,45064.63370749955,35832.25018568995,44610.82489252992,35531.5808680827,44162.79395855533,35233.77166093257,43721.168153884966,34939.234676708365,43285.95855276974,34648.05622378636,42857.375790549995,34360.43466935867,42435.93897461109,34076.76710648264,42022.73610517501,33797.83163147874,41619.992569198694,33525.1761856431,41232.32722712719,33261.97527326583,40869.616322964255,33014.988673931104,40553.75950619025,32799.21426797505,40335.25287977487,32649.374056676388
284,1.4285785785785787,48576.759258006954,38100.74808996754,48305.69982839612,37924.53100976211,47917.98061222257,37672.75651065226,47479.819323505435,37387.96845188861,47020.69364528679,37088.93530506571,46554.22689599374,36784.30147902134,46086.95769296716,36478.22638960711,45622.15136966738,36172.80645207172,45161.52000001267,35869.15940537778,44706.03779403172,35567.93544279602,44256.36571244983,35269.58106471131,43813.13322948298,34974.50920633226,43376.35051379293,34682.80600505085,42946.228267309794,34394.66994896199,42523.286850066164,34110.498651259186,42108.617540251806,33831.07142736425,41704.45298524308,33557.93880630694,41315.427663582246,33294.280725356955,40951.451741768244,33046.868576079054,40634.500338008496,32830.72579956208,40415.24242852546,32680.632630725722
285,1.4335735735735737,48687.20930601931,38142.08049337962,48415.10803517594,37965.52636126948,48025.89687424047,37713.26806753009,47586.05429059239,37427.9329887455,47125.17551108222,37128.32746075681,46656.9381494744,36823.113619963464,46187.906534115085,36516.45944985838,45721.35848227299,36210.46564386648,45259.012319175396,35906.25216636376,44801.845599722204,35604.47046014849,44350.52146894274,35305.56786976596,43905.67164013356,35009.958157296605,43467.30536921317,34717.72728760467,43035.63342421834,34429.0738699038,42611.177425000744,34144.39603994526,42195.03194788491,33864.47433846666,41789.43694667638,33590.86189591472,41399.04261895455,33326.74411189664,41033.79327623663,33078.90405361246,40715.74000593066,32862.390864282286,40495.725811319004,32712.0433357653
286,1.4385685685685687,48798.35560132598,38183.6212948399,48525.20547347903,38006.72819563498,48134.492344222395,37753.98336295297,47692.95719943111,37468.09816912888,47230.31359886543,37167.91703019022,46760.29381099364,36862.1199100374,46289.48804209625,36554.883407231246,45821.18667230887,36248.31251645625,45357.114316478,35943.52943910015,44898.251894023866,35641.18687372731,44445.264746707115,35341.73301313469,43998.78684014991,35045.58245042669,43558.82651032879,34752.82097638669,43125.59459089933,34463.64732156295,42699.613968743884,34178.46014669795,42281.98253860403,33898.041224091045,41874.947606992275,33623.94629936085,41483.17519206228,33359.366263966054,41116.64397420725,33111.09592474017,40797.481513544306,32894.21026918417,40576.706001273655,32743.606971169833
287,1.4435635635635637,48910.20233693172,38225.37159987844,48635.99629367779,38048.137607850666,48243.771111778085,37794.903476847285,47800.53207149001,37508.46505601571,47336.11185934258,37207.70505869275,46864.297760010195,36901.32137675903,46391.70602561118,36593.499271521134,45921.63967865837,36286.348062125966,45455.82966214087,35980.99219862957,44995.2602797539,35678.085641631,44540.59908248169,35378.07743628949,44092.4823015886,35081.38301090568,43650.91734586571,34788.08798061916,43216.1151140948,34498.39119752871,42788.599767440326,34212.691849813265,42369.472539459195,33931.77294761171,41960.988135917854,33657.19286554113,41567.828497681636,33392.148016582796,41200.00689921866,33143.44501154678,40879.72787991395,32926.18482513918,40658.18598683004,32775.324340100735
288,1.4485585585585585,49022.75372725331,38267.33251924257,48747.48466734246,38089.75569807613,48353.73728741067,37836.02949423611,47908.78294878999,37549.0347174001,47442.57426341897,37247.69259652573,46968.953895826264,36940.71905249536,46494.56431285082,36632.30805729172,46022.721259346916,36324.573277846954,45555.162045183686,36018.64142460039,45092.87437819209,35715.16772648467,44636.52803113762,35414.60208515119,44186.76151431524,35117.36076828927,43743.58130204197,34823.52921382209,43307.19835772851,34533.30639561496,42878.138124112906,34247.09203174014,42457.505194081954,33965.67037648582,42047.56171947388,33690.60244736639,41653.00566660612,33425.090208714144,41283.88513056853,33175.95214000564,40962.48213963864,32958.315346854666,40740.16877180823,32807.196249518776
289,1.4535535535535535,49136.01400819827,38309.5051689143,48859.67478731914,38131.58357165593,48464.395002593534,37877.36250525637,48017.71389398023,37589.80822631022,47549.70480227334,37287.88069890157,47074.266137660714,36980.313974480865,46598.066751568425,36671.31078389098,46124.435191612494,36362.989165292696,45655.11517349474,36056.478101282286,45191.09782914919,35752.43409545525,44733.0551657456,35451.307910104355,44281.627986070445,35153.51665652053,43836.821822632504,34859.14559382789,43398.84770296957,34568.39381787441,42968.23235872498,34281.661579094434,42546.08376274695,33999.7343822673,42134.671560035255,33724.175901775925,41738.709845705984,33458.19368329044,41368.28176337224,33208.61813999205,41045.74734290965,32990.60265288679,40822.65737546494,32839.22351019704
290,1.4585485485485485,49249.98743724396,38351.890670128065,48972.57086780803,38173.62233913691,48575.748409847496,37918.90360517605,48127.328990414055,37630.78666082519,47657.507487432675,37328.27042600043,47180.23842472239,37020.10718483388,46702.21720915162,36710.508475467395,46226.785271976696,36401.59673085475,45755.692773900686,36094.503217581834,45289.934291035206,35789.8857202668,44830.18407764315,35488.195866012415,44377.08524253577,35189.851613944586,43930.642369034176,34894.938042795846,43491.06654829648,34603.65437061295,43058.88580824333,34316.401382673015,42635.211522433696,34033.96584062064,42222.320876391794,33757.91408975116,41824.94419798804,33491.45928721851,41453.199908621595,33241.44384529651,41129.5265555685,33023.04756565367,40905.65483255096,32871.40693673379
291,1.4635435435435435,49364.67829351682,38394.49014938834,49086.177144441936,38215.87311628588,48687.8016828182,37960.65389441146,48237.63234222522,37671.97110409222,47765.98635084713,37368.86284298701,47286.874716283935,37060.09973057311,46807.01957269504,36749.90216098607,46329.77531631586,36440.39698565864,45856.898592236575,36132.71776705818,45389.38744092831,35827.52357721589,44927.91837650218,35525.26691223281,44473.13682740039,35226.3665833236,44025.046420331026,34930.907487226796,43583.85830956108,34639.08896440409,43150.10182670127,34351.31233746801,42724.89176688851,34068.365631334826,42310.51290380912,33791.81787632943,41911.711902655596,33524.88787139511,41538.64269324392,33274.43009363788,41213.82285916509,33055.65091144838,40989.164193368735,32903.74734756546
292,1.4685385385385386,49480.090877872026,38437.304738487415,49200.49787436526,38258.337024107124,48800.559016353945,38002.614478544616,48348.62807440439,37713.36264434359,47875.14544496525,37409.65902002734,47394.17899175569,37100.29266363412,46912.477749072816,36789.49287424505,46433.40915993249,36479.39094557988,45958.736393415944,36171.122747938745,45489.46097464372,35865.34864718713,45026.2616903968,35562.5220126322,44569.78630242752,35263.06251185171,44120.03747335975,34967.05485797781,43677.226420053084,34674.69851410335,43241.88378526185,34386.395342680895,42815.12780668682,34102.9346383373,42399.25089408991,33825.888130617575,41999.01615516854,33558.48029072043,41624.613260161226,33307.5777266768,41298.63935101624,33088.413520452115,41073.18852383025,32936.24556497964
293,1.4735335335335336,49596.229512973456,38480.33557452329,49315.53733631304,38301.01518886012,48914.02462658373,38044.78646834072,48460.32033287601,37754.96237491392,47984.98884280962,37450.66003230573,47502.15525075996,37140.68704088607,47018.59566501165,36829.281653891645,46537.69065762703,36518.579631259985,46061.2099615014,36209.719163135036,45590.15860680318,35903.361915668655,45125.21766587141,35599.9621356017,44667.037247521446,35299.940351170044,44215.619042775535,35003.381090276984,43771.174330564725,34710.48393886285,43334.23507228144,34421.65130173688,42905.9229692955,34137.673749708054,42488.538115635216,33860.12572580589,42086.860167303785,33592.23740411178,41711.11476834971,33340.887590029095,41383.97914426418,33121.336226747415,41157.730905515105,32968.90241512821
294,1.4785285285285286,49713.09854337385,38523.58379991758,49431.29983069035,38343.908742077285,49028.20275099547,38087.17097976565,48572.71328457527,37796.7713942574,48095.52063805249,37491.86696004168,47610.80751320556,37181.283924148236,47125.37726716406,36869.26954343883,46642.62368376978,36557.96406812267,46164.32309977532,36248.50802025851,45691.48407090429,35941.564372767716,45224.78996800903,35637.588254072216,44764.89326079471,35337.00105738178,44311.794661118016,35039.88712373827,43865.70550945555,34746.44616214583,43427.15909337343,34457.081122299154,42997.280599135636,34172.58385769371,42578.37785350614,33894.53153918194,42175.24716721593,33626.16007451718,41798.15039289942,33374.36053327913,41469.8453679355,33154.41986833145,41242.79443572877,33001.71872804045
295,1.4835235235235236,49830.702335595386,38567.05056243352,49547.78967965209,38387.0188205818,49143.09764851477,38129.769134003545,48685.81111752563,37838.790805965014,48206.74494509197,37533.28088850695,47720.13981936253,37222.08438020688,47232.826522181844,36909.45759128171,46748.21213237318,36597.54528638998,46268.0796308108,36287.49033163648,45793.4411193903,35979.957013226405,45324.98228049983,35675.40134552988,44863.35795863536,35374.245591067265,44408.56787887749,35076.57390237631,43960.823442717505,34782.58611174131,43520.65927147233,34492.68571628334,43089.20405764541,34207.665858721644,42668.77340948573,33929.10645214446,42264.18039949807,33660.249168929055,41885.72332507417,33407.997409993404,41556.2411670002,33187.66528712933,41328.38222756109,33034.695337636236
296,1.4885185185185186,49949.04527821034,38610.737015193976,49665.011227182964,38430.34656650549,49258.71359958363,38172.58205747443,48799.618040916306,37881.02171878205,48318.66589912833,37574.902908042655,47830.15622993723,37263.08948083201,47340.94741678986,36949.846850714115,46854.45991716431,36637.324321098626,46372.48339654292,36326.667114328164,45896.03352372016,36018.54083643727,45425.798305709985,35713.402392031494,44962.43497577468,35411.67491729927,44505.9422645614,35113.44237462143,44056.53163404035,34818.90471977876,43614.73904689788,34528.46599987191,43181.69672334318,34242.92065341423,42759.72810214092,33963.85135021741,42353.66312524286,33694.505558398014,41973.836772371615,33441.799077733995,41643.169702430896,33221.073329007406,41414.497409944925,33067.83308173928
297,1.4935135135135136,50068.13178192222,38654.644316699625,49782.96883917768,38473.893127306845,49375.05490623964,38215.61088185194,48914.138285180255,37923.46524662546,48431.28765624063,37616.73411407639,47940.86082614763,37304.300302794356,47449.74395786004,36990.438379945124,46961.37097165758,36677.30221211625,46477.538258340246,36366.03939014064,45999.26507443873,36057.316846459216,45527.24176475065,35751.59238022001,45062.127965355045,35449.290005658215,44603.921404761044,35150.4934933346,44152.83360487715,34855.4029227429,43709.401877419514,34564.42289352869,43274.761991890955,34278.349146603134,42851.24526688501,33998.76712306396,42443.69862210378,33728.930118046694,42062.49395858352,33475.76639807225,41730.63415126234,33254.644843786744,41501.14312771516,33101.132802090426
298,1.4985085085085086,50187.96627964705,38698.77363084719,49901.66690352158,38517.65965578899,49492.125892195465,38258.85674408119,49029.37610207232,37966.12250860146,48544.61439346359,37658.775607139556,48052.25770979889,37345.71792788224,47559.22017248569,37031.23324211581,47068.94924922773,36717.48000415786,46583.24809707659,36405.608185645055,46103.13958124733,36096.28605203321,45629.31639754735,35789.97230134014,45162.44059899796,35487.09183024748,44702.508904218455,35187.72821582254,44249.73289451009,34892.0816614885,43804.65123832112,34600.55732201348,43368.40327615786,34313.95224734358,42943.32825604,34033.85466450056,42534.290184356636,33763.52372708355,42151.698123856324,33509.90023660241,41818.63770665111,33288.380685256605,41588.32254166767,33134.595344361005
299,1.5035035035035036,50308.55322659506,38743.12612694769,50021.10983017145,38561.647310117856,49609.93090291852,38302.32078639657,49145.33576474767,38008.99462902306,48658.650308864715,37701.028492884616,48164.35100335921,37387.34344291858,47669.38010805596,37072.232505315966,47177.19872318311,36757.85874680224,46689.61681320296,36445.37453219274,46207.660873074456,36135.44946659832,45732.025962909356,35828.54315125398,45263.37656687241,35525.08136970882,44801.70838589362,35225.14750385285,44347.23306011644,34928.94188125521,43900.49062246576,34636.870214396695,43462.62400628392,34349.730868928775,43035.98043889937,34069.1148725112,42625.44112296115,33798.28726881684,42241.45252475192,33544.20146295529,41907.18357793552,33322.281711187956,41676.03882861873,33168.221558166224
300,1.5084984984984986,50429.897100352544,38787.70297974475,50141.30205123653,38605.85725384023,49728.47430571087,38346.004156339666,49262.02156784044,38052.0827374277,48773.39962162165,37743.49388210243,48277.144850035824,37429.17793977804,47780.22783233059,37113.437242600805,47286.12338683918,36798.43949450851,46796.64832681974,36485.33946593148,46312.83279814673,36174.80810830764,45835.37423859957,35867.30593045679,45364.93957776345,35563.25960723776,44901.52349103184,35262.752323669134,44445.33767683487,34965.98453168254,43996.9235403609,34673.3625040739,43557.427629744125,34385.68592890431,43129.20520179105,34104.548649261444,42717.154765622945,33833.22163066856,42331.760434308475,33578.67095081211,41996.2749906956,33356.348783347086,41764.295181464506,33202.01229707865
301,1.5134934934934936,50552.00240096398,38832.50536943307,50262.24802105998,38650.29065590217,49847.76048978952,38389.90800677731,49379.437827542766,38095.38796859504,48888.86657209986,37786.172890739734,48390.6434138514,37471.22251540414,47891.76743351505,37154.84853200791,47395.727253592166,36839.223306632666,46904.34657774924,36525.5040278218,46418.65922406017,36214.36300004425,45939.365021404454,35906.261644092614,45467.13335914095,35601.627530599064,45001.9578792313,35300.543646006234,44544.0503378318,35003.21056682476,44093.95352022362,34710.035128780684,43652.81761141255,34421.818349082685,43223.00594814046,34140.15690111283,42809.4344568557,33868.32770418853,42422.625142101664,33613.30957791831,42085.91518681354,33390.5827675092,41853.09480924073,33235.96841864165
302,1.5184884884884886,50674.87365101449,38877.53448167688,50383.9522163004,38694.94869066719,49967.793866366854,38434.03349591957,49497.58888168398,38138.911462564654,49005.05542193059,37829.06663991661,48504.85087972054,37513.47827182647,48004.00302033573,37196.4674565742,47506.01435699308,36880.21124744427,47012.715525608284,36565.86926365332,46525.144037851576,36254.11516943735,46044.002127204265,35945.411301970176,45569.96165722859,35640.18613214239,45103.01522851094,35338.52244610559,44643.37465436814,35040.620945166054,44191.5841080463,34746.889030607344,43748.79743362692,34458.12905555785,43317.38609853394,34175.94053863709,42902.28355804334,33903.606385068415,42514.049954305956,33648.118226097315,42176.10742453405,33424.984533472074,41942.44093718258,33270.09078438299
303,1.5234834834834836,50798.515395712515,38922.79150762849,50506.41913601375,38739.832537934664,50088.5788687314,38478.38178733794,49616.47908981004,38182.65436465398,49121.97045408891,37872.176255944105,48619.77145352675,37555.94631617796,48116.93872211546,37238.29510435278,47616.98875082192,36921.40438614306,47121.75914988125,36606.4362240612,46632.29114607025,36294.06564887842,46149.28939104347,35984.75591857874,45673.428237073145,35678.93640881778,45204.69923537851,35376.689703730524,44743.314255866215,35078.21662963549,44289.81886766227,34783.92515601388,43845.37059625311,34494.61897871978,43412.34909078229,34211.90047663054,42995.70544750258,33939.05857315589,42606.03819375612,33683.09778126452,42266.854978525116,33459.55495506983,42032.33680678487,33304.3802598284
304,1.5284784784784786,50922.93220297278,38968.2776439469,50629.65330173561,38784.9433829583,50210.11995232889,38522.954049983484,49736.11283326334,38226.61782547616,49239.61597297216,37915.50287034179,48735.40936219939,37598.627760712174,48230.57868884923,37280.33256843006,47728.65450916214,36962.803796875785,47231.48144999317,36647.20596454258,46740.1044748499,36334.21547553741,46255.23066720145,36024.29651310404,45777.53688261396,35717.8793621914,45307.01361489885,35415.04640318167,44843.87278997668,35115.99858762227,44388.661380811754,34821.1444558447,43942.540616750026,34531.2890532691,43507.898379984515,34248.037634128465,43089.703520545736,33974.68517246873,42698.59320000903,33718.24913344128,42358.16113993888,33494.29491018668,42122.78567586225,33338.83771451528
305,1.5334734734734736,51048.12866349954,39013.99409281648,50753.659257563406,38830.28241646455,50332.421594843414,38567.75145820509,49856.49451526261,38270.80300095801,49357.99630447863,37959.04761985543,48851.768853791014,37641.52372282076,48344.92709128023,37322.58094694286,47841.0157264753,37004.410558752985,47341.88644538316,36688.17954547311,46848.587969980756,36374.56569137894,46361.829829263384,36064.03410944425,45882.291396752546,35757.01599846121,45409.96210076223,35453.59353331237,44945.053922646075,35153.96779099083,44488.1152472081,34858.54788534366,44040.3110302347,34568.14021823184,43604.037438591746,34284.35293441962,43184.281189543435,34010.487091209194,42791.718329405594,33753.57317676888,42450.02921647272,33529.20528077077,42213.7908186097,33373.46402200633
306,1.5384684684684686,51174.10939087001,39059.94206196572,50878.44157023915,38875.85083467128,50455.48829627899,38612.77519176782,49977.62856098322,38315.21105235811,49477.115796086444,38002.81164647484,48968.854197554996,37684.63532505087,48459.988120976086,37365.04134309553,47954.07651767604,37046.225755865875,47452.978175578,36729.35803212358,46957.74559698191,36415.117343178725,46469.09077019137,36103.969736226005,45987.695601422536,35796.34732847274,45513.548445353284,35492.33208754428,45046.86133818415,35192.12521609614,44588.18408460415,34896.136404169054,44138.68538954749,34605.17341697416,43700.769756471476,34320.847305060735,43279.44188398798,34046.46524177821,42885.41695513286,33789.07080952256,42542.46253243047,33564.28695284809,42305.35552566327,33408.260059903354
307,1.5434634634634636,51300.879021618115,39106.122764686,51004.00482923246,38921.64983930632,50579.324579041335,38658.02643587124,50099.51941763757,38359.8431462848,49596.978816932686,38046.79609745148,49086.66968402324,37727.96369512267,48575.76599040535,37407.71486517725,48067.84101820719,37088.25047730327,47564.7607002661,36770.74249467653,47067.58134117397,36455.87148253982,46577.017402395744,36144.104426820544,46093.7533376598,35835.87436773491,45617.77641981975,35531.26306388286,45149.29873933179,35230.47184379902,44688.871528858734,34933.91097640867,44237.667265317614,34642.38959721719,43798.09884097193,34357.521677891,43375.18905055649,34082.620540789656,42979.6924672863,33824.74293412577,42635.46442878392,33599.5408165363,42397.48310416088,33443.22670986099
308,1.5484584584584586,51428.44221531852,39152.53741985052,51130.35364682361,38967.68063762619,50703.934988019886,38703.50638116793,50222.1715545559,38404.7004547145,49717.58975789283,38091.00212531657,49205.21962508428,37771.509965946956,48692.26493301412,37450.60262657923,48182.31338411519,37130.48581716858,47677.238099371505,36812.334008242964,47178.099207751824,36496.82916590911,46685.61365780669,36184.439219359825,46200.468465672755,35875.598136435976,45722.649814141696,35570.387464933025,45252.36984732886,35269.00865948151,44790.181234003605,34971.8725705949,44337.26024602876,34679.78971105177,43896.02821698654,34394.37698904678,43471.526153174425,34118.95390908486,43074.5482729324,33860.59045716417,42729.03826323448,33634.9677660588,42490.17687780344,33478.3648576006
309,1.5534534534534536,51556.803654670795,39199.187251933196,51257.492658187075,39013.944442434906,50829.32409067012,38749.21622378191,50345.589463267206,38449.78415500977,49838.953031660334,38135.430887898816,49324.50835406159,37815.27527564272,48809.48920330305,37493.705745812076,48297.49779212565,37172.93287459682,47790.41447312829,36854.13365287911,47289.30322185777,36537.99145459379,46794.88348794595,36224.97515675274,46307.84486491297,35915.519659459365,45828.17243720083,35609.70629791475,45356.078401982326,35307.73665306217,44892.11687231033,35010.02215971984,44437.46793808494,34717.37471495348,43994.561427018765,34431.4141789762,43568.45667307937,34155.46627174694,43169.987796171336,33896.61428939992,42823.18741027505,33670.56869975871,42583.44018691605,33513.67539292415
310,1.5584484484484484,51685.96804558414,39246.07349102766,51385.42652147505,39060.44247210269,50955.49647709594,38795.157165327255,50469.77765758052,38495.09542993766,49961.07307282652,38180.08354834251,49444.54022579198,37859.26076755483,48927.443076904485,37537.025346523136,48413.39843971931,37215.592753771765,47904.29394215492,36896.142513603234,47401.1974286546,36579.359414777864,46904.83086399891,36265.713286701386,46415.88643414587,35955.639966399736,45934.348116850044,35649.22057467888,45460.428161734686,35346.656819011645,44994.68213435755,35048.36072125053,44538.29396587656,34755.14556979751,44093.70203124704,34468.6341924539,43665.98410888483,34192.158558115276,43266.014478199846,33932.81534578592,42917.91526125198,33706.34452011291,42677.27638850945,33549.159209728125
311,1.5634434434434434,51815.94011726185,39293.19737286629,51514.159917901554,39107.17595058491,51082.45676013263,38841.33041292667,50594.740673666296,38540.635467688044,50083.95433796069,38224.961275125526,49565.31961670448,37903.46759027184,49046.1308506599,37580.56255751401,48530.019545208015,37258.466563943104,48018.880647529266,36938.361680412556,47513.78589339925,36620.93411753875,47015.459776886724,36306.65466171734,46524.59709152173,35995.96009157893,46041.18069998317,35688.931311722845,45565.42290373254,35385.77015636812,45097.88072909837,35086.8892371442,44639.7419718467,34793.103240873665,44193.45360758998,34506.03797859575,43764.11197664442,34229.03170180009,43362.631777374416,33969.19454548012,43013.22522442734,33742.296133746175,42771.68885634161,33584.81720601749
312,1.5684384384384384,51946.72462228647,39340.56013883937,51643.69755182653,39154.14610744104,51210.20957542964,38887.73717923022,50720.48307013816,38586.40546189203,50207.60130569048,38270.06524207746,49686.850924899256,37947.89689764377,49165.556842697566,37624.31851275805,48647.36534781098,37301.5554194436,48134.1787508634,36980.7922483001,47627.072701516365,36662.71663886396,47126.77423733884,36347.80033913801,46633.98077464687,36036.48107406217,46148.67405260495,35728.83953020646,45671.06642389538,35425.077668752914,45201.71638392793,35125.60869386357,44741.815616557615,34831.24869790149,44293.81975177169,34543.62649087368,43862.84380991605,34266.086640696965,43459.84316927445,34005.752811859835,43109.12072504133,33778.424451445346,42866.680980979574,33620.650283919764
313,1.5734334334334334,52078.32633670511,39388.163036014244,51774.044150840295,39201.354177853624,51338.759581534025,38934.37868243404,50847.00942813484,38632.40661164037,50332.01847678241,38315.39662839769,49809.13857022687,37992.54984879994,49285.72539251033,37668.29435141792,48765.44010773142,37344.86043970639,48250.192434378856,37023.435317271695,47741.06195867232,36704.70805966774,47238.77827596555,36389.1513811431,46744.04144065502,36077.20395767414,46256.83205990126,35768.94625596786,45777.36253698453,35464.5803643861,45306.19284475132,35164.5200823922,44844.51857875734,34869.58291504526,44394.80407738726,34581.40068713052,43962.1831598265,34303.32431700148,43557.6521467658,34042.491072536206,43205.60520537483,33814.730388173506,42962.25616986142,33656.65934969904
314,1.5784284284284285,52210.75006011484,39436.00731715455,51905.20446584821,39248.80140264732,51468.11145997385,38981.256146299194,50974.324351402414,38678.64012150201,50457.210374222785,38360.956618673765,49932.1869943677,38037.427608166894,49406.64086103377,37712.49121786318,48884.24810623331,37388.38274928234,48366.925900982125,37066.291992362996,47855.75779084926,36746.909465807825,47351.47594333092,36430.70885477105,46854.78306627904,36118.129791015155,46365.65862630947,35809.25251953934,45884.31507667231,35504.27925610206,45411.31387605147,35203.6243982499,44947.85455544655,34908.10687092921,44496.41021596859,34619.36152959491,44062.13359513598,34340.74567722385,43656.06222006443,34079.41025936858,43302.68212481225,33851.21486308423,43058.41784735843,33692.84531377016
315,1.5834234234234235,52344.00061574854,39484.09424073958,52037.183271155634,39296.489028308,51598.26991534199,39028.37080017043,51102.43246637661,38725.10720154267,50583.18154329865,38406.746402899465,50056.00066091163,38082.53134548639,49528.3076307244,37756.910261687975,49003.79364571825,37432.12347785734,48484.38337434022,37109.36338365664,47971.16434441955,36789.32194810223,47464.87131002585,36472.473831935575,46966.209647922544,36159.25962747746,46475.15767558901,35849.75935616341,45991.927895611465,35544.17536136532,45517.08326095739,35242.92264150812,45051.82726194565,34946.82154865264,44598.64181705032,34657.50998489626,44162.69870230314,34378.35167220367,43755.07691680025,34116.511308479,43400.35495990441,33887.87879953589,43155.16945483746,33729.20909071279
316,1.5884184184184185,52478.082850560844,39532.425070983525,52169.985364553,39344.418307001986,51729.23967538005,39075.72387899519,51231.33842226552,38771.809067343434,50709.93655167913,38452.76717649327,50180.58405543797,38127.86223583341,49650.730105638395,37801.552637728746,49124.081049802735,37476.08376026987,48602.56909895661,37152.650606299314,48087.2857862203,36831.946602346165,47578.9684667413,36514.44738944218,47078.32520173214,36200.5945252615,46585.33315089222,35890.46780580879,46100.204865504755,35584.26970228624,45623.504801312585,35282.41581680553,45156.44043196198,34985.72793580528,44701.50254823586,34695.84702407967,44263.88208554987,34416.14325712465,43854.69978208115,34153.79516026677,43498.62720443177,33924.72312510601,43252.51445072345,33765.75159928572
317,1.5934134134134135,52613.001635314366,39581.00107785498,52303.61556740134,39392.590496595265,51861.02549106268,39123.31662334254,51361.04689113254,38818.74694001946,50837.47998949697,38499.02014031671,50305.94168559556,38173.42145963425,49773.91271151029,37846.419506082064,49245.114663395565,37520.264736528305,48721.487340247244,37196.15478051894,48204.12630362804,36874.78452932886,47693.77152434183,36556.63060900483,47191.13376366951,36242.1355473922,46696.189014835174,35931.3789131864,46209.14987717468,35624.5633056368,45730.58231774364,35322.1049333635,45261.69781765731,35024.82702448247,44804.99609526383,34734.37362262105,44365.68736692675,34454.1213915294,43954.93437855714,34191.26275942298,43597.50236946766,33961.74877160558,43350.45631056214,33802.47376244099
318,1.5984084084084085,52748.76186466623,39629.82353709639,52438.07872471785,39441.00686067278,51993.6321366819,39171.15027942222,51491.56256797945,38865.92204623874,50965.81646943024,38545.506500692834,50432.07808118323,38219.21020268467,49897.8598958319,37891.51203212241,49366.89885277543,37564.66755182861,48841.14238461692,37239.87703164201,48321.69010463385,36917.83683485055,47809.2846139393,36599.02457726262,47304.63938958389,36283.88376173548,46807.72924956913,35972.493727765635,46318.76684063355,35665.057202866505,45838.31964972907,35361.99100500174,45367.603189715424,35064.11981130052,44909.126162074455,34773.090760442195,44468.11818637832,34492.28703933429,44055.784286484864,34228.9150549452,43696.983983441874,33998.95667509353,43448.998527082986,33839.37650733829
319,1.6034034034034035,52885.36845725485,39678.89373024356,52573.379705261854,39489.66866855777,52127.06440993193,39219.2260991037,51622.89017082976,38913.33561824088,51094.95062678442,38592.22746942466,50558.997794230294,38265.22965616802,50022.57612793156,37936.8313865201,49489.43800566886,37609.293356571834,48961.53853953572,37283.81849011073,48439.98141791848,36961.10462973947,47925.51188696679,36641.63038579646,47418.84615528479,36325.84024101461,46919.95785685178,36013.81330379041,46429.05968515368,35705.75243011825,45946.72065566822,35402.07505015388,45474.160337409936,35103.607297412134,45013.896470876345,34811.99942192586,44571.17820180883,34530.641168844355,44157.253103792114,34266.753000152086,43797.07559220433,34036.34777589121,43548.14461026222,33876.46076535924
320,1.6083983983983985,53022.82635578682,39728.212944645304,52709.523401620834,39538.57719533121,52261.32713199403,39267.54533993543,51755.03444081238,38960.988893855916,51224.88711957441,38639.184263813746,50686.7053990774,38311.48101667354,50148.06589905368,37982.378745259215,49612.7365313282,37654.14330638175,49082.68013361579,37327.980291500506,48559.004492927794,37004.58902986898,48042.45751525266,36684.4491311459,47533.7581566147,36368.006062826695,47032.87885811892,36055.338700295426,46540.03235933762,35746.65002824426,46055.78921295052,35442.358091883165,45581.37306867235,35143.29048852177,45119.31076221324,34851.10059593098,44674.87108914783,34569.184752768175,44259.34444614257,34304.77755269809,43897.78075908895,34073.923018596885,43647.89808738611,33913.7274721218
321,1.6133933933933935,53161.14052712415,39777.78247348307,52846.5147302969,39587.73372185122,52396.42514762171,39316.10926516391,51888.000142245364,39008.88311652329,51355.63062860717,38686.378106678814,50815.20549245757,38357.9654862147,50274.33372243825,38028.15528965555,49736.79886060999,37699.21856212264,49204.57151668832,37372.36357653726,48678.76359994836,37048.29115617454,48160.12569109494,36727.4819148259,47649.37950952226,36410.38230965927,47146.496294556164,36097.070981122415,46651.688831188854,35787.751042822114,46165.52921802482,35482.84115789823,45689.24521016023,35183.17039490115,45225.372795031224,34890.39527580789,44779.200542416314,34607.91876823296,44362.061947000795,34342.98967458826,43999.103064977644,34111.683352100285,43748.26250311435,33951.17756749465
322,1.6183883883883885,53300.31596237178,39827.60361579063,52984.35863179329,39637.1395347726,52532.36332522612,39364.91914375305,52021.79206272006,39057.01953531077,51487.18585756434,38733.81022637435,50944.50269357753,38404.6842722475,50401.38413340082,38074.16220637473,49861.629446053405,37744.52028991694,49327.21705988055,37416.96949111492,48799.26303018334,37092.212134671,48278.52062733579,36770.72984334371,47765.71435013544,36452.97006890685,47260.81422717101,36139.011214936465,46764.033088182565,35829.0565241708,46275.944586469006,35523.52528056884,45797.78060732563,35223.24803140478,45332.086346745935,34929.88445941357,44884.17027379278,34646.844196799444,44465.409257697356,34381.39033219297,44101.046108364644,34149.62972959721,43849.241419543694,33988.811995611635
323,1.6233833833833835,53440.35767696516,39877.67767647381,53123.0600707014,39686.795926566454,52669.14655696171,39413.9762504034,52156.415013185295,39105.399404933516,51619.55753308503,38781.48185680938,51074.60164419908,38451.63858768884,50529.221689412494,38120.400687450296,49987.23276195901,37790.04966116308,49450.62115569338,37461.799186312914,48920.507095828456,37136.35309646972,48397.64655743633,36814.19402821582,47882.76683483502,36495.77043288757,47375.83673686502,36181.16047524238,46877.069137336635,35870.567527366766,46387.039253059724,35564.41149694174,45906.983124483675,35263.5244174855,45439.45521330996,34969.56914912699,44989.78401367964,34685.962024477056,44569.39004749412,34419.980496262804,44203.613505420835,34187.76310860416,43950.83841627178,34026.63170488636
324,1.6283783783783785,53581.27071075835,39928.00596633039,53262.62403578769,39736.7041955398,52806.779758812045,39463.281865571604,52291.87382803198,39154.023985773114,51752.7504048491,38829.39423746626,51205.50700872094,38498.82965093504,50657.85097018041,38166.871930301844,50113.613304467646,37835.80785255339,49574.78821807872,37506.8538184137,49042.500130148335,37180.71517779588,48517.507735551495,36857.87558598489,48000.54114032828,36538.78449885992,47491.567924506264,36223.519840401095,46990.80100528277,35912.28511226007,46498.817171842384,35605.500848756485,46016.85664488131,35304.00057721013,45547.483209280486,35009.450351864405,45096.04551076967,34725.27324173894,44674.00800364971,34458.76114194347,44306.808890058346,34226.08445097305,44053.057090460985,34064.637648026655
325,1.6333733733733735,53723.06012811205,39978.589802069975,53403.055540081004,39786.865645855236,52945.26787067598,39512.837275489735,52428.173365177805,39202.894543896706,51886.769245660354,38877.54861341938,51337.22347426059,38546.25868588033,50787.276577728095,38213.57713775321,50240.77559163967,37881.79604609189,49699.72268251746,37552.13454892038,49165.24648755287,37225.299520005705,48638.10843660521,36901.77563823681,48119.04146372281,36582.01336903939,47608.01191100184,36266.09039364612,47105.23273833774,35954.21034349053,46611.28231620124,35646.794382461354,46127.40507076627,35344.67753927503,45656.174167887126,35049.52907909483,45202.9585321127,34764.778843537206,44779.26683148521,34497.733248790595,44410.63591399535,34264.59472290592,44155.901056902665,34102.83078204919
326,1.6383683683683685,53865.731017982034,40029.430506333854,53544.3596209602,39837.28158755072,53084.61585645399,39562.64377218492,52565.31850615226,39252.01235107616,52021.618851530155,38925.94623535418,51469.75575073644,38593.92692193543,50917.50313647636,38260.51751805076,50368.7241635343,37928.01542911226,49825.42900609738,37597.64254457437,49288.75054367393,37270.10726960394,48759.452956365734,36945.89531161773,48238.2720226006,36625.45815061535,47725.17283737073,36308.87322310004,47220.36840257512,35996.34429050402,46724.43867892977,35688.293149229365,46238.63232345625,35385.556337021866,45765.531941099915,35089.806346855396,45310.52686318262,34804.47982931805,44885.17025445003,34536.89780078488,44515.09824682097,34303.294894969666,44259.373948081426,34141.2120682941
327,1.6433633633633635,54009.288494007866,40080.529407715025,53686.54134024193,39887.95333655935,53224.82870413464,39612.702653498694,52703.31415618176,39301.37868480739,52157.3040417613,38974.58835958596,51603.10857095025,38641.835594046155,51048.53529332416,38307.69428488168,50497.46358228911,37974.46719429595,49951.91166759137,37643.37897737304,49413.016695442195,37315.13957826114,48881.54561152124,36990.23573785117,48358.23705509223,36669.11995576776,47843.05486481677,36351.86942179104,47336.212083896986,36038.68802756869,46838.29027230119,35729.99820497426,46350.54234340821,35426.63800845338,45875.56039969747,35130.28317576694,45418.75430794429,34844.377203037046,44991.722014187835,34576.25578634697,44620.199576060346,34342.1859421109,44363.47941423958,34179.782472439685
328,1.6483583583583585,54153.73769460171,40131.88784077826,53829.60578426861,39938.88221472921,53365.91142588148,39663.0152231067,52842.16524427524,39350.99482832952,52293.82965903198,39023.476248078965,51737.286690669745,38689.98594271206,51180.37771772987,38355.10865739237,50626.99843219988,38021.152539690105,50079.17516753584,37689.345024587514,49538.04936116427,37360.39760283122,49004.39073975552,37034.798053755185,48478.94081995143,36712.999901684154,47961.66217480181,36395.08008766958,47452.7678881058,36081.24263379131,46952.841128139204,35771.91061036652,46463.139090287965,35467.92359624916,45986.26343333537,35170.96059104943,45527.644688920955,34884.47197317439,45098.92587060286,34615.808198352555,44725.94360724002,34381.26884367081,44468.22112344182,34218.54296451708
329,1.6533533533533535,54299.08378303748,40183.50714608022,53973.558063996774,39990.06954984336,53507.86905812005,39713.58279053834,52981.8767233096,39400.86207064438,52431.20056947999,39072.611168465315,51872.29488871129,38738.37921400522,51313.0351017926,38402.76186020674,50757.33331980066,38068.07266872577,50207.22402830939,37735.541868780456,49663.85298059997,37405.882505368856,49127.99269982396,37079.58340125961,48600.387596629684,36757.09911057655,48080.99896911909,36438.50632362496,47570.039940976596,36124.00919313362,47068.09529788885,35814.03143084947,46576.426543039765,35509.4141477814,46097.644950614675,35211.83962253761,45637.20184726145,34924.765152750246,45206.78560192619,34655.55603414748,44832.33406395335,34420.544583399984,44573.60276164009,34257.494518925036
330,1.6583483483483485,54445.33194754019,40235.388670189546,54118.40331508541,40041.51667563971,53650.706661625096,39764.4066711964,53122.4535701157,39450.981706535764,52569.42166278722,39121.99439406416,52008.13796702307,38787.01665958893,51446.5121603339,38450.65512344479,50888.472873943894,38115.22879023592,50336.062794211626,37781.97069782396,49790.43201503974,37451.59545314716,49252.35587162972,37124.592927423284,48722.58168535105,36801.418709698315,48201.06946996685,36482.14923750203,47688.0323883292,36166.98879442874,47184.05685268763,35856.36173665546,46690.4086999563,35551.11071513084,46209.70887915068,35252.9213046966,45747.42964280804,34965.25775934014,45315.30500478238,34695.50029556282,44939.37468792614,34460.01414947347,44679.628032738474,34296.638114444715
331,1.6633433433433433,54592.487401375525,40287.53376570711,54264.146697984725,40093.22493183104,53794.4293216081,39815.48818637688,53263.900785564496,39501.35503658894,52708.49785226432,39171.62720390079,52144.82075076825,38835.89953673657,51580.813630979486,38498.78968274109,51020.421745880914,38162.62211847378,50465.696031542226,37828.63270491737,49917.790947382426,37497.53761867513,49377.48465630004,37169.82778445135,48845.52740718725,36845.9598313613,48321.87792002209,36526.00994211791,47806.74939610088,36210.18253139767,47300.7298834368,35898.902602821996,46805.08957874878,35593.01435510267,46322.45916564178,35294.20667663754,45858.33195416402,35005.95081509033,45424.4878942562,34735.641988930154,45047.0692390825,34499.678534505605,44786.30065865848,34335.97473425452
332,1.6683383383383383,54740.555382939696,40339.94379128625,54410.79339802519,40145.19566412516,53939.04214780496,39866.82866328876,53406.223394653316,39551.98336721014,52848.43407493565,39221.51088272584,52282.348088408544,38885.02910835046,51715.94427424136,38547.16677926332,51153.18460934251,38210.253873131005,50596.12832868013,37875.52908860524,50045.934282213144,37543.71017971541,49503.383476262796,37215.289129712626,48969.229104132886,36890.72361295286,48443.42858251451,36570.08955527878,47926.19515041897,36253.591502665746,47418.11850087281,35941.655109208,46920.47321661716,35635.12612924252,46435.89977593863,35335.69678213331,45969.91267876184,35046.84534673325,45534.33810395944,34775.98212509673,45155.42149561075,34539.53873556514,44893.624379404355,34375.50536594499
333,1.6733333333333333,54889.54115584943,40392.62011165312,54558.34862550658,40197.43022424491,54084.550274564,39918.42943507385,53549.42644659246,39602.86801064613,52989.23529162435,39271.646721034514,52420.72485178779,38934.406642980815,51851.9088736001,38595.78765973088,51286.76616061982,38258.12527935603,50727.3642961631,37922.6610527954,50174.86654588132,37590.11431930194,49630.056775323326,37260.97812575697,49093.69113918094,36935.71119695294,48565.72574130065,36614.38919979674,48046.37385767374,36297.21681177916,47536.22683563901,35984.620340510046,47036.56367032059,35677.447103852406,46550.03469511339,35377.392669634246,46082.175732931064,35087.94238560308,45644.859486098096,34816.5217194407,45264.435254029646,34579.59575419024,45001.60295312861,34415.23100153366
334,1.6783283283283283,55039.45000903222,40445.56409762708,54706.81761578747,40249.929969948476,54230.95886093397,39970.291840826736,53693.51501489189,39654.01028500385,53130.90648703776,39322.03601508592,52559.9559362159,38984.033414844685,51988.7122355872,38644.65357643354,51421.17111864541,38306.23756777233,50859.40856676727,37970.02980677692,50304.592286579056,37636.7512257577,49757.509018741315,37306.89594033277,49218.917896398365,36980.923730951276,48688.77370093834,36658.91000350661,48167.28974459156,36341.05956722159,47655.05903835741,36027.799386278755,47153.36501624803,35719.97835000682,46664.86792752915,35419.295392284,46195.125051966854,35129.242967651204,45756.05591153959,34857.26179188649,45374.11432925465,34619.85059640361,45110.24015619769,34455.15263748009
335,1.6833233233233234,55190.28725681698,40498.777126141074,54856.205629374854,40302.69626504959,54378.27309075265,40022.41722561466,53838.49419744838,39705.411514269974,53273.45266985291,39372.68006692235,52700.046260553034,39033.910703845024,52126.359189867864,38693.76578725023,51556.40422507448,38354.59197449692,50992.26579558714,38017.63656523821,50435.11607441955,37683.62209271248,49885.74469330799,37353.04374640439,49344.91378100189,37026.36236766452,48812.576786761136,36703.653099282885,48288.9470583081,36385.12088243087,47774.619279700775,36071.193340935046,47270.88135048908,35762.72094356879,46780.40349690962,35461.406007935264,46308.764590198334,35170.74813346186,45867.9312698802,34898.20336692008,45484.46255466448,34660.304272727655,45219.539783257846,34495.271274700855
336,1.6883183183183184,55342.058239024715,40552.26058026216,55006.517952013986,40355.730479437756,54526.49817273532,40074.80694049767,53984.36911663258,39757.07302833071,53416.87887280227,39423.58018438874,52841.00076729382,39084.0397955897,52264.85458932389,38743.12555566771,51692.470244366334,38403.18974115875,51125.940660115535,38065.48254828525,50566.44250151588,37730.72811912075,50014.76830742344,37399.42272216978,49471.683219434155,37072.02826495358,48937.13934495306,36748.619625056686,48411.35006644179,36429.40187581556,47894.911750464824,36114.80330378665,47389.116788905005,35805.675965206065,46896.645446408846,35503.7255791657,46423.09832105739,35212.458928267646,45980.48946951266,34939.34747360442,45595.48378216782,34700.957798199604,45329.505647301165,34535.587918584555
337,1.6933133133133134,55494.76832105945,40606.01584921197,55157.75989477849,40409.03398909861,54675.639340563604,40127.46234254856,54131.14491937662,39808.99616299153,53561.190152759875,39474.737681152,52982.824422651975,39134.421981410705,52404.20331013671,38792.73415079939,51829.373963866135,38452.03211491718,51260.43786032398,38113.5689814596,50698.576182059885,37778.07050927955,50144.58439117418,37446.03405107795,49599.23065943978,37117.922585840795,49062.46574262358,36793.8107238328,48534.50305716757,36473.903670771746,48015.94066164063,36158.630379044465,47508.07546719984,35848.84450040724,47013.59783868127,35546.25517329391,46538.130237147445,35254.3764019653,46093.734437693936,34980.69514559491,45707.18188227008,34741.81219238678,45440.1415797318,34576.10357900686
338,1.6983083083083084,55648.42289399948,40660.04432838738,55309.93679416066,40462.60817613438,54825.70185297462,40180.38479487308,54278.8267772617,39861.182259997004,53706.39159082752,39526.153876720695,53125.522216645084,39185.05855838323,52544.41025187076,38842.59284740419,51967.12019388677,38501.1203484806,51395.76211874309,38161.8970957568,50831.52175240122,37825.65047284634,50275.1974964109,37492.87892184667,49727.56057014196,37164.04649852744,49188.560367882674,36839.22754370664,48658.41033929058,36518.627395699834,48137.71024448721,36202.67567583912,47627.76154099187,35892.227639498014,47131.26475595188,35588.995862395335,46653.864350312506,35296.501609131374,46207.670120613235,35022.24742115477,45819.56074414047,34782.868479401826,45551.45143043229,34616.81927034572
339,1.7033033033033034,55803.02737468883,40714.347419381076,55463.054012162065,40516.45442878428,54976.69099385031,40233.575666630066,54427.41988660593,39913.63266705063,53852.48829242107,39577.83009646443,53269.09916317952,39235.950829344976,52685.480337557,38892.70292590552,52105.71376779086,38550.455700124934,51531.91818054334,38210.46812764456,50965.28387112673,37873.46922485706,50406.612196826456,37539.95852848016,49856.677442118984,37210.40117641093,49315.42762991622,36884.87123788143,48783.076242320276,36563.57418402132,48260.22475060428,36246.94030823743,47748.179185885085,35935.82647765744,47249.65030008664,35631.94872331817,46770.30469170629,35338.83560903791,46322.300483460094,35064.00534317055,45932.6242756792,34824.12768791803,45663.43906783015,34657.73601149642
340,1.7082982982982984,55958.5872058289,40768.926530002325,55617.116936384286,40570.57414144503,55128.612072306765,40287.03633305169,54576.929468552546,39966.3487378348,53999.48538735724,39629.767671633526,53413.56030013565,39287.1001029154,52827.41851377663,38943.065672410135,52245.15954207317,38600.03943371234,51668.91081361594,38259.28331908115,51099.867219139924,37921.527985744135,50538.83308803391,37587.27407028677,49986.58578748099,37256.987798102375,49443.071959061344,36930.74296468528,48908.5051165446,36608.74517419562,48383.48845200518,36291.425395259,47869.33259754089,35979.64211493419,47368.75859266292,35675.11483769954,46887.45531186173,35381.379465668346,46437.62951049267,35105.96995916778,46046.37640358485,34865.590851184665,45776.10837896455,34698.85482588691
341,1.7132932932932934,56115.10785607031,40823.78307429768,55772.130980119895,40624.96871469137,55281.47042278413,40340.76817546372,54727.360769158164,40019.33183203069,54147.38802994043,39681.967939378635,53558.91068945331,39338.50769351504,52970.22975074509,38993.6823787272,52385.46239644313,38649.872818709875,51806.7448086539,38308.34391753372,51235.27649974071,37969.82798135451,50671.864787645,37634.82675189676,50117.290139947094,37303.807547443976,49571.49780688222,36976.84388758841,49034.70133310447,36654.14150973699,48507.5056411901,36336.1320608929,47991.2259917501,36023.67565626294,47488.59377504022,35718.49529198154,47005.32028076051,35424.13424773325,46553.661205106226,35148.142321326486,46160.82107342187,34907.25900704236,45889.46326955322,34740.1767414929
342,1.7182882882882884,56272.594820105136,40878.91847257176,55928.101582443735,40679.639555296715,55435.27140513656,40394.77258130584,54878.71905948138,40072.58331533838,54296.20139904985,39734.432242770454,53705.15541721733,39390.17492138492,53113.91904239621,39044.5543423873,52526.62723390743,38699.95713020822,51945.42497923333,38357.65117599674,51371.51643870519,38018.37044296781,50805.71193534854,37682.61778328014,50248.79505492248,37350.86161352656,49700.70964624594,37023.17517522035,49161.669284068266,36699.76433923145,48632.280631219364,36381.061434114265,48113.86360450497,36067.92821148079,47609.1600084311,35762.09117742734,47123.90368790271,35467.10102868621,46670.39958990181,35190.523486496815,46275.96224968827,34949.133197938514,46003.50766405947,34781.702790853225
343,1.7232832832832834,56431.05361875912,40934.33415140817,56085.034208304336,40734.58807625379,55590.02040472236,40449.050944152026,55031.00963567154,40126.104559496845,54445.9306982268,39787.161930819486,53852.299593743395,39442.10311260588,53258.4914064665,39095.68286666161,52668.65898085308,38750.293648940475,52084.95616189498,38407.206353010486,51508.59178436588,38067.15660731447,50940.37919298926,37730.6483797645,50381.10510957582,37398.15119070716,49830.711971398574,37069.738001387246,49289.41338250669,36745.614816353824,48757.81775578691,36426.214648901,48237.24969207146,36112.40089534361,47730.461473972224,35805.903590137335,47243.20964237682,35510.28088673974,46787.848706755045,35233.114516214744,46391.80391588354,34991.214470942774,46118.24550575945,34823.434011085126
344,1.7282782782782784,56590.489799084404,40990.03154369036,56242.93434861573,40789.81569679537,55745.72283249445,40503.60466373103,55184.23781905769,40179.89694230415,54596.58115576217,39840.15835849583,54000.34835366419,39494.29359911815,53403.951884579816,39147.06926058096,52811.562587130466,38800.88366130099,52225.343216225956,38457.01071267952,51646.50730769201,38116.18771659393,51075.87124464668,37778.91976205286,50514.22490291691,37445.67747862662,49961.50929804142,37116.533545089114,49417.93806256761,36791.69409988471,48884.121369294044,36471.592844250576,48361.38853106168,36157.094827542605,47852.502372795585,35849.933631065396,47363.24227292971,35553.67490488124,46906.01261688509,35275.91647671774,46508.35007457666,35033.50387776254,46233.6807568095,34865.37144389961
345,1.7332732732732734,56750.90893445222,41046.01208862254,56401.80752034918,40845.32384241499,55902.3841250909,40558.43514594681,55338.408956237836,40233.961847637525,54748.158024784214,39893.42288674896,54149.30685601546,39546.74771874086,53550.305542332084,39198.71483895504,52955.343026136674,38851.728459364254,52366.59102494155,38507.06552469131,51785.26780237,38165.46501849296,51212.19279671426,37827.43315624177,50648.159055874385,37493.441682227225,50093.10616340742,37163.562990537255,49547.24777955135,36838.003353727574,49011.19584692324,36517.19716419677,48486.284418506555,36202.01113272075,47975.28692609993,35894.18240603508,47484.005728036915,35597.28417088902,47024.895400923895,35318.93043896052,46625.60474747433,35076.00247475845,46349.817398313746,34907.51613561689
346,1.7382682682682684,56912.31662464601,41102.27723175077,56561.65926662544,40901.11394488777,56060.00974492591,40613.54380289909,55493.52841916834,40288.30066547367,54900.66658334648,39946.9568825278,54299.18028432266,39599.46681519154,53697.55746937641,39250.620922391776,53100.005294899136,38902.82934090381,52508.70449396743,38557.37206433477,51924.87808488415,38214.98976620388,51349.348577978686,37876.1897938392,50782.912211373645,37541.44501177041,50225.50712633789,37210.82752717163,49677.34700998586,36884.54374692588,49139.04558471221,36563.02875782653,48611.94167192864,36247.150940489395,48098.81937522236,35938.65102575594,47605.504175973205,35641.10977734825,47144.501158985455,35362.15747863086,46743.57197548938,35118.71132296003,46466.659430391795,34949.86913718174
347,1.7432632632632634,57074.718495954614,41158.82842498397,56722.49515680695,40957.18744229132,56218.60518028084,40668.93205290394,55649.60160525364,40342.91479190898,55054.11213451599,40000.76171880044,54449.9738466876,39652.4522381058,53845.71277950811,39302.78883731646,53245.554414159196,38954.187609411194,52651.68855252191,38607.93161251898,52065.34299459752,38264.76321844291,51487.34333969943,37925.19091178255,50918.48903441509,37589.68868285448,50358.7167673592,37258.32834967828,49808.24025170241,36931.316453680214,49267.67499962818,36609.088779296784,48738.364629415104,36292.51538544486,48223.10398171017,35983.34060583984,47727.74180488299,35685.15282166708,47264.83401073544,35405.59867616545,46862.2558188093,35161.63148808126,46584.210872246644,34992.431504178974
348,1.7482582582582584,57238.12020126579,41215.66712661507,56884.32078659069,41013.545779026615,56378.17594539547,40724.60132051438,55806.63393743608,40397.805629179915,55208.50000646168,40054.83877457432,54601.692775875264,39705.705343057,53994.77661075029,39355.21991599122,53391.995428456234,39005.804574115056,52795.54815319846,38658.74545579186,52206.667393833086,38314.7866394686,51626.18185568847,37974.43775245679,51054.89421215244,37638.173916432424,50492.739688759924,37306.06665800689,49939.93202391123,36978.3226533655,49397.08852964235,36655.37838785145,48865.557649690854,36338.10560718503,48348.14502739271,36028.25226681731,47850.722822851225,35729.41440609275,47385.89809546069,35449.2551167657,46981.66035696494,35204.76404053627,46702.47576223268,35035.20429684906
349,1.7532532532532534,57402.527420159975,41272.79480134218,57047.14177810078,41070.19040583901,56538.72758055962,40780.55303654116,55964.63086428599,40452.974585683325,55363.835552542936,40109.18943491616,54754.34232940093,39759.22749157592,54144.754125439365,39407.915496534304,53539.33340621177,39057.681550000074,52940.28827204846,38709.81488635892,52348.856167954975,38365.06129910026,51765.868922390095,38023.93156371258,51192.13245397133,37686.90193882974,50627.58051466801,37354.04365738821,50072.42686727731,37025.56353054823,49527.29063380439,36701.89874783834,48993.52511219193,36383.9227503261,48473.946814453564,36073.38713415398,47974.45145797432,35773.89563772773,47507.697572139215,35493.127890413656,47101.78968889945,35248.110055455014,46821.45815792401,35078.18858010351
350,1.7582482482482484,57567.94585900422,41330.212920289734,57210.96377998156,41127.12277983922,56700.265652204835,40836.7886380734,56123.597860091926,40508.42307599686,55520.124151398355,40163.81509097213,54907.927789617555,39813.02005117056,54295.65051031094,39460.87692293959,53687.57343981376,39109.8198578262,53085.913908664064,38761.14120210202,52491.91422545008,38415.58847273644,51906.409358961166,38073.673598884445,51330.20849156792,37735.87398176229,50763.24389112817,37402.26055835177,50205.72934399661,37073.04027500375,49658.28579231736,36748.651028726155,49122.271417139,36429.96796451923,48600.513665502796,36118.74633826707,48098.931958431254,35818.5976285459,47630.23661951016,35537.21809188797,47222.647933037304,35291.670612699,46941.1621361828,35121.38542354062
351,1.7632432432432434,57734.38125104631,41387.922961029864,57375.79246749092,41184.34436452437,56862.79575299632,40893.30956849938,56283.54042495131,40564.15252089951,55677.37120703492,40218.71713998789,55062.454463803275,39867.08439534598,54447.470976585806,39514.10554509598,53836.72064570124,39162.22082414779,53232.43008626137,38812.7257065983,52635.846498009625,38466.36944137344,52047.8080073513,38123.66511680898,51469.12707902796,37785.0912823542,50899.73448617943,37450.718576743384,50339.84403787227,37120.75408173361,49790.07850661252,36795.63640512155,49251.80098561113,36476.24240446735,48727.84992364953,36164.33101454176,48224.16859255495,35863.521495408786,47753.51943614404,35581.52682077989,47344.239227353544,35335.44679687707,47061.59179322783,35164.795901461
352,1.7682382382382384,57901.83935650918,41445.92640760364,57541.6335425937,41241.856629799186,57026.32350192523,40950.11727752748,56444.464084861196,40620.16434739208,55835.58214891717,40273.89698532898,55217.9276842492,39921.42190362412,54600.22076005626,39567.60271880708,53986.78016444911,39214.88578133276,53379.8418517637,38864.569709139,52780.65794061111,38517.40549162389,52190.069732383374,38173.90738184313,51608.89299290578,37834.55508315586,51037.056989932935,37499.418933742854,50474.77555439106,37168.70615098291,49922.67329942463,36842.8560567862,49382.11825961966,36522.747229942004,48855.95995257452,36210.14230334788,48350.165648903625,35908.66836008188,47877.550240513076,35626.055181509284,47466.56772944321,35379.43969736118,47182.7512447032,35208.42109288329
353,1.7732332332332332,58070.32596268559,41504.224750542475,57708.49273405549,41299.66105199714,57190.85454440099,41007.21322120698,56606.3743918091,40676.45998871776,55994.76243205672,40329.35603650088,55374.35280834725,39976.033961563735,54753.90512117249,39621.369805810675,54137.75716085304,39267.816067581894,53528.154275885165,38916.67452474839,52926.35353160036,38568.69791573534,52333.19942183422,38224.40166388246,51749.5110323037,37884.2666321619,51175.216114649804,37548.36285588165,50610.52852080001,37216.89768825773,50056.07471486726,36890.311168653956,49513.227702182194,36569.48360580008,48984.84813660303,36256.18135005632,48476.927436332575,35954.03934925087,48002.33327106173,35670.80428334068,47589.63761659084,35423.65040830233,47304.644625747314,35252.2620815598
354,1.7782282282282282,58239.84688403294,41562.81948688955,57876.37579753651,41357.75911390162,57356.39455234401,41064.59886194902,56769.2769238643,40733.04088438277,56154.9175371018,40385.09570916934,55531.7352186784,40030.92196078031,54908.52934512925,39675.4081737984,54289.65682401469,39321.01302694814,53677.372453214295,38969.0414742028,53072.93827277392,38620.248011608994,52477.20198651555,38275.14923837957,51890.98601895151,37934.22718282929,51314.216594819496,37597.55157506073,50747.1075861832,37265.32990434257,50190.287318508286,36938.00293084796,49645.13379739695,36616.45270200076,49114.51888077786,36302.44930505578,48604.45828406589,35999.635594538035,48127.872786277454,35715.775240399416,47713.45308584026,35468.0800286464,47427.27609106189,35296.31995599232
355,1.7832232232232232,58410.40796226836,41621.71212022131,58045.28851568576,41416.15230476731,57522.94922427846,41122.275668547605,56933.17728526916,40789.908480177,56316.05297042727,40441.117425180775,55690.08032310099,40086.0872989661,55064.098741952715,39729.71919643532,54442.48436742707,39374.478009355895,53827.50150229803,39021.67188404954,53220.41718946138,38672.05708281836,52622.08236035493,38326.15138636243,52033.32279728608,37984.437994095286,51454.063187237945,37646.98632856823,50884.5174215388,37314.00401531786,50325.31569744552,36985.93253869789,49777.84105051706,36663.655693622495,49244.97661093248,36348.94732376934,48732.76254176858,36045.45823251863,48254.17306476149,35760.96917168771,47838.018354064516,35512.72966215006,47550.64981498122,35340.595809447885
356,1.7882182182182182,58582.01506646399,41680.90416066897,58215.236698235385,41474.8421203414,57690.52428542538,41180.24511620062,57098.08110653074,40847.06422819476,56478.1742642247,40497.42261258256,55849.39355483937,40141.53137991018,55220.61864658759,39784.30425337981,54596.245029060134,39428.2123706205,53978.54656572584,39074.567086626106,53368.79533060824,38724.12643862803,52767.845500477095,38377.40939445284,52176.52623453135,38034.90033039576,51594.76067108614,37696.66835909739,51022.76271985631,37362.92124257748,50461.16446038272,37034.1011927572,49911.35398802536,36711.0937608799,49376.22577376446,36395.67656667115,48861.84457961855,36091.508404737295,48381.23840530005,35806.38720110089,47963.33765803592,35557.60041739679,47674.769991541485,35385.090739974556
357,1.7932132132132133,58754.67409314252,41740.39712494005,58386.22618209532,41533.83006288504,57859.12548779597,41238.50868653091,57263.9940445127,40904.50958685553,56641.28697659265,40554.01270564359,56009.68037257271,40197.25561351859,55378.09441898439,39839.1647303032,54750.9440714466,39482.217472467586,54130.51281021404,39127.72842007921,53518.077768858595,38776.45739401242,52914.49638728549,38428.924554884965,52320.60122077831,38085.61546168323,51736.31384800883,37746.598914764334,51161.84819619374,37412.08281284631,50597.83823770557,37082.51009882043,50045.67715770905,36758.7680891408,49508.27083690892,36442.63819930326,48991.70878837915,36137.787257724565,48509.07312693539,35852.030457443645,48089.41525449623,35602.69340781281,47799.64083455042,35429.80585041733
358,1.7982082082082083,58928.39096637301,41800.19253634012,58558.26283144812,41593.11764119476,58028.75861028515,41297.0678676075,57430.92178252723,40962.24602092482,56805.39669162728,40610.88914487467,56170.94626052397,40253.26141583437,55536.531444186956,39894.30201890963,54906.5867817679,39536.49468255264,54283.405426690326,39181.15722838396,53668.26960063833,38829.05126967472,53062.04002454383,38480.6981655238,52465.55266906535,38136.58466344514,51878.72754219343,37796.77924912607,51301.77858775546,37461.489958197955,50735.34168155792,37131.160467940506,50180.81512873462,36806.67986894327,49641.11628901234,36489.833392292305,49122.35957947153,36184.295943013334,48637.6815690373,35897.90007444623,48216.25542022711,35648.00975168323,47925.26657765702,35474.74224843397
359,1.8032032032032033,59103.17163786674,41860.29192479432,58731.352537844046,41652.70637062395,58199.42945876524,41355.9241539667,57598.870030427504,41020.275001534974,56970.50901951298,40668.053377049095,56333.196728549134,40309.55020905789,55695.9351324201,39949.71751695591,55063.17847194043,39591.04537448046,54437.22963037847,39234.85486136309,53819.3759462384,38881.90939206565,53210.48143945795,38532.73152988374,52611.38551545864,38187.80921672213,52022.00660044916,37847.21062119843,51442.55865396967,37511.14391607235,50873.67946591829,37180.05351644616,50316.7724917231,36854.83029601272,49774.76663980641,36537.263321366314,49253.8013850474,36231.03561715543,48767.06809137463,35943.99719078079,48343.862452120804,35693.55057216806,48051.651474421415,35519.901046510975
360,1.8081981981981983,59279.02208707354,41920.69682686927,58905.50122029625,41712.59777310437,58371.14386617993,41415.07904663339,57767.844524700035,41078.59800620611,57136.6295966134,40725.50685522322,56496.43731222653,40366.12342156699,55856.31091917746,40005.41262827148,55220.72447870189,39645.87092782479,54591.99066088324,39288.822674706156,53971.40194989829,38935.03309340251,53359.8256827579,38585.02595714723,52758.10471913283,38239.290408126304,52166.15589228619,37897.89429547407,51584.19317656644,37561.045929293425,51012.85628667638,37229.19046595929,50453.5538588253,36903.22057127902,49909.22642018204,36584.929167371585,49386.03865806188,36278.007441738206,48897.23707418703,35990.3229500777,48472.24066725071,35739.31699731831,48178.79979838497,35565.283361979586
361,1.8131931931931933,59455.948321278156,41981.40878579471,59080.71482537632,41772.79337716772,58543.907692638466,41474.53405314234,57937.85102855738,41137.21651886715,57303.764085562645,40783.25103875706,56660.67357294665,40422.982487937355,56017.664265309744,40061.38876277828,55379.23016369798,39700.97272814795,54747.6937822756,39343.062029988905,54124.352779889625,38988.423711688105,53510.07782878014,38637.58276218342,52905.715262451806,38291.02952985964,52311.180309995216,37948.83154194052,51726.68695965589,37611.19724608693,51152.87686170995,37278.57254341244,50591.163863797316,36951.85190089367,50044.5001822637,36632.8321162896,49519.075872346555,36325.21258340115,49028.19291825689,36036.87850094194,48601.39440294243,35785.31016009221,48306.71584314044,35610.89031703175
362,1.8181881881881883,59633.95637569687,42042.42935148537,59256.99932731001,41833.29471796728,58717.72682551004,41534.29068755941,58108.89533203102,41196.132029876724,57471.91817535658,40841.287393335006,56825.91109800188,40480.12884896283,56180.000657112985,40117.64733651081,55538.70091356912,39756.35216702047,54904.34428317789,39397.57429469257,54278.233628600035,39042.08259072974,53661.24297554996,38690.403265566856,53054.22215104979,38343.0278797323,52457.08476872705,38000.023636098245,51870.04482980634,37661.599120098166,51293.74593096166,37328.20098106631,50729.60716207629,37000.725496247054,50180.59249948382,36680.97335925396,49652.917522682685,36372.65221385254,49159.94004498135,36083.66499696949,48731.32801684478,35831.5311983714,48435.40392240246,35656.72303873614
363,1.8231831831831833,59813.052313574546,42103.76008056291,59434.36072807321,41894.10333729961,58892.60717951845,41594.350470503094,58280.983252064674,41255.346036044335,57641.097581444585,40899.617390986576,56992.155500676556,40537.56395167576,56343.32560641706,40174.18977163619,55699.14214003743,39812.01064204079,55061.94747684944,39452.36084222327,54433.049712617336,39096.011080158314,53813.32624486415,38743.488793596254,53203.63041391254,38395.28676118117,52603.874206572465,38051.47185897882,52014.271636122896,37712.25281040987,51435.468256516426,37378.077016527306,50868.888430856125,37049.84257398564,50317.50796665735,36729.35409256732,49787.56812487451,36420.32750988617,49292.48289644455,36130.68359676381,48862.04588700108,35877.981254977116,48564.86837007807,35702.78265905431
364,1.8281781781781783,59993.24222628153,42165.40253637781,59612.80505748803,41955.22078362628,59068.55469683686,41654.71492916593,58454.12063260746,41314.86004065143,57811.30804582117,40958.24251010713,57159.41242033728,40595.28924936745,56507.64465067438,40231.01749647418,55860.55927999412,39867.94955685509,55220.508701272316,39507.423051931466,54588.80627281356,39150.21053544747,53966.33278237383,38796.840678313216,53353.94510345875,38447.80748328826,52751.55358464224,38103.17749716307,52159.37225032612,37763.15958156002,51578.04862267856,37428.20189276508,51009.01236916364,37099.204356029295,50455.25120005652,36777.975517718434,49923.0322158229,36468.23965339813,49425.82593549012,36177.93546395231,48993.55241192055,35924.66147768651,48695.11354033744,35749.07031485676
365,1.8331731731731733,60174.53223341116,42227.35828903138,59792.33837331933,42016.64861209559,59245.57534718291,41715.385597335924,58628.313344707516,41374.675553472545,57982.555337118094,41017.16423547874,57327.68752252337,40653.3062016087,56672.963353048915,40288.131945517394,56022.957795586706,39924.17032117704,55380.033319237205,39562.76230913141,54745.50857442969,39204.68231793266,54120.26775766737,38850.4602575212,53505.1712956216,38500.591360799284,52900.12788714728,38155.141842799334,52305.35156683074,37814.32070355985,51721.49183604941,37478.57685813014,51149.983697934746,37148.81206958863,50593.82683748575,36826.83884139917,50059.314353599,36516.389831403474,49559.97364579366,36225.4217672029,49125.852010649956,35971.57301924893,48826.14380768479,35795.587147939135
366,1.8381681681681683,60356.92848287723,42289.62891539773,59972.96676137119,42078.38838456452,59423.67512791406,41776.36401541813,58803.56728660584,41434.79409079653,58154.84525069673,41076.384058291056,57496.98649903753,40711.61627427025,56839.287302505276,40345.534559451495,56186.34317430679,39980.6743508077,55540.526718429544,39618.38000512065,54903.16190716012,39259.42779483042,54275.13636435371,38904.34887480428,53657.314089930675,38553.63971414216,53049.60212147913,38207.36619362169,52452.21450282483,37865.7374519117,51865.802725604975,37529.203166371604,51291.80716009081,37198.66694718235,50733.239538356924,36875.94527552165,50196.4191175182,36564.77923605318,49694.93053193559,36273.1436802406,49258.94912284529,36018.7170374023,48957.96356702945,35842.334305038385
367,1.8431631631631633,60540.437151011756,42352.21599914594,60154.696335583816,42140.44166962047,59602.86006412288,41837.651730456244,58979.888383830206,41495.217175447826,58328.183608740255,41135.90347616217,57667.31506803679,40770.22093954346,57006.622113898105,40403.226785175386,56350.72092907777,40037.46306765539,55701.99431151583,39674.277537199654,55061.771585237555,39314.448339257564,54430.943820145614,38958.50787954614,53810.378609593754,38606.953869445686,53199.98131829048,38259.85185296822,52599.965998349,37917.4111076271,52010.98614277378,37580.082076654806,51434.48752061523,37248.77022665466,50873.49398376451,36925.296037235355,50334.35110821414,36613.409064650965,49830.70111947396,36321.10238186406,49392.84820884371,36066.09469488948,49090.57723375706,35889.31293784901
368,1.8481581581581583,60725.064442663,42415.12113076217,60337.53323813065,42202.81004260329,59783.136208732954,41899.25029615423,59157.2825892896,41555.94633680776,58502.57626034654,41195.72399315967,57838.6789741236,40829.12167596086,57174.97342806159,40461.210075821546,56516.096598342905,40094.537899755625,55864.44153623015,39730.45630869141,55221.34294751802,39369.74533025051,54587.695366943415,39012.93862694898,53964.37000157909,38660.53515855813,53351.27053157596,38312.600129799415,52748.61101637571,37969.342957244764,52157.04696151502,37631.214853579106,51578.02956663018,37299.123151192776,51014.59487656113,36974.8923489443,50473.11494771304,36662.28051967011,49967.28995501768,36369.299055962256,49527.55374973565,36113.70715947471,49223.98924380097,35936.524203039364
369,1.8531531531531533,60910.81659129378,42478.34590757183,60521.48363951557,42265.49508562724,59964.50964259485,41961.161272898025,59335.75588336829,41616.983110835936,58678.02908162093,41255.84711982159,58011.08398843706,40888.3199684168,57344.346911899265,40519.485890776305,56682.47574615359,40151.90028129114,56027.87385546094,39786.91772896102,55381.88135756615,39425.3201527846,54745.39627091869,39067.642478052585,54119.29343669777,38714.384919066004,53503.47483875311,38365.612338716564,52898.15454288895,38021.534292848686,52303.99007839674,37682.60276719563,51722.43810747357,37349.726969344374,51156.546941433204,37024.73543832424,50612.71527950799,36711.39480877047,50104.701606299655,36417.73489153117,49663.07024743707,36161.555603960085,49358.20405371386,35983.969262267914
370,1.8581481481481483,61097.699859079854,42541.89193376182,60706.55373867047,42328.49838760301,60146.98647458214,42023.386227777264,59515.314274020784,41678.32904009158,58854.54797576936,41316.274373177526,58184.53590874462,40947.81730818824,57514.74825847389,40578.05569570026,56849.86396225773,40209.55165261193,56192.296757337805,39843.66321343552,55543.39220374058,39481.17419779348,54904.05182259826,39122.620799753386,54275.1541096862,38768.50449431272,53656.599340743436,38418.88979998013,53048.60158696396,38073.98641208626,52451.82041267425,37734.247093025115,51867.71797477609,37400.58293503508,51299.35492497672,37074.82653833996,50753.15676863366,36760.75314481546,50242.94066225034,36466.41108269049,49799.40222476189,36209.641206202024,49493.22614073944,36031.649282199665
371,1.8631431431431433,61285.72053700864,42605.760820402866,60892.74976305289,42391.821544259794,60330.57284168782,42085.926734607034,59695.963796866556,41739.98567375505,59032.138873191696,41377.00727676971,58359.040559533656,41007.61519295548,57686.18318709784,40636.92096254868,57018.266862188444,40267.493460255326,56357.71575531878,39900.69418362353,55705.88089927964,39537.308862188474,55063.667336948434,39177.87496482348,54431.95723928893,38822.89523341744,53810.649162053895,38472.43383952823,53199.95718084722,38126.70061818643,52600.54290636872,37786.14911207578,52013.87402253857,37451.692307586134,51443.023595773266,37125.166887262516,50894.444101741,36810.356745889105,50382.01173307123,36515.32882870043,49936.55422549462,36257.965149127835,49629.060002884304,36079.565434522476
372,1.8681381381381383,61474.88494497808,42669.95418547178,61080.07796874405,42455.466158167415,60515.274909120926,42148.784373949755,59877.71051528517,41801.954567649285,59210.80773157521,41438.04736067419,58534.60379210352,41067.715126822965,57858.65744342323,40696.08316959195,57187.69008735281,40325.72715696607,56524.13638827755,39958.0120671351,55869.35288238707,39593.725548878116,55224.248153459244,39233.40635192981,54589.70806834151,38877.55849129383,53965.62945085825,38526.245788995206,53352.22638003646,38179.67821997794,52750.162524346,37838.3101108612,52160.91112720939,37503.056351731975,51587.55774446619,37175.75772868657,51036.58198717221,36860.20683531297,50521.91945030874,36564.48933397848,50074.53081446302,36306.52862075226,49765.71015899002,36127.71889596352
373,1.8731331331331333,61665.199431895795,42734.47365387392,61268.54464054703,42519.43383875858,60701.098870403366,42211.96073313708,60060.56052051164,41864.23728426141,59390.56053598829,41499.396161521996,58711.23148465761,41128.118620340174,58032.17679953269,40755.543801436186,57358.139305120974,40384.25420171659,56691.56422059103,40015.618297701534,56033.81361631825,39650.425666787625,55385.799636229145,39289.21634565337,54748.411863853646,38932.49562866898,54121.54537907893,38580.3269857301,53505.41426336116,38232.92053190757,52900.684254395564,37890.73138141832,52308.834187762055,37554.676337637895,51732.96218383694,37226.60031154781,51179.57515503575,36910.30464166336,50662.66846692807,36613.89380811627,50213.336577611124,36355.33281419414,49903.18114880539,36176.11084830568
374,1.8781281281281281,61856.67037577845,42799.32085746561,61458.15609208512,42583.72620235103,60888.050947466996,42275.457406291775,60244.51993173186,41926.835392764304,59571.40329897443,41561.055222520474,58888.92954239583,41188.82719052251,58206.747054030064,40815.30434904365,57529.62020891538,40443.07605972711,56860.00484222702,40073.51431519527,56199.26858946615,39707.41063087844,55548.327174049635,39345.30633650842,54908.07391709244,38987.70801210232,54278.40214246878,38634.678772815314,53659.52593306297,38286.428874058365,53052.113107309655,37943.41422132539,52457.64812577315,37606.553540917695,51879.241748881635,37277.6958901403,51323.42835728175,36960.65139878844,50804.26345738737,36663.54346589645,50352.97612207233,36404.37892769303,50041.47753305879,36224.742478404136
375,1.8831231231231231,62049.30418385131,42864.49743507661,61648.918665900535,42648.34487216984,61076.13739075072,42339.2759943497,60429.594896178445,41989.750469038314,59753.34206064642,41623.0260934745,59067.70389760705,41249.842360872244,58382.374032131454,40875.366309753466,57702.13851830025,40502.19420248601,57029.46386883215,40131.70156564981,56365.723315448005,39764.681862167854,55711.83618049026,39401.67772096179,55068.69954366597,39043.19701400452,54436.20496069325,38689.30249908522,53814.566514876344,38340.20457216807,53204.45411696253,37996.359933720014,52607.3578855002,37658.68924265147,52026.40129688769,37329.04572413393,51468.146367777386,37011.24834582536,50946.70911771196,36713.43952730958,50493.4540762426,36453.66816462592,50180.60389353077,36273.61497820287
376,1.8881181181181181,62243.10729264812,42930.00503253269,61840.83873355308,42713.29147836974,61265.36447929818,42403.41810508189,60615.791589226545,42052.9840956928,59936.38288878064,41685.310330807915,59247.560509761985,41311.16566139952,58559.06358575638,40935.731187302255,57875.69997907119,40561.61010777008,57199.94694182007,40190.1815012797,56533.18333319175,39822.24078774864,55876.33209398375,39458.33190145211,55230.29408360696,39098.964012656535,54594.95907741259,38744.19951914481,53970.54115810946,38394.24895764741,53357.712340390135,38049.56982731723,52757.96843395995,37711.084729403374,52174.44570751072,37380.651078592,51613.73398238249,37062.09672721757,51090.01016556885,36763.5832175711,50634.775089853945,36503.20173352393,50320.5648331268,36322.72954475124
377,1.8931131131131131,62438.08616811109,42995.845302678186,62033.922695719346,42778.56765805751,61455.738520855244,42467.88535311659,60803.116214490066,42116.537862088066,60120.53187891172,41747.909497584835,59428.50536560616,41372.79862864347,58736.82159361929,40996.400491844775,58050.31036334508,40621.32525966489,57371.45972845965,40248.955580500515,56701.654207022926,39880.08884080876,56041.82037791136,39515.27028640926,55392.8629014566,39155.01039222858,54754.66976036431,38799.371193388484,54127.45503572535,38448.56336759855,53511.89285786964,38103.045216427556,52909.48476100658,37763.74129323939,52323.37988285162,37432.513223988644,51760.19601902542,37113.19779273195,51234.17134034136,36813.97576713834,50776.94383404806,36552.98084808912,50461.36497595007,36372.08738022055
378,1.8981081081081081,62634.24730569115,43062.01990539865,62228.17698229207,42844.17505531449,61647.26585196812,42532.679359961454,60991.57500391817,42180.41336435705,60305.795154427295,41810.82516353118,59610.544479253134,41434.74280569315,58915.65396132114,41057.3757399748,58225.975469650126,40681.34114858521,57544.00792196365,40308.025267948986,56871.141526751635,39938.22746065104,56208.30652068834,39572.49429027371,55556.41138634872,39211.33754279929,54915.3423014459,38854.8188880188,54285.313344423055,38503.149144833566,53667.000772999425,38156.78742097526,53061.911879410385,37816.66023174527,52473.20874753376,37484.63343622639,51907.53731777893,37164.552797476186,51379.19740320388,36864.61841172751,50919.96500145005,36603.00672721123,50603.00896737461,36421.68969192075
379,1.9031031031031032,62831.59723044843,43128.530507643576,62423.60805247956,42910.115321218895,61839.9528380814,42597.80175402566,61181.1742178917,42244.612205427184,60492.17886666304,41874.058905056154,59793.6838922779,41496.99974220888,59095.56662144111,41118.65845474575,58402.701123016035,40741.659271295444,57717.59724157728,40367.392034503064,57041.65090775979,39996.65809271297,56375.79603584972,39630.00533351598,55720.94495209393,39267.94686037481,55076.98201679753,38910.54397506523,54444.12130471905,38558.0076378929,53823.04121277904,38210.79776651646,53215.25482493644,37869.84284804438,52623.93724878038,37537.01299665386,52055.76274093649,37216.16300191601,51525.09313719685,36915.512392330806,51063.843306242336,36653.28059498458,50745.50147411856,36471.537692317106
380,1.9080980980980982,63030.142497152985,43195.37878344914,62620.222394905366,42976.39011386848,62033.80587363639,42663.254170642125,61371.92014532008,42309.13599504228,60679.6891949979,41937.61230527373,59977.92967381045,41559.57099444329,59276.56553362881,41180.25016569166,58580.49317506461,40802.281130930096,57892.23343266724,40427.057357302045,57213.18799108846,40055.382188586555,56544.29446213619,39687.80484265617,55886.46903726412,39324.83974690794,55239.59424688516,38966.547832403034,54603.88416102885,38613.140201063885,53980.019327689464,38265.07758425738,53369.5186564234,37923.29045081564,52775.57035649212,37589.65319208331,52204.87717308834,37268.02967189269,51671.863347301885,36966.658955233455,51208.58348423882,36703.803680724894,50888.847184317514,36521.63259904689
381,1.9130930930930932,63229.88969038572,43262.56641396096,62818.02652770834,43043.00109840307,62228.8313821697,42729.03825208985,61563.819103738475,42373.98634978449,60868.33234694954,42001.48695402429,60163.287920629744,41622.458125262616,59458.65668469641,41242.152408847985,58759.357504100364,40863.20823701438,58067.92226681074,40487.02271976685,57385.75844352556,40114.40120603811,56713.80736358021,39745.89425028342,56052.989105277135,39382.01761031735,55403.18435658369,39022.83184377219,54764.60718174885,38668.54819439937,54137.94029177354,38319.62821107261,53524.708455862674,37977.0043543115,52928.1130633249,37642.5553148084,52354.885521198215,37320.15407864037,51819.51286051717,37018.059352031,51354.19029295913,36754.577218986335,51033.05080759806,36571.97563493621
382,1.9180880880880882,63430.845424639556,43330.0950874569,63017.02699864279,43109.949947027126,62425.035816412164,42795.15564761621,61756.87743940481,42439.1648930963,61058.11455826993,42065.684447896245,60349.76475725764,41685.66270416797,59641.846088711165,41304.36672677257,58939.3000152014,40924.442105484755,58244.669541884905,40547.28961162019,57559.36795769356,40173.71660902823,56884.34032959227,39804.27499507551,56220.51064448154,39439.481864506844,55567.75773526038,39079.397398796275,54926.29565933821,38724.23298373635,54296.80930271652,38374.45098952349,53680.82932847754,38030.985878375934,53081.570384767714,37695.7206626219,52505.79271467987,37372.5374988035,51968.04652593276,37069.714839646316,51500.66851170307,36805.602449578306,51178.11707515152,36622.56802801674
383,1.9230830830830832,63633.01634442084,43397.96649937006,63217.23038517894,43177.2383390326,62622.42565838769,42861.60801345932,61951.10152739743,42504.67325530256,61249.04209304131,42130.206390247724,60537.36633605319,41749.18630731667,59826.13978708802,41366.894668566616,59120.32664031044,40985.98425870955,58422.48108215632,40607.8595289069,57734.022252137474,40233.329867731714,57055.89897504746,39862.948521818515,56389.039168241674,39497.23392938465,55733.319796858435,39136.24589300142,55088.954910401175,38780.19594071458,54456.631581926886,38429.547267876376,53837.88640280269,38085.23634846252,53235.94735922085,37749.1505388334,52657.60370547392,37425.18121445433,52117.46921480638,37121.62668034692,51648.0229416252,36856.88061758256,51324.05073980787,36673.41101154262
384,1.9280780780780782,63836.40912435091,43466.18235231164,63418.643294603426,43244.86796082152,62821.00741951262,42928.39701287051,62146.49777171271,42570.51307363249,61441.12124377213,42195.054391228296,60726.098837307094,41813.03051754361,60011.54384868242,41429.73778989572,59302.443338326244,41047.83622550963,58601.36273837058,40668.73397401423,57909.727071413115,40293.242458557535,57228.48894037209,39921.91628142646,56558.58021502289,39555.275230882755,55899.875979980774,39193.37872783543,55252.59027576928,38836.43844279527,54617.412374617285,38484.91840012108,53995.884830763775,38139.75709565255,53391.249048074045,37802.84625228718,52810.32346812498,37478.08651311045,52267.78582063916,37173.79614176224,51796.258405809655,36908.41297337016,51470.85657610979,36724.50582400728
385,1.9330730730730732,64041.030469268,43534.744356093994,63621.272364120276,43312.84050592878,63020.78764069509,42995.5243161367,62343.072605362926,42636.68599224197,61634.35833149358,42260.230067800774,60915.968469336425,41877.19692438272,60198.06436988352,41492.897653010885,59485.65609519486,41109.999541179124,58781.320387842425,40729.914455692255,58086.48818617548,40353.4558641689,57402.11589163057,39981.179730960954,56729.13934847689,39613.60720097626,56067.43174797385,39250.79731068676,55417.2071205839,38892.961873279906,54779.156949885684,38540.565745989305,54154.82978775717,38194.54945667312,53547.48053578502,37856.809117380006,52963.95699985867,37531.25468775233,52419.00125925167,37226.22449690087,51945.37974934509,36960.20077261865,51618.53938038687,36775.85370916033
386,1.9380680680680682,64246.88711432915,43603.65422775361,63825.12426095193,43381.15767504502,63221.77289243479,43062.99160060305,62540.832490474466,42703.19366223557,61828.75970585583,42325.735043763016,61106.98146857943,41941.68712408834,60385.70747470734,41556.37582676976,59669.97092400152,41172.47574750626,58962.35993454572,40791.402489074295,58264.311393267235,40413.97157350335,57576.78552061248,40040.74033365102,56900.722157527394,39672.231277702835,56235.992589012014,39308.5030549036,55582.810834379015,38949.76762132895,54941.870600796654,38596.49067097308,54314.72647272992,38249.61477391536,53704.646929958086,37911.040454079055,53118.50932065905,37584.687036840936,52571.1204688601,37278.913024167945,52095.391839399774,37012.24527632897,51767.10397082999,36827.45591602455
387,1.9430630630630632,64453.98582511268,43672.91369157425,64030.20568244056,43449.82117603942,63423.96977492287,43130.80055069548,62739.78391838602,42770.03774168889,62024.33174522495,42391.57094976982,61299.144099690704,42006.50271965687,60574.479314890326,41620.17388665765,59855.39386506247,41235.266392794074,59144.487309203825,40853.19959569736,58443.202515807585,40474.791081792806,57752.50354491991,40100.599558912836,57073.334256455775,39731.148905182155,56405.56401618166,39366.49737981311,55749.40683116408,39006.85708198073,55105.55864446291,38652.69454634335,54475.58010825994,38304.9543954526,53862.75336142292,37965.541587939806,53273.98547334617,37638.38486433537,52724.14841015241,37331.86300738248,52246.29956529688,37064.54775084276,51916.555187565864,36879.31369891291
388,1.9480580580580582,64662.3333977206,43742.52447911006,64236.52335614953,43518.83272398275,63627.38491814199,43198.95285794319,62939.93340974739,42837.2198956708,62221.080856779816,42457.73942335483,61492.46265563643,42071.64532084825,60764.38606998291,41684.29341480883,60041.93098601698,41298.37303188132,59327.7084693801,40915.30730352265,58623.16740328124,40535.91589058386,57929.27570805485,40160.75888236961,57246.98128498722,39790.36153363543,56576.15156756582,39424.781710740455,55917.0005495071,39064.23165617025,55270.226422127,38709.17874916851,54637.39594063628,38360.56967505867,54021.804984313625,38020.31385012402,53430.390523653674,37692.34947971055,52878.09006636509,37385.07573579478,52398.10783858993,37117.109467859504,52066.89789273187,36931.42831744551
389,1.9530530530530532,64871.93665888139,43812.48832920881,64444.08403996533,43588.19404117028,63832.02498196674,43267.450221001505,63141.28751461807,42904.741796265705,62419.01347660916,42524.24210895253,61686.94345778995,42137.11654420764,60955.4339474436,41748.73600002777,60229.588381919726,41361.79722616333,59512.02939956869,40977.727146956146,58804.21193162755,40597.347507757884,58107.10777950682,40221.219785871406,57421.66890837681,39849.87061940496,56747.760806328835,39483.35747902818,56085.59745261793,39121.89275074816,55435.87929924311,38765.94466233296,54800.17923993957,38416.46197222616,54181.80697614779,38075.35857741769,53587.72956030679,37746.5821979749,53032.95044335967,37438.55250410394,52550.82159313841,37169.931704453775,52218.13697055082,36983.80103656666
390,1.9580480480480482,65082.80246605291,43882.80698803512,64652.89452219929,43657.90685714476,64037.89665626418,43336.29434567446,63343.85281256626,42972.60512259603,62618.13606980894,42591.080657920225,61882.59285602748,42202.918013086884,61147.629182732926,41813.50323781042,60418.37217533329,41425.54054361303,59697.45611128527,41040.460666869156,58986.342003329926,40659.0874475513,58286.005554840805,40281.98375751512,57597.40281749585,39909.67762497368,56920.39732080126,39542.22612205536,56255.20302843168,39179.84177849964,55602.52266555914,38822.993674555764,54963.9353001228,38472.63265218478,54342.76453790586,38130.677112249134,53746.00769510027,37801.08433968812,53188.73456969954,37492.29461247529,52704.4457851836,37223.01574309242,52370.27732740609,37036.43312656202
391,1.9630430430430432,65294.93770752562,43953.482209093694,64862.96162169003,43727.97290871957,64245.00666099462,43405.48694493762,63547.63591276813,43040.81156084458,62818.45513058009,42658.256728560125,62079.417228824044,42269.05135766649,61340.978039407804,41878.59673036556,60608.28851642079,41489.6045588019,59883.99464315838,41103.50941061902,59169.5635475053,40721.13723057595,58465.97485578527,40343.05229166438,57774.188728918416,39969.784018984814,57094.066724564946,39601.38908325703,56425.82278969242,39238.08015816346,55770.16193519898,38880.3271804094,55128.66943909209,38529.08308591968,54504.68289411071,38186.27080270708,53905.23006297673,37855.857230978974,53345.44749672709,37546.30336655796,52858.985393424446,37276.36287165192,52523.3238919168,37089.3258630757
392,1.9680380380380382,65508.34930252605,44024.51575325275,65074.29218790563,43798.39394000183,64453.36174631255,43475.02973896096,63752.64345410716,43109.36280427701,63019.97718232612,42725.77198614142,62277.42298334966,42335.51821497721,61535.48680921607,41944.018086636206,60799.343583038884,41553.990852920964,60071.65106102064,41166.87493206976,59353.88251999409,40783.4983838394,58647.021530320286,40404.42688896965,57952.03238500812,40030.19127626157,57268.77465653832,39660.84781214341,56597.46227403693,39296.609314450936,55938.80254674482,38937.94658033834,55294.38699878773,38585.81465018995,54667.56729290723,38242.14100255872,54065.401822104875,37910.902203563135,53503.09429864075,37600.58007750239,53014.44541909375,37329.97438343567,52677.28161501324,37142.480527127416
393,1.9730330330330332,65723.0442013203,44095.90938876735,65286.89310104645,43869.17170241556,64662.968692668015,43544.9244551316,63958.88210527389,43178.260553264336,63222.7087777512,42793.62810292258,62476.616555565604,42402.32022892187,61731.16181219119,42009.76892232104,60991.54358083078,41618.70101380192,60260.43145800026,41230.55879161282,59539.304903449956,40846.1724407653,58829.15145276611,40466.10905638813,58130.93955400501,40090.90087782686,57444.52678106178,39720.60376431937,56770.127044078734,39355.43067806507,56108.44996331987,38995.85328067797,55461.09334526541,38642.828727547036,54831.42300614222,38298.28907126794,54226.52815395824,37966.22059476108,53661.68007257245,37655.12606197798,53170.830886034484,37383.85157719133,52832.15547001244,37195.89840512973
394,1.9780280280280282,65939.02938531812,44167.664891302935,65500.771272147955,43940.307954724936,64873.834310907936,43615.172828076844,64166.35856486569,43247.50651530558,63426.656498958466,42861.8267581734,62677.00441032107,42469.4590502972,61928.00939674722,42075.85085989589,61184.89474331964,41683.736635938294,60450.34195461285,41294.56255618786,59725.83670743003,40909.160941213835,59012.37052387174,40528.10030720398,58310.91603011277,40151.91431092302,57621.32878798342,39780.658401503875,56943.8226874923,39414.54568571966,56279.109672671,39054.048693673256,55628.79386877761,38700.12670635319,54996.25532944446,38354.716374013486,54388.61426339385,38021.813747515924,53821.20993866508,37709.942642190705,53328.14684077617,37437.995757128396,52987.950452693854,37249.58078890531
395,1.983023023023023,66156.3118671768,44239.78404395866,65715.93364318373,44011.80446305752,65085.96544237785,43685.77659968702,64375.07956148694,43317.102405050275,63631.82695754831,42930.36963819735,62878.593041449894,42536.93633681581,62126.03593977379,42142.265528635275,61379.40333200209,41749.09932050654,60641.3886988532,41358.887799303535,59913.483968485365,40972.46543150223,59196.684670903705,40590.402161048434,58491.967633585955,40213.23306903166,57799.186392744756,39841.013191549406,57118.55481709746,39473.9557801584,56450.78718725179,39112.53423749766,55797.493983855085,38757.709980800064,55162.069582304845,38411.424281707186,54551.66537873106,38077.68301041144,53981.68904015016,37765.03114590079,53486.39835261159,37492.40823293546,53144.671581375296,37303.528975704154
396,1.988018018018018,66374.89869090561,44312.2686372911,65932.38718716898,44083.66300092763,65299.36895902379,43756.737519138616,64585.05185384924,43387.04994432123,63838.22679471706,42999.258436353775,63081.388971867585,42604.753753128025,62325.2478467318,42209.014564633966,61575.07563644189,41814.79067538733,60833.57786628756,41423.53610105842,60102.252750251406,41036.087464425225,59382.09984773515,40653.016143919966,58674.10021081743,40274.85865189347,57978.10533646681,39901.66960846153,57294.32907094387,39533.66241017412,56623.48804430561,39171.31133627199,55967.19912938867,38815.57995092724,55328.87110815688,38468.414171012235,54715.686751830784,38133.82973769003,54143.12254342579,37820.392906440495,53645.590513673546,37547.09031979774,53302.32389698896,37357.74426822095
397,1.993013013013013,66594.7969319703,44385.12046933772,66150.1389082638,44155.88534925967,65514.05176349437,43828.05734291728,64796.282230871955,43457.35086213715,64045.86268135597,43068.49485308037,63285.398753668596,42672.91297084394,62525.6515517486,42276.09961082864,61771.9179743639,41880.812315186755,61026.91566014589,41488.50904816184,60292.149143538656,41100.028599275654,59568.622034935,40715.94378820446,58857.319634426174,40336.792565528114,58158.09138603632,39962.62913241845,57471.15111239585,39593.66703062803,56797.217805948996,39230.38142008333,56137.91476871126,38873.73802264092,55496.66527445716,38525.687424361495,54880.68365817464,38190.25528927071,54305.51563813463,37876.02926273174,53805.72843901179,37602.043338414616,53460.91246315768,37412.22797461243
398,1.998008008008008,66816.01369739787,44458.34134564062,66369.19584187718,44228.473296411576,65730.02078924308,43899.73783484089,65008.77751178299,43528.00689473547,64254.74131815014,43138.08059591554,63490.62896822357,42741.4156685554,62727.25351771393,42343.522317019495,61969.93669174821,41947.16586125771,61221.40831141441,41553.80823395492,60483.17926642382,41164.29040186507,59756.25723985734,40779.18663269554,59041.63180334515,40399.03632225423,58339.150334192134,40023.893249790526,57649.02663021725,39653.971102468975,56971.982059255104,39289.74592500403,56309.64638967983,38932.18560773247,55665.45747276617,38583.245429975905,55046.661396944415,38246.96103076723,54468.87353724214,37931.94155930403,53966.81726667027,37657.26861501726,53620.442366271294,37466.98140851475
399,2.003003003003003,67038.55612588162,44531.93307927017,66589.5650547709,44301.428638198304,65947.28300063097,43971.78076608281,65222.54454621968,43599.01978559512,64464.869435677865,43208.01737952078,63697.086226277104,42810.2635318581,62930.06023637589,42411.28433989199,62169.1381629245,42013.85294172117,61417.062078928306,41619.435258431535,60675.34926434082,41228.87444454442,59945.01149673106,40842.746222614885,59227.04264290933,40461.5914407093,58521.28799961173,40085.46345316007,57827.961338656685,39714.576092752766,57147.7864163374,39349.40629311069,56482.39950475777,38990.9241238972,55835.25311882912,38641.0895818828,55213.625291101744,38303.94833350613,54633.20147711494,37988.13114631223,54128.862157764306,37712.7674813861,53780.918715563275,37522.00588906095
400,2.007997997997998,67262.43138788633,44605.89749084874,66811.2536451637,44374.75317791532,66165.84539302933,44044.18791519506,65437.59021432999,43670.39128545946,64676.253794510165,43278.30692570325,63904.77716804549,42879.45825337371,63134.07822843714,42479.38734303864,62369.528790666525,42080.875191487605,61613.88324946467,41685.39172825936,60868.66531017219,41293.78230622464,60134.89086674967,40906.62410963253,59413.55810494398,40524.45944586974,58704.51022699813,40147.3412413409,58007.96097753264,39775.48347466153,57324.63651443354,39409.363972503175,56656.1796510973,39049.95499475309,56006.05765265715,38699.221279934376,55381.58068746776,38361.218574544924,54798.5047175993,38044.59937955442,54291.868296558154,37768.54127486854,53942.34664318738,37577.3027408984
401,2.012992992992993,67487.6466857538,44680.2364085746,67034.2687428358,44448.44872636223,66385.71499292267,44116.96106813155,65653.9214268739,43742.12315235904,64888.901185310526,43348.95096343828,64113.70846331491,42949.001532772105,63339.314043651226,42547.83299698075,62571.11500628699,42148.23425227851,61811.878137835665,41751.67925680095,61063.133604340626,41359.01557239749,60325.901438161185,40970.82185188732,59601.18416785316,40587.64186907092,58888.82288716659,40209.528119398165,58189.03131231916,39836.694727523165,57502.53801598942,39469.62041732371,56830.99239062213,39109.27964985948,56177.87653860856,38757.641929826146,55550.53295680319,38418.77313669025,54964.78854210001,38101.347620489825,54455.84089054263,37824.591338396574,54104.731304294575,37632.87329420632
402,2.017987987987988,67714.20925380838,44754.95166824558,67258.61750923352,44522.51710186637,66606.89885801198,44190.10201827144,65871.545125325,43814.21715163469,65102.818428934785,43419.95122889194,64323.886811539516,43018.895076793415,63545.774260919214,42616.62297919035,62773.90326973233,42215.93177264779,62011.053086981825,41818.29946413488,61258.76037490068,41424.575835156305,60518.04932635845,41035.34101400728,59789.92683670827,40651.140248027266,59074.231877132035,40272.025598668006,58371.17813423141,39898.21133683069,57681.496608743386,39530.17708777609,57006.843310110344,39168.899524736014,56350.71526547023,38816.35294311553,55720.48749388833,38476.61340851608,55132.05825765911,38158.377236256725,54620.78517051296,37880.91902050458,54268.07787711013,37688.71888471332
403,2.022982982982983,67942.12635846299,44830.04511328312,67484.30713757417,44596.960130306405,66829.40407731819,44263.61256644237,66090.46828197241,43886.67505596053,65318.01237653135,43491.30946544375,64535.31894194007,43089.14059927053,63753.465488386464,42685.75897411206,62977.900069677926,42283.96940800334,62211.414468065566,41885.25397707691,61455.55187763074,41490.46469321684,60711.34067396931,41100.18316713018,59979.79214333701,40714.956126852405,59260.74312019627,40334.83519677749,58554.40726031159,39960.03479426179,57861.51800581073,39591.03545014474,57183.73802127725,39228.81606088137,56524.57934653927,38875.35573724026,55891.44971760351,38534.74078438203,55300.31919503508,38215.6895996905,54786.70639064667,37937.52567534697,54432.39156301086,37744.84085371496
404,2.027977977977978,68171.40529832526,44905.51859475621,67711.3448529512,44671.779645136165,67053.2377712858,44337.49452094407,66310.69790002269,43959.49864536685,65534.48990964149,43563.02742370922,64748.01161360253,43159.739821151226,63962.39436353966,42755.24267318496,63183.11192362348,42352.34882062861,62412.96868056499,41952.544429201276,61653.51439612518,41556.683751938086,60905.781650947414,41165.349888923934,60170.78614641236,40779.091056079385,59448.36256603548,40397.95843766433,58738.72453351495,40022.166597698386,58042.60794576817,39652.196976813946,57361.68216085871,39289.03070579227,56699.47431970487,38934.651735537096,56063.425071009406,38593.15666445158,55469.576708782006,38273.28608934162,54953.60982858184,37994.41266271604,54597.67758660241,37801.2405480914
405,2.032972972972973,68402.05340430379,44981.37397140529,67939.73791243944,44746.97748740839,67278.40709188677,44411.749697571635,66532.2410137021,44032.68970726341,65752.25794030001,43635.10686156273,64961.971615576964,43230.69447052062,64172.56755330403,42825.075774864745,63389.54537798862,42421.07167970429,62615.72215236776,42020.17246086189,61852.654241886725,41623.23462334328,61101.37845466284,41230.84276360738,60362.91493154181,40843.546592680905,59637.096190788085,40461.396851596925,58924.135822796,40084.60825124608,58224.77219273871,39713.66314628713,57540.68139069445,39349.54491298228,56875.40574753011,38994.242367260376,56236.419021427886,38651.862454710485,55639.83617732899,38331.168089493694,55121.50078549533,38051.581348059735,54763.941195797044,37857.91932032505
406,2.0379679679679676,68634.07803971486,45057.61310966636,68169.4936052008,44822.55550579845,67504.91922272464,44486.37991963909,66755.10468835922,44106.25003646244,65971.32341113596,43707.54954416025,65177.205766976644,43302.006282623515,64383.99175414083,42895.259984645585,63597.20700820871,42490.13966132993,62819.68133986528,42088.13971921364,62052.9777544189,41690.11892614077,61298.13730999307,41296.66338197066,60556.184611356744,40908.324300089516,59826.94999714245,40525.15197519418,59110.64702319497,40147.361265253894,58408.016536476556,39775.435443206115,57720.74139781161,39410.36014200091,57052.37921733434,39054.129067600756,56410.43706052265,38710.85956698511,55811.103003059776,38389.336990181626,55290.38458618139,38109.0331024996,54931.187661891185,37914.878528518246
407,2.042962962962963,68867.48660038918,45134.237883695074,68400.61925258997,44898.51555662844,67732.78137913889,44561.38701800298,66979.29602056756,44180.18143520197,66191.6932954737,43780.35724396211,65393.72091707743,43373.6769998869,64596.673692144876,42965.79701508228,63806.103418830644,42559.55444854563,63024.85272804707,42156.44785823382,62254.49130131882,41757.33828574506,61496.06446941422,41362.81334139599,60750.601325602176,40973.42574821797,60017.93001442509,40589.225351445486,59298.26405592443,40210.42715633383,58592.34679245231,39837.515358370445,57901.86789450838,39471.47785845255,57230.40034127541,39114.31327770382,56585.48470438038,38770.14941896085,55983.38261239247,38447.79418720967,55460.2665791302,38166.76930284857,55099.42227964339,37972.11953641101
408,2.0479579579579577,69102.28651477897,45211.25017539082,68633.12220826039,44974.859503890795,67962.00080830941,44636.77283108592,67204.82213822854,44254.485713168935,66413.37459743414,43853.53174075604,65611.52394541724,43445.70837194243,64810.620123142486,43036.68858581247,64016.2412436092,42629.31773135385,63231.242830595205,42225.098538743434,62457.2012783701,41824.89433429786,61695.166213092285,41429.294245878395,60946.171241226395,41038.852513479585,60210.04229868893,40653.61852973087,59486.99286845605,40273.8074473806,58777.76880193825,39899.90438875681,58084.06661843804,39532.89953401554,57409.474756432115,39174.796444688945,56761.567493591814,38829.733434200556,56156.68045585948,38506.541082169635,55631.152136606725,38224.79133162894,55268.65036735243,38029.64371339876
409,2.052952952952953,69338.48524406519,45288.65187442102,68867.0098582706,45051.58921927258,68192.58478936137,44712.53920490027,67431.69020067455,44329.164687522585,66636.37435203622,43927.074821679904,65830.62176189586,43518.102155648965,65025.83783278943,43107.93642357873,64227.627145603365,42699.43120674119,63438.858189979095,42294.09342842875,62661.11410963602,41892.78871068915,61895.448848974804,41496.10770604633,61142.90055247101,41104.60617880867,60403.292932801836,40718.33306584091,59676.83943460757,40337.50366759133,58964.28843209395,39962.6040375384,58267.34333269305,39594.62664646129,57589.608124887054,39235.58002166798,56938.69099333312,38889.61304216306,56331.002008187555,38565.57908245911,55803.04665472984,38283.10057709038,55438.87726693552,38087.452434550185
410,2.0579479479479477,69576.0902822651,45366.44487824532,69102.28962119069,45128.70658217925,68424.54063347013,44788.68799307181,67659.90739877238,44404.22018291777,66860.69962529844,44000.98828124471,66051.02130687483,43590.86011511519,65242.333636669326,43179.54226225074,64440.26781727292,42769.896578700296,63647.70537755056,42363.4342018627,62866.23624755285,41961.02306057832,62096.918712882536,41563.25533918258,61340.795480961206,41170.68833368093,60597.688026535114,40783.37052199694,59867.809754629976,40401.517352485425,59151.9115760518,40025.6158141043,58451.70382588907,39656.66067967339,57770.806133809325,39296.665467764105,57116.86079344746,38949.789678221685,56506.35276837812,38624.909601299776,55975.95555355137,38341.69843322788,55610.10834400675,38145.54708062507
411,2.062942942942943,69815.10915633994,45444.63109213984,69338.96894820892,45206.213479758866,68657.87568396649,44865.221056863506,67889.4809550267,44479.65403152829,67086.35751434091,44075.27392135771,66272.72955127763,43663.9840217222,65460.11438039202,43251.50784284764,64654.16998057533,42840.71555825171,63857.79099363888,42433.12254052649,63072.574173023415,42029.59903641543,62299.58216860133,41630.73876924504,61539.86227579609,41237.100574133976,60793.233716652525,40848.73246687109,60059.90985529486,40465.85004392426,59340.64415300305,40088.94123407916,58637.15391224969,39719.00312366677,57953.07449553771,39358.05424813074,57296.08250852666,39010.264783682826,56682.73825978776,38684.53405775557,56149.884277135476,38400.5862997999,55782.34898795571,38203.92903809214
412,2.0679379379379377,70055.54942630295,45523.21242922161,69577.05532323869,45284.111806926165,68892.59731644217,44942.14026519936,68120.41812368396,44555.468073070435,67313.35514748737,44149.9335513454,66495.75349669013,43737.47565414632,65679.18693969236,43323.83491356035,64869.34038706263,42911.889863465796,64069.1216676461,42503.160132831115,63280.13439551073,42098.518297462324,62503.44560797448,41698.55962688759,61740.10721363922,41303.84450278778,60989.936166999236,40914.42047560662,60253.14578998194,40530.503290131084,59530.492108283746,40152.58181934253,58823.69943169091,39781.65547460693,58136.41894766382,39419.74783397038,57476.36177799309,39071.03980580457,56860.16403020871,38744.453876751104,56324.8382936381,38459.76558234632,55955.604612026065,38262.599699147024
413,2.072932932932933,70297.4186853275,45602.19081047292,69816.5562630257,45362.40346638669,69128.71293885547,45019.44749468819,68352.72619083646,44631.66415482641,67541.69968436749,44224.968987976674,66720.10017546118,43811.336798381686,65899.55822052898,43396.52522977388,65085.785817978605,42983.4212194848,64281.70405814271,42573.548674139005,63488.923453131996,42167.7825098139,62708.515450994804,41766.719549480986,61941.53659880938,41370.92172886532,61187.80156859116,40980.43612983796,60447.52363876679,40595.47864571093,59721.46141346111,40216.53909804854,59011.34624990601,39844.61923482918,58320.84525311549,39481.7477025536,57657.70426618172,39132.11619781528,57038.635651949684,38804.670489089964,56500.823095386775,38519.23769220666,56129.880653394706,38321.560461730165
414,2.0779279279279277,70540.72455985543,45681.568164765784,70057.47931725527,45441.09036866117,69366.22999163718,45097.1446296475,68586.41247452643,44708.24413166787,67771.3983160194,44300.38205548594,66945.77665080328,43885.56924776307,66121.2351591835,43469.580554089735,65303.513084356455,43055.31135854483,64495.54485296326,42644.289866785766,63698.94791275277,42237.393346419536,62914.798145897366,41835.22018113385,62144.15676337166,41438.3338682132,61386.836139704224,41046.78101771117,60643.04950850879,40660.77767167055,59913.55806641987,40280.814604645515,59200.100258450446,39907.895912857995,58506.35920024037,39544.055337238,57840.11566242238,39193.49541893233,57218.15872191691,38865.185331473156,56677.84419896039,38579.00404653819,56305.18257325067,38380.81272954483
415,2.082922922922923,70785.4747097059,45761.34642888639,70299.83206865998,45520.17443210959,69605.1559477966,45175.23356212753,68821.4843248506,44785.209866079495,68002.45826499243,44376.174585596345,67172.7900168937,43960.174802988804,66344.22472235977,43543.00265634839,65522.52902711609,43127.562019997946,64710.65076930243,42715.38542010177,63910.21437008118,42307.35248710433,63122.30016925213,41904.063172713686,62347.974067228446,41506.082543322256,61587.04612596413,41113.45673390418,60839.72953293916,40726.40193543839,60106.788091448885,40345.40987989557,59389.96737482709,39971.487023426234,58692.96660288973,39606.67222748723,58023.60168112206,39255.17893438083,57398.73886169516,38925.999846517574,56855.90714526923,38639.066068334156,56481.51585687445,38440.35791207517
416,2.0879179179179177,71031.67682818408,45841.527547559715,70543.62213312746,45599.657582955624,69845.49831302796,45253.71619193515,69057.9491240648,44862.56322818265,68234.88678545007,44452.34841754302,67401.14739897575,44035.15527214352,66568.53390728334,43616.7933136518,65742.84051716226,43200.174950334316,64927.02855381121,42786.837050434006,64122.72944976255,42377.66161859056,63331.02802605683,41973.250181867865,62552.99489821081,41574.16938334827,61788.43780043599,41180.464879647116,61037.56987274927,40792.35301088465,60301.15753932801,40410.326470894346,59580.953542571544,40035.394087494635,58880.673300502385,39669.59986889008,58208.16806184758,39317.168215412385,57580.38171762915,38987.115482774454,57035.01749963523,38699.42518644202,56658.88601371742,38500.19742460427
417,2.092912912912913,71279.33864219031,45922.11347347407,70788.8571598084,45679.541755310995,70087.26462581697,45332.59442665794,69295.81428668903,44940.30609575902,68468.69116327327,44528.905398096416,67630.85595346031,44110.512470721194,66794.16974180141,43690.95431038595,65964.45445548237,43273.15190320436,65144.684982693194,42858.64648116787,64336.499805474145,42448.32243451906,63540.98824983022,42042.78287304479,62759.22567217008,41642.59602413272,61991.01746371444,41247.8070627427,61236.57671567914,40858.63247834127,60496.67248741501,40475.565931090714,59773.06473133774,40099.61863227113,59069.48515818872,39732.83976317954,58393.82056940833,39379.46473932384,57763.09296090491,39048.53369474788,57215.1808518722,38760.08283558173,56837.298577481444,38560.33268823221
418,2.0979079079079077,71528.46791232948,46003.10616730572,71035.544831225,45759.828891199824,70330.46245754762,45411.87018168834,69535.08725961235,45018.44035427442,68703.87871616366,44605.84738158559,67861.92286802725,44186.24822164799,67021.13928448252,43765.487438243385,66187.37777324485,43346.49463944094,65363.62686180117,42930.81544274897,64551.53212001996,42519.3366354708,63752.18740270521,42112.66291751494,62966.67283306967,41711.364108223526,62194.79144401377,41315.48489758674,61436.756276606066,40925.24192462205,60693.33903973277,40541.12982030663,59966.30693698359,40164.16219123032,59259.40806681508,39796.393418251915,58580.56499393915,39442.06998947623,57946.87828763153,39110.25594291333,57396.40281636654,38821.04045636399,57016.75910619855,38620.765129894244
419,2.102902902902903,71779.07243302048,46084.50759774372,71283.69286337924,45840.52094058321,70575.09941260911,45491.545380247684,69775.77552219843,45096.967896902504,68940.45679374725,44683.17622992169,68094.3553617275,44262.36435530537,67249.4496247169,43840.39449624591,66411.61743189758,43420.20492708171,65583.8610267339,43003.34567270508,64767.833105426034,42590.70592898835,63964.63207552257,42182.89199339212,63175.342853076785,41780.47528489592,62399.7660972584,41383.500005188565,61638.114797633454,40992.18294304288,60891.16332705664,40607.019704756814,60160.68618165681,40229.026304133055,59450.447943088184,39860.26234818611,58768.40715098355,39504.98545531353,58131.74341892293,39172.28369373633,57578.68903215777,38882.299495308675,57197.27318231099,38681.49618237901
420,2.1078978978978977,72031.16003260609,46166.31974151454,71533.30900586185,45921.61986138364,70821.18312850324,45571.62195341045,70017.88658639092,45175.89062454859,69178.43277767832,44760.89381262133,68328.16068508507,44338.862709553156,67479.10788281668,43915.67729076724,66637.18042326649,43494.28454139133,65805.39434293316,43076.23891566799,64985.40950303564,42662.43202959745,64178.32888792452,42253.47178565467,63385.24223265474,41849.9312101733,62605.94780717327,41451.85401319162,61840.658548179876,41059.45713344184,61090.151507001974,40673.23715706874,60356.208513881116,40294.21251704583,59642.61072963986,39924.44807326277,58957.35288157679,39568.212632381656,58317.69410097987,39234.61841969106,57762.0451630195,38943.86140486318,57378.84641275131,38742.52728434668
421,2.112892892892893,72284.73857346292,46248.54458340688,71784.4010419611,46003.127619509636,71068.72127595171,45652.10184012851,70261.4279968194,45255.21044587355,69417.81408174327,44839.00200683011,68563.34612019933,44415.74512975255,67710.12121011662,43991.337635555756,66864.07376965451,43568.73526488388,66028.23370578086,43149.49692339565,65204.26808360489,42734.516658828674,64393.28448844868,42324.40398616664,63596.377500655115,41919.73354684816,62813.34298537464,41520.54855589394,62044.39382506827,41127.06610219945,61290.30976411179,40739.78375630243,60552.88000864247,40359.72238236046,59835.90239511175,39988.95211998354,59147.40805232956,39631.75302234739,58504.73610517216,39297.261599278994,57946.47689754052,39005.72764342086,57561.48442902254,38803.85988034731
422,2.1178878878878877,72539.81595211172,46331.184116296514,72036.97678877201,46085.04618888029,71317.72155900391,45732.986987255405,70506.40733090523,45334.929277317744,69658.60815196513,44917.50269734614,68799.91898084765,44493.0134687894,67942.49678907475,44067.377351757284,67092.30452394065,43643.55888734523,66252.38604069641,43223.121454794025,65424.41564739845,42806.96154523907,64609.50555462212,42395.69029369924,63808.755214410434,41989.88396450296,63021.95807146117,41589.58527426879,62249.3269526154,41195.01146225894,61491.64430994476,40806.66108797045,60750.70676747543,40425.55745881369,60030.32893424041,40053.77602109042,59338.57855551145,39695.60813301739,58692.87522812095,39360.2147170476,58131.98994920591,39067.899675339475,57745.19288727868,38865.495420839
423,2.122882882882883,72796.4000993278,46414.24034117125,72291.04409730578,46167.37755145001,71568.19171514467,45814.2793495707,70752.83219896794,45415.04904312497,69900.82246670795,44996.397776643666,69037.88661258802,44570.66958709738,68176.24183337344,44143.79826793786,67321.8797696792,43718.75720585549,66477.85830323437,43297.114275939246,65645.85902428547,42879.76842443392,64826.99879305574,42467.33241395207,64022.3819598267,42060.38413953123,63231.799533104975,41658.96581598532,62455.46428272145,41263.29483314662,61694.16138316329,40873.87074405795,60949.69491854981,40491.71931150674,60225.896367942456,40118.921315585,59530.87030913487,39759.779478357224,58882.11729178122,39423.479263609224,58318.590056478526,39130.37897095971,57929.9774684053,38927.435362206306
424,2.1278778778778777,73054.49898025182,46497.71526715582,72546.61085259945,46250.12369723328,71820.13951540261,45895.980889804334,71000.71024433161,45495.57167536657,70144.46453678142,45075.689144896714,69277.256392862,44648.7153526812,68411.36358802055,44220.60222010668,67552.80662119921,43794.332024811534,66704.65747918223,43371.477160099734,65868.60507383563,42952.93903908837,65045.770939538714,42539.33205957452,64237.26435147644,42131.23575515857,63442.87386614286,41728.69183542928,62662.81219495976,41331.91784099213,61897.86724962184,40941.41432304251,61149.85061675751,40558.20951192517,60422.610743399935,40184.38954874794,59724.28925703892,39824.26857851043,59072.46814352455,39487.05673565968,58506.28298288048,39193.16700662371,58115.84387810044,38989.681166778646
425,2.132872872872873,73314.12059450062,46581.61091153691,72803.68497382577,46333.28662432929,72073.57276445835,45978.09357866112,71250.04914343146,45576.49911396533,70389.5419055459,45155.37871000273,69518.0357310979,44727.15264113993,68647.869329451,44297.79105173897,67785.09222370425,43870.28515594949,66932.79058465845,43446.21188775833,66092.6606854156,43026.47513896931,65265.828759133175,42611.69095018727,64453.409032691714,42202.44050146369,63655.18759466793,41798.76499372375,62871.37709666683,41400.88211854891,62102.76820245517,41009.29342991436,61351.18004379947,40625.02963795844,60620.47813414592,40250.182272158345,59918.84136897368,39889.076959817634,59263.933656221954,39550.948635997214,58695.074517074965,39256.26526469363,58302.79784695534,39052.23430284863
426,2.1378678678678678,73575.27297627852,46665.92929978821,73062.27441440329,46416.868338946864,72328.49930075319,46060.61939484517,71500.85660592091,45657.83330671974,70636.06214901745,45235.468387606306,69760.23206881426,44805.983335690325,68885.76636562817,44375.36661379894,68018.7437533723,43946.618418367354,67162.26466621048,43521.32024663458,66318.03277828557,43100.37848095723,65487.179046269215,42684.4108124038,64670.82267565739,42274.00007539957,63868.7472711213,41869.18695874991,63081.16542303245,41470.18930521453,62308.87056216726,41077.50967619637,61553.689408272825,40692.181273919836,60819.50464015014,40316.30104371319,60114.5326406844,39954.20615483568,59456.51972832693,39615.15647354135,58884.97047294813,39319.67523357033,58490.845130535774,39115.09624469051
427,2.1428628628628625,73837.96419448854,46750.67246559546,73322.38716210666,46500.87085542925,72584.92699659774,46143.56032508449,71753.14037477844,45739.5762093281,70884.03287597331,45315.960101123,70003.85287972326,44885.20932719026,69125.06203614589,44453.33076476287,68253.76841745585,44023.33363854757,67393.08680091344,43596.80403170692,66544.72830169591,43174.65082906807,65709.8286248398,42757.49337985178,64889.511981504635,42345.916180814624,64083.55947638399,41939.95940516778,63292.18363719009,41539.84104705136,62516.18067671996,41146.0646799643,61757.38494575832,40759.666010566165,61019.69638790495,40382.7474276469,60311.36909399615,40019.65770235687,59650.23228395869,39679.681763351735,59075.97668969107,39383.39840771192,58679.99150946315,39178.268472578704
428,2.1478578578578578,74102.20235284414,46835.842450881704,73584.03123917725,46585.29619627911,72842.86375828121,46226.91836415548,72006.90822641514,45821.72978541273,71133.4617280574,45396.85578176315,70248.90566983464,44964.83251416221,69365.76371233047,44531.68537064201,68490.17345438214,44100.432650379764,67625.26409646853,43672.66504523497,66772.7542349841,43249.293954475186,65933.78434829625,42830.940393194694,65109.48368040466,42418.19052847397,64299.630819868966,42011.08401443723,63504.43823030748,41609.83899680691,62724.70492162212,41214.9600658669,61962.27291890775,40827.48544511769,61221.05953051143,40449.522994550796,60509.356776898436,40085.43314742815,59845.077272985465,39744.52602664717,59268.09903188219,39447.4362876525,58870.24278949613,39241.752472806256
429,2.1528528528528525,74367.99558998115,46921.44130583241,73847.21470243382,46670.14639218343,73102.31752618041,46310.695514907646,72262.16797078223,45904.29600654432,71384.35637988611,45478.157368555774,70495.39797755978,45044.85480281661,69607.87879734299,44610.43230500581,68727.96613385389,44177.91729518345,67858.80369130187,43748.90509678191,67002.11758767195,43324.30963553123,66159.05309974354,42904.75360015349,65330.744531662545,42490.82483608057,64516.96793961345,42082.562474838785,63717.93572167722,41680.18481393446,62934.44970001876,41284.19746514617,62168.359617531765,40895.64118127799,61423.60024776563,40516.62932139273,60708.50176363013,40151.53404137039,60041.060671108135,39809.690790824476,59461.343389569585,39511.79038002092,59061.60480161221,39305.54973770346
430,2.1578478478478478,74635.35207956965,47007.47108892073,74111.94564338366,46755.42348203863,73363.29627486943,46394.89378828832,72518.92745147877,45987.27685226608,71636.72453915437,45559.86680837248,70743.33737381574,45125.27810707546,69851.41472628167,44689.57344900504,68967.15375694985,44255.78942173078,68093.71275466359,43825.526003236846,67232.82539956285,43399.699657790276,66385.64179203619,42978.93475552823,65553.30132381123,42563.82082829657,64735.577502371474,42154.396481494594,63932.68265880777,41750.880164613685,63145.42144278039,41353.778515657614,62375.65135868768,40964.13482925387,61627.324746244914,40584.06799153662,60908.81015476439,40217.9619417977,60238.188479943965,39875.17758947755,59655.715678353656,39576.46219755954,59254.083402089476,39369.66176565643
431,2.1628428428428426,74904.2800304265,47093.93386693285,74378.23218833371,46841.129512975465,73625.80801322922,46479.515203367235,72777.19454585965,46070.67431011826,71890.57394674179,45641.98605595136,70992.73146212989,45206.104348595894,70096.37896628465,44769.11069139497,69207.74365622574,44334.050886269346,68329.99848672713,43902.52958883725,67464.88474083938,43475.46581402985,66613.55736787392,43053.48562121968,65777.16087470595,42637.18023676469,64955.46620370644,42226.587736389425,64148.68561751459,41821.92672177125,63357.62660859266,41423.70486189055,62584.154486767555,41032.968005775416,61832.239259394795,40651.84059476224,61110.28807729409,40284.71841263673,60436.46672711053,39940.987962416555,59851.22183946984,39641.453259142945,59447.68447258859,39434.090061125644
432,2.167837837837838,75174.78768662774,47180.83171499331,74646.0824985022,46927.26654038431,73889.86078455768,46564.5617873615,73036.97716514404,46154.49037566244,72145.91237681921,45724.51707392116,71243.58787874447,45287.335456793844,70342.77901663289,44849.045928558655,69449.74319581556,44412.70355254504,68567.6681186885,43979.91768519145,67698.30271216104,43551.60990427299,66842.80679989795,43128.407966251245,66002.33003161846,42710.90480012954,65176.64076808404,42299.13794839167,64365.95120201136,41893.32616510153,63571.07168404609,41493.978154988414,62793.87537358651,41102.142334115924,62038.35004761552,40719.94872728483,61312.94168471705,40351.80502414611,60635.90146630975,40007.12345568681,60047.867839871506,39706.765089796914,59642.41392023502,39498.83613466472
433,2.1728328328328326,75446.88332762143,47268.166716590415,74915.50477013008,47013.83662794025,74155.46266667957,46650.0355756603,73298.28325452347,46238.72705250611,72402.74763695529,45807.461832825255,71495.91429272157,45368.9733688677,70590.62240885317,44929.381064530135,69693.15977153287,44491.74929182502,68806.72891286598,44057.69213130111,67933.08644476214,43628.13373581047,67073.39709078714,43203.70356679054,66228.81567133186,42784.9962640591,65399.10794896526,42372.04883327441,64584.4860450015,41965.080181087265,63785.76318372605,41564.60005276925,63004.82041847119,41171.65944411203,62245.66339834915,40788.39399177476,61516.77715712164,40419.22335293586,60836.49877741215,40073.58562158802,60245.65967231313,39772.399220717205,59838.277677701255,39563.9015029391
434,2.177827827827828,75720.57526834069,47355.940963601686,75186.5072345932,47100.84184762829,74422.62177205716,46735.938611849866,73561.12079327072,46323.386352327056,72661.08756822348,45890.822311145785,71749.71840604818,45451.020029822044,70839.91670682155,45010.118011017854,69938.00081097227,44571.18998292057,69047.18816279991,44135.85477358385,68169.24310055,43705.03912322291,67305.33527335458,43279.374206171364,66456.62470023542,42859.456381266136,65622.87452889969,42445.3221137366,64804.29680776984,42037.19046302045,64001.7076503028,41635.572219746035,63216.996048348316,41241.52097218378,62454.18562616674,40857.17799737747,61721.80070127255,40486.97498198684,61038.26476654136,40140.37601869349,60444.603355433646,39838.357189288516,60035.28170328928,39629.28768874476
435,2.1828228228228226,75995.87185931696,47444.15655631937,75459.09815851436,47188.28427976868,74691.34624790066,46822.27294773832,73825.49779484866,46408.47029489798,72920.94004530898,45974.60049532779,72005.00795374143,45533.47739249135,71090.66950686675,45091.25868742795,70184.27377361128,44651.027512210116,69289.05319335293,44214.40746589586,68406.77987220323,43782.32788840304,67538.62841064416,43355.421674915546,66685.76405441957,42934.28691152975,65847.94731961886,42518.959519424156,65025.39018027442,42109.658711023054,64218.91165462195,41706.89632714721,63430.40871783357,41311.7285613547,62663.92307285571,40926.302359733105,61928.01855069673,40555.06150067028,61241.205566158635,40207.49621186929,60644.704933839785,39904.64053910344,60233.43198101329,39694.996221027024
436,2.187817817817818,76272.78148679339,47532.815603476,75733.28584387565,47276.16601304224,74961.64427627916,46909.04064338072,74091.4223070194,46493.980908111116,73182.31297661627,46058.79837980348,72261.79070395423,45616.34741756391,71342.88843787415,45172.8050208878,70431.98615091226,44731.26377366225,69532.33136081007,44293.35206955452,68645.70398327046,43860.00186057807,67773.28359602747,43431.84777075481,66916.24069977117,43009.4896217169,66074.33316212997,42592.962786951175,65247.77288123866,42182.4866320679,64437.38179579488,41778.57405293717,63645.064909320514,41382.28386127204,62874.88210750726,40995.7687009965,62135.43696576956,40623.48450476723,61445.32733514774,40274.94777229348,60845.970478189745,39971.25081998148,60432.734520682556,39761.028634899376
437,2.1928128128128126,76551.31257283853,47621.92022226998,76009.07862813112,47364.489144515625,75233.52407423161,46996.24376710409,74358.9024119536,46579.92022800284,73445.21430437645,46143.417967016474,72520.074458081,45699.632073605644,71596.5811613895,45254.75894626939,70681.14546642464,44811.900668858914,69777.0300529792,44372.690453361145,68886.02268826889,43938.06287633191,68009.30795330091,43508.65429865277,67148.06163206887,43085.066285804016,66302.03892680978,42667.3336599212,65471.45165824354,42255.67593999957,64657.12470128943,41850.60708183677,63860.97113306981,41453.188528226994,63087.06912660419,41065.57864985707,62344.06223380103,40692.24559648829,61650.63625889986,40342.73227747543,61048.40608527697,40038.18958798802,60633.19535798432,39827.386471662285
438,2.197807807807808,76831.4735754604,47711.47253839131,76286.48488431965,47453.255779666804,75506.99389387827,47083.88439553248,74627.94622634005,46666.29029877838,73709.65200475515,46228.4612674461,72779.8670508636,45783.33333708402,71851.75537172321,45337.1224062129,70931.75927588738,44892.94010701843,70023.15668929173,44452.42449362369,69127.74327278328,44016.512779627636,68246.70863678296,43585.84307082692,67381.23387707894,43161.01868489865,66531.07151349835,42742.07388894845,65696.43328781998,42329.2283555553,64878.14702702086,41922.99710534404,64078.13392729865,41524.44422517498,63300.490554108714,41135.73384155863,62553.90066912227,40761.34638449313,61857.13854939874,40410.85131127515,61252.01787811417,40105.45840545346,60834.82055456701,39894.07127882215
439,2.2028028028028026,77113.27298872067,47801.474686047215,76565.51302117803,47542.468032410616,75782.062022532,47171.964613612115,74898.56190149544,46753.09317283662,73975.63408796048,46313.930299631735,73041.17635049751,45867.453192392,72108.41879605471,45419.897351150226,71183.83516733149,44974.38400501871,70270.71872090356,44532.55607417955,69370.87305356521,44095.35342182981,68485.49283141168,43663.415906770715,67615.7644906508,43237.34860726113,66761.43785159352,42817.18523167921,65922.7245755416,42403.145606385995,65100.45545744278,41995.74582175471,64296.55985827016,41596.0526217559,63515.15284155052,41206.23591791948,62764.958613172166,40830.78848391017,62064.84044530597,40479.30646392265,61456.812006017455,40173.05884099231,61037.6161981236,39961.08461011018
440,2.207797797797798,77396.71934284884,47891.92880798795,76846.17148325413,47632.12802512415,76058.73678281016,47260.48651463656,75170.75762347432,46840.3309107948,74243.16859835127,46399.82709019726,73304.01025873821,45951.99363187206,72366.57919453706,45503.08573932864,71437.38076118291,45056.23428742045,70519.72363079603,44613.087086418454,69615.41937863239,44174.586661726935,68725.66775284233,43741.374633275635,67851.66055881334,43314.05784832634,66993.14490014517,42892.66945281316,66150.33235611737,42477.42942707722,65324.05670563851,42068.8549361829,64516.25552038319,41668.01539431445,63731.0624681151,41277.08652735236,62977.24243458421,40900.573516356235,62273.7482120465,40548.09933203727,61662.79464469065,40240.99246952231,61241.588402475136,40028.4280255014
441,2.2127927927927926,77681.82120435714,47982.83705553259,77128.46875102063,47722.23788867238,76337.02653274665,47349.45220027195,75444.54161317936,46928.0055815135,74512.26361454539,46486.15367387546,73568.37671100796,46036.95665584026,72626.24436040169,45586.68953683442,71692.40371036557,45138.49288649048,70770.17893387731,44694.01942930533,69861.38962736816,44254.21436555413,68967.24064754532,43819.721084453275,68088.92919787094,43391.14821072544,67226.19964794986,42968.528324124796,66379.26349348473,42552.08155917031,65548.95751341248,42142.326160581855,64737.22753626225,41740.33422592054,63948.22594073208,41348.28732488451,63190.75852927352,40970.70310995637,62483.868141894294,40617.231518647306,61869.97199630976,40309.260872283616,61446.7433076544,40096.10309123368
442,2.217787787787788,77968.58717615521,48074.20158859489,77412.41334098861,47812.79976243382,76616.93966590395,47438.86378058227,75719.92212647187,47016.11926212145,74782.92724952847,46572.91209353261,73834.2836765023,46122.34427261036,72887.42212006352,45670.71071761654,71948.91170040458,45221.16174222498,71022.0921770838,44775.35500940316,70108.79121062139,44334.2384070155,69210.2187929042,43898.45710175764,68327.57755449995,43468.621504307666,67460.60911364562,43044.76362448487,66609.52488090268,42627.10375118336,65775.16465138181,42216.161213764695,64959.4825568477,41813.01080638975,64166.64979416393,41419.83997217782,63405.51332052394,41041.1788993636,62695.206554058226,40686.70463320931,62078.35028960769,40377.86563685807,61653.08707998968,40164.11137982672
443,2.2227827827827826,78257.02589766539,48166.024575709234,77698.01380582171,47903.81579432614,76898.4846114856,47528.7233740547,75996.90745428244,47104.67403804048,75055.1676507628,46660.104400192955,74101.73915829742,46208.158498517914,73150.1203332262,45755.151263510474,72206.91244952964,45304.242802372944,71275.47093948192,44857.09574089604,70357.63157080633,44414.660667306816,69454.60949731396,43977.58453400721,68567.61280584535,43546.47954616223,67696.38034580695,43121.37713988196,66841.12344104526,42702.497758632526,66002.68491906826,42290.36182142525,65183.02726148581,41886.04683230372,64386.34059109464,41491.74613754886,63621.51325907547,41112.00252577866,62907.769794767984,40756.52029162769,62287.93577995903,40446.80835718844,61860.62591218892,40232.45447010119
444,2.227777777777778,78547.14604493776,48258.30819405654,77985.27873445024,47995.28814083193,77181.66983444896,47619.033107625,76275.50592272179,47193.672003010564,75328.99300029637,46747.73265306329,74370.75119345722,46294.40135794453,73414.34689298751,45840.013164261974,72466.41370877885,45387.7380224595,71530.32283236991,44939.24354561217,70607.91818200286,44495.48303513812,69700.42010027955,44057.10523740735,68809.04215961746,43624.72416064023,67933.5204230399,43198.37066344387,67074.06612609512,42778.26534405312,66231.52514499005,42364.92971615888,65407.86835801943,41959.444007030645,64607.30492221881,41564.00749598909,63838.76482321178,41183.175636969994,63121.564237360355,40826.68011627423,62498.73474946513,40516.09063359768,62069.366023423936,40301.1339471978
445,2.2327727727727726,78838.95633076612,48351.05462949034,78274.21675218569,48087.21896702443,77466.50383561787,47709.79511670294,76555.72589319198,47283.11525911482,75604.41151487226,46835.79891955763,74641.3278531409,46381.0748833421,73680.10972594506,45925.29841755091,72727.42326210243,45471.64936580941,71786.65549938007,45021.80035304694,70859.65855005679,44576.70740675642,69947.65797251451,44137.02107557253,69051.87285418902,43703.357179376544,68172.03645407755,43275.74599545935,67308.35991783721,42854.40827702081,66461.69218675426,42439.866637483276,65634.01258287845,42033.20404074591,64829.54940633075,41636.625729185114,64057.2745188479,41254.69988729351,63336.596282365565,40897.18573600774,62710.753507039284,40585.71407280833,62279.3136594147,40370.15140259649
446,2.237767767767768,79132.46550480336,48444.266076562795,78564.83652083534,48179.61044659343,77752.99515179604,47801.011545197725,76837.57576249767,47373.00591680458,75881.43144603797,46924.30527532202,74913.4772427106,46468.18111525707,73947.41679230212,46011.009029015164,72989.94892646691,45555.978803570564,72044.47661658097,45104.768100386005,71112.8602126805,44658.335685968465,70196.33051603993,44217.33391954872,69296.11215869238,43782.38044131181,68411.93557787554,43353.504943399625,67544.01182775274,42930.92833417296,66693.19293114901,42515.17433185953,65861.46670117087,42107.32865045256,65053.08069041378,41709.602525538925,64277.04887961819,41326.576937712605,63552.872357593806,40968.038786193676,62923.99838849203,40655.680287961855,62490.47509251393,40439.50843413565
447,2.2427627627627627,79427.68235367781,48537.94473855082,78857.14673881736,48272.46476187104,78041.15235588017,47892.684545543605,77121.06396295784,47463.3460949246,76160.06108025537,47013.253804259075,75187.20750183942,46555.72210235477,74216.27608597379,46097.14701227458,73253.99855195938,45640.728314737506,72303.79389257998,45188.14873252846,71367.53073955377,44740.36978416343,70446.44516428337,44298.04564783577,69541.76737311689,43861.79579271451,68653.22496370779,43431.64932194009,67781.02889711337,43007.82729922986,66926.03429423616,42590.85455271296,66090.23750677361,42181.81956000203,65277.905449729864,41782.93958018815,64498.094466964256,41398.80845581811,63770.39891822197,41039.2409087238,63138.47575661676,40725.99089863805,62702.856621791805,40509.206646031314
448,2.247757757757758,79724.61570110936,48632.09282748224,79151.15614127574,48365.784103857644,78330.98405697355,47984.8162787254,77406.19896251746,47554.13792073822,76440.30873901062,47102.64659855291,75462.52680461938,46643.69990144386,74486.69563469326,46183.714388954926,73519.58002189202,45725.89988617505,72564.61506862614,45271.94420211004,71623.67773242464,44822.81162033579,70698.00938217828,44379.15814640991,69788.84582840644,43941.605087202995,68895.91181126246,43510.18095298205,68019.41819707556,43085.10696301621,67160.223221444,42666.9090604542,66320.33182242388,42256.67850011472,65504.03038790916,41856.6385950264,64720.41787022343,41471.39611584829,63989.18244688053,41110.793752035905,63354.192001275376,40796.64753087456,62916.464573120815,40579.24764889644
449,2.2527527527527527,80023.27440802599,48726.71256416207,79446.87350019581,48459.57067224796,78622.49890050004,48077.408914304164,77692.98926485961,47645.383529952676,76722.18277892438,47192.485758693925,75739.44335966992,46732.11657750075,74758.6835001183,46270.71318871202,73786.70125290679,45811.49551264192,72826.94791871287,45356.156469526395,71881.3088252107,44905.66312110819,70951.03066626342,44460.67330874611,70037.35488655741,44021.81018576764,69140.00335073822,43589.10166567447,68259.18682877504,43162.769123482336,67395.76668766025,42743.33962250021,66551.75649981045,42331.907208400735,65731.46223704002,41930.70127872364,64944.02570671704,41544.34159870893,64209.229453740634,41182.69897113353,63571.15353948425,40867.651817186284,63131.30529926092,40649.63305976024
450,2.2577477477477474,80323.66737268052,48821.80617819875,79744.3076245198,48553.82667545694,78915.7055683179,48170.46463044284,77981.4434095176,47737.08506674424,77005.69159186211,47282.77339350376,76017.9654102464,46820.97420369404,75032.2477779381,46358.145449255666,74055.37019508038,45897.51719681444,73090.80024968136,45440.787502956366,72140.43168410048,44988.92622075432,71205.51654478254,44542.59303584076,70287.30194071658,44102.41295679297,69385.50684294039,43668.413296435705,68500.34192342155,43240.81558572579,67632.67169732507,42820.14801329538,66784.51841966527,42407.507429380625,65960.20775775902,42005.129346746624,65168.92462183906,41617.64659199338,64430.546476601325,41254.95822760583,63789.3668155002,40939.00539658499,63347.385179944715,40720.36450208755
451,2.2627427427427427,80625.8035307676,48917.37590803039,80043.46736026279,48648.554330645966,79210.61277883414,48263.98561393199,78271.56997198758,47829.24468378371,77290.84360504487,47373.51162016019,76298.1012343489,46910.27486140912,75307.3965979801,46446.0132163739,74325.59483202937,45983.966949310205,73356.17990132373,45525.83927838529,72401.05400765508,45072.60286122194,71461.47457778429,44624.919236234055,70538.69441527923,44183.415276079875,69632.42957937763,43748.1176889754,68742.89064239377,43319.248162012744,67870.94528452453,42897.336014332606,67018.62449185525,42483.48091450621,66190.27373934117,42079.92452137933,65395.121289144896,41691.312790002696,64653.140080977035,41327.5731896473,64008.83830090683,41010.709914598796,63564.71062196285,40791.443605798115
452,2.2677377377377375,80929.69185554089,49013.42400095126,80344.36159062857,48743.755863748884,79507.22928711891,48357.97406021557,78563.3775638412,47921.86454226172,77577.64728116004,47464.70256422207,76579.85914483122,47000.020640272654,75584.13812431731,46534.31854395715,74597.38318101552,46070.84678871194,73623.09474648672,45611.31377962844,72663.18352690984,45156.69499215574,71718.91235722225,44707.65382603284,70791.53976598763,44264.81902686784,69880.77888235856,43828.21669431632,68986.8401773344,43398.068671799505,68110.59451308392,42974.905414174566,67254.08165547425,42559.82942218132,66421.66699979041,42155.08853174348,65622.62241044041,41765.34189376589,64877.0168601851,41400.54553207776,64229.57449470073,41082.76702329185,63783.288059249615,40862.872007286154
453,2.2727327327327327,81235.3413579304,49109.952713138126,80646.99923612614,48839.43350949827,79805.5638850203,48452.432173416775,78856.87483283854,48014.94681191418,77866.1111184726,47556.34835965447,76863.24748951018,47090.21363817735,75862.48055537559,46623.063494022404,74870.7432930514,46158.15874159128,73891.55269117538,45697.21299835439,72926.82800547649,45241.204570920534,71977.8375070552,44790.798728933085,71045.84548002963,44346.62609985724,70130.56210508871,43908.712170816405,69232.19775024542,43477.27894175412,68351.62647666174,43052.858008474854,67490.89687893503,42636.55471778276,66654.39438593021,42230.62311381899,65851.434715871,41839.735611059994,65102.18343543362,41473.8769363622,64451.58192337834,41155.17838128395,64003.123952968686,40934.65134943974
454,2.2777277277277275,81542.76108666041,49206.964309676805,80951.38925468623,48935.58951145151,80105.62540127932,48547.36216636395,79152.07046304134,48108.49367104785,78156.24365093623,47648.45114885367,77148.27465127496,47180.85596130652,76142.4321240412,46712.250136737544,75145.68325300617,46245.904842532655,74161.56167465716,45783.538934108576,73191.9952396454,45326.13356262428,72238.25768334774,44874.35587624273,71301.61907613746,44428.83839323171,70381.78663176774,43989.60598419054,69478.97061358373,43556.880805778004,68594.04829884328,43131.19559999922,67729.07716006183,42713.658573681125,66888.46277349432,42306.53001046463,66081.56496401098,41914.49565643042,65328.64645590931,41547.56909063068,64674.867141022594,41227.945653770206,64224.22479159912,41006.78328166031
455,2.2827227227227227,81851.96012836714,49304.46106458861,81257.54064177813,49032.22612201728,80407.4227016449,48642.76626061642,79448.97317492616,48202.507306565756,78448.0534483049,47741.0130826723,77434.94904819685,47271.94972415885,76424.00109776868,46801.8805504456,75422.21117971142,46334.087134157206,74433.1296695659,45870.29359433672,73458.69305848777,45411.48394014117,72500.18057437081,44958.32720690432,71558.86810468665,44511.45781268047,70634.45987768663,44070.90000753266,69727.16605035665,43636.876105027535,68837.8671332349,43209.919998646954,67968.6295261826,42791.14276926183,67123.8790672178,42382.81097143862,66313.01994195304,41989.62375121127,65556.4125988658,41621.623689698434,64899.43672938975,41301.07051254081,64446.59709102137,41079.269459882235
456,2.2877177177177175,82162.947607717,49402.44526085698,81565.46243052652,49129.345602481706,80710.96468898957,48738.646686490625,79747.59172549826,48296.98991399289,78741.54911624466,47834.0363204446,77723.27913363904,47363.49704957312,76707.19577868897,46891.9568216892,75700.33522606757,46422.707667146686,74706.2646820065,45957.47899440848,73726.92932395855,45497.25768413493,72763.61390070272,45042.71466751788,71817.60014779524,44594.48627142076,70888.58928932523,44152.59612133784,69976.79137421778,43717.266687935706,69083.09016355818,43289.03302147206,68209.56103422197,42869.00909094606,67360.65020092814,42459.467753419245,66545.80646539797,42065.121623545536,65785.48856971184,41696.04243508584,65125.29729799665,41374.554636000765,64670.24739460363,41152.11154659238
457,2.2927127127127127,82475.73268752497,49500.91919045407,81875.16369182883,49226.95022303482,81016.26030342474,48835.00568308596,80047.93490840524,48391.94369750173,79036.73929644561,47927.52303001152,78013.27339636677,47455.500068753114,76992.02450371746,46982.48104523489,75980.06357915021,46511.768500267586,74980.97475165922,46045.097157641,73996.7119309991,45583.45678308186,73028.56541533006,45127.52021236369,72077.82281942316,44677.92569022034,71144.18234445002,44234.696213524294,70227.85392956325,43798.05441023394,69329.72460374446,43368.536492704814,68451.8787707939,42947.25933221177,67598.78313763665,42536.502120025594,66779.93137874457,42140.991008405595,66015.88110209977,41770.827035038405,65352.45548420789,41448.39970918965,64895.182273288236,41225.31121084969
458,2.2977077077077075,82790.32456887317,49599.88515436746,82186.65353447264,49325.04226279703,81323.31852241688,48931.84549831101,80350.01155405118,48487.370869938044,79333.63266673402,48021.47538774618,78304.94036065771,47547.960921292426,77278.49564466263,47073.455324097675,76261.40446031661,46601.2717003951,75257.26795188483,46133.15011532263,74268.0488076402,45670.08323329429,73295.04290374918,45212.745803425234,72339.54376547184,44761.77799741992,71401.24655221192,44317.20217945561,70480.36109162778,43879.24113497387,69577.77769802939,43448.43224377307,68695.58985229486,43025.895293614834,67838.28486962995,42613.915841838236,67015.40155517963,42217.233647613524,66247.59695801426,41845.97920454701,65580.91795332338,41522.607423801535,65121.40832567833,41298.8701283049
459,2.3027027027027027,83106.73249122972,49699.34546262686,82499.94110525353,49423.624009845495,81632.14836090348,49029.16838890965,80653.8305297109,48583.273652846554,79632.23794118487,48115.89557857901,78598.28858641241,47640.881755199385,77566.61760833458,47164.88176956543,76544.36612531278,46691.21934253723,75535.15238982937,46221.63990673658,74540.94791510541,45757.13903894374,73563.05418406762,45298.39341041208,72602.77066388394,44846.04512895579,71659.78945324446,44400.11592196289,70734.32026658129,43960.8287325491,69827.25672104777,43528.72211332379,68940.70142499707,43104.918782810084,68079.16241856167,42691.71069642003,67252.22389676828,42293.85128986165,66480.6429278611,41921.50066536792,65810.69139866595,41597.179478204824,65348.9321781246,41372.789981220194
460,2.3076976976976975,83424.96573256787,49799.30243433091,82815.0355890929,49522.69776124075,81942.75887140929,49126.97662048716,80959.40073964455,48679.65427649674,79932.56387023437,48210.78579602325,78893.32666926517,47734.264726922025,77856.39883665404,47256.762501223544,76828.95686438023,46781.613509859024,75814.63620652948,46310.56857918466,74815.41724791446,45844.62621208437,73832.60710710574,45384.465010782864,72867.51122474336,44930.729028382346,71919.81861976204,44483.43935136693,70989.73889162538,44042.819080717025,70078.16897792871,43609.40794724445,69187.2206651419,43184.3316145725,68321.4228355445,42769.888468336954,67490.40533454418,42370.845690732895,66715.02583055629,41997.39314604313,66041.78254166912,41672.117577462166,65577.76048481236,41447.07245848893
461,2.3126926926926927,83745.03360948531,49899.758397674064,83131.94620915623,49622.26582305323,82255.15914416297,49225.2724675365,81266.73112521229,48776.51497990866,80234.61924079296,48306.148242200295,79190.06324069487,47828.11200137309,78147.84780676139,47349.09964697948,77115.18500236353,46872.4562937067,76095.7275770178,46399.93818801117,75091.46483398693,45932.54677267639,74103.70955649871,45470.96258976834,73133.77319037542,45015.83164689478,72181.3416556584,44567.17438550057,71246.62443509026,44125.21406462084,70330.52180439058,43690.49159868468,69435.15477903347,43264.13561081837,68565.07320124202,42848.450949178936,67729.95282860038,42448.21861272148,66950.75251361514,42073.6583819204,66274.19813196517,41747.42343335038,65807.89992784862,41521.71925565548
462,2.3176876876876875,84066.94547732359,50000.715689973345,83450.68222697136,49722.330510389984,82569.35830721384,49324.05821346456,81575.83066498915,48873.858010878874,80538.41287635823,48401.98512786524,79488.50696813624,47922.425751955096,78440.97303112605,47441.89534308741,77403.05889881762,46963.74979363184,76378.4347104287,46489.750796626635,75369.09873474602,46020.90274860942,74376.36944879853,45557.888140394374,73401.56433544723,45101.35494335174,72444.36619660532,44651.32294973089,71504.98439653174,44208.015576811435,70584.32256683664,43771.974928077776,69684.51100313265,43344.33260062659,68810.12062596114,42927.399937580754,67970.87336817993,42525.97182525333,67187.8298532418,42150.29811517365,66507.94494747318,41823.09876438051,66039.35721734936,41596.7320749349
463,2.3226826826826827,84390.71073028816,50102.17665769537,83771.2529425472,49822.89414742129,82885.36552654904,49423.33615061859,81886.70837488044,48971.685626006365,80843.9536371284,48498.29867243237,79788.66655509139,48017.20816058545,78735.78305765604,47535.15173417301,77692.5869481155,47055.49611741576,76662.7658501041,46580.0084765317,75648.32704522267,46109.69617572607,74650.59473357642,45645.243663505105,73670.89246706823,45187.30088429804,72708.89991015161,44735.88697698166,71764.82630682846,44291.225517269355,70839.57866245057,43853.8598031624,69935.29660415076,43424.92442025992,69056.5722497445,43006.73723924294,68213.17397176693,42604.1071047068,67426.2647544187,42227.31409482318,66743.02979448752,41899.14529581783,66272.13909152713,41672.1126252329
464,2.3276776776776775,84716.33880156816,50204.14365648332,84093.6676944927,49923.95906740743,83203.19000621057,49523.108580312495,82199.37330823716,49070.00009071854,81151.25042011579,48595.09110400071,80090.55074124124,48112.461417721606,79032.28646980754,47628.870973258025,77983.77757955612,47147.69738109384,76948.72927369956,46670.713307341124,75929.15789416,46198.92909784542,74926.39339352532,45733.03116778606,73941.76542489105,45273.671443987485,72974.95049582199,44820.86840775569,72026.15772827939,44374.84579342687,71096.29751929227,43936.1480990042,70187.51887914396,43505.912913186236,69304.43524246308,43086.46466695284,68456.86168717753,42682.62623443325,67666.06415099636,42304.708076756026,66979.45950776627,41975.56475970186,66506.2523167787,41747.86262216568
465,2.3326726726726728,85043.83916345685,50306.61905118402,84417.93586013583,50025.52761272543,83522.84098841283,49623.37781285325,82513.83455597135,49168.803679297154,81460.31215926057,48692.36465937969,80394.16830255756,48208.18772238624,79330.4918866952,47723.0552217852,78276.63925747259,47240.35570897986,77236.33329329052,46761.867376807706,76211.59944411748,46288.60356678662,75203.77344456251,45821.25266978737,74214.19108121243,45360.46860440557,73242.52568521646,44906.26919015734,72288.98625470125,44458.878320190015,71354.48659639372,44018.841698017495,70441.18515560759,43587.29993009993,69553.71680390908,43166.58404060551,68701.94359165146,42761.53100477773,67907.23500578321,42382.48182374639,67217.24095061992,42052.358894866586,66741.70368777284,41823.98378807989
466,2.3376676676676675,85373.22132747207,50409.60521587497,84744.06685564297,50127.60213489595,83844.3277536603,49724.14616756745,82830.1012466723,49268.098674904555,81771.14782554469,48790.12158411476,80699.52805141498,48304.38928219251,79630.4079632021,47817.70664964309,78571.18048134043,47333.47323369048,77525.58625547877,46853.47278084634,76495.65989157585,46378.72164239257,75482.74293593258,45909.910193947006,74488.17734107444,45447.69435529248,73511.63324210983,44992.09127991487,72553.31951152648,44543.32501996071,71614.15338385526,44101.94248998711,70696.30279157063,43669.08732894332,69804.42416388882,43247.09718722487,68948.42679194328,42840.82321309975,68149.78431063582,42460.637105476,67456.38101500031,42129.5294469605,66978.50002753842,41900.4778520725
467,2.3426626626626628,85704.49484447687,50513.10453389153,85072.07013613849,50230.18499461015,84167.65962086554,49825.41597282779,83148.18254672251,49367.88736960973,82083.76642710617,48888.36413251316,81006.63883670326,48401.0683133694,79932.04339009016,47912.82743519094,78867.40978588608,47427.05209616968,77816.49654149929,46945.53162355811,76781.34746704194,46469.285392553524,75763.30995031055,45999.005772614044,74763.7321423657,45535.35069416587,73782.28096255135,45078.33664040306,72819.16515590115,44628.1878226589,71875.30540294181,44185.45237209006,70952.87917569067,43751.27697492812,70056.56458231606,43328.005940984825,69196.31842441428,42920.50466379402,68393.71908654907,42539.17569855457,67696.88662158964,42207.07816846687,67216.64818755258,41977.34655001093
468,2.3476576576576575,86037.66930480063,50617.11939785403,85401.95519582459,50333.278561756684,84492.84594746739,49927.18956607968,83468.08766041408,49468.1720644145,82398.17700935352,48987.0945676697,81315.50954393987,48498.22704078702,80235.40689411089,48008.41976528357,79165.33574119575,47521.094445713235,78109.07256732699,47038.04601725433,77068.67043515373,46560.29689323083,76045.48260390523,46088.541446072,75040.86345592319,45623.439626343854,74054.47667496448,45165.00724266571,73086.53087678316,44713.46866574486,72137.95020617962,44269.37324891751,71210.92172734861,43833.87074055683,70310.14534930525,43409.31214323021,69445.62565512421,43000.57716831123,68639.0463837467,42618.09938654034,67938.76471988962,42285.00681872387,67456.15504782906,42054.591624552944
469,2.3526526526526528,86372.75433836017,50721.65220969516,85733.7315681013,50436.88521544859,84819.89612954928,50029.4692938679,83789.82583006522,49568.95506927972,82714.38865508045,49086.315161492494,81626.14909538273,48595.867697982016,80540.50723811609,48104.48583529638,79464.96695282435,47615.6024399934,78403.32278378392,47131.018082480776,77357.63709478576,46651.758228480685,76329.26904656267,46178.51926256223,75319.57928563385,45711.96316496802,74328.22824024709,45252.10506543836,73355.4243950406,44799.16949424121,72402.0953774528,44353.70703249656,71470.43789674384,43916.87050564433,70565.1737852651,43491.01764249819,69696.35567992346,43081.042545178985,68885.7732817718,42697.40995996056,68182.02228831101,42363.31716394495,67697.02751700673,42132.21482516684
470,2.3576476476476476,86709.75961478127,50826.705380687126,86067.40882568684,50541.00734405043,85148.81960195782,50132.25751186317,84113.406336137,49670.23870315164,83032.41048458069,49186.028194728904,81938.56645014316,48693.99252718306,80847.35322116903,48201.02784915041,79766.31206190461,47710.57824508348,78699.25567664659,47224.44994804183,77648.25577915454,46743.67149047795,76614.67746186999,46268.94127830733,75599.88766853667,45800.92333102644,74603.54355187163,45339.63209517083,73625.85346355033,44885.2922607554,72667.74853210036,44438.45564231219,71731.43516498969,44000.27815733941,70821.65724099238,43573.124294539346,69948.51572454514,43161.902620022534,69133.90688957779,42777.10921633205,68426.66633426306,42442.010977239064,67939.2725324385,42210.21790815153
471,2.3626426426426423,87048.69484352034,50932.28133146911,86402.996580738,50645.64734520534,85479.62583842195,50235.556584889084,84438.83849735059,49772.025293988154,83352.25165576304,49286.23595699143,82252.77060429905,48792.60377933624,81155.95367865567,48298.04801933744,80069.37974525658,47806.024035482405,78996.87976675355,47318.34375102483,77940.53485592433,46836.038779540046,76901.71606725917,46359.80955753457,75881.79667492483,45890.32215337669,74880.43053598562,45427.59032604996,73897.82586729685,44971.83892550198,72934.91731701327,44523.62100532922,71993.92104420866,44084.09559014645,71079.60309776581,43655.63396233899,70202.1130446976,43243.159225585856,69383.45434561936,42857.19896018191,68672.70389424333,42521.09003863107,68182.89706027995,42288.6026366567
472,2.3676376376376376,87389.56977398634,51038.3824920746,86740.50448497105,50750.807625862224,85812.32435167173,50339.36888694871,84766.13167080423,49874.317178785255,83673.92136426679,49386.94074678366,82568.77059100835,48891.703714130716,81466.3174823962,48395.54856694501,80374.17871549715,47901.941994139546,79296.20361011308,47412.701636824306,78234.48272731299,46928.862204150784,77190.39311411134,46451.12617249944,76165.31440844803,45980.16166876906,75158.8971515124,45515.98176002234,74171.34942347111,45058.81145632492,73203.60941073179,44609.20505601435,72257.90307762839,44168.32470594693,71339.01876744026,43738.54851613847,70457.15492615697,43324.81420175257,69634.42281794354,42937.68100306807,68920.14203392768,42600.55613508202,68427.9080955786,42367.37078070298
473,2.3726326326326324,87732.39419566291,51145.01130195885,87079.9422297827,50856.49060230287,86146.92469355772,50443.69680125154,85095.29525209089,49977.11670360341,83997.4288435773,49488.144871526274,82886.57548062259,48991.29460002425,81778.45354075675,48493.53172168172,80680.71772114992,47998.33431247944,79597.2357980112,47507.52575916629,78530.10783019829,47022.143880984375,77480.71688786101,46542.89320350914,76450.44900621509,46070.44392186971,75438.95139025169,45604.8084068171,74446.43198156975,45146.21182872007,73473.83252354298,44695.2097363581,72523.38883967741,44252.967414021274,71599.91169254083,43821.86983345646,70713.64868485992,43406.86939556689,69886.81950428121,43018.55716360004,69168.98784826027,42680.41106050971,68674.31266236302,42446.52411720217
474,2.3776276276276276,88077.17793823083,51252.17021002644,87421.31954637123,50962.698700169254,86483.43645517067,50548.54272024033,85426.33867541589,50080.4262235941,84322.78336514175,49589.85064758315,83206.19438080082,49091.37871426885,82092.37079876121,48591.999721902306,80989.00554675524,48095.20319042656,79899.98495711983,47602.818280132764,78827.41863622404,47115.88593492932,77772.69570810065,46635.11273894623,76737.20863889683,46161.17096528372,75720.601276981,45694.072283968795,74723.08142349444,45234.0420258576,73745.59439757836,44781.636995897024,72790.38593608119,44338.02563107044,71862.2893463576,43905.59979911037,70971.60166699676,43489.32666125477,70140.65163213848,43099.82926745958,69419.24846154387,42760.65661580898,68922.1178137324,42526.06442997753
475,2.3826226226226224,88423.93087169058,51359.861674658736,87764.64620585804,51069.43435449084,86821.86926696122,50653.90904561802,85759.27141371489,50184.24810302628,84649.99423848509,49692.060400287424,83527.6364366236,49191.95834293645,82408.07823820363,48690.95481463299,81299.05101298056,48192.55083643019,80204.45974960516,47698.58137018613,79126.4236519069,47210.090499112564,78066.33792868549,46727.786875292266,77025.60151082896,46252.34485957859,76003.85486955669,45783.775416840166,75001.3056636514,45322.3040386045,74018.90280691178,44868.488791735756,73058.90200395838,44423.50128123777,72126.15923304003,43989.740305237785,71231.0212491043,43572.18786024485,70395.92645888854,43181.49914742155,69670.9310275305,42841.29460887237,69171.33063194605,42605.99350978413
476,2.3876176176176176,88772.66290648532,51468.08816374161,88109.93201940935,51176.70000971194,87162.23279885996,50759.79818837477,86094.10297877208,50288.58471531303,84979.07081132641,49794.77646396774,83850.91083070739,49293.03578094464,82725.58487776031,48790.3992555968,81610.86297673067,48290.379467489336,80510.66887323634,47794.81720819363,79427.13141874276,47304.759714923566,78361.65193783835,46820.91771715146,77315.63586011519,46343.967673307336,76288.72025901538,45873.9198386451,75281.1126490513,45410.99986554709,74293.76555765756,44955.76708856922,73328.94471191731,44509.39629613075,72391.52888769205,44074.29325131792,71491.91483815954,43655.45486118971,70652.65127186348,43263.56864337474,69924.04272951174,42922.32685461056,69421.95822851319,42686.31315432909
477,2.3926126126126124,89123.38399362392,51576.85215469297,88457.18683835812,51284.49811971909,87504.53676039769,50866.21256881498,86430.84292133838,50393.43844303814,85310.02246969526,49898.001181974316,84176.02678331906,49394.61333208255,83044.89977310259,48890.3353092389,81924.45033125863,48388.69130917763,80818.62106149421,47891.5279814519,79729.55051331416,47399.89573203833,78658.64615825491,46914.507377274414,77607.31995873079,46436.041483031935,76575.20556967572,45964.507590471614,75562.51035940887,45500.13151301363,74570.19048806874,45043.4738587048,73600.52176015254,44595.71261484293,72658.40587646692,44159.26054419307,71754.28987167282,43739.12953998698,70910.83338844634,43346.03960234258,70178.59078040985,43003.755174972954,69674.0077442829,42767.02516829205
478,2.3976076076076076,89476.10412480433,51686.156134490615,88806.42055432613,51392.831147868535,87848.79090082593,50973.15461658439,86769.50083125033,50498.81167798281,85642.8586380485,50001.73690670535,84502.99355249056,49496.69330903651,83366.03201700961,48990.76524875204,82239.82200627649,48487.48859566838,81128.3250836802,47988.71588571154,80033.68954739708,47495.50070844362,78957.32904720903,47008.55797658192,77900.66211262615,46528.56837334669,76863.31895924012,46055.54072130484,75845.50680724345,45589.70099509694,74848.18546863539,45131.611082084666,73873.64088054179,44682.452183975765,72926.79779666258,44244.64409809022,72018.15381778171,43823.21377980051,71170.48015616348,43428.913878504136,70434.58242286865,43085.58139896829,69927.48634953427,42848.13136334556
479,2.4026026026026024,89830.83333253715,51796.00259969992,89157.6430993465,51501.70156701368,88195.00500923769,51080.6267706972,87110.0863375488,50604.70682115244,85977.58877938702,50105.98599963322,84831.8204341339,49599.278033416085,83688.99073948129,49091.69135610195,82556.98696806657,48586.77356975955,81439.78974502586,48086.383125201784,80339.55716806857,47591.57681046126,79257.7090966584,47103.07164418878,78195.67066183037,46621.55043690159,77153.06861889682,46147.021288050004,76130.11003797893,45679.71033367704,75127.75840218355,45220.18074630799,74148.30983674289,44769.61695766057,73196.71227681698,44330.44583464258,72283.51417534491,43907.70947108173,71431.5989527769,43512.19333321505,70692.02492934465,43167.80736268535,70182.40124406676,42929.633558175556
480,2.4075975975975976,90187.58169026955,51906.39405650164,89510.86444598636,51611.11185953275,88543.18891468826,51188.6314795633,87452.60910859818,50711.12628280327,86314.22239537309,50210.75083133089,85162.5167621564,49702.36983577991,84013.78510785165,49193.11592205289,82875.95421959259,48686.54848289887,81753.0238868021,48184.53191265512,80647.16205781432,47688.12621277226,79559.7948333502,47198.05051742761,78492.3539805555,46714.98977442588,77444.46277342224,46238.95135555566,76416.32813004452,45770.16155844391,75408.9172239738,45309.184846653334,74424.53642429093,44857.20889758046,73468.15697680372,44416.66768291125,72550.37847403628,43992.61851159083,71694.19718637686,43595.87983502842,70950.9256021986,43250.43490931362,70438.75965729053,43011.53357850188
481,2.4125925925925924,90546.35931250929,52017.33302071978,89866.0946074696,51721.064517356266,88893.35248631667,51297.17120101546,87797.0788522055,50818.07248246937,86652.76902644752,50316.033781498365,85495.09190857607,49805.97105566171,84340.42432690218,49295.041246193185,83196.7328006115,48786.815595209,82068.03638642895,48283.16446933204,80956.51293463632,47785.15109844125,79863.59481892714,47293.49674187284,78790.72047730062,46808.88849475152,77737.50968128332,46331.33299663665,76704.16919497537,45861.0567069202,75691.66990180044,45398.62538610102,74702.32847069575,44945.22997299245,73741.13958792778,44503.31157940684,72818.754274439,44077.9428064181,71958.28229547474,43679.97525971593,71211.29177378672,43333.465889164014,70696.56884831727,43093.83325709878
482,2.4175875875875876,90907.17635494897,52128.822017849605,90223.34363780009,51831.56204199487,89245.5056334668,51406.24840233666,88143.50531574014,50925.547848989416,86993.23825194742,50421.837238989036,85829.55528363718,49910.08404159634,84668.91763897562,49397.46963696087,83519.33178778492,48887.57717551262,82384.83615758533,48382.28302504575,81267.61855216105,47882.65365894073,80169.11765003373,47389.412471364565,79090.7785949562,46903.24871483675,78032.21763474014,46424.168292097376,76993.64137751357,45952.39782448401,75976.02443609068,45488.50437535554,74981.69383553942,45033.682160749464,74015.66783302165,44590.379468111256,73088.64916814001,44163.68426800529,72223.86174909603,43764.48149028886,71473.13080655268,43416.90215968963,70955.83610605095,43176.5344338155
483,2.4225825825825824,91270.04301459072,52240.863583085484,90582.62163188502,51942.60694456689,89599.65830580937,51515.86556028747,88491.89828625366,51033.55482053371,87335.63969022396,50528.16360183627,86165.91633592632,50014.71115114583,84999.27432408975,49500.40341166926,83843.76029479143,48988.83550135771,82703.43215031923,48481.88981818702,81580.48769974757,47980.636094175585,80476.37195842249,47485.79986803264,79392.53681090879,46998.0725597897,78328.59495994878,46517.45933075501,77284.75285570913,46044.18696439178,76261.98886000401,45578.82383286805,75262.64041057405,45122.567445322384,74291.74946654122,44677.87330049937,73360.07077782472,44249.84481616714,72490.94304687335,43849.40041701904,71736.45009311933,43500.745585506535,71216.56874927881,43259.638955596914
484,2.4275775775775776,91634.96952987078,52353.46026134899,90943.93872565849,52054.20174582617,89955.82049346359,51626.02516113337,88842.26759059961,51142.09584463106,87679.98299876042,50635.01527727997,86504.18455248816,50119.854750925515,85331.50370005176,49603.8448965327,84170.0274724385,49090.59285904289,83023.83335115801,48581.98709574907,81895.129202596,48079.10061250743,80785.36641106063,47582.66110232061,79696.00363714572,47093.362162892015,78626.6500170644,46611.208209462704,77577.5118410214,46136.426187801146,76549.57123953196,45669.58578485887,75545.17611981972,45211.887818822295,74569.39227466244,44765.79503556079,73633.02675737164,44336.426378112665,72759.53371913994,43934.73393746014,72001.25705638093,43584.998038414735,71478.77412676261,43343.14867650419
485,2.4325725725725724,92001.96618078477,52466.614607316966,91307.30509620535,52166.34897618991,90314.00222711952,51736.72970067223,89194.62309555389,51251.17337819589,88026.27787429049,50742.39468179309,86844.36945894209,50225.51721663018,85665.61512257232,49707.7964266923,84498.14250877505,49192.8515436426,83346.04878321878,48682.577113352425,82211.55192185621,48178.049430779145,81096.10971023694,47679.99835300994,80001.18762036024,47189.11966562263,78926.39120034443,46705.417033132995,77871.92657842053,46229.11756379383,76838.77967359764,45760.79226534002,75829.3089196627,45301.64528102257,74848.60407537755,44854.14663982179,73907.52479194758,44423.430888466704,73029.64132702311,44020.48395646883,72267.55914959521,43669.661397418975,71742.45961732998,43427.06545773546
486,2.4375675675675677,92371.04328901278,52580.32918544961,91672.73096188526,52279.05117576649,90674.2135781602,51847.98168426186,89548.97470793527,51360.78988755528,88374.53405291673,50850.30424110834,87186.48061959847,50331.70093306035,86001.6179853803,49812.26034624173,84828.11462920412,49295.61385903257,83670.0875063193,48783.662135269864,82529.76475473658,48277.484774339406,81408.61059366868,47777.813807244085,80308.09734205659,47285.347217681374,79227.82693825208,46800.087914761054,78168.00534648923,46322.263169398655,77129.62229415604,45852.44531613779,76115.04679895367,45391.841839381195,75129.39271859196,44942.93008736709,74183.57259810262,44510.86028929148,73301.273462538,44106.65238622591,72535.36385647595,43754.73754874961,72007.63262996591,43511.39116764652
487,2.4425625625625624,92742.21121804502,52694.606570018776,92040.226582457,52392.310894383416,91036.46465878437,51959.78362684742,89905.3323747259,51470.9478484762,88724.7613102293,50958.74639024501,87530.52763757558,50438.40829414853,86339.52172033749,49917.239008253055,85159.95309659555,49398.88211791524,83995.95861708876,48885.24443445147,82849.77663461315,48377.408877067304,81722.87783460887,47876.10966055259,80616.74141865547,47382.04697701286,79530.96569355982,46895.222975448094,78465.75645752449,46415.865089614534,77422.10726629406,45944.54698691538,76402.39777910637,45482.47950906297,75411.76608622113,45032.14735986182,74461.17792386556,44598.716530108126,73574.4377486814,44193.24114625754,72804.67869128547,43840.22838588368,72274.30060390463,43596.127681771715
488,2.4475575575575577,93115.48037330744,52809.44934513609,92409.80225920293,52506.13069161528,91400.7656221294,52072.13805298921,90263.70608319245,51581.649746192554,89076.96946142505,51067.72357353557,87876.52015491655,50545.64170298555,86679.33579755382,50022.7347748026,85493.6672113993,49502.65864184514,84323.67124907913,48987.3262925496,83171.59653113887,48477.823981396876,82038.92024195369,47974.888116875474,80927.12850159965,47479.2211098303,79835.8159634534,46990.82434442484,78765.18825763994,46509.92541743352,77716.24278833096,46037.09933519567,76691.36991419624,45573.560312961854,75695.73209228774,45121.80044657344,74740.34854883936,44687.0015679183,73849.14183952585,44280.25216345662,73075.51119892758,43926.13580956591,72542.47100872132,43681.27688284465
489,2.4525525525525524,93490.86120228772,52924.860104781255,92781.46833505394,52620.51313681175,91767.12666239418,52185.047496890176,90624.10586100722,51692.8980754325,89431.16836142649,51177.238244652464,88224.4678527065,50653.40357184685,87021.0697255022,50128.75001699693,85829.26631175847,49606.945761254465,84653.23457287624,49089.909999944015,83495.23345035293,48578.7323383419,82356.74666035011,48074.15138858733,81239.26727745986,47576.87179063935,80142.38627963571,47086.89415907502,79066.30912686793,46604.446253863935,78012.03709191883,46130.1044263838,76981.97129105935,45665.086281723256,75981.29868301882,45211.89134439374,75021.09228429697,44775.71736722582,74125.3934203138,44367.6873721041,73347.86895504037,44012.46172782965,72812.1513444243,43766.84066081908
490,2.4575475475475477,93868.36419466161,53040.84145283042,93155.23519471432,52735.46080912572,92135.55801496247,52298.51450242369,90986.54177636947,51804.69534044572,89787.36790500139,51287.29286663507,88574.38045118997,50761.69632221897,87364.7330511342,50235.28711499879,86166.75977362297,49711.74581547859,84984.65779621174,49192.99785576699,83820.69643479069,48680.136207520554,82676.36597030374,48173.90169652174,81553.1664680406,47675.00120226199,80450.68520843124,47183.4345649588,79369.12747926207,46699.42970795344,78309.49844214348,46223.56433379001,77274.21002939148,45757.05945376649,76268.47383694329,45302.42205786089,75303.41697327713,44864.86590005841,74403.20020755223,44455.548713890224,73621.7595660894,44099.20805601809,73083.34914154725,43852.82091288978
491,2.4625425425425425,94247.99988241932,53157.39600308454,93531.11326478704,52850.9762975414,92506.06995652661,52412.541623161276,91351.02393812702,51917.04405503078,90145.57802688229,51397.889911916565,88926.26770988866,50870.52238482602,87710.33535999579,50342.348458053246,86506.1570108631,49817.06115278177,85317.95016407447,49296.59216792854,84147.9945635935,48782.03785718017,82997.78708828692,48274.14126999562,81868.8348304866,47773.611535860524,80760.72135089034,47280.447715836475,79673.65176299994,46794.87789681225,78608.63513762536,46317.48113865246,77568.09428184738,45849.481875307196,76557.26556498963,45393.39459918146,75587.33049068056,44954.44914598939,74682.56994910711,44543.83813793612,73897.19066946114,44186.37671680532,73356.07196124169,43939.21954351352
492,2.4675375375375372,94629.77883999232,53274.52637929789,93909.11301389939,52967.062200902496,92878.67280521114,52527.131422400395,91717.56249589835,52029.946742562475,90505.80870188659,51509.03186235086,89280.13942771917,50979.88419965617,88057.88627634314,50449.93644451359,86847.46747538366,49922.894130382636,85653.12095882281,49400.695253141625,84477.1369526187,48884.439564222084,83321.01896684687,48374.87234683363,82186.28115738912,47872.70499096159,81072.50334289386,47377.935773692036,79979.89046048599,46890.79294563634,78909.45551062073,46411.85693016002,77863.63223414044,45942.35560037984,76847.68191058381,45484.81098825264,75872.84074336603,45044.469092159445,74963.5104242982,44632.55760081514,74174.16993355636,44273.969640217445,73630.32739536952,44026.038464429985
493,2.4725325325325325,95013.7116843802,53392.23521520648,94289.24495282861,53083.721127940444,93253.3769206968,52642.28647319236,92086.16764019438,52143.4059360193,90868.06994503636,51620.7212092396,89636.00544311132,51089.78421598823,88407.39546325873,50558.053481867595,87190.70065723799,50029.24711448004,85990.17950029671,49505.30943694739,84808.13275455004,48987.34361422644,83646.07059471417,48476.09717339259,82505.51427689266,47972.283775480246,81386.03985525804,47475.900908756645,80287.85208845463,46987.1769877308,79211.96792712306,46506.69380547517,78160.83210514208,46035.68269086017,77139.73094974713,45576.673252684326,76159.95567024709,45134.927733298435,75246.02944399414,44721.70906657436,74452.70505788388,44361.98876365394,73906.12306659593,44113.2795946828
494,2.4775275275275273,95399.80907527787,53510.52515455664,94671.51963462782,53200.95569730271,93630.19270434494,52758.00935837017,92456.84960254098,52257.42417801092,91232.3718116789,51732.96045335922,89993.87563412616,51200.22489241826,88758.87262276761,50666.70198676373,87535.86608474232,50136.12248027865,86329.13514593022,49610.437053740585,85140.99115900829,49090.75230147719,83972.95099691152,48577.81800458602,82826.54305280169,48072.350105743935,81701.33959383961,47574.345299532644,80597.5451980734,47084.03216453309,79516.18078696448,46601.99386975698,78459.70214698178,46129.46521648781,77433.42079119453,45668.98342782129,76448.68324238848,45225.82707174725,75530.13485070743,44811.2945067561,74732.80377315433,44450.43603190871,74183.46662848225,44200.94486064056
495,2.4825225225225225,95788.08171520312,53629.398851133585,95055.94765475232,53318.7685375811,94009.13059932174,52874.30267057657,92829.61865560152,52372.004020805696,91598.72439760719,51845.75210498805,90353.75991857487,51311.208696886206,89112.32749595413,50775.884385037214,87882.9733245904,50243.52261201497,86669.99729086406,49716.080446794826,85475.72139266183,49194.66792898697,84301.66923486258,48680.03710390865,83149.37638468777,48172.906206516775,82018.41129964097,47673.271132817106,80908.9783750466,47181.36062563629,79822.10252391764,46697.759236184036,78760.25064514717,46223.70525488886,77728.75957643302,45761.743556765476,76739.03146310317,45317.16911747971,75815.83451868998,44901.31590041949,75014.47384137439,44539.31339719149,74462.36576557915,44289.03619601796
496,2.4875175175175173,96178.54034962413,53748.858968790104,95442.53965118607,53437.16228734017,94390.20109072333,52991.16901229196,93204.48511329955,52487.148026358336,91967.13783918071,51959.09868393352,90715.6682541372,51422.73810670263,89467.76986307862,50885.60311173643,88232.03198196836,50351.449902982975,87012.77536805853,49822.24196828808,85812.3327193377,49299.09280852215,84632.23440650092,48782.756743460974,83474.02320799674,48273.95431102359,82337.26374891555,47772.68060372567,81222.16023971881,47279.16452881267,80129.74160579758,46793.99202597748,79062.48591858419,46318.40489159851,78025.75547986034,45854.95569039833,77031.00836804906,45408.95588812451,76103.1363540285,44991.77523416208,75297.72305594085,44628.62281914915,74742.82819351995,44377.5555418969
497,2.4925125125125125,96571.19576708747,53868.90818147529,95831.3063045683,53556.13959514566,94773.41470570034,53108.61099586249,93581.45933094199,52602.85876633744,92337.62231344638,52073.00271955928,91079.6106384808,51534.81560857554,89825.2095436944,50995.86061114922,88583.05170066957,50459.9067555601,87357.47884840667,49928.92397932808,86150.83444013279,49404.0292606278,84964.65564637947,48885.97920397396,83800.49249415628,48375.49666097424,82657.90575327352,47872.57591571627,81537.09944717883,47377.446040036986,80439.10653456386,46890.69436842404,79366.41631979756,46413.566220083834,78324.41670886357,45948.62188740297,77324.62202532653,45501.189408987135,76392.0482947402,45082.6745021415,75582.55924173506,44718.366264886994,75024.86165911422,44466.50484674763
498,2.4975075075075073,96966.0587993463,53989.549173263214,96222.25833832045,53675.7031195929,95158.78201358335,53226.6312435282,93960.55170534224,52719.13882215329,92710.18803826004,52187.466750812506,91445.59710938013,51647.44369863703,90184.65639676496,51106.659336829194,88936.04216321003,50568.89558123306,87704.11724084741,50036.128849977875,86491.23589352508,49509.479614652846,85298.94212578,48989.706774833685,84128.79325068345,48477.5355065879,82980.34615978772,47972.9592806132,81853.80468736382,47476.20733351009,80750.20584642289,46987.86840089917,79672.05023495136,46509.19134176634,78624.75150391828,46042.74421428665,77619.8805355756,45593.87171307192,76682.57831086875,45174.01570609713,75868.99025521756,44808.54570899027,75308.47394044125,44555.88606644993
499,2.5025025025025025,97363.1403214887,54110.78463838183,96615.40651877348,53795.85552933558,95546.31362600822,53345.23238745122,94341.77267494373,52835.99078498555,93084.84527240763,52302.49332625111,91813.6377448362,51760.624882470365,90546.1203207815,51218.00175162231,89291.01309094383,50678.41880062409,88052.7000924791,50143.85895928135,86833.5464554854,49615.44620877511,85635.1030528227,49093.94175410603,84458.93452129255,48580.073106617245,83304.5938510996,48073.83291863087,82172.2846851634,47575.450591682355,81063.04811193052,47085.51626889013,79979.3960839699,46605.28236604489,78926.76813868762,46137.32474540319,77916.79203207351,45687.00484110417,76974.73440458032,45265.80085537191,76157.02398452285,44899.163133545495,75593.67284694423,44645.701164314436
500,2.5074974974974973,97762.45125206643,54232.61728124181,97010.7616552951,53916.59950311408,95936.02019704183,53464.41706974388,94725.1327199436,52953.417255811044,93461.60431572713,52418.085004071334,92183.7426631961,51874.36167513669,90909.61125388056,51329.89032769316,89647.97424417878,50788.4788435167,88403.2369886733,50252.116695288896,87177.77553958909,49721.93139002671,85973.1476725763,49198.686448561544,84790.92538600328,48683.11172837305,83630.65774552555,48175.19905839792,82492.54820052418,47675.17800527735,81377.64193609472,47183.64012601926,80288.46232063875,46701.84141031848,79230.47492012157,46232.36556297539,78215.36468083259,45780.59084155206,77268.52461025982,45358.03196693391,76446.66834955425,44990.22052816197,75880.46621952392,44735.95211110384
501,2.5124924924924925,98164.00255322365,54355.04981646537,97408.33460041754,54037.93772978432,96327.91242330804,53584.18794249709,95110.64236241684,53071.42084543156,93840.47550923038,52534.24435213484,92555.92202327287,51988.65660120216,91275.13917396183,51442.32754655157,90006.93542229228,50899.078148881905,88755.73755318882,50360.90445508294,87523.93259712812,49828.93751431895,86313.08526716803,49303.9431737001,85124.77496124887,48786.653647748346,83958.54679716314,48277.059936981,82814.60402855469,47775.39177331529,81693.99595847851,47282.24213406717,80599.25743270596,46798.87060000903,79535.88018855674,46327.868757117496,78515.60668069817,45874.63177064897,77563.95699460746,45450.71106539835,76737.93130207919,45081.71988999337,76168.86193063327,44826.64088505427
502,2.5174874874874873,98567.80523082623,54478.084968915406,97808.1362499654,54159.87290834634,96722.00104411354,53704.547667808605,95498.31216644023,53190.00417450188,94221.46923522528,52650.97394799633,92930.1860244657,52103.51219476472,91642.71409880632,51555.31589907914,90367.90646384757,51010.2191649043,89110.21144828558,50470.224644803784,87872.02711722328,49936.466946467976,86654.925155894,49409.7142537759,85460.49239998467,48890.701149243076,84288.26999599807,48379.41779990903,83138.46099962982,47876.09410313686,82012.11885330299,47381.32446299598,80911.78994198327,46896.37206858435,79842.99231781584,46423.836425857735,78817.52626344663,45969.12969241556,77861.03965673523,45543.84018304928,77030.8208258243,45173.66322375922,76458.8678843715,44917.76947189662
503,2.5224824824824825,98973.87033459106,54601.725473724415,98210.1775431839,54282.407747973164,97118.29684157466,53825.498917811405,95888.15273821694,53309.169873557614,94604.59591743813,52768.276378931085,93306.54490688028,52218.930999481425,92012.34608619475,51668.85788555594,90730.89724670994,51121.90434900829,89466.66837483924,50580.07967967528,88222.06862693667,50044.522060219795,86998.67669532976,49516.0020218223,85798.08689179686,48995.25652598842,84619.83636801083,48482.274901197205,83464.12797949616,47977.28721042682,82332.01932955075,47480.88929097266,81226.068404448,46994.34795758103,80151.81971530776,46520.27067516089,79121.1316938838,46064.08667868202,78159.78072826375,45637.421359861626,77325.34493657114,45266.05254176654,76750.4920165789,45009.33986487793
504,2.5274774774774773,99382.20895821562,54725.97407632357,98614.46946286717,54405.544968039496,97516.81064074366,53947.044374702054,96280.17472620105,53428.920583043175,94989.86602113635,52886.15424196241,93685.0089514494,52334.91556859536,92384.04523402618,51782.95601568711,91095.91768816332,51234.13616788422,89825.11807245576,50690.47198403059,88574.06669138427,50153.10523827585,87344.34927944106,49622.8088196768,86137.56766301123,49100.32207977142,84953.25497528381,48585.633503371166,83791.61386937712,48078.9733192378,82653.70613106932,47580.938804392375,81542.10141034464,47092.80041662742,80462.37082212766,46617.17361895094,79426.43126994328,46159.504809110316,78460.18837341931,45731.45664352297,77621.51168225179,45358.88986393142,77043.74229493136,45101.35406478286
505,2.5324724724724725,99792.83223950787,54850.83353247186,99021.02303548678,54529.28729815059,97917.55330973577,54069.18673076932,96674.38882122264,53549.25895333996,95377.29005325127,53004.6101438893,94065.58848005379,52451.46846496292,92757.82168043655,51897.61280862951,91462.97774502712,51346.91709751474,90185.5703195861,50801.403991338135,88928.03091384885,50262.21887231821,87691.95233969472,49730.13699800598,86478.94397680223,49205.90012105954,85288.5349161086,48689.4958774911,84120.92760607849,48181.15466201403,82977.1880366749,47681.47519790195,81859.8975842869,47191.73160346673,80774.65411315719,46714.547379133684,79733.43332278544,46255.38617121652,78762.27078913103,45825.948089455596,77919.3291430446,45452.1772178008,77338.62671903566,45193.8140799552
506,2.5374674674674673,100205.75136051647,54976.306608285304,99429.84933132083,54653.63747817127,98320.53575985626,54191.928688422566,97070.80575661275,53670.187644794314,95766.87856250136,53123.646701314065,94448.29385564303,52568.592261080856,93133.68560391784,52012.83079301853,91832.0874137731,51460.24962320113,90548.03493364133,50912.878144227325,89283.97093589297,50371.86536303528,88041.49534516995,49837.9889163306,86822.22513330245,49311.9929690253,85625.68532509338,48793.86430317611,84452.07816209404,48283.833479615256,83302.47386025618,47782.50067442322,82179.46558535981,47291.14368398001,81088.67809716506,46812.39408561943,80042.14621689601,46351.73286039313,79066.0362051282,45920.89776083849,78218.80543147039,45545.91663857413,77635.1533205243,45286.72192631927
507,2.5424624624624625,100620.9775476609,55102.39608026611,99840.95946458285,54778.59825825477,98725.76894572766,54315.27296022042,97469.43630832873,53791.70932774576,96158.64213951534,53243.2665406701,94833.13548235707,52686.289539113684,93511.64722343725,52128.61250699501,92203.25673064271,51574.13623958952,90912.52177110776,51024.8968945146,89641.89643747245,50482.047120147094,88392.98780266954,49946.36694305069,87167.42046971191,49418.602951571025,85964.71537327056,48898.74106862833,84785.07454571141,48387.012021340546,83629.57245087862,47884.017445176614,82500.81410722216,47391.038832209226,81404.45131690773,46910.71587634576,80352.57835018539,46448.546979931416,79371.49288403773,46016.30772862936,78519.9486924886,45640.11016912513,77933.33016315087,45380.07962740159
508,2.5474574574574573,101038.52207186221,55229.10473533201,100254.36459355116,54904.17239887183,99133.2638654175,54439.22226889936,97870.29129508,53913.82668255515,96552.59141695597,53363.47229824956,95220.12380564745,52804.56289092089,93891.71679855675,52244.96049823186,92576.49577176452,51688.57945069751,91279.04072766258,51137.462703229394,90001.81713704974,50592.76656243105,88746.43925683168,50055.27345547066,87514.53936040806,49525.73240535344,86305.63426820481,49004.12847065734,85119.92580111822,48490.69254495217,83958.49269288854,47986.02772970454,82823.95187820902,47491.419230380525,81721.9823492302,47009.51489730029,80664.73815408768,46545.83064104386,79678.64912148213,46112.18007158679,78822.7671035937,45734.75986002355,78233.1653428856,45473.88921435246
509,2.5524524524524526,101458.39624867398,55356.43537084566,100670.07592069863,55030.362670839706,99543.03156056587,54563.7793474024,98273.38157845376,54036.54239963296,96948.73706964351,53484.266620231196,95609.26931239912,52923.4149180844,94273.90462955266,52361.87732396119,92951.81465327182,51803.5817699405,91647.60173828932,51250.578040640146,90363.74279170754,50704.02611774733,89101.85929024158,50164.71083982441,87863.59121705533,49633.38367580849,86648.45125410084,49110.028814704514,85456.64100850804,48594.877316699676,84289.24350601765,48088.53375589507,83148.8876614344,47592.2870689273,82041.27980516707,47108.79330254348,80978.63409366025,46643.58596288668,79987.51324617719,46208.516876292255,79127.26887491172,45829.86776955713,78534.66698801098,45568.15272596753
510,2.5574474474474473,101880.61143841308,55484.3907946439,101088.10469282222,55157.171855351364,99955.08311651382,54688.9469389079,98678.7180630411,54159.859179467574,97347.08981468008,53605.6521627082,96000.58253105254,53042.848231935866,94658.22105753566,52479.36555100119,93329.22353142053,51919.14572015822,92018.21477739383,51364.24538628038,90727.68319726297,50815.82822306467,89459.2575235435,50274.68149130067,88214.58548871547,49741.55911717616,86993.17561191201,49216.444414867394,85795.2292841873,48699.5686113438,84621.83384548782,48191.53776000561,83475.63025489448,47693.644546513555,82362.352330044,47208.55325423154,81294.27466768323,46741.81507258224,80298.09362003024,46305.32023717243,79433.46224929717,45925.435963753305,78837.84325921765,45662.872208709574
511,2.5624424424424426,102305.17904629125,55612.97382506726,101508.46220117343,55284.60274400457,100369.42966243143,54814.7277968582,99086.31169656324,54283.77973265359,97747.66041157368,53727.63159171612,96394.07403172566,53162.86545358416,95044.67646457074,52597.42775578304,93708.73260270718,52035.27383364141,92390.88985892049,51478.46722897484,91093.64818838151,50928.175324486016,89818.64361555294,50385.18781406821,88567.531661958,49850.26109252537,87339.81665944858,49323.37759392417,86135.69978068156,48804.76871218057,84956.2727021158,48295.04198668637,83804.18849157036,47795.49387005707,82685.20860357887,47308.79692263924,81611.66840875961,46840.52010524164,80610.39863823832,46402.59225652127,79741.35550242975,46021.46651640127,79142.70234970031,45758.049716730085
512,2.5674374374374374,102732.11052254666,55742.18729098954,101931.15978158829,55412.65813883116,100786.08237144633,54941.12468498861,99496.17346999819,54408.30677992029,98150.45966236279,53850.20758326083,96789.75442633634,53283.469213942895,95433.28127379768,52716.06652437808,94090.35210398755,52151.96865215818,92765.6370364684,51593.24606686565,91461.64763869152,51041.06987727426,90180.02726336928,50496.2322213012,88922.43926097045,49959.49197377879,87688.3837514865,49430.83068335816,86478.0616868427,48910.479911065406,85292.5691024184,48399.048689004216,84134.57123953177,47897.83725475279,83009.85733998357,47409.52648618297,81930.82388341495,46939.7032039873,80924.43672938667,46500.33504452237,80050.95694291181,46117.961509073815,79449.25248525408,45853.68731189116
513,2.572432432432432,103161.41736257565,55872.03403184729,102356.20881461808,55541.34085232635,101205.05246077268,55068.140377356205,99908.31441770746,54533.443052160146,98555.49841174093,53973.38282334653,97187.63436872521,53404.66215375796,95824.04594955155,52835.28445252493,94474.09231259486,52269.23272698089,93142.46640340789,51708.58440743852,91831.69146089868,51154.51434587805,90543.41820248822,50607.8171352045,89279.31784766934,50069.25414173781,88038.88627987617,49538.80602338233,86822.32422795564,49016.70450843719,85630.73210871781,48503.56012846637,84466.78740204015,48000.67692409612,83336.30728806581,47510.744131443666,82251.74969219755,47039.36651997564,81240.21635554751,46598.55071927117,80362.27491236544,46214.92303114947,79757.50192437084,45949.78706378718
514,2.5774274274274274,103593.11110706475,56002.51689766937,102783.62072566009,55670.653707477984,101626.35119183986,55195.777658368854,100322.74561756304,54659.19129045721,98962.78754718188,54097.16000800374,97587.72455477815,53526.44692363512,96216.98099748367,52955.08414565652,94859.9635464588,52387.0686189128,93521.38809299735,51824.48476754905,92203.78960690087,51268.51120395759,90908.82620691467,50719.94498703913,89638.17702181097,50179.54998610761,88391.33367365172,49647.30596296385,87168.49666584592,49123.44481334253,85970.770819247,48608.57857504424,84800.84591765291,48104.015109906395,83664.5672313311,47612.45205318984,82574.45446977903,47139.51221241964,81557.74601237873,46697.24140679731,80675.31778552993,46312.35317983439,80067.45895833573,46046.35104976677
515,2.582422422422422,104027.20334212309,56133.638749106685,103213.40698508857,55800.599537796035,102049.98987042194,55324.039322814126,100739.47819107467,54785.55424611571,99372.3379990646,54221.54184331749,97990.03572254979,53648.82618406768,96612.09696468248,53075.46821892732,95247.97616422431,52505.478898314715,93902.41227850028,51940.94967344898,92577.95206790311,51383.06293441052,91276.2610892758,50832.61821714767,89999.02642110272,50290.38190552204,88745.73539914009,49756.332859848786,87516.5882989869,49230.70314345986,86312.69436825534,48714.10630719716,85136.75576032697,48207.85405235028,83994.64598808506,47714.65245440065,82898.94688505481,47240.142448611645,81877.0342292229,46796.40924108706,80990.09397035955,46410.25406018458,80379.13191132394,46143.38135495452
516,2.5874174174174174,104463.70569941493,56265.40245746181,103645.5791083862,55931.181187341936,102475.9798467671,55452.928175888344,101158.52330351739,54912.5346806887,99784.16074079876,54346.53104545551,98394.57865238655,53771.80260546413,97009.40443979479,53196.43929724071,95638.14056537085,52624.4661451319,94285.54917330231,52057.981660812584,92954.18887453275,51498.17202939783,91645.73270093426,50945.83927497979,90361.87572131428,50401.752307568844,89102.10096007069,49865.88908058675,87866.6084626077,49338.481825123905,86656.51192611454,48820.145611896274,85474.52593952279,48312.195999965275,84326.55241153565,47817.34754628902,83225.23564124478,47341.25940394603,82198.08956920664,46896.05636410566,81306.61190812149,46508.627785127865,80692.52914049769,46240.880072273016
517,2.592412412412412,104902.62985629236,56397.810904718914,104080.1486562755,56062.40151075813,102904.3325157274,55582.447033225806,101579.89216405916,55040.135366006696,100198.26678895023,54472.13034069626,98801.36416705043,53895.37886817601,97408.91405314731,53318.00001527609,96030.46719033188,52744.03294892093,94670.80903102875,52175.58327476309,93332.51009695497,51613.84099036985,92017.25093210179,51059.610619117826,90726.73463638924,50513.663608814735,89460.43989768496,49975.977000555635,88218.56652880076,49446.7831933498,87002.23269942479,48926.69878464852,85814.16550030916,48417.043209683194,84660.29538989584,47920.53954832477,83553.32947599451,47442.8652619421,82520.92062933989,46996.18492581978,81624.88007349374,46607.476475486124,81007.65903610332,46338.84930246476
518,2.5974074074074074,105343.98753592849,56530.86698357345,104517.12723485069,56194.26337329757,103335.05931688874,55712.5987209278,102003.59602588882,55168.35908420638,100614.66720336728,54598.342465457405,99210.4031318424,54019.55766252566,97810.63647686837,53440.153017516386,96424.96652061446,52864.181908876555,95058.20214566217,52293.75706989912,93712.92584498844,51730.07232809235,92390.82571195286,51173.93471730232,91093.61291855702,50626.11823483054,89820.76179084645,50086.59900398626,88572.47190663007,49555.609591857516,87349.86593112083,49033.76812952061,86155.68352346706,48522.397946853824,84995.88384648641,48024.23068825782,83883.23716147598,47544.9622142668,82845.53604061554,47096.79708422007,81944.90697466346,46706.80225999754,81324.5300215685,46437.29115411418
519,2.602402402402402,105787.79050745069,56664.57359746202,104956.52649570942,56326.769650853385,103768.1717347011,55843.38607559182,102429.64618634441,55297.208627759406,101033.37308730629,54725.17016632397,99621.70645472685,54144.34168883395,98214.58242500988,53562.90095827543,96821.64907891916,52984.9156338586,95447.73885166024,52412.50561032118,94095.44626822107,51846.86856267245,92766.46700873853,51288.81404645765,91462.52035844467,50739.118620216475,90183.07625615079,50197.757483987356,88928.33404223948,49664.96337309629,87699.42090057851,49141.35595916294,86499.08912559487,48628.26248526849,85333.32673983894,48128.42320214148,84214.96750448926,47647.55246075771,83171.94446810918,47197.89500534362,82266.70115342533,46806.60727533871,81643.15055359984,46536.207743669554
520,2.6073973973973974,106234.0505860741,56798.933660592375,105398.35813608552,56459.923229988475,104203.68129860879,55974.81194434091,102858.0539870415,55426.68679950115,101454.39558755839,54852.6162000768,100035.2850864556,54269.7336574484,98620.76265366928,53686.246501725305,97220.5254292602,53106.236742419016,95839.42952407371,52531.83146965821,94480.08155612613,51964.23222358481,93144.18482990068,51404.251092717706,91833.46678518913,50852.66720862733,90547.39294803594,50309.45484257027,89286.16241896091,49774.846898268996,88050.90692372149,49249.46459483367,86844.39145921299,48734.63910718374,85672.63306379893,48233.11933435568,84548.52934656393,47750.63820944588,83500.15461107918,47299.4808632966,82590.27118528016,46906.89366614702,81963.52912228048,46635.60119546527
521,2.612392392392392,106682.77963323538,56933.95009797332,105842.63389898099,56593.727007965164,104641.59958318135,56106.8791848529,103288.83081400186,55556.79641265965,101877.74589457588,54980.68333372089,100451.15002069245,54395.736288770975,99029.18796111215,53810.192321923845,97621.60617708559,53228.14786282892,96233.28457866504,52651.73723109424,94866.84193817858,52082.16584969786,93523.98922218615,51520.24835145173,92206.46206654974,50966.76645279782,90913.72155889288,50421.69349067392,89645.9665574234,49885.262537356735,88404.33335312795,49358.096366422775,87191.59971286895,48841.53010334497,86013.81184762914,48338.32133763027,84883.93156406046,47854.22167657876,83830.1752030666,47401.556840276826,82915.62567953362,47007.66358504293,82285.67425116789,46735.47364174375
522,2.6173873873873874,107133.9895567269,57069.62584544483,106289.36557329907,56728.18389277511,105081.93820824448,56239.590665389806,103721.98809778232,55687.540290884484,102303.43524259904,55109.37434451387,100869.31229413775,54522.35231328606,99439.86918789466,53934.74110284226,98024.90196939775,53350.65163310564,96629.31447202638,52772.22548739486,95255.73768397154,52200.671989299815,93905.8902717615,51636.80832729003,92581.5161090208,51081.41881456798,91282.07181917632,50534.4758481897,90007.75601566167,49996.21266914327,88759.70957813782,49467.25361247631,87540.72311124283,48948.93777301024,86356.87215611326,48444.03147306841,85221.18306827258,47958.3050866433,84162.01501199555,47504.12512659643,83242.77327939543,47108.919192652356,82609.59449739203,46835.827222677755
523,2.622382382382382,107587.69231083078,57205.9638497081,106738.5649939772,56863.296803168974,105524.70883901117,56372.94926482722,104157.53731360406,55818.92126827574,102731.4749097833,55238.69201999455,101289.78298665353,54649.58447158869,99852.81721698654,54059.895538392775,98430.42349487446,53473.75070103995,97027.52970169866,52893.29884093419,95646.77910333309,52319.753200125124,94289.89810432763,51753.933534149684,92958.63885794427,51196.626764908484,91652.4534975155,50647.804343986536,90371.54038922531,50107.699681239676,89117.04502495988,49576.93868022044,87891.77091525255,49056.86442397406,86701.82308965948,48550.25201017,85560.292805529,48062.89067238887,84495.68284027408,47607.18792070458,83571.72266207811,47210.662657629066,82935.29845175346,46936.66408639248
524,2.6273773773773774,108043.89989645357,57342.967068355654,107190.24404212016,56999.06866868631,105969.92318621307,56506.95787268379,104595.48998148195,55950.94218941302,103161.87621832642,55368.63915801147,101712.57322138836,54777.43551441253,100268.04297389403,54185.65833245613,98838.18148398957,53597.447724223144,97427.94080629047,53014.95990372141,96039.97654644302,52439.412049380706,94676.02288523466,51871.62649526053,93337.84029762296,51312.39278394616,92024.87640082535,50761.68141593583,90737.32931128799,50219.72597010893,89476.34915677937,49687.15392558573,88244.75242215961,49165.312372591165,87048.67378440451,48656.985226855075,85901.26975729584,48167.9806748505,84831.18752489434,47710.747429210176,83902.48253889676,47312.896156677016,83262.79473882167,47037.9863889878
525,2.632372372372372,108502.62436126098,57480.638469901554,107644.41464513363,57135.50242968557,106417.59300623213,56641.61938915073,105035.85766635402,56083.60590938461,103594.65053459599,55499.21856675151,102137.69416490312,54905.908202658014,100685.55742678324,54312.03219890927,99248.18670913434,53721.74537007434,97830.55836559717,53137.21129742759,96435.34040395016,52559.65111377223,95064.27481959734,51989.889743191095,93719.13045143358,51428.71936098941,92399.35037441796,50876.10951093653,91105.1324527571,50332.293941090524,89837.63147386545,49797.9017132314,88599.6769656751,49274.283943800474,87397.43341231784,48764.23340948738,86244.12294027915,48273.577343371835,85168.53793753384,47814.8058669047,84235.0616553683,47415.62187457301,83592.09201703378,47139.796294560634
526,2.6373673673673674,108963.87779981294,57618.9810338117,108101.08877685784,57272.601037373905,106867.7301012325,56776.93672512132,105478.65197821155,56216.915293816506,104029.80926925715,55630.43306476854,102565.15702729642,55035.00530742054,101105.37158660356,54439.019861653265,99660.44998473884,53846.646315867736,98235.39300072023,53260.055653412506,96832.88110708963,52680.4729795306,95454.66415241019,52108.72581987452,94102.51938194042,51545.60899455381,92775.88530211402,50991.09108494029,91474.9595223832,50445.40600842523,90200.90151367919,49909.18441656961,88956.55391606544,49383.7814711489,87748.11118130575,48871.998852897756,86588.86140652736,48379.68293562834,85507.74298465635,47919.3654567849,84569.46879131117,47518.842004189064,83923.19897879325,47242.09597522708
527,2.642362362362362,109427.6723536987,57757.997750534036,108560.27845770167,57410.36745383732,107320.34631929286,56912.912802220744,105923.88457222884,56350.87321890159,104467.36387740064,55762.285481012186,102994.97306233029,55164.72961001878,101527.49650721152,54566.62405464088,100074.98216739355,53972.15324875995,98642.45537418687,53383.49561275163,97232.60912780048,52801.880242438354,95847.2011686633,52228.13727663455,94488.01719100888,51663.06419238764,93154.49110635454,51106.628602976685,91846.82026687011,50559.064595279844,90566.16885098157,50021.00441778982,89315.3926802589,49493.80729681536,88100.71633531603,48980.28386040783,86935.4942435342,48486.29971765065,85848.81160761326,48024.42843007584,84905.71276094537,47622.558746515075,84256.12435056883,47344.88761114493
528,2.6473573573573574,109894.02021167257,57897.69162152895,109021.99575477668,57548.80465207074,107775.45355453865,57049.550552835506,106371.56714889385,56485.48257142894,104907.32585867106,55894.77865485655,103427.1535675565,55295.08390202296,101951.94328549466,54694.84752190455,100491.79415597142,54098.2688658174,99051.75619007,53507.53382626296,97634.53497884353,52923.87550785617,96241.896193458,52348.1266742116,94875.63401991926,51781.08747149751,93535.17774831294,51222.72453917833,92220.72447098471,50673.27213377197,90933.44309794171,50133.36410788319,89676.20270195192,49604.363771634744,88455.25815444271,49089.090743853645,87284.03057434174,48593.429963847564,86191.75278274491,48129.99702625364,85243.80241299246,47726.774310681336,84590.87689299358,47448.173390535994
529,2.6523523523523522,110362.9336097895,58038.06565929975,109486.25278203169,57687.91561600809,108233.06374727457,57186.85292014332,106821.71145413865,56620.74624881309,105349.70675739512,56027.91543612903,103861.70988444272,55426.070985283244,102378.72306149578,54823.693017584286,100910.89689174983,54224.995874043816,99463.3061941082,53632.17295453407,98038.66921391925,53046.46139074937,96638.759592123,52468.69658278884,95265.38004948101,51899.681358174086,93917.95522800705,51339.381376806086,92596.68195766768,50788.03106499489,91302.73390424544,50246.26588666702,90038.99346171586,49715.45325512206,88811.74595503087,49198.42182360924,87634.47955764375,48701.07595702961,86536.57552148243,48236.073493068565,85583.74663077579,47831.49091398125,84927.46540096425,47551.955509708525
530,2.6573473473473475,110834.4248315413,58179.12288742295,109953.06170038745,57827.703340552456,108693.18888411768,57324.822858142834,107274.32927947026,56756.6671591233,105794.51816271045,56161.6986851392,104298.65339849939,55557.69367195804,102807.84701853733,54953.16330595553,101332.30135853282,54352.336990407544,99877.11617382572,53757.41566794902,98445.02242778616,53169.6405157145,97037.80177033048,52589.84958201839,95657.26550014691,52018.84838801773,94302.83358441152,51456.6016082745,92974.7025881437,50903.343839042405,91674.05095720373,50359.712162809206,90403.77447710383,49827.07811549638,89170.18908978178,49308.27942861041,87986.8503878887,48809.23998843215,86883.28887044943,48342.66008656778,85925.55433232101,47936.71078189391,85265.89870374088,47656.236173079735
531,2.6623423423423422,111308.50620799256,58320.866340579,110422.43471787163,57968.170831606374,109155.8409981303,57463.4633316835,107729.4324621016,56893.248221112975,106241.77170869456,56296.13127270777,104737.99553940601,55689.95478454253,103239.32638334604,55083.26116145711,101756.01858277385,54480.29494186923,100293.19695865332,53883.26464671554,98853.60525637907,53293.41551700602,97439.0331742128,52711.58826104746,96051.30063212762,52138.59110596434,94689.8228955705,51574.387735177035,93354.79626203199,51019.212915033786,92047.40398186164,50473.70535385278,90770.55530275761,49939.24072970496,89530.59694785807,49418.6658963784,88341.15229538373,48917.92435773885,87231.90191156394,48449.759071118635,86269.23447045663,48042.43614810689,85606.18566504629,47761.01759319824
532,2.6673373373373375,111785.19011791739,58463.29906458274,110894.384089754,58109.3211061021,109621.03216895353,57602.77731649541,108187.03288508295,57030.49236424914,106691.47907449398,56431.21608019548,105179.74778113843,55822.85715589717,103673.1724261778,55213.98936871936,102182.0596336983,54608.87246540929,100711.55942004881,54009.722580892136,99264.42837692797,53417.789038562936,97842.46429047892,52833.91521854462,96447.49574550631,52258.91206631112,95078.9332787104,51692.74226831154,93736.97291745746,51135.64076113875,92422.80274110743,50588.24788624052,91139.34553051501,50051.94348344759,89892.97895498952,49529.58357304365,88697.39454639838,49027.131373105054,87582.42376214077,48557.37271943154,86614.79603291492,48148.669254539076,85948.33518316598,47866.301990766646
533,2.6723323323323322,112264.4889879362,58606.42411641405,111368.92211868198,58251.15719203198,110088.77452294083,57742.767799219284,108647.14247743333,57168.402528741906,107143.65198445355,56566.95599953218,105623.92164209613,55956.40362927623,104109.39646094287,55345.350722592266,102610.43562342683,54738.072308055634,101132.21447161798,54136.7921704152,99677.50250807674,53542.763734035536,98248.10564653136,52956.83306272602,96845.86118035358,52379.81383274243,95470.17489035269,51811.6677277056,94121.24253116173,51252.62985460244,92800.25703578172,50703.34219533946,91510.15478951723,50165.1887712006,90257.34457357832,49641.03481336976,89055.58644326839,49136.86335118132,87934.86357499375,48665.50331258317,86962.24804243282,48255.41235136334,86292.35619104827,47972.091594664205
534,2.677327327327327,112746.41529265269,58750.24456424847,111846.06115481607,58393.6821284788,110559.08023329156,57883.43777743642,109109.77321427233,57306.98166557398,107598.30220824611,56703.35393324586,106070.52868522948,56090.597058356354,104548.00984533102,55477.3480281734,103041.15770709835,54867.8972269113,101555.17306923574,54264.476125126326,100092.8384100024,53668.34226681215,98655.96781058337,53080.344411381826,97246.40731684268,52501.29897835572,95863.55792642725,51931.166642642085,94507.61511861444,51370.182681770544,93179.77670478699,50818.990725465635,91882.99274631654,50278.97899624125,90623.70330280524,49753.02198077722,89415.7373245,49247.12261713682,88289.23053853842,48774.15314003958,87311.5995568531,48362.667697029465,86638.25765640436,48078.38864196932
535,2.6823223223223223,113230.98155479088,58894.76348748804,112325.81359596594,58536.89896564621,111031.96152018564,58024.790259698704,109574.93711695206,57446.2327365303,108055.44156100243,56840.41279449187,106519.58051816768,56225.440307265286,104989.02398093729,55609.984100836344,103474.23708299354,54998.34998918215,101980.44621116748,54392.777164799496,100510.44688453428,53794.52731004596,99066.06139177599,53204.45189190253,97649.14457536476,52623.37008568745,96259.09262238583,52051.24155168461,94896.1007341247,51488.301738114365,93561.37162519716,50935.19592990875,92257.86910498414,50393.31657067202,90992.06467873554,49865.54744736747,89777.85656487431,49357.911504682954,88645.53387689481,48883.324499679424,87662.8596692259,48470.437558286954,86986.04858180891,48185.195377982316
536,2.687317317317317,113718.20034533275,59039.98397679197,112808.19188772663,58680.810764889306,111507.43065091732,58166.82826555886,110042.64625318958,57586.15871422769,108515.0819034412,56978.13550708196,106971.08879334659,56360.93625061055,105432.45031338763,55743.26176625871,103909.68499265835,55129.43337220463,102408.04493819068,54521.698019168434,100930.3387752736,53921.32154668188,99478.3970402959,53329.15814130539,98054.0834166444,52746.029746739034,96656.78925331552,52171.89500270314,95286.70947095288,51606.98952825598,93945.05171236751,51051.960270956864,92634.79360721812,50508.203915444836,91362.43827442527,49978.61359394663,90141.95357555186,49469.23235609688,89003.78284999021,48993.0196978171,88016.03750791014,48578.72421020805,87335.7380048004,48292.51405624811
537,2.6923123123123123,114208.08428365615,59185.90913410757,113293.20852361507,58825.42059874512,111985.49994002997,58309.554825600506,110512.91273719915,57726.76258214449,108977.23514199929,57116.5250055136,107425.06520813666,56497.0877735082,105878.3003324649,55877.1838604506,104347.5127210282,55261.15016347362,102837.9803337167,54651.24142795393,101352.52496771327,54048.72766948347,99892.98544749287,53454.465806260865,98461.23434185554,52869.28056300296,97056.65813405266,52293.129552899576,95679.45146142239,51726.24856599346,94330.82692004474,51169.28621992131,93013.77603245176,50623.6434603856,91734.83370002777,50092.22281004976,90508.03780417734,49581.08752224513,89363.98675366254,49103.24104922613,88371.14223667528,48687.52993621065,87687.33499798221,48400.34693857901
538,2.697307307307307,114700.64603767256,59332.54207270111,113780.87604520659,58970.73155096328,112466.18174945096,58452.97298146829,110985.74872982505,57868.04733465035,109441.91322896256,57255.584234999274,107881.5215049718,56633.89777161159,106326.58557223533,56011.75322978286,104787.73159655185,55393.50316067032,103270.26352391283,54781.41014089132,101777.01638935778,54176.74838105992,100309.83734599804,53580.37754311923,98870.60789273719,52993.125145488826,97458.70961929679,52414.94776883344,96074.336877032,51846.081374326044,94718.70724047716,51287.17625716137,93394.8261979618,50739.63764421856,92109.26060290018,50206.377493964676,90876.11873498434,49693.47936260728,89726.15491976359,49213.99087716241,88728.1830548033,48796.857028081286,88040.84866912333,48508.69629507743
539,2.7023023023023023,115195.89832396538,59479.88591718872,114271.20704227185,59116.746716536654,112949.48848862656,58597.08578589821,111461.16643867457,58010.01597703605,109909.12816259643,57395.31615149566,108340.46947147761,56771.36915114031,106777.31761117473,56146.972731015376,105230.35299131603,55526.49517169017,103704.90567782456,54912.2069177579,102203.82400984349,54305.386393893,100728.96350984175,53706.89601793708,99282.2146517098,53117.56611474949,97862.954103725,52537.352226447576,96471.37592856801,51966.49048547949,95108.70270452504,51405.63287210929,93777.95395897714,50856.18891459075,92485.72866771046,50321.08005275618,91246.20588890075,49806.41024529971,90090.29671626241,49325.27151338755,89087.16919719079,48906.70778599819,88396.28816125955,48617.564404158795
540,2.707297297297297,115693.8539079285,59627.94380356752,114764.21415291411,59263.469201732005,113435.4326146574,58741.896302747984,111939.17811825126,58152.671525543316,110378.89198727703,57535.72372173327,108801.9209406005,56909.504828909005,107230.50807229536,56282.845231325715,105675.38832116954,55660.12901467077,104141.91800749791,55043.63452840043,102632.95884105908,54434.64443036418,101150.37475457201,53834.02390650389,99696.06524199159,53242.606100907244,98269.40202210617,52660.34551109388,96870.57886621679,52087.47844093137,95500.82338177151,51524.65856329507,94163.1692087878,50973.29972809654,92864.2476165443,50436.332902290116,91618.30882365404,49919.88254709926,90456.4215473492,49437.085298192316,89448.10993445129,49017.08451855438,88753.66265279494,48726.95355257435
541,2.7122922922922923,116194.52560390503,59776.718879246524,115259.91006370656,59410.902124120796,113924.02663243374,58887.40760702731,112419.79607008817,58296.01700739479,110851.2167936225,57676.80992324568,109265.88779073663,57048.30773235644,107686.16862327275,56419.37360833745,106122.84904584849,55794.40751801993,104581.31176810224,55175.69575276267,103064.43193726578,54564.52522278171,101574.0819373732,53961.763894368785,100112.17032771505,53368.247743679996,98678.06384941583,52783.9302175591,97271.95597967754,52209.047791436424,95895.07938063318,51644.255838371464,94550.48187885368,51090.972550302184,93244.82720901226,50552.13846725749,91992.43713387648,50033.89865346708,90824.53885353908,49549.43458042001,89811.01457301764,49127.98954278083,89112.98135760309,48836.86603543414
542,2.717287287287287,116697.92627532616,59926.214303077824,115758.3075098302,59559.0486126101,114415.28309477161,59033.62278492834,112903.03264288172,58440.055460823896,111326.11471862446,57818.57774439906,109732.38194586126,57187.78079957439,108144.31097657306,56556.56075014872,106572.74666910114,55929.333520443775,105023.09825805317,55308.39338091302,103498.25439521878,54695.03151340769,102000.0959571848,54090.11867686715,100530.54061404406,53494.49369240763,99088.95010095091,52908.10895009068,97675.51759827528,52331.20109705203,96291.48084847127,51764.42721413904,94939.90193891402,51209.20985577039,93627.47724235739,50668.499181198764,92368.60045121123,50148.46095857248,91194.65811177634,49662.32171749002,90175.89245524487,49239.42518416961,89474.2535251291,48947.30415622993
543,2.7222822822822823,117204.06883485068,60076.43324538783,116259.41927521143,59707.91180747339,114909.21460254864,59180.54493385612,113388.90023262582,58584.78993510494,111803.59794577984,57961.030184421754,110201.41537565846,57327.92697933678,108604.9468895802,56694.40955536087,107025.09273881304,56064.909870974785,105467.28881913568,55441.7302130722,103934.43735428795,54826.166054485395,102428.42775482034,54219.090959147376,100951.18684729046,53621.34660607827,99502.07133244474,53032.88432242263,98081.27409107382,52453.94092716363,96690.0379717029,51885.175216571224,95331.43939709649,51328.01412808504,94012.20755156275,50785.41748652811,92746.80844441798,50263.571865316655,91566.7888355386,49775.74907542126,90542.75295951292,49351.39377669709,89837.4884404913,49058.27022685824
544,2.727277277277277,117712.96624450428,60227.37888800833,116763.25819266036,59857.494860381485,115405.83380484034,59328.17716245911,113877.41128274541,58730.223490583085,112283.67870522266,58104.17025343381,110673.00009565071,57468.749231128706,109068.08816472368,56832.92293310702,107479.89884713282,56201.139428999915,105913.89483662743,55575.70905964092,104372.99199657913,54957.93160826647,102859.08831308683,54348.68345619781,101374.11981503163,53748.80915335456,99917.43814018248,53158.25895780148,98489.23586698933,52577.26986051023,97090.76097591264,52006.50238083929,95725.10430002726,51447.387859875875,94399.02800945936,50902.895834557654,93127.0708194791,50379.23378535684,91940.94057494111,49889.71902885579,90911.60550032962,49463.89766284715,90202.69542458327,49169.766567643295
545,2.7322722722722723,118224.6315158193,60379.05442430791,117269.83714400933,60007.80093443352,115905.15339905665,59476.52259065982,114368.57828423151,58876.35919870455,112766.36927385647,58248.00097247665,111147.14816732898,57610.25052517572,109533.74664960627,56972.10380308082,107937.17663059755,56338.02506428899,106362.9277394225,55710.332741227576,104813.92954705574,55090.330947038216,103292.08865690413,54478.8988928734,101799.35034622776,53876.884012600174,100335.06116111651,53284.23548901219,98899.41337490364,52701.19048520997,97493.66012596388,52128.41125133759,96120.90673294033,51567.3335528431,94787.9485268339,51020.936685521825,93509.3973197059,50495.44913913012,92317.12291684172,50004.23396108236,91282.45952843413,49576.93919363449,90569.88383417629,49281.79550736019
546,2.737267267267267,118739.07770997468,60531.463059223126,117779.16906025143,60158.83320418796,116407.18613107868,59625.584349685356,114862.41377577557,59023.20014204675,113251.68197548679,58392.525373542776,111623.87169828315,57752.43384247294,110001.93423713227,57111.9550955651,108396.9377702589,56475.56965702279,106814.3990001551,55845.604088676155,105257.26127366033,55223.36685315096,103727.4398534245,54609.74000392269,102226.8893113398,54005.57387190623,100754.95107298202,53410.81655840427,99311.81710377826,52825.70539878569,97898.74572611102,52250.904381708715,96518.85681978795,51687.85371778227,95178.97905253715,51139.5425086017,93893.79772584516,50612.22035587743,92695.34548494559,50119.296264060096,91655.32453090022,49690.52072862802,90939.06306202157,49394.35938325793
547,2.7422622622622623,119256.31793793639,60684.60800929009,118291.26692167947,60310.59485569379,116911.94479539567,59775.365582098144,115358.93034390446,59170.74941434843,113739.6291809537,58537.74649960545,112103.18284233232,57895.30217481437,110472.66286563563,57252.47975146064,108859.19399180906,56613.776097821465,107268.32013532333,55981.525943094,105702.9984874367,55357.04211904538,104165.15301215248,54741.20953401477,102656.74762244684,54134.881429117806,101177.11859441307,53538.00481791782,99726.45758276811,52950.81720819069,98306.02812011125,52373.984334868706,96918.96472335044,51808.95087460913,95572.1295735923,51258.71578194952,94280.28185618581,50729.549873667595,93075.61793991015,50234.908338442154,92030.21003123994,49804.644635974226,91310.24253695294,49507.46054108269
548,2.747257257257257,119776.36536059779,60838.49250267574,118806.14375802514,60463.089086521606,117419.44223524253,59925.86944182668,115858.14062311554,59319.010120540144,114230.22330826496,58683.66740464864,112585.09379965559,58038.858524822164,110945.94451900876,57393.68072231515,109323.9570657074,56752.64728777288,107724.70270541383,56118.10115587973,106151.15254265191,55491.35954728,104605.2392850653,54873.3102377662,103088.9362333646,54264.80939186045,101601.57448505859,53665.80292910952,100143.34538133573,53076.52852983419,98715.51769133697,52497.653683032346,97321.24064534681,51930.62755238433,95967.41011530369,51378.45899271304,94668.85956666568,50847.44013942143,93457.9499794504,50351.07259359949,92407.12558950738,49919.31329242053,91683.43172398981,49621.10133510092
549,2.7522522522522523,120299.23318892042,60993.1197792094,119323.81264859831,60616.31910579484,117929.69134273702,60077.099094196245,116360.0572960121,59467.98537677433,114723.47682272879,58830.291153696635,113069.61681692311,58183.10590597612,111421.79122683096,57535.56097035202,109791.23880730686,56892.18613846102,108183.55831502611,56255.3325887512,106601.73483691896,55626.321950558646,105047.7098667329,55006.04487976813,103523.46613976356,54395.36047756683,102028.32954569889,53794.21356317895,100562.49110936571,53202.841989607274,99127.22486288824,52621.915007738455,97725.69482654551,52052.88628933856,96364.83074136543,51498.77463706014,95059.54075097857,50965.89360893587,93842.35133844432,50467.791447644566,92786.08080240265,50034.529083338704,92058.64012443989,49735.284128122614
550,2.757247247247247,120824.93468407501,61148.49309041431,119844.28672242686,60770.28813422093,118442.70505901753,60229.05771595983,116864.693093439,59617.67831045594,115219.4022370879,58977.62082284413,113556.7641874272,58328.04734264286,111900.2150644977,57678.12346849931,110261.05107698085,57032.39557199437,108644.89861299719,56393.22311377343,107054.75681131895,55761.932151757945,105492.57599443848,55139.41623461334,103960.3483792876,54526.537413503305,102457.39461836187,53923.2394009947,100983.90541727937,53329.76022290858,99541.16009770545,52746.77089987524,98132.33754687496,52175.72963289726,96764.40155397049,51619.66522020329,95452.33534068159,51084.91274690816,94228.83178903842,50585.067327455254,93167.08530337614,50150.29440274849,92435.87727600265,49850.01129152459
551,2.7622422422422424,121353.48315758265,61304.615699539216,120367.57915839645,60924.99940412272,118958.49637438139,60381.748495328975,117372.06079461837,59768.09206027261,115718.01211165263,59125.65949928615,114046.5482512138,58473.68587010548,112381.22815334963,57821.37120041876,110733.40578025048,57173.27852103452,109108.73529252654,56531.77561338672,107510.22995052412,55898.19298395505,105939.84894829938,55273.427086923264,104399.59403167236,54658.34293679667,102888.78058643991,54052.88313312061,101407.59899614932,53457.285874670066,99957.33389868209,52872.2239597057,98541.17912553453,52299.160139705695,97166.1326939197,51741.133256424204,95847.25330530235,51204.50002696001,94617.4011407536,50702.902668698574,93550.1487627327,50266.61165334104,92815.15275287243,49965.28520527381
552,2.767237237237237,121884.89197145643,61461.490881590005,120893.70318539065,61080.4561594698,119477.07832842256,60535.174632004746,117882.17322728585,59919.229776225395,116219.31905443504,59274.410281347984,114538.98139521417,58620.02453459302,112864.84266080231,57965.30716053471,111208.31486791141,57314.83792882468,109575.08009130134,56670.99298043472,107968.16578292094,56035.1072904551,106389.54005138797,55408.08023137537,104841.21421886473,54790.77979446081,103322.49837480685,54183.14745984217,101833.5825778146,53585.42159938297,100375.75680877798,52998.27679689309,98952.22992110596,52423.18037565408,97570.03434073148,51863.18126909842,96244.30465244692,51324.65793166186,95008.06924059104,50821.29991585464,93935.28088773633,50383.48324650253,93196.47616584231,50081.108257950735
553,2.7722322322322324,122419.17453834307,61619.12192336151,121422.67208243156,61236.6616559099,119998.46401017068,60689.339337208716,118395.043267827,60071.09461965909,116723.3357212831,59423.87627851524,115034.07605337676,58767.06639330996,113351.07080047575,58109.93435406325,111685.79033616181,57457.07674921838,110043.94479162159,56810.87811819254,108428.57588073323,56172.67792481898,106841.66066985279,55543.37847273021,105285.22010514155,54923.85074342351,103758.55894993516,54314.03509119271,102261.86693499582,53714.17006112368,100796.43941113242,53124.93203052644,99365.50033166473,52547.792915902566,97976.11671275104,51985.81179072001,96643.49942790745,51445.38895255716,95400.8459731386,50940.26152224057,94322.49142271513,50500.911602337765,93579.8571624075,50197.48284677271
554,2.777227227227227,122956.34432166498,61777.51212346917,121954.49917882023,61393.61916080037,120522.66655822945,60844.24583371406,118910.68384141376,60223.689763292976,117230.07481601504,59574.06061146407,115531.84470679933,58914.814514466,113839.92483232432,58255.25579704147,112165.84422672991,57599.997946708,110515.34122052611,56951.433940395014,108891.47186014564,56310.90775089103,107296.2222130401,55679.324625858804,105731.62289722922,55057.55855055333,104196.97332001322,54445.54874697989,102692.46288141058,53843.533933579674,101219.39232917775,53252.1922891459,99781.00079489159,52673.00034490634,98384.39006726048,52109.02736292629,97044.84771577024,51566.695590186784,95795.74126067682,51059.78995003454,94711.79014916575,50618.8991496939,93965.30542686947,50314.41137761748
555,2.782222222222222,123496.41483576264,61936.66479238094,122489.19785427766,61551.33195323976,121049.6991609157,60999.89735587664,119429.1079221413,60377.01839125138,117739.54909055376,59724.966412091126,116032.29988386149,59063.271977305594,114331.41706276695,58401.27451635645,112648.48862700196,57743.60449645347,110989.28124991787,57092.66337126478,109356.86538142741,56449.79964282679,107753.23613361528,55815.92151576984,106180.433844423,55191.9059926864,104637.75253506291,54577.69115681207,103125.38127188904,53973.51590007557,101644.62622675303,53380.060210768635,100198.74178818424,52798.805256440915,98794.86470058846,52232.830536522655,97448.35963852386,51688.580354113314,96192.7650632859,51179.88767029968,95103.18688585871,50737.44832618404,94352.83068044,50431.8962650466
556,2.787217217217217,124039.39964603685,62096.58325244905,123026.7815390859,61709.803324099295,121579.57505639862,61156.297149666076,119950.32853316517,60531.083699094444,118251.77134506198,59876.59682354396,116535.45416035707,59212.441872137715,114825.5598448174,58547.993549774605,113133.73567015048,57887.89938431118,111465.77679669035,57234.56934554073,109824.7681490564,56589.35648512079,108212.7139276848,55953.171977637154,106631.66423870718,55326.89585665339,105080.90768705735,54710.46506012486,103560.6330024897,54104.1186535991,102072.1518082178,53508.53844291416,100618.73382876952,52925.210253627156,99207.55094822057,52357.22387150729,97854.0453571676,51811.04576294551,96591.92737895207,51300.557163008205,95496.69148894375,50856.561578211054,94742.44268134556,50549.93993232894
557,2.792212212212212,124585.31236909173,62257.27083794202,123567.26371422951,61869.03657605461,122112.30753283929,61313.4484726972,120474.35874683846,60685.88889384873,118766.75442807704,60028.95500025119,117041.32015962711,59362.32730036567,115322.36557821512,58695.415945971006,113621.59753526257,58032.88560686262,111944.83982285374,57377.154808506246,110295.1919118429,56729.581172634586,108674.6671349182,56091.07885682702,107085.32541487478,55462.53093930643,105526.44991003901,54843.87320620757,103998.22901061563,54235.344896827264,102501.97981856638,53637.6296426302,101040.98747381559,53052.217948956684,99622.45918490968,52482.209937096006,98261.91507132012,51934.09434436275,96993.23824367476,51421.80091706546,95892.31385205535,50976.241360991335,95134.15122493173,50668.54481146433
558,2.797207207207207,125134.16667287773,62418.73089507666,124110.65791153717,62029.03502361736,122647.90992853038,61471.35459426101,121001.21168484967,60841.43719403815,119284.5112366465,60182.04410795283,117549.91055269295,59512.9313745168,115821.84670955596,58843.54476455858,114112.0864474688,58178.56617144335,112426.48233566135,57520.42271601763,110768.14846305437,56870.47661062449,109139.10733867051,56229.64500892574,107541.42875064787,55598.81404754612,105974.39038023778,54977.9183542298,104438.18027513046,54367.197342152416,102934.12104354204,53767.33647651823,101465.51332054424,53179.83096431712,100039.59982478638,52607.79131174722,98671.97901932828,52057.728635139545,97396.70773157362,51543.621430334126,96290.06390641842,51096.4901385786,95527.96614376792,50787.71334320712
559,2.802202202202202,125685.97627683461,62580.96678205004,124656.97771382377,62189.801993166955,123186.395632036,61630.01879535624,121530.90051836015,60997.73182971479,119805.05471646349,60335.86732373069,118061.23805838951,59664.2572182724,116324.0157324232,58992.383076117665,114605.21467807182,58324.944096171814,112910.71638773638,57664.37603453247,111243.64964053973,57012.045714769636,109606.04616610457,56368.873299767016,107999.98566679805,55735.747998348656,106424.74031618943,55112.60327326808,104880.49781647498,54499.67871170845,103368.58630975145,53897.66162075934,101892.32200634359,53308.05193101746,100458.9833214699,52733.97058318684,99084.24747837595,52181.95118117014,97802.34595499594,51666.021209658385,96689.95162095403,51217.310383887794,95923.89730775211,50907.447977089825
560,2.807197197197197,126240.75495203535,62743.981869071664,125206.23675503221,62351.34082298248,123727.77808233205,61789.444368720695,122063.43846814237,61154.77604248974,120328.39786200269,60490.42783603868,118575.31544349885,59816.30796649781,116828.88518751903,59141.93396222531,115100.99454467566,58472.02240997838,113397.55407719887,57809.01774113821,111721.70732685432,57154.2914111999,110075.49528831372,56508.76660545961,108461.00762726691,55873.33561879282,106877.51097885428,55247.93074233244,105325.19269678365,54632.79173739707,103805.38648477943,54028.60776114008,102321.42420888087,53436.88348981338,100880.62016817894,52860.75034843325,99498.73076459346,52306.76453749301,98210.16306462408,51789.00277088814,97091.98700238559,51338.70457871899,96321.95462421606,51027.751171446784
561,2.812192192192192,126798.51652132963,62907.779538395494,125758.44872037611,62513.65486327443,124272.07076894668,61949.634618862496,122598.83880471818,61312.57308556419,120854.55371665634,60645.72884473344,119092.15552288396,59969.08676527212,117336.467662796,59292.200515484816,115599.43841131504,58619.804152634264,113887.00754779292,57954.3508235806,112202.33344938478,57297.21663652404,110547.4664204448,56649.32781241489,108924.50613928708,56011.579746087205,107332.7136717361,55383.90355039322,105772.27602000136,54766.539160914,104244.53247730393,54160.177593078224,102752.8306462153,53566.32829093271,101304.52089784274,52988.13321382235,99915.43923316659,52432.17126831548,98620.16924958314,51912.568638903234,97496.180095345,51460.6752137813,96722.14803803041,51148.62539343793
562,2.817187187187187,127359.27485948811,63072.363184352274,126313.62734648242,62676.74747621668,124819.28723210096,62110.59286209186,123137.11484849728,61471.12622376036,121383.53537287032,60801.773561104696,119611.77115962276,60122.596771918405,117846.77579358873,59443.185839555255,116100.5586885848,58768.29237478063,114379.08898901385,58100.37828029226,112685.5399804745,57440.824337857804,111021.97132182133,56790.55981737451,109390.49275350325,56150.483227597404,107790.35974100098,55520.52449640775,106221.75893200088,54900.923733775366,104686.03523721108,54292.37382164862,103186.55207691151,53696.38899410089,101730.69608321277,53116.12179503257,100334.38327844637,52558.1739470385,99032.374737549,52036.72134763786,97902.54098247923,51583.22478871693,97124.48753171026,51270.073119072564
563,2.822182182182182,127923.04389334656,63237.73621338171,126871.7864215341,62840.622035978355,125369.44106284977,62272.32242655239,123678.27996991617,61630.43873355254,121915.35597228093,60958.56520790602,120134.17526514256,60276.841155033784,118359.82226274618,59594.893049181155,116604.36783376995,58917.490137957735,114873.81063623601,58247.10312042145,113171.33893754885,57585.11747285207,111499.0217960667,56932.46552743806,109858.97906409335,56290.04892087318,108250.46057559662,55657.79638934723,106673.65262069975,55035.948217344005,105129.90575571047,54425.19916160927,103622.59930015271,53827.06826856654,102159.15633697393,53244.718717110096,100755.57333405895,52684.77515628129,99446.78979485629,52161.46344010482,98311.07978455684,51706.35581212514,97528.98312552064,51392.09683323314
564,2.827177177177177,128489.83760195042,63403.90204406481,127432.93978541352,63005.281928755925,125922.5459032231,62434.82665225282,124222.34758957701,61790.51390309829,122450.02870585171,61116.10701938529,120659.38079935423,60431.82309451939,118875.61980076358,59747.32527022197,117110.87835097547,59067.400514634035,115371.1847708407,58394.52836386061,113659.74238324101,57730.09900972102,111978.62969122801,57075.04786009084,110329.97670889026,56430.279693675875,108713.02760737187,55795.72204822347,107127.96831617792,55171.61538285588,105576.15506545069,54558.656337427135,104060.98315585457,53958.368793126974,102589.91231185646,53373.92661449384,101179.01987301534,52811.977487906115,99863.42472660661,52286.797468419936,98721.8066605748,51830.07080158637,97935.64487758237,51514.6990296991
565,2.832172172172172,129059.67001669963,63570.8641071563,127997.10132984591,63170.730552805304,126478.61544636755,62598.10889109854,124769.3311783869,61951.355032269494,122987.56681401008,61274.40224131548,121187.4007707872,60587.54578161076,119394.1811859151,59900.48563968189,117620.10279125664,59218.02658823532,115871.22372034386,58542.65704127509,114150.76242551806,57875.771927270456,112460.80689989959,57218.309743231635,110803.49736950331,56571.178424005644,109178.07231119643,55934.30430211585,107584.71729079534,55307.92801144654,106024.7942406351,54692.74808330431,104501.71452477884,54090.29325615377,103022.97470074796,53503.74813104079,101604.73340782167,52939.783543043144,100282.28987677733,52412.725993826585,99134.73180786552,51954.372283686345,98344.48288397804,51637.88221117083
566,2.837167167167167,129632.55522149365,63738.625845616945,128564.28499854272,63336.97131847385,127037.66343668781,62762.17250692341,125319.24425769753,62112.96543268371,123527.98358678505,61433.4541310253,121718.24823672434,60744.012418907965,119915.5192443866,60054.37730573955,118132.0537527495,59369.37145317407,116373.93985852478,58691.492194131955,114644.41121780653,58022.13921492599,112945.56535934706,57362.25411520057,111279.55277144037,56712.748000128864,109645.60620508068,56073.54599019823,108043.91085930992,55444.88889417758,106475.83439713775,54827.477143203905,104944.80432864731,54222.84435561845,103458.35423680529,53634.185920051175,102032.72449058949,53068.195932115224,100703.39562832973,52539.25158671995,99549.86546220398,52079.262794040165,98755.50727885815,51761.64888929351
567,2.842162162162162,130208.50735287675,63907.19071464614,129134.5047873459,63504.00764823275,127599.70366998891,62927.02087552144,125872.10039944487,62275.348427735385,124071.2923639444,61593.26595743003,122251.9363033372,60901.2262204059,120439.6468504084,60209.00342777789,118646.74388080166,59521.438214878755,116879.34560555445,58841.036874728816,115140.70095911942,58169.203872761515,113432.91705163175,57506.88392480694,111758.1546842299,56854.99132060562,110115.64085029576,56213.449961765946,108505.56037899571,55582.500832063284,106929.28669261935,54962.84627087638,105390.26353025618,54356.02479911822,103896.0616935671,53765.24264429377,102463.00371314648,53197.21727486272,101126.75240331837,52666.37682667173,99967.21789791527,52204.7448773166,99168.72823454758,51886.00158468114
568,2.8471571571571572,130787.54060018367,64076.56218171434,129707.77474437188,63671.84297670899,128164.74999361829,63092.65738467858,126427.913226289,62438.507352627166,124617.5065351326,61753.84100106239,122788.47812582142,61059.19041152456,120966.57692638873,60364.36717641387,119164.18586810306,59674.22998982312,117387.45342812422,58991.294146222695,115639.64389418239,58316.9689115275,113922.87400373493,57652.202131357226,112239.31492154335,56997.91129431708,110588.18785149396,56354.019076262826,108969.67724976099,55720.76663609705,107385.16232664385,55098.85822988551,105838.10313359037,54489.83730390158,104336.10788506632,53896.92097603117,102895.58170714686,53326.85020036858,101552.37066299983,52794.104302454674,100386.79942798203,52330.82108726232,99584.15596165211,52010.94282694053
569,2.852152152152152,131369.66920568515,64246.74372659576,130284.108970156,63840.48075071784,128732.81630660816,63259.085434204644,126986.69641175475,62602.445554401296,125166.63954000859,61915.18255410335,123327.88690853238,61217.90822913958,121496.3224430469,60520.47173352844,119684.39245481748,59827.749905555655,117898.27583957496,59142.267082658975,116141.25231356059,58465.43735267959,114415.44828768262,57798.21170468306,112723.04534131779,57141.510840493094,111063.25885682915,56495.25620330826,109436.27291426691,55859.689127278194,107843.47254079487,55235.51579363473,106288.33418393826,54624.28459689429,104778.50366594302,54029.22359704529,103330.46914418264,53457.09734708324,101980.2609079421,52922.43661206714,100808.62040415216,52457.49398672602,100001.80070916499,52136.47515469541
570,2.8571471471471472,131954.90746473445,64417.738841400926,130863.52161779715,64009.92442929512,129303.91655981839,63426.30843596525,127548.46368037176,62767.16639197109,125718.7048683842,62077.293920413125,123870.17590512133,61377.38292161259,122028.8964195471,60677.32029229652,120207.37642871367,59982.00110072902,118411.82540002596,59293.95876900024,116645.53855378574,58614.61222840693,114910.65202067033,57944.915625169175,113209.35784587845,57285.79288873972,111540.8655580776,56637.16422272429,109905.35885804622,55999.271136638505,108304.22861879243,55372.82174539328,106740.96776800639,54759.369414725035,105223.25993155714,54162.15319866262,103767.67673589471,53587.96136284962,102410.43367813391,53051.37636275778,101232.69121704703,52584.76614768292,100421.67276457413,52262.60111561043
571,2.862142142142142,132543.26972591324,64589.55103060937,131446.02689310274,64180.17748372961,129878.06475607926,63594.32981391368,128113.22880781554,62932.67323615237,126273.71606036254,62240.178415562164,124415.3584186714,61537.617748821714,122564.3119236323,60834.9160572169,120733.15062529698,60136.98672512954,118928.11471650464,59446.37230115548,117152.51499748345,58764.496581660766,115408.49736518839,58092.316883781576,113698.26438206212,57430.76037906688,112021.01969075887,56779.746024562846,110376.94660962232,56139.51550526903,108767.44188660994,55510.77887832256,107196.0150140344,54895.094503751265,105670.38761810173,54295.712481779774,104207.21523408395,53719.44490492816,102842.89955309436,53180.926171050116,101659.02229626938,52712.640151259104,100843.78245396892,52389.32326641539
572,2.8671371371371372,133134.77039117835,64762.18381110242,132031.63905473394,64351.24339759551,130455.27495033474,63763.15300412296,128681.00562104839,63098.96946969506,126831.68670647657,62403.83936686221,124963.44780183386,61698.61598219214,123102.58207175802,60993.26224414232,121261.72792794128,60292.70993970677,119447.15644307603,59599.51078600905,117662.1940735005,58915.093466183054,115908.99652914706,58240.418482095556,114189.77694134015,57576.416261916005,112503.73303425711,56923.004509132916,110851.04774062807,56280.42508434686,109233.12371259133,55649.38999550243,107653.48709191047,55031.46262008522,106119.89770271632,54429.90415688892,104649.09543082293,53851.550640022,103277.66915198289,53311.08866276743,102087.62411051177,52841.11858775583,101268.1401421479,52516.644172929366
573,2.872132132132132,133729.4239160087,64935.64071219608,132620.37241435098,64523.12566678495,131035.56124978598,63932.78145481797,129251.80799846063,63266.05848731473,127392.63044782827,62568.2801133973,125514.4574569652,61860.3809047266,123643.72002922729,61152.36208030956,121793.12126802116,60449.17391660307,119968.96328097272,59753.37734144979,118174.58825703278,59066.40594653512,116412.16176600216,58389.22343232398,114683.90755994183,57722.76349818773,112989.01741194222,57066.942587027734,111327.67386592536,56422.00273516187,109701.28550756842,55788.65790995759,108113.39521328661,55168.476529619904,106571.80120360038,54564.730944103394,105093.32815856757,53984.28124430207,103714.75313370918,53441.86647305741,102518.5071676651,52970.204056674054,101694.75623272602,52644.56641008498
574,2.8771271271271273,134327.24480955224,65109.92527567378,133212.241336759,64695.82779954055,131618.93781403493,64103.21862640749,129825.64987001198,63433.94369572431,127956.56097622775,62733.50400605502,126068.40083626352,62022.91581103614,124187.73901032476,61312.21880436964,122327.34362504419,60606.38183918335,120493.54797872504,59907.97509640025,118689.71006975297,59218.437098126335,116918.00537488086,58538.734757345446,115180.66831897818,57869.805059269645,113476.88469129158,57211.5631791523,111806.83664372476,56564.25132914365,110171.93872497855,55928.585444683995,108575.75063169435,55306.13900805495,107026.1091801272,54700.19557318323,105539.92429026905,54117.63940343231,104154.16219704335,53573.26224641701,102951.68201492724,53099.89916673888,102123.64116824235,52773.0925619526
575,2.882122122122122,134928.2476347734,65285.04105581933,133807.2602400538,64869.353316487985,132205.41885522858,64274.46799151655,130402.54521737342,63602.62851366573,128523.49203433249,62899.5144075577,126625.2914419059,62186.22400737079,124734.65227845174,61472.83566641801,122864.40802678335,60764.336902064664,121020.92333229112,60063.3071908458,119207.57207993885,59371.19000724282,117426.53970070755,58688.95549073256,115680.07134456576,58017.543927064224,113967.34678401178,57356.86921675044,112288.54777570501,56707.17374788835,110645.09486098225,56069.17543267537,109040.56464266047,55444.452840922815,107482.83273295763,54836.300783560844,105988.89473948619,54251.62781259484,104595.90708072638,53705.27863671736,103387.15923891208,53230.20653592411,102554.80543026792,52902.22522176469
576,2.887117117117117,135532.44700860057,65460.991619449924,134405.44359576819,65043.70575066876,132795.01863820254,64446.53303501842,130982.5080740691,63772.116371941804,129093.43741578728,63066.31469249362,127185.14282618569,62350.308811650364,125284.4731462612,61634.21592802479,123404.32754940998,60923.042311146004,121551.10218518772,60219.37677586403,119728.18690260149,59524.66777107623,117937.77713433022,58839.8886767802,116182.12880795075,58165.9830940164,114460.41564616066,57502.863641432436,112772.81900713332,56850.77288318568,111120.76545458137,56210.43071694971,109507.84858382308,55583.42082361467,107941.98300415432,54973.04932436662,106440.25046049726,54386.24917651531,105039.99856358071,53837.91830722854,103824.94946575849,53361.1287914768,102988.25953951389,53031.966991940106
577,2.892112112112112,136139.85760207413,65637.78054594918,135006.80592901842,65218.888647572894,133387.7514806262,64619.41725406717,131565.55252561852,63942.41071344777,129666.41096536398,63233.908247348394,127747.96859165016,62515.17355349507,125837.21497579305,61796.36286226495,123947.11531762678,61082.501283638114,122084.0974286209,60376.18701365394,120251.5671996139,59678.873497752604,118451.73011264676,58991.53737053402,116686.8529256334,58315.125563141766,114956.10327826977,57649.54940520239,113259.6621269854,56995.05163704591,111598.96208773712,56352.3541505758,109977.61383504799,55723.04576140679,108403.57117729603,55110.44395445472,106894.00244841287,54521.50620948813,105486.44746462107,53971.183930644635,104265.06336123972,53492.66856994191,103424.01405593983,53162.32048410859
578,2.897107107107107,136750.49414049438,65815.41142730016,135611.36181865088,65394.90556517163,133983.631753147,64793.12415812985,132151.69270967913,64113.51499320344,130242.42657910177,63402.2984705362,128313.78239123835,62680.82157425669,126392.8911786097,61959.27975374885,124492.78450480114,61242.717048093364,122619.922001617,60533.74107756539,120777.72567984003,59833.810306361316,118968.41111873167,59143.90463781867,117194.2559594923,58464.97434805432,115454.42172546635,57796.92947048566,113749.08896806564,57140.01292172685,112079.6963854885,56494.948596699855,110449.87181854495,55863.330469486464,108867.60847759218,55248.48744242878,107350.16173928828,54657.40163540191,105935.26464316546,54105.07818910868,104707.51163087286,53624.82851718689,103862.07957886199,53293.28831913502
579,2.902102102102102,137364.37140356994,65993.8878681186,136219.12589738882,65571.76007395035,134582.6738795354,64967.65726901895,132740.94281618885,64285.43267838499,130821.49820444742,63571.48877243137,128882.59792841898,62847.25622704919,126951.51521593172,62122.96989865257,125041.34833309829,61403.69284443561,123158.58889115401,60692.04215212852,121306.67509926342,59989.48132698391,119487.83268196291,59296.993555266396,117704.35021690925,58615.53247299457,115955.38307759637,57945.00681015647,114241.11140712824,57285.65965976104,112562.98001607103,56638.21692857216,110924.63399898438,56004.27777297844,109334.10617199753,55387.18256666775,107808.73941023693,54793.93818776476,106386.46099894623,54239.60377423763,105152.3050200285,53757.61128842642,104302.46674706205,53424.87312714404
580,2.907097097097097,137981.50422556658,66173.21348568604,136830.11285198,65749.45575694145,135184.8923368302,65143.020120924855,133333.3170875093,64458.16724835691,131403.6398403962,63741.48257539967,129454.4289573291,63014.48087677977,127513.1005987741,62287.43660474831,125592.82007361544,61565.431923990174,123700.11113229285,60851.09343308311,121838.42826111687,60145.8897007231,120010.00737814888,59450.80721034552,118217.14805089432,58766.80297285747,116458.99946934705,58093.784407565516,114735.7413649976,57431.99478398278,113048.82469103544,56782.16202957378,111401.91188361427,56145.89050697105,109803.07556932738,55526.532115351685,108269.74657954302,54931.11860972987,106840.04747222165,54374.76338714751,105599.45431404069,53891.01954824718,104745.18623889599,53557.07754754451
581,2.912092092092092,138601.90749545573,66353.39190998308,137444.33742334365,65927.99620975733,135790.30165548396,65319.21626044833,133928.82981856877,64631.72219470411,131988.86553763234,63912.283313829976,130029.28928291236,63182.49890017999,128077.6608880822,62452.68319143498,126147.21304651543,61727.937549513816,124244.5018083092,61010.898127408225,122372.9980160116,60303.038579731845,120534.94782965588,59605.34870138891,118732.6618602109,58918.78889322058,116965.2830803704,58243.26525656749,115232.99080668934,57579.02123755532,113537.24216536662,56926.78679324325,111881.71702237712,56288.17151654255,110274.52802037231,55666.5388864877,108733.19440677487,55068.94565412084,107296.03504388715,54510.55973847843,106048.97033831675,54025.05597063253,105190.24877240296,53689.90422905404
582,2.917087087087087,139225.5961570641,66534.42678372278,138061.81440671865,66107.38504062331,136398.9164195086,65496.24924663311,134527.49535700583,64806.10102126397,132577.18939867054,64083.894434165726,130607.19276105775,63351.313685836685,128645.20969486829,62618.71298976867,126704.54062116102,61891.21299522485,124791.77405082542,61171.4594533517,122910.39726206717,60460.93112724237,121062.66670553552,59760.62113762267,119250.90408950113,59071.49329037224,117474.24613540612,58393.452361548814,115732.87174153193,57726.74197399821,114028.24423760308,57072.0941233034,112364.06100802726,56431.12365678751,110748.47491801372,55807.20568793588,109199.0940928986,55207.4220834574,107754.43473558739,54646.99554841982,106500.86395844782,54159.72323898741,105637.66510541464,53823.355829723594
583,2.922082082082082,139852.58520922263,66716.3217623839,138682.5586518113,66287.62587041073,137010.7512666218,65674.12265099856,135129.32810331282,64981.307244158386,133168.62557799727,64256.319394936705,131188.15329873885,63520.92863422312,129215.76068034841,62785.52934249333,127264.81621624937,62055.261546833186,125341.9410399426,61332.78064045974,123450.63894504124,60619.57051759536,121593.17672165258,59916.6276391948,119771.88722941144,59224.91923133964,117985.90090440532,58544.34873745541,116235.39622328765,57875.15995721442,114521.84274995617,57218.086933688246,112848.9554762483,56574.74979284316,111224.92769733937,55948.535337435205,109667.45688039168,55346.55066998073,108215.25760982816,54784.073546735606,106955.14608031913,54295.02404616322,106087.44603566451,53957.43501696219
584,2.927077077077077,140482.88970591634,66899.0805142444,139306.5850629434,66468.72233267008,137625.82088839263,65852.84005757225,135734.34251098018,65157.34439182605,133763.1882822123,64429.56166679053,131772.184854153,63691.347157730175,129789.32755607921,62953.13560407143,127828.05329994656,62220.08650157064,125895.0160043731,61494.86492960667,123993.73605845991,60778.9599362691,122126.49064081299,60073.37133720386,120295.62381671843,59379.06979391717,118500.25970265416,58695.95740982033,116740.57635027466,58024.27816151777,115018.04958842981,57364.7681485697,113336.41210577087,56719.05279991588,111703.89783575911,56090.53066262969,110138.29405335685,55486.334195679316,108678.51477008847,54921.79647278946,107411.82765022063,54430.961094482656,106539.60240089754,54092.144467561455
585,2.932072072072072,141116.52475643432,67082.70672041494,139933.90859920095,66650.67807366421,138244.14003038814,66032.40506292283,136342.5530866403,65334.21600505475,134360.89177017042,64603.62473252452,132359.30143686087,63862.572680697594,130365.92408409517,63121.53514071463,128394.2653900225,62385.6911682209,126451.01222157315,61657.715573024565,124539.70164374795,60939.10257990859,122662.62127289185,60230.85537372768,120822.1264344549,59533.9480666946,119017.33489089774,58848.28141479173,117248.42426548857,58174.09957166021,115516.87668294033,57512.140702384655,113826.4426184903,56864.0355633077,112185.39685312088,56233.1945010943,110611.61693763616,55626.775452314505,109144.21736093286,55060.16707557,107870.91965495795,54567.53709576469,106994.14507897988,54227.48686772046
586,2.937067067067067,141753.50552551975,67267.20407487228,140564.54427458285,66833.4967524014,138865.72349232028,66212.82127619267,136953.9743902122,65511.9256370135,134961.75035312402,64778.51208711741,132949.5171079261,64034.60863944522,130945.56407704587,63290.731330414565,128963.46605398617,62552.07886715,127009.94301787541,61821.335834332975,125088.54879035936,61100.00165635503,123201.58147496202,60389.08290185217,121351.40771203622,59689.557149085405,119537.1388754643,59001.32379916066,117758.9521567248,58324.62718285927,116018.33600743643,57660.20753986182,114319.0587795848,57009.70097844268,112669.43631182668,56376.52970036118,111087.43690092558,55767.87724144623,109612.37656812406,55199.18811371609,108332.4331219632,54704.75477134953,107451.08498800882,54363.46491307036
587,2.942062062062062,142393.8472335204,67452.57628449304,141198.50715814982,67017.18204066882,139490.5861281929,66394.09231913077,137568.62103504597,65690.47685328496,135565.77839486502,64954.22723776122,133542.84598005546,64207.45848230428,131528.26139833377,63460.72756297355,129535.66890922075,62719.2529303364,127571.82176862237,61985.72898856889,125640.29063590842,61261.660384675015,123743.3841514226,60548.05708570027,121883.4803253867,59845.90015135527,120059.68410838975,59155.087620388964,118272.17225670059,58475.86400082552,116522.43958001964,57808.97161604883,114814.2723976339,57156.05195089368,113156.02781694903,56520.53911794575,111565.76535288889,55909.642374458635,110083.00361873559,55338.86235554241,108796.37911940637,54842.61685212378,107910.43308642301,54500.08130869932
588,2.947057057057057,143037.5651565394,67638.82706908727,141835.8123741738,67201.73762306577,140118.74284644864,66576.22182612563,138186.507688068,65869.8732318979,136172.9903118676,65130.77370389317,134139.30221773894,64381.1256696488,132114.02996225227,63631.527240035655,130110.88762311933,62887.216701401616,128136.66189829937,62150.89832221647,126194.94036630057,61424.08199518996,124288.04225412793,60707.78110046063,122418.35699706628,60002.98019465029,120584.983087542,59309.57594663726,118788.09684317773,58627.81304179,117029.1994630646,57958.43589633928,115312.0953247366,57303.091396408876,113645.18301634755,56665.22562137291,112046.61374527281,56052.07367258608,110556.10978126482,55479.19257906469,109262.7687563068,54981.126078545356,108372.20037311288,54637.33876917728
589,2.952052052052052,143684.67462658588,67825.96016143209,142476.47510228725,67387.16719703707,140750.2086101167,66759.21344423831,138807.649069926,66050.1183633596,136783.40057343096,65308.15501722754,134738.90003739018,64555.613673927095,132702.8837341234,63803.13377511748,130689.13591322082,63055.97353564045,128704.47688066855,62316.84713323702,126752.5112158638,61587.26972950546,124835.56878251674,60868.25813241679,122956.0504963975,60160.80041102565,121113.04835674593,59464.79185679297,119306.73823908508,58780.47733253191,117538.62776333978,58108.60335649981,115812.53945663023,57450.82224093847,114136.91360078561,56810.59208820331,112529.99357202169,56195.17396693878,111031.70636574605,55620.18157202523,109731.61318264458,55120.28520066867,108836.39788753097,54775.24001858086
590,2.957047047047047,144335.1910317266,68013.97930730552,143120.5105776331,67573.47447290651,141384.99843696042,66943.07083323516,139432.05995513446,66231.21585068831,137397.02370182268,65486.37472178775,135341.6537074875,64730.92597969313,133294.83673043665,63975.55059363913,131270.42754734572,63225.526800051484,129275.28023890218,62483.57873109891,127313.01646748015,61751.22684054079,125385.97678374115,61029.49137897601,123496.57363959253,60319.36394347397,121643.89250590818,59620.73844049823,119828.10881264172,58933.85991040606,118050.73663212848,58259.47698269721,116315.61673280939,57599.24742066136,114631.23130404741,56956.64140605957,113015.9163693927,56338.94609852885,111509.80472386374,55761.832131918294,110202.92358947238,55260.0969781698,109303.03670980282,54913.78779051832
591,2.962042042042042,144989.12981623705,68202.8882655203,143767.93409101464,67760.66317391038,142023.12739962531,67127.79766562124,140059.7551722206,66413.16930944596,138013.8742724218,65665.43637393834,135947.57754871462,64907.06608363816,133889.9030189872,64148.78113295529,131854.77634373255,63395.87987336766,129849.08554571682,62651.096436807624,127876.46945271728,61915.9565925584,125939.27935279645,61191.48404869835,124039.93928988074,60478.673945954,122177.52817114268,59777.41879817812,120352.22097747984,59087.96382337059,118565.53826534978,58411.05977152576,116821.33913664485,57748.36988201191,115128.14790305491,57103.37647265265,113504.3937160709,56483.392918296086,111990.41624906617,55904.147066015714,110676.71120902752,55400.564180371606,109772.12796083778,55052.98482815438
592,2.967037037037037,145646.50648075345,68392.69080795774,144418.76098904578,67948.73703623105,142664.6106257871,67313.39762667316,140690.74960386992,66595.9823677706,138633.9669138623,65845.34354241722,136556.68593410164,65084.03749462219,134488.09671901507,64322.8288423862,132442.19617117435,63567.036146086655,130425.90642350745,62819.40358293576,128442.88355196064,62081.46226119355,126495.48963265079,61354.2393613257,124586.1603576361,60638.73358341914,122713.96803489591,59934.836041068884,120879.08719276842,59242.792130014685,119083.04490367995,58563.354730034225,117329.71869550324,57898.19258170675,115627.67521798529,57250.80019580824,113995.43723328506,56628.51728713389,112473.5523766791,56047.129191392516,111152.98731484415,55541.68958626908,110243.68280244035,55192.83388423545
593,2.972032032032032,146307.3365824245,68583.39071960162,145073.00667430178,68137.6998090305,143309.46329830072,67499.87441447236,141325.0581870725,66779.65866640919,139257.3163081774,66026.09980836761,137168.99328916695,65261.84373370585,135089.43200134393,64497.697183248885,133032.7009491555,63738.999020501724,131005.75654448215,62988.503513653195,129012.27219454563,62247.747133483914,127054.62081437503,61517.76054781105,125135.24980050499,60799.54603184614,123253.22482607258,60092.99329124586,121408.71996333651,59398.34789958619,119603.26883267397,58716.36487575333,117840.76748086602,58048.71848677164,116129.82511238863,57398.915493493114,114489.058584923,56774.322075915465,112959.22458401963,56190.78133495246,111631.76322186558,55683.47598455461,110717.71243742119,55333.337721114534
594,2.977027027027027,146971.63573506376,68774.99179857223,145730.68660546985,68327.55525448406,143957.70065534837,67687.2317399383,141962.69591326965,66964.20185875028,139883.937190943,66207.70876537038,137784.51409205864,65440.4883341818,135693.9230885206,64673.38962888825,133626.3046479886,63911.771910732285,131588.64963079646,63158.39958475728,129584.64885888997,62414.81450789916,127616.68613727315,61682.05085034755,125687.22062353432,60961.1144782638,123795.31132016152,60251.89368165196,121941.1318397969,59554.63421201946,120126.22238288702,58870.09323672305,118354.49760844972,58199.95057456837,116634.60949330551,57547.725293841715,114985.26947764769,56920.810165519724,113447.44439051046,56335.10633345372,112113.0502865568,55825.9261736432,111194.22810970878,55474.49911077636
595,2.982022022022022,147639.41960930213,68967.49785616035,146391.81629750022,68518.30714781406,144609.337990589,67875.47332686181,142603.67782850054,67149.61561085687,140513.84435142242,66390.17401947636,138403.26287369663,65619.97484160664,136301.58425495456,64849.9096647084,134223.02128895183,64085.358242754584,132174.59945468846,63329.09516370293,130160.02707262617,62582.66769437073,128181.69888901258,61847.113522397754,126242.08587929962,61123.4421207817,124340.24033936186,60411.540356125835,122476.33541867064,59711.65415796324,120651.91792999678,59024.542851519924,118870.92123832543,58351.891832821595,117142.04031138508,57697.232535182535,115484.08166101314,57067.98444685744,113938.223357794,56480.10703353467,112596.85990701731,55969.042961697996,111673.24110446108,55616.32083486258
596,2.987017017017017,148310.70393274055,69160.9127168613,147056.41132175742,68709.9592773237,145264.39065330726,68064.60291193829,143248.01903354883,67335.90360149909,141147.05263271095,66573.49918923852,139025.25421791454,65800.30681383266,136912.42982705776,65027.26078820383,134822.86494442605,64259.761454432446,132763.61983861396,63500.593629633026,130738.42041273469,62751.31001432165,128749.67240575464,62012.95182872292,126799.85866803356,61286.53216861899,124888.02475270904,60571.9364694302,123014.34334251081,59869.41083880836,121180.36789492526,59179.71676928456,119390.05057503919,58504.545259645885,117652.12956100306,57847.44016606462,115985.50692758065,57215.84782089724,114431.57308984699,56625.78629173943,113083.20352309407,56112.82916665555,112154.76274817744,55758.80568469682
597,2.992012012012012,148985.50449010302,69355.24021840926,147724.48730617214,68902.51544443081,145922.87404856324,68254.62424480123,143895.7346840902,67523.06952218716,141783.5769318805,66757.68790574446,139650.50276160229,65981.48782103971,137526.47418338447,65205.44650899073,135425.84973803273,64434.98499554818,133355.72465538172,63672.89837340861,131319.8425056769,62920.744800696244,129320.62007228562,62179.56904541234,127360.55213775461,61450.38784213336,125438.67747620179,60733.08518728032,123555.16830002688,60027.90736671585,121711.58474396142,59335.61804974904,119911.8978677321,58657.91386357279,118164.88928038023,57998.35114528434,116489.55711303558,57364.403198692,114927.50523309522,56772.14697454392,113572.09261649463,56257.287616251415,112638.80440881068,55901.95646131
598,2.997007007007007,149663.8371233901,69550.48421181133,148396.0599353926,69095.9794637018,146584.8036373421,68445.54108805563,144546.83999083974,67711.11707720446,142423.43220012472,66942.74381264872,140279.02319484865,66163.52144576707,138143.7317547719,65384.47034883849,136031.98984477206,64611.03232783336,133950.92782828925,63846.01279763934,131904.30702752835,63090.97539799004,129894.5553221479,62346.96845991274,127924.17948439602,61615.01237284969,125992.21147292842,60894.989686372304,124098.82302620972,60187.14686464483,122245.58098888327,59492.24976326445,120436.47541026119,58812.00066357782,118680.3315517009,58149.96844191188,116996.24409630375,57513.65350140499,115426.03147652835,56919.191958381496,114063.53871090048,56402.42114804557,113125.3774958793,56045.77597546557
599,3.0020020020020017,150345.71773203203,69746.64856138181,149071.14495093678,69290.35516288555,147250.19493670383,68637.3572173114,145201.35021969958,67900.04998364033,143066.63344290428,67128.67056620536,140910.83026108434,66346.4112829454,138764.2170244803,65564.33584170103,136641.29949116072,64787.90692499986,134549.24333125845,64019.94031671385,132491.82770411234,63262.00516227976,130471.49163777124,62515.15337105763,128490.75395193486,61780.40900348929,126548.63975319409,61057.65315441165,124645.32030245608,60347.13246638043,122782.36918708133,59649.61499082844,120963.79554131984,58966.80868910758,119198.46850123191,58302.295035317984,117505.57979966835,57663.60166033605,115927.16355181499,57066.924129668885,114557.55337208061,56548.23260944785,113614.49346057994,56190.267047684756
600,3.006996996996997,151031.16227304286,69943.73714477656,149749.7581513449,69485.64638294751,147919.06351993408,68830.076421217,145859.2806919069,68089.87197142334,143713.19572009245,67315.47183530044,141545.93875722494,66530.16093992878,139387.94452833413,65745.04653374833,137253.79295537045,64965.61227277069,135150.6851889717,64194.68435683017,133082.4183111339,63433.8374612532,131051.44255060396,62684.12708909684,129060.28883252118,61946.580987998605,127107.97537464784,61221.07879014169,125194.67295669373,60507.86731656203,123321.96194168094,59807.71682411277,121493.87064455877,59122.340980107016,119719.31229944133,58455.33391520072,118017.5761888872,57814.25061694797,116430.91323341805,57215.34638483218,115054.14820800515,56694.72485774376,114106.16379590014,56335.43250827197
601,3.0119919919919917,151720.18676117438,70141.75385302736,150431.91539233187,69681.85697810358,148591.42501669427,69023.70250149301,146520.64678418203,68280.58678335405,144363.13414612084,67503.15130148466,142184.36353381435,66714.7740365268,140014.92885486272,65926.60598339791,137869.48456736674,65144.151868911074,135755.2674770083,64370.24835602637,133676.09267431346,63606.4756742392,131634.42164124528,62853.89293572601,129632.79746660797,62113.5315915785,127670.23144241,61385.26980337228,125746.89386350683,60669.35457071117,123864.37190166583,59966.558365491044,122026.71314870747,59278.60058704643,120242.87516111763,58609.08808161212,118532.24527330961,57965.60332289284,116937.29233871013,57364.461630332626,115553.33486895943,56841.90076011985,114600.40003673101,56481.27519734018
602,3.016986986986987,152412.8072690705,70340.70259057633,151117.63258694022,69878.9908158544,149267.29511317232,69218.23927296587,147185.4639288769,68472.19817513856,145016.46389012557,67691.71265900595,142826.1194951685,66900.2542050365,140645.1846454416,66109.01776134645,138488.3887090476,65323.52922325952,136363.0043219808,64546.63576421099,134272.86466952134,63779.92319223782,132220.4425395768,63024.45424411617,130208.29324308045,62281.2640907132,128235.42110919973,61550.229415008274,126301.99594426145,60831.59739525982,124409.61176200143,60126.14272806633,122562.33552769515,59435.590570948916,120769.16934548931,58763.56054498509,119049.59910599433,58117.66274003843,117446.31272808943,57514.27278269287,116055.12504765793,56989.76319368956,115097.21375998037,56627.79796483637
603,3.0219819819819818,153109.0399274218,70540.58727531046,151806.92570569323,70077.05177701946,149946.68955223396,69413.69056360153,147853.74761412392,68664.70991542148,145673.20017609347,67881.15961484212,143471.22159951917,67086.60509027477,141278.7265944339,66292.28545060141,139110.51981438257,65503.74785775895,136973.90990167184,64723.85004319368,134872.74822291208,63954.18341795036,132809.518924895,63195.81435894339,130786.78959938628,62449.78177319944,128803.55757546297,61715.96085707834,126859.99216723099,60994.59896757855,124957.69426375844,60286.47303569898,123100.75030077252,59593.31400341758,121298.20715634432,58918.75432616024,119569.64978382693,58270.43184049468,117957.9863050953,57664.78276852273,116559.53047935879,57138.315045518895,115596.616584686,56775.00367056693
604,3.026976976976977,153808.9009251203,70741.41183859609,152499.81077674805,70276.04375577129,150629.62413357367,69610.06021453922,148525.51338398454,68858.1257858193,146333.35828300854,68071.49588873364,144119.68485915803,67273.8303496104,141915.5694493323,66476.41264651285,139735.89236955214,65684.8113064879,137587.99844517125,64901.89466671592,135475.75731105916,64129.25976580957,133401.66452604366,63367.97663641841,131368.30002166601,62619.08793817568,129374.65408950043,61882.46737276351,127420.89554772244,61158.36247600469,125508.6321942367,60447.55242303432,123641.97003263369,59751.773966662855,121830.00094214971,59074.67245641281,120092.40944763774,58423.9136066401,118472.3250165246,57815.994524545524,117066.56294197819,57287.559212652086,116098.62017212904,56922.895184223285
605,3.0319719719719718,154512.40650941484,70943.18022531358,153196.3038860498,70475.97065966987,151316.11471386647,69807.35208012532,149200.77683859895,69052.44958095366,146996.95354499883,68262.72521321649,144771.52434058103,67461.93365299648,142555.72801090076,66661.40295680499,140364.52091308736,65866.72311569165,138205.28423301296,65080.77312048165,136081.90596108988,64305.15566200986,133996.8931215463,63540.94444431631,131952.8380448833,62789.18589615133,129948.72394759578,62049.75221642602,127984.7191482022,61322.89111987073,126062.43838708912,60609.384035530544,124186.00733353812,59910.97355352992,122364.56309617199,59231.31797747961,120617.89028231986,58578.11103114837,118989.34085254779,57967.910997624094,117576.23425620509,57437.49860213751,116603.23622594755,57071.47538540732
606,3.036966966966967,155219.57298606593,71145.89639389189,153896.42117748497,70676.83640969676,152006.1772069195,70005.57002794716,149879.55363433508,69247.68510848476,147664.00135148337,68454.85133365494,145426.75516463304,67650.91868300254,143199.21713331662,66847.26000160811,140996.42003600948,66049.48684381357,138825.7815973129,65260.488902188226,136691.2082508208,64481.874544537495,134595.21853973926,63714.72116200636,132540.41725295546,62960.078969036,130525.78049414426,62217.81865363814,128551.47607842257,61488.18810953264,126619.12572244604,60771.971029486565,124732.87485943234,60070.915867526084,122901.90605659697,59388.693941585974,121146.10451694754,58733.027117014906,119509.04584682545,58120.53514478693,118088.55628561605,57588.136131053354,117110.47649225035,57220.747163657055
607,3.041961961961962,155930.41671950195,71349.56431634336,154600.17885303576,70878.6449402897,152699.82758382446,70204.71793886715,150561.8594839386,69443.83618914474,148334.51714731983,68647.87800827446,146085.3925066527,67840.78913484709,143846.05172431323,67033.98741349044,141631.60438197022,66233.10606152647,139449.50492190622,65441.04552155691,137303.6783088927,64659.41986320098,135196.65465890468,63889.3101804818,133131.0512788845,63131.77049016894,131105.83712178128,62386.66996121095,129121.17949554825,61654.25666639822,127178.70712703958,60935.31657206993,125282.58531207292,60231.60402284829,123442.04230665027,59546.803411472865,121677.0644248946,58888.66487758341,120031.45207662515,58273.86993325462,118603.54093679054,57739.4747265337,117620.35275973118,57370.71341847226
608,3.046956956956957,156644.95413297453,71554.1879782984,155307.59317293455,71081.40019937692,153397.0818731095,70404.79970705658,151247.71015668288,69640.9066567713,149008.51643295152,68841.80900819477,146747.45159661732,68031.54871642997,144496.24674532257,67221.5888374899,142270.08864739185,66417.58435176394,140076.46864248565,65622.446500364,137919.3303149063,64837.79507966142,135801.21540740394,64064.71490238974,133724.7538048881,63304.26380434823,131688.90727151127,62556.309427223234,129693.84260428307,61821.100022955456,127741.19557432838,61099.42384134484,125835.1514391489,60393.04114441061,123984.98437471809,59705.64946042383,122210.78232395311,59045.02733657259,120556.57166293797,58427.9183404658,119121.20015942604,57891.51732579433,118132.87685978258,57521.37705934024
609,3.051951951951952,157363.20170871515,71759.77137904047,156018.68045581845,71285.10614841168,154097.9561608918,70605.81924002976,151937.12147851897,69838.90035834108,149686.0147645556,69036.64811746277,147412.94771928858,68223.20114836487,145149.81721161815,67410.06793114626,142911.8875816078,66602.9253097518,140706.68724673922,65804.69537247169,138538.17849955813,65017.003667462894,136408.91476381113,64240.93874206099,134321.53856253118,63477.562267860376,132275.004432837,62726.740351050525,130269.47865699716,61988.72142280116,128306.6040846225,61264.2960263001,126390.58603440455,60555.23036787187,124530.74483446773,59865.235172292276,122747.27057645231,59202.1175281028,121084.41677059575,58582.683354103705,119641.54594645357,58044.266876158625,118648.06066661065,57672.74100576141
610,3.056946946946947,158085.17598809124,71966.3185315408,156733.4570788843,71489.76676240691,154802.46659103053,70807.78045867811,152630.1093322263,70037.8211540034,150367.02775419064,69232.3991330856,148081.89621435778,68415.75016401178,145806.77819245803,67599.42836453297,143557.0159870034,66789.13254303951,141340.1752744889,65987.79568385895,139160.23714477674,65197.04911206287,137019.76675704692,64417.98512554005,134921.41933285704,63651.669248509665,132864.14214388872,62897.96604339399,130848.10095385392,62157.12412066933,128874.94572520828,61429.93632687713,126948.90193776236,60718.17483966322,125079.33630496882,60025.563641528555,123286.54158937768,59359.93849672296,121614.99960838853,58738.16797212245,120164.59033415344,58197.72633508372,119165.91609734933,57824.80818727509
611,3.061941941941942,158810.89357176292,72173.83346249347,157451.9394780438,71695.38602996976,155510.62936527998,71010.68729730438,153326.68965756323,70237.67291711378,151051.5710699453,69429.06586506378,148754.31247659182,68609.19950950977,146467.14481122827,67789.6738202892,144205.4887191567,66976.20967153183,141976.9473178293,66171.75099265257,139785.52058385868,65377.93491086284,137633.78546651237,64595.85749061509,135524.40994651936,63826.5881256477,133456.33399155384,63069.98982630954,131429.72284293754,62326.31138245984,129446.2336104739,61596.34795399827,127510.11203544628,60881.877717015675,125630.77145081428,60186.637973207144,123828.60781449001,59518.49329743705,122148.33242918157,58894.37520277331,120690.34540227098,58351.8986701864,119686.45511217524,57977.581543485336
612,3.066936936936937,159540.3711198401,72382.32021235026,158174.14414807892,71901.96795333619,156222.4607434428,71214.5437036567,154026.87845141793,70438.45953426773,151739.66043608668,69626.65213642443,149430.21195597915,68803.55294380938,147130.9322455865,67980.80799365214,144857.32068697992,67164.1603275203,142617.01802126627,66356.56486915835,140414.04320160538,65559.66457323874,138250.98502222338,64774.559286848234,136130.5242839143,64002.32229020306,134051.59361160654,63242.81503323691,132014.35772038065,62496.28648526702,130020.48090203476,61763.534129594715,128074.22926010525,61046.34216798803,126185.06298224219,60348.46128305396,124373.48174844515,59677.7849957312,122684.42753003344,59051.30806463132,121218.82327413275,58506.786859269356,120209.68971442281,58131.06402408684
613,3.071931931931932,160273.62535203938,72591.78283535586,158900.08764279782,72109.51654840598,156937.97704352345,71419.35363896308,154730.69176795988,70640.1849053345,152431.3116332092,69825.16178325446,150109.61015787622,68998.81423870553,147798.15572760618,68172.83459248899,145512.52685286087,67352.98815571493,143260.4020818561,66542.24089589209,141045.8194344594,65742.24162057164,138871.37960494508,64954.09397560532,136739.7762753126,64178.87514471079,134649.9346888382,63416.445009028655,132602.0190304919,62667.05271740818,130597.70080885927,61931.49808663477,128641.26659093669,61211.57137149443,126742.22365525694,60511.03669747369,124921.17593291361,59837.8166676004,123223.29725231369,59208.96958662165,121750.03611676289,58662.39389034716,120735.63195069939,58285.25858889077
614,3.076926926926927,161010.67304784164,72802.22539958288,159629.78657519058,72318.03584477726,157657.19464188238,71625.12107796554,155438.14571879111,70842.85294349091,153126.54049838346,70024.59865473385,150792.52264315402,69194.9871788701,148468.83054392022,68365.7573373293,146171.12223280448,67542.69681327588,143907.11424934492,66728.78266761074,141680.86377064206,65925.6695862784,139494.9834463264,65134.465030086256,137352.1799009918,64356.250103342165,135251.3709571872,63590.88310997954,133192.72026588448,62838.61337845252,131177.9065873946,62100.24306915225,129211.23705381062,61377.56851733227,127302.26627175121,60674.36735357711,125471.70295470048,59998.591399575576,123764.95398182087,59367.3628080462,122283.99614099924,58818.722761672536,121264.29391100041,58440.16820785071
615,3.081921921921922,161751.5310466501,73013.65198696704,160363.25761758554,72527.52988578136,158380.12997338973,71831.85000895466,156149.25647309812,71046.46757525513,153825.36292530556,70224.96661316905,151478.96502834468,69392.07556188486,149142.9720358656,68559.57996139709,146833.12189657468,67733.2899698451,144557.16932630804,66916.19379134373,142319.19075029003,66109.95201584234,140121.8108290351,65315.67593535519,137967.74919136925,64534.45059193435,135855.91619986948,63766.132703855605,133786.47496760386,63010.97177924976,131761.11154169298,62269.77233227449,129784.15372139333,61544.33680620996,127865.20367962822,60838.45639920844,126025.07544586535,60160.11228875053,124309.41014890096,59526.490778610205,122820.71560161043,58975.776481762565,121795.68772882519,58595.79586108866
616,3.086916916916917,162496.2162479477,73226.0666933424,161100.51750180553,72738.00272851781,159106.79953157986,72039.54443380387,156864.04025780378,71251.03274052072,154527.7948644468,70426.26953402614,152168.9529857887,69590.08319827433,149820.59559962753,68754.30621064334,147498.54096783712,67924.7713075783,145210.58216828996,67104.47788642415,142960.8149655932,66295.09246684403,140751.87608689297,65497.7301883708,138586.4982271348,64713.48004802014,136463.58424950924,63942.19716992353,134383.29672525666,63184.13124195898,132347.3290235381,62440.08914225093,130360.02971327194,61711.87944977477,128431.04877292369,61003.3069929728,126581.30608384266,60322.38244280874,124856.67822856561,59686.356558448606,123360.20679741241,59133.5580694249,122329.82558129256,58752.14453892101
617,3.091911911911912,163244.74561145587,73439.47362847663,161841.58301932501,72949.45844388941,159837.21986880613,72248.20836800407,157582.51335771938,71456.55239259056,155233.85232320306,70628.5113059646,152862.50224378228,69789.01391153845,150501.7166863851,68949.93984377818,148167.3946243008,68117.14452117668,145867.36768394418,67293.63858452007,143605.75106093206,66481.09450899201,141385.19360501092,65680.63129801657,139208.44113938385,64893.34192085787,137074.38898826975,64119.07989898004,134983.19917713918,63358.09510007753,132936.5724325715,62611.196776481396,130938.87819607888,61880.19967064089,128999.8144919285,61168.92230426372,127140.40759156244,60485.40498005068,125406.77074061104,59846.96321815301,123902.48207138569,59292.07055378412,122866.71968925693,58909.21724188469
618,3.096906906906907,163997.13615729267,73653.8769161064,162586.47102142678,73161.90111663697,160571.4075963956,72457.84584069814,158304.69211569737,71663.03049821088,155943.55136604523,70831.69583087065,153559.62858672478,69988.87153818586,151186.35080245565,69146.48463230346,148839.69809786114,68310.41331791879,146527.54083517354,67483.67952966604,144254.0137330158,66667.96172415388,142021.77781992487,65864.38278513103,139833.59210975072,65074.039671461134,137688.34434798453,64296.78429338107,135586.19601036634,63532.86669846982,133528.85521641935,62783.09852354451,131520.71238361628,62049.300702417306,129571.5138233111,61335.30551329059,127702.3927375707,60649.183029420754,125959.70024973665,60008.31383879817,124447.55381079264,59451.31697430806,123406.38231742424,59067.016980763205
619,3.101901901901902,164753.40496613173,73869.28069397276,163335.19841935945,73375.33484537459,161309.37938480405,72668.4608947155,159030.59293278403,71870.47103760537,156656.9081146693,71035.82702389073,154260.34785526645,70189.65992776667,151874.5135094402,69343.94436054518,149515.46667474302,68504.58141769264,147191.1166372709,67674.60437829429,144905.61773102038,66855.69770638691,142661.64321973143,66048.9881825384,140461.9653705423,65255.57677262884,138305.4643102886,64475.313767071326,136192.30096100102,63708.449393396324,134124.1908708198,62955.79768322618,132105.54553698128,62219.185789735784,130146.15980024064,61502.459811106346,128267.27433615048,60813.71973053454,126515.47936566421,60170.411511968836,124995.43444729461,59611.30038083425,123948.82577446848,59225.546776612755
620,3.1068968968968966,165513.56917936145,74085.68911385656,164087.78218449478,73589.76374262467,162051.15196377144,72880.05758660691,159760.23226837238,72078.87800450937,157373.9387481469,71240.90881346528,154964.6759464564,70391.38294290566,152566.22042436944,69542.32282568597,150194.71569564362,68699.65255302742,147858.11015905952,67866.41679926639,145560.57785672677,67044.30606196921,143304.8043442238,66234.4510350788,141093.57520487162,65437.95670897502,138925.76290675,64654.67174561372,136801.527814183,63884.84655254247,134722.5929397496,63129.297566548135,132693.39096469086,62389.85818827902,130723.76550250986,61670.38839963501,128835.06524744284,60979.018233705945,127074.1207432571,60333.259339786535,125546.13645707002,59772.023833596286,124494.06241314816,59384.80966078854
621,3.111891891891892,166277.6459992441,74303.10634161391,164844.23934848554,73805.19193485315,162796.7421224778,73092.63998667899,160493.6266403555,72288.25540620396,158094.65950307605,71446.94514136233,155672.6288138913,70594.04445933543,153261.48721984902,69741.62383779777,150877.46055587576,68895.63046912586,148528.53652303433,68059.12047390474,146218.90896465976,67233.79040943063,143951.27578502838,66420.77489963894,141728.435946792,65621.18297695891,139549.25421900165,64834.861666218894,137413.89040425874,64062.061555047876,135324.075015552,63303.60149579643,133284.26202280718,62561.32116480866,131304.34405665827,61839.094491699325,129405.77837756826,61145.08169997439,127635.63708263985,60496.86043493633,126099.67236093192,59933.49040325028,125042.10463042292,59544.808674970845
622,3.1168868868868866,167045.65268907524,74521.53655721189,165604.5870034236,74021.6235625048,163546.1667096987,73306.21217902917,161230.79262528,72498.60726355025,158819.08667373197,71653.93996271103,156384.2224678633,70797.64836592939,153960.32962420568,69941.8512198743,151563.71670551167,69092.5189238961,149202.41090550268,68252.71909602398,146880.62596222654,67424.15437958388,144601.07218574095,66607.96334518254,142366.56198143115,65805.25908491504,140175.95237887325,65015.88697777474,138029.40261491123,64240.097791535285,135928.65073906415,63478.71280455013,133878.17211506306,62733.57799719355,131887.9086360959,62008.58131104851,129979.42667874803,61311.91330113209,128200.04112931759,60661.217920693765,126656.05472444602,60095.703170901485,125592.96486757063,59705.546871191444
623,3.121881881881882,167817.60657334406,74740.9839547641,166368.84230199837,74239.06278003842,164299.44263396182,73520.77826158046,161971.7468584997,72709.93761102378,159547.2366122188,71861.89724603576,157099.4729755092,71002.19856473515,154662.76342163398,70143.00880786392,152253.4996495266,69290.32168798396,149879.74853672626,68447.21637196292,147545.74380985592,67615.40161555559,145254.2082420634,66796.01995278099,143007.96774512564,65990.18855308324,140805.8715685234,65197.751140876026,138648.07837928986,64418.958664139675,136536.33379974496,63654.63483771003,134475.13469298798,62906.63197443782,132474.47246122686,62178.852092386005,130556.02314942611,61479.51621975139,128767.34567429616,60826.33493095169,127215.29615804918,60258.66522813074,126146.65561030433,59867.02731185988
624,3.1268768768768767,168593.525037893,74961.45274256631,167137.02245765505,74457.51375596224,165056.58686370307,73736.34234611629,162716.50603432988,72922.25049674875,160279.12572862083,72070.82097328974,157818.3964609595,71207.69897100782,155368.8044523421,70345.10045070229,152946.8249479433,69489.04254480507,150560.5647010624,68642.61602061595,148214.27752113767,67807.53577281754,145910.69870194097,66984.94831564395,143652.6677255558,66175.97491363886,141439.02602057214,65380.457627854135,139269.93168014064,64598.64758653752,137147.13793580316,63831.370951527206,135075.16325603382,63080.48639670927,133064.04879957298,62349.910081397305,131135.58083439083,61647.893649212165,129337.5635542019,60992.214610247334,127777.40931716762,60422.37967702112,126703.18938888979,60029.2530697898
625,3.131871871871872,169373.42553007815,75182.94714313226,167909.14474475387,74676.98067286931,165817.6164274234,73952.90855831557,163465.0869062013,73135.54998253255,161014.7704911543,72280.71513988895,158541.0091054873,71414.15351324323,156078.46861269933,70548.13001034516,153643.70821597573,69688.68529057714,151244.8747371062,68838.92177346488,148886.24216296166,68000.56051921775,146570.55836569917,67174.75203915015,144300.67646188007,66362.62171072293,142075.43001823354,65564.00992280665,139894.9765499369,64779.16798397598,137761.07693432563,64008.924513631806,135678.27135170094,63255.14457536752,133656.65096589833,62521.75853477773,131718.1128248973,61817.04879372925,129910.70765140212,61158.86011378921,128342.40690233554,60586.84963018468,127262.57877826277,60192.22722822536
626,3.1368668668668667,170157.32555893017,75405.47139322944,168685.2264987287,74897.46772747302,166582.54841384574,74170.48103778753,164217.50628681478,73349.84014390022,161754.18742631935,72491.5837547461,159267.327147658,71621.56613321132,156791.7718553827,70752.10136180127,154344.1651241742,69889.25373435239,151932.69403783252,69036.1373746107,149561.65285565806,68194.47953501185,147233.8020861812,67365.43474087802,144952.00854487065,66550.1325004724,142715.09789544862,65748.41152162722,140523.22707100943,64960.52329330214,138378.1646314058,64187.29890306194,136284.47257566455,63430.60983299244,134252.29232233315,62694.40072026029,132303.63225878956,61986.98486837978,130486.79089412546,61326.2746074842,128910.30165931402,60752.07821078898,127824.83639814687,60355.952880867684
627,3.141861861861862,170945.24269531498,75629.02974391491,169465.2851162468,75118.97913064259,167351.3999720722,74389.06393810688,164973.78104829614,73565.12507012895,162497.39311905246,72703.43084030454,159997.36688347947,71829.94078598966,157508.73018952418,70957.01839316505,155048.21139856978,70090.75169804969,152624.0380507384,69234.26658080537,150240.52477313715,68389.2965128943,147900.44476888576,67557.00005063652,145606.6786170486,66738.51085105058,143358.04403701832,65933.66593203526,141154.69737567776,65142.71696299242,138998.41491227245,64366.497510292524,136893.78057190153,63606.88550341244,134850.98627849875,62867.83991664374,132892.15232062287,62157.70509913071,131065.8262565825,61494.461267964674,129481.10637921013,60918.06855258396,128389.97491317138,60520.43313190138
628,3.1468568568568567,171737.19457209506,75853.62646057125,170249.33805536834,75341.51910743867,168124.18831174148,74608.661426849,165733.92812235103,73781.40886428268,163244.40421287905,72916.26043257238,160731.14466655126,72039.28143999694,158229.35968085844,71162.8850056499,155755.86282081957,70293.1830164872,153318.9222779855,69433.31316148386,150922.87314302943,68585.01515802986,148570.50137210469,67749.45161049603,146264.7013728193,66927.76034267718,144004.2828787368,66119.7766736059,141789.40164638092,65325.752453181776,139621.84171141844,64546.523737263975,137506.20903281696,63783.97493173304,135452.74629163177,63042.079413820364,133483.686241787,62329.21272286642,131647.82675908686,61663.42328261559,130054.83389859622,61084.82379992861,128958.00703298945,60685.67109602107
629,3.151851851851852,172533.1988842906,76079.26582294253,171037.40283570616,75565.09189714889,168900.93070318652,74829.27768562485,166497.9645004203,73998.6956432467,163995.23741006572,73130.07658115649,161468.6769082154,72249.5920770264,158953.67645187036,71369.70511362088,156467.1352283519,70496.55153741462,154017.36227654343,69633.28089879586,151608.71324682608,68781.63918808485,149243.9869070612,67942.79307481929,146926.0915586084,67117.884567659,144653.828907525,66306.74727779976,142427.3541158091,65509.63323569335,140248.45901273005,64727.380997411376,138121.77169937122,63961.881474365204,136057.5858667095,63217.122512804184,134078.24730062849,62501.51098741634,132232.805468176,61833.16384960165,130631.49709962899,61252.34710781786,129528.94551239636,60851.66989845789
630,3.1568468468468467,173333.27338924148,76305.95212517031,171829.49703858624,75789.70175332368,169681.64447759264,75050.91691011658,167265.9072338356,74216.98953776243,164749.90947177404,73344.88334929684,162209.98007770683,72460.87669227962,159681.69668194317,71577.48264462795,157182.04451451165,70700.86112154585,154719.37365833222,69834.17358763787,152298.06042001987,68979.1723332588,149920.9164380481,68137.02811029216,147590.86397299767,67308.8871304202,145306.69666156438,66494.58128799302,143068.56906703493,65694.36279406774,140878.28084961607,64909.07271569337,138740.48236120722,64140.60849905393,136665.5185565747,63392.972525758974,134675.8488225744,62674.60315158239,132820.7754967325,62003.68617789459,131211.10891016948,61420.641641909475,130102.80315144791,61018.43267500618
631,3.161841841841842,174137.435906769,76533.6896758298,172625.6383072077,76015.352943812,170466.34702715563,75273.58331011247,168037.77343397512,74436.2946924622,165508.4372182134,73560.68481390047,162955.07070230402,72673.13929440005,160413.43660750668,71786.22153943905,157900.60662870636,70906.11564259154,155424.97209036592,70035.99503568528,152990.93005224573,69177.61833631578,150601.3050825664,68332.16039595481,148259.03346686144,67500.77164753292,145962.90073043082,66683.28225950735,143713.0608336453,65879.9446235925,141511.32130513756,65091.60232862114,139362.35485677767,64320.15938490675,137276.55796206114,63569.63277602624,135276.5041802552,62848.49248516688,133411.75000410562,62174.99348730034,131793.68230390272,61589.710578550825,130679.59279557908,61185.962572050135
632,3.1668368368368367,174945.70431933837,76762.48279796586,173425.84434680376,76242.04975079706,171255.05580524044,75497.28110954232,168813.58027241947,74656.61526590385,166270.83752879454,73777.48506557598,163703.9653674801,72886.38390550671,161148.91252218554,71995.9257520732,158622.83757655177,71112.31898729166,156134.17329489603,70238.74906342437,153687.33758742202,69376.98095261602,151285.16801146418,68528.19362323267,148930.6149435029,67693.54174774764,146622.45575522896,66872.85375963998,144360.84379987317,66066.38223133187,142147.59451213753,65274.97328428761,139987.40307347287,64500.53752242244,137890.71773211902,63747.106598153565,135880.22679362862,63023.182269000055,134005.74219623295,62347.08900848644,132379.23030045783,61759.557104805965,131259.32733572315,61354.26274659047
633,3.171831831831832,175758.09657222094,76992.33582912933,174230.1329248027,76469.79647083227,172047.78832653965,75722.01454651303,169593.34498110838,74877.95543060584,167037.12734228335,73995.28820866764,164456.68071705388,73100.61456122807,161888.14077694833,72206.59924983379,159348.7534200185,71319.47505544819,156846.99304955546,70442.43950418454,154387.2985238921,69577.26395014764,151972.52044907532,68725.13149596752,149605.6233587908,67887.20107202395,147285.37642872648,67063.29936769372,145011.9324007299,66253.67913615619,142787.1146533709,65459.18904239643,140615.64094774835,64681.74631351958,138508.01156394085,63925.39733792268,136487.03013010308,63198.675794967916,134602.76532576236,62519.975983009324,132967.7659655281,61930.18441848263,131842.0197084307,61523.33636627123
634,3.1768268268268267,176574.63067365694,77223.25312141317,175038.5218709889,76698.59741487713,172844.56216723265,75947.78787334388,170377.08485249686,75100.31937308205,167807.32365695486,74214.0983612899,165213.23345334164,73315.83531073565,162631.13778025625,72418.24601334175,160078.37027757821,71527.58775995785,157563.44718750243,70647.07020417033,155090.8284145655,69778.47110955806,152663.377673359,68922.97773044866,150284.07372129627,68081.75327356104,147951.67749548866,67254.62267500722,145666.34112213756,66441.83886877171,143429.89596163464,65644.25307429125,141247.08246525325,64863.7891715653,139128.45320308735,64104.50835237778,137096.9277046617,63374.97636604005,135202.8326921738,62693.65766334175,133559.30241099157,62101.59572815926,132427.6828959887,61693.18660940652
635,3.181821821821822,177395.32469501876,77455.23904148898,175851.02907766425,76928.4569083333,173645.3949651449,76174.60535660217,171164.81723971225,75323.71129387677,168581.44353074787,74433.91965536172,165973.64033730867,73532.05021677815,163377.91999821237,72630.87003656897,160811.70432435052,71736.66102684487,158283.5515975646,70852.64502249387,155797.94286706025,69980.60622418596,153357.75501603904,69121.73605544413,150965.98109243033,68277.2020178285,148621.3737520134,67446.82728498506,146324.08450106153,66630.86497175007,144075.95271989837,65830.16886298486,141881.7416609582,65046.669521404045,139752.0564436136,64284.443009853814,137709.93307998692,63552.08729629749,135805.95764190183,62868.13731290015,134153.85279503162,62273.79425321189,133016.32992654017,61863.81666500738
636,3.1868168168168167,178220.19677097403,77688.29797064312,176667.6724998102,77159.37929108042,174450.3044199074,76402.4712771386,171956.55955671152,75548.13540759972,169359.50408141906,74654.75623664114,166737.9181887212,73749.26335571516,164128.50395471117,72844.47532687154,161548.77179224978,71946.69879529385,159007.32222438382,71059.16783120707,156508.6575438446,70183.67310009293,154055.6678627436,69321.41021223183,151651.36058658073,68473.550982597,149294.48004686626,67639.91681312805,146985.1771256434,66820.7609995583,144725.29926143482,66016.93990318858,142519.6326192841,65230.39079938631,140378.83512819526,64465.2046900047,138326.0598665843,63730.011910960544,136412.15356845793,63043.41820607229,134751.43032225771,62446.783223841565,133607.97387420386,62035.22973280864
637,3.191811811811812,179049.2650996492,77922.4343048133,177488.47015524947,77391.36891751245,175259.30829311672,76631.38993012301,172752.32927843803,75773.59594296117,170141.52248669797,74876.6122647598,167506.0838862989,73967.4788175513,164882.9062315882,73059.06590502341,162289.58897013246,72157.70501768259,159734.77506856076,71266.64251533392,157222.98816237922,70387.67555609523,154757.131653145,69522.00395463104,152340.22737124987,68670.80385796906,149971.01128081538,67833.89488706339,147649.63363533386,67011.53051858846,145377.94996995066,66204.56970134142,143160.76947423047,65414.95645339755,141008.80314825554,64646.796783831895,138945.3217229073,63908.753546416825,137021.4339125532,63219.50362824464,135352.0482438265,62620.56588110133,134202.62785919404,62207.42902329583
638,3.1968068068068067,179882.54794279338,78157.65245462504,178313.44012480867,77624.43015657371,176072.42440849473,76861.36562508009,173552.14394097967,76000.09714280708,170927.5159844422,75099.49191325749,168278.15436786728,74186.70070597014,165641.14346876997,73274.64580524962,163034.17220394438,72369.68365961505,160465.92618679965,71475.07297290297,157940.95049526033,70592.61742379585,155462.16188110024,69723.52104903356,153032.59666719259,68868.96434640995,150650.98240696764,68028.76514657518,148317.46872102597,67203.17710718754,146033.91927971758,66393.0617756395,143805.16640950472,65600.36994288703,141641.9744440916,64829.22269371267,139567.732355482,64088.315550249106,137633.81216222144,63396.39687583005,135955.71985756306,62795.145476923506,134800.30504794058,62380.41775773217
639,3.201801801801802,180720.0636259425,78393.9568454282,179142.60055248011,77858.56739179505,176889.670652049,77092.40268592499,174356.0211417264,76227.64326415428,171717.50187279243,75323.39936961673,169054.14663051016,74406.93313836835,166403.23236442416,73491.21907525996,163782.53789686863,72582.63869995439,161200.79169205384,71684.4631149797,158662.5603703619,70798.5025476162,156170.77409479083,69925.96527443524,153728.483748554,69068.03616277849,151334.40843090383,68224.5312436347,148988.69712518898,67395.70435568727,146693.2216757038,66582.41965606548,144452.837658651,65786.63473889677,142278.36300500185,65012.48583342866,140193.30551903223,64268.70128126351,138249.30185294177,63574.10125629521,136562.45850808214,62970.52527414692,135401.01865320926,62554.19916818553
640,3.2067967967967967,181561.83053858357,78631.35191733361,179975.96964558543,78093.78502133022,177711.06497223375,77324.50545099929,175163.97853952853,76456.23857822576,172511.49751032813,75548.3388352976,169834.077730723,74628.18024588982,167169.18967511028,73708.78977628253,164534.70250947305,72796.57413085588,161939.38775367098,71894.81686569913,159387.83367097884,71005.3347848282,156882.98389686388,70129.34042246724,154427.9039430078,69268.02303435803,152021.30441081483,68421.19684243076,149663.3336420016,67589.11586643412,147355.8716937051,66772.64688441802,145103.79750517957,65973.7543240905,142917.9828694129,65196.5896281944,140822.0550166046,64449.91410951752,138867.91656776247,63752.62008818856,137172.27758691003,63146.70854654426,136004.78193422218,62728.776497555526
641,3.2117917917917915,182407.8671343193,78869.84212524963,180813.56567493823,78330.08745799205,178536.62538011005,77557.67827310669,175976.03385485493,76685.88737048587,173309.52031622338,75774.31452577247,170617.964784566,74850.44617345986,167939.03221593006,73927.36198309746,165290.68255985907,73011.49395780006,162681.7305975389,72106.13816229817,160116.78633597004,71213.11800558625,157598.80694457275,70333.65029742777,155130.87263189495,69468.9287008874,152711.685457638,68618.7656194004,150341.3931174861,67783.4152538193,148021.88392047674,66963.74701434115,145758.06028269642,66161.73219278267,143560.84812500727,65381.53751468575,141453.99469969378,64631.957416348,139489.669937424,63931.95670116778,137785.19053260604,63323.69857884921,136611.60819677854,62904.152999600585
642,3.2167867867867868,183258.1919310331,79109.43193891904,181655.4069750074,78567.47912928906,179366.3699495075,77791.92551954895,176792.20486995185,76916.59394067577,174111.58777040284,76001.33067056075,171405.82496781743,75073.73507981942,168712.77686067842,74146.93978407042,166050.4946238094,73227.40219962593,163427.83650623128,72318.43095514837,160849.43435990237,71421.85609295935,158318.25894991792,70538.89871631337,155837.4052503624,69670.75691459196,153405.56673519322,68817.24126325919,151022.8904496425,67978.60614430874,148691.2729938656,67155.723611354,146415.64037503285,66350.5718509676,144206.97290885073,65567.33294106871,142089.13846836842,64814.83459439952,140114.57564048297,64112.11443602755,138401.21083088484,63501.4986667842,137221.51079337532,63080.3319389651
643,3.2217817817817815,184112.82351105407,79350.12584295565,182501.51194408076,78805.96447746168,180200.31681718517,78027.25157216185,177612.50942900163,77148.36260284888,174917.71741369806,76229.39151326378,172197.67551612775,75298.05113755947,169490.44054199467,74367.5272811865,166814.15533493733,73444.30288856401,164177.72181915405,72531.69920778862,161585.79379319382,71631.55294296314,159041.35567978868,70745.08950885077,156547.51728750172,69873.51144021469,154102.9634603197,69016.62747503194,151707.84058858262,68174.69217647317,149364.0536029418,67348.5802528802,147076.5522163755,66540.27681634847,144856.3714075203,65753.9793670279,142727.50027139648,64998.54904765241,140742.64740343587,64293.096644727484,139020.35201473857,63680.11211708753,137834.50312332847,63257.31659120656
644,3.2267767767767768,184971.7805213225,79591.92833688126,183351.89904442884,79045.54795951878,181038.48418299353,78263.6608273512,178436.96543828186,77381.1976854063,175727.9268480043,76458.50131159982,172993.5337251732,75523.39853315522,170272.04025151388,74589.12859008403,167581.68138483487,73662.20007026974,164931.40293269165,72745.94689695776,162325.8807422577,71842.21246459211,159768.11295610433,70952.22651752838,157261.22428648846,70077.19605504737,154803.8909030128,69216.92796808326,152396.2585366651,68371.6770010182,150040.24048813156,67542.32052827775,147740.81029139654,66730.85061836665,145509.05785723234,65941.48026379537,143369.0941063718,65183.10419145116,141373.89900084335,64474.90669041988,139642.6276645593,63859.542247540914,138450.59863289408,63435.110242822826
645,3.2317717717717716,185835.08167355566,79834.84393516248,184206.5868024691,79286.23404727441,181880.8903100362,78501.15769612897,179265.59086632484,77615.10353113241,176542.23373643693,76688.66433743887,173793.41695081018,75749.78146700075,171057.5930400188,74811.74784008831,168353.08952322262,73881.09780385667,165688.89630035358,72961.17801262726,163069.71136964677,72053.8385798519,160498.54665595613,71160.31359762793,157978.54184472165,70281.81454896157,155508.3643865611,69418.14646814822,153088.15934862994,68569.56428081465,150719.8484413494,67736.94803886852,148408.42913538415,66922.29679823077,146165.04654397053,66129.83911417927,144013.93401983994,65368.50345253264,142008.34425545423,64657.54794747758,140268.0514082614,64039.79238699708,139069.81081539002,63613.71619127932
646,3.236766766766767,186702.7457444136,80078.87716724776,185065.5938089303,79528.02722738417,182727.5535248321,78739.74660414939,180098.40374407734,77850.08449723042,177360.65580348892,76919.88487683788,174597.34260922982,75977.20415344319,171847.11601759164,75035.38917424563,169128.39655809864,74101.0001619299,166450.21843292148,73177.39655803423,163817.30189419776,72266.4352237914,161232.67271174918,71369.35461725637,158699.4856139631,70487.37072444006,156216.3992876836,69620.28671336314,153783.5581317336,68768.35769092865,151402.89230613114,67932.46639796802,149079.4233343729,67114.61890894601,146824.3518036146,66319.05941259267,144662.03410742455,65554.7502690545,142645.99703833013,64841.023801521915,140896.6369214047,64220.86587540721,139692.15321131735,63793.137745036394
647,3.2417617617617616,187574.79157566553,80324.03257760424,185928.93871901705,79770.93200138198,183578.49221747776,78979.43199174506,180935.42216506024,78086.14495535792,178183.21083518787,77152.1672300756,175405.32817711268,76205.67082081747,172640.62635376593,75260.05674935714,169907.61935588816,74321.91123061937,167215.3858985959,73394.60654971407,164568.66859117575,72480.0063445352,161970.50711134478,71579.35345737751,159424.07130047766,70693.86839660798,156928.01103666748,69823.35245429627,154482.47004588402,68968.0609186519,152089.38697776676,68128.87923091519,149753.80752527472,67307.82051534338,147486.9880220689,66509.14466508242,145313.4085139542,65741.84809062337,143286.87126897025,65025.33764945072,141528.3979273173,64402.76606384864,140317.63940848236,63973.3782235767
648,3.246756756756757,188451.23807435617,80570.31472575504,186796.64025257493,80014.95288571694,184433.7248418105,79220.2183139633,181776.66428552908,78323.28929166282,179009.9166792539,77385.51571168806,176217.3911917837,76435.18571148087,173438.14127767936,75485.75473601297,170690.7748415937,74543.83510961347,167984.41532314412,73612.81201753349,165323.82779241924,72694.55590331588,162712.0658982028,71790.31401184399,160152.31466517303,70901.31139326429,157643.21511750555,70027.34745397863,155184.91030377653,69168.67766353207,152779.34740343367,68326.19017510228,150431.59639600964,67501.90519410915,148152.9696353913,66700.09838935801,145968.07143358918,65929.80037832359,143930.98091543617,65210.4928994663,142163.34819721896,64585.4963145525,140946.28304211848,64154.44095743257
649,3.2517517517517516,189332.10421297263,80817.7281863162,187668.71719425547,80260.0944117898,185293.26991557056,79462.11004060238,182622.14832463412,78561.52190681886,179840.7912452571,77619.93465050338,177033.54925136743,76665.75308184743,174239.6780782262,75712.48731862618,171477.87999894493,74766.77591219243,168757.32339004744,73832.01700472357,166082.79588648526,72910.08787450656,163457.36517152417,72002.24018742911,160884.23152373993,71109.70355491301,158362.02706803448,70232.27548793494,155890.89417102886,69370.21163740313,153472.78858233013,68524.40288000468,151112.80468563756,67696.87653381417,148822.3111299224,66891.92411482045,146626.0371099484,66118.61060474544,144578.33999447705,65396.49297110346,142801.50155034426,64769.06000093129,141578.0977950087,64336.32928821341
650,3.256746746746747,190217.40902961147,81066.27754903397,188545.1883936818,80506.36112599012,186157.146020565,79705.11165624797,183471.89256458127,78800.84721606156,180675.85250477598,77855.42838967734,177853.82001494354,76897.37720242297,175045.25410421015,75940.25869546704,172268.951870549,74990.73776526186,169534.12684064877,74052.22556791258,166845.58931879466,73126.60624565321,164206.4210863942,72215.13590385875,161619.8377467931,71319.04873479463,159084.46248007278,70438.14034421444,156600.4369663177,69572.66656441566,154169.72556580894,68723.52100721082,151797.44718448925,67892.73813494339,149495.02704241467,67084.62538259133,147287.31983623691,66308.28225401381,145228.9625716548,65583.34129525773,143442.87185406635,64953.4605076068,142213.09739760787,64519.04656863317
651,3.2617417417417416,191107.1716281458,81315.967418822,189426.07276561405,80753.757589733,187025.37180283078,79949.22766030936,184325.915350793,79041.26964922406,181515.1184915557,78092.00128672851,178678.22120270258,77130.06235783955,175854.8867644978,76169.07307869694,173064.00755804116,75215.7248093865,170314.84247430123,74273.44177715908,167612.2245917776,73344.11501750733,164959.2498539254,72429.00509384344,162359.14926001168,71529.3507989178,159810.5369995592,70644.94582342193,157313.55406151433,69776.0461810674,154870.1734575112,68923.5482304521,152485.538734298,68089.4936099252,150171.13196016202,67278.20574554181,147951.93395537284,66498.8188218167,145882.86276146965,65771.0413142133,144087.4730240209,65138.701230437684,142851.2956281654,64702.5961625379
652,3.266736736736737,192001.41117839303,81566.80241579865,190311.38929011568,81002.2883794961,187897.96597279867,80194.46256705618,185184.2350920694,79282.79365077303,182358.6073016667,78329.65771357363,179506.77059610194,77363.81284689049,176668.59352817154,76398.9346944028,173863.0642222356,75441.74119882382,171099.48714851603,74495.66971598513,168382.71826501962,73562.61820405842,165715.86774140096,72643.85170311033,163102.1820442802,71740.61362609058,160540.26632669166,70852.69573874875,158030.26088182136,69980.35423623379,155574.1474135004,69124.48823563305,153177.0942283316,68287.14658316114,150850.64052112948,67472.66876832164,148619.89386011558,66690.2238154338,146540.05472748601,65959.59648167135,144735.31902423006,65324.78557654745,143492.70631284805,64886.981444933364
653,3.2717317317317316,192900.14691628295,81818.78717532441,191201.15701271954,81251.95808685658,188774.9473054571,80440.82090565478,186046.87026074997,79525.42367984465,183206.33709366343,78568.40205656314,180339.48603802203,77598.63298256492,177486.39192468356,76629.84778263142,174666.13908327656,75668.79110155762,171888.07777911137,74718.91348140943,169157.08695540752,73782.11983256668,166476.29107241842,72859.67969043531,163848.95213583,71952.84110795215,161273.6662160659,71061.39391600383,158750.57290590895,70185.59449119851,156281.6626423969,69326.34472086123,153872.12861152456,68485.70069105533,151533.5674140831,67668.01802738837,149291.21399319338,66882.50075376529,147200.5526824582,66149.01026277835,145386.42386722658,65511.71696435232,144137.3433258632,65072.205802012584
654,3.276726726726727,193803.39814402515,82071.92634803917,192095.39504459436,81502.7713185283,189656.3346405165,80688.30722020476,186913.83939287494,79769.16421028067,184058.32608874363,78808.2387165164,181176.38543292283,77834.52709208294,178308.2995440097,76861.81659742368,175473.24942078965,75896.87869933204,172680.63134036065,74943.17718398054,169935.34733727566,74002.6239435956,167240.53622703353,73076.49302767521,164599.47562638044,72166.03714900449,162010.75247681467,71271.04419364483,159474.50566605167,70391.77071968403,156992.7344055122,69529.12139647748,154570.65688061027,68685.1595820442,152219.9273787205,67864.25711103634,149965.90884743145,67075.6531673604,147864.37088845661,66339.28613415414,146040.80161417823,65699.49882358899,144785.22058958188,65258.27263118351
655,3.2817217217217216,194711.18423027825,82326.2245998999,192994.1225627118,81754.73269639887,190542.14688257396,80936.92606977581,187785.16108834758,80014.01973066456,184914.59257090767,79049.17210875756,182017.48674700072,78071.49951693055,179134.3340368035,77094.84540684892,176284.41257403328,76126.00818768519,173477.1648651422,75168.46494781012,170717.5161425525,74224.13459104471,168008.61964190417,73294.29569979991,165353.76866328076,72380.20566664386,162751.54097274668,71481.65042280922,160202.07474826567,70598.88670788231,157707.3780169838,69732.82198508603,155272.69408425363,68885.5269166261,152909.73520580048,68061.38961942607,150643.99296588034,67269.6845984462,148531.52365699416,66530.42758392048,146698.46637501262,65888.1345953427,145436.35207466228,65445.18534109673
656,3.286716716716717,195623.5246103179,82581.68661221798,193897.35881001307,82007.84685756678,191432.40300127768,81186.68202844424,188660.8540110964,80259.99474435751,185775.15488711803,79291.20666315086,182862.80800834537,78309.55461289454,179964.51311455056,77328.93849303952,177099.64594205053,76356.18377598313,174277.69544508803,75394.78091060625,171503.6101609073,74446.65584218249,168780.55781043478,73513.09170492462,166111.84744965192,72595.35059119274,163496.04762248672,71693.21646734556,160933.29579244572,70806.9462544854,158425.60884391007,69937.45022158462,155978.25532318355,69086.80636739108,153603.00573727424,68259.4191646134,151325.48094194435,67464.59860095642,149202.0253491527,66722.43811172922,147359.43230854181,66077.62773207518,146090.75180017328,65632.94735167317
657,3.2917117117117116,196540.4387862059,82838.31708169695,194805.1230955767,82262.11845437871,192327.1220314924,81437.57968532974,189540.9368892377,80507.09376953478,186640.03144745965,79534.34682413642,183712.36730709707,78548.69675009769,180798.8545497231,77564.1001522252,177918.9669838212,76587.40968745372,175082.24023073356,75622.12922370681,172293.6462398972,74670.19177767898,169556.36728292087,73732.88505434224,166873.72824452876,72811.47586593145,164244.28839961498,71905.74620384474,161668.18449250265,71015.95317071647,159147.44230648558,70143.00985319483,156687.35575032595,69289.0016190506,154299.75386641585,68458.34937057877,152010.38741951,67660.39874056028,149875.89037570983,66915.32122879085,148023.71362258753,66267.98169765277,146748.43383371856,65821.56209413195
658,3.296706706706707,197461.94632695967,83096.12072047008,195717.43479478578,82517.55215446693,193226.3230734644,81689.62364463236,190425.42851523813,80755.32133922189,187509.2407252993,79778.59705076586,184566.1827956041,78788.93031303366,181637.37617593518,77800.33469476773,178742.39321841422,76819.69015922073,175890.81643166707,75850.51405211307,173087.64128511454,74894.7464916389,170336.0646666936,73953.6797725556,167639.4273630022,73028.58544713004,164996.2793328072,72119.24352167126,162406.7565965012,71225.91128036023,159872.89387813624,70349.5046394924,157400.01057093707,69492.11636846731,154999.99453795332,68658.18387325655,152698.72709307526,67857.08859469133,150553.13319726565,67109.08045790294,148691.32457410631,66459.19996737444,147409.4122915606,66011.03301101818
659,3.3017017017017016,198388.06686872145,83355.10225613808,196634.31334949602,82774.15264078655,194130.0252929871,81942.81852566916,191314.34774607784,81004.6820013309,188382.80125744673,80023.96181673801,185424.27268858065,79030.25970060246,182480.09588809745,78037.64644519541,179569.94222514008,77053.02944233782,176703.4413166801,76079.93957452288,173885.6122603341,75120.32409163442,171119.66662626524,74175.47989730987,168408.96117636215,73246.68330408016,165752.0365059749,72333.71232299463,163149.02790679748,71436.824419794,160601.9790856551,70556.93835243759,158116.23504273687,69696.15432468502,155703.7427481998,68858.92632056458,153390.5147078787,68054.67175257648,151233.7683243703,67303.7193334786,149362.27946931496,66651.28602799999,148073.70133874466,66201.36355623079
660,3.306696696696697,199318.820114928,83615.26643180697,197555.77826820378,83031.92461165292,195038.2479215672,82197.16896291134,192207.71350341395,81255.18031869699,189260.73164431498,80270.4456104349,186286.65526326478,79272.68932614553,183327.03164257275,78276.03974223787,180401.6316437035,77287.4318018225,177520.13221391753,76310.40998336446,174687.57618766103,75346.92869873816,171907.18988347397,74398.28947962516,169182.34611223981,73465.77341912687,166511.57605840566,72549.15652282069,163895.01428017765,71648.69643801855,161334.71350933818,70765.31477640543,158836.0444760425,69901.11920895857,156411.0135451849,69060.58037243347,154085.76506002859,68253.15181526491,151917.81031765102,67499.241401575,150036.59266381615,66844.24337777804,148741.31518922353,66392.5571950505
661,3.3116916916916916,200254.22583648062,83876.61800612567,198481.84912621448,83290.87278077919,195951.01025659053,82452.67960602103,193105.5447737438,81506.82086911464,190143.05055008136,80518.05293495745,187153.34885957654,79516.22361748098,184178.2014573316,78515.51893886065,181237.47917435656,77522.90151669049,178340.90651102786,76541.92948482985,175493.55014767862,75574.56444755635,172698.65121762964,74622.11258382883,169959.59865475117,73685.85978770074,167274.91418490408,72765.58004902313,164644.73162799585,71861.5311966891,162071.11278312025,70974.63770821631,159559.4542339019,70107.01475478367,157121.82202878647,69263.149700836,154784.49299663235,68452.53239565699,152605.27378793966,67695.650219922,150714.27856272418,67038.07552647445,149412.268105982,66584.61740416771
662,3.3166866866866864,201194.30387191565,84139.16175332422,199412.5455658113,83551.00187731374,196868.3316614884,82709.3551198885,194007.86060856906,81759.6082453743,191029.7767028485,80766.78830816146,188024.37188027674,79760.86701693901,185033.62341210828,78756.08840229997,182077.50257805205,77759.44287998976,179165.7816553139,76774.50229890854,176303.55127959652,75803.23548626175,173494.0674656591,74846.95328758805,170740.7353446401,73906.9464183499,168042.06713593236,72982.98684237499,165398.1959163128,72075.3325701462,162811.19259471147,71184.91095716637,160286.47973222812,70313.84470792704,157836.1833508624,69466.63798981684,155486.71341592658,68652.81711853354,153296.1733964006,67892.9493579508,151395.35162079133,67232.78599540053,150086.5744011617,66777.54767171062
663,3.3216816816816817,202139.07412757492,84402.90246325142,200347.8872964242,83812.31664587797,197790.23156590437,82967.2001846691,194914.68012455956,82013.5470552988,191920.928894806,81016.65626269353,188899.7427911255,80006.62398139725,185893.31564855666,78997.75251409772,182921.71967659675,77997.06019883484,179994.77515388417,77008.1326594213,177117.59678139928,76032.94597662697,174293.45552225265,75072.81568194256,171525.77277942188,74129.03733277197,168813.05121775155,73201.3808565801,166155.42316603477,72290.1044454468,163554.9686857335,71396.13834505812,161017.13643993353,70521.61282645643,158554.11271538248,69671.04893552193,156192.44126740668,68854.0096205848,153990.52385465876,68091.14239682269,152079.82634253372,67428.37831744131,150764.2484361864,66971.35149727318
664,3.3266766766766764,203088.5565777762,84667.84494141296,201287.89409479868,84074.82184660372,198716.72946586102,83226.21949582061,195826.02250371763,82268.64192178001,192816.52598239196,81267.6613460271,189779.48012104127,80253.49898231628,186757.29637040675,79240.51567013613,183770.14835280558,78235.75779444122,180827.90457380353,77242.82481405382,177935.70390999495,76263.7000940575,175096.83234000992,75299.70387133716,172314.72761352707,74352.13656584626,169587.882792563,73420.76605830491,166916.42945305235,72505.85072239544,164302.45685185655,71608.32370623099,161751.4398790642,70730.32288077072,159275.62537856092,69876.38624622829,156901.6915519574,69056.11355043967,154688.33992492766,68290.23292945758,152767.71728235824,67624.85603708388,151445.30462188701,67166.03239194324
665,3.3316716716716717,204042.77126498506,84933.99400900955,202232.58580516587,84338.52225517116,199647.84492392745,83486.41776414032,196741.90699354303,82524.89748281562,193716.586886455,81519.80812049858,190663.60246226052,80501.49650577501,187625.58384362143,79484.38228067277,184622.80655065522,78475.54000215953,181665.18754224488,77478.58302439043,178757.8899813638,76495.50202762501,175904.21492958625,75527.62197365452,173107.61655844524,74576.2481656659,170366.5782786496,73641.14642720987,167681.23090837986,72722.57531357523,165053.67294293598,71821.47088759198,162489.40562493433,70939.97865362992,160000.7366489887,70082.65364237351,157614.4793219829,69259.13256869488,155389.63642013783,68490.22456056294,153459.0390446886,67822.22271044586,152129.75741862715,67361.59387833062
666,3.3366666666666664,205001.7382999855,85201.3545029749,203181.98233941192,84603.4226628465,200583.5975693862,83747.79971580234,197662.3529071975,82782.31839154565,194621.13059241636,81773.10116334342,191552.12847049654,80750.62105250647,188498.19639655304,79729.35677037548,185479.7122754385,78716.41117151004,182506.64174664082,77715.41156594807,179584.17237070776,76728.35598010072,176715.62035983935,75756.57412024784,173904.45638286916,74801.3761935701,171149.15415051792,73862.52595598128,168449.8437182945,72940.28214437915,165808.63286314957,72035.58374864627,163231.04930626156,71150.5839401855,160729.46188776617,70289.85485658555,158330.81968153728,69463.07034794419,156094.42820406528,68691.12090666259,154153.80628409257,68020.48190530374,152817.62133642865,67558.03949059529
667,3.3416616616616617,205965.47786205186,85469.93127601399,204136.103677248,84869.52787651976,201524.00709840131,84010.37009239489,198587.37962366987,83040.90931628934,195530.17615043238,82027.54506673242,192445.07686509957,81000.87713793307,189375.15242010058,79975.44357835763,186340.88359391873,78958.3756662171,183352.28493483545,77953.31472821017,180414.56851259936,76962.26616798864,177531.06575797615,75986.56445597365,174705.26391283952,75027.52472417649,171935.62693904017,74084.90865036304,169222.28412447634,73158.97515304119,166567.3525711349,72250.66616152796,163976.38660530184,71362.14254801066,161461.81650863594,70497.99363371244,159050.7277864555,69667.93057280772,156802.73019146058,68892.92559612542,154852.03370540903,68219.63720112141,153508.9109350977,67755.37277447569
668,3.3466566566566565,206934.01019912088,85739.72919664138,205094.96986638074,85136.8427187428,202469.09327418613,84274.13365095785,199517.00658794184,83300.67494058197,196443.74267555738,82283.14443780777,193342.46642921722,81252.26929220257,190256.4703678674,80222.6471582129,187206.33863448488,79201.43786424374,184202.13491523676,78192.29681466057,181249.09590113172,77197.236821559,178350.5683097,76217.59713922485,175510.05603188922,75254.6978454132,172726.01323159624,74308.29852918837,169998.56842414805,73378.65829066772,167329.84808012674,72466.722011031,164725.43325798473,71574.65829713047,162197.81597811638,70707.07373085213,159774.2188444843,69873.71693996128,157514.55734817774,69095.64226919455,155553.73606387532,68419.69218907868,154203.64082435056,67953.59728731694
669,3.3516516516516517,207907.3556279638,86010.75314921928,206058.60102268265,85405.37202776708,203418.87592717155,84539.09516401996,200451.25331115304,83561.61996321176,197361.84934790642,82539.90389871964,194244.31600995417,81504.80206022368,191142.1687563183,80470.97197805055,188076.09558730616,79445.60215782611,185056.20955696865,78432.36214281757,182087.7720900686,77433.27218488176,179174.14525935805,76449.6763419634,176318.84968118856,75482.89965855148,173520.32967221638,74532.69962441169,170778.71297021495,73599.33552126877,168096.13545809517,72683.75519463985,165478.20505404886,71788.13502005229,162937.47581563433,70917.09891738232,160501.3081154135,70080.43315816582,158229.92469130314,69299.274578016,156258.92816525436,68620.6504720999,154901.8256639401,68152.71659809902
670,3.3566466466466465,208885.5345343585,86283.00803399613,207027.01733036299,85675.12065758172,204373.37495517504,84805.25941963645,201390.1393707674,83823.74909825674,198284.51541281884,82797.8280866623,195150.64451853296,81758.48000170183,192032.2661649378,80720.42252053067,188950.17270448734,79690.87295350812,185914.52679002393,78673.51504426799,182930.61469299367,77670.37651586003,180001.81391008876,76682.80624975332,177131.66185968995,75712.13427823795,174318.59296172374,74758.11598114047,171562.7341714055,73821.0108217894,168866.23082788332,72901.7696225603,166234.71783717786,72002.57656179614,163680.81159365893,71128.07297499033,161232.01091120738,70288.0829482968,158948.84728928533,69503.82618666791,156967.6248659626,68822.5156648825,155603.48016378225,68352.7342874654
671,3.3616416416416417,209868.56737326266,86556.49876714479,208000.23904213862,85946.09347795171,205332.6103235681,85072.6312214266,202333.68441073914,84087.06707512181,199211.76018102147,83056.92165391063,196061.47093045493,82013.30769117513,192926.78123638823,80971.0032828994,189828.58830022434,79937.2546721762,186777.104605417,78915.75986470112,183777.64138346148,77908.55408626363,180833.5916239695,76916.99106179381,177948.50962427387,75942.40583252718,175120.81985787756,74984.55165766727,172350.64849241156,74043.68818214104,169640.15036734572,73120.76921775058,166994.98750513617,72217.98677992505,164427.8389378355,71339.99969770302,161966.34259613606,70496.6700433736,159671.34026206448,69709.30077118939,157679.8410731977,69025.29139392571,156308.6190840824,68553.65394775113
672,3.3666366366366365,210856.47466898675,86831.2302808013,208978.28647940586,86218.2953744559,206296.60206544684,85341.2153886114,203281.90814167925,84351.57863857584,200143.60302879236,83317.18926785662,196976.8142856611,82269.28971805007,193825.73267666769,81222.71877702416,190711.36075095987,80184.75174909401,187643.96105533707,79159.1009639431,184628.86989514777,78147.80918176274,181669.4958221649,77152.23499095216,178769.410089894,76173.71846291418,175927.02717551586,75212.01072550169,173142.4724540298,74267.37160523319,170417.91030948667,73340.75791595216,167759.0300099053,72434.36954457562,165178.57352711936,71552.88289191692,162704.31858690764,70706.19818858925,160397.41878120223,69915.7020196098,158395.59174506692,69228.98129755919,157017.2572354626,68755.47918301153
673,3.3716316316316317,211849.27701536697,87107.20752310324,209961.18003241168,86491.73124852516,207265.3702818003,85611.01675605116,204234.83034102217,84617.28854878873,201080.063398125,83578.63561104592,197896.69368869334,82526.43068663757,194729.13925526937,81475.57352942917,191598.50849553946,80433.36863393718,188515.1142533014,79403.54271599108,185484.31802200055,78388.1461019616,182509.543985075,77388.5422637969,179594.38042972298,76406.07632436695,176737.2317866993,75440.4972694023,173938.22263330192,74492.0651070047,171199.526942599,73561.73966572084,168526.8613578201,72651.7287384885,165933.0310939099,71766.726376428,163445.9543528001,70916.67114133966,161127.09807001165,70123.03363197773,159114.89189071514,69433.58902597189,157729.4094790885,68958.2136090506
674,3.3766266266266265,212846.99507593914,87384.43545822831,210948.94016042582,86766.4060174807,208238.93514168038,85882.04017428332,205192.47085319273,84884.20158136844,202021.16079689245,83841.26538121441,198821.1283088562,82784.73521618897,195637.01980533978,81729.57208133068,192490.05003536775,80683.1097908282,189390.5823743091,79649.08950904732,186344.0036183908,78629.56916043205,183353.75365248378,77625.91712063106,180423.43787529864,76639.48358535909,177551.4506208547,75670.0153874089,174737.9156636563,74717.77271645555,171985.016610403,73783.71842845787,169298.49760970552,72870.06825703892,166691.2274241853,71981.53398246208,164191.26541579343,71128.09267125356,161860.3934036876,70331.29932039024,159837.7565704533,69639.11824124075,158445.0907267963,69161.86085344938
675,3.3816216216216217,213849.64958411208,87662.91906643301,211941.5873919128,87042.32461457228,209217.31688237155,86154.29050956009,206154.84958977345,85152.32252739854,202966.91479901184,84105.0832913247,199750.1373803786,83044.20794093206,196549.39322383824,81984.71898867252,193386.00393456456,80933.97969837123,190270.3836549946,79895.7457455538,187207.94459926372,78872.08268474747,184202.1424237079,77864.36381552521,181256.59971667026,76873.94442790253,178369.7006649186,75900.5691908746,175541.56823504955,74944.49847567835,172774.39571218519,74006.69817844089,170073.95488101343,73089.39200826739,167453.1783576367,72197.3095537046,164940.26735070243,71340.46656022192,162597.3201094372,70540.50280902209,160564.20089588742,69845.57261735955,159164.31594122073,69366.42455559481
676,3.3866166166166165,214857.2613433421,87942.66334409136,212939.1423247045,87319.4919890166,210200.5358095608,86427.77264388645,207121.98652967202,85421.65619347521,203917.3450446092,84370.094069603,200683.74020257592,83304.85351010726,197466.27847169605,82241.01882216167,194286.38882012214,81185.9828496871,191154.53639378224,80143.51584222633,188076.15894029083,79115.69101651646,185054.7279577457,78103.88661635082,182093.88330254506,77109.46304758008,179191.99896348154,76132.16280449794,176349.19709410772,75172.24643988996,173567.68070293815,74230.68290285522,170853.24934195934,73309.70391291026,168218.89978780315,72414.05694633105,165692.97578530916,71553.79660242778,163337.89356661018,70750.64783415497,161294.24003004705,70052.95584026781,159887.10013592258,69571.90836670816
677,3.3916116116116117,215869.85122730743,88223.67330373364,213941.62562617287,87597.9131060358,211188.61229750843,86702.49147505795,208093.90171928893,85692.20740174474,204872.4712401848,84636.30245957582,201621.9561400123,83566.67658800363,198387.69457397625,82498.47616730389,195191.22338206164,81439.12375244837,192043.05895104,80392.40423008916,188948.66467802072,79360.39851141677,185911.5279734263,78344.48980481362,182935.30604043478,77346.04365357848,180018.36261893233,76364.80036635516,177160.81904426872,75401.0206774633,174364.8880934997,74455.67660182502,171636.39721766004,73531.00790443047,168988.40766220682,72631.78002903712,166449.4064004955,71768.08660437608,164082.1292068301,70961.73814420677,162027.88918751472,70261.27160787981,160613.45837551635,69778.3159498737
678,3.3966066066066065,216887.4401800825,88505.95397408532,214949.05803340286,87877.59294689582,212181.56678921828,86978.45191669885,209070.61527268577,85963.98098994086,205832.3131587779,84903.71322010682,202564.80462266333,83829.68185399527,199313.6606200336,82757.09562443905,196100.52637359075,81693.40692891426,192935.96974923494,80642.41535450933,189825.4799100321,79606.20953922936,186772.56024955926,78586.17767648683,183780.88539680283,77583.69046872095,180848.80879160253,76598.48602793255,177976.45094592412,75630.825269959,175166.03445069282,74681.68328844456,172423.41478827098,73753.30792904826,169761.71798248804,72850.4826830689,167209.57493037666,71983.34038492323,164830.04251412535,71173.77749976107,162765.16363455518,70470.5236301134,161343.40577579863,69985.65098006751
679,3.4016016016016017,217910.04921631308,88789.5104001058,215961.46035336563,88158.53650894492,213179.41979660894,87255.65889829992,210052.14737175297,86236.98181142217,206796.89064013262,85172.33112543359,203512.3051460786,84093.87400257746,200244.1957636744,83016.88180877718,197014.31661126082,81948.83691596577,193833.28727308713,80893.55367523129,190706.6227950854,79853.12848387199,187637.84262508413,78828.95454084476,184630.63889721147,77822.40772950019,181683.35469991126,76833.22395415879,178796.10971656162,75861.66431215746,175971.1363974658,74908.70698880954,173214.31838912403,73976.607945772,170538.84680454095,73070.16880225328,167973.49716243456,72199.56177530713,165581.64902506012,71386.76967359638,163506.0786892447,70680.71562891906,162076.95750387615,70193.91714418614
680,3.4065965965965965,218937.69942139136,89074.34764302745,216978.8534630922,88440.74880565233,214182.19190068473,87534.1173652567,211038.51826637922,86511.2147352098,207766.22359086393,85442.16096520463,204464.47727154527,84359.25774340305,201179.31922331708,83277.83935043399,197932.61297512482,82205.41826514092,194735.0300697253,81145.82366641142,191592.11155327523,80101.15974343357,188507.3929992204,79072.82472129609,185484.58412646907,78062.19968611136,182522.01762051004,77069.01832343717,179619.81233090762,76093.5419120904,176780.2106130322,75136.75174204833,174009.12441086507,74200.91192642908,171319.810238649,73290.84229302827,168741.18893765102,72416.75461917697,166336.96432886628,71600.7184507157,164250.6497216011,70891.85133830905,162814.12877829446,70403.1181410754
681,3.4115915915915918,219970.4119516315,89360.47078039458,218001.2583098471,88724.23486664693,215189.9037517071,87813.83227890749,212029.7482746193,86786.68464602475,208740.3319846235,85713.20754451635,205421.340626251,84625.83780131886,202119.05028215284,83539.97289446677,198855.4344088952,82463.15554266992,195641.21674884198,81399.22981665273,192481.96446618353,80350.30773020812,189381.22933161777,79317.79255521743,186342.73872877806,78303.07060248488,183364.8148884282,77305.87332767819,180447.5758210701,76326.462191073,177593.27383301107,75365.82160035349,174807.84929959255,74426.22385569675,172104.62444962072,73512.50707447335,169512.66615064145,72634.92277262319,167096.00406757483,71815.62762837598,164998.89215371344,71103.93450438633,163554.93486916638,70613.2576815593
682,3.4165865865865865,221008.20803444547,89647.88490610261,219028.69591130267,89008.9997377559,216202.57606936657,88094.80861657165,213025.85778286395,87063.39644432576,209719.23586226613,85985.4756839501,206382.91490344782,84893.61891640215,203063.4082883064,83803.28710091018,199782.79992010203,82722.05332951037,196551.86598284874,81653.77662903945,193376.19987703214,80600.5768707289,190259.3696425064,79563.86239398697,187205.12040788247,78545.02475631959,184211.76389721813,77543.79317233208,181279.4172766813,76560.42928373576,178410.34284956832,75595.92062901314,175610.50955699556,74652.54773113305,172893.3056569261,73735.16707833999,170287.94474978914,72854.07010420745,167858.7839361479,72031.50101611762,165750.8214598722,71316.96888537401,164299.39109830113,70824.33948846879
683,3.4215815815815813,222051.10896851897,89936.595130437,220061.18735571313,89295.04848104346,217220.22964295465,88377.05137158789,214026.86724600862,87341.35504634678,210702.95533201634,86258.97021960927,207349.2198626157,85162.60584399701,204012.4126549974,84067.78664481218,200714.7285802513,82982.11622138273,197466.99650703254,81909.46862117197,194274.83619083615,80851.97160580262,191141.83201284747,79811.03860301804,188071.74692721636,78788.06643911582,185062.882099101,77782.7820764212,182115.3538450415,76795.44733805655,179231.43451155702,75827.05290644254,176417.1217404923,74879.88756320783,173685.8701348327,73958.8262490821,171067.0407373792,73074.2004949926,168625.31968261104,72248.34243579405,166506.45316669956,71530.95825164423,165047.51283933345,71036.36729667078
684,3.4265765765765765,223099.1361239874,90226.60658011255,221098.75380208925,89582.38617484979,218242.88533153577,88660.56555335247,215032.79718762342,87620.5653841349,211691.51056963508,86533.69600315634,208320.27532962698,85432.80335475095,204966.0828607016,84333.47621626996,201651.23952498412,83243.34882880564,198386.62711971145,82166.31032520138,195177.89187455716,81104.49639054365,192028.6345844843,80059.32556179276,188942.63611005206,79032.19995620845,185918.18700511276,78022.84427257266,182955.40273126191,77031.5205153926,180056.56572465872,76059.22252421554,177227.7024633691,75108.24737533375,174482.33421254237,74183.48854388663,171849.9701697327,73295.31783857293,169395.62710818506,72466.15572160143,167265.8028532801,71745.90638574754,165799.31551785255,71249.34485309706
685,3.4315715715715713,224152.31094261314,90517.92439831275,222141.41648037356,89871.01791382977,219270.56406412026,88945.35618735763,216043.66820012298,87901.03240558798,212684.92181858714,86809.65790185012,209296.10119691075,85704.21623465163,205924.43844931223,84600.36052046604,202592.351954235,83505.75577713117,199310.77668239092,82424.30628786453,196085.3854572572,81358.15569440817,192919.7955602934,80308.72766389581,189817.80583964862,79277.4296268001,186777.69618525,78263.98400705101,183799.5811984087,77268.65299051271,180885.75345152468,76292.43358709624,178042.26839491935,75337.63120389747,175282.71427432782,74409.15793270413,172636.74915734163,73517.42604110403,170169.72206741897,72684.94472010827,168028.88615129143,71961.81708244223,166554.8146115321,71463.2759167734
686,3.4365665665665666,225210.65493796146,90810.55374472884,223189.19669161498,90160.94880899203,220303.2868398368,89231.42831523,217059.5009449365,88182.76107449262,213683.2093902085,87086.86079858319,210276.71742361717,85976.84928506335,206887.4990303025,84868.44427770427,203538.08513239163,83769.34170658057,200239.46411992045,82683.46107051875,196997.33553025217,81612.95400122873,193815.33320433568,80559.24931704818,190697.27405940086,79523.75978399433,187641.42726861656,78506.20553979086,184647.90656764703,77506.84895162929,181719.0147119174,76526.69021307048,178860.83626058267,75568.04309829061,176087.0267596695,74635.83839827933,173427.39386500334,73740.52902133318,170947.62046832245,72904.7132902851,168795.71874513515,72178.69414872357,167314.02565025954,71678.16425884848
687,3.4415615615615613,226274.18969557856,91104.49979559939,224242.1158081449,90452.18398773803,221341.07472810557,89518.78699476914,218080.31615267816,88465.75637056209,214686.39366387375,87365.30959191898,211262.14403578264,86250.70732276385,207855.2842788874,85137.73222344586,204488.458388454,84034.11127227951,201172.70842065022,82943.77924917695,197913.76074726682,81868.89580924847,194715.265842008,80810.89494314093,191581.05877298836,79771.19477482901,188509.3979435702,78749.51314442971,185500.396218385,77746.1126004307,182556.36658285256,76761.9965333778,179683.42284208452,75799.48712094099,176895.28816339304,74863.53393618188,174221.92051195574,73964.63071062938,171729.33827249898,73125.46530353435,169566.31637206796,72396.54140385325,168076.96421626612,71894.01366262315
688,3.4465565565565566,227342.9368731684,91399.76774374959,225300.1952737523,90744.7285939009,222383.94886881168,89807.43729998605,219106.1346233176,88750.0232894742,215694.49508716425,87645.00919612925,212252.40112649475,86525.79517998108,208827.81393618596,85408.22910834578,205443.49111619405,84300.06914429403,202110.5286365882,83205.26541454265,198834.67982458856,82125.98563115562,195619.61186019517,81063.66897826927,192469.1780445247,80019.73896030952,189381.62595786882,78993.91110834066,186357.06758841794,77986.44815211337,183397.82619874077,76998.35669254279,180510.04497757548,76031.96734734399,177707.51503580622,75092.24855483708,175020.3453720124,74189.73505301372,172514.89149527895,73347.20464372003,170340.6948223332,72615.36267938872,168843.6459442572,72110.82792357948
689,3.4515515515515514,228416.91820077048,91696.36279863083,226363.45660385984,91038.5877877848,223431.93047247853,90097.38432114176,220136.97722635118,89035.56684290935,216707.53417603608,87925.96454123159,213247.50885605777,86802.11770443001,209805.1078093845,85679.93969828886,206403.20277431596,84567.22000766594,203052.9438835575,83467.9241720449,199760.11154122194,82384.22799411802,196528.3897074221,81317.57587276628,193361.64999870694,80269.39671544221,190258.1291188183,79239.4037326652,187217.93817407315,78227.85983541417,184243.41075153,77235.77484840727,181340.71956177146,76265.48786609355,178523.72398283723,75321.9862755567,175822.68477369795,74415.84600518967,173304.29620585282,73569.9352071977,171118.869939292,72835.16181921276,169614.0865215423,72328.6108494099
690,3.4565465465465466,229496.15548093797,91994.29018636014,227431.9213857005,91333.76674620385,224485.04082044194,90388.63316478602,221172.8649009731,89322.39205858877,217725.53151498886,88208.18057302678,214247.48745215853,87079.6797593496,210787.18577189877,85952.86877442607,207367.61288661588,84835.56856244852,203999.97334135382,83731.7601418735,200690.07473904407,82643.62743981754,197441.61789400558,81572.62009123688,194258.49282096536,80520.17242926778,191138.92529341896,79485.99533234618,188083.02553035482,78470.3518926428,185093.13749084782,77474.25517216184,182175.46354609382,76500.05277891379,179343.93166617185,75552.75113256976,176628.9551003838,74642.9675365734,174097.5685274051,73793.66090284428,171900.85761955558,73055.9426795629,170388.3016881658,72547.3662600466
691,3.4615415415415414,230580.67058891547,92293.55514975986,228505.61127849348,91630.27066252161,225543.30126502414,90681.18895379604,222213.8186562468,89610.50398031248,218748.50775723395,88491.66225313648,215252.3572100319,87358.48622353961,211774.0677635374,86227.02113321083,208336.74104214253,85105.11952374237,204951.63625390286,83996.77795901409,201624.5883229593,82904.18852448485,198359.31499220748,81828.80611259202,195159.72475761373,80772.0705048948,192024.03240851377,79733.69023616062,188952.34727108895,78713.92857971408,185947.02372414427,77713.8018483779,183014.29393880942,76735.66620069019,180168.15480339172,75784.54717305327,177439.1727904239,74871.10362932412,174894.72463724768,74018.38565208799,172686.67381311685,73277.70912906097,171166.30723703757,72767.09798769066
692,3.4665365365365366,231670.48547281808,92594.16294839728,229584.5480136217,91928.10474669017,226606.73322970833,90975.0568274152,223259.85957127652,89899.90766799753,219776.48362486382,88776.41455904066,216262.13849262745,87638.54199139765,212765.7737906656,86502.40158643556,209310.6068953581,85375.87762173111,205907.95192941884,84262.9822732834,202563.67126105478,83165.91581893392,199281.4996363869,82086.1384300827,196065.3641159993,81025.09535953322,192913.46845093576,79982.49278675298,189825.9210690686,78958.59416618048,186805.0868168345,77954.41907503956,183857.22780517134,76972.33225950105,180996.41016811252,76017.37845716348,178253.35433729074,75100.25827837457,175695.78076695418,74244.11338893842,173476.33452348286,73500.4650487428,171948.11901406388,72987.80987684146
693,3.4715315315315314,232765.6221538098,92896.11885862441,230668.7533948084,92227.27422528967,227675.35820931298,91270.241941292,224311.00879537957,90190.60819771638,220809.4799090211,89062.44248411537,217276.85173077552,87919.85197295634,213762.32392636855,86779.01496126798,210289.23016629892,85647.84760171737,206868.9397405626,84530.37774936465,203507.34258475635,83428.81390859679,200208.19052315364,82344.62155133398,196975.42926465315,81279.25142452792,193807.25146765576,80232.40734066784,190703.76465619946,79204.35293526463,187667.344192442,78196.11106357559,184704.2822675596,77210.05509664897,181828.71459012266,76251.24905806645,179071.51628971173,75330.4354914616,176500.75320249388,74470.8480600165,174269.8558078069,73724.21433208775,172733.7529182788,73209.50578432604
694,3.4765265265265266,233866.10272628252,93199.42817361768,231758.24929829448,92527.78434156775,228749.1977701673,91566.74946751886,225367.28754825843,90482.61066173502,221847.51747006795,89349.75103767039,218296.51742335397,88202.42109392025,214763.73831061542,87056.86610028772,211272.63064073696,85921.03422415859,207834.61912459988,84798.96906684269,204455.6213889835,83692.88739355827,201139.40641152117,82604.2599983794,197889.93863344126,81534.54314539237,194705.39956593112,80483.43826838322,191585.8958236457,79451.20918389181,188533.81333274208,78438.88203889139,185555.474505622,77448.83886669237,182665.08495552174,76486.1630619693,179893.6752518056,75561.63928915649,177309.65828436616,74698.5936245846,175067.2537770214,73948.96088504844,173523.2249019752,73432.18957932852
695,3.4815215215215214,234971.94935803584,93504.09620341781,232853.0576730167,92829.6403554788,229828.27355028593,91864.58459467103,226428.71712017353,90775.92016855153,222890.61723775612,89638.34524498708,219321.15613745525,88486.25429570324,215770.03715042345,87335.95986152277,212260.82817034083,86195.44226470294,208805.00958356034,85068.76092023947,205408.5268323065,83958.14088859073,202075.1661230604,82865.05830769497,198808.910713715,81790.97498184233,195607.9309134536,80735.58995434364,192472.33242197568,79699.1672227226,189404.51177790502,78682.73623940114,186410.82175641556,77688.687737477,183505.53820685964,76722.12456815124,180719.8478832191,75793.87370489571,178122.51240773528,74927.35405457663,175868.54459597036,74174.7086260805,174316.5509708366,73655.86514341949
696,3.4865165165165166,236083.18429045595,93810.12827496976,233953.20054078466,93132.84754372356,230912.60725954466,92163.75252784573,227495.31887211552,91070.54184293438,223938.8002113966,89928.23014735625,220350.78850855355,88771.35653546554,216781.24072002235,87616.30111848623,213253.84267283778,86471.0765142255,209780.13068439628,85339.75801904939,206366.078137102,84224.5790231891,203015.48854205286,83127.0210302336,199732.36405846255,82048.55140782955,196514.8637384984,80988.86679699326,193363.09236130808,79948.23137618547,190279.45712664022,78927.67791705992,187270.3413145478,77929.60589016751,184350.09134327527,76959.13768899463,181550.05089926376,76027.14278501144,178939.33202256504,75157.13333462838,176673.7444835428,74401.46148617231,175113.7471840685,73880.53637058556
697,3.4915115115115114,237199.8298386961,94117.5297321626,235058.69999645982,93437.41119978887,232002.22067985634,92464.2584887012,228567.1142359789,91366.48082596106,224992.0874600301,90219.41080211589,221385.43524067226,89057.73278615104,217797.36936101931,87897.89476021288,214251.69413217547,86747.94177886427,210760.0020591421,85611.96508777495,207328.29458970984,84492.20644160565,203960.3926156454,83390.15273145944,200660.31728246022,82307.27691157552,197426.21633007267,81243.27320880916,194258.19361145867,80198.40598250953,191158.66703633996,79173.71133739591,188134.05053231824,78171.59751927928,185198.76142063615,77197.20655001617,182384.30107105343,76261.45058876228,179760.13363375404,75387.93546210745,177482.86971280558,74629.22340887485,175914.82965453083,74106.20716725898
698,3.4965065065065066,238321.90839185662,94426.30593586968,236169.57820813346,93743.33663398727,233097.13566534675,92766.10771549586,229644.12471473502,91663.74227505647,226050.50012259767,90511.89228268925,222425.11710655183,89345.38803652478,218818.4434825635,88180.74569129595,215254.4025986845,87026.0428800563,211744.64340507373,85885.38686596217,208295.19554058992,84761.02780288494,204909.89735400362,83654.45799138222,201592.78906242416,82567.1559956054,198342.00703806506,81498.81361633464,195157.65420208685,80449.69539375728,192042.15922322377,79420.84077954238,189001.96681986033,78414.66683270992,186051.565551678,77436.33528989811,183222.6152256412,76496.80118836396,180584.9338012705,75619.76444714367,178295.93661113712,74857.9983503316,176719.81454886988,74332.88145234712
699,3.5015015015015014,239449.44241316512,94736.46226398846,237285.85741730555,94050.6291734966,234197.37414253084,93069.30546312737,230726.37188260583,91962.3313640316,227114.0594081112,90805.67967862274,223469.85494781745,89634.32729121008,219844.48356151162,88464.85883192392,216261.98818924025,87305.38465457386,212734.07448486818,86160.0281082362,209266.80040447935,85031.04778089895,205864.02183046695,83919.94140459171,202529.79813716214,82828.19317678173,199262.25427339482,81755.49246021251,196061.49222284247,80702.10397585743,192929.9514624827,79669.07053627034,189874.1076452836,78658.81805177114,186908.5209061445,77676.52806051946,184065.01024615698,76733.19866902014,181413.7491402882,75852.6243126594,179112.96156036094,75087.79027930836,177528.7180876506,74560.56315726222
700,3.5064964964964966,240582.45444015734,95048.00411148097,238407.55993906353,94359.29416239985,235302.95811048945,93373.85700317197,231813.8773852377,92262.25328312228,228182.7865958249,91100.77809562396,224519.6696751477,89924.55557072621,220875.51014259306,88750.23911791737,217274.47108742598,87585.97195456063,213728.31512676354,86435.89358433707,210243.1286605494,85302.27106438197,206822.7851817029,84186.60758029224,203471.36330772552,83090.3929863386,200186.97650816134,82013.31419521851,196969.72582351265,80955.63610863754,193822.0615884243,79918.40491402049,190750.49053481605,78904.05541122048,187769.6447109271,77917.78902698722,184911.50307194534,76970.64712895312,182246.59632132182,76086.51909439996,179933.96099687947,75318.60317722327,178341.55654548938,74789.25622595102
701,3.5114914914914914,241720.9670848581,95360.93689041372,239534.7081622619,94669.33696172503,236413.90964104596,93679.76762392385,232906.66293987542,92563.51323902768,229256.70303540624,91397.19265560005,225574.58226844264,90216.07791152578,221911.5438385759,89036.89150076578,218291.87154369586,87867.80964756811,214727.38522471956,86712.98807915513,211224.19985256356,85574.70235696589,207786.20660786223,84454.46114233723,204417.50343756186,83353.75996991542,201116.19227579384,82272.28329029477,197882.37321416938,81210.29618585722,194718.50749461714,80168.84823293578,191631.13307294625,79150.38315929328,188634.95425020525,78160.12236766782,185762.11069870353,77209.15067943474,183083.4920703629,76321.45284096384,180758.95141180803,75550.4410381768,179158.34625118665,75018.9646149244
702,3.5164864864864867,242865.00303396277,95675.26602999817,240667.32454970185,94980.76294948498,237530.25087894365,93987.04263043428,234004.75033553655,92866.11645494931,230335.83014710774,91694.92849669553,226634.6137769929,90508.8993660323,222952.60533043242,89324.82094766451,219314.20987553787,88150.90261659188,215731.30473857766,86991.3163927671,212210.03358903443,85848.34637721526,208754.30537273394,84723.50672926372,205368.23745266747,83618.29868759112,202049.9201712018,82532.4042285832,198799.45266531713,81466.08861524086,195619.30713403612,80420.40482689378,192516.0529025665,79397.80555773436,189504.466865587,78403.5322742186,186616.85017861944,77448.71344481735,183924.45316901602,76557.42961383332,181587.94935110927,75783.3078689818,179979.10358785995,75249.69229328736
703,3.5214814814814814,244014.58504901873,95990.99697663091,241805.4316383107,95293.57752071737,238652.00404202298,94295.68734455133,235108.1614331868,93170.06817062975,231420.18942193867,91993.99077333086,227699.78531964862,90803.02500267791,223998.7153675059,89614.03244155197,220341.50646763746,88435.25576010805,216740.093694222,87270.88334047176,213200.64954338293,86123.20785866259,209727.10080390063,84993.74899432715,206323.58434174006,83884.01371391802,202988.17885092474,82793.68150745914,199720.98250804064,81723.01781851074,196524.47851920774,80673.07904353918,193405.26772511573,79646.32688183016,190378.19995624927,78648.02295161897,187475.73862051024,77689.33956256468,184769.49645463502,76794.45348740487,182420.97141572763,76017.20768919366,180803.84499307707,75481.44324276861
704,3.5264764764764767,245169.7359666072,96308.13519393415,242949.0520393221,95607.78608752477,239779.19142139918,94605.70710495916,236216.9181659139,93475.37364239167,232509.8024218372,92294.38465624033,228770.11808498862,91098.45990594086,225049.8947676768,89904.53098114648,221373.78177204114,88720.8739921097,217753.77218374007,87551.69375282578,214196.06745409567,86399.29154984355,210704.61229289437,85265.19260553602,207283.56315633157,84150.90963795631,203930.98703328334,83056.11963856484,200646.98113415262,81981.0882314199,197434.03972235558,80926.87524431624,194298.79530072227,79895.95142044063,191256.17097907918,78893.59861820213,188338.79318996088,77931.03318328294,185618.6388204594,77032.52854901973,183258.03426172378,76252.14453114037,181632.58695898973,75714.22145775064
705,3.5314714714714714,246330.47869852502,96626.6861627961,244098.20843845676,95923.39407911453,240911.83538164015,94917.10726721771,237331.04253910354,93782.03814317648,233604.6907798432,92596.1153325109,229845.63333149,91395.20917638337,226106.1644175292,90196.32158098344,222411.05630832037,89007.76224214332,218772.36036558417,87833.75247567965,215196.3071248839,86676.60221433234,211686.85929535225,85537.8422456866,208248.19301100203,84418.99106330796,204878.36349852954,83319.72314784306,201577.46699634215,82240.30430378544,198348.00887554654,81181.79780450134,195196.65344834776,80146.6834760313,192138.39744881488,79140.2635056865,189206.03110946305,78173.79847075166,186471.8972157513,77271.65889899446,184099.1546004096,76488.12243995265,182465.34603246662,75948.03094529944
706,3.5364664664664662,247496.8362319672,96946.65538141142,245252.9235961026,96240.4069418391,242049.95836094485,95229.89320380214,238450.55663061445,94090.06696258369,234704.87620027026,92899.18800562013,230926.35238769805,91693.27793068947,227167.5452725184,90489.40927145252,223453.35066373588,89295.92545534547,219795.87846473278,88117.06437021366,216201.38842484207,86955.14463077714,212673.8613311727,85811.70261239764,209217.49308347254,84688.26260815098,205830.32708899787,83584.49657557097,202512.4586083234,82500.67049952157,199266.40417083626,81437.85111323567,196098.86004593043,80398.52736470531,193024.8969381865,79388.02185920726,190077.46965855377,78417.6396019549,187329.28864593196,77511.8486506516,184944.34919848343,76725.14547359437,183302.13881522775,76182.87572519456
707,3.5414614614614615,248668.83162970998,97268.04836532193,246413.22034749598,96558.83013923612,243193.5828713216,95544.07030414263,239575.48259095443,94399.4654069098,235810.38045887896,93203.60789547495,232012.29665239618,91992.67130170262,228234.05835713743,90783.79909883486,224500.68549340186,89585.36859247932,220824.3467728523,88401.63431297391,217211.33128860683,87234.92359293542,213665.6379846719,86086.77841814548,210191.48261477932,84958.72890527386,206786.89670925649,83850.44447639375,203451.97454498382,82762.19129667281,200189.24386041568,81695.03957355783,197005.43303052906,80651.48741623566,193915.6870780581,79636.87793734811,190953.12617395518,78662.56076711245,188190.8301727197,77753.10193035037,185793.63487816523,76963.21770289257,184142.9819639781,76418.75982995915
708,3.5464564564564562,249846.48803029337,97590.87064745708,247579.12160290295,96878.66915206873,244342.73149876704,95859.64397466395,240705.84264345642,94710.23879918746,236921.22540304996,93509.38023845003,233103.48759477626,92293.39443846385,229305.7247650854,91079.49612534043,225553.08152045112,89876.09662997146,221857.78564845887,88687.46719590842,218226.15571651622,87515.9439097095,214662.2089047402,86363.07439029886,211170.1809094276,85230.39460210982,207748.09132625864,84117.57141935831,204396.0334425334,83024.8711874472,201116.5462567573,81953.3676024365,197916.3903984671,80905.56797409723,194810.78555756927,79886.83601217282,191833.0180497137,78908.56616971092,189056.53891426622,77995.42287751734,186647.02851733207,77202.34321156802,184987.8921905423,76655.68730488984
709,3.5514514514514515,251029.82864820436,97915.12777817472,248750.65034780034,97199.92947836583,245497.4269034447,96176.61963882533,241841.65908445432,95022.39247922464,238037.4329519573,93816.51028742641,234199.9467546093,92595.45250624955,230382.56565943445,91376.50542914523,226610.5595362,90168.11455994855,222896.2155170811,88974.5679264033,219245.88177476995,87798.2104051821,215663.59380499917,86640.59527115383,212153.60733554585,85503.2643607712,208713.92996949446,84385.88198794726,205344.6539986538,83288.7146782496,202048.3297327622,82212.83963080327,198831.7502054767,81160.77339549917,195710.21012427722,80137.90036925695,192717.16273733985,79155.66002653497,189926.432045295,78238.81564467719,187504.54704965392,77442.52609626543,185836.88626199844,76893.66220808703
710,3.5564464464464463,252218.8767740607,98240.82532530188,249927.82964305812,97522.61663346244,246657.69181986494,96495.0027371605,242982.95428346013,95335.93180364397,239159.02509674252,94125.00331183,235301.69574241617,92898.85068660953,231464.60227279828,91674.83210442883,227673.1404003127,90461.427390274,223939.65687142158,89262.94142731871,220270.52959558775,88081.72791865184,216669.81246395834,86919.34581796867,213141.7813250402,85777.3428580839,209684.43173114271,84655.38078011267,206297.85497264765,83553.726289715,202984.61272190665,82473.46010358537,199751.53056684366,81417.1080514171,196613.97858429857,80390.07530771974,193605.5777459481,79403.84656769861,190800.5267972387,78483.28439748354,188366.2074647295,77683.77046658393,186689.98100081328,77132.68861048493
711,3.5614414414414415,253413.65577479423,98567.96887417538,251110.6826251208,97846.73615004017,247823.54905706408,96814.7987273171,244129.75068334,95650.86214592187,240286.02390068816,94434.86459767054,236408.75623963875,93203.59417740503,232551.85590750017,91974.48126141167,228740.84504096795,90756.04014458497,224988.13027152023,89552.59263702543,221300.1193773702,88366.50130466909,217680.88472517277,87199.33080299916,214134.72237374916,86052.63478562188,210659.61576622294,84926.0724083101,207255.65518558832,83819.91055674205,203925.4137183893,82735.23347973853,200675.74965755167,81674.57632662536,197522.10880245178,80643.36514025577,194498.28064239668,79653.13003667646,191678.84045837715,78728.8333147498,189232.0268082223,77926.08044510748,187547.1932849767,77372.7705958816
712,3.5664364364364363,254614.1890938353,98896.56402768297,252299.23250619025,98172.29357816775,248995.0214987843,97136.01308409714,245282.0708004922,95967.18889642805,241418.4514993922,94746.09944757997,237521.14999881128,93509.688192847,233644.34793574142,92275.45802639272,229813.69445502397,91051.9578623292,226041.65634491708,89843.52650944087,222334.6713848591,88652.5354330714,218696.8304974005,87480.55501353367,215132.45004159858,86329.14484974183,211639.50129274785,85197.96149953255,208218.07352046933,84087.27202852632,204870.75127727858,82998.16423227993,201604.42571242744,81933.18261972954,198434.61870240013,80897.77419316686,195395.28905142867,79903.51469033529,192561.39037397568,78975.46658848014,190102.0221819973,78169.46016743542,188408.54004813707,77613.91226096943
713,3.5714314314314315,255820.50025129726,99226.61640630402,253493.50257440808,98499.2944853415,250172.13210365397,97458.65129949666,246439.93722502387,96284.9174624649,242556.33010094267,95058.71318085153,238638.89884373208,93817.1379635341,234742.09979977054,92577.76754178695,230891.70970818467,91349.18559880198,227100.25578681545,90135.7480140657,223374.20594929747,88939.83518901952,219717.66975476025,87763.02325192814,216134.98395275674,86606.87777161752,212624.1075918758,85471.05269534451,209185.12892235487,84355.81526859388,205820.64401466033,83262.25684832114,202537.5770262858,82192.93134319874,199351.52626679404,81153.30680639404,196296.62065581177,80155.0047989652,193448.19394642347,79223.18842390031,190976.21074425738,78413.9137822131,189274.03827973627,77856.11771536525
714,3.5764264264264263,257032.6128441605,99558.13164815065,254693.5161940385,98827.7444565259,251354.90390536762,97782.71888274596,247603.37262092874,96604.05326830696,243699.6819860921,95372.71113347854,239762.02466963537,94125.94873649105,235845.13301205187,92881.41496616286,231974.91193516596,91647.72842518306,228163.94936024564,90429.26213601996,224418.74346859052,89228.40547303298,220743.42253688964,88046.74033564153,217142.34379578987,86885.83828727473,213613.45400806385,85745.35065191609,210156.84039853,84625.54485483488,206775.11060778552,83527.51582910112,203475.2219540755,82453.82692339826,200272.8495374146,81409.9673335495,197202.2931964792,80407.60464631126,194339.26863537214,79472.00303948883,191854.60970967976,78659.44545116223,190143.70502514517,78099.39108164072
715,3.5814214214214215,258250.55054645773,99891.11540900868,255899.29680565133,99157.64909419442,252543.36001286708,98108.22136034981,248772.39972626528,96924.60175524045,244848.52950843287,95688.09865819334,240890.54944336344,94436.12577520688,236953.46915543498,93186.40547428039,233063.32233986174,91947.5914285738,229232.7578962281,90724.07387607958,225468.30440746646,89518.25120102611,221774.10894910348,88331.71109727095,218154.54932381774,87166.03114762573,214607.55994922054,86020.86004005704,211133.22701865103,84896.465379537,207734.16979521856,83793.94569001917,204417.37891102405,82715.87380062188,201198.60661531627,81667.76014194856,198112.32447267097,80661.31852960499,195234.6319578746,79721.9146670078,192737.2363495532,78906.0593491117,191017.55738579953,78343.7364953525
716,3.5864164164164163,259474.33710945916,100225.57336237878,257110.8679263058,99489.01401837014,253737.52361052216,98435.16427612743,249947.04135333453,97246.56838160283,246002.89509457233,96004.8811245061,242024.49520353915,94747.6743596732,238067.12988332435,93492.74425712845,234156.9621955112,92248.7797120343,230306.70229393785,91020.18825071296,226522.9092976379,89809.37730434383,222809.7491625522,88617.94038458703,219171.62035466934,87447.46111850414,215606.4448868594,86297.58554525112,212114.30791489617,85168.5814494192,208697.84037698506,84061.5509606682,205364.0663727843,82979.07642912451,202128.81566097063,81926.68961264165,199026.73234207483,80916.15075959577,196134.30148852413,79972.92755153425,193624.1079919152,79153.75966402824,191895.61251933564,78589.15810507291
717,3.5914114114114115,260703.99636185775,100561.51119951767,258328.25314973394,99821.84486666649,254937.41795831156,98763.55319125298,251127.32038885882,97569.95862282248,247162.80124430842,96323.06391874402,243163.88406073835,95060.59978642283,239186.1369198489,93800.43652196266,235255.85284486553,92551.29839462045,231385.80352086836,91317.61029211756,227582.57873796296,90101.78872979774,223850.3634143804,88905.43306056934,220193.57677103943,87730.13298069974,216610.12835625248,86575.5318676902,213100.102282117,85441.89768566549,209666.14121472076,84330.3361848678,206315.30287558003,83243.43927715486,203063.4948944102,82186.76014044661,199945.53472096784,81172.1056605826,197038.29485959353,80225.045951491,194515.24202168957,79402.55059704713,192777.88763972657,78835.66007242024
718,3.5964064064064063,261939.55220995538,100898.9346294793,259551.47614652466,100156.1472943282,256143.06639200542,99093.39368429566,252313.25979416055,97894.77797145853,248328.27053080552,96642.65244409043,244308.738197663,95374.90736856787,240310.51206003237,94109.48749234344,236360.01570035514,92855.15261142128,232470.08261299622,91616.34504825648,228647.3333946073,90395.49043970207,224895.9720078864,89194.19400344178,221220.4385206445,88014.05152999329,217618.62995658396,86854.70372230855,214090.629377989,85716.41872395838,210639.0912318201,84600.30592069733,207271.10701635238,83508.96682698811,204002.66259537204,82447.97613398053,200868.74958435778,81429.18757044565,197946.62976117482,80478.27413867807,195410.65588082356,79652.43636250297,193664.40001741832,79083.24657208927
719,3.6014014014014015,263181.0286378483,101237.84937915613,260780.5606643079,100491.92697427211,257354.49232334574,99424.6913512602,253504.8826053406,98221.03193724045,249499.32560077042,96963.65212062378,245459.0798693144,95690.60243583872,241440.27716996355,94419.90240817361,237469.4722442573,93160.34751359619,233559.56067494577,91916.39758289506,229717.19400120602,90690.48741190968,225946.59531268076,89484.22810670806,222252.22561637958,88299.22157719139,218631.9693511041,87135.10583881728,215085.9085231637,85992.14921451299,211616.7094135851,84871.46474052929,208231.49745290645,83775.66357495848,204946.33710344197,82710.34201569224,201796.39496612523,81687.40084067806,198859.32394131873,80732.61639830375,196310.367068426,79903.42118796048,194555.16697946648,79331.92179188179
720,3.6063963963963963,264428.4497076138,101578.26119332058,262015.5305279394,100829.18959712834,258571.7192402292,99757.45180562728,254702.21193345814,98548.72604710786,250675.98917462904,97286.06838535701,246614.93140316635,96007.69033462228,242575.4541869667,94731.68652573653,238584.24402886382,93466.88826841228,234654.25888015385,92217.7729756377,230792.18135902562,90986.78463984832,227002.2537648463,89775.54027918729,223288.95813647495,88585.64794816161,219650.1662672836,87416.74296173861,216085.95910141984,86269.0938221106,212599.01480737462,85143.8172310626,209196.49290405796,84043.5340314922,205894.5368181991,82973.86222189445,202728.48895916535,81946.74983641769,199776.39520617467,80988.07702901603,197214.39314090557,80155.50931424547,195450.20590967278,79581.68993273724
721,3.6113913913913915,265681.8395594968,101920.1758346662,263256.4096396852,101167.94087128103,259794.77070688913,100091.68067839397,255905.27096470998,98877.8658452507,251858.2840467027,97609.9066922768,247776.31519933985,96326.17642800072,243716.06511977263,95044.8451177341,239704.35267664868,93774.7800592817,235754.1984710352,92520.47632196458,231872.31633712666,91284.38713255676,228062.96786709785,90068.1354450495,224330.65622465318,88873.33548386731,220673.24049696818,87699.6198504404,217090.8005598154,86547.25722613283,213586.02652275388,85417.36799335586,210166.11214978003,84312.5827211401,206847.28019936022,83238.541202796,203665.04971553033,82207.23893647871,200697.86142013076,81244.66034293374,198122.75171210835,80408.70499547564,196349.53424872216,79832.55520876327
722,3.6163863863863863,266941.22241209657,102263.59908384945,264503.221979407,101508.1865229096,261023.67036407854,100427.38361811436,257114.08296061022,99208.45689314876,253046.2330853847,97935.17251238259,248943.2537307755,96646.06609579008,244862.13204868935,95359.38347332472,240829.81988043684,94084.0280857991,236859.4007591477,92824.5127332685,232957.61987252632,91583.29991472092,229128.75818894146,90362.01854385127,225377.34009028663,89162.28904040287,221701.21189653315,87983.74127917075,218100.45240883974,86826.64412059535,214577.76373164362,85692.1216428608,211140.37403135045,84582.81418261063,207804.58576692443,83504.38342253417,204606.09544657162,82468.87253338369,201623.7405059542,81502.37066567806,199035.46045345685,80663.01249909158,197253.16949432003,80084.52184726643
723,3.6213813813813815,268206.6225625539,102608.53673953102,265755.9916047476,101849.93229602993,262258.44192925264,100764.56629094011,258328.67125817057,99540.50476961199,254239.85923331845,98261.8713337264,250115.76954340885,96967.36473457915,246013.67712577427,95675.30689816143,241960.66740357244,94394.63756377922,237969.88712535828,93129.88733689178,234048.11297036134,91883.52802671037,230199.6453668357,90657.19453057156,226429.03000855475,89452.51348902866,222734.10038703805,88269.1120370923,219114.93422256605,87107.25921418196,215574.2456684706,85968.08280945578,212119.29745149915,84854.23296880267,208766.4721013186,83771.39335920718,205551.644423083,82731.65503339523,202554.05044493193,81761.21233640384,199952.53709408818,80918.43610588778,198161.12920132926,80337.59408878293
724,3.6263763763763763,269478.06438673846,102954.99461841743,267014.74265131616,102193.18395253552,263499.1091967519,101103.23438066113,259549.05927008035,99874.01507082052,255439.18550757412,98590.008661452,251293.88525634486,97290.07775776814,247170.72257500474,95992.62071443019,243096.91708008744,94706.61372529436,239085.6790200089,93436.6052761632,235143.8167040514,92185.0765246145,231275.65010435128,90953.66837564726,227485.746320602,89744.01371620627,223771.92595438234,88555.73692831692,220134.26563880403,87389.1072302786,216575.491630317,86245.25613747915,213102.90137455583,85126.84364683858,209732.95784354207,84039.57550490655,206501.71497544332,82995.59085654814,203488.80927701126,82021.18970783119,200873.99942099335,81174.98011004366,199073.430981908,80591.77618710947
725,3.6313713713713716,270755.57233943685,103302.97855530283,268279.4993328744,102537.94727223866,264745.69603798585,101443.39358874642,260775.27048488753,100208.99341036468,256644.23499982659,98919.59001783447,252477.62356203244,97614.21059560773,248333.29069245094,96311.33026088796,244238.59081487087,95019.96181871195,240206.79796308247,93744.67171043492,236244.75221546198,92487.95048027896,232356.79317233217,91251.44506500922,228547.5094336958,90036.79462363376,224814.70864946043,88843.62077194056,221158.46635925255,87672.19290700744,217581.5209770714,86523.6462857629,214091.20482659788,85400.65079809712,210704.06169531253,84308.93436574955,207456.32549375948,83260.6844366812,204428.03510094088,82282.3071462768,201799.86527915628,81432.64881915471,199990.09250564728,80847.07240933382
726,3.6363663663663663,272039.1709545398,103652.49440311053,269550.2859415227,102884.22805291195,265998.22640161647,101785.04963438453,262007.3284671792,100545.44541928534,257855.0308765334,99250.6209423198,253667.00722643928,97939.76869523774,249501.40384644739,96631.44089290113,245385.71058383814,95334.6871087323,241333.26554436912,94054.0918151197,237350.94071506878,92792.15498134206,233443.09540905638,91550.52960011782,229614.3398213851,90330.86112828086,225862.4685883174,89132.76840207762,222187.55614965252,87956.52099726109,218592.3531315788,86803.25792766608,215084.22689559803,85675.6590182465,211679.8024192112,84579.47446191173,208415.49442801,83526.94022146931,205371.74607441187,82544.5690316856,202730.15257169268,81691.44655426353,200911.13149970912,81103.48703586588
727,3.641361361361361,273328.88484523154,104003.54803293482,270827.12684788683,103232.03211032951,267256.724313742,102128.2082545248,263245.2568577628,100883.37674611395,259071.5963791127,99583.10699156426,254862.05908922746,98266.75752072624,250675.08447776534,96952.95798248363,246538.29843410006,95650.79487642624,242465.1034236335,94364.87078172785,238462.40348212075,93097.69513127135,234534.57772039692,91850.92699799914,230686.2580236583,90626.21816242431,226915.22595230507,89423.1846678959,223221.55483994065,88242.09626873668,219608.00757979162,87084.09575110873,216081.9867315729,85951.8729172775,212660.1988388293,84851.20032765962,209379.2402881886,83794.36267245552,206319.96041419927,82807.97975766241,203664.87925998998,81951.3776498911,201836.56574896455,81361.02436046854
728,3.6463563563563564,274624.73870417784,104356.14533408305,272110.04650130443,103581.36527830869,268521.21387808153,102472.87520391797,264489.07937384787,101222.79305691294,260293.95482412228,99917.05373947445,256062.80206392903,98595.18255310852,251854.35509978572,97275.88691833566,247696.37648413336,95968.29041927298,243602.33333078146,94677.01381790446,239579.16186480524,93404.57604940016,235631.26107998393,92152.64229128075,231763.28464710232,90922.87067368325,227973.00098823782,89714.87443365133,224260.48232440258,88528.92350397016,220628.50387092048,87366.16445860537,217084.5035467315,86229.29711953663,213645.2698389137,85124.11651138318,210347.58164444764,84062.95626508318,207272.69639630365,83072.54373150357,204604.06336384694,82212.44645406805,202766.41309613225,81619.68869028859
729,3.651351351351351,275926.7573037143,104710.29221411711,273399.06943001226,103932.23340875127,269791.71927615936,102819.05625515741,265738.81980922737,101563.70003531607,261522.12960343767,100252.46677724662,257269.25913812168,98925.04929042626,253039.2382986718,97600.23310588185,248859.96692395018,96287.1790511979,244744.97706602712,94990.52614746657,240701.23728041165,93712.80287096408,236733.16652936547,92455.68052822782,232845.44036506178,91220.82362505478,229035.81400854886,90007.84257872294,225304.35856182687,88817.00750037062,221653.86161758582,87649.46876729873,218091.79661562433,86507.93626375934,214635.03436551325,85398.22757562858,211320.53712724242,84332.72548872816,208229.9723560932,83338.26537422845,205547.72296161344,82474.65732836584,203700.69144191672,81879.4843458877
730,3.6563463463463464,277234.9654960363,105065.99459889573,274694.22024133324,104284.64237168522,271068.26476749,103166.75719871988,266994.5020344597,101906.10338256886,262756.1441844321,100589.35171340685,258481.453373605,99256.36324776665,254229.75673354242,97926.00196731,250029.0920152684,96607.4661026104,245893.05650006005,95305.41301044049,241828.6512154961,94022.38074713775,237840.31517817007,92760.04677277914,233932.74591779793,91520.08199494914,230103.6853914471,90302.09399764758,226353.20357565867,89106.3530702545,222684.1004959689,87934.01340899355,219103.8852752918,86787.79500310333,215629.5114261257,85673.53809713092,212298.12542747558,84603.67484673097,209191.80668844507,83605.14912061134,206495.87619033072,82738.01464792812,204639.41874514753,82140.41566127351
731,3.661341341341341,278549.3882133879,105423.25843261626,275995.52362186444,104638.59805530625,272350.8746897628,103515.98384300679,268256.14999705105,102250.00881756909,263996.02211015514,100927.71417385059,259699.40790657658,99589.12995730156,255425.93313664556,98253.19894160949,251203.77409168237,96929.15692044183,247046.59357421353,95621.679663099,242961.42522604676,94333.31484507154,238952.7282042685,93065.74610458328,235025.22211264799,91820.65077722553,231176.63558107367,90597.63360015501,227407.03745415443,89396.96504088015,223719.2402459637,88219.80313019047,220120.78892541348,87068.87800518153,216628.72008984414,85950.05266684691,213280.36529664102,84875.80885642898,210158.2178478882,83873.19941921334,207448.54124587157,83002.52280150216,205582.61302291794,82402.48698393068
732,3.6663363363363364,279870.0504682519,105782.0896778569,277303.00433766475,104994.10636601958,273639.57345902745,103866.74201438528,269523.78772163775,102595.42207690721,265241.78699951235,101267.55980188255,260923.145947809,99923.35496832673,256627.79031353188,98581.82948460984,252384.03555883374,97252.25686818355,248205.6103006324,95939.33137799888,244099.58093764883,94645.61034792839,240070.42685393625,93372.7836190345,236122.88982418514,92122.5349812274,232254.68508765937,90894.46631120284,228465.88035053582,89688.84825448203,224759.30067132885,88506.84269211988,221142.52702845776,87351.18995209581,217632.67948750374,86227.77588998784,214267.27554696897,85149.13204918877,211129.22434874575,84142.42073241396,208405.736383081,83268.18619147016,206530.29235072446,82665.70267485206
733,3.671331331331331,281196.97735353943,106142.49431561884,278616.68723444303,105351.17322848165,274934.3855698801,104219.03755722947,270797.4393101693,102942.34891490711,266493.4625474452,101608.89425825699,262152.6907828264,100259.0438473013,257835.3511432288,98911.89906901964,253569.89889458206,97576.77132592493,249370.12876244096,96258.37344401825,245243.14004564943,94959.27245492041,241193.4324420162,93681.1644273094,237225.76999437832,92425.7396318184,233337.85448768173,91192.59707101167,229529.7524831449,89982.00756830553,225804.30163983954,88795.13687077582,222169.11910983152,87634.7355404702,218641.40881182996,86506.71238605223,215258.87505157047,85423.64897043856,212104.84476527743,84412.81753644315,209367.47991591712,83535.00923388079,207482.47486260624,82930.06710856984
734,3.6763263263263264,282530.19404278055,106504.47834536835,279936.5972377466,105709.80458564195,276235.3355956484,104572.87633396164,272077.1289420913,103290.7951036666,267751.07252511097,101951.72322121734,263388.06577208155,100596.20217788695,259048.63857841433,99243.41318446503,254761.38664917677,97902.70569039143,250540.1711139113,96578.8111663941,246392.12431532444,95274.306381346,242321.7663520817,93990.89365640288,238333.88363275243,92730.26976941791,234426.1644240225,91492.03083510006,230598.67413559856,90276.44785464129,226854.2630834401,89084.69045694999,223200.58475802955,87919.5194814844,219654.92731758475,86786.86678885888,216255.18274458294,85699.36417970053,213085.0977318228,84684.39432141317,210333.790217592,83802.99635848071,208439.17875128452,83195.58467318678
735,3.681321321321321,283869.72579031443,106868.04778507916,281262.7593531504,106070.00639878491,277542.4481885784,104928.26422509375,273362.8808745285,103640.76643309828,269014.64078006346,102296.0523865365,264629.2943511337,100934.83556098734,260267.6756455921,99576.37733752868,255958.5214454282,98230.06537498289,251715.75958063264,96900.64986675976,247546.55558204313,95590.71735862666,243455.45003659933,94301.97644916458,239447.25181654867,93036.13045003664,235519.63560612523,91792.77257431977,231672.66565694395,90572.17400085978,227909.2049983966,89375.50825626588,224236.94362478505,88205.54650090722,220673.25432171492,87068.24374657989,217256.2176213153,85976.28225062326,214070.00194294404,84957.15559135067,211304.68572071256,84072.15200874608,209400.42226830256,83462.25977040737
736,3.6863163163163164,285215.5979314803,107233.20867127473,282595.1986664448,106431.78464757175,278855.7480800205,105285.20712926851,274654.7194424689,103992.26871097008,270284.19123643346,102641.88746755687,265876.40003082575,101274.94961478785,261492.48544526583,99910.79705178848,257161.3259788794,98558.85580981158,252896.91645967978,97223.89488318248,248706.45575143493,95908.51063434393,244594.50501709248,94614.41796433524,240565.89569088529,93343.32674531265,236618.28881015355,92094.82727489094,232751.74746181385,90869.19090944603,228969.1474454494,89667.59508921266,225278.21542521974,88492.82133913011,221696.40920349976,87350.84792177349,218261.998738393,86254.40777101432,215059.57615356948,85231.1058642284,212280.18491742245,84342.48064191415,210366.22372416576,83730.09681556933
737,3.691311311311311,286567.83588280884,107599.96705907062,283933.94034382637,106795.14533008254,280175.2600806166,105643.71096330114,275952.6690589472,104345.30776294635,271559.74789510964,102989.23419523059,267129.4063974627,101616.54997479476,262723.0911521141,100246.6778678565,258369.82301797866,98889.08244174054,254083.66411978248,97548.55157020125,249871.84679955547,96227.69147227654,245738.9528843051,94928.22337658309,241689.8364689184,93651.86374254707,237722.1448791493,92398.19993843738,233835.94003058196,91167.50349803423,230034.11054996654,89960.95579117951,226324.4199379944,88781.3487512008,222724.4114046994,87634.68399141727,219272.54521390455,86533.74534287273,216053.83917913694,85506.24967199774,213260.30635954335,84613.98672901494,211336.6014884818,83999.10023767482
738,3.6963063063063064,287926.46514221345,107968.329022217,285279.0096320864,107160.0944628583,281501.0090804869,106003.78166222064,277256.7542152294,104699.88943262861,272841.33483392,103338.09831815975,268388.33711298933,101959.64229387515,263959.51601516607,100584.02534341812,259584.0354042515,99220.75073442196,255276.02500149474,97874.62529886432,251042.75077305362,96548.26515243737,246888.815298365,95243.39787654049,242819.09543200323,93961.74654473999,238831.22472319086,92702.89558202194,234925.26390951936,91467.11669944257,231104.11450209672,90255.59521248963,227375.57700545987,89071.1335068568,223757.28042970275,87919.75664694117,220287.87622754695,86814.29958242159,217052.80989573777,85782.5915606204,214245.068658717,84886.67475490292,212311.57399010143,84269.27447942198
739,3.701301301301301,289291.5112891814,108338.300653141,286630.4318588013,107526.63808094306,282833.0200494173,106365.42517931153,278566.99948099663,105056.0195815965,274128.97620781267,103688.4856026368,269653.21591516887,102304.23224229642,265201.78335797635,100922.84505327076,260803.9860524734,99553.86616833553,256474.02161736472,98202.12145676698,252219.18978933818,96870.23697111072,248044.11398894864,95559.94667084019,243953.69392985533,94272.98027062653,239945.549319552,93008.91923818171,236019.73971095003,91768.03546170797,232179.17955692287,90551.51821843466,228431.70653380777,89362.18039055931,224795.03584567603,88206.07059426061,221308.0110207721,87096.07512014068,218056.50724026066,86060.13609010077,215234.49048654697,85160.54921828877,213291.15971725882,84540.62399723617
740,3.7062962962962964,290662.9999849666,108709.88806298956,287988.2324325225,107894.78223792608,284171.3180370467,106728.64748615536,279883.4295045302,105413.7040894488,275422.6962490387,104040.40183268479,270924.06661776215,102650.32550776617,266449.91657880147,101263.14258936308,262029.69795084247,99888.43424082675,257677.67655210462,98531.04544808951,253401.18603674477,97193.61224088943,249204.87075544498,95877.87498215225,245093.6533807123,94585.57005471266,241065.13971286092,93316.27595496358,237119.38811340727,92070.26474812099,233259.32603461613,90848.7296893088,229492.82849322172,89654.4942015268,225837.697282712,88493.63055380988,222332.9688969332,87379.07660079919,219064.95021053578,86338.88783451813,216228.59057474128,85435.61463177114,214275.37721771258,84813.15326130166
741,3.711291291291291,292040.956972781,109083.09738167173,289352.4368429669,108264.53300598405,285515.92817305494,107093.45457267243,281206.0690128967,105772.94885384453,276722.5192673328,104393.85281009774,272200.9131107059,102997.92779547168,267703.9391507753,101604.92356083418,263261.19416115264,100224.46046614561,258887.01246276087,98861.40269363485,254588.76177470354,97518.39629071212,250371.10746712037,96197.18804922042,246238.99527149534,94899.52104731137,242190.017015259,93624.97079595966,238224.2298617904,92373.80953726053,234344.57432058925,91147.23452044318,230558.96291802882,89948.07975376869,226885.2844339787,88782.44126057505,223362.76922143123,87663.30868348837,220078.15786547918,86618.85138205883,217227.3877152545,85711.87552186842,215264.2450988869,85086.86675559302
742,3.7162862862862864,293425.4080779878,109457.93475790165,290723.0706612076,108635.89647592335,286866.8756673511,107459.85244716359,282534.94281213277,106133.75979054396,278028.4696500963,104748.84435448123,273483.7793602923,103347.04482811986,268963.87462208595,101948.19359405266,264498.49781896727,100561.95037548504,260102.05207888444,99193.19863086661,255781.93933390675,97844.5944659005,251542.84606328298,96517.89112689892,247389.74115797202,95214.83841457865,243320.20240656077,93935.00884034274,239334.28576752145,92678.67482302901,235434.94486565134,91447.03762224026,231630.12990685157,90242.9418761195,227937.81705586828,89072.5074641276,224397.43142186175,87948.77604165445,221096.1493252375,86900.03133504862,218230.90076043046,85989.33642905077,216257.7820280129,85361.76897790688
743,3.721281281281281,294816.3792082939,109834.40635924114,292100.15953986504,109008.87875722263,288224.1858102622,107827.847136352,283870.0757874314,106496.14283344992,279340.5718625799,105105.38230329298,274772.6894093489,103697.68234597737,270229.7466161516,102292.95833265598,265741.6321337922,100900.9095170195,261322.818202702,99526.43871394714,256980.74111647654,98172.2121281968,252720.10855344855,96839.98948618921,248545.91266491803,95531.52733854983,244455.71713441293,94246.39518290194,240449.57670870214,92984.86561468731,236530.4581861621,91748.14392020821,232706.3496227592,90539.08541227243,228995.31496814697,89363.83392865762,225436.97498816214,88235.48336313134,222118.94377133256,87182.4323099851,219239.14862314548,86268.00190777195,217256.0067322702,85637.86443989346
744,3.7262762762762764,296213.8963539433,110212.51837214251,293483.72921329783,109383.48597807485,289587.8839727209,108197.44468542488,285211.49290332646,106860.10393464899,280658.85044806596,105463.47251188337,276067.6673774179,104049.84610691006,271501.578831798,102639.22343758958,266990.6203892502,101241.34345594377,262549.33370928647,99861.1284137754,258185.1895961331,98501.25465580098,253902.91701750515,97163.48841427684,249707.5314862799,95849.59301717563,245596.58251445487,94559.13493407826,241570.1236302711,93292.38693688967,237631.13486418637,92050.55835499555,233787.64229342033,90836.51522081344,230057.79805410453,89656.42543300717,226481.4194727588,88523.43535017359,223146.56044680672,87466.05893756982,220252.15027695108,86547.87652650123,218258.93799892836,85915.15766708818
745,3.7312712712712712,297617.98558791,110592.27700199152,294873.80549779464,109759.72428543016,290957.9956064549,108568.65115807568,286559.2192038803,107225.64906445284,281983.3300280519,105823.12085353614,277368.73746093654,104403.5418864237,272779.3950434352,102986.99458714658,268245.4859432546,101583.25777451142,263781.62154672836,100197.27321802509,259395.30731836305,98831.72744340853,255091.29360587883,97488.39321456823,250874.6193853379,96169.04066435846,246742.81993047846,94873.23322000037,242695.9475441612,93601.24382971888,238736.99554764913,92354.28588242548,234874.02821125503,91135.23617525511,231125.28626070396,89950.2867707038,227530.78449071455,88812.63671948924,224179.01865636796,87750.91586274107,221269.9247562175,86828.96486775555,219266.5946754895,86193.65319894349
746,3.7362662662662665,299028.6730660919,110973.68847315031,296270.41429176595,110137.59984503817,292334.5462441768,108941.47263654576,287913.2798128687,107592.78421143952,283314.03530243324,106184.33321950884,278675.92393341707,104758.7754777033,274063.21910123486,103336.27747700675,269506.2522281842,101926.65807207391,265019.7047363073,100534.87863118292,260611.11690058777,99163.63590224771,256285.26053969946,97814.7092067275,252047.19819486924,96489.87550998878,247894.45083458812,95188.69518252014,243827.06952945777,93911.4413487215,239848.06095049038,92659.33147353056,235965.5277335873,91435.25316407085,232197.79959873148,90245.42274999397,228585.08971987615,89103.09220227286,225216.33776653514,88037.00774470612,222292.49115627716,87111.2715281315,220278.9956698296,86473.3555888606
747,3.7412612612612612,300445.98502750497,111356.7590290003,297673.5815759365,110517.11884149056,293717.56149977294,109315.91522166674,289273.69993396854,107961.51538249488,284650.9910496876,106547.11551907405,279989.25114562747,105115.55269165366,275353.0749313077,103687.07782027622,270772.9427510572,102271.54996511903,266263.6063726638,100873.95017458654,261832.64103233276,99496.98546011714,257484.84011096728,98142.44172671375,253225.2898173107,96812.10279998132,249051.496747362,95505.5259792486,244963.51073255588,94222.98456494305,240964.35185282084,92965.70011458741,237062.161282798,91736.57109072884,233275.35814294743,90541.8381938766,229644.3549010231,89394.80654423854,226258.53720578452,88324.33925697392,223319.8686335681,87394.80111833737,221296.15995034174,86754.26940422133
748,3.746256256256256,301869.9477944772,111741.49493198538,299083.333413537,110898.28747826403,295107.06706849317,109691.98503290252,290640.5048509441,108331.84860285415,285994.22212705837,106911.47367955989,281308.74352577265,105473.8793569394,276648.9865358823,104039.40134752706,272045.5810937072,102617.93908731006,267513.34962397127,101214.4933864631,263059.9024753966,99831.78156142353,258690.0546827183,98471.5961268176,254408.9162249231,97135.72779631166,250213.97925801238,95823.73078359164,246105.29236731908,94535.878564963,242085.8891010773,93273.39680715113,238163.94934647784,92039.1948737261,234357.98203223638,90839.53794013671,230708.59983801446,89687.78450565292,227305.63646469472,88612.91508738748,224352.07640577864,87679.55826322542,222318.1065460779,87036.39922641992
749,3.7512512512512513,303300.58777284337,112127.90246365487,300499.6959504971,111281.11197776269,296503.0887271413,110069.68820839126,292013.71992783435,108703.78991614339,287343.7534707384,107277.41364639108,282634.42557967524,105833.76132002522,277950.9779934818,104393.25380683674,273324.19091295707,102965.8310895247,268768.9577321081,101556.51382196727,264292.92406402004,100168.02966721928,259900.92668919152,98802.1777756987,255598.09945995457,97460.75577705268,251381.920024547,96143.31478478602,247252.4357152375,94850.12845093047,243212.69360817844,93582.42656809036,239270.9124775807,92343.12944662287,235445.69146975785,91138.52684137905,231777.84439793826,89982.03086136837,228357.65509609316,88902.73993815666,225389.13375199083,87965.54760182402,223344.85454689243,87319.74965089497
750,3.756246246246246,304737.93145213946,112515.98792470692,301922.69541563874,111665.59858136109,297905.65233426506,110449.03090498783,293393.37060914026,109077.34538442103,288699.6100960557,107644.94138312979,283966.3218909572,106195.20444521625,279259.07345910324,104748.64096382777,274608.7959407951,103315.2316398939,270030.4540128301,101900.01705321977,265531.728705056,100505.7352552404,261117.47863599553,99134.19205842257,256792.86163480429,97787.19203641082,252555.34077393016,96464.28318793511,248404.9621255862,95165.73934059918,244344.78635368068,93892.79442962179,240383.07129457724,92648.3797580767,236538.50672309753,91438.80976506168,232852.1085112597,90277.55040085613,229414.61271520256,89193.81852589085,226431.06001282518,88252.77378736986,224376.42310358462,87604.32528716137
751,3.7612412412412413,306182.00540579803,112905.75763503155,303352.3581208688,112051.75354944689,299314.783830347,110830.01929830594,294779.4824200128,109452.52108821977,290061.8170976567,108014.0628715165,285304.4571212211,106558.21461469837,280573.29716439603,105105.56860170748,275899.41998455103,103666.14642384101,271297.8618559436,102245.00866934589,266776.33937813924,100844.90381994404,262339.7331002754,99467.64437649789,257993.2249321875,98115.04188476312,253734.2633022444,96786.64121404492,249562.89301558494,95482.71636736317,245482.18838393467,94204.5054393452,241500.446481608,92954.95077187665,237636.44812441806,91740.39159352981,233931.4121719701,90574.34792823943,230476.52899978732,89486.15558163152,227477.87459058527,88541.2414873404,225412.83142804197,87890.13075884234
752,3.766236236236236,307632.83629134344,113297.21793375415,304788.710461373,112439.5831614639,300730.50923799566,111212.65958276059,296172.0809664408,109829.32312658791,291430.39964969177,108384.78411151152,286648.8560102326,106922.79772857844,281893.67341784074,105464.04252130768,277196.08692707086,104018.58114412091,272571.20472547796,102591.49427651356,268026.7791358563,101185.54087254645,263567.71273088024,99802.5401479137,259199.21160529953,98444.31064869343,254918.7094748523,97110.39410006041,250726.24987055626,95801.06468029202,246624.92081224176,94517.56466027822,242623.05878863795,93262.84746697775,238739.53607061086,92043.27722404951,235015.7754377357,90872.4282623269,231543.42369030038,89779.75585088517,228529.59694940245,88830.95538348601,226454.09879338404,88177.17070370128
753,3.7712312312312313,309090.4508505878,113690.3751792786,306231.7789158096,112829.09371595504,302152.854662136,111596.95797161046,297571.1919354391,110207.75761713159,292805.383006001,108757.11112133565,287999.543376102,107288.95970492504,283220.22660492844,105824.0685411245,278498.82072689396,104372.54152085916,273850.5061598592,102939.47949797232,269283.0711039163,101527.65194106092,264801.4402485305,100138.88480717668,260410.8439779806,98775.00367102922,256108.70122655833,97435.54709890108,251895.05424408545,96120.78944416653,247773.0048190107,94831.97717089123,243750.9290316102,93572.07483753527,239847.79102344785,92347.47156884157,236105.2184300468,91171.79623664574,232615.31659003007,90074.62409365611,229586.2466153808,89121.92017186248,227500.24453410562,88465.44977367428
754,3.776226226226226,310554.8759098268,114085.235749331,307681.5900465033,113220.29153060527,303581.84629020124,111982.92069700031,298976.8410952374,110587.83069605615,294186.79250029894,109131.04993751149,289356.54411546723,107656.70647980884,284552.98118834,106185.65249735833,279807.64541842934,104728.0332915912,275135.78977208346,103288.96997409161,270545.23848132126,101871.2425703357,266040.93844598596,100476.68380534854,261628.14444488066,99107.12631087839,257304.26056177134,97762.10547949754,253069.32775817998,96441.8958395141,248926.4616519144,95147.74806514248,244884.07809260066,93882.63789293925,240961.23350973314,92652.9795551154,237199.76133436765,91472.45669947525,233692.22756524757,90370.76508447915,230647.84317674264,89414.14056286341,228551.2880462209,88754.97263490177
755,3.7812212212212213,312026.1383800354,114481.80604100287,309138.17049964005,113613.18294228477,305017.51039232494,112370.55401000366,300389.05429546867,110969.54851820844,295574.6535463606,109506.6066149048,290719.8832036761,108026.04400734315,285891.96170812537,106548.80024395356,281122.5851121321,105085.06221130154,276427.07924989064,103639.97136239949,271813.30454053695,102216.31832209186,267286.2301882135,100815.94261008325,262851.1354716248,99440.68394366595,258505.40955466658,98090.07452682736,254249.09210342946,96764.38906264454,250085.31262604732,95464.88245251299,246022.5269199728,94194.54165784885,242079.88412145502,92959.80612510287,238299.42440028614,91774.4145138799,234774.17654535422,90668.1836124528,231714.40628397345,89707.62128125272,229607.2487874071,89045.74396776111
756,3.786216216216216,313504.26525706524,114880.09247079486,310601.54700546135,114007.77430709198,306459.87332153233,112759.86418066516,301807.8574673584,111352.91725711853,296968.99163820787,109883.7872267656,292089.58569496986,108396.97825972465,287237.1927818847,106913.51765263871,282443.6639946806,105443.63405246325,277724.3983559386,103992.48933762136,273087.2926276641,102562.8847749616,268537.3384125556,101156.66670566454,264079.83959497884,99775.68196117092,259712.1703493493,98419.45954195168,255434.36903916512,97088.27432568542,251249.57912408267,95783.38545804162,247166.2965285319,94507.79117222692,243203.76351593796,93267.95623609242,239404.22794166318,92077.67455774319,235861.18352302886,90966.88448127195,232785.95564996786,90002.36706619713,230668.14627714932,89337.76846689852
757,3.7912112112112113,314989.2836218407,115280.10147466052,312071.74637845915,114404.07200039703,307908.96151393343,113150.85749804338,303233.2766239139,111737.94310504173,298369.83235029515,110262.59786476973,293465.67672266625,108769.5152272739,288588.69910494715,107279.81061296635,283770.90632915363,105803.75460507715,279027.770927977,104346.52959171862,274367.22616260976,102910.9475245262,269794.2861288986,101498.86159304359,265314.2794230151,100112.12577156309,260924.5651600169,98750.26584205116,256625.18039362063,97413.5568566181,252419.28259643054,96103.26222236028,248315.4079996807,94822.39149137457,244332.8924159962,93577.43486046285,240514.19233678322,92382.24172380082,236953.26855437606,91266.87250926107,233862.51105017585,90298.38267129874,231734.00009688473,89631.05084126147
758,3.796206206206206,316481.22064055665,115681.83950804963,313548.7955175716,114802.08241688492,309364.8014889151,113543.54027025356,304665.3378601142,112124.63227300081,299777.2013376966,110643.04463906011,294848.18149934267,109143.6609184764,289946.5054505525,107647.68503235342,285104.33645520796,106165.42967671149,280337.2208790223,104702.09783392759,275653.12863925885,103260.51218335418,271057.09641984175,101842.53278987638,266554.4776352781,100450.02079944014,262142.61627112245,99082.49876046246,257821.54806409267,97740.24189931326,253594.44456139512,96424.51790172905,249469.88248157408,95138.34768596585,245467.29161008558,93888.2469857177,241629.33802850443,92688.12091967436,238050.45175907423,91568.15252940718,234944.09232274818,90595.6728646277,232804.82989014746,89925.59581413113
759,3.8012012012012013,317980.1035648752,116085.3130459521,315032.72140637814,115201.81197059875,310827.41984933405,113937.91882451023,306104.06735309976,112512.99099082795,301191.1243362925,111025.13367828832,296237.12531702034,109519.42136002309,291310.6366700314,108017.1468361212,286443.9787892561,106528.6650925412,281652.77219753264,105059.19979079827,276945.02362564625,103611.58438103962,272325.79244086606,102187.68583056127,267800.4569829506,100789.37248586451,263366.3460375381,99416.16364671459,259023.49401710098,98068.33471356683,254775.0866053333,96747.15766807154,250629.74118927532,95455.6648420823,246606.98195245684,94200.39761451907,242749.68552440935,92995.31706790479,239152.75332052368,91870.72938939287,236030.71936868312,90894.24242875483,233880.6553627132,90221.40812315443
760,3.806196196196196,319485.9597321239,116490.52858294186,316523.55111329496,115603.26709498317,312296.8432817098,114333.99950717011,307549.49136236263,112903.02550720707,302611.62716295687,111408.87112965604,297632.5335473484,109896.80259685148,292681.1176929865,108388.20196753547,287789.85782464396,106893.46669538761,282974.4489475821,105417.84120623325,278242.9347641287,103964.16976424035,273600.3974205037,102534.32626627678,269052.24028902064,101130.18628840047,264595.7768847189,99751.2658665654,260231.04028855063,98397.84057513572,255961.23038281262,97071.18670900991,251795.00540491118,95774.34806124774,247751.98436330914,94513.89176472202,243875.25539695602,93303.8351059863,240260.19348599523,92174.60795162962,237122.4121519729,91194.09616078432,234961.49628274466,90518.49252037685
761,3.8111911911911913,320998.8165654929,116897.49263322052,318021.31179177185,116006.45424292791,313773.09855641844,114731.78868377507,309001.6362299371,113294.74208971602,304038.7357157445,111794.26315895679,299034.4316417883,110275.81069218638,294057.97352747346,108760.85638784686,289141.9981318296,107259.840345758,284302.27526903676,105778.02784152662,279546.8857715572,104318.27399671622,274880.93466050725,102882.45966501917,270309.85044844757,101472.46768115116,265830.9313088668,100087.81080203803,261444.20898389167,98728.76477577383,257152.8976167702,97396.61022790043,252965.69647782802,96094.40246046297,248902.31982894285,94828.73446940856,245006.0682836283,93613.67998639979,241372.79256677872,92479.79309329076,238219.19069975032,91495.23887238646,236047.37248093667,90816.85377227451
762,3.816186186186186,322518.70157423447,117306.21173066151,319526.0306804878,116411.37988681132,315256.2125278861,115131.29273909496,310460.52838059014,113688.14702486899,305472.4759740787,112181.31595061728,300442.8451317977,110656.45172758083,295441.22926018276,109135.11607633109,290500.4243585613,107627.79192188517,285636.27537772985,106139.76547540326,280856.90043944935,104673.90275936773,276167.4275360195,103232.09161164021,271573.3104283295,101816.22215479585,267071.8318770942,100425.80385145752,262663.02227828174,99061.112623268,258350.11009867114,97723.43344386875,254141.83582474824,96415.83317224061,250058.00940191353,95144.93077692213,246142.14488708726,93924.8566766466,242490.57093833238,92786.28970634488,239321.07510243577,91797.67538983058,237138.30385066182,91116.49665978692
763,3.8211811811811813,324045.6423538602,117716.69242885397,321037.7351035485,116818.05051854388,316746.2121347829,115532.51807717068,311926.1943220128,114083.2466181586,306912.87399893947,112570.03570773946,301857.7996290162,111038.73180295738,296830.9100566215,109510.98703032958,291865.16123005684,107997.32731976737,286976.4735656378,106503.05990405753,282173.00263416296,105031.06175027424,277459.8994957437,103583.2277078852,272842.6432680703,102161.45521662704,268318.50122758886,100765.25042948744,263887.50241674716,99394.88944147398,259552.8896886679,98051.66159184533,255323.44492992654,96738.64534464006,251219.07420118616,95462.48575090177,247283.50597532297,94237.3701592824,243613.5490404314,93094.10269758917,240428.0855138844,92101.41055401776,238234.31034811633,91417.42597834942
764,3.826176176176176,325579.66658634046,118128.94130114675,322556.4524706821,117226.47264961182,318243.1244002175,115935.4711213573,313398.66064501094,114480.04719409868,308359.955933051,112960.42865214204,303279.32082544983,111422.65703664902,298227.0411612954,109888.47526528948,293236.2335491821,108368.45245320788,288322.89420105616,106867.9169411927,283495.21629706846,105389.75668473255,278758.3740621135,103935.8735724306,274117.87207954685,102508.17239058783,269570.9620697789,101106.15596716627,265117.6717143453,99730.10057035249,260761.25831575933,98381.29992260107,256510.54534530663,97062.84414130215,252385.53541228845,95781.40447031644,248430.17238180616,94551.22543195105,244741.74737731807,93403.23698868249,241540.2421515333,92406.4492205138,239335.41199246582,91719.64653792586
765,3.8311711711711713,327120.8020403036,118542.96494069266,324082.2102774377,117636.65281112082,319746.97643193125,116340.15831436723,314877.9540236977,114878.55509626654,309813.74800107145,113352.50102440247,304707.43449365714,111808.23356544039,299629.64789789106,110267.58681480441,294613.66619663034,108741.173253855,289675.5617287755,107234.34241805991,284823.5654447228,105749.99329529535,280062.8748314636,104290.03484092194,275399.0200472768,102856.37921730909,270829.23718449654,101448.52591194444,266353.55255632626,100066.75136600531,261975.23797795025,98712.35370278255,257703.15869067816,97388.4347414845,253557.414287466,96101.69202949971,249582.16500563972,94866.42750741827,245875.18651785064,93713.69751617899,242657.56529654973,92712.79625958216,240441.6288659919,92023.16316304116
766,3.836166166166166,328669.0765712349,118958.76996049231,325615.036105382,118048.59755383969,321257.7954224935,116746.58611831306,316364.1012156845,115278.7766873456,311274.2765097806,113746.2590838988,306142.16648693423,112195.46754460897,301038.7556694585,110648.32773065509,295997.48413110187,109115.49567124176,291034.500670259,107602.34218349762,286158.0741690423,106111.77733180996,281373.4254742004,104645.71716601195,276686.1104285864,103206.0812541468,272093.34942414466,101792.36572772087,267595.1673982956,100404.84720071146,263194.8507424111,99044.82821494785,258901.30665383342,97715.42234009605,254734.73214583643,96423.3535381839,250739.50481171111,95182.9814136058,247013.8870956534,94025.48923156143,243780.0752939778,93020.45655621684,241552.9811142381,92327.98069281399
767,3.8411611611611614,330224.5181216768,119376.36299343883,327154.9576222973,118462.31344824468,322775.60864949616,117154.76101475128,317857.1290622733,115680.71834916802,312741.56784826925,114141.70910885137,307583.5427395009,112584.36514796625,302454.3899585942,111030.7040828497,297387.71238948405,109491.42567282602,292399.7356238182,107971.92210397068,287498.76663747756,106475.11456145687,282690.04973497323,105002.9262173985,277979.1665537792,103557.28407521968,273363.32171286107,102137.68089487992,268842.5387663769,100744.39346296352,264420.118745638,99378.72875760205,260105.01099072516,98043.81214773253,255917.51037354415,96746.39412153467,251902.21283084445,95500.89219362516,248157.869809267,94338.61710127472,244907.79255288755,93329.43501017556,242669.48894615672,92634.10398098957
768,3.846156156156156,331787.15472142847,119795.75069236178,328702.0025823796,118877.80708456277,324300.44347574946,117564.68950472526,319357.06448864966,116084.38648275721,314215.6484881285,114538.85739636522,309031.5892666867,112974.93256789928,303876.5763276244,111414.72195966475,298784.37608703127,109868.96924403025,293771.29126479046,108343.08806360979,288845.6670931868,106840.01076878849,284012.771432845,105361.66768186269,279278.2118263035,103909.99327144634,274639.17704668443,102484.47691032807,270095.6892573745,101085.39555750354,265651.0641936126,99714.060645233,261314.29352562377,98373.60939071146,257105.7704239155,97070.81892018566,253070.3101599533,95820.16490581185,249307.15542229824,94653.08610675929,246040.7375465225,93639.73653601279,243791.1726342559,92941.53789597245
769,3.851151151151151,333357.0144877461,120216.93973007171,330256.19882643694,119295.08507281584,325832.3273494775,117976.37810880879,320863.93450407457,116489.78750837076,315696.5449836394,114937.71026247185,310486.3321651179,113367.17601541181,305305.34041878773,111800.38746768562,300187.50041754526,110248.13238828196,295149.1923457167,108715.84596425098,290198.79985521047,107206.47175576798,285341.61446146405,105721.94726330697,280583.2697229217,104264.21445058305,275920.93849372014,102832.75928753092,271354.6415389368,101427.85890535988,266887.7093619632,100050.82920834706,262529.1761512755,98704.8193111071,258299.53381761393,97396.63309027297,254243.81796219322,96140.8046237593,250461.76476357086,94968.90124448473,247178.93081244873,93951.36606311283,244918.05251474585,93250.28732085928
770,3.856146146146146,334934.1256255434,120639.93679940443,331817.5742820881,119714.15404286474,327371.2878045144,118389.83336714949,322377.7662020778,116896.92786554311,317184.28397196275,115338.27404217144,311947.79761290364,113761.10172016594,306740.70795441966,112187.70673184753,301597.11065355525,110628.92112705336,296533.46369651833,109090.20172547498,291558.18931864586,107574.50334180788,286676.6027892361,106083.77068279329,281894.36379387876,104619.95323726122,277208.62919430644,103182.53355655019,272619.4183497192,101771.78894388315,268130.0765961245,100389.03979350466,263749.6808290601,99037.44716678598,259498.82214279557,97723.84180346991,255422.75746711504,96462.81643635304,251621.71872727585,95286.0675259836,248322.39295270285,94264.32853572312,246050.14898768725,93560.35715347172
771,3.861141141141141,336518.5164275923,121064.7486132655,333386.15696396155,120135.02064445333,328917.3524605,118805.06183951224,323898.5867606512,117305.81401312836,318678.8921733293,115740.55508947503,313416.0118698233,114156.71593052353,308182.7047371359,112576.68589547621,303013.23214649945,111011.34149990197,297924.1302246754,109466.1612846467,292923.85995482205,107944.11136380916,288017.7604594958,106447.14367858149,283211.5176630714,104977.2152730249,278502.2723611808,103533.80526408079,273890.04249954806,102117.19112678272,269378.18831149925,100728.69776335637,264975.8295891489,99371.49823144177,260703.65705526446,98052.45024702164,256607.14997081773,96786.20544780484,252787.03827312271,95604.58997788475,249471.14463394115,94578.62891298722,247187.48251713786,93871.75230638929
772,3.866136136136136,338110.21527472435,121491.38190467493,334961.97497389425,120557.69154725263,330470.549023077,119222.07010532277,325426.42344244185,117716.45242934334,320180.3963912303,116144.55977744664,314891.0012775136,114554.02491358768,309631.3566500171,112967.33112032876,304435.89032690594,111395.39956451046,299321.21691540466,109843.73059695482,294295.836311475,108315.30167620003,289365.1115906792,106812.07200616735,284534.7550282177,105336.00621636868,279801.89127964614,103886.57997348763,275166.5368695846,102464.07092416332,270632.066993619,101069.8084966787,266207.6445306638,99706.97779463095,261914.06027862895,98382.46362377996,257797.01683610195,97110.97677768687,253957.74442649033,95924.47364194726,250625.2065875888,94894.27216897835,248330.0736313005,94184.47770698243
773,3.871131131131131,339709.2506360321,121919.84342681158,336545.05650113174,120982.17344090498,332030.90528408735,119640.86476371133,326961.3035949465,118128.84961181045,321688.8235126075,116550.29449824578,316372.7922596559,114953.03495524453,311086.68965679244,113359.64858663472,305865.11070457404,111781.10139672713,300724.74883183796,110222.91563545138,295674.14301292296,108688.08015097505,290718.6803764961,107178.56143832106,285864.09966102644,105696.33174277525,281107.50930773787,104240.86326484292,276448.9244124883,102812.43382256138,271891.7351983053,101412.37738841004,267445.1478218355,100043.89116180793,263130.05360445764,98713.88715223808,258992.3794926239,97437.135560966,255133.85827857832,96245.72357509403,251784.59960998918,95211.26329273253,249477.9429226709,94498.53829744551
774,3.876126126126126,341315.65106907056,122350.13995305802,338135.42982252745,121408.47303506821,333598.4491217693,120061.45243355616,328503.25465070514,118543.01207760065,323204.20050804486,116957.76566316967,317861.4113221646,115353.75236020471,312548.72980202513,113753.64449313693,307300.91886875563,112168.45309060614,302134.7511152008,110603.72239109168,297058.8047602418,109062.45267773395,292078.4910861027,107546.61776512576,287199.5754073669,106058.19754475317,282419.14987639076,104596.66073496334,277737.22815258184,103162.28532498174,273157.2155518314,101756.40984968653,268688.361700163,100382.24365436065,264351.6588924358,99046.7260665654,260193.2594370491,97764.68694803827,256315.40098655896,96568.3448494458,252949.3445625529,95529.60728828202,250631.11104818585,94813.93903482979
775,3.881121121121121,342929.4452200592,122782.27827704514,339733.12330274284,121836.59705946007,335173.2085009549,120483.83975352754,330052.3041274949,118958.94636327657,324726.55443195923,117366.97970269564,319356.885053375,115756.18345204524,314017.50321129675,114149.32505713278,308743.3404883376,112557.46075844807,303551.24898499093,110986.15687277363,298449.8463314414,109438.42516372094,293444.56806427456,107916.24679401568,288541.2061874393,106421.60933187473,283736.83648960636,104953.97799744709,279031.4711860152,103513.63095093418,274428.53075108404,102101.91130787824,269937.30847257224,100722.04060964579,265578.89807052154,99380.98561664255,261399.67823320636,98093.63610476285,257502.39377372834,96892.34255235479,254119.46237190827,95849.30917468868,251789.59872937138,95130.68489107657
776,3.886116116116116,344550.6618240843,123216.26521269689,341338.16539444786,122266.55226390262,336755.2114732677,120908.03338213125,331608.4796285259,119376.65902493581,326255.9124227923,117777.94306652351,320859.2401242313,116160.33457325124,315493.0360913932,114546.6965145151,310192.4013120234,112948.13053084014,304974.26773915783,111370.22510737785,299847.29258164135,109816.00353386365,294816.9357315801,108287.45434981494,289889.0159959448,106786.5728308138,285060.5927246207,105312.82068271136,280331.67668093054,103866.47623647,275705.70356372546,102448.88720662512,271192.0105155754,101063.28738102446,266811.7931351033,99716.6710680962,262611.6575122417,98423.98821249683,258694.85792965884,97217.7217864387,255294.97403005057,96170.37398607736,252953.4267524916,95448.78085305032
777,3.891111111111111,346179.3297053015,123652.10759427518,342950.58463852154,122698.34541836655,338344.48617732024,121334.03999775268,333171.8088426347,119796.15663825383,327792.30170320143,118190.6622236183,322368.503288476,116566.2120852578,316975.35473048943,114945.76511981346,311648.1271685157,113340.46855669675,306403.832754282,111755.93313980731,301251.1684432472,110195.19373081252,296195.6185845534,108660.24627477588,291243.0289022559,107153.09378538399,286390.4422320715,105673.19443802962,281637.86787762726,104220.82673421895,276988.75682835607,102797.34300587322,272452.49027543096,101405.98933789763,268050.3661511564,100053.78770233411,263829.21897277376,98755.74846812947,259892.8148103509,97544.48766961458,256475.90059449276,96492.80677166957,254122.61596869706,95768.23192257201
778,3.896106106106106,347815.4777771384,124089.81227642483,344570.4096642527,123131.98331301578,339941.0608389131,121761.86629870076,334742.31954448053,120217.44579852757,329335.74958025356,118605.14366225274,323884.7013828374,116973.82236849176,318464.48549833574,115346.5371462354,313110.54396669904,113734.4810033003,307839.96948575444,112143.28703302731,302661.4989261278,110576.00171497988,297580.6411958687,109034.6284286179,292603.2690505878,107521.17795657621,287726.40873616637,106035.10492756883,282950.06808872713,104576.68801342582,278277.7134546762,103147.28418191084,273718.770268303,101750.15186574176,269294.63925240043,100392.34081658005,265052.38438104803,99088.92208411673,261096.28583838584,97872.64533513295,257662.26318841547,96816.6125958169,255297.1872941739,96089.04311645207
779,3.901101101101101,349459.135042498,124529.38613421847,346197.6691895413,123567.47275825201,341544.9637712322,122191.51900325151,336320.03959474,120640.53312071846,330886.28344561515,119021.39389004977,325407.86132722005,117383.17182241392,319960.4548464429,115749.01888570748,314579.67769582296,114130.17405634145,309282.7034679567,112532.29286810549,304078.30911779165,110958.43346457927,298972.0282145137,109410.60668856581,293969.7606601691,107890.83112259707,289068.5160348513,106398.55783242705,284268.30069933954,104934.06565998743,279572.5964236492,103498.71622740472,274990.87308042176,102095.78036614455,270544.6346414566,100732.33572390913,266281.17557109176,99423.51428851581,262305.2925030781,98202.19993161166,258854.08300081763,97141.79653803469,256477.16171029294,96411.21946652394
780,3.906096096096096,351110.3305939618,124970.8360632016,347832.3920211003,124004.82058475923,343156.22337504866,122623.00484969254,337904.99694030365,121065.42523949596,332443.93077574606,119439.41943402548,326938.0101248932,117794.26686556081,321463.28930827003,116153.21664891708,316055.5544256849,114527.5539199599,310732.0603144407,112922.95674425171,305501.6241835639,111342.4949756649,300369.8043659639,109788.18694938878,295342.5280254128,108262.05907890681,290416.7879999789,106763.55885067074,285592.58916722727,105292.96527648922,280873.4287876645,103851.64465143635,276268.8213682438,102442.88025684051,271800.37459000514,101073.77775328264,267515.61444486945,99759.53032501975,263519.85636062856,98533.15662307004,260051.38128666749,97468.36369303547,257662.56026375905,96734.7660196772
781,3.911091091091091,352769.09361399343,125414.1689794376,349474.6070546566,124444.03364354842,344774.86813891697,123056.33059636697,339497.21961447125,121492.1288092809,334008.71913209284,119859.2268406318,328475.1748626815,118207.11393558698,322973.0154994094,116559.1367653533,317538.20030681364,114926.6268167852,312188.06571810937,113315.28477885823,306931.46936676424,111728.19226217098,301773.9944523572,110167.37512343902,296721.5955160885,108634.86763825733,291771.2485774768,107130.11369737235,286922.95702297264,105653.39248224245,282180.2336707005,104206.07497953827,277552.6378586119,102791.45697174675,273061.88143894396,101416.67224958337,268755.72297243774,100096.97545299197,264739.999034277,98865.52058896312,261254.17936705326,97796.31917076292,258853.40406676082,97059.68783789112
782,3.916086086086086,354435.45337514294,125859.39181955309,351124.34327515354,124885.11880600241,346400.92663937487,123491.50302171764,341096.7357371477,121920.6505042891,335580.6761612804,120280.8226757991,330019.38271115377,118621.71948930694,324489.66011777427,116966.7855833487,319027.641570653,115327.39898797749,313650.745451397,113709.28310753974,308367.86998888355,112115.53135595113,303184.6233526683,110548.17714069062,298106.9875774937,109009.26263073068,293131.92178751726,107498.22810464798,288259.42787014355,106015.35291332091,283493.03426848823,104562.01275373038,278842.34534891683,103141.51596099867,274329.17759854643,101761.02457365091,270001.52319210174,100435.85494750118,265965.7422144558,99199.29702421567,262462.4986293349,98125.66809642533,260049.7142971205,97385.98999826793
783,3.921081081081081,356109.4392402511,126306.51154078291,352781.62975695316,125328.08296392077,348034.4275411425,123928.52892433123,342703.5735150406,122350.99701857488,337159.8295953068,120704.21352497934,331570.66092481423,119038.09000273734,326013.24994378566,117376.16947012073,320523.90452974587,115729.87669326818,315120.1253664505,114104.95788417345,309810.8514497631,112504.51830681796,304601.71602288395,110930.59894877841,299498.728730626,109385.24990377702,294498.8317246857,107867.90782169484,289602.0253854594,106378.8522225982,284811.8538486746,104919.4635325565,280137.96670725755,103493.062690986,275602.28554861946,102106.84010231675,271253.0372105702,100776.17409935576,267197.10765894334,99534.49113925638,263676.36052729486,98456.41561052961,261251.51219844367,97713.67759306634
784,3.9260760760760762,357791.0806626532,126755.5351210156,354446.4956640388,125772.93302956434,349675.39959732257,124367.41512298248,344317.7612418568,122783.17506607452,338746.2072517357,121129.40599318883,333129.03684229247,119456.2319711394,327543.81184055965,117787.29481181332,322027.0155779184,116134.06621100113,316596.2313953106,114502.31528093947,311260.4392277718,112895.15918258269,306025.29749617784,111314.64651303706,300896.8435723552,109762.83532225304,295872.00255815045,108239.15861482905,290950.7733189584,106743.8960797847,286136.7157509871,105278.43289112081,281439.5248726026,103846.10264438858,276881.22783866234,102454.12422843976,272510.28720311204,101117.93821513894,268434.1171930177,99871.10816005233,264895.7865812903,98788.56686891489,262458.8190802698,98042.7557297351
785,3.931071071071071,359480.40718638466,127206.46955883848,356118.97025021806,126219.6759357003,351323.87164960057,124808.16845667864,345939.32729849877,123217.19138065011,340339.8370338911,121556.40670505125,334694.53788653424,119876.15190906089,329081.372754095,118200.16801353845,323537.0011904644,116539.97383817322,318079.0895500925,114901.361488361,312716.6588799845,113287.4600690946,307455.3928830861,111700.3258165397,302301.35677559604,110142.02476846027,297251.4585318323,108611.9862675234,292305.695494164,107110.49017146444,287467.64338739705,105638.92642112428,282747.04285495146,104200.64132021222,278166.0270880254,102802.88236094144,273773.2954137125,101461.15261724334,269676.7927096106,100209.15332814309,266120.7983784046,99122.12704278663,263671.65631822223,98373.22953094653
786,3.9360660660660662,361177.4484463859,127659.32187358322,357799.0828593255,126668.31863564726,352979.87262844463,125250.79578470394,347568.3001532626,123653.05271613326,341940.7469310514,121985.22230484086,336267.19156499224,120297.85635037896,330625.9597134607,118614.79549941774,325053.88792432996,116947.60589047558,319568.7259231686,115302.10271534472,314179.53604236135,113681.42707028093,308892.0273716831,112087.64286013722,303712.29308948055,110522.82414218351,298637.2239645744,108986.39658044493,293666.81580825214,107478.64020113269,288804.6602422842,106000.9497309013,284060.5437354965,104556.68423382482,279456.7059860692,103153.11992484142,275042.0841552297,101805.82264390582,270925.15616946155,100548.63190067522,267351.4175725994,99457.10131875027,264890.04535415926,98705.10413463002
787,3.941061061061061,362882.23416870745,128114.09910537138,359486.8629254269,127118.86810332008,354643.4315533069,125695.30398666377,349204.7083620354,124090.76584636877,343548.96501864365,122415.85945652523,337847.0254698179,120721.35184834209,332177.5998309846,119031.1837126242,326577.7024182985,117356.96870233466,321065.1666873492,115704.54518922101,315649.0964299259,114077.06630818636,310335.2262277567,112476.60366249716,305129.67733953136,110905.2393607292,300029.3232503125,109362.39537149295,295034.1582322184,107848.3518892328,290147.7898726011,106364.50844545623,285380.05066678434,104914.2369169923,280753.28729232383,103504.84236129295,276316.6758095508,102151.95364924269,272179.22960127203,100889.54915043656,268587.6658848673,99793.49489884541,266114.0076963247,99038.38469400578
788,3.9460560560560562,364594.7941707161,128570.80831515967,361182.3399730224,127571.3313332752,356314.577532824,126141.69996252946,350848.58056849305,124530.33756525863,345164.5194584384,122848.32484380866,339434.06727805245,121146.6449756128,333736.3203024413,119449.33911542426,328108.47139317635,117768.06862695316,322568.43809606537,116108.69515578458,317125.3658369444,114474.38392301294,311785.0147949853,112867.21426014304,306553.534427835,111289.27635896404,301427.7808582447,109739.98847583676,296407.7468110456,108219.6309731937,291497.05590803846,106729.60820650021,286705.58687287825,105273.30491791473,282055.793836648,103858.05512761816,277597.0928277499,102499.55100328433,273439.0351018602,101231.91036589081,269829.565103384,100131.31300057967,267343.5649194992,99373.07637761858
789,3.951051051051051,366315.1583613002,129029.45658478569,362885.54361725046,128025.71534075556,357993.33976501855,126589.99063268269,352499.9455042989,124971.77468680574,346787.43849874433,123282.62517017538,341028.3447518188,121573.7423243102,335302.1484072411,119869.26818921929,329646.2216519777,118180.91203635147,324078.5664835513,116514.55887933489,318608.3701371055,114873.38607315988,313241.41849511367,113259.48070749347,307983.8893332151,111674.9410893534,302832.62133300275,110119.18174595365,297787.60566387145,108592.48320746724,292852.4820511894,107096.25467248779,288037.1756495205,105633.8938012625,283364.24851938896,104212.763697344,278883.35773024446,102848.6200920104,274704.5948363159,101575.72085121185,271077.1370836611,100470.56085696274,268578.7386651512,99709.18436937124
790,3.956046046046046,368043.3567410765,129490.05101701365,364596.5035640927,128482.02716173606,359679.7475375007,127040.18293796007,354158.8319893016,125415.0840451581,348417.7504746042,123718.76715893285,342629.8857385137,122002.65050605233,336875.1115086184,120290.97743458766,331190.9800801105,118595.50532140849,325595.5782650269,116922.14264271656,320098.1352836994,115274.07893526346,314704.46282812936,113653.40907690125,309420.76711140585,112062.23952200005,304243.8692948226,110499.98105166697,299173.75898415677,108966.91436356529,294214.0920777152,107464.45351865356,289374.8403642947,105996.00914821243,284678.67431154253,104568.97356023762,280175.493106953,103199.16631738486,275975.9310381551,101920.98592631849,272330.403748699,100811.24371654057,269819.5506415887,100046.71386855874
791,3.961041041041041,369779.41940259625,129952.59873557974,366315.2496105772,128940.27385296866,361373.83022766915,127492.28383969792,355825.2689317344,125860.27249465263,350055.4838079894,124156.75755325503,344238.7181710001,122433.37615199907,338455.2370538214,120714.47337132665,332742.7736455627,119011.85489190326,327119.4999368806,117331.45274736015,321594.68730979797,115676.46870423695,316174.1733724404,114049.00545869292,310864.19289522665,112451.17764468273,305661.5494397154,110882.39228018402,300566.2310398536,109342.93023009742,295581.9098365108,107834.21043704923,290718.60445678874,106359.65655648393,285999.094254913,104926.69022234202,281473.52161745226,103551.19509739096,277253.06600947556,102267.71092690893,273589.3870891401,101153.36684342932,271066.02262411057,100385.6700899018
792,3.966036036036036,371523.3765305522,130417.10688523819,368041.81164498517,129400.4624920278,363075.6173029148,127946.30031977703,357499.28532841307,126307.34690985917,351700.6670079969,124596.60311622571,345854.8700677994,122865.92591289457,340042.5525743013,121139.76253849435,334301.62939908786,119429.96717655595,328650.35807685246,117742.49551332276,323098.05232843483,116080.56159331043,317650.57578505145,114446.27596120768,312314.1918947558,112841.76146289482,307085.68653963896,111266.42133613415,301965.04617357365,109720.53661280822,296955.95924987015,108205.5311365803,292068.4914387575,106724.84164037545,287325.5314622733,105285.91920601173,282777.4659911357,103904.71186606656,278536.0221211121,102615.90120449527,274854.10916342173,101496.93551734976,272318.1764551589,100726.05826358082
793,3.971031031031031,373275.25840198586,130883.582631807,369776.21964705444,129862.60017735572,364785.1383208217,128402.23938066736,359180.91026493674,126756.31418562501,353353.32867104444,125038.31063088203,347478.36953328486,123300.30645911022,341637.0856859017,121566.85149445194,335867.57447439234,119849.84862306963,330188.179344218,118155.27727932861,324608.2565327857,116486.36383407126,319133.6958017419,114845.22671083732,313770.78939750465,113233.99699988317,308516.3054426689,111652.07414160685,303370.22880275705,110099.73933461476,298336.26431365224,108578.42134304292,293424.5248942863,107091.57003080069,288658.0091175263,105646.6660499486,284087.349027371,104259.72207353916,279824.8218127921,102965.56212643845,276124.59209793055,101841.95503366146,273576.034044471,101067.88363526993
794,3.976026026026026,375035.0953864942,131352.03316221372,371518.5036881856,130326.69402830796,366502.4229293701,128860.10804547295,360870.17291588604,127207.1812371187,355013.497481067,125481.88690025792,349109.24475787394,123736.5244806874,343238.864089049,121995.7468169056,337440.63608832157,120271.5056981714,331732.99047997076,118569.80440281003,326125.32619634893,116893.88167650363,320623.5592372429,115245.86385206533,315234.0107685926,113627.8902966868,309953.4310731708,112039.35663619009,304781.8034198413,110480.54423564438,299722.84909744747,108952.88679916118,294786.7284799543,107459.8473753249,289996.5504758647,106008.93630923779,285403.1935956581,104616.23118606131,281119.4875932916,103316.6990759828,277400.85808715556,102188.43070339684,274839.61736923124,101411.15146617057
795,3.981021021021021,376802.91794643784,131822.46568454156,373268.693931648,130792.75118519882,368227.50086713943,129319.91335797691,362567.10254502355,127659.95499987439,356681.2022097138,125927.33874742768,350747.52401822235,124174.58668738029,344847.9155689414,122426.45510294872,339020.8415410475,120694.94488765382,333284.8183070073,118986.0832599479,327649.2876731261,117303.1213890291,322120.19198541576,115648.19354750637,316703.88145092194,114023.44741217597,311397.0884319719,112428.27477700828,306199.79459243,110862.95717327211,301115.7377447439,109328.93326462367,296155.125924998,107829.67933820143,291341.17886393267,106372.73555538323,286725.0226357888,104974.2446860458,282420.0420405913,103669.31745229091,278682.92939384235,102536.36785329565,276108.9484742241,101755.86703304596
796,3.986016016016016,378578.7566371487,132294.88742807516,375026.82063278457,131260.778809347,369960.4019635117,129781.6623826861,364271.7285054938,128114.64242983625,358356.47171654477,126374.67301554978,352393.23567741737,124614.49980869878,346464.2679957409,122858.98296910418,340608.21821625537,121120.17269641662,334843.6897303108,119404.12024571293,329180.16739780345,117714.08925854672,323623.62001942896,116052.22197794587,318180.42696535325,114420.67442309076,312847.30259653344,112818.83453876074,307624.22696346295,111246.98402215833,302514.9544730933,109706.56651612083,297529.74103147513,108201.07160040806,292691.9176799865,106738.06937634363,288052.8591580036,105333.76807210085,283726.5078020324,104023.42267047826,279970.82834914693,102885.77182583933,277384.04947198654,102102.03562825476
797,3.991011011011011,380362.64210713864,132769.30564334683,376792.9141392194,131730.7840831212,371701.1561388744,130245.36220487654,365984.0802400234,128571.2505034026,360039.33494922734,126823.89656791002,354046.40818517166,125056.27059395135,348087.94932476303,123293.33705136646,342202.7935813315,121547.1956485082,336409.6317371357,119823.92177390624,330717.99188593274,118126.79159047302,325133.8693919375,116457.95534237963,319663.6729108804,114819.57742408024,314304.0987211233,113211.04191376008,309055.12525138515,111632.63067428654,303920.52357427886,110085.79234738191,298910.59767442883,108574.02985968365,294048.79039405665,107104.94337656864,289386.72624315217,105694.80685906578,285038.9075944736,104379.02016164821,281264.57735279074,103236.6479792854,278664.9425429612,102449.66255978544
798,3.996006006006006,382154.60509830725,133245.72760218245,378567.0048910628,132202.7742099859,373449.7934048248,130711.01993063823,367704.1872811218,129029.78621747052,361729.8209437345,127275.01628796576,355707.0700780175,125499.90581228831,349718.987596668,123729.52400524412,343804.59518755105,121976.02028716738,337982.6713971921,120245.4942772005,332262.7877341138,118541.23470878259,326650.9662352614,116865.39985805347,321153.64496480586,115220.16252774149,315767.50203698827,113604.90291197033,310492.5142503169,112019.90303900106,305332.46941448154,110466.61656921206,300297.7198020519,108948.55983056447,295411.8205481087,107473.36317703452,290726.6470428515,106057.3665780461,286357.26420444786,104736.11537292686,282564.19887321466,103589.00168770186,279951.64993564953,102798.75315129016
799,4.0010010010010015,383954.67644615093,133724.16059774774,380349.1234211192,132676.75641454675,375206.34386437247,131178.64268692047,369432.07925128203,129490.25658948022,363427.95882454206,127728.03907938937,357375.2499795012,125945.41225274469,351357.4109376516,124167.55050580225,345413.65067026584,122406.65317486497,339562.8358628309,120668.84420718085,333814.58162017533,118957.42495604833,328174.93676156393,117274.56176050297,322650.3688829168,115622.43586465844,317237.5378525273,114000.42356104557,311936.4188302236,112408.80704304476,306750.8164344476,110849.04500952986,301691.13143585145,109324.66724442101,296781.0317562059,107843.33441528025,292072.6447796457,106421.45277644935,287681.60048831854,105094.71376749812,283869.7154477341,103942.8383410017,281244.19396676484,103149.3127421191
800,4.005995995995996,385762.88707997184,134204.6119445946,382139.3003550939,133152.73794259675,376970.83771214593,131648.23762157682,371167.7858631819,129952.6686574596,365133.7778048268,128182.97186611225,359050.97660037765,126392.79672428328,353003.247559637,124607.42324770472,347029.98774909275,122839.10089334537,341150.1523692288,121093.97803438592,335373.400303357,119375.36869348167,329705.8072630306,117685.44730359295,324153.8704996615,116026.40358344118,318714.2315534644,114397.60990636813,313386.8639370866,112799.34863059706,308175.589149656,111233.08351340407,303090.85667081334,109702.3578494946,298156.44770467095,108214.86274544381,293424.7427471652,106787.0710180202,289011.93937243737,105454.82082463842,285181.1496826938,104298.16334497742,282542.59702138585,103501.34668735464
801,4.010990990990991,387579.2680230872,134687.08897870718,383937.5664117999,133630.72606116184,378743.30523459497,132119.81190341045,372911.3369198853,130417.02948006884,366847.3071866641,128639.82159236871,360734.2787388051,126842.0660558382,354656.52576046623,125049.14894525657,348653.6342281018,123273.37004366868,342744.648234573,121520.90224834913,336939.27062449214,119795.07230097352,331243.6041120489,118098.06275955768,325664.1757283248,116432.07185076493,320197.60860302194,114796.46801108743,314843.8745930728,113191.53376331176,309606.8121504862,111618.73794309117,304496.91967556754,110081.63741093386,299538.09215224785,108587.95383829792,294782.96431028633,107154.22688287626,290348.303853301,105816.44203975187,286498.5242536234,104654.98212133569,283846.88155311067,103854.86035784554
802,4.015985985985986,389403.85039303906,135171.59905754827,385743.9524033662,134110.72805854713,380523.77681019646,132593.37272221962,374662.7623150438,130883.34613664498,368568.57636122685,129098.59522273968,362425.1852805405,127293.22709635764,356317.27392409206,125492.73433244682,350284.6179960056,123709.46724625234,344346.3508602476,121949.62335763966,338512.21950619,120216.54217713416,332788.3537613873,118512.41441904032,327181.3105612055,116839.44685140929,321687.69454209454,115197.0039561583,316307.47589670616,113585.3684203549,311044.5101023857,112006.01417807274,305909.3446925527,110462.51171083176,300925.9889302651,108962.61338128646,296147.3329052919,107522.92596754362,291690.716997709,106179.58292440549,287821.8619053923,105013.30010773175,285157.0700842108,104209.85914024137
803,4.020980980980981,391236.6654018035,135658.1495601058,387558.48923544504,134592.75124438247,382312.2829096592,133068.9272888428,376422.0920330987,131351.6257272466,370297.6148089837,129559.29974219693,364123.7251991351,127746.28671484755,357985.52052077034,125938.18616299085,351922.9670263475,124147.39914091308,345955.28773101943,122380.14788990373,340092.27395301865,120639.78473933402,334340.0827443753,118928.50859113307,328705.3010697921,117248.53478829765,323184.5149894226,115599.22384037964,317777.6930230382,113980.85859844284,312488.70774603897,112394.91811509266,307328.1560381818,110844.98654826223,302320.1619427979,109338.84707856047,297517.8720400306,107893.17388499241,293039.2019429216,106544.24900636417,289151.1854523657,105373.12275780438,286473.18520578486,104566.34843702674
804,4.025975975975976,393077.74435600144,136146.74788693906,389381.20790742,135076.80294966858,384108.8540961292,133546.48283520417,378189.35614948306,131821.87537269862,372034.4520998981,130021.94215614701,365829.9275561296,128201.25180041463,359661.2941072523,126385.51121037315,353568.709377692,124587.17238690879,347571.4864152238,122812.48239190588,341679.4610516878,121064.80642374442,335898.81767508335,119346.35160341697,330236.173404941,117659.3418825362,324688.09564176627,116003.13378043307,319254.5512238195,114378.0103118802,313939.4298975349,112785.45566819474,308753.3781030082,111229.06773931692,303720.6351668313,109716.66065101456,298894.6052940777,108264.97626467257,294393.78189681715,106910.4458296257,290486.51777856005,105734.45554121019,287795.24957791314,104924.33366655574
805,4.030970970970971,394927.1186571083,136637.40146022543,391212.1395126148,135562.8905268234,385913.5210253951,134026.0466143591,379964.58483082417,132294.10221463707,373779.117893628,130486.52949047528,367543.82150125044,128658.12926230999,361344.62332697696,126834.71626789002,355221.87319381256,125028.7936629806,349194.97456495085,123246.63342957017,343273.80797123164,121491.61368537793,337464.5852485025,119765.9498020019,331773.9537970523,118071.87437345335,326198.4622740802,116408.73991092177,320738.0758276706,114776.829592598,315396.7014485359,113177.63276876001,310185.03535189084,111614.76111714217,305127.43265242333,110096.05983632313,300277.55631889554,108638.33875254964,295754.4801380508,107278.17895445623,291827.8818377994,106097.3039436588,289123.2859298123,105283.82026308635
806,4.035965965965966,396784.81980166485,137130.11772380682,393051.31523850135,136051.0213497278,387726.31444609404,134507.6259005397,381747.8083351462,132768.31341555397,375531.6419397244,130953.0687915902,369265.4362726058,129116.92602997238,363035.5369102646,127285.8081486921,356882.4867038826,125472.26966739498,350825.7799162319,123682.60758802174,344875.3419631935,121920.21299812935,339037.41224072565,120187.3095515665,333318.6685562484,118486.1385186393,327715.6407396873,116816.04838440896,322228.29224025377,115177.32249019168,316860.5473664464,113571.45536554423,311623.1523241603,112002.07253197576,306540.57852286793,110477.05038897666,301666.7488379942,109013.26701114021,297121.32001621224,107647.45395742528,293175.30065387103,106461.67346694719,290457.3170599895,105644.81367681481
807,4.040960960960961,398650.87938148866,137624.90414323614,394898.76636690943,136541.20281377196,389547.26519991807,134991.22798920027,383539.0570120731,133244.51615884196,377292.0540778316,131421.56712646733,370994.80119688186,129577.64905307187,364734.06367450906,127738.79368582726,358550.5782226648,125917.60711798555,352463.9302892266,124120.411471628,346484.090361808,122350.61085481616,340617.32550912746,120610.43723539847,334870.34407255077,118902.1405939851,329239.65697045403,117225.06537145685,323725.2259444452,115579.49507195943,318330.992694582,113966.92942471552,313067.7536337854,112391.00785118421,307960.096974859,110859.63808031812,303062.2066470922,109389.76671954808,298494.3249519846,108018.27643144119,294528.7973206826,106827.5696289949,291797.36583639827,106007.31937391032
808,4.045955955955956,400525.32908388466,138121.76820582428,396754.5242742352,137033.4423359018,391376.4042218199,135476.860197063,385338.3613030317,133722.71764883967,379060.38423788664,131892.03158269366,372731.9456895397,130040.30530155324,366440.2325243724,128193.67973228355,360226.1761507019,126364.81275219555,354109.4535884096,124560.0517040403,348100.0805841859,122782.81376721949,342204.35199254536,121035.3392554345,336429.006816058,119319.8868937224,330770.5369769648,117635.7970606655,325228.9025005064,115983.35342294026,319808.0625523382,114364.06092989184,314518.8639695392,112781.57295929943,309386.01227865403,111243.82869857935,304463.953614278,109767.84357349985,299873.51843730314,108390.65198578627,295888.3950024181,107194.99796387863,293143.4551965925,106371.34283654935
809,4.050950950950951,402408.20069185627,138620.71742068647,398618.6204316504,137527.7473546649,393213.7625402195,135964.5298621638,387145.7517414549,134202.92511087641,380836.6624403196,132364.46926851216,374476.8992550121,130504.90176567953,368154.0724519769,128650.47316103197,361909.30897450604,126813.8933271197,355762.3778027585,125001.53492823527,349723.3401304981,123216.82826612494,343798.5187114607,121462.02203230056,337994.6833371242,119739.38373046291,332308.30684869725,118048.2496587115,326739.3475462567,116388.90364595226,321291.78213536035,114762.85588217877,315976.50809516606,113173.77375805574,310818.3487782378,111629.62804891742,305872.0136801717,110147.50328538098,301258.9240355137,108764.58624615232,297254.1169336948,107563.9640218672,294495.6081478825,106736.88956295037
810,4.055945945945946,404299.52608431753,139121.75931878923,400491.0864053127,138024.12533025688,395059.3712772115,136454.24434389765,388961.258952986,134685.1457913174,382620.9187962548,132838.88731286564,376229.6914869004,130971.44545607579,369875.61253710015,129109.1808650694,363600.0052667503,127264.85561954662,357422.7310059399,125444.8678065562,351353.89658415964,123652.66090136326,345399.8527681798,121890.49200535196,339567.4002665367,120160.63743523788,333852.9927541979,118462.42939038713,328256.5867972459,116796.15186163086,322782.17671571334,115163.3203002071,317440.71084954776,113567.61616642721,312257.13089148654,112017.04195345135,307286.4108580854,110528.7515842716,302650.5653815323,109140.08485467597,298625.9864197207,107934.47336945655,295853.84776749066,107103.9650674085
811,4.060940940940941,406199.33723630494,139624.9014529972,402371.95385657507,138522.58374456805,396913.2616487715,136946.0110230647,390784.9136556823,135169.38695760863,384413.18350771,133315.2928654415,377990.35206817155,131439.94340377272,371604.8819473687,129569.80975746152,365298.2936864591,127717.70642600117,359090.54135649843,125890.057020755,352991.77761201456,124090.31824185143,347008.3813470161,122320.7556327137,341147.1843156951,120583.65435753763,335404.6209412576,118878.34249863916,329780.64604692685,117205.1042084673,324279.271642051,115565.46022017043,318911.4971468714,113963.10612066452,313702.3831103323,112406.07625129832,308707.16923418606,110911.59421598249,304048.46618200454,109517.15346997396,300004.0268364507,108306.53158940468,297218.1972027061,107472.57488032994
812,4.0659359359359355,408107.66621918953,140130.1513981199,404261.2545421961,139023.13010122956,398775.4649649641,137439.83730191595,392616.74666021863,135655.65589832218,386213.48686779826,133793.693096716,379758.9107713567,131910.40266025029,373341.90993845207,130032.36677138587,367004.20297919953,128172.45256278661,360765.837098044,126337.10927203356,354637.0109645203,124529.80687563361,348624.1317144709,122752.81939132072,342734.06227678974,121008.44086535148,336963.2177370867,119295.99524460785,331311.5511668277,117615.76684284683,325783.09233978624,115969.28169586319,320388.891976796,114360.24957433219,315154.1300009277,112796.73679861052,310134.3129676567,111296.0369430912,305452.6502154644,109895.79776717882,301388.26163074473,108680.14428076662,298588.6796710418,107842.72454826684
813,4.070930930930931,410024.5452008892,140637.51675095866,406159.0203145506,139525.77192566008,400646.01263014966,137935.73060419914,394456.7888700928,136143.95992320133,388021.85926092864,134274.09519799874,381535.39745874837,132382.83029748176,375086.72585425765,130496.85886017515,368717.76197727275,128629.10086602715,362448.64655944007,126786.03128108563,356289.62447593326,124971.13340992214,350247.1312194161,123186.6897769583,344328.06102298055,121435.00334520711,338528.8095484913,119715.39390766599,332849.32810672565,118028.14593908723,327293.664311261,116374.79079871817,321872.9204046201,114759.0524983458,316612.3962038103,113189.02946861161,311567.8662908589,111682.08554497785,306863.1413324943,110276.02343797435,302778.714320525,109055.31705892953,299965.3184603895,108214.41963395207
814,4.075925925925926,411950.0064460811,141147.0051303537,408065.2831218396,140030.51676511214,402524.93614319304,138433.69837520467,396305.07128182915,136634.30636320586,389838.33116300777,134756.50638147723,383319.84208259836,132857.23340797718,376839.35912712535,130963.29299735975,370438.99959990475,129087.6581917101,364138.99815499195,127236.8297881384,357949.64606449363,125414.30447113852,351877.4072932758,123622.37330430237,345929.20750857634,121863.3482022105,340101.4228620499,120136.5447854581,334394.00289482,118442.24768947718,328811.01313591684,116781.99361784455,323363.6075714495,115159.52088100923,318077.2064340675,113582.9601516333,313007.85350949486,112069.7458178614,308279.9634558852,110657.83619063103,304175.4084949336,109432.05555564763,301348.13692917663,108587.66571633387
815,4.080920920920921,413884.0823164152,141658.6241772309,409980.07500830165,140537.37218871887,404412.2670976707,138933.74808181156,398161.62498518405,137126.70257055736,391662.9331416414,135240.93388026152,385112.27468531614,133333.61910482752,378599.8392780229,131431.6761767116,372167.94485343876,129548.13141572851,365836.9203846354,127689.51155299421,359617.1037326104,125859.32670495436,353514.98745020875,124059.87650695976,347537.5287692138,122293.48186008546,341681.0842442889,120559.4541939393,335945.6016379055,118858.07830431475,330335.16447046597,117190.89626006554,324860.9786943648,115561.66072805197,319548.585481502,113978.53475515237,314454.29900277033,112459.02357483577,309703.1405807962,111041.24175004181,305578.3678144908,109810.36541907763,302737.1585065225,108962.46839061062
816,4.0859159159159155,415826.8052707271,142172.38155464895,411903.4281144242,141046.34578754046,406308.03718207957,139435.8872125335,400026.4811633513,137621.15591878447,393495.69585633563,135727.38494842863,386912.72539966775,133811.99452174848,380368.1959167403,131902.0154122867,373904.62683152757,130010.52743392365,367542.4418341254,128144.08335507243,361292.0255670478,126306.20677633277,355159.8992872913,124499.20593750906,349153.0519220371,122725.4107612137,343267.82034185977,120984.12846741479,337504.15052154573,119275.64401194618,331866.1440490612,117601.50484995657,326365.0590665896,115965.47806266623,321026.5582107964,114375.75920382682,315907.22722355643,112849.92464590582,311132.69677491474,111426.24585775747,306987.61601125234,110190.25231381357,304132.4066923947,109338.83326826585
817,4.090910910910911,417778.207865251,142688.28494784658,413835.3746771543,141557.44517461106,408212.2781800449,139940.12327756485,401899.67109316605,138117.6738027681,395336.6500586997,136215.86686106745,388721.22444897343,134292.3668131241,382144.4587420859,132374.31773846888,375649.07471532444,130474.85316212736,369255.5911752247,128600.55199345133,362974.4397391108,126754.9513695694,356812.1704846991,124940.36816754082,350775.8041658779,123159.14136667448,344861.6578817158,121410.57395857881,339069.67581024725,119694.95105880394,333403.9776834675,118013.8255298831,327875.8740576584,116370.97892554432,322511.1495616797,114774.63943953306,317366.6626985529,113242.45487802365,312568.6561786172,111812.85427202251,308403.1768889684,110571.72192092214,305533.90505776607,109716.7659771028
818,4.095905905905906,419738.3227538337,143206.34206428958,415775.9470301104,142070.67798498503,410125.02197052975,140446.4638088266,403781.2261453117,138616.26363878718,397185.8265926476,136706.38691432326,390537.80214730784,134774.7431540513,383928.65754208184,132848.5902100126,377401.31777367654,130941.11553620486,370976.39716589364,129058.92428690988,364664.3745048309,127205.5671883336,358471.82880589145,125383.36978769813,352405.812781435,123594.6801562845,346462.6236712884,121838.79703855397,340642.20384763385,120116.00570944577,334948.6912632331,118427.86446003846,329393.4491135854,116778.16937491634,324002.38454909145,115175.18142140255,318832.6300284514,113636.62013512486,314011.04300512944,112201.07276781059,309825.07432324166,110954.77993797793,306941.67724477156,110096.27216127962
819,4.100900900900901,421707.182688148,143726.5606337179,417725.1776037944,142586.05187578424,412046.30052804324,140954.9163600128,405671.17778452503,139116.93286456377,399043.25639460067,137198.95242544234,392362.48889969796,135259.13074038358,385720.8221941592,133324.83990208682,379161.3853633174,131409.3215120971,372704.8886504791,129519.20707396968,366361.85820515285,127658.06095570975,360138.9020977934,125828.21740771711,354043.10513145424,124032.03362863793,348070.744598665,122268.80409693043,342221.76105662,120538.81424659317,336500.3107558604,118843.62781848205,330917.8097570327,117187.05548658718,325500.2882633494,115577.39112585859,320305.1538880983,114032.42629816463,315459.8815406871,112590.90713686045,311253.332261686,111339.43207909858,308355.74696686515,110477.35748134415
820,4.1058958958958955,423684.82051790704,144248.9484081929,419683.09892580315,143103.57452624454,413976.1459228498,141465.48850663658,407569.557569802,139619.6889393088,400908.97049369063,137693.57073281717,394195.31520232325,135745.53678877506,387520.9826653549,133803.0739103179,380929.3069290589,131879.4780658638,374441.09455990413,129981.40721293697,368066.91926612,128112.43941423832,361813.4182909791,126274.91765646754,355687.708660909,124471.20830114617,349686.0476327656,122700.6015418053,343808.37393958593,120963.3829711699,338058.8622069781,119261.12180117733,332448.981587479,117597.64335397418,327004.8858703137,115981.27454665319,321784.25902665843,114429.87926515413,316915.19614469726,112982.3631877116,312687.9747240848,111725.68407498019,309776.13800897717,110860.0276142689
821,4.110890890890891,425671.26919107867,144773.51316214475,421649.74362104095,143623.25363776254,415914.59032117884,141978.18784607627,409476.3971546042,140124.53934376745,402783.0000119619,138190.24919603096,396036.3116427146,136233.9685367248,389329.1690125079,134283.2993508331,382705.1120039849,132351.5921937257,376185.04391185753,130445.53158194467,369779.5861990622,128568.70932595755,363495.4053998557,126723.47718199373,357339.6508971804,124912.21071007794,351308.5598235206,123134.19579982187,345402.0690785521,121389.71820234096,339624.371740512,119680.3526220299,333986.99028138845,118009.93908814456,328516.20261155395,116386.83769490397,323269.97026777786,114828.98495119679,318377.01124989864,113375.44674574,314129.0258025504,112113.5416729324,311202.8742276718,111244.28825348598
822,4.115885885885886,427666.561754099,145300.26269241958,423625.14441193175,144145.09693394264,417861.6659854339,142493.02199762166,411391.72828706505,140631.49158026476,404665.3761645744,138688.99519590233,397885.50889995426,136724.4332426206,391145.4113824547,134765.52336030392,384488.83020964416,132825.67091210737,377936.7658109842,130911.58707899413,371499.8876007817,129026.87747244429,365184.8915228468,127173.9026515548,358998.95945023873,125355.04741059936,352938.30830204854,123569.59331620896,347002.8731353532,121817.82627755111,341196.8655588577,120101.32651292552,335531.8615923798,118423.94881785274,330034.2638045155,116794.08659913106,324762.3125097482,115229.7492885246,319845.35136252333,113770.16365319394,315576.5096616828,112503.01063691398,312635.97955130436,111630.14510892225
823,4.120880880880881,429670.7313520881,145829.20481832692,425609.33411863237,144669.1121606439,419817.4052744029,143009.99860252053,413315.5828101967,141140.55317275124,406556.1302600074,139189.81613453064,399742.93774487573,137216.93818578348,392969.7400122267,135249.75309598973,386280.4912562438,133301.7212576802,379696.2894490747,131379.5806219974,373227.8521537404,129486.95065485578,366881.90484257654,127626.20075166567,360665.6620128234,125799.7249768138,354575.320280834,124006.80055482041,348610.8128518138,122247.71355256357,342776.3699430521,120524.04972376829,337083.6213513956,118839.67868957814,331559.09484268544,117203.02730529396,326261.31072567013,115632.17822653455,321320.24106245796,114166.51976922991,317030.4505387293,112894.09674756804,314075.4779801795,112017.60390703424
824,4.125875875875876,431683.8112290644,146360.34738168685,427602.3456592442,145195.30708602685,421781.8406434671,143529.12532402462,415247.9926620956,141651.7316668484,408455.29370026255,139692.71943534043,401608.62904026406,137711.4906665116,394802.18522924685,135735.99573578124,388080.1249428426,133779.750287405,381463.64410525607,131849.5191488193,374963.50862624706,129948.935693971,368586.47362605314,128080.37818813772,362339.7863606237,126246.250001802,356219.6230539049,124445.82399817447,350225.9150499229,122679.38640149911,344362.9112529459,120948.52852251896,338642.29546687147,119257.13486756255,333090.72119575983,117613.66587682851,327766.98996361747,116036.27773182496,322801.705003405,114564.52096994837,318490.8727437428,113286.80580225743,315521.39358670835,112406.67039084322
825,4.130870870870871,433705.8347281596,146893.69824687773,429604.21205002733,145723.6895006005,423755.004644812,144050.40984743624,417188.9898761506,142165.03462989448,410362.89798106777,140197.7125431266,403482.61374105536,138208.0980061248,396642.7774515263,136224.25847824378,389887.76115754485,134259.7650785747,383238.8591461816,132321.40961731935,376706.8858726441,130412.83943023173,370298.62622485304,128536.44168611943,364021.36035246076,126694.62909766212,357871.2439970114,124886.67014749313,351848.2066320092,123112.85121687454,345956.51592737535,121374.76919523288,340207.9099249052,119676.32353384778,334629.16840980994,118026.00839468408,329279.37534680165,116442.0537882318,324289.7679130449,114964.17314842965,319957.80065974226,113681.14361510027,316973.7505155667,112797.35031997038
826,4.135865865865866,435736.83529183356,147429.26530088324,431614.96640561224,146254.26721726934,425736.92992763774,144573.85988015443,419138.6065812497,142680.46965099007,412278.9746920804,140704.8029240994,405364.922894538,138706.76754700844,398491.54718786175,136714.54854266104,391703.4298776936,134741.7727288574,385021.9640262222,132795.25900539424,378458.0128334955,130878.66872378442,372018.3910753058,128994.39799013731,365710.4119304681,127144.86889555013,359530.21056780365,125329.34552274179,353477.71458091657,123548.11440964177,347557.21048433526,121802.77804609829,341780.4907894272,120097.25088831323,336174.4621074491,118440.06095736013,330798.4920737345,116849.51239686532,325784.4545931973,115365.48221476977,321431.25874287175,114077.11601700519,318432.5729838532,113189.6494706718
827,4.140860860860861,437776.84646209027,147967.05645334,433634.641939215,146787.0480713805,427727.64923836844,145099.48315172148,421096.8750019865,143198.0443410439,414203.5555170917,141213.9980659293,407255.5876405527,139207.5066526579,400348.5250380325,137206.8731690785,393527.1611700653,135225.78035633886,386812.98828765645,133271.07431101962,380216.9185357742,131346.4304545214,373745.79669867805,129454.25386413645,367406.9691202738,127596.97604571965,361196.55030601035,125773.85666266855,355114.46596017986,123985.18240922646,349165.0215211511,122232.56139747456,343360.06420236966,120519.92314871341,337726.62798800005,118855.82968094377,332324.36541839474,117258.65957614631,327285.78991998313,115768.4540961165,322911.27152256086,114474.72885570691,319897.88528124784,113583.57363587357
828,4.145855855855856,439825.90188069316,148507.07963658517,435663.2719628495,147322.03992077056,429727.195420864,145627.28741386932,423063.8274588691,143717.7663328186,416136.6722342306,141725.30547779216,409154.6392116935,139710.32270772307,402213.7416929976,137701.23961834714,395358.9851910639,135711.7950995659,388611.961560862,133748.86255229244,381983.6320930496,131816.13152212236,375480.87170135847,129916.01609152152,369111.060031181,128050.95721756217,362870.2908336172,126220.2101248438,356758.48791419965,124424.06166356699,350779.9757146521,122664.12558993053,344946.6563838363,120944.34655071577,339285.69182766194,119273.3206991463,333857.02073039085,117669.50136184276,328793.7988439865,116173.09473670517,324397.8636016833,114873.98799580165,321369.71177016996,113979.12862520714
829,4.150850850850851,441884.0352893805,149049.3428057038,437700.88988754083,147859.2506458126,431735.6014166304,146157.28044056598,425039.496368526,144239.6432809763,418078.356716168,142238.7326904141,411062.10893350834,140215.22311805232,404087.2279350939,138197.65517216697,397198.9321869148,136199.82411758884,390418.9135645066,134228.63076747328,383758.18270567583,132287.77884609628,377223.6447750421,130379.69147519769,370822.7128563505,128506.81909964724,364551.4598550458,126668.4124856997,358409.80766841857,124864.75863915346,352402.09982134413,123097.47698228268,346540.293632273,121370.52734793824,340851.6794796775,119692.54016334066,335396.4834351264,118082.04380710618,330308.50639041734,116579.41009789477,325891.05965671805,115274.89931878263,322848.07688593643,114376.32026504427
830,4.155845845845846,443951.2805300814,149593.85393857636,439747.52922354045,148398.6881494635,433752.90026503004,146689.4700280621,427023.91424391506,144763.68286212458,420028.64093032095,142754.28725611672,412978.0282247002,140722.21531073694,405969.0146382338,138696.12713313056,399047.03249385906,136689.87459000465,392233.87410573865,134710.3860150283,385540.59966097935,132761.37936582242,378974.14469691535,130845.2868376113,372541.9558729821,128964.56839976275,366240.0851573322,127118.47034056984,360068.4525294969,125307.27982106635,354031.4206775821,123532.62195163331,348141.0023246376,121798.47181198696,342424.6168745005,120113.49424259838,336942.7790339645,118496.29298250822,331829.93765927304,116987.40615820383,327390.88443790906,115677.46872307565,324333.0051369209,114775.15439853225
831,4.160840840840841,446027.67154513183,150140.6210359262,441803.22358053795,148940.3603573108,435779.12510349427,147223.86399493713,429017.1136945308,145289.892774862,421987.5569390575,143271.97674886198,414902.4285973286,141231.30673415557,407859.1327681022,139196.66282476677,400903.3165383483,137181.95371699968,394056.8730803784,135194.13537367154,387330.91233344754,133236.94004059202,380732.4003298412,131312.8090207908,374268.81744249613,129424.21184495499,367936.1946103059,127570.39030372874,361734.4498854884,125751.63171301554,355667.9651997436,123969.56689340904,349748.80891657,122228.18623249386,344004.5300199632,120536.1891237265,338495.93310439255,118912.25497607722,333358.1178255011,117397.0889133463,328897.36276942503,116081.70212407445,325824.5211047117,115175.63688562915
832,4.165835835835836,448113.2423774905,150689.65212136725,443868.00666787743,149484.27521762002,437814.3091677326,147760.47018214624,431019.12742661167,145818.2807398241,423955.1368999005,143791.80876429743,416835.34165700985,141742.50485801842,409757.6133823554,139699.26959158445,402767.81483723933,137676.06871939273,395887.9404731104,135679.88594240719,389129.15018491604,133714.4678496499,382498.4406225438,131782.26488638762,376003.3260107166,129885.75618156893,369639.8161667691,128024.17900843135,363407.82720601687,126197.82083737943,357311.7603844018,124408.31822139889,351363.73994256236,122659.6769171544,345591.4450014441,120960.63101130493,340055.9713001876,119329.9358933344,334893.07213916123,117808.46437626772,330410.51954952,116487.6054541762,327322.6494442711,115577.77360313907
833,4.17083083083083,450208.0271709556,151240.9552414515,445941.9122947701,150030.4407013815,439858.4857919456,148299.29645306655,433029.988243349,146348.85449972926,425931.41306573316,144313.79091980116,418776.79910311924,142255.81717341184,411664.4876308186,140203.95479911598,404640.55799798825,138172.226838678,397727.1063576744,136167.644840572,390935.34276475786,134193.9697922361,384272.2946097943,132253.66131571707,377745.5101080523,130349.20817528848,371350.977862675,128479.84310695269,365088.6120424516,126645.8537352436,358962.8333084987,124848.88236779279,352985.8220161301,123092.9501917653,347185.3879820352,121386.82612772325,341622.9193515807,119749.34185733077,336434.82592558843,118221.53857718103,331930.3797506938,116895.18466281731,328827.4148840943,115981.57044474708
834,4.175825825825826,452312.0601703803,151794.53846571656,448024.974370509,150578.86480235783,441911.6884090349,148840.35069354376,435049.72904509486,146881.62181942438,427916.41778500366,144837.93085452713,420726.8327289921,142771.25119284246,413579.7867556838,140710.725833961,406521.57671884575,138670.43533706808,399574.40089705656,136657.41920787725,392749.5197100715,134675.45288762744,386053.9914125952,132727.0052097993,379495.39834967884,130814.57461117662,373069.707817308,128937.38927062732,366776.83202808397,127095.73696643987,360621.2111295184,125291.26578321985,354615.08182998176,123528.01240026228,348786.3852027098,121814.78071321812,343196.8030654232,120170.47900868353,337983.40458555496,118636.31756360267,333456.9684198523,117304.44571650859,330338.8422263677,116387.03332105461
835,4.180820820820821,454425.3757218893,152350.40988673308,450117.2269046835,151129.55553713074,443973.9505508156,149383.64081193839,437078.3828295699,147416.5904859307,429910.18350192904,145364.23622945,422685.47442212515,143288.81445028185,415503.5420917081,141219.59010382986,408410.9017890521,139170.7014975367,401429.85434368113,137149.21620445105,394571.710745869,135158.9241751789,387843.5602383664,133202.30348939993,381253.0194357222,131281.8622937157,374796.03423346224,129396.82418988906,368472.514878304,127547.47710958528,362286.92108566035,125735.47493678657,356251.5461561899,123964.86990475767,350394.4629824906,122244.5010259103,344777.6483253503,120593.35350561261,339538.8335954335,119052.80740038866,334990.310678468,117715.39459887108,331856.9563471281,116794.1681596147
836,4.185815815815816,456548.0082730954,152908.57762015256,452218.70400739275,151682.5209451484,446045.305848227,149929.17473917257,439115.98269207205,147953.76830848967,431912.74275670154,145892.7147274104,424652.7561643785,143808.5145012105,417435.78506641224,141730.55503758765,410308.56408903195,139673.03262386186,403293.49703960255,137643.04301088082,396401.9456852654,135644.39071436526,389641.03038113064,133679.56309507115,383018.4021514392,131751.07804684772,376529.98539762077,129858.15457431045,370175.68839077634,128001.08076212084,363959.9904960132,126181.51631611532,357895.24184636155,124403.52908557806,352009.64771861746,122675.99334184159,346365.4810919469,121017.97152397722,341101.1385073593,119471.0141697704,336530.43172273994,118128.03731067137,333381.78219642193,117202.98090496701
837,4.19081081081081,458679.99237331655,153469.0498047546,454329.4398894612,152237.76908877236,448125.7880315447,150476.96042877645,441162.5618256844,148493.16311860856,433924.1281856921,146423.37405315985,426628.7100321769,144330.35892266262,419376.54720027815,142243.62808529765,412214.59459058894,140177.43604066866,405165.3594166969,138138.9068282552,398240.2544296656,136131.85958482273,391446.4312216982,134158.79098719262,384791.5753674016,132222.22871401432,378271.5896801354,130321.38715264255,371886.38044561626,128456.5545403508,365640.44676072797,126629.39642738244,359546.19583180913,124843.99634130223,353631.96588671487,123109.26395501211,347960.3274029131,121444.33925731228,342670.34494939336,119890.94397139084,338077.356823755,118542.37986985722,334913.3447984641,117613.47751867339
838,4.195805805805806,460821.3626737909,154031.8346024948,456449.46886265243,152795.3080533246,450215.4309305924,151027.00585693464,443218.1535214842,149034.78277010648,435944.3725216572,146956.22193340602,428613.36819671135,144854.35531326995,421325.8601069484,142758.81671826477,414129.0243571012,140683.91909347224,407045.4719968542,138636.81487820655,400086.6669689546,136621.3378863904,393259.79222785274,134639.99414601232,386572.5680396772,132695.3211581973,380020.87553540594,130786.52867285411,373604.6190055668,128913.90507948112,367328.31736119156,127079.12179535664,361204.43512372044,125286.2780887985,355261.4440409603,123544.31917741724,349562.2133732291,121872.46291686501,344246.4786256848,120312.60292234017,339631.1113276483,118958.42831159322,336451.66925179696,118025.66397935258
839,4.200800800800801,462972.1539278943,154596.94019855192,458578.82533988426,153355.145947135,452314.2684749521,151579.31902253279,445282.7911687502,149578.63513916015,437973.50859394163,147491.26611685756,430606.7629241412,145380.5112933067,423283.7554934235,143276.12842907934,416051.8845437161,141192.4891487209,408933.8653921691,139136.7744029531,401941.2133816858,137112.83273915193,395081.14295453683,135123.17957168721,388361.4092100128,133170.3622619586,381777.8715020592,131253.58590217144,375330.43211617443,129373.13903365875,369023.6298602002,127530.69896343735,362869.9868133297,125730.38076326267,356898.1088142519,123981.16533908498,351171.16519532073,122302.3487316315,345829.565316634,120735.9971571923,341191.7206557633,119376.18868829592,337996.7807294494,118439.54628271572
840,4.205795795795796,465132.4009913572,155164.37480137558,460717.5438354427,153917.29090158807,454422.33469417744,152133.90794720373,447356.50825517165,150124.7281243495,440011.5693286854,148028.51437426955,432608.9265757951,145908.83450473356,425250.26516026,143795.5707316609,417983.2063975452,141703.1535938386,410830.57030513376,139638.79266534105,403803.92383526824,137606.3512834768,396910.5130440373,135608.35428432428,390158.12800601625,133647.35892748056,383542.60620312876,131722.56562711773,377063.8479059661,129834.2630760103,370726.4119021332,127984.13449369288,364542.8780720886,126176.31081825554,358541.9869183767,124419.80878811267,352787.20913922426,122734.00294839304,347419.6308790554,121161.13282804022,342759.21030481276,119795.66706966948,339548.70447909634,118855.13044160133
841,4.21079079079079,467302.1388224804,155734.1466427336,462865.658965196,154481.7510711699,456539.6637180037,152690.7806753742,449439.33836705674,150673.06964670352,442058.5877490277,148567.97449848804,434619.89160837315,146439.3326112418,427225.4210017698,144317.15116130144,419923.0212578595,142215.9198372682,412735.6175288291,140142.87694888673,405674.82858615747,138101.90068006207,398747.9322261708,136095.52532402135,391962.75364133954,134126.31807660585,385315.1083462339,132193.47465355264,378804.8945866255,130297.28389868107,372436.6912131263,128439.43496689857,366223.1361518368,126624.07472574055,360193.1051441779,124860.25589070418,354410.37155275204,123167.43183175272,349016.7012463396,121588.0161045324,344333.6058470399,120216.86954274123,341107.4658232172,119272.42248601049
842,4.215785785785786,469481.4024823516,156306.2639777595,465023.2054468098,155048.53463351537,458666.2897765606,153249.94527431118,451531.3151895404,151223.6676497458,444114.596975312,149109.6543044952,436639.69057414785,146972.01329829797,429209.2550062174,144840.87727470906,421871.36055628397,142730.79530851406,414649.0379471157,140649.0345578188,407553.95798004157,138599.48810997346,400593.43031846907,136584.69975090778,393775.31541585975,134607.246650878,387095.40672375937,132666.31980671186,380553.60045316926,130762.2082128738,374154.49560124497,128896.60698257516,367910.78838497173,127073.67897612146,361851.49036172335,125302.51303120679,356040.67886165745,123602.64166417166,350620.8024286166,122016.65317390839,345914.93293037766,120639.80221189711,342673.09015925485,119691.42846314209
843,4.220780780780781,471670.227135062,156880.73508500005,467190.21809996135,155617.649789455,460802.2472005829,153811.409834168,453632.47250679333,151776.53009954034,446179.63022529095,149653.5616294542,438668.3561211666,147506.88427318766,431201.799256019,145366.75665005163,423828.2558169928,143247.78745818487,416570.86253482697,141157.27281712054,409441.3424520314,139099.12077468715,402447.0372263641,137075.88464518503,395595.84271586296,135090.15161158115,388883.53021303436,133141.10793124628,382309.99388412305,131229.0427488874,375879.8529566581,129355.6571590271,369605.86218462023,127525.13007827986,363517.1695204728,125746.58661214836,357678.1575698001,124039.6387460057,352231.9605129185,122447.05024103475,347503.2172786101,121064.47119891684,344245.60295977537,120112.15443742766
844,4.225775775775776,473868.64804792294,157457.56826646233,469366.73184655345,156189.10476306194,462947.5704216218,154375.1824680309,455742.8442022286,152331.66498473688,448253.72081433114,150199.70433275437,440705.92099345254,148043.95326506012,433203.08592794015,145894.79688700003,425793.73865690397,143766.9037580364,418501.12235796,141667.5990725715,411337.01252684795,139600.80589613094,404308.7829433737,137569.0871071678,397424.3650142252,135575.0399397802,390679.50777651166,133617.84589126168,384074.10334169824,131697.7942561559,377612.7912518108,129816.59213338039,371308.38504480856,127978.43455961268,365190.1696494465,126192.48305427424,359322.83425931097,124478.42939554158,353850.2016633416,122879.21352844099,349098.4846915322,121490.88264300939,345825.0297726262,120534.60649056656
845,4.2307707707707705,476076.7005916807,158036.77184766115,471552.781710929,156762.90780169872,465102.2939722565,154941.2713119653,457862.46425871126,152889.08031661704,450336.9021556179,150748.09029605574,442752.41803120566,148583.22802497185,435213.1472932934,146425.00560677162,427767.8407858744,144288.1517010143,420439.84857386665,142180.0206907897,413240.99881901173,140104.55071672567,406178.6975512863,138064.31425732438,399260.9118705949,136061.91863636076,392483.36846194684,134096.54057035787,385845.95737196715,132168.46950328693,379353.33854159847,130279.41856162068,373018.38454063266,128433.59896606967,366870.51785739156,126640.20879658409,360974.7355907576,124919.01994903327,355475.55212120933,123313.14927635525,350700.7610451107,121919.04270084848,347411.396221095,120958.79072156096
846,4.235765765765766,478294.4202407339,158618.35417766625,473748.4028200841,157339.06717606419,467266.4524863051,155509.68452506163,459991.36675876507,153448.7841291391,452429.2077603599,151298.7274233338,444807.8801710043,149124.71632593122,437232.0157181364,146957.39045217368,429750.594006894,144811.53880129667,422387.0724314455,142694.5450592737,415153.3320330296,140610.36249942644,408056.8112203465,138561.57323631723,401105.5129315752,136550.79472206914,394295.1414025769,134577.19887166808,387625.5846050401,132641.07527810044,381101.52296353894,130744.14311863153,374735.88832842855,128890.6298621909,368558.24133295025,127089.77029636859,362633.88830330817,125361.41676073839,357108.0382052345,123748.86374274,352310.0722916438,122348.95754660759,349004.7280040686,121384.71324675078
847,4.240760760760761,480521.8425733491,159202.32362914947,475953.63040388294,157917.59118024,469440.0806990357,156080.43028948165,462129.5858847811,154010.78447898378,454530.6712379931,151851.6236409245,446872.3404460057,149668.42596294204,439259.7236634696,147491.95908764645,431742.03021627985,145337.07259433655,424342.8252713325,143211.17958644422,417074.0429635834,141118.24852776367,409943.1542094388,139060.87120504357,402958.19793090475,137041.6752375523,396114.8558172994,135059.82771789815,389413.01375524106,133115.61838766743,382857.37273794605,131210.77249823225,376460.92414594255,129349.53383114398,370253.3673448276,127541.17402924642,364300.3192148972,125805.6262029541,358747.6863116815,124186.36320332777,353926.4444599217,122780.63337199531,350605.05089619133,121812.3801998485
848,4.245755755755756,482759.003271876,159788.6885984318,478168.49979527056,158498.48813173745,471623.21344737685,156653.51681050452,464277.15591922466,154575.08944559962,456641.3262963848,152406.78689756844,448945.8319861472,150214.36475304764,441296.30368543405,148028.71919930668,433742.18140387087,145864.7606369046,426307.1385260922,143729.93170168632,419003.16249571776,141628.21610588458,411837.75686627394,139562.21534467587,404818.99668964033,137534.5672433974,397942.5410108511,135544.43405136574,391208.2736212821,133592.10565834827,384620.9161681022,131679.31341321583,378193.5198125009,129810.31747476151,371955.9232419579,127994.42648920092,365974.0552223893,126251.65466605348,360394.5229145284,124625.65395165695,355549.9036553861,123214.07638629057,352212.3907480237,122241.7977319742
849,4.2507507507507505,485005.938122963,160377.45750553036,480393.0464304868,159081.76637154396,473815.8856701279,157228.9523165727,466434.1112448422,155141.7071312481,458761.20674203854,152964.22516445586,451028.38801834686,150762.5405353746,443341.78843550786,148567.67849499037,435751.079653222,146394.61050713138,428280.04372040817,144250.80885539085,420940.72160502756,142140.27255859386,413740.6496275719,140065.61285670227,406687.939116338,138029.47782017183,399778.2263739858,136031.02483403933,393011.3930864409,134070.5439358314,386392.1816404306,132149.77259538666,379933.7032291802,130272.9874135783,373665.93645367183,128449.5341886166,367655.1233017438,126699.50855852164,362048.5745656282,125066.742299107,357180.4760602902,123649.29281637733,353826.7734861999,122672.97201169001
850,4.255745745745746,487262.68301777204,160968.63879420527,482627.3058492784,159667.43426416942,476018.1324081694,157806.74505933764,468600.48634486884,155710.64566104894,460890.3464802967,153523.94643527083,453120.0418667032,151312.96117117678,445396.21066070395,149108.84470429606,437768.7571417975,146926.6298045496,430261.57247127406,144773.8185189959,422886.75135784515,142654.4252313949,415651.86301924667,140571.07096296668,408565.05520723376,138526.41406846262,401621.9413836533,136519.6070475773,394822.40111873415,134550.9400851716,388171.19762466813,132622.15679559857,381681.50237897574,130737.55028686846,375383.4344898637,128906.5036583159,369343.55050817935,127149.19430699165,363709.8678948717,125509.63457493414,358818.1879338577,124086.28890678007,355448.22511358664,123105.90922503511
851,4.260740740740741,489529.2739521935,161562.24093200636,484871.3136951124,160255.50019769263,478229.98880467267,158386.9033137057,470776.31580323476,156281.9131830248,463028.7795155439,154085.95872623543,455220.826952696,151865.63454387843,447459.6032037659,149652.22557862772,439795.24614116375,147460.82615013662,432251.75648818334,145298.96818502876,424841.2829114271,143170.68149053043,417571.42765659007,141078.59690570922,410450.3750464249,139025.38310891608,403473.7156031763,137010.18769336678,396641.3267710926,135033.30099082817,389957.9926740373,133096.47278379218,383436.94532697176,131204.01275268235,377108.4449411574,129365.34144759549,371039.36397633655,127600.71835628038,365378.4296103479,125954.33712630662,360463.0656124426,124525.07091969851,357076.7717094404,123540.61557556002
852,4.265735735735736,491805.74702706095,162158.27241031986,487125.1057153887,160845.97258380754,480451.4901053094,158969.43537788367,472961.6343047712,156855.5178681466,465176.53995141026,154650.27007615453,457330.77679538523,152420.5685591181,449531.9990033651,150197.82889123732,441830.5790171833,147997.2071863563,434250.6275733192,145826.2653671471,426804.34751414176,143689.0487230234,419499.37424445513,141588.197947606,412343.92880605045,139526.39208227713,405333.57868242875,137502.77379256248,398468.19918153726,135517.63355670308,391752.5954254177,133572.72734903274,385200.0602205099,131672.38148788383,378840.995479073,129826.05412426287,372742.59092044283,128054.08716942438,367054.2864985054,126400.85631834,362115.1355096876,124965.64513504243,358712.43942956475,123977.09728436134
853,4.2707307307307305,494092.1384483647,162756.74174441496,489388.71776165185,161438.8598578693,482682.6716584608,159554.34957342417,475156.47663541685,157431.46791037792,467333.6619909738,155216.88854645911,459449.92501161015,152977.77114479186,451613.4310942958,150745.66243726775,443874.78823020693,148535.780577201,436258.2176217441,146355.7176001804,428775.9765056547,144209.53433671765,421435.7335774402,142099.8813718094,414245.7467464712,140029.4481494289,407201.5603580127,137997.37238612532,400303.0475733519,136003.9447061792,393555.0345995177,134050.9272995472,386970.87528935814,132142.66318818685,380581.11385619256,130288.64827467238,374453.2586344748,128509.30722771553,368737.4654243132,126849.19853413246,363774.4241166832,125408.01785046633,360355.25450646755,124415.3605901161
854,4.275725725725725,496388.48452746513,163357.65747348993,491662.1857898015,162034.17047893995,484923.5689154262,160141.65424527088,477360.8776824232,158009.77152672005,469500.1799369627,155785.82222125083,461578.30531618895,153537.25025109653,453703.93260767136,151295.7340337953,445927.90633526654,149076.55400823365,438274.5586215884,146887.33244017084,430756.20131711505,144732.14576031824,423380.5365400705,142613.65448198785,416155.85921644967,140534.55849143158,409077.690453435,138493.99053486114,402145.90125525784,136492.2413821581,395365.33900104533,134531.07946276202,388749.4188458787,132614.86456819225,382328.8279063252,130753.13050376155,376171.39449232206,128966.3850307367,370427.993331421,127299.37017479971,365440.95800212567,125852.19538140415,362005.2432495181,124855.41174911604
855,4.280720720720721,498694.8216813062,163961.02816071868,493945.5458603051,162631.91292983445,487174.217430631,160731.35776180404,479574.87243455887,158590.4369572561,471676.1281919568,156357.07920734544,463715.95152211643,154099.0138505728,455803.5367711189,151848.05151987183,447989.9659822662,149619.5351866291,440299.6826542394,147421.11746441462,432745.05347134103,145256.89044343197,425333.814106981,143129.5246023653,418074.29665332887,141041.73030956162,410961.998879284,138992.63531945876,403996.78962158726,136982.53054709794,397183.5375188785,135013.19068533988,390535.71928519587,133088.99236142437,384084.16554467287,131219.5074350869,377897.0259479482,129425.32709639726,372125.89724231936,127751.37765951,367114.76381247485,126298.18406110357,363662.432045103,125297.25703530169
856,4.285715715715716,501011.1864326264,164566.86239329612,496238.8341384066,163232.0957171661,489434.6528618339,161323.46851488503,481798.49598231405,159173.47246519546,473861.5412585885,156930.66763431655,465862.89754076145,154663.06993814828,457912.2769089742,152402.62275656752,450060.99991617346,150164.73184121586,442333.6218945295,147957.08027150278,434742.56458300416,145783.77585660742,427295.59734309866,143647.49907776088,420001.08958321245,141550.97082535064,412854.51563340524,139493.31384052866,405855.7421524561,137474.81918305106,399009.65912623587,135497.267833217,392329.8050853635,133565.05332036744,385847.1547679944,131687.7857108599,379630.1805355543,129886.13996096807,373831.2042584993,128205.2274255189,368795.86827211163,126745.99024066047,365326.8473567825,125740.90274029637
857,4.2907107107107105,503337.61541017285,165175.16878248466,498542.08689433703,163834.7273713921,491704.9109703343,161917.9949199013,484031.7835181049,159758.88633691802,476056.4537397431,157506.59565453892,468019.1773820649,155229.4265311797,460030.1864424747,152959.4556270122,452141.0409772107,150712.1517225174,444376.408610923,148495.22848136158,436748.76635881444,146312.809491375,429265.91740382335,144167.58527362833,421936.26862114127,142062.28728062406,414755.270801077,139996.03321864078,407722.78841393674,137969.11429170138,400843.7328808462,135983.31779163989,394131.7048075321,134043.05421650203,387617.82365477015,132157.97199198278,381370.8858697401,130348.83017911698,375543.9415606114,128660.92592820384,370484.2981834954,127195.62028905304,366998.515725446,126186.35517344017
858,4.295705705705705,505674.1453489105,165785.95596365945,500855.3405035232,164439.81644685837,493985.0276211783,162514.9454158112,486274.7703364758,160346.6868820178,478260.90033875935,158084.87144323182,470184.82515473536,155798.09166949624,462157.29888995335,153518.55803643772,454230.12210104475,151261.80260279338,446428.07516570366,149035.56973529313,438763.69059770374,146843.9988602868,431244.8055352083,144689.79057609514,423879.86447127257,142575.68693753966,416664.29455518443,140500.80059436252,409597.9580582295,138465.42289440177,402685.78792511683,136471.34746520218,395941.4470961147,134523.0018403409,389396.20036536496,132630.0729580839,383119.16964566417,130813.40432394369,377264.1364086242,129118.47964109876,372180.08042732015,127647.080593176,368677.4637694663,126633.62066182366
859,4.300700700700701,508020.8130902327,166399.23259635366,503178.6314467961,165047.37152184476,496275.038783364,163114.32846518766,488527.4918343023,160936.88243334685,480474.91585962725,158665.50319850183,472359.8750664456,156369.07341544091,464293.6478670313,154079.93791221917,456328.27631897555,151813.6922760803,448488.6540151608,149578.11169601587,440787.3691910091,147377.3514969562,433232.29307414085,145214.1223920014,425831.90792705613,143091.17707862603,418581.6171563944,141007.6231282965,411481.28082383424,138963.75203221123,404535.85348630324,136961.363777881,397759.06067895243,135004.90300146505,391182.31314219174,133104.09530755327,384875.05963920505,131279.86898701455,378991.816141982,129577.89505592833,373883.24196266977,128100.3775578742,370363.718184855,127082.70555032139
860,4.305695695695696,510377.6555821711,167015.00736430363,505511.9963105989,165657.4011986097,498574.9805300466,163716.15255426295,490789.9835109922,161529.4813470587,482698.53520718764,159248.49914138584,474544.3614240273,156942.37985391336,466439.2670868095,154643.6032039165,458435.5367581254,152367.82855823266,450558.17770977446,150122.8620477044,442819.8341226546,147912.8749560971,435228.41144852113,145740.58814893846,427792.4298714109,143608.76500682047,420507.2689533285,141516.50800111797,413372.78653572017,139464.10876593142,406393.95887667575,137453.37367307325,399584.57436747977,135488.76452855952,392976.1903098737,133580.04575757752,386638.58370712126,131748.23077839724,380727.0081797627,130039.1786826419,375593.8098271741,128555.5176059764,372057.3057454153,127533.61620162519
861,4.3106906906906906,512744.70987960324,167633.28897549372,507855.47178719175,166269.91410343442,500884.88903874095,164320.42619297205,493062.2809686857,162124.49200265092,484931.7933873282,159833.8675158933,476738.3186336647,157518.01909241118,468594.1903600591,155209.56188331565,460551.9366416269,152924.21928696285,452636.67889440013,150669.8284960292,444861.1174693333,148450.57681356338,437233.1921774406,146269.19529528788,429761.46127690055,144128.4580455071,422441.2803827358,142027.46241361217,415272.50510549644,139966.50017614395,408260.1334936868,137947.38411363174,401418.01705688867,135974.59326944873,394777.86027540534,134057.931044175,388409.7697872095,132218.49632669493,382469.740020834,130502.33704944758,377311.8111371628,129012.50717832868,373758.2533028954,127986.35899627733
862,4.315685685685685,515122.01314446126,168254.08616220087,510209.0946748592,166884.918886667,503204.80059152556,164927.15791499635,495344.41991245584,162721.92280300902,487174.7255071808,160421.61658904847,478941.78120108804,158095.99926107173,470758.4515954119,155777.82194446924,462677.5092888091,153482.8723218817,454724.1903084517,151219.01876819614,446911.2514006877,148990.46466638736,439246.6668713599,146799.95130025924,431739.03320590773,144650.2635385543,424383.6819696644,142540.49358671124,417180.4665315811,140470.93336324627,410134.40682013746,138443.4020819011,403259.4177262921,136462.3960911318,396587.3515283135,134537.7579222303,390188.6458984633,132690.67227908084,384220.03924400965,130967.37670284577,379037.2730878195,129471.35273382753,375466.5877871413,128440.94033270344
863,4.320680680680681,517509.602645937,168877.4076810386,512572.90187811345,167502.42422276663,505534.75157524296,165536.35627780686,497636.4361505066,163321.7821744482,489427.3667753165,161011.75465093233,481154.78373176616,158676.32851271328,472932.084799549,156348.39140373707,464812.28811538377,154043.79554453827,456820.74478608556,151770.4406129862,448970.26817948907,149532.5461328187,441268.8672322855,147332.86365392827,433725.17681080865,145174.18885035213,426334.5043276325,143055.6087615311,419096.7008993682,140977.41544748805,412016.8084243421,138941.43457975326,405108.8054388867,136952.17987981768,398404.6926408179,135019.5331655289,391975.2401412303,133164.7653013317,385977.9335082037,131434.30420766264,380770.2229533346,129932.06074945313,377182.3362062475,128897.36662724514
864,4.325675675675676,519907.5157606877,169503.26231300097,514946.93040789774,168122.4388103465,507874.77848170156,166148.02986270693,499938.3655943699,163924.07856675575,491689.7525019395,161604.29001472413,483377.3609310965,159259.01502287565,475115.1240773891,156921.27829982663,466956.3066336296,154606.9968584597,458926.375256381,152324.10180079358,451038.2001618169,150076.82885236264,443299.8250539451,147867.93986727443,435719.92333414516,145700.24136584942,428293.77815879806,143572.81519940755,421021.2383813961,141485.95356900696,413907.36796029285,139441.48862862258,406966.20934211364,137443.9515409595,400229.9122679894,135503.26356679108,393769.5806973688,133640.78207786166,387743.45055258524,131903.12614708324,382510.68808705703,130394.63772030165,378905.52564670786,129355.6443141925
865,4.330670670670671,522315.7899730403,170131.65886350602,517331.2173817883,168744.9713722172,510224.91790787334,166762.1872748749,502250.2442591026,164528.82045323306,493961.91809908027,162199.2310167425,485609.54760459583,159844.06698986105,477307.60363227414,157496.49069383266,469109.5984525763,155172.4841891897,461041.1147435213,152880.01012366504,453115.0797972349,150623.32048581797,445339.5722219622,148405.18747221841,437723.30410879623,146228.42849059036,430261.534254128,144092.12018193296,422954.1092375124,141996.55488786407,415806.11516782286,139943.57126954102,408831.6586678203,137937.71799928948,402063.03914790816,135988.95593770614,395571.69583040336,134118.72931175554,389516.6181967314,132373.84912268436,384258.6959216457,130859.09015961802,380636.18327356543,129815.77984581616
866,4.335665665665665,524734.4628751924,170762.6061624387,519725.8000241948,169370.0306554289,512585.2065560925,167378.83714340586,504572.1082634803,165136.0163307369,496243.89908078715,162796.58601648634,487851.37865808833,160431.49263477392,479509.55776615563,158074.03666927677,471272.1972781868,155740.26548432806,463164.9963669726,153438.17339533757,455200.93962896924,151172.02871531443,447388.1407140297,148944.61402165887,439735.35055814864,146758.757650751,432237.8034935654,144613.53101099152,424895.34381503885,142509.2265840794,417713.0798727687,140447.68956317275,410705.18273241876,138433.4861988525,403904.1021018206,136476.6171089655,397381.61388567823,134598.61372480186,391297.4643407786,132846.47975446683,386014.2739692191,131325.42459882784,382374.33633056015,130277.77969239888
867,4.340660660660661,527163.5721674147,171396.11306419372,522130.7156665592,169997.6254313141,514955.68123425136,167997.9881213539,506903.993830191,165745.67471972047,498535.7310633164,163396.3633966751,490102.88909789216,161021.300201561,481721.0208797781,158653.92433214647,473444.13691353664,156310.34871356885,465298.0533416618,153998.59945127636,457295.8122940812,151722.96124435,449445.56260008086,149486.22708950916,441756.0941962661,147291.23629317514,434222.6168461959,145137.05500879505,426844.97254893533,143023.9758576666,419628.291987131,140953.85058984844,412586.8109370443,138931.2631030402,405753.1300342946,136966.25393029614,399199.3632905118,135080.44205752554,393086.0169655746,133321.02468088822,387777.449821504,131793.64758756917,384120.0121402773,130741.6503422674
868,4.345655655655656,529603.155658249,172032.18844771737,524546.0017475529,170627.76449552918,517336.37885599525,168619.64888577262,509245.9372860269,166357.80416427404,500837.4497653209,163998.57156328886,492364.1140310051,161613.49795705033,483942.02747286117,159236.16181093393,475625.45125899534,156882.74186873843,467440.31897815317,154561.29614871225,459399.73052364215,152276.1257978278,451511.8700424609,150030.0342707335,443785.5666280567,147825.87188541007,436216.0053704119,145662.69951791762,428803.0259619617,143540.80992866715,421551.78150923364,141462.06144959896,414476.57276771247,139431.05569462405,407610.1519333742,137457.87327049355,401024.97255434777,135564.22106922008,394882.3041328271,133797.49055889415,389548.25114998344,132263.76569372395,385873.23810429306,131207.39830182338
869,4.350650650650651,532053.2512647068,172670.84121654945,526971.6958132728,171260.45666809537,519727.3364409148,169243.82813775618,511597.97506207327,166972.41323216498,503149.0910080369,164603.21894560757,494635.0886652885,162208.09419099026,486172.61214428075,159820.7572566741,477816.17431240267,157457.4529638331,469591.8266828226,155126.27136667885,461512.72714290454,152831.53012209228,453587.09529609553,150576.04318138276,445823.79954943905,148362.6719157417,438218.00021407683,146190.47190133051,430769.53466483887,144059.73603718478,423483.5785238815,141972.3292621891,416374.497795474,139932.87097578848,409475.19687073265,137951.48201745373,402858.4702689055,136049.95753797967,396686.35398525256,134275.88406395007,391326.7057060426,132735.78550344892,387634.04170331924,131675.03009557398
870,4.355645645645645,534513.8970124633,173312.080298864,529407.8355174345,171895.71079343965,522128.5911147373,169870.53460247928,513960.1436938977,167589.51051487724,505470.690715469,165210.31399625022,496915.8483096494,162805.09721608754,488412.8095922477,160407.71884298226,480016.3401692456,158034.49003505587,471752.6099580305,155693.53300604853,463634.8350714723,153389.1819849651,455671.2707086578,151124.26145862948,447870.82474750676,148901.6438932289,440228.63261468644,146720.37954243616,432744.5293564072,144580.7614434188,425423.7132025183,142484.66116715045,418280.6156765695,140436.71596816345,411348.29400182335,138447.08707820566,404699.88510832906,136537.65826073062,398498.19474672223,134756.21189007215,393112.8413211137,133209.71362120655,389402.45049734705,132144.55226616256
871,4.360640640640641,536985.1310360515,173955.91464750996,531854.4586215636,172533.535740435,524540.1801095153,170499.77702923692,516332.47982173524,168209.10462765035,507802.2849145727,165819.8651912128,499206.4283742199,163404.51536804513,490662.65461448446,160997.05476609117,482225.9830228311,158613.8611408534,473922.7024022933,156263.0889895687,465766.0873234689,153949.08917578054,457764.4287207345,151674.69676080302,449926.6741006912,149442.79534773828,442247.93389952916,147252.42984510184,434728.0408237841,145103.8934276972,427372.21580337983,142999.06432381406,420194.95615258074,140942.59771285622,413229.47256602964,138944.69537894227,406549.2458293348,137027.33005326227,400317.8547224083,135238.48074985764,394906.68590681907,133685.55666979487,391178.4921257886,132615.9713743982
872,4.365635635635636,539466.991579054,174602.35324005104,534311.6029951852,173173.9404024396,526962.1407638139,171131.56419148325,518715.0201906727,168831.20420951783,510143.9097354356,166431.88102990657,501506.8643705353,164006.35700559936,492922.182108401,161588.77324488777,484445.13716445904,159195.57436195153,476102.1377104523,156834.94726189692,467906.5170077036,154511.25950542005,459866.60186598846,152227.35676742363,451991.3795789223,149986.13382997733,444275.9354858441,147786.63023369262,436720.09994251974,145629.13929050928,429329.11667164776,143515.54591134225,422117.5490505817,141450.52327048304,415118.76188681286,139444.31386505207,408406.5812713573,137518.97975025748,402145.362298926,135722.69737451526,396708.2674551126,134163.32129037718,392962.19430761697,133089.29399928532
873,4.370630630630631,541959.5169942899,175251.40507880467,536779.3066160105,173816.93369733568,529394.5105228939,171765.90488686966,521107.80165082985,169455.8179233448,512495.60141145566,167046.3700351945,503817.19191171,164610.6305105564,495191.42707126617,162182.88252094886,486673.83698359155,159779.6378013908,478290.94967384107,157409.11578963586,470056.1573278364,155075.70080634672,461977.8227713204,152782.24917923563,454064.9732437872,150531.66691152772,446312.6688809763,148322.98815310397,438720.7376767503,146156.5063525376,431294.44623959955,144034.11312876033,424048.424283287,141960.49972119994,417016.1913718587,139945.94950114915,410271.9203566922,138012.61420532284,403980.74594447593,136208.86851389467,398517.6140384192,134643.0141425115,394753.5848415044,133564.5267380526
874,4.375625625625625,544462.7457440015,175903.07919088044,539257.6075701213,174462.5245675675,531837.3269388948,172402.80793728246,523510.8611575378,170082.95445586482,514857.3962795173,167663.34075342826,506137.4467126093,165217.3442878281,497470.42460037826,162779.39085857634,488912.1169680203,160366.05958456107,480489.172180449,157985.60256136727,472215.04158253805,155642.42093263863,464098.12415702944,153339.3817182409,456147.487248687,151079.40218487766,448358.16568253184,148861.51106879377,440729.98507934954,146686.0019546894,433268.2350267587,144554.7731949874,425987.6118491978,142472.53416473346,418921.79051322065,140449.6092711032,412145.29209063796,138508.24029101804,405824.0342089837,136697.00093651534,400334.75380977284,135124.6419041788,396552.6916059591,134041.67620618094
875,4.38062062062062,546976.716400038,176557.384628218,541746.5440521509,175110.72198017887,534290.627671012,173042.28218887976,525924.2357715159,170712.62251771652,517229.33078016463,168282.80175448343,508467.6645900213,165826.50676546703,499759.20989323297,163378.30654483195,491160.0117040314,160954.84785923533,482696.839215084,158564.4155876853,474383.2031656512,156211.4277600215,466227.5388369664,153898.76212773094,458238.9538389898,151629.3472634537,450412.4575785286,149402.2064668134,442747.8732920771,147217.6334581272,435250.51364004036,145077.53334886648,427935.1418327461,142986.63372041,420835.58888746187,140955.30017806886,414026.72556163627,139005.86489888452,407675.25572423666,137187.10142959518,402159.7150029516,135608.21127181122,398359.5425594593,134520.74903743173
876,4.385615615615616,549501.4676440348,177214.33046762354,544246.1543654624,175761.53492684918,536754.4504856738,173684.33651212716,528347.9626590443,171344.83084347864,519611.44145777175,168904.76163179474,510807.88146282337,166438.12639470055,502057.81824768765,163979.6378895707,493417.5558765677,161546.01079560304,484913.9848595321,159145.56290122916,476560.6755663457,156782.7291859011,468366.0997186912,154460.39817231853,460339.40535218304,152181.50978165164,452475.57634754496,149945.08185383832,444774.43354572565,147751.4082442991,437241.3127738955,145602.4008491942,429891.0444044363,143502.805527185,422757.616155795,141463.02924451436,415916.2499414083,139505.49493947372,409534.4392040192,137679.17679907795,403992.5259326108,136093.72896031942,400174.1657405843,135001.75188387357
877,4.390610610610611,552037.0382675906,177873.92581080587,546756.4769223239,176414.97242392914,539228.8332567138,174328.97980183302,530782.0790921341,171979.58819170448,522003.76496071037,169529.22900238965,513158.1333521469,167052.21164996465,504366.28506212315,164583.39322547393,495684.7842693869,162139.5565863024,487140.6432927122,159729.0525567148,478747.4923692731,157356.33312939422,470513.8398036224,155024.29763796844,462448.87421802204,152735.89739486712,454547.5538588665,150490.14475719782,446809.69716026424,148287.33371496765,439240.66321045184,146129.38297474955,431855.34982098464,144021.05674367156,424687.9020642184,141972.80351224917,417813.89448508923,140007.1373423746,411401.61344424554,138173.23386966056,405833.21499441465,136581.20170311927,401996.58926814515,135484.691415909
878,4.395605605605605,554583.4671724396,178536.17978441113,549277.5502440803,177071.0435124755,541713.81396554,174976.2209771824,533226.622448694,172616.90334495582,524406.3380415123,170156.21250692158,515518.4563815383,167668.77102893617,506684.64583560213,165189.5809080811,497961.73176521796,162735.49344645173,489376.8487908316,160314.8926309661,480943.687254717,157932.24753135946,472670.7921871851,155590.46833202723,464567.3929586753,153292.51777952455,456628.422072629,151037.4027249041,448853.6955449795,148825.41729223882,441248.59581965324,146658.48702432186,433828.0884254552,144541.39454816768,426626.47644365,142484.63004245138,419719.6885313609,140510.79905624042,413276.8073230893,138669.27948481927,407681.8106651633,137070.6362521577,403826.84134131117,135969.57432230003
879,4.4006006006006,557140.7933706222,179201.10154005646,551809.4129613198,177729.75725828443,544209.4307012999,175626.06898177028,535681.6302126924,173256.7851098353,526819.1975570311,170785.72080970203,517888.8867771171,168287.81305256434,509012.9361680241,165798.20931582092,500248.4333459135,163333.82961368008,491622.6357275337,160903.09122294481,483149.2939987398,158510.4803544265,474836.9900589566,156158.9180832525,466694.9941888671,153851.37863310613,458718.21303995815,151586.86332568032,450906.46019861265,149365.66641858936,443265.14155939437,147189.72031673812,435809.2906473925,145063.82613868307,428573.369210059,142998.51591569392,421633.6615025796,141016.48704881436,415160.04980111035,139167.32050683515,409538.34150291845,137562.03937793808,405664.9502397334,136456.4073101931
880,4.405595595595596,559709.0559846493,179868.70025436318,554352.1038140389,178391.1227519237,546715.7216610423,176278.5327836334,538147.1399743174,173899.24231701775,529242.3804685975,171417.7625987313,520269.46086772904,168909.34626510134,511351.19176027685,166409.2868500414,502544.92409259785,163934.57334815655,493878.03857404535,161493.65645377937,485364.346473327,159091.0395830246,477012.46670280665,156729.65474184076,468831.71061601624,154412.48767417914,460816.9589031066,152138.53414898744,452968.0227094943,149908.08855689337,445290.3314756529,147723.090190889,437798.9870029523,145588.35873296505,430528.610364593,143514.46823196998,423555.84290490317,141524.20830695482,417051.3699213792,139667.36381681892,411402.8361471251,138055.41786954438,407510.944323666,136945.19710514328
881,4.410590590590591,562288.2942476633,180538.98512898787,556905.6616518006,179055.1491087643,549232.7251498738,176933.6213752809,540623.1894301301,174544.28382128096,531675.9238421718,172052.34658572875,522660.2150850955,169533.37923413172,513699.44841438293,167022.82193503858,504851.23918581236,164537.73293261896,496143.0918993183,162086.59646679286,487588.87864652707,159673.9332234101,479197.255497036,157302.68617945455,470977.57504037133,154975.85264242277,462924.6918955863,152692.42280505074,455038.4147556753,150452.69119044827,447324.1967026183,148258.6040057543,439797.2080950273,146114.99956852334,432492.22999370244,144032.4941107174,425486.26232841227,142033.9698366593,418950.7968095967,140169.41631473447,413275.32331873116,138550.77853466466,409364.8520340837,137435.9504511373
882,4.4155855855855854,564878.5475035942,181211.96539065294,559470.1254338899,179721.84546901006,551760.4795811116,177591.34377372437,543109.8163832157,175191.91850153427,534119.8648484916,172689.48150616098,525061.1859639593,170159.92055060016,516057.7420336425,167638.82301808443,507167.41390565474,165143.3166724008,498417.8303701675,162681.91942753008,489822.9245825864,160259.1693036928,481391.38991450856,157878.02028924838,473132.62035514205,155541.48129865326,465041.44434229843,153248.53692488486,457117.668105053,150999.48182299943,449366.76846281625,148796.26914042732,441803.98461337003,146643.75590265426,434464.25826926157,144552.6006908424,427424.9494472293,142545.7786630877,420858.35967421124,140673.48491942167,415155.8318203022,139048.12819961333,411226.70189279696,137928.67411061586
883,4.42058058058058,567479.8552073105,181887.65029117535,562045.5342294617,180391.2209977265,554299.0234764307,178251.70902050557,545607.0587433282,175842.15526084663,536574.2407632141,173329.17611926942,527472.4101422245,170788.97882883906,518426.10862277204,168257.29856945292,509493.48363191617,165751.33289545737,500702.2887514044,163279.63352378277,492066.51844208105,160846.7558738611,483594.9035227815,158455.66498589344,475296.87954662554,156109.3814248487,467167.248659657,153806.88416031742,459205.81461549416,151548.46797876357,451418.07806722925,149336.09299413773,443819.34733471187,147174.6350124629,436444.7254486849,145074.79513074152,429371.93401963316,143059.64183058412,422774.08780653204,141179.57656861827,417044.3905361331,139547.4737093529,413096.522502561,138423.3748644949
884,4.425575575575576,570092.2569247645,182566.04910749386,564631.9272176863,181063.28488486764,556848.3954660059,178914.72618172332,548114.9545270301,176495.00302647287,539039.088967054,173971.4392080962,529893.9243610917,171420.56270659322,520804.584288036,168878.25708244529,511829.4838442102,166361.7899523904,502996.5019059654,163879.74696561403,494319.69448204344,161436.70100580592,485807.8299842292,159035.62820560092,477470.3856943288,156679.56082417155,469302.13735570945,154367.4721840118,461302.88623495307,152099.65720245094,453478.1569154135,149878.08298627363,445843.3271228769,147707.64419488522,438433.6618750395,145599.0846083235,431327.24588817026,143575.56640269785,424698.01058083755,141687.69821898028,418941.02843235485,140048.82192751399,414974.3425471827,138920.05951218563
885,4.430570570570571,572715.792333132,183247.17114169497,567229.3436878872,181738.04634530185,559408.6342886485,179580.4043480587,550633.5418578268,177150.47074987838,541514.4469459151,174616.27957950855,532325.7654651881,172054.68084504444,523193.20523737563,169501.70707341394,514175.45012209995,166974.6962164713,505300.50479503546,164482.2679853811,496582.4870560829,162029.01279334293,488030.2030561619,159617.91790614417,479653.17197108606,157252.02732099072,471446.1430302522,154930.30868948868,463408.9150015852,152653.05705928666,455547.0364956092,150422.2465564023,447875.95492889115,148242.79076670812,440431.097977153,146125.4763210287,433290.91497976036,144093.55946220327,426630.15745448024,142197.85684610123,420845.7745570386,140552.17973641463,416860.1907916226,139418.73487161347
886,4.4355655655655655,575350.5012209454,183931.025721037,569837.8230396727,182415.5146188353,561979.778791936,180248.75263479876,553162.8589662942,177808.56740676254,544000.3522910167,175263.70606422133,534767.9704026913,172691.3419288337,525592.0077805303,170127.65708178404,516531.41814521694,167590.06008366268,507614.3324781661,165087.20483775664,498854.9306145014,162623.69935223376,490262.05659093976,160202.54206687928,481845.27164317045,157826.78876090172,473599.2983749399,155495.40139114592,465523.9330438549,153208.6751350302,457624.7483848476,150968.5911642893,449917.26179108786,148780.08206458835,442437.06426971586,146653.97748584792,435262.9713057974,144613.62811111796,428570.55796798604,142710.05944453037,422758.65804029314,141057.55403707782,418754.09608209244,139919.40777923568
887,4.44056056056056,577996.4234882203,184617.62219797217,572457.4047830618,183095.69897023455,564561.8679323347,180919.7801818579,555702.9441902003,178469.3019970798,546496.8426990126,175913.72751681862,537220.5762254463,173330.55466608188,528001.0283291523,170756.1156700739,518897.4236933745,168207.88997263886,509938.02011338586,165694.5657997485,501137.05970440386,163220.76882020506,492503.4245360813,160789.5086887642,484046.7180704005,158403.8530107454,475761.63617339067,156062.75802427693,467647.97258063796,153766.5190359934,459711.324249052,151517.12428991648,451967.2788352063,149319.5254450702,444451.59135338,147184.5953393398,437243.4449622463,145135.77947071966,430519.2417451492,143224.3130277896,424679.7080943586,141564.95174924834,420656.08734614716,140422.08509005778
888,4.445555555555556,580653.5991465746,185306.96995016752,575088.1285386014,183778.60868924638,567154.940775318,181593.49615379798,558253.8359746207,179132.68354505973,549003.9559721046,176566.35281577255,539683.6200890769,173972.32778840858,530420.3033969173,171387.09142391395,521273.50264667574,168828.19432480348,512271.60295730695,166304.3591707176,503428.9089698013,163820.2293569667,494754.34093436494,161378.8257943762,486257.54470623954,158983.22795862507,477933.189301284,156632.38634508735,469781.06592131883,154326.59638905703,461806.7958431322,152067.85343349798,454026.03727448545,149861.12828460144,446474.70991484995,147717.33713764636,439232.3661297324,145660.02068156184,432476.23849312076,143740.62462838847,426608.9540136938,142074.37981140762,422566.1935927723,140926.77367764834
889,4.450550550550551,583322.0683193405,185999.07838052246,577730.0340374771,184464.25309061585,569759.0364954734,182269.90973984616,560815.572872044,179798.72109922388,551521.730018146,177221.5908634607,542157.1392530896,174616.67005094956,532849.8695996251,172020.5929520631,523659.6909856129,169450.98160430632,514615.1163652229,166916.59327239444,505730.5131517079,164422.08914422695,497014.8399239236,161970.50142792717,488477.78509789007,159564.92151392167,480113.9907264524,157204.29413071027,471923.24546588055,154888.91484168553,463911.19501107384,152620.78611549517,456093.56840975146,150404.8979795475,448506.45072696934,148252.21015650727,441229.7650736267,146186.3589034876,434441.57800249266,144259.00129783776,428546.4251750588,142585.84518078723,424484.44391246425,141433.4804341524
890,4.4555455455455455,586001.8712416661,186693.95691718537,580383.1611216142,185152.64151410258,572374.194376604,182949.03015391043,563388.1935424727,180467.42373240192,554050.2028507417,177879.4505861812,544641.1710809674,175263.59023237103,535289.7636552938,172656.62888642357,526056.0247911596,170076.2602980576,516968.5957911997,167531.27644889257,508041.9070882298,165026.35638570692,499284.9557383333,162564.5436552777,490707.472886379,160148.94160730747,482304.07350896683,157778.48917921958,474074.5437049884,155453.4820619403,466024.55368602055,153175.92987662903,458169.90362949774,150950.84194620445,450546.8446487996,148789.22169127196,443235.6721441241,146714.8013156417,436415.2901473733,144779.45010666168,430492.15103759046,143099.35483338073,426410.86747730646,141942.21227030302
891,4.46054054054054,588693.0482606109,187391.61501356692,583047.5497437721,185843.78332449374,575000.4538118202,183630.86663459326,565971.7367535108,181138.80054174422,556589.4125893343,178539.94093416573,547135.7530402591,175913.09713488258,537740.0223842451,173295.2078820533,528462.5402448558,170704.03891574038,519332.07678815816,168148.41706672127,510363.1257146472,165633.03930715227,501564.7227066922,163160.96056394826,492946.64180663717,160735.29619075733,484503.4708012142,158354.97930964097,476234.99322006566,156020.30573849054,468146.9038903484,153733.2922778914,460255.07440995926,151498.96762080913,452595.9226256928,149328.37905691034,445250.11777631345,147245.3551164809,438397.4048854591,145301.9781444078,432446.1611428712,143614.9157639533,428345.49354103673,142452.97611543117
892,4.465535535535536,591395.6398352297,188092.06214835146,585723.239967628,186537.68791161527,577637.8543036217,184315.42844520204,568566.2413804479,181812.86064873278,559139.3974592852,179203.07088158999,549640.9227026567,176565.19958424778,540200.6827091823,173936.33861717596,530879.273628883,171334.32598982035,521705.59500794875,168768.02351479494,512694.2040634865,166242.14615634273,503854.17525369325,163759.76026312896,495195.3256875702,161323.99323755826,486712.21584796574,158933.772361961,478404.62668336247,156589.3935806221,470278.27773573314,154292.88090055351,462349.11231517827,152049.28245954827,454653.7156893559,149869.68958802123,447273.13249024266,147778.02752378248,440387.95225809584,145826.5925196554,434408.48511499155,144132.53498605045,430288.35143910954,142965.77891747386
893,4.470530530530531,594109.6865366464,188795.30782550538,588410.2719678491,187234.3646903404,580286.4354639695,185002.72487375766,571171.7464063279,182489.6131991893,561700.1957919443,179868.84942658147,552156.7177440645,177219.90642979142,542671.7816552577,174580.02979318882,533306.261326131,171967.13007555326,524089.18620141724,169390.1042044406,515035.1772645858,166853.68520309936,506153.34789968724,164360.95088368666,497453.5584521193,161915.04074231588,488930.3419864388,159514.87619713423,480583.4768580153,157160.7533182443,472418.7074232096,154854.7033461726,464452.04899706197,152601.79393856478,456720.25495790876,150413.1606388387,449304.746890974,148312.82577465023,442386.9623903349,146353.3003600216,436379.1526606039,144652.21953200363,432239.4705887491,143480.6276429801
894,4.4755255255255255,596835.2290481178,189501.36157428258,591108.6860301555,187933.8231005948,582946.2370143479,185692.7652329995,573788.290922011,183169.06736328037,564271.8460247088,180537.28559122485,554683.1759446571,177877.2265444049,545153.3563501291,175226.29013466748,535743.5398202543,172602.4597509899,526482.8862184598,170014.66756940278,517386.08054514806,167467.66473928926,508462.2752607363,164964.54057816946,499721.37411731516,162508.44672095936,491157.88264634897,160098.2986970876,482771.57659809804,157734.3927018946,474568.2252432209,155418.7672365963,466563.9161954316,153156.50955396178,458795.5716359317,150958.799583236,451344.9916686316,148849.75712551866,444394.4654909792,146882.1088121652,438358.1935689685,145173.97645293424,434198.88048899494,143997.5292771147
895,4.48052052052052,599572.3081650838,190210.2329492269,593818.5225513711,188636.07260735944,585617.298785815,186385.55886038783,576415.9141262219,183851.23233551954,566854.3867010728,181208.3884215638,557220.335188927,178537.16882454828,547645.4440240075,175875.1283893681,538191.1456957173,173240.32361697822,528886.7310080675,170641.72206584527,519746.9492297863,168084.0930788275,510780.99204865703,165570.53752080855,501998.80679432023,163104.21921074312,493394.87134995067,160684.04776472197,484968.9588486627,158310.3195027399,476726.863575659,155985.08021396428,468684.74573806295,153713.43682180438,460879.6970145045,151506.61381472764,453393.89759844035,149388.82885215475,446410.49185262155,147413.02504178858,440345.6377119908,145697.81281875522,436166.6107207389,144516.49082365984
896,4.485515515515516,602320.9647952074,190921.9315301711,596539.8220394612,189341.12270066875,588299.6607190387,187081.1151181032,579054.6553255869,184536.11733476658,569447.8564706618,181882.16698760068,559768.2334657204,179199.74219024944,550148.0820096915,176526.55332822632,540649.1156378295,173880.73029716217,531300.7566183602,171271.27617235034,522117.81874055625,168702.97855767616,513109.53307105304,166178.9499075172,504285.8906884603,163702.36627024584,495641.3417120699,161272.13132391125,487175.6566457711,158888.54151257573,478894.65488989506,156553.64994070726,470814.56954071514,154272.5832781189,462972.66247123573,152056.61074646824,455451.49554075394,149930.04824965663,448435.07185167214,147946.05623363628,442341.51504424965,146223.73571817006,438142.69094675255,145037.51930501396
897,4.490510510510511,605081.2399583985,191636.46692223253,599272.6251135577,190048.98289560713,590993.3628643225,187779.4433930415,581704.553934658,185223.731604223,572052.2940892575,182558.63038329125,562326.9088682593,179864.95558509952,552661.3077425889,177180.57374535323,543117.4864327665,174523.6884379776,533724.9991966087,171903.33838991437,524498.7245969774,169324.32953384033,515447.93323133595,166789.78595588717,506582.66009924497,164302.89597936664,497897.32744012354,161862.55731949888,489391.7031165136,159469.06654382238,481071.63174479955,157124.4840995434,472953.4196071502,154833.95647888907,465074.4994702811,152608.79781124875,457517.8164410733,150473.42263245018,450468.2359483775,148481.20959149176,444345.8556030142,146751.75225866918,440127.15091170446,145560.6217621884
898,4.4955055055055055,607853.1747868248,192353.84875580485,602016.9725039692,190759.66273230032,593698.4453816141,188480.5530968064,584365.6494759216,185914.08441142415,574667.7384188065,183237.78772653767,564896.3995941518,180532.81797624513,555185.1587607274,177837.1984580274,545596.2949675802,175169.20670864463,536159.4949892431,172537.91724194074,526889.7024160417,169948.15438736047,517796.2275287336,167403.0539051807,508889.1494203766,164905.81643931768,500162.8623341275,162455.3337172903,491617.1314790175,160051.90242951817,483257.82678874827,157697.59039347127,475101.3280291404,155397.56400004905,467185.23956235166,153163.18246148972,459592.891330054,151018.9593342823,452510.0146868262,149018.49233817062,446358.6895082514,147281.86956652335,442120.020442167,146085.8052548008
899,4.5005005005005,610636.8105249061,193074.0866865457,604772.9050521752,191473.17177590294,596414.9485405004,189184.45366569643,587037.9815797947,186607.1850482271,577294.2284274149,183919.6481591761,567476.7439453857,181203.33835437705,557719.6727047482,178496.4363066834,548085.5782301915,175817.2938011566,538604.2803418473,173175.02127422838,529290.7879122088,170574.46152030164,520154.4510582855,168018.7620163206,511205.393139744,165511.1357726138,502437.9802866918,163050.46850404254,493851.97504244157,160637.05702330885,485453.2727596193,158272.97654575965,477258.32698646304,155963.4134374737,469304.9143847081,153719.7721692314,461676.75132350135,151566.66570821122,454560.4386949453,149557.9117155112,448380.0469626207,147814.09478677457,444121.32944661163,146613.07686106564
900,4.505495495495495,613432.1885292928,193797.19039535985,607540.4637108044,192189.51961658234,599142.9127201865,189891.15456068947,589721.5899846016,187303.04283079455,579931.8031893269,184604.22084696093,570067.9803283087,181876.5257337144,560264.8873178858,179158.29615489673,550585.3733093722,176467.95843026444,541059.3916991395,173814.65905495698,531702.0168973856,171203.259356739,522522.6390108223,168636.91857187482,513531.42583940405,166118.86212305794,504722.71528300154,163647.96968745027,496096.2672069581,161224.53819943374,487658.0024847734,158850.65029993388,479424.44874688296,156531.51240696476,471433.55566114344,154278.57442612082,463769.4276223527,152116.5491265936,456619.5386844824,150099.47498436156,450409.9582514572,148348.43508322284,446131.10791539133,147142.4436777818
901,4.510490490490491,616239.3502688254,194523.16958837805,610319.6895435954,192908.71586949713,601882.3784094552,190600.6652674211,592416.5145365368,188001.66709957406,582580.5018848876,185291.51497954453,572670.1472535896,182552.38915198424,562820.8404459303,179822.78688936366,553095.7173947074,177121.2093334574,543524.8656049359,174456.83917466758,534123.4252808912,171834.5563427384,524900.826672932,169257.53187603853,515867.2821955476,166729.0036557231,507017.101400783,164247.8452961278,498350.0414637194,161814.35385270795,489872.04888102156,159430.6194197585,481599.7256661194,157101.86854423396,473571.19520195056,154839.59674339433,465870.9515126463,152668.61698106737,458687.3454509744,150643.18942456285,452448.4537427404,148884.89763841004,448149.38592071057,147673.91282031607
902,4.515485485485486,619058.3373244766,195252.03399693055,613110.6237253387,193630.7701747711,604633.3862066108,191312.99529615953,595122.7951896064,188703.06721927284,585240.3638004857,185981.5397704521,575283.2833361642,183230.93767039725,565387.5700371738,180489.91741987725,555616.6477765416,177777.05527093945,546000.7387020979,175101.5702462393,536555.0490694051,172468.36094633373,527289.0494269085,169880.61025461115,518212.9969784487,167341.5685569297,509321.1728102547,164850.10337958694,500613.3313948088,162406.5118985011,492095.44495457737,160012.8916892157,483784.1901878002,157674.48950488173,475717.8649038767,155402.84665185734,467981.3543654747,153222.8766825318,460763.8898737031,151189.0623349295,454495.5638870505,149423.48965360018,450176.1936165813,148207.4914225836
903,4.52048048048048,621889.1913892708,195983.79337751586,615913.3075417958,194355.69219746225,607395.9768193997,192028.15418177386,597840.4720055527,189407.25257882715,587911.4283284782,186674.30445705174,577907.4272951592,183912.1803736182,567965.1141423369,181159.6966792978,558148.2018459067,178435.5050256,548487.047732461,175748.86090486127,538996.9243668967,173104.68165749873,529687.342750682,170506.16205496885,520568.6050523967,167956.56503421886,511634.96377405996,165454.75200821046,502886.1706731751,163001.02027271062,494328.22380099155,160597.47491247987,485977.8748433967,158249.38296437202,477873.59675006,155968.33170185887,470100.66763692495,153779.33566112237,462849.2029156334,151737.10103322452,456551.31921750744,149964.21834875512,452211.5612387626,148743.18663702416
904,4.525475475475475,624731.9542681819,196718.45751176318,618727.7823895995,195083.49162752548,610170.1910649106,192746.15148369828,600569.5851537543,190114.23259136613,590593.7349670932,187369.81830051876,580542.6179537979,184596.1263697308,570553.5109144737,181832.13362351898,560690.4170944302,179096.56740298046,550983.8295367444,176398.71980799886,541449.087374537,173743.52698811458,532095.7422177325,171134.1956460325,522934.14137561066,168574.00131632038,513958.5086471825,166061.79927322085,505168.5930625495,163597.88693173137,496570.4186050709,161184.37691388695,488180.8122521436,158826.55661800245,480038.42280994996,156536.05946326267,472228.9228679975,154338.0013661824,464943.31562333624,152287.3128561313,458615.7503496946,150507.09096250669,454255.51910468505,149281.00563457404
905,4.530470470470471,627586.6678780094,197456.03620638922,621554.0897761298,195814.1781797695,612956.0698694525,193466.99678588926,603310.1749111065,190824.0166941702,593287.323320312,188068.09058579462,583188.8942392829,185282.78479019707,573152.7986088577,182507.23723142737,563243.3311142218,179760.25123123496,553491.1210544393,177051.15563535516,543911.5743905875,174384.9054719314,534514.2834969804,171764.71941822994,525309.6410001321,169193.88565311598,516291.84187684127,166671.2532866439,507460.6324173422,164197.11985241948,498822.0626407761,161773.6055378994,490393.0351209394,159406.01818086955,482212.37523920956,157106.03752541283,474366.15168451157,154898.88126622912,467046.2591268937,152839.70515922035,460688.8879815652,151052.11475212377,456308.09761335776,149820.9556046336
906,4.535465465465466,630453.3742472265,198196.53929314806,624392.2713193649,196547.7615938079,615753.6542684077,194190.69969677672,606062.2816618759,191536.61434862274,595992.2330977238,188769.13062153946,585846.2951826554,185972.1647898109,575763.0155828433,183185.016504857,565806.9815977362,180426.5653610849,556008.9593236741,177706.17708882655,546384.4218102697,175028.82566452475,536943.0023526577,172397.741783453,527695.1390716981,169816.22631559696,518634.998002366,167283.12218126724,509762.32268251857,164798.7270320518,501083.1892711004,162365.16864906572,492614.5762442263,159987.77538782908,484395.4862795976,157678.27349709452,476512.38579698803,155461.98284891492,469158.06463978445,153394.28531691138,462770.7628933289,151599.2969934746,458369.3272452566,150363.0437550302
907,4.54046046046046,633332.1155158042,198939.97662877495,627242.3687477044,197284.2516340026,618562.9854060571,194917.2698492085,608825.9458975283,192252.03504015555,598708.5041143601,189472.9477400782,588514.8599186288,186664.2755466449,578384.2002957022,183865.4804685368,568381.4063376135,181095.51866576783,558537.3814810577,178363.79289245218,548867.6661256088,175675.29614324583,539381.9346441557,173033.27117500867,530090.6708295908,170441.03159581585,520988.0116550486,167897.4141105926,512073.69789345504,165402.71648827897,503353.8319479271,162959.0741319747,494845.46850384976,160571.83599345083,486587.7882588299,158252.77500648962,478667.6570005143,156027.3136209838,471278.7634587501,153951.06072242963,464861.4059473199,152148.64498098427,460439.2385621921,150907.27731197557
908,4.545455455455455,636222.933935003,199686.35809492186,630104.4238997652,198023.6580894004,621384.1045353784,195646.71690038792,611601.2082165304,192970.28827818675,601436.176290496,190179.5512973397,591194.6276853966,187359.12626199046,581016.3913084338,184548.6381700317,570966.6432264918,181767.1200409789,561076.4247614957,179024.0117923566,551361.3439252544,176324.32550716514,541831.1163258466,173671.3160475635,532496.2716064631,171068.309806832,523350.9175579709,168514.13724878224,514394.7921757686,166009.09625907216,505634.02421186253,163555.32989120306,497085.74486889486,161158.20777196725,488789.31359041866,158829.54970112612,480831.99717458483,156594.8811082216,473408.38696363795,154510.03878775734,466960.84808784147,152700.16602758635,462517.86220715754,151453.66352001813
909,4.550450450450451,639125.8718671369,200435.69359808543,632978.4787241453,198765.9907736612,624217.0530178142,196379.05053180287,614388.1093241202,193691.38359605122,604175.2896514267,190888.95067278796,593885.6378244102,188056.72616028978,583659.6272835471,185234.49867967615,573562.7302567938,182441.37840480596,563626.1264979786,179686.84255668567,553865.4918942712,176975.92237700938,544290.5834468794,174311.8848770814,534911.9768281373,171698.06928265028,525723.7505258084,169133.2997905988,516725.6397451232,166617.87440266457,507923.79969204555,164153.94385125747,499335.4383954981,161746.89851721606,491000.0947734871,159408.60524782192,483005.43828291947,157164.69285540015,475546.966617222,155071.22694357877,469069.12034099037,153253.86746466847,464605.228904152,152002.2096419889
910,4.555445445445446,642040.9717853011,201187.99306952656,635864.5752791568,199511.2595249786,627061.8723230057,197114.28044914696,617186.6900320469,194415.33055092322,606925.8843272092,191601.15526934597,596587.929780126,188757.08448906144,586313.9469848119,185923.0710905,576169.7055204815,183118.30269765647,566186.5241213418,180352.29397553456,556380.1468139039,177630.09539509038,546760.3721509475,174954.98616075417,537337.8220133766,172330.31837815282,528106.5454646043,169754.90995133776,519066.27490700845,167229.0589974847,510223.1921059292,164754.92395650918,501594.58222663385,162337.91604257628,493220.1643925582,159989.94933262124,485188.01237325533,157736.75642621523,477694.53396499774,155634.63263921865,471186.25381445314,153809.75664201187,466701.36945798126,152552.92295894178
911,4.56044044044044,644968.276273067,201943.2664651808,638762.7557325208,200259.47420599108,629918.6040284948,197852.41638223207,619996.9912582737,195142.13872372961,609688.0005523722,192316.1745133105,599301.5430997192,189460.21051881608,588979.389276978,186614.36451814635,578787.6072087785,183797.90188217643,568757.6551599933,181020.3748608682,558905.3455613089,178286.85322522718,549240.5186760253,175600.6284169243,539773.8427736262,172965.06546902287,530499.337371515,170378.97596675315,521416.73205648834,167842.6581420829,512532.2352590343,165358.27817112152,503863.20959187084,162931.26818089664,495449.5551173175,160573.58966072474,487379.7515771119,158311.07940321718,479851.1206349516,156200.2633425743,473312.2796972792,154367.84092772423,468806.3147540313,153105.8107700866
912,4.565435435435435,647907.8280241375,202701.5237655591,641673.062361027,201010.64470368339,632787.2898193861,198593.4680848911,622819.054026648,195871.81771905464,612461.6786655897,193034.01785425778,602026.5174327636,190166.1135429638,591655.9931254578,187308.38810078002,581416.4736118615,184480.18494316062,571339.5572396084,181691.09404643296,561441.1251092535,178946.20455265878,551731.059354073,176248.82018499967,542220.0748127223,173602.31895166068,532902.1613345242,171005.50609297398,523777.04567792156,168458.6799550496,514850.9630446733,165964.01447896974,506141.35380710015,163526.96278441674,497688.29970234394,161159.53395641144,489580.688109528,158887.66938773484,482016.7583373009,156768.12654003984,475447.2292596236,154928.12770816506,470920.0957580133,153660.88039271545
913,4.570430430430431,650859.6698419616,203462.77497563866,644595.5375501515,201764.78092927832,635667.97148797,199337.44533487098,625652.91946653,196604.37716503366,615246.9591093151,193754.69476493954,604762.8925308712,190874.80287771195,594343.7975959742,188005.15099898685,584056.343118511,185165.1608874533,573932.268082788,182364.46038765894,563987.5225257805,179608.15808394825,554232.0306107053,176899.5700253585,544676.5539265668,174242.08724309056,535315.0525321229,171634.50860641367,526147.2503446452,169077.13257492572,517179.4094436402,166572.14088355246,508429.04827423196,164125.00772468012,499936.43098681024,161747.78996295342,491790.85426876624,159466.53399979055,484191.47886420286,157338.2297364232,477591.1338524601,155490.62438786332,473042.7435156805,154218.13916212108
914,4.575425425425426,653823.8446393061,204227.03012474193,647530.2237936319,202521.8928181171,638560.6909333041,200084.35793371458,628498.6288123778,197339.8267132373,618043.8824293755,194478.2147411688,607510.7082472924,191586.28786195203,597042.8418541668,188704.66239566295,586707.2542157249,185852.83874383944,576535.8255086772,183040.48276155256,566544.5749738332,180272.72254687708,556743.4689648239,177552.88651924598,547143.3160027659,174884.37878085868,537738.0462329539,172265.99180366864,528527.3807186258,169698.02416010358,519517.6085238669,167182.66540789427,510726.3264808549,164725.41089243797,502193.9818941502,162338.3654425209,494010.28243598575,160047.6808780074,486375.3140894317,157910.58045485438,479744.02490726265,156055.33838942714,475174.28915251145,154777.59443150717
915,4.58042042042042,656800.3954377787,204994.29926640468,650477.1636929965,203281.9903295282,641465.4901607474,200834.2157066312,631356.2234032911,198078.17603854396,620852.4892745201,195204.58730169374,610270.0045364727,192300.57785713667,599753.1651651564,189406.93149589273,589369.2454882887,186543.22756292482,579150.2674325436,183719.17006657895,569112.3197108406,180939.90669032926,559265.4110282089,178208.77826866007,549620.3970202286,175529.20202292077,540171.1777954161,172899.96400140825,530917.4715500697,170321.362888718,521865.5944400404,167795.59609443875,513033.2219998617,165328.18019754413,504460.9854316889,162931.2681760791,496239.00507487694,160631.11767950715,488568.295968021,158485.18623668497,481905.9339356515,156622.27715344427,477314.7638733594,155339.25357188986
916,4.585415415415415,659789.365367304,205764.59247823092,653436.3999570429,204045.08344668368,644382.411281446,201587.02850235475,634225.744682504,198819.43483899982,623672.820395922,195933.82198806052,613040.821453562,193017.68224714356,602474.8068930607,190111.967526816,592042.3556183026,187236.33641700458,581775.631865312,184400.53122253294,571690.7940882599,181609.71928416452,561797.8935050686,178867.2538962266,552107.8330487228,176176.5654475194,542614.4826672298,173536.43353625404,533317.5576769966,170947.15695852734,524223.4014331817,168410.94100493143,515349.76848903374,165933.32356883973,506737.47469023423,163526.50596327422,498477.0547312607,161216.85207979853,490770.456535866,159062.05464137788,484076.8925290019,157191.44813837355,479464.19896206504,155903.12397199
917,4.590410410410411,662790.7976655441,206537.9198617345,656407.9754012644,204811.18217644258,647311.4965117674,202342.80619298897,637107.234196827,199563.61283566605,626504.9166466291,196665.92836446248,615823.1991538748,193737.61043812777,605207.806500465,190819.7797374822,594726.6233846582,187932.17439992068,584411.9569130492,185084.57517039796,574280.0355510693,182282.1691190794,564340.9531915423,179528.32204506287,554605.6602483878,176826.4775530496,545067.9963849551,174175.40876464732,535727.6740247643,171575.41458678414,526591.0638301807,169028.70822029197,517675.9996905836,166540.84895402743,509023.48284362763,164124.08662231016,500724.4640326454,161804.8917726553,492981.82790928887,159641.193246387,486256.9323580141,157762.8588204262,481622.6257810301,156469.2130381156
918,4.595405405405406,665804.7356772603,207314.29154216664,659391.9329472187,205580.29654917907,650252.7881726783,203101.5586738381,640000.7335960349,200310.7197724526,629348.8189809608,197400.91601757667,618617.1778922968,194460.3718583604,607952.203547838,191530.3773986916,597422.0876624652,188630.75062690483,587059.2807764005,185771.31087219238,576880.0816372153,182957.2650064562,566894.6269751542,180191.9913786288,557113.9148691967,177478.94685791252,547531.7545734642,174816.8980627054,538147.8556055509,172206.14401009254,528968.6160432851,169648.90584047456,520011.94943065353,167150.76431953404,511319.04314824904,164724.01798981306,502981.2656877405,162395.24446998286,495202.44228455855,160222.6096470264,488446.0851722407,158336.51669343634,483790.0757707492,157037.52819403334
919,4.6004004004004,668831.2228536167,208093.71766832742,662388.3156218368,206352.4366185965,653206.3286890603,203863.29586322306,642906.2846321932,201060.7654159364,632204.5684538467,198138.79455638488,621422.798022634,195185.97595805273,610708.0376928919,192243.76980282218,600128.7874224207,189332.07423440914,589717.641749971,186460.74731080237,579490.9699770024,183635.01577819829,569458.9518342161,180858.27058056492,559632.6332503678,178133.9819003561,550005.7929453631,175460.90982606466,540578.1375177861,172839.35348425453,531356.0925695418,170271.54198431596,522357.65161876386,167763.0776503612,513624.18894247524,165326.3079206842,505247.4924859224,162987.9179016739,497432.3319373657,160806.31145632718,490644.3827995672,158912.42926871992,485966.5804492952,157608.0768808291
920,4.605395395395395,671870.3027514169,208876.20841236174,665397.166556666,207127.61246152452,656172.1605889653,204628.0277022812,645823.9291589229,201813.75955516446,635072.2062201021,198879.57361197975,624240.0999969005,195914.4322091652,613475.3486898816,192959.96626364195,602846.7617301228,190036.1543799205,592387.0782216482,187152.89348979946,582112.7382924275,184315.43028655107,572033.9648371714,181527.16835451624,562161.8518197207,178791.59123830154,552490.1473003584,176107.45246970994,543018.5549455269,173475.0512841018,533753.5279901829,170896.62478937063,524713.1402472111,168377.7969499228,515938.9536460872,165930.96428794012,507523.1772966525,163582.9198154505,499671.52922224835,161392.3063048827,492851.85714564595,159490.60407492158,488152.17141175765,158180.86655675576
921,4.61039039039039,674922.0190322686,209661.77396953676,668418.528987043,207905.8341776993,659150.3265027984,205395.76415474925,648753.7091305979,202569.71200143988,637951.7735336383,199623.26283735386,627069.1243645417,196645.7501052001,616254.1763888409,193678.97611610492,605576.0497453175,190743.00024176037,595067.6286718628,187847.75843324355,584745.4243964541,184998.5174039076,574619.7031418809,182198.69342394127,564701.6070929745,179451.78344915545,554984.8535245652,176756.53442778983,545469.1431577792,174113.24570331394,536160.9569699579,171524.1624117314,527078.4493904097,168994.9302398688,518263.37075962324,166537.99498253912,509808.35306883877,164180.25797669342,501920.06657196407,161980.60184067953,495068.540193276,160071.0486578483,490346.8803296295,158755.90469706862
922,4.615385385385386,677986.4154616744,210450.4245580018,671452.4462511932,208687.11188952412,662140.8691624292,206166.51520672743,651695.6666014679,203328.63258808933,640843.3117466001,200369.87190717118,629909.9117715853,197379.9391609763,619044.5607347485,194400.80871612925,608316.6907210777,191452.6210188665,597759.3316727813,188545.35118546826,587389.0661922185,185684.28602259784,577216.203994843,182872.85453190428,567251.9356729799,180114.56712960603,557489.9475897544,177408.16415341545,547929.9375077555,174753.94505422085,538578.4142564049,172154.16302583535,529453.613204176,169614.4855598938,520597.4738636734,167147.4079131929,512103.0528301426,164779.94016825667,504177.9764968063,162571.20572891564,497294.464001729,160653.77058028936,492550.738950138,159333.19879384656
923,4.6203803803803805,681063.5359080416,211242.17041852692,674498.9617892499,209471.45574181192,665143.8314002239,206940.29086642442,654649.8437247061,204090.53117021182,643746.8623084283,201119.41051751943,632762.5029597202,198117.008912386,621846.54176662,195125.47344035836,611068.724002913,192165.02593055766,600462.2258874312,189245.68081084924,590043.7016721674,186372.74505466066,579823.5047303458,183549.66044085126,569812.8742488858,180779.95089540177,560005.4655525313,178062.35011844357,550400.9734320684,175397.15766758902,541005.9346790559,172786.6348242532,531838.6659249457,170236.47096753021,522941.2966181109,167759.211006163,514407.30968622223,165381.974190267,506445.29158385994,163164.12565180197,499529.66070601414,161238.77742182068,494763.7790955173,159912.75635579872
924,4.625375375375375,684153.424341606,212037.02181422082,677558.1191421867,210258.87590150465,668159.2561479919,207717.10116388125,657616.2827513721,204855.4176244067,646662.4667648388,201871.88838564258,635626.9387652916,198856.96891613124,624660.1596165223,195852.97968590094,613832.1890277986,192880.2242162783,603176.3500687452,189948.75639355314,592709.3689171197,187063.90343159673,582441.6427695442,184229.11993236697,572384.4595952315,181447.9433811127,562531.4435534442,178719.10081324156,552882.2864498537,176042.89189239015,543443.5531485755,173421.586017462,534233.6418689276,170860.89453792406,525294.8727612582,168373.4122050401,516721.1568199117,165986.3678599067,508722.0444961916,163759.36930834875,501774.16251607996,161826.07677859388,496986.0326622167,160494.58490805503
925,4.63037037037037,687256.1248332618,212834.98903022605,680629.961950659,211049.38255737146,671187.1864358431,208496.9561506729,660595.0260292862,205623.30184847946,649590.1667567154,202627.315249651,638503.2601182123,199599.82874943846,627485.4545085008,196583.33687005084,616607.1253231214,193598.22513532246,605901.743058525,190654.58703726623,595386.1060952483,187757.77010410168,585070.6556194589,184911.24180691215,574966.728570963,182118.55323987224,565067.9178160161,179378.4247464328,555373.9121618178,176691.15609555127,545891.3046558227,174059.02483359879,536638.5754311812,171487.76436359328,527658.2361089806,168990.01947050594,519044.6274903287,166593.12901117888,511008.2679719719,164356.9444141342,504028.00171594706,162415.6762631081,499217.5316200424,161078.69199194005
926,4.635365365365366,690371.6815532943,213636.08237338916,683714.5339537486,211842.9859196817,674227.6653909485,209279.86589958562,663586.1160018086,206394.193761124,652530.0040189088,203385.70086820878,641391.5080407814,200345.5980097514,630322.4667574194,197316.5544299845,619393.5725055386,194319.03796653668,608638.4437863195,191363.18186490145,598073.9514609757,188454.3540417781,587710.5808718902,185596.03488354007,577559.7181183641,182791.789143098,567614.9246456943,180040.3304446226,557875.8862492057,177341.9586616843,548349.2242708374,174698.95951819513,539053.5010846172,172117.0885541657,530031.4205537032,169609.0407800758,521377.7550319075,167202.26549465442,513303.9948235219,164956.85870105503,506291.2106627684,163007.5835039633,501458.30801122554,161665.08516472875
927,4.6403603603603605,693500.1387700058,214440.31217190527,686811.8789876009,212639.69621985304,677280.7362361968,210065.84050426938,666589.5952065162,207168.10330158015,655482.0203789342,204147.05502019648,644291.723646403,201094.28631439846,633171.2367676995,198052.6418224341,622191.5702797377,195042.67200799778,611386.4912682056,192074.5500182823,600772.9433537768,189153.66423282423,590361.4562022411,186283.5079995906,580163.4652619001,183467.65978019105,570172.5004287129,180704.82645210213,560388.2444726807,177995.30799279537,550817.3471417383,175341.39833389045,541478.4533789164,172748.87523609743,532414.4600633465,170230.484127821,523720.57285335084,167813.78517719824,515609.2579362819,165559.1199170568,508563.8217858107,163601.80614559454,503708.3939494136,162253.77199938276
928,4.645355355355355,696641.5408482271,215247.68877493448,689922.0409839519,213439.52371007093,680346.4422887395,210854.89007886234,669605.50627377,207945.04042926358,658446.2577555627,204911.3875043471,647203.9481382013,201845.90330023502,636031.8050319582,198791.60852333513,625001.1584370993,195769.1365766669,614145.9246054726,192788.70065780196,603483.1201968835,189855.7096836986,593023.3193682435,186973.6700103603,582778.0071069646,184146.1738582112,572740.6816308604,181371.92133052892,562911.0226711142,178651.21250796996,553295.7084935323,175986.34956012256,543913.4669393573,173383.1325523683,534807.3886801733,170854.35752406946,526073.1144364956,168427.6959416746,517924.0902676936,166163.7358258437,510845.8675853522,164198.35184798503,505967.8216185779,162844.76008426648
929,4.65035035035035,699795.932247709,216058.22255218832,693045.0639685334,214242.47866287897,683424.8269584185,211647.02475758689,672633.8919251671,208725.0151233677,661422.7581572965,205678.7081388537,650128.2228075207,202600.45862325744,638904.2121295346,199533.46402744716,627822.3768542454,196498.44100801565,616916.7829831962,193505.64296205575,606204.5204958832,190560.49941875893,595696.2082085805,187666.52978874702,585403.3808385254,184827.34010152725,575319.5047961486,182041.62365858277,565444.2567602756,179309.68064303484,555784.343626826,176633.82149279513,546358.5764655501,174019.86866215456,537210.2405195431,171480.66899508308,528435.413335087,169044.00568662977,520248.5248459927,166770.71420656552,513137.38063149067,164797.22828635736,508236.6232718334,163438.0570228406
930,4.655345345345346,702963.3575213822,216871.92389348496,696180.9920593498,215048.5713707377,686515.9337460652,212442.2546943136,675674.7949718655,209508.03738243436,664411.5636807224,206449.02676094734,653064.5890323061,203357.96195818737,641788.4987248954,200278.2178479443,630655.2654914742,197230.59465562386,619699.105668698,194225.38612744558,608937.1828372048,191268.04247987253,598380.1606413978,188362.09622486684,588039.6237196601,185511.1672514402,577909.0065453723,182713.94203159536,567987.9827314169,179970.72085019326,558283.2879164341,177283.8224439186,548813.8167300669,174659.0917404757,539623.0497685645,172109.42658271047,530807.5031734529,169662.72232594964,522582.59476890287,167380.0628534804,515438.3935628553,165398.44315084073,510514.8312301618,164033.67043333265
931,4.6603403403403405,706143.8613134788,217688.80320826956,699329.8694648164,215857.8121455497,689619.8062416649,213240.5900620926,678728.2583127763,210294.11722389227,667412.7165087317,207222.3532264422,656013.088275353,204118.42299802435,644684.7055659152,201025.8795159756,633499.8643910674,197965.60689074715,622492.9320098833,194947.93936775386,611681.1458864842,191978.34792599763,601075.2146626965,189060.3782256419,590686.7730899755,186197.66406577823,580509.223574556,183388.8850611515,570542.2366497437,180634.34159763297,560792.5768098764,177936.36074122434,551279.222576962,175300.8099778142,542045.8506846414,172740.63834401287,533189.4176450719,170283.85378849175,524926.3332022263,167991.78957559224,517748.93908521585,166002.00414611283,512802.47788103396,164631.607948382
932,4.665335335335335,709337.4883575053,218508.87092509874,702491.7404817516,216670.21131814836,692736.4881223738,214042.0410526496,681794.3249326114,211083.26468355974,670426.2589085995,207998.6974092465,658973.7620824187,204881.8514535645,647592.8734820191,201776.4585801912,636356.2136754652,198703.48710185036,625298.3014334447,195673.31191368535,614436.4483867979,192691.42483273247,603781.4083445953,189761.38471435712,593344.8663639008,186886.8393184602,583120.192653274,184066.46137465962,573107.0546527653,181300.55136910352,563312.2458257539,178591.44472774936,553754.8289201781,175945.03157970755,544478.6775939029,173374.31235086234,535581.190511029,170907.40801768942,527279.7733783224,168605.90219626084,520069.0499699812,166607.9189910149,515099.59567692276,165231.87721465828
933,4.67033033033033,712544.283474054,219332.13749108635,705666.6494932079,217485.7792377488,695866.0231503821,214846.61787584308,684873.0378997785,211875.48981511037,673452.2332299151,208778.0692008364,661946.6520801856,205648.2570528829,650513.04338218,202529.9646062335,639224.3535452965,199444.24469410733,628115.2534429263,196401.51301237478,617203.1291567603,193407.28229183078,606498.7798334614,190465.12463018365,596013.9410288477,187578.7017990268,585741.9506228424,184746.67961489075,575682.4729485153,181969.35866346283,565842.3305520004,179249.08276138944,556240.6707418251,176591.76476630848,546921.5648895107,174010.45668950886,537982.8555983502,171533.39297112587,529642.9485944672,169222.40855278168,522398.75905258156,167216.19541813762,517406.2171336992,165834.48589245096
934,4.675325325325326,715764.2915684443,220158.61337130694,708854.6409661364,218304.52627135688,699008.4551706078,215654.33075908126,687964.440364111,212670.8026894987,676490.6819023463,209560.47850969058,664931.7999740642,206417.64954077746,653445.2562527593,203286.40717618962,642104.3242772557,200187.88908886208,630943.8276166364,197132.551926857,619981.2270884706,194125.92941068113,609227.3673478916,191171.60692766632,598694.0346432263,188273.26031213676,588374.5343943684,185429.5484394828,578268.5278136346,182640.77199418924,568382.8666439959,179909.28321441973,558736.783090324,177241.01777191277,549374.5470298346,174649.07946011602,540394.4467982057,172161.81662007677,532015.8922110848,169841.31649593587,524738.099230723,167826.8411733758,519722.374828904,166439.44165522835
935,4.6803203203203205,718997.5576281825,220988.30904815567,712055.7594488694,219126.46280313443,702163.8281082124,216465.18994669573,691068.5755544213,213469.21339434327,679541.6474332357,210345.93526068286,667929.2475458273,207190.038678171,656389.5531551777,204045.79588800325,644996.1662218142,200934.42972305065,633784.0636053979,197866.4379354982,622770.7811453023,194847.37531174667,611967.2091765376,191880.84057617327,601385.1848343071,188970.5236770249,591017.980946647,186115.07652040775,580865.2555913026,183314.7998888576,570933.8898225338,180572.05447297866,561243.2010784087,177892.798844452,551837.6585364853,175290.18877626152,542815.9980639768,172792.68694901865,534398.6376498417,170462.6338895053,527087.1034625076,168439.86401545067,522048.10139988514,167046.75218916385
936,4.685315315315315,722244.126720223,221821.23502066,715270.0495684078,219951.59923371774,705332.185965927,217279.2056992686,694185.4867758675,214270.7320332635,682605.1724050068,211134.4493944299,670939.0366510601,207965.4342414693,659345.9752234123,204808.14035484352,647899.9198007575,201683.87604858002,636636.0011301268,198603.1803313848,625571.8303595205,195571.62913196493,614718.3436757657,192592.8345593049,604087.4292959196,189670.50072692113,593672.3273238993,186803.27254339942,583472.692689013,183991.45088857622,573495.4358716323,181237.4049365146,563759.9598809732,178547.11624494873,554310.9339921979,175933.7927644011,545247.5434091704,173426.011955101,536791.2183915952,171086.3686097528,529445.8047644079,169055.27171539632,524383.4295417924,167656.4251926271
937,4.69031031031031,725504.0439880214,222657.40180374176,718497.556027501,220779.9459794856,708513.5728211704,218096.3882929103,697315.2174071168,215075.36872516808,685681.2994723743,211926.03086659036,673961.2092164168,208743.84602187207,662314.5636612955,205573.45020442686,650815.6255045314,202436.23753166094,639499.6799792218,199342.7884216674,628384.4138297184,196298.70002210184,617480.8092671346,193307.59787425885,606800.8057859732,190373.20030842576,596337.6106333344,187494.14520733984,586090.8755761771,184670.73354738308,576067.5406361788,181905.34301719157,566287.0947327553,179203.97824693177,556794.4080385529,176579.8995632931,547689.1169051775,174061.79964757993,539193.6679741838,171712.5285448638,531814.2362090898,169673.0720560087,526728.3920054185,168268.4683756383
938,4.695305305305306,728777.3546483627,223496.81992742387,721738.3236015051,221611.51347177362,711708.03282295,218916.748018484,700457.8108972926,215883.13360349112,688770.0713593409,212720.68964711335,676995.8072366671,209525.28382463305,665295.3597396135,206341.73507828923,653743.3238893888,203191.52365209235,642375.1400057607,200085.27152685722,631208.570718059,197028.5971460599,620254.6444346847,194025.13953114912,609525.3521237907,191078.6312808397,599013.8680425278,188187.70322359967,588719.840781546,185352.65643159728,578650.2400193942,182575.87713925104,568824.6409258421,179863.39313580847,559288.1153735232,177228.51732338063,550140.7526788611,174700.05804720966,541606.0199900529,172341.1215943471,534192.4309230666,170293.2728312544,529083.0215948763,168882.88945928184
939,4.7003003003003005,732064.1039879478,224339.4999359798,724992.3971350013,222446.31215603123,714915.6101885252,219740.2951807737,703613.3107626906,216694.03681537282,691871.5308559666,213518.43571943152,680042.8727715202,210309.75746826627,668288.404792982,207113.00463100537,656683.0555743169,203949.74390249333,645262.4211244798,200830.63898007013,634044.3402473062,197761.3296801349,623039.8877220185,194745.4685522755,612261.1061872394,191786.80251544563,601701.1367766004,188883.9553153313,591359.6248904364,186037.2281191235,581243.569980105,183249.0157383277,571372.6338069893,180525.3692081915,561792.0907488368,177879.65420612905,552602.4849099579,175340.7951855907,544028.308083696,172972.15566839228,536580.4220841771,170915.88184563606,531447.3511651002,169499.69617507776
940,4.705295295295295,735364.3373597246,225185.45238702116,728259.8215381614,223284.35249091772,718136.3491998223,220567.04009759202,706781.7605832482,217508.08852078012,694985.7208148952,214319.2790795961,683102.4479422066,211097.276783695,671293.740216487,207887.26852935145,659634.8612377367,204710.90778747914,648161.5633085283,201578.9001262168,636891.761697633,198496.906812219,625836.5777291639,195468.59397133923,615008.1059096464,192497.72289473665,604399.4541151853,189582.91021671036,594010.2645417487,186724.45719870564,583847.5665298126,183924.76726071554,573931.1087747366,181189.9147711766,564306.3689671392,178533.31838331532,555074.3478282887,175984.01910446974,546460.5659489076,173605.6386871803,538978.2429188747,171540.906913512,533821.4136191614,170118.89626430758
941,4.71029029029029,738678.1001789398,226034.68785051894,731540.6417828377,224125.64494733213,721370.2941995786,221396.9930988227,709963.2039987468,218325.29889156373,698112.6841476193,215123.22973534852,686174.5749278071,211887.85161333843,674311.4074620731,208664.53645140686,662598.7816139514,205475.02482277848,651072.606585976,202330.0643211337,639750.874403191,199235.33774094642,628644.7531092004,196194.52483260268,617766.3892764817,193211.40131159016,607108.8573891685,190284.57667212252,596671.7964247622,187414.3522691272,586462.2657295398,184603.14016258076,576500.1012763077,181857.03814156807,566830.9848789455,179189.5180362658,557556.3757107581,176629.73785498974,548902.827325828,174241.57858014439,541385.9266993115,172168.35585836685,536205.2419053783,170740.49747729124
942,4.715285285285285,742005.4379189006,226887.21690775457,734834.9028983627,224970.20000737367,724617.4895871959,222230.16452539488,713157.6847047317,219145.67811044754,701252.4638204636,215930.29770512544,689259.2959613035,212681.49181013275,677341.4480346638,209444.8180855912,665574.857489332,206242.10453428578,653995.5910360654,203084.14093065148,642621.7177484235,199976.63167477658,631464.4525646346,196923.27018998828,620535.9943217953,193927.8466683809,609829.3839771834,190988.96343529155,599344.2572756885,188106.92193835336,589087.7036864433,185284.14290911803,579079.6468042801,182526.74764504874,569365.9733793637,179848.26135503946,560048.6028781305,177277.95949688536,551355.1259977691,174879.9832851776,543803.5067402067,172798.23651202925,538598.8690142155,171364.5075726122
943,4.720280280280281,745346.3961064147,227743.05015019473,738142.6499670332,225818.02816322717,727877.9798142897,223066.56472818277,716365.2464481266,219969.23636994508,704405.1028502751,216740.4930169929,692356.6533253388,213478.2072364823,680383.9034879897,210228.1231296327,668563.129698216,207012.1564570464,656930.5567851795,203841.13932959698,645504.3311641018,200720.7978310129,634295.7148435051,197654.8391061128,623316.9591243869,194647.06787603095,612561.0713018472,191696.07926834488,602027.6838739704,188802.1748226117,591723.9165501741,185967.78397364626,581669.7808930048,183199.05161529037,571911.3694045732,180509.55653755245,562551.0636915662,177928.69209762148,553817.4957878025,175520.86074778368,546231.0163954826,173430.55671383406,541002.3279749498,171990.93431628714
944,4.725275275275275,748701.0203168956,228602.19817828602,741463.9281192609,226669.13991596855,731151.8093799029,223906.20406682705,719585.933022525,220795.98387119788,707570.6442997875,217553.82570750266,695466.6893476594,214278.00776313496,683438.8154201104,211014.4612894616,671563.6391185058,207785.19013416852,659877.5440025138,204601.06890072284,648398.7541230712,201467.8454347502,637138.5787351984,198389.240651252,626109.3218036932,195369.07385299203,615303.9568257167,192405.9329408121,604722.1130383072,189500.11954540724,594370.9405089694,186654.07183663925,584270.5391147622,183873.95839300012,574467.2079280455,181173.4117886395,565063.7925489015,178581.94373146934,556289.9705550974,176164.2189201672,548668.4890546483,174065.324309724,543415.6518520906,172619.7854808756
945,4.73027027027027,752069.3561691036,229464.6716001635,744798.7825283638,227523.545774285,734439.0228253688,224749.09290847162,722819.7882631292,221625.93082273175,710749.1312726445,218370.305820468,698589.4463962215,215080.90326797697,686506.2254686024,211803.84227802514,674576.4266669378,208561.2151156579,662836.5928954256,205363.93903356124,651305.0261356792,202217.78371774676,639993.0830659562,199126.48390223176,628913.120515371,196093.8735241545,618058.0780469452,193118.5332285521,607427.5816223824,190200.76473646704,597028.8117854524,187343.01498468776,586881.9570756347,184551.47632489906,577033.5239564823,181839.8353190492,567586.8238806535,179237.72247851733,558772.5841909858,176810.0657602586,551115.9581389218,174702.54715128764,545838.8737415354,173251.06884452704
946,4.735265265265265,755451.4493194995,230330.48103026632,748147.2584049717,228381.25625310332,737739.6647287931,225595.24162641037,726066.8560413196,222459.08743912345,713940.6069080569,219189.9434056517,701724.9668739387,215886.90363474304,689586.1753053942,212596.27581401845,677601.5332940042,209340.2409571687,665807.7437044432,206129.7591231959,654223.1867448696,202970.6219172171,642859.266694052,199866.57794124036,631728.393446555,196821.47581967912,620823.4724946213,193833.88891260387,610144.1265102836,190904.11903060967,599697.5666321274,188034.62190938726,589504.0704110741,185231.6137626281,579610.3525254581,182508.83534436714,570120.1921457308,179896.03642361084,561265.3706147389,177458.4092306703,553573.457097061,175342.23309472887,548272.026766442,173884.79218995955
947,4.740260260260261,758847.3454561807,231199.63708785595,751509.4009910235,229242.2818721214,741053.7796991313,226444.66059863777,729327.1802588227,223295.46393957295,717145.1143750658,220012.7485173608,704873.2932130386,216696.0187516329,692678.7066312197,213391.7716205242,680638.9999785018,210122.27721866663,668791.0366979066,206898.5385689466,657153.2755209134,203726.36927453798,645737.1685046115,200609.53185455577,634555.1788107665,197551.8896737455,623600.177723763,194552.00877795563,612871.7846115782,191610.19106653452,602377.2413265402,188728.9011061468,592136.914781144,185914.37906157624,582197.7286947398,183180.420083863,572663.9318268306,180556.89365521728,563768.3637690349,178109.25729757795,556041.0194008932,175984.38999976325,550715.1440728006,174520.96330336638
948,4.745255255255255,762257.0902923761,232072.15039542835,754885.2555533183,230106.63315423546,744381.4123698295,227297.36020629626,732600.8048414512,224135.07054637425,720362.6968663852,220838.7312129417,708034.4678690105,217508.2585098316,695783.8611696674,214190.33942355675,683688.8677216814,210907.33346299623,671786.5121662156,207670.2867729606,660095.3320557565,204485.03503386318,648626.8274040553,201355.35473118347,637393.5148424504,198285.12402321186,626388.2313099462,195272.90161222656,615610.592856034,192318.98948552503,605067.8721660861,189425.8610729139,594780.5258654143,186599.7805796256,584795.6875432658,183854.59775925547,575218.0774254971,181220.30226421083,566281.5976150923,178762.61792952332,558518.6785405158,176629.02572843636,553168.2588246784,175159.58997324476
949,4.75025025025025,765680.7295594601,232948.03157701372,758274.8673765998,230974.32062385455,747722.6073920012,228153.35083201402,735887.7737323862,224977.91748327808,723593.3975917943,221667.90155116856,711208.5333141069,218323.63280192378,698901.6806607917,214991.9889505025,686751.1775409671,211695.41925434757,674794.2104156582,208445.01313870458,663049.3959569498,205246.62844064008,651528.2823141344,202104.05566139755,640243.4397911102,199021.18780618033,629187.6708435405,195996.57620425537,618360.5881879525,193030.52293006063,607769.4954624377,190125.51030880868,597434.9393574822,187287.82667580823,587404.2641637574,184531.37659339083,577782.663456821,181886.27034257073,568805.1061274518,179418.49909613232,561006.4680191458,177276.1481438583,555631.4041991194,175800.67998914234
950,4.755245245245245,769118.3089994595,233827.2912563565,761678.2817561318,231845.35480509783,751077.409427107,229012.64285812507,739188.1308849698,225824.01497373852,726837.2597710461,222500.26959051788,714395.5320303716,219142.15152019612,702032.2068542588,215796.72992845057,689825.9704632203,212486.5441566139,677814.1717617869,209222.72706934935,666015.5068411407,206011.1587400213,654441.5721655306,202855.64373517837,643104.9919150182,199760.08996046075,631998.5339235248,196723.04134258945,621121.807560088,193744.8000423304,610482.1475355675,190827.85731266192,600100.1909590946,187978.52570886756,590023.4936569383,185210.76480882737,580357.7244437509,182554.80598198855,571338.9232883739,180076.90876674248,563504.4213475966,177925.76510884945,558104.6133806723,176444.24114031496
951,4.760240240240241,772569.8743570118,234709.94005496625,765095.5439897341,232719.74621986304,754445.8631390961,229875.24666476363,742501.9202549687,226673.3732390363,730094.3266262606,223335.84538732146,717595.5065021596,219963.82455482052,705175.4815019943,216604.57208240553,692913.2875175105,213280.71773163427,680846.4365223133,210003.43796604138,668993.704327089,206778.63517516508,657366.7358909915,203610.1280405411,645978.2094744666,200501.83942192607,634820.8581508524,197452.30581386748,623894.2879271251,194461.82946264234,613205.8647073351,191532.9105814499,602776.3163738407,188671.88603571893,592653.4111253315,185892.7706263204,582943.2949109921,183225.91727237686,573883.0830818317,180737.85490893404,566012.5720383507,178577.88448449058,560587.91955552,177090.2812142904
952,4.765235235235235,776035.4713707393,235595.98859003192,768526.699369238,233597.50538575978,757828.01318598,230741.1726278248,745829.1857922802,227526.00249626956,733364.6413737645,224174.63899378918,720808.4992081139,220788.6617919091,708331.5463502945,217415.5251333741,696013.1697273623,214077.94953731186,683891.0450094875,210787.15522605262,671984.0280281751,207549.06698541544,660303.8124179651,204367.5176617458,648863.1307245282,201246.44512275237,637654.6811213357,198184.37840108853,626678.0662386826,195181.61982772045,615940.6832946079,192240.67860862,605463.3513003906,189367.9160098019,595294.0516666096,186577.40226320116,585539.4093784632,183899.61230027335,576437.6194870679,181401.34548695746,568530.9535992041,179232.51412857143,563081.3559051846,177738.80799533092
953,4.77023023023023,779515.1457639966,236485.44747218848,771971.7931713217,234478.642813897,761223.9042107943,231610.43111678096,749169.9714320324,228381.9129562037,736648.2472153375,225016.660455893,724034.552612559,221616.67311143244,711500.4431313667,218229.59879631802,699125.6581024389,214878.24912560068,686948.0375219237,211573.88824080015,674986.5175443643,208322.46340435406,663252.8406607038,205127.82167738213,651759.7939072922,201993.9159895351,640500.0404180122,198919.2678817588,629473.1794318098,195904.17976888255,618686.6396018843,192951.16988229766,608161.331425241,190066.6239793169,597945.45036646,187264.66793164174,588146.1023542769,184575.89914713288,579002.5664716841,182067.38846005138,571059.5995264497,179889.66189393034,565584.9555997758,178389.8292627882
954,4.775225225225225,783008.9432349458,237378.32730312756,775430.8706476815,235363.1690065153,764633.5808319021,232483.0324923455,752524.3210850405,229241.11482097,739945.1873288258,225861.91981110192,727273.7091562715,222447.8683849912,714682.2135542559,219046.80277796273,702250.7936296234,215681.62604035,690017.4543358324,212363.64639372693,678001.2124535908,209098.83365771722,666213.8595117931,205891.0491583199,654668.2372435388,202744.2609412734,643356.9736029609,199656.9830259096,632279.6644229409,196629.5179100902,621443.7699133838,193664.3928833687,610870.2924149367,190768.01828533818,600607.6422909367,187954.57583679838,590763.4083272164,185254.7858875001,581577.9579842319,182735.99178064213,573598.5432975694,180549.33562667735,568098.7517907508,179043.35278934278
955,4.780220220220221,786516.9094459148,238274.6386730402,778903.9770144892,236251.09445445286,768057.0876325989,233358.98710397253,755892.2786275718,230103.61828160295,743255.5048580746,226710.42708595874,730526.0112465823,223282.25747343298,717876.8992951148,219867.1467744524,705388.6172634548,216488.08981499914,693099.3356956219,213156.43905803407,681028.1523025174,209878.18696116502,669186.907833069,206657.20916551564,657588.4989238112,203497.48888721297,646225.5182085257,200397.5325939755,635097.5580992666,197357.64286586214,624212.1104845641,194380.35608342665,613590.2699077309,191472.10725979472,603280.662478257,188647.13417482478,593391.3617586633,185936.28058705395,584163.827946267,183407.1633924173,576147.8183633958,181211.5431642935,570622.7776031538,179699.3863391207
956,4.785215215215215,790039.0900119841,239174.39215787963,782391.1574410895,237142.42963443382,771494.469149963,234238.30528718093,759273.8878903709,230969.43351540517,746579.2429021344,227562.19229348644,733791.5012467633,224119.85022430067,721084.5419867719,220690.64046884142,708539.1699158747,217297.6499701095,696193.7218038179,213952.27559425423,684067.3765966289,210660.53251789528,672172.0244458811,207426.31074766643,660520.617098843,204253.60872453856,649105.7117279052,201140.92533452497,637926.8973094844,198088.56323904183,626991.697533027,195099.0679425768,616321.2995046434,192178.89922331026,605964.5459300097,189342.35113074686,596029.9970739501,186620.3913005155,586760.2102438324,184080.91122826518,578707.4581397127,181876.29233359706,573157.0661272928,180357.93766567847
957,4.79021021021021,793575.5304887515,240077.5983164336,785892.4570378808,238037.1850061678,774945.7698629033,235120.99736069218,762669.1926468948,231838.57068312753,749916.4445036876,228417.22543041402,737070.2214646499,224960.6564691031,724305.1832075459,221517.29352840962,711702.4924452315,218110.31601072502,699300.6528102573,214751.16534765591,687118.92478961,211445.87951609073,675169.2481206522,208198.3629386989,663464.6298692964,205012.62933590464,651997.591605066,201887.16998183186,640767.7188538817,198822.28761840926,629782.5672287694,195820.53690708743,619063.4167598756,192888.4024828924,608659.3276017281,190040.234876189,598679.3486530847,187307.12606941024,589367.138718328,184757.24320806976,581277.4959982478,182543.59094856805,575701.650409821,181019.0145098477
958,4.795205205205205,797126.2763592106,240984.26768719152,789407.9208433211,238935.37100924522,778411.0341793435,236007.07362336764,766078.2366006953,232711.03992595302,753267.1526366407,229275.53647420794,740362.2141404414,225804.68602039575,727538.8644692549,222347.11560179095,714878.6256444952,218926.09742354817,702420.168800504,215553.1176454663,690182.8362719596,212234.2371261881,678178.6175656853,208973.37475508382,666420.5752747618,205774.55958679438,654901.1952239278,202636.27525327748,643620.0594737045,199558.82457612583,632584.7556837319,196544.7714068763,621816.657170534,193600.62532946016,611365.0423927844,190740.7935669417,601339.4508208097,187996.49291967376,591984.6471567228,185436.16723635295,583857.9652570192,183213.44680802093,578256.5634441748,181682.62459742912
959,4.800200200200201,800691.3730196888,241894.41078499256,792937.5938099967,239836.99805981686,781890.3064224846,236896.54435093142,769501.063371897,233586.85136226975,756631.410192824,230137.13537989632,743667.5214336251,226651.9486686564,730785.6272043616,223180.11631590102,718067.6102286227,219745.00367391855,705552.3097834303,216358.14179390005,693259.150358785,213025.61449795633,681200.171415169,209751.35519296277,669388.4912819644,206539.40832269398,657816.5598967727,203388.24984657243,646483.9558397642,200298.1826650015,635398.2989405975,197271.7798528229,624581.0561656177,194315.57603520024,614081.7251355603,191444.03534035993,604010.3378359495,188688.49985909142,594612.7692810651,186117.69119975172,586448.899169989,183885.86769311535,580821.8381603261,182348.77563672638
960,4.8051951951951954,804270.8657647686,242808.03809744044,796481.5207896923,240742.07654704162,785383.6308160784,237789.41979246557,772937.7164827004,234466.0150842184,760009.2599677335,231002.03207667207,746986.185408958,227502.45417894376,734045.5127521959,224016.30527265114,721269.4868210149,220567.04420258116,708697.1156779071,217166.24707498157,696347.9062767188,213820.02075737153,684233.948216317,210532.31322507528,672368.415772125,207307.1843660704,660743.7228518203,204143.1024367838,649359.4445402226,201040.3704155716,638223.2329607847,198001.57063389284,627356.6490942129,195033.2628507382,616809.4105838381,192149.9683125806,606692.0438799885,189383.1548745589,597251.5387372397,186801.82296432025,589050.3309159745,184560.861364694,583397.5074137998,183017.47531590846
961,4.81019019019019,807864.7997711257,243725.16008106788,800039.7465173823,241650.61682928636,788891.0514686407,238685.7101666607,776388.2393418442,235348.54115399986,763400.7446452484,231870.23646425927,750318.2480214428,228356.21228732352,737318.5623441854,224855.69204543275,724484.2959390013,221392.22842223,711854.6262985363,217977.44274314563,699449.1431498973,214617.4650032747,687279.9864155863,211316.25779747148,675360.3865274143,208077.89651313899,663682.721219913,204900.84167315645,652246.5620675046,201785.39633296998,641059.5936115795,198734.15211406286,630143.4712128423,195753.69400211348,619548.1334003607,192858.60057554566,609384.6030448346,190080.46592915326,599900.9890829184,187488.57037264455,591662.2935867623,185238.4355604351,585983.6039739022,183688.7313001882
962,4.815185185185185,811473.2200802077,244645.78715723383,803612.3155940758,242562.6292300612,792412.6123565322,239585.42565780508,779852.6752279493,236234.4395999252,766805.9067812528,232741.7584090264,753663.7511002253,229213.23269704467,740604.8170880278,225698.28617535802,727712.0779782827,222220.56571381036,715024.8813403607,218791.7380216017,702562.899984933,215417.95630379592,690338.3243439082,212103.19782599658,678364.4412164348,208851.55353040612,666633.5920202449,205661.47617571254,655145.3448042694,202533.268893585,643907.4166523466,199469.53262903157,632941.5576719077,196476.8776875443,622297.9281434993,193569.9401938196,612088.0493197035,190780.44095899988,602561.1537746493,188177.9412407565,594284.8201743758,185918.59799180744,588580.16051111,184362.55122880565
963,4.82018018018018,815096.1715796671,245569.92970773525,807199.2724684298,243478.12403367177,795948.3573058256,240488.57641149563,783331.0672716711,237123.72041219118,770224.7887860792,233616.60773982914,757022.7363313367,230073.52507445108,743904.3179507271,226544.09716723824,730952.8731962589,223052.06542256483,718207.9203624779,219609.14209844574,705689.215654808,216221.50369253135,693409.0002008575,212893.1421925309,681380.6173786622,209628.1641509717,669596.3721450687,206425.01453161548,658055.8290083776,203283.99654148362,646766.7377197503,200207.72048270222,635750.9435011602,197202.82207396763,625058.8292529667,194283.99520118546,614802.4165770654,191483.08786992214,605232.0661540197,188869.9433548334,596917.9435574283,186601.35634081365,591187.2095835545,185038.94271180197
964,4.8251751751751755,818733.6989834629,246497.59807011337,810800.6614170395,244397.11148056932,799498.3299728702,241395.17253004902,786823.4584365687,238016.39353836182,773657.432905697,234494.79424356422,760395.2452391973,230937.09904460807,747217.1057404144,227393.1344852833,734206.7216941611,223886.73685380383,721403.7827704798,220429.66412250124,708828.1288816168,217028.11616445353,696492.0520376905,213686.09974096876,684408.9524077727,210407.7370705744,672571.0983433092,207191.46529128126,660978.0507967838,204037.58768458644,649637.5923119201,200948.72394342118,638571.6635941342,197931.53529333914,627830.8710345096,195000.77359700442,617527.7385575861,192188.4145338591,607913.7594328315,189564.5844676696,599561.6964865003,187286.71825650838,593804.7836225404,185717.91332656905
965,4.83017017017017,822385.8468105348,247428.80253263412,814416.5265233212,245319.60176237734,803062.5738234661,242305.22406759547,790329.8914986056,238912.46887853608,777103.8812015504,235376.32766041486,763781.3191667967,231803.96418662558,750543.2210868666,228245.4075485025,737473.6633979045,224724.5892683831,724612.5077976348,221253.31319887217,711979.6782180718,217837.80267153872,699587.517739169,214482.07927291826,687449.4835337782,211190.2809433636,675557.807203003,207960.8369642194,663912.0461282742,204794.05069057833,652520.0157714831,201692.55123995536,641403.7526914638,198663.02543867688,630614.0876435053,195720.28334232347,620264.0488539923,192896.42878503396,610606.2666772172,190261.87229490242,602216.1115684737,187974.69135127458,596432.9149170296,186399.4706141607
966,4.835165165165165,826052.6593619506,248363.5533289192,818046.9116548785,246245.60501657292,806641.1321105432,243218.74102483093,793850.409024181,239811.95628017985,780564.175528954,236261.21767876542,767180.9992544566,232674.1300286564,753882.7044206314,229100.92572578535,740753.7380375727,225565.631877867,727834.134484724,222080.09838418715,715143.9020276858,218650.5721180903,702695.4350040831,215281.0895431029,690502.2478038843,211975.804377377,678556.5351324814,208733.13801458658,666857.8507849749,205553.39388253476,655414.0432673835,202439.21055719123,644247.2453630114,199397.30055982995,633408.5130673869,196442.5323557128,623011.3808937828,193607.13841585765,613309.6207906189,190961.81451097748,604881.2212497464,188665.28319684215,599071.6355970177,187083.62207534822
967,4.84016016016016,829734.1806964166,249301.86063220477,821691.8604392495,247175.13132079836,810234.0478502469,244135.733343405,797385.0533465893,240714.8655325992,784038.3575139424,237149.4739297633,770594.3264170701,233547.6060425473,757235.5959506576,229959.69833064187,744046.985125432,226409.87383935603,731068.701658435,222910.0286815133,718320.8384635375,219466.43335573762,705815.8413243821,216083.1392544439,693567.2820619777,212764.31592970542,681567.3183402125,209508.37685643104,669815.5003525323,206315.6255342454,658319.7097754035,203188.7100315351,647102.1759887163,200134.3686589551,636214.1811068137,197167.52850881533,625769.7679207075,194320.55117254893,616023.854495555,191664.4187448342,607557.0577982487,189358.5013200307,601720.9776157243,187770.37516640278
968,4.8451551551551555,833430.4546040334,250243.73454920104,825351.4162379178,248108.1906867785,813841.3637963075,245056.21089991927,800933.8665407957,241621.2063610302,787526.4685284629,238041.10598150356,774021.3413197168,234424.40163811957,760601.9356403269,230821.7346155783,747353.4439323758,227257.32424995667,734316.2479082118,223743.11303491823,721510.5254455213,220285.3951780891,708948.7739628151,216888.23705280255,696644.6229266499,213555.8241013218,684590.1928131998,210286.56184860814,672785.0301988843,207080.75386521404,661237.0500572931,203941.0577459954,649968.5787380785,200874.23768567917,639031.125355497,197895.2796215878,628539.242974922,195036.67475045065,618749.0003140852,192369.69257529295,610243.6532841767,190054.35319819802,604380.972730513,188459.73729458597
969,4.85015015015015,837141.524578176,251189.18511352624,829025.6221184637,249044.79305381526,817463.1224125797,245980.18349950959,804496.8903964065,242530.9884203188,791028.5496637953,238936.12333281044,777462.0843515337,235304.5261570527,763981.7631817741,231687.04376608194,750673.1534626855,228107.99214086647,737576.8115614511,224579.3603236549,724713.00063597,221107.46631501373,712094.2699289734,217696.39152135764,699734.3067676534,214350.33733155287,687625.1942938409,211067.7012893436,675766.4754515132,207848.78703531163,664166.0986384116,204696.26172492464,652846.487548178,201616.91553192722,641859.3791785878,198625.7934572129,631319.8388717299,195755.5167890223,621485.0905468811,193077.64352612276,612941.0395593537,190752.84625437358,607051.6524824498,189151.71581332874
970,4.855145145145145,840867.4337853619,252138.22227868479,832714.5208247256,249984.948281832,821099.3658436188,246907.66086898322,808074.1663887096,243444.2212881629,794544.6417020737,239834.535406588,780916.5955977199,236187.9888663441,767375.1179683685,232555.63489419004,754006.1524269888,228961.8864710507,740850.4306569255,225418.77935594326,727928.3014135374,221932.65542652787,715252.3659536232,218507.61117459365,702836.3696806738,215147.8639921678,690672.3582551335,211851.80341042034,678759.8709730753,208619.73313905956,667106.8897837722,205454.32992839706,655735.9361001253,202362.4100263929,644698.9756895223,199359.07771665909,634111.5881788072,196477.08486648652,624232.1572508079,193788.27906076852,615649.2482351183,191453.9878520556,609733.0481744077,189846.31801707688
971,4.86014014014014,844608.2250329658,253090.85591055904,836418.1547448266,250928.6661439349,824750.135883152,247838.65264948035,811665.7356476447,244360.9144578855,798074.7850857708,240736.35154270948,784384.9148095391,237074.79895131613,770782.0390652356,233427.51703161295,757352.4792132868,229819.01612048058,744137.1429163128,226261.3788623223,731156.4648452176,222760.97109625774,718423.0984612083,219321.90445187318,705950.847460305,215948.41238105774,693731.7198741132,212638.8763709633,681765.2513352946,209393.6001995182,670059.4574723799,206215.27024619767,658636.9577938351,203110.72892862587,647549.9477252171,200095.1400328643,636914.5231918034,197201.3864941048,626990.2322149052,194501.60657671283,618368.3106586388,192157.78528964843,612425.1908476092,190543.55113578035
972,4.8651351351351355,848363.9407346253,254047.0957793802,840136.5658769173,251875.95631845924,828415.4739402999,248773.16838862718,815271.6389245563,245281.0773307073,801619.019885005,241641.58099041463,787867.0813721827,237964.96550813824,774202.5651776704,234302.69912238113,760712.1718559137,230679.38988290296,747436.9857136898,227107.16748854073,734397.5276563675,223592.4218244497,721606.5035403882,220139.2797105644,709077.7755710956,216751.99071547762,696803.314003397,213428.9282507944,684782.6507909925,210170.3961617515,673023.8353697404,206979.09049139553,661549.5857209994,203861.87992271114,650412.3278194963,200833.98796451782,639728.6759082059,197928.42911005815,629759.3469346582,195217.6333994492,621098.25788754,192864.24579451582,615128.1112564994,191243.42232900177
973,4.87013013013013,852134.6228731762,255006.95155114282,843869.7957924721,252826.82838046402,832095.4210033838,249711.21753214515,818891.9165565742,246204.71920748477,805177.3857625118,242550.2329001802,791363.1342703401,238858.4975358318,777636.7346172982,235181.19001498338,764085.2680022797,231543.01645811033,750749.9960428532,227956.15378795675,737651.5261985905,224427.0160204974,724802.6169124772,220959.7452186929,712217.1891165306,217558.60712482146,699887.1751406991,214221.96704332717,687812.1032441262,210950.12888584033,676000.0567984072,207745.79839347265,664473.8526361369,204615.87061051073,653286.148174627,201575.628989412,642554.0779993419,198658.2200729045,632539.5325844383,195936.36677603814,623839.1206627232,193573.37651662316,617841.8398418295,191945.93867961838
974,4.875125125125125,855920.3129609396,255970.43277842482,847617.8855969632,253781.291792638,835790.0176011481,250652.80941487924,822526.6084284504,247131.84927987505,808749.9219361182,243462.31631502786,794873.112051308,239755.40392772146,781084.5852658198,236062.99845396043,767471.8048772452,232409.90444367536,754076.2104823071,228808.34621341116,740918.496415331,225264.76199495135,728011.473897632,221783.30914708544,715369.1228058023,218368.2696428969,702983.3373961715,215018.0006479715,690853.6422176898,211732.80613941327,678988.1547064339,208515.40159097826,667409.790925579,205372.7085044388,656171.4406308264,202320.0704973353,645390.7607803858,199390.76665458462,635330.8199879781,196657.8138682187,626590.9293792526,194285.18452174077,620566.4067018256,192651.10718708867
975,4.88012012012012,859721.0519971729,256937.54889057155,851380.8758877271,254739.35589557572,839499.3037612169,251597.95325120492,826175.7539316714,248062.47662089008,812336.6671385363,244377.8401612306,798397.0527854719,240655.69346229482,784546.1545361729,236948.1330709171,770871.8192449512,233280.06232611387,757415.6651577549,229663.75310853892,744198.4738050152,226105.66795097644,731233.109378631,222609.97956097088,718533.6109182128,219180.98619966672,706091.8344574211,215817.0368620119,693907.30081933,212518.4355896601,681988.1616335764,209287.90762367516,670357.4325742484,206132.4010197379,659068.2366335983,203067.31978247347,648238.7551782337,200126.0760329443,638133.2395867485,197381.98174504377,629353.7140551684,194999.676784178,623301.8415613062,193358.9347602545
976,4.8851151151151155,863536.8804224838,257908.30918319966,855158.8067088223,255701.02989738045,843223.3189655833,252546.65812477135,829839.391920654,248996.6101747966,815937.6595742891,245296.8132383755,801934.9940239654,241559.37479342974,788021.4793309201,237836.6023749133,774285.3473679288,234153.49847143676,760768.3957019174,230522.38269847955,747491.4933815638,226949.74197521826,734467.5577620701,223439.76441099963,721710.687265041,219996.76461241915,709212.6995520308,216619.08337192572,696973.1117045138,213307.02479479453,685000.1096750902,210063.32392414377,673316.8091300697,206894.95546622085,661976.5671987435,203817.38403528673,651098.0916970873,200864.15528374104,640946.821406083,198108.87737500775,632127.5042980821,195716.86017901596,626048.1737386022,194069.42820964626
977,4.89011011011011,867367.8380699895,258882.72280697495,858951.7175026671,256666.3228625468,846962.1021029234,253498.93297753428,833517.5606658164,249934.2587463172,819552.9368735638,246219.2442087394,805486.9727533114,242466.45643994558,791510.595997674,238728.41474218934,777712.424963294,235030.22111504807,764134.4372114856,231384.24307994553,750797.5896320936,227796.99202803857,737714.8529367946,224272.67152364325,724900.3851486922,220815.61257632775,712345.9654074137,217424.14774410066,700051.1070370696,214098.58119492658,688024.030442949,210841.657808806,676287.9516658495,207660.37903944324,664896.4628748792,204570.2703338259,653968.8003815942,201605.0113720982,643771.5950188929,198838.5076176299,634912.329269395,196436.7414738034,628805.4321101239,194782.59423925757
978,4.895105105105105,871213.9641129894,259860.79875561286,862759.647058224,257635.24370007444,850715.691417508,254454.78659803,837210.2978032993,250875.43098908413,823182.5360427754,247145.1415859295,809053.0253468296,243376.94677443168,795013.5402813401,239623.5784051817,781153.0871558187,235910.238350945,767513.824201008,232249.34221060388,754116.7964716015,228647.42593307563,740975.0282293707,225108.70859092998,728102.7373189367,221637.53765435907,715491.664207807,218232.23741491124,703141.318446922,214893.1121023045,691059.9550243013,211622.91646832964,679270.8907384409,208428.6788112655,667827.9537032935,205325.9856344487,656850.9107773607,202348.65114336944,646607.5895068004,199570.8792144572,637708.2176459719,197159.3273196809,631573.6450724079,195498.43943775145
979,4.9001001001001,875075.2970089023,260842.5458530481,866582.6334554869,258607.80115075904,854484.1244544681,255414.2276088382,840917.640281103,251820.13539329448,826826.4934116016,248074.51372273802,812633.187512578,244290.85401130322,798530.3472729577,240522.10144077844,784607.3684276595,236793.5581201714,770906.5905534889,233117.68789772346,757449.1471944219,229501.05136608254,744248.1163563824,225947.88315947127,731317.7759260343,222462.5472664834,718649.8275482043,219043.3596801101,706243.7769848165,215690.6246908829,694107.9139369723,212407.10695736934,682265.6563450029,209199.86171976416,670771.0691749419,206084.53676189532,659744.4518886567,203095.08131337274,649454.8334185082,200305.9987794471,640515.1975790886,197884.62424189126,634352.840501467,196216.97026906098
980,4.905095095095096,878951.8744392062,261827.9727397175,870420.7140060096,259584.0037736036,858267.4380011592,256377.264453177,844639.6243013818,252768.38027251163,830484.8445762441,249007.3687981575,816227.494237584,245208.18619403164,802061.0513548955,241423.9917577634,788075.3025644998,237680.18819847202,774312.7694674692,233989.2877860385,760794.6744222263,230357.87584299513,747534.1493733327,226790.20261872982,734545.5324705179,223290.64867813975,721820.4863850068,219857.52168348618,709358.5130738203,216491.12598517048,697167.9370817967,213194.23618360044,685272.2778761463,209973.93455844617,673725.838184383,206845.93039867975,662649.452133113,203844.3084579509,652313.3547252071,201043.87278868517,643333.2966504612,198612.63862963658,637143.0457092484,196938.19306234102
981,4.91009009009009,882843.7332450887,262817.08785789215,874273.9251891898,260563.85993128928,862065.6680243401,257343.90538057117,848376.2852586242,253720.17374955272,834157.6243386439,249943.71480349675,819835.9797280985,246128.95118149096,805605.6861421365,242329.25708339177,791556.922597859,238570.13618309528,777732.393400335,234864.14934477265,764153.4100483155,231217.90670717513,750833.1586199057,227635.67418847777,737786.0377494036,224121.8489879044,725003.6709831606,220674.7304047397,712485.556457371,217294.62284830766,700240.0536915602,213984.31089599442,688290.784065746,210750.9039647187,676692.2889804386,207610.17307374737,665565.9392931958,204596.33900181044,655183.1807728127,201784.50756939477,646162.5418251476,199343.37672523438,639944.2873969965,197662.11400122655
982,4.915085085085085,886750.9093585087,263809.89943599503,878142.3025840066,261547.3777746415,865878.8496028719,258314.1584315285,852127.6576734238,254675.52374140153,837844.8666413605,250883.55952753872,823458.6773455932,247053.15663336136,809164.2844193832,243237.904949038,795052.2607432866,239463.40947868218,781165.494007589,235742.2798537663,767525.385177949,232081.1511157713,754145.1746613282,228484.30490538792,741039.3217985693,224956.15511430756,728199.410859534,221494.9926465201,715624.9361436288,218101.12196932078,703324.2922763055,214777.33767228588,691321.2029371834,211530.7764075634,679670.4491133424,208377.27115035118,668493.9404642284,205351.17920659174,658064.3382308057,202527.9092881876,649002.9594011018,200076.84461252697,642756.5916053009,198388.73911235135
983,4.92008008008008,890673.4377283381,264806.41547183396,882025.8807958916,262534.5652260212,869707.0168556185,259288.03142115602,855893.7751215274,255634.4379430771,841546.6044978118,251826.91054066992,827095.6195381943,247980.809994523,812736.8780736785,244149.94267485145,798561.3483341543,240360.01528218086,784612.1020777933,236623.686388646,770910.6300644188,232947.61602513897,757470.2272255578,229336.1016086988,744305.41383103,225793.57378173957,731407.7347222598,222318.31502056832,718776.6803458667,218910.62984949685,706420.6805647493,215573.32290557382,694363.5617457608,212313.5581743598,682660.345378131,209147.23081309072,671433.4819987174,206108.8351581151,660956.8530374338,203274.08393850434,651854.5749551404,200813.0482044903,645579.9836605934,199118.07425307366
984,4.925075075075075,894611.3522412344,265806.64371467347,885924.6933783803,263525.42996156676,873550.2028642023,260265.5319216437,859674.6701578256,256596.9238103865,845262.869917539,252773.77517791436,830746.8377672299,248911.91847837126,816323.4980222248,245065.377353352,802084.2157507316,241259.96056671854,788072.2474628806,237508.37580496867,774309.1740405741,233817.30817525234,760808.3451359972,230191.07092488982,747584.342170821,226634.1115053838,734628.6704057608,223144.70393290298,721940.8164186175,219723.1527878171,709529.2454415269,216372.27278999856,697417.8869170226,213099.25535679926,685662.0037540055,209920.0580540571,674384.5894467192,206869.31275274773,663860.7503410182,204023.03732718836,654717.4132850677,201551.9932299892,648414.4881178414,199850.12509835607
985,4.93007007007007,898564.6856368675,266810.59164606757,889838.7727491773,264519.97939220787,877408.4395902558,261246.66724353604,863470.3742349236,257562.988541486,848993.6938261442,253724.16052079323,834412.362428542,249846.48904897805,819924.1741350595,245984.215831891,805620.8923442066,242163.25206435868,791545.9590035004,238396.35472127027,777721.0454454675,234690.23407303944,764159.5562394161,231049.21925129762,750876.1341821704,227477.77457510916,737862.2448011528,223974.16556798288,725117.3707892785,220538.69686538525,712650.0128799743,217174.19330542965,700484.2039806858,213887.873835827,688675.4493393825,210695.75865802148,677347.2874919651,207632.61768282947,666776.0544370845,204774.77506013412,657591.4983476881,202293.68521961864,651260.1286991696,200584.89712674115
986,4.935065065065065,902533.4694171007,267818.2664593649,893768.1501002322,265518.2206433656,881281.7577867659,262231.4444157084,867280.9176159042,258532.6390571661,852739.10597952,254678.07337793117,838092.2227681895,250784.52840202098,823538.935152221,246906.46469390052,809171.4063552936,243069.896247667,795033.2644490431,239287.62950094327,781146.2715457759,235566.39997456627,767523.8873287427,231910.55273860143,754180.8161936317,228324.56903824987,741108.4837816899,224806.70587177674,728306.3688848465,221357.2679287808,715783.0078701248,217979.090201097,703562.5374998702,214679.41926554454,691700.7062823221,211474.33818660205,680321.5998834431,208398.7554210935,669702.7887010252,205529.3025269449,660476.8531924089,203038.12949056836,654116.9282281162,201322.39560535876
987,4.94006006006006,906517.7337486872,268829.6750377966,897712.8553014023,266520.1605332484,885170.1869030999,263219.8701639587,871106.3292808696,259505.88197977352,856499.1348719649,255635.52026432083,841786.4467921429,251726.04294439286,827167.8085950094,247832.13023884635,812735.7848270423,243979.8993100031,798534.190371973,240182.2062328621,784584.8784516263,236445.81186598988,770901.3640603541,232775.0772720977,757498.4134168129,229174.5006811965,744367.4121229032,225642.3305336635,731507.8350534384,222178.8715722628,718928.2543415837,218786.96897809225,706652.9109952942,215473.89705600188,694737.7977060098,212255.8019613383,683307.5493621145,209167.731204012,672640.9755159732,206286.62488453268,663373.4998901258,203785.3311304445,656984.9085592179,202062.6255739008
988,4.945055055055055,910517.5073590276,269844.82393104816,901672.9167972414,267525.8055496466,889073.7549832539,264211.9508881179,874946.6368268229,260482.72361067578,860273.8076377473,256596.50737915476,845495.0611695431,252671.03877240303,830810.820670927,248761.21846079643,816314.0535114335,244893.26714445048,802048.7620760544,241080.09071067028,788036.8910264239,237328.47544319645,774292.010865479,233642.7984516822,760828.9498593198,230027.5750097153,747639.0534170566,226481.04496708326,734721.7924802272,223003.51311874553,722085.7750809129,219597.83487066205,709755.346864078,216271.31235480157,697786.7456289358,213040.1550455973,686305.1575824189,209939.5500139934,675590.636195548,207046.7470395868,666281.459457049,204535.29497997463,659864.0905025895,202805.59182749045
989,4.95005005005005,914532.8174244906,270863.71933021006,905648.3614964283,268535.16182512156,892992.4885568487,265207.69263757765,878801.8663604078,261463.16990616728,864063.1499456529,257561.04058212377,849218.0911290615,253619.52164847084,834467.9961718399,249693.73502550626,819906.2367693197,245810.0053212909,805577.0034980398,241981.2884106357,791502.3327902594,238214.39609003137,777695.850855289,234513.7215704494,764172.4482314992,230883.79722790868,750923.4299815086,227322.85428885175,737948.2630973917,223831.19759946046,725255.591643137,220411.69282621055,712869.8662927666,217071.6700274334,700847.5708793945,213827.4022252318,689314.4450281934,210714.2165603505,678551.7909011028,207809.67362983298,669200.751773116,205288.02561452056,662754.4937431404,203551.29889837
990,4.955045045045045,918563.6894507607,271886.3670409951,909639.2146533027,269548.2351104784,896926.4125223467,266207.10108512506,882672.0423829986,262447.22645170946,867867.1858860124,258529.1253680765,852955.5603478758,254571.49697620788,838139.3583648838,250629.68524592198,823512.3574632352,246730.11906392113,809118.9371023562,242885.80446797612,794981.225816435,239103.57885502657,781112.9057192322,235387.85159181335,767528.9298465442,231743.1722157229,754220.562760555,228167.76329704677,741187.2674876609,224661.92973221422,728437.7242569518,221228.54748392134,715996.4891641665,217874.97463625218,703920.2930039063,214617.54798790356,692335.4309226151,211491.73525895653,681524.458553094,208575.4090040002,672131.3954946022,206043.52732431595,665656.1367540496,204299.7510363261
991,4.96004004004004,922610.1471446512,272912.77245510253,913645.4997409536,270565.0307464032,900875.5500219398,267210.18149896816,886557.187667596,263434.8984343884,871685.9378496745,259500.76683992773,856707.490832728,255526.9697737785,841824.9288755924,251569.07405598916,827132.4368425673,247653.61322310628,812674.5837682842,243793.6436515493,798473.5906206181,239996.02842651965,784543.1956161238,236265.19312504813,770898.4145134839,232605.7045049019,757530.4712202785,229015.77644736783,744438.8247809876,225495.7138981458,731632.1917231852,222048.4031519038,719135.2339575521,218681.23041800436,707004.9301691175,215410.59650097985,695368.1331317353,212272.11021049714,684508.656736142,209343.95720040548,675073.4079605184,206801.8040933411,668569.0367040896,205050.95218776548
992,4.965035035035035,926672.2122767653,273942.9405196011,917667.2383152478,271585.5536331386,904839.9223075126,268216.93871282536,890457.3231269429,264426.1906134696,875519.4263983464,260475.96967969212,860473.9027925052,256485.9446454176,845524.7275626968,252511.90598265192,830766.4944205453,248580.492249453,816243.9626691001,244704.8103367933,801979.4460421002,240891.74910605387,787986.7390574813,237145.75039913962,774280.9204225512,233471.3982532805,760853.1732359133,229866.89782786305,747702.9525438683,226332.55411687854,734839.0113060311,222871.26378276135,722286.1176417698,219490.44125980322,710101.4990567245,216206.55158790445,698412.5680611498,213055.34517722152,687504.4015973418,210115.32192406096,678026.8050923509,207562.8595767403,671493.20935836,205804.90597334702
993,4.97003003003003,930749.904534359,274976.8757041928,921704.4498691605,272609.8081980602,908819.5485970424,269227.37709394615,894372.4676722331,265421.1072889137,879367.6701256916,261454.7381175157,864254.8145017308,257448.42575097972,849238.772383998,253458.18511591616,834414.547842459,249510.76016398033,819827.0911426052,245619.30847679774,805498.8091165933,241790.74477994064,791443.552782546,238029.52723482923,777676.4640223888,234340.25721730234,764188.6849711871,230721.13113191072,750979.6666607825,227172.4540199563,738058.1986165411,223697.1329474739,725449.1555607344,220302.61067344676,713210.01475092,217005.41670293844,701468.7505453209,213841.4435580903,690511.7077373387,210889.5065222019,680991.6012866724,208326.69707668203,674428.6689719628,206561.61566407167
994,4.975025025025025,934843.2413636992,276014.58196621103,925757.1516767059,273637.79836101003,912814.4459207539,270241.5005089198,898302.6380617401,266419.6522677163,883230.685508517,262437.0758985657,868050.2421543265,258414.4167733825,852967.0792526776,254407.9150768428,838076.6127444871,250444.4205266568,823423.9845524285,246537.14157137467,809031.6949399632,242693.0188888559,794913.6516244034,238916.52701472762,781085.0598885055,235212.2847226389,767537.0207490736,231578.47962933502,754268.9812071901,228015.41682244604,741289.7674878218,224526.01380747603,728624.3613107755,221117.74176796156,716330.4906178281,217807.1949041571,704536.693729022,214630.40836220767,693530.5880936572,211666.51395812654,683967.8093001142,209093.31951655343,677375.4281761176,207321.0841557232
995,4.98002002002002,938952.2378011676,277056.06271319627,929825.3586257307,274669.52749723126,916824.6289562943,271259.31228711794,902247.8487386475,267421.8288279187,887108.4867473486,263422.9862476299,871860.1997069428,259383.9208837985,856709.6618833638,255361.09898332861,841752.7026024587,251381.47640276185,827034.6561394419,247458.31263399377,812578.1165222514,243598.5743953375,798397.0483665623,239806.7526513631,784506.7205823654,236087.48363277953,770898.1929133362,232438.94613552652,757570.9083134852,228861.44529257924,744533.7298413465,225357.90908480872,731811.746609253,221935.83722025255,719462.9381763603,218611.88882458367,707616.4089403484,215422.24218042032,696561.0538157279,212446.34678323055,686955.4401261576,209862.72941337546,680333.4978561772,208083.31394154596
996,4.985015015015015,943076.9062923095,278101.3207628819,933909.0830387727,275704.9983977372,920850.1098521489,272280.81518160785,906208.1116573096,268427.6396801289,891001.0855956327,264412.47183126793,875684.6987111146,260356.94070444055,860466.531627219,256317.739413521,845442.8285698335,252321.93032692256,830659.1168625853,248382.8241564296,816138.0846312969,244507.4137490345,801893.7535893174,240700.2065530225,787941.456500435,236965.85631545115,774272.2116802115,233302.53297843027,760885.4580192607,229710.54171929596,747790.0955437479,226192.82103020878,735011.3211538197,222756.8992437251,722607.366959879,219419.50064133015,710707.9055546887,216216.94715495652,699603.1141310236,213229.00710711218,689954.502863159,210634.92884831358,683302.8870209666,208848.3070830378
997,4.99001001001001,947217.2564979603,279150.3583004097,938008.3344811308,276744.21322693833,924890.8980384511,273306.0113273613,910183.4360971127,269437.0869263808,894908.491176754,265405.534717344,879523.7481334488,261333.47826877303,864237.6972952681,257277.83836670293,849146.9993041309,253265.7842646637,834297.3752283447,249310.67807096711,819711.607625206,245419.53884955612,805403.7755051606,241596.8905872314,791389.2757124762,237847.40460671828,777659.0849795257,234169.24196325312,764212.6381171924,230562.7078775486,751058.8722534116,227030.7513889954,738223.0924716609,223580.92955474212,725763.7843680107,220230.03204260775,713811.1908490154,217014.52494696938,702656.7762016685,214014.49656561413,692965.0045729872,211409.919435155,686283.6026628286,209616.06517872852
998,4.995005005005005,951373.2950865278,280203.1768325832,942123.1195552323,277787.1734773354,928947.0000242883,274334.902196571,914173.8284630538,270450.17201614653,898830.7097879938,266402.1763317611,883377.3541629786,262313.5349789709,868023.1649691246,258241.3972214729,852865.2207809787,254213.03957129928,837949.4371080702,250241.8757099935,823298.6912728839,246334.9510067521,808927.1197824618,242496.80604171057,794850.1837883159,238732.12977260214,781058.8182844918,235039.07433473298,767552.4539858035,231417.94499120783,754340.0652561451,227871.70136460089,741447.065758003,224407.9293367638,728932.195507914,221043.48419246002,716926.2698458043,217814.97670184003,705722.0449708434,214802.81628666006,695986.9501296001,212187.70228661047,689275.6496077111,210386.58933080384
999,5.0,955545.02551144,281259.77713895455,946253.4416803156,278833.87992107694,933018.4191805383,275367.4885508746,918179.2920720845,271466.89569930517,902767.7446905022,267402.3974122009,887245.5200047778,263297.11156043643,871822.9377982161,259208.4166910325,856597.4960949013,255163.69694798108,841615.3055422696,251176.4177627969,826899.33856177,247253.6508982476,812463.7893565827,243399.95358263393,798324.1836122692,239620.03246804772,784471.414429378,235912.03073680098,770904.908410313,232276.25369340685,757633.6772891406,228715.67157958195,744683.2437031171,225237.89920201208,732112.6030242404,221859.8576930614,720053.1451458421,218618.30301208558,708798.9229982584,215593.96685373312,699020.3420568485,212968.27797829043,692279.0303545906,211159.88010942703
