,eps,G_up_y0,G_down_y0,G_up_y1,G_down_y1,G_up_y2,G_down_y2,G_up_y3,G_down_y3,G_up_y4,G_down_y4,G_up_y5,G_down_y5,G_up_y6,G_down_y6,G_up_y7,G_down_y7,G_up_y8,G_down_y8,G_up_y9,G_down_y9,G_up_y10,G_down_y10,G_up_y11,G_down_y11,G_up_y12,G_down_y12,G_up_y13,G_down_y13,G_up_y14,G_down_y14,G_up_y15,G_down_y15,G_up_y16,G_down_y16,G_up_y17,G_down_y17,G_up_y18,G_down_y18,G_up_y19,G_down_y19,G_up_y20,G_down_y20
0,0.01,7073.406557799082,5976.451671943286,7041.678583110872,5951.414940882119,6996.338776918478,5915.685483829864,6945.021789643077,5875.268891252856,6891.092786178545,5832.794566943127,6836.104012105189,5789.467405335586,6780.805474329408,5745.8660462859525,6725.577919847175,5702.282722954607,6670.626486084438,5658.874255845818,6616.072018241405,5615.73273833357,6561.998227243903,5572.921720883557,6508.48195222725,5530.499182802575,6455.543493291742,5488.484020943425,6403.222445271546,5446.909588832313,6351.594266703976,5405.837082349639,6300.803880032185,5365.382378738943,6251.136696790382,5325.772740825333,6203.174710490519,5287.47174257849,6158.153229295055,5251.465686650634,6118.80885618797,5219.946688362619,6091.475963443449,5198.0068833702335
1,0.014994994994994995,7081.81988929964,5980.337541218149,7050.029201011101,5955.275916548309,7004.599233586173,5919.510685756354,6953.180067712704,5879.0535107112455,6899.143896930685,5836.536544653883,6844.046295208015,5793.165982453773,6788.638906093016,5749.5211060689735,6733.303312867432,5705.894480165906,6678.24510082608,5662.443105873484,6623.585375118854,5619.259183744013,6569.408026088608,5576.406339251404,6515.790064348635,5533.942622025525,6462.75177323449,5491.886932450531,6410.332782790651,5450.2726460410095,6358.608663417313,5409.161010780255,6307.72458527062,5368.668011155841,6257.966471827789,5329.021125474253,6209.9173728617025,5290.684366862222,6164.814826660512,5254.64496073391,6125.400307262926,5223.097036923591,6098.019249753871,5201.137317258027
2,0.019989989989989992,7090.283633666147,5984.239885776825,7058.4297644294065,5959.153232158212,7012.908964680876,5923.352033056977,6961.386861916428,5882.854055215888,6907.2427314362785,5840.294216596641,6852.035500520188,5796.880019720697,6796.518461384906,5753.191392176097,6741.074039562509,5709.521231919008,6685.908271277062,5666.0267216435095,6631.142523311805,5622.800169615715,6576.8608665474485,5579.905276682506,6523.140484194622,5537.400163150022,6470.001642440015,5495.303732868038,6417.484006595883,5453.649383392268,6365.6632595468245,5412.498415027568,6314.684820743684,5371.966920013803,6264.835129050309,5332.2825932091655,6216.698297797047,5293.909889126243,6171.51411103077,5257.836960667922,6132.028948227448,5226.259962518906,6104.599385417855,5204.280226122828
3,0.024984984984984984,7098.798158438746,5988.158802064245,7066.880637183378,5963.046983257999,7021.2683286903675,5927.209619988663,6969.642524740444,5886.670617568445,6915.389635930313,5844.06767405359,6860.071967970432,5800.609606882321,6804.444473864034,5756.876992822961,6748.890427402034,5713.163064916236,6693.61631881975,5669.6251883675295,6638.743778228661,5626.3557796952555,6584.357058175388,5583.418615486045,6530.533515594816,5540.871887077503,6477.293399136754,5498.734501718545,6424.676409438473,5457.0398790588415,6372.758342494504,5415.849371944639,6321.684868643327,5375.279180879327,6271.7429456043965,5335.557218349661,6223.517757617065,5297.148382496859,6178.25135024002,5261.04175846938,6138.695043036446,5229.435536205831,6111.216631730109,5207.4356803640085
4,0.029979979979979983,7107.363866938918,5992.094395850517,7075.382218510395,5966.957274632103,7029.677719004486,5931.083549921908,6977.947442990005,5890.503299543393,6923.584990359594,5847.857017132807,6868.1560705867005,5804.354842361936,6812.417309679526,5760.578004754557,6756.752835744551,5716.820074242929,6701.369596134014,5673.238599496036,6646.3894859949105,5629.926105826408,6591.896940675722,5586.946445929396,6537.969491970803,5544.357882531462,6484.627370600798,5502.179326213361,6431.910312584955,5460.444218771644,6379.894227657705,5419.213965815051,6328.725038650385,5378.604876624985,6278.690225634831,5338.845082400796,6230.376051171343,5300.399927170393,6185.026838215231,5264.2594331176515,6145.398881360297,5232.623835911459,6117.871275442069,5210.603757187106
5,0.034974974974974975,7115.981169954409,5996.046774764064,7083.934915038321,5970.884212905713,7038.13753629517,5934.973928042817,6986.30201063056,5894.352204702461,6931.829181704253,5851.662347700024,6876.288188302351,5808.115826310606,6820.437341758779,5764.294526413884,6764.661630601365,5720.492356653024,6709.16846242908,5676.867050119146,6654.079999144263,5633.511241464108,6599.480860041251,5590.488859863156,6545.448752917521,5547.858239791261,6492.003890167927,5505.638295092866,6439.186043250381,5463.86248976443,6387.071236273657,5422.592282399568,6335.805646179717,5381.944091575517,6285.677278917886,5342.146268295536,6237.273482842793,5303.664604747863,6191.840874325364,5267.490064975201,6152.140758232317,5235.82494092727,6124.563608613829,5213.784535149223
6,0.03996996996996997,7124.650482271079,6000.016047372269,7092.5391373522425,5974.827905633933,7046.648185133175,5938.880860454469,6994.706625460777,5898.217437509795,6940.122600709437,5855.483768508224,6884.468704747061,5811.892659751333,6828.5049466572555,5768.026657100654,6772.617181544511,5724.180009742111,6717.013280408669,5680.510636153814,6661.815673639918,5637.111280875566,6607.109165630561,5594.045949935922,6552.971641333359,5551.373049920273,6499.423294416345,5509.111497867743,6446.50393183252,5467.294780027839,6394.289692703983,5425.984408202722,6342.927009713734,5385.29691078664,6292.704418242233,5345.460859685423,6244.210359973942,5306.9424975369675,6198.693760849825,5270.733735100103,6158.920971553657,5239.038931230784,6131.29392614404,5216.978093486911
7,0.04496496496496497,7133.372222143184,6004.002323039413,7101.195299470038,5978.788461161057,7055.2100734712685,5942.8044540380815,7003.1616886043075,5902.09910319523,6948.465641386052,5859.321383063133,6892.698006756581,5815.685444446793,6836.620504077227,5771.774496841253,6780.619861234355,5727.883131819621,6724.904415807331,5684.169454218192,6669.596868419463,5640.726319016772,6614.7822097213175,5597.61780947289,6560.538502981636,5554.902404646549,6506.885922736206,5512.59902470168,6453.864311489254,5470.741178194072,6401.549924019752,5429.390430359427,6350.089450394879,5388.663419933536,6299.771959008714,5348.788940830875,6251.186992473597,5310.23368844415,6205.585802591565,5273.990525139734,6165.739821711954,5242.265887380637,6138.062525392366,5220.1845120122125
8,0.049959959959959964,7142.146811210514,6008.0057119033,7109.903818760365,5982.765988597372,7063.823612563389,5946.744816430121,7011.667604430315,5905.997307731776,6956.858700932647,5863.175295601059,6900.976484296062,5819.494282877549,6844.784396792506,5775.538146367323,6788.670045345719,5731.601821887764,6732.842237317934,5687.843601610945,6677.423945323719,5644.356451512169,6622.500347440388,5601.204532455874,6568.149686422063,5558.446396343158,6514.392117262337,5516.100966392028,6461.26751807252,5474.201773517884,6408.852259936618,5432.810436616277,6357.293291961967,5392.043705292466,6306.880219167771,5352.130596583111,6258.20369275539,5313.538260956801,6212.517306816619,5277.260517313236,6172.597611521753,5245.505890499276,6144.869706120489,5223.403871095525
9,0.054954954954954956,7150.974674497624,6012.026324873745,7118.665115941892,5986.760597817668,7072.489216963899,5950.70205602083,7020.224780552714,5909.912157834143,6965.30217973471,5867.045611087444,6909.304530459361,5823.319278240632,6852.997010647776,5779.317707114371,6796.768112567235,5735.336179640164,6740.827116591051,5691.533176309881,6685.297269096135,5648.001774653295,6630.263936763317,5604.806213521978,6575.805543010177,5562.005118026901,6521.942222873677,5519.617414368539,6468.713890127777,5477.676655875338,6416.197032814308,5436.244515330321,6364.538860749681,5395.437853739564,6314.0295192189915,5355.485912382949,6265.260775737298,5316.85629914208,6219.488583253655,5280.543794410364,6179.494646224046,5248.759022271821,6151.715770491657,5226.636251664458
10,0.059949949949949954,7159.856240430621,6016.064273635734,7127.479615099914,5990.772399464387,7081.207304543951,5954.676281957327,7028.833627846317,5913.8437609617995,6973.796481380534,5870.932435219882,6917.682541484622,5827.160534452485,6861.258734573897,5783.1132812246615,6804.914444616376,5739.086305464697,6748.859428249719,5695.2382769747655,6693.21720739728,5651.662385401565,6638.073338528547,5608.422947966311,6583.506426911344,5565.578663360966,6529.536587207042,5523.148460695977,6476.203768907527,5481.165915766358,6423.584577669914,5439.692755471581,6371.826485701637,5398.845952753311,6321.220182223911,5358.854974263263,6272.3585588542655,5320.18788764932,6226.499944106379,5283.840439793848,6186.431233498516,5252.025364948388,6158.601023082805,5229.881735206143
11,0.06494494494494495,7168.791940858268,6020.119670653774,7136.347743707248,5994.8015049519,7089.978296512101,5958.667604147834,7037.494560467067,5917.792225323138,6982.342012681094,5874.835874432204,6926.110916773829,5831.018156152997,6869.569960607111,5786.924971551171,6813.109426258329,5742.852300447384,6756.939549907975,5698.959002951124,6701.184130823079,5655.338381391995,6645.9289164552965,5612.054831745675,6591.252695118319,5569.167126658552,6537.175560674382,5526.694198077672,6483.7374983882655,5484.669644318245,6431.0152321945425,5443.1552466264975,6379.15649838673,5402.268090417929,6328.452533822116,5362.237868852289,6279.497362074011,5323.53311171329,6233.551704069093,5287.150537402597,6193.407683478862,5255.305001347272,6165.525770899732,5233.1404037703705
12,0.06993993993993994,7177.782211074288,6024.19262917653,7145.269932646313,5998.84802647112,7098.802617436076,5962.676133266216,7046.207995873465,5921.757659879933,6990.939183691121,5878.756035898866,6934.590058913491,5834.8922487098225,6877.931083909382,5790.752881661846,6821.353445325964,5746.634266376564,6765.067862190472,5702.695454274359,6709.19841292406,5659.029860937247,6653.8310371625,5615.701961482515,6599.044707469847,5572.770602886762,6544.859496481034,5530.254719859355,6491.315425288415,5488.187933289436,6438.489336770921,5446.632079001626,6386.5292330164575,5405.704355427001,6335.726902248237,5365.634683377212,6286.677507913743,5326.892057157713,6240.644180343146,5290.474171755176,6200.42430876903,5258.598014858347,6172.490323393164,5236.41233997298
13,0.07493493493493493,7186.827489840119,6028.283263241588,7154.246616231662,6002.912076994219,7107.680695264967,5966.701980756639,7054.974354848433,5925.740174351934,6999.5884077305745,5882.693027539462,6943.120373695741,5838.782918222796,6886.342502789093,5794.597115843935,6829.646892740177,5750.432305747167,6773.244748752462,5706.447731673945,6717.26043022498,5662.736923031764,6661.780070188075,5619.364434468993,6606.882826669585,5576.389187670598,6552.588750644328,5533.830120033082,6498.937899086606,5491.720875073349,6446.007234491373,5450.123343427425,6393.945026462554,5409.154837087205,6343.0436183493,5369.045505667822,6293.89932145723,5330.264810398875,6247.7776926537235,5293.811427953349,6207.481424459746,5261.904489446578,6179.494992475124,5239.697626999313
14,0.07992992992992994,7195.928219407857,6032.391687680262,7163.278232232706,6006.9937702793895,7116.61296135164,5970.745258838257,7063.794061521318,5929.739879221482,7008.290101406278,5886.646958023268,6951.702270139616,5842.690271528402,6894.804618721966,5798.457779108393,6837.990162530429,5754.246521765038,6781.4705962999715,5710.215936577673,6725.37056224465,5666.459667355929,6669.776388008386,5623.042348671074,6614.767418305224,5580.02297729698,6560.36368201237,5537.420493241183,6506.605272040125,5495.268562702282,6453.569271175936,5453.629131362089,6401.404218274805,5412.619625322077,6350.4030156022245,5372.470424160208,6301.163130371981,5333.651458449252,6254.952563266763,5297.162391685657,6214.579348145209,5265.224509655544,6186.540092535464,5242.996348607736
15,0.08492492492492493,7205.084845543367,6036.51801812244,7172.365221896577,6011.093220875628,7125.599850475271,5974.806080509944,7072.667543390094,5933.756885738156,7017.0446846337545,5890.617936773816,6960.336160512476,5846.6144162042965,6903.317836372104,5802.33497719431,6846.383651855413,5758.07701835128,6789.745794610091,5714.0001711159275,6733.52919151586,5670.198194280268,6677.820366057832,5626.735802732661,6622.698850867742,5583.672068718799,6568.184652282934,5541.025934780253,6514.317899203472,5498.831089851331,6461.175795390602,5457.149534895378,6408.907150698973,5416.098810675782,6357.805430131436,5375.909527900491,6308.469264926578,5337.05208892118,6262.169117005991,5300.527149231021,6221.718399939882,5268.558160611003,6193.625940458486,5246.308589133131
16,0.08991991991991992,7214.297817549504,6040.662371001446,7181.508029971123,6015.210544127568,7134.641800864003,5978.8845595550565,7081.595231343639,5937.791305923466,7025.852580659116,5894.6060739735,6969.02246035154,5850.555460573816,6911.882563613138,5806.228816573348,6854.827761023831,5761.923900146621,6798.0707365514,5717.800538125975,6741.736703605436,5673.952604869669,6685.912382748539,5630.444895979745,6630.6774957707285,5587.33655955902,6576.052026022477,5544.646540605168,6522.076138447043,5502.408550842326,6468.827158465651,5460.684646752522,6416.454168694807,5419.592484316944,6365.251200726569,5379.362906548566,6315.818058008068,5340.46679003054,6269.427681270064,5303.905787462382,6228.898902495378,5271.905528024459,6200.752855639662,5249.6344334904625
17,0.09491491491491491,7223.567588289426,6044.824863558935,7190.707104728001,6019.345856180319,7143.7392542177295,5982.9808105461925,7090.577559684149,5941.8432525755525,7034.714216081086,5898.611480568193,6977.761588485505,5854.5135137105235,6920.49921154947,5810.139404454211,6863.322893515264,5765.787272515813,6806.445818104447,5721.61714115628,6749.993487134374,5677.723000887641,6694.052819490133,5634.169728424559,6638.703727369814,5591.016548114748,6583.966170685198,5548.282407333091,6529.880350475851,5506.001040647792,6476.523714514074,5464.234560298088,6424.045619954137,5423.100738042451,6372.7406688602605,5382.830650381857,6323.209845139468,5343.895650600451,6276.728586049763,5307.2983938503285,6236.121181017429,5275.266698196762,6207.921160002433,5252.973967178321
18,0.0999099099099099,7232.89461421005,6049.005613849803,7199.962897985887,6023.499273984336,7152.8926557309605,5987.094948850008,7099.614966149637,5945.9128392738985,7043.630020873125,5902.634268271907,6986.553967056291,5858.488685442777,6929.16819453764,5814.06684878714,6871.869456001153,5769.667241552041,6814.87143838238,5725.450084470848,6758.299933798082,5681.509484800548,6702.242060709625,5637.910400769786,6646.77792298221,5594.712133361358,6591.927456632248,5551.933632247544,6537.730898848404,5509.608654894933,6484.265820450092,5467.7993695398945,6431.681854919084,5426.6236642813155,6380.274178706027,5386.312850299105,6330.64496449734,5347.338760064992,6284.072163945309,5310.705056466765,6243.385563282944,5278.641758021721,6215.131178015093,5256.327276282511
19,0.10490490490490491,7242.279355365602,6053.204740747113,7209.2758651338045,6027.670915300293,7162.102454115807,5991.227090632025,7108.707891936552,5950.000180384084,7052.600428405655,5906.67454957145,6995.400021540892,5862.481086358317,6937.889930207774,5818.011258268416,6880.467858365874,5773.563914081354,6823.347999651626,5729.299473053574,6766.656438386698,5685.312159781909,6710.480493871381,5641.667014412756,6654.9004629063165,5598.423414956636,6599.936257150987,5555.6003133024515,6545.628149995617,5513.23148986961,6492.053836007749,5471.379169132943,6439.363226800326,5430.161356098521,6387.8520771562235,5389.809597824153,6338.123756929442,5350.796208472938,6291.458750183718,5314.12586398859,6250.692379657127,5282.030794989716,6222.383236707752,5259.694447479637
20,0.1098998998998999,7251.722275441274,6057.422363947065,7218.646465154533,6031.860898704011,7171.369101625084,5995.377352861478,7117.856781722495,5954.105391062558,7061.625875468402,5910.732437731112,7004.300180773306,5866.490827808876,6946.664839485149,5821.972742344896,6889.1185137279035,5777.477397667114,6831.8759073527035,5733.165412612623,6775.063398805545,5689.131129716693,6718.768509497197,5645.4396714496725,6663.071730441448,5602.150493244922,6607.992948474364,5559.282549126237,6553.572473239849,5516.8696425203725,6499.888123759615,5474.974054383367,6447.090091595465,5433.7139071989095,6395.474713840104,5393.320985109777,6345.646565972482,5354.268086491511,6298.888682636282,5317.560905701386,6258.041963110705,5285.433897191363,6229.677665689379,5263.075568040711
21,0.11489489489489489,7261.223841776992,6061.658603973975,7228.075160648149,6036.069343591378,7180.693054075507,5999.545853316184,7127.062083689039,5958.2285872614075,7070.706802292814,5914.808046797382,7013.254876966575,5870.518021914812,6955.493346611835,5825.951411218557,6897.821838461105,5781.407800614474,6840.455570121098,5737.048009584827,6783.521216095641,5692.966499205637,6727.106501186455,5649.228474679864,6671.29211190763,5605.893469261291,6616.097909800358,5562.980439025926,6561.564240814019,5520.523210462479,6507.769049135564,5478.584121252386,6454.862808107488,5437.281411931083,6403.14244114195,5396.8471049415075,6353.213737869952,5357.754485410149,6306.362301836115,5321.010271503136,6265.43464923722,5288.85115332116,6237.01479716492,5266.470725834784
22,0.1198898898898899,7270.7845253913065,6065.913582185272,7237.562417855683,6040.296370183314,7190.074770870997,6003.7327105874165,7136.324249544675,5962.369885733193,7079.843652574622,5918.901491603675,7022.264545734951,5874.562781569755,6964.375879168466,5829.947375851077,6906.578252216094,5785.35523197488,6849.087399808278,5740.9473711401015,6792.030294454309,5696.81837356959,6735.494865636378,5653.033527610042,6679.561996665498,5609.652444735749,6624.251523311536,5566.69408299126,6569.603827880798,5524.192291981962,6515.696980441635,5482.209466360297,6462.681737963294,5440.86396529131,6410.85561421929,5400.388050741481,6360.825621590034,5361.255497144301,6313.879950995759,5324.474051907954,6272.8707762704025,5292.2826526811805,6244.39496595252,5269.880009332588
23,0.12488488488488489,7280.404801005387,6070.187420776527,7247.10870668286,6044.542099530742,7199.51471502609,6007.938044084831,7145.643734547842,5966.52940403577,7089.03687349647,5923.012887775085,7031.329626116135,5878.625220445287,6973.3128680960945,5833.960747968417,6915.388177941707,5789.319801550569,6857.771811502778,5744.863605185874,6800.591041255926,5700.68685885388,6743.93400266238,5656.854934458601,6687.881777136293,5613.427522097435,6632.454174194696,5570.4235816988385,6577.691612551918,5527.8769860396815,6523.672288878995,5485.850186990476,6470.547245632334,5444.461662927462,6418.614591021209,5403.943916572308,6368.482568843595,5364.771214239225,6321.441976024922,5327.952338049821,6280.350685101645,5295.728485184746,6251.818509500799,5273.3035076102005
24,0.1298798798798799,7290.085147067122,6074.480242786499,7256.714500723976,6048.806653519586,7209.01335318948,6012.161974041388,7155.020997530063,5970.7072605371395,7098.286915750685,5927.142351733165,7040.450560593634,5882.705452995626,6982.304747718147,5837.991640065449,6924.252041906588,5793.301619899109,6866.5092235513985,5748.7968203715545,6809.203867072717,5704.572061832682,6752.424315218525,5660.692800159907,6696.251848821954,5617.218804478866,6640.706250660592,5574.169036516285,6585.8279759075485,5531.577392275426,6531.695348562986,5489.506381093388,6478.45969844532,5448.074601142971,6426.419732306744,5407.514797140967,6376.1849341023,5368.301729873807,6329.048725548259,5331.445221686364,6287.874719297539,5299.188741360159,6259.2857679062345,5276.741310352708
25,0.13487487487487487,7299.826045775325,6078.792172102215,7266.380277285864,6053.090154875802,7218.571155667641,6016.404621518304,7164.456500919222,5974.903574420327,7107.594233562109,5931.290000700715,7049.627795119225,5886.803594462353,6991.351955762501,5842.040165410583,6933.170273720849,5797.300798337967,6875.300057580484,5752.747126093002,6817.869185695675,5708.474090013422,6760.9662094180585,5664.547230368635,6704.672610325286,5621.026395720179,6649.0081439637615,5577.9305495064145,6594.013302015783,5535.2936110120145,6539.766536542261,5493.178147290633,6486.41946661303,5451.702876900788,6434.271401663358,5411.1007878026985,6383.93307461675,5371.847137864412,6336.70055092326,5334.9527952026265,6295.443225117496,5302.663512354427,6266.797083930597,5280.193507857914
26,0.13986986986986988,7309.6279831040765,6083.12333346405,7276.106517411983,6057.392727170419,7228.188596448578,6020.666108410036,7173.950710762904,5979.118465688284,7116.959284711091,5935.455952706603,7058.861779135513,5890.919760879138,7000.454933383642,5846.106438050418,6942.143306357851,5801.317448949069,6884.144738517313,5756.71463249703,6826.587414155561,5712.393051641208,6769.560094554056,5668.418331464107,6713.1444633702395,5624.8504003734,6657.360248422446,5581.708223431439,6602.247977952196,5539.025743259426,6547.886232818013,5496.865584879008,6494.426923245197,5455.346587827385,6442.169965525517,5414.701984564933,6391.727350434753,5375.407532668738,6344.397806258202,5338.47515161487,6303.056551531474,5306.152889937008,6274.352803018506,5283.660191040046
27,0.14486486486486488,7319.491448827159,6087.4738524708555,7285.89370590662,6061.714494824607,7237.8661532256765,6024.94655744928,7183.5040967518735,5983.352055168812,7126.382530556536,5939.640326590616,7068.152965598603,5895.054069076502,7009.614125184933,5850.190572814435,6951.171576176083,5805.351684583409,6893.0436946116015,5760.699450485918,6835.358972744041,5716.3290557032615,6778.206383120148,5672.306210554666,6721.667812822291,5628.690923706745,6665.762961438601,5585.502161757191,6610.532393819514,5542.773890718944,6556.054820363284,5500.568793834561,6502.482444369506,5459.005832216751,6450.115793193343,5418.318484091222,6399.568124419667,5378.983009389696,6352.140848430216,5342.012384574388,6310.715050237757,5309.656966503574,6281.953273315035,5287.141451433478
28,0.1498598598598599,7329.416936542608,6091.843855585095,7295.742331359199,6066.055583114774,7247.6043074216705,6029.246092211983,7193.117132243645,5987.604464519496,7135.864436059091,5943.843242008303,7077.501811000875,5899.206636686602,7018.829979241006,5854.2926853196805,6960.255522941145,5809.403618865658,6901.9973574570795,5764.70169172196,6844.18428503487,5720.282211933377,6786.905490831369,5676.210975482051,6730.243066708901,5632.548071708916,6674.216683518008,5589.312468657349,6618.866942767361,5546.538155787323,6564.272685142381,5504.287874816716,6510.586408950645,5462.680709034424,6458.109256851352,5421.9503837052125,6407.455762268814,5382.573663779288,6359.930037103407,5345.56458837135,6318.41907568085,5313.175835079795,6289.598845683418,5290.637381196489
29,0.15485485485485487,7339.404943697381,6096.23347013802,7305.6528861687,6070.416118177673,7257.403544212713,6033.564837122393,7202.790294286181,5991.875816232685,7145.405469804432,5948.064819435877,7086.908775393863,5903.3775821480385,7028.102947120215,5858.412891975497,6969.3955898478125,5813.473366198815,6911.006162013187,5768.721468632021,6853.063777905204,5724.252630816413,6795.657836645081,5680.132734825809,6738.87063624007,5636.421951093445,6682.721818290467,5593.139249017701,6627.252021012116,5550.318641560965,6572.540216130378,5508.02292917236,6518.73919890948,5466.371317921531,6466.150731587293,5425.597781394608,6415.39063253202,5386.179592242542,6367.765734747089,5349.131857938642,6326.16898506943,5316.709589325138,6297.289873722834,5294.148073115015
30,0.15984984984984987,7349.455971612135,6100.642824334836,7315.625866568199,6074.7962270155485,7267.264352552562,6037.902917458141,7212.524063641678,5996.166233640472,7155.006104026648,5952.30518017511,7096.374322411238,5907.567024710666,7037.433483907233,5862.551309988259,6978.592223542234,5817.561041768858,6920.070546626864,5772.758894412115,6861.997881557001,5728.240423592797,6804.463842781995,5684.071597907716,6747.550935829005,5640.312669303041,6691.278772530098,5596.982608440411,6635.6880278568415,5554.115451840136,6580.857805332697,5511.774058939986,6526.941199142298,5470.077759198854,6474.24059541107,5429.260775815177,6423.373106630199,5389.8008918414325,6375.6483066540795,5352.7142888557455,6333.965138394396,5320.258323536681,6305.026713786282,5297.673620606436
31,0.16484484484484485,7359.570525506126,6105.072047259935,7325.661772649508,6079.196037501294,7277.187225196892,6042.260459355312,7222.318924810485,6000.475840919705,7164.666814631751,5956.564446358277,7105.898919291898,5911.7750844404445,7046.822048225733,5866.708057366144,6987.84587414421,5821.666761549435,6929.190953054444,5776.814083032008,6870.98702953854,5732.245702263029,6813.323934747301,5688.027674796228,6756.284383112874,5644.220334513952,6699.8879561757185,5600.842653248325,6644.175365711323,5557.928691133177,6589.225847804799,5515.541366853848,6535.192797540154,5473.800133870911,6482.379229273742,5432.939466294753,6431.403558874061,5393.4376602988195,6383.578120959098,5356.311977352613,6341.807898447007,5323.822132652955,6312.80972499853,5301.214117723371
32,0.16983983983983986,7369.749114522211,6109.521268882121,7335.761108387945,6083.61567838364,7287.172658727685,6046.637589813567,7232.175366055099,6004.804763097028,7174.388081221268,5960.842740953086,7115.483036903178,5916.001882224307,7056.2691022611825,5870.8832529239135,6997.156995269592,5825.790642306558,6938.367826483644,5780.887149239841,6880.031658766013,5736.268579592245,6822.238541351888,5692.001076310935,6765.071398973651,5648.145055640361,6708.549782351346,5604.719490489282,6652.714440112184,5561.75846466075,6597.64474167195,5519.324956348118,6543.494385008294,5477.5385436300485,6490.567017086624,5436.63395283728,6439.482366482871,5397.089996002433,6391.5555486572375,5359.925020313588,6349.6976308370995,5327.40111225779,6320.6392692741565,5304.769659157496
33,0.17483483483483486,7379.992251751981,6113.990620059867,7345.9243816672015,6088.05527929236,7297.221153577768,6051.03443670128,7242.093879424328,6009.153126053928,7184.170387115986,5965.140187767676,7125.127149764149,5920.247539775058,7065.775111783737,5875.077016287718,7006.526044052767,5829.932801603338,6947.601615555671,5784.978208566781,6889.132209545248,5740.309169114776,6831.208094733679,5695.99191402707,6773.912407559068,5652.086942338796,6717.264667386764,5608.613227940453,6661.305659743121,5565.604878360099,6606.114888149101,5523.124931561093,6551.846355485682,5481.293090860571,6498.804345740479,5440.344336126851,6447.609909603322,5400.757998008843,6399.580963622544,5363.553515281321,6357.634704011392,5330.995358584191,6328.51571133567,5308.340340243377
34,0.17982982982982984,7390.300454260989,6118.480232546602,7356.152104304344,6092.514970743496,7307.33321405544,6055.451128760702,7252.074960777499,6013.521056531825,7194.014219379758,5969.456911455598,7134.831736069033,5924.512179636279,7075.34054617125,5879.289467899929,7015.953481169259,5834.093357804731,6956.892772387416,5789.08737733168,6898.289125593505,5744.367585138729,6840.233030379052,5700.000300280003,6782.80783630366,5656.046105012562,6726.033030838208,5612.523974112692,6669.949436455209,5569.468038889337,6614.636691560833,5526.941397339392,6560.2491059646245,5485.06387864288,6507.091605124796,5444.07071753179,6455.786571328504,5404.441766047472,6407.654742626663,5367.197560460716,6365.61948927187,5334.604968518215,6336.439418731725,5311.9262569623215
35,0.18482482482482485,7400.674243114115,6122.990238996022,7366.444792074915,6096.994884144634,7317.509348369227,6059.887795613143,7262.119109808818,6017.908682137171,7203.920068843457,5973.793037520837,7144.597277710723,5928.795925187266,7084.96587843237,5883.520729023997,7025.439770858434,5838.272430082296,6966.241752593745,5793.214772645758,6907.502854061377,5748.4439427506,6849.31378714435,5704.026348169762,6791.7581159499105,5660.022654816185,6734.855295509131,5616.45183825491,6678.646185287304,5573.348053631735,6623.210559361431,5530.774459242184,6568.703036510462,5488.85101075762,6515.429188147159,5447.8131991087275,6464.012737716926,5408.141400524618,6415.777265357578,5370.857254722881,6373.6523607942745,5338.2300396028995,6344.410761855415,5315.527505946248
36,0.18981981981981982,7411.114143401035,6127.520772967406,7376.802964738142,6101.495151800167,7327.750068652739,6064.344567764177,7272.226830071835,6022.316131346582,7213.888430129006,5978.14869232286,7154.424260304416,5933.098900647989,7094.651585229789,5887.770921749313,7034.985380946301,5842.470138418994,6975.649015309927,5797.360512417327,6916.77384555482,5752.538357819907,6858.450807277518,5708.070171565592,6800.763680569489,5664.016703659895,6743.731887471077,5620.3969303584745,6687.396324486571,5577.2450307000545,6631.836902155012,5534.624223545445,6577.208550281373,5492.6545916898685,6523.8174907527045,5451.571883606724,6472.288797811671,5411.8570025274885,6423.948914438438,5374.5326976091155,6381.733695646654,5341.8706700421635,6352.4301139626505,5319.1441844815745
37,0.19481481481481483,7421.620684261817,6132.071968930988,7387.227146062291,6106.015906916604,7338.055890989655,6068.821576608878,7282.398629004026,6026.743533511982,7223.919801673558,5982.524003081681,7164.313173211364,5937.421231084065,7104.398146903528,5892.040168996113,7044.5907828684385,5846.6866036140045,6985.115023214118,5801.524715356511,6926.102554157245,5756.6509470038245,6867.644536439815,5712.131885110528,6809.824967584605,5668.0283642141085,6752.663236084649,5624.359361161622,6696.200275529051,5581.1590789408865,6640.516133715771,5538.490797246217,6585.766053548269,5496.47472663332,6532.25691194367,5455.346874471381,6480.61514365961,5415.588673828265,6432.170075446491,5378.223989334906,6389.863873808025,5345.526958704762,6360.497851190629,5322.776390513122
38,0.19980980980980984,7432.194398912613,6136.643962273327,7397.717863850113,6110.557283607906,7348.427335438809,6073.318954437077,7292.635017951473,6031.191018865783,7234.014685753755,5986.919097882951,7174.2645095627095,5941.763042411772,7114.206047494389,5896.328594520398,7054.256451693,5850.921947287556,6994.640242549999,5805.707500979992,6935.489437451759,5760.781827751865,6876.895423727648,5716.211604225972,6818.942417789427,5672.0577499139445,6761.649774020571,5628.339242153896,6705.058463140397,5585.0903079390055,6649.248671008327,5542.374288066901,6594.375955714776,5500.311521494509,6540.747853799043,5459.1382758489935,6488.992170330712,5419.336516888178,6440.441136932072,5381.931230793942,6398.04327818711,5349.199005128247,6368.614352576389,5326.42422264804
39,0.2048048048048048,7442.8358246715015,6141.236889302722,7408.275649964412,6115.119416900826,7358.864926059408,6077.836834438639,7302.936512193668,6035.658718526081,7244.173588510108,5991.334105683066,7184.2787662834435,5946.124461403081,7124.075774767491,5900.636322918869,7063.982866143847,5855.176291885778,7004.225143149482,5809.908989615795,6944.934956543453,5764.931118310571,6886.203921694495,5720.309445116327,6828.11647537165,5676.104974963758,6770.691937280856,5632.336685580603,6713.971315316634,5589.038828021758,6658.0349342081445,5546.274804459555,6603.038669337308,5504.165082897045,6549.290721494292,5462.9461925907135,6497.420275937456,5423.100634861609,6448.762490437709,5385.654523562153,6406.272294641161,5352.886909522946,6376.780000075458,5330.087780159746
40,0.20979979979979982,7453.54550298442,6145.8508872546245,7418.901040353737,6119.702442740301,7369.369190936338,6082.375350708765,7313.303630968432,6040.146764501871,7254.397019971504,5995.769156314301,7194.356444116494,5950.505615690682,7134.007820235926,5904.963479633896,7073.770508623789,5859.4497606855875,7013.870198455545,5814.129302408079,6954.439576081852,5769.098937728225,6895.570486372924,5724.42552477361,6837.347587934114,5680.170154341695,6779.790165220065,5636.351804447296,6722.93926334507,5593.004750263461,6666.875346722065,5550.192455610238,6611.754610145244,5508.035518185868,6557.88592332119,5466.770730256736,6505.8998616543195,5426.881131600204,6457.13453051731,5389.393969901755,6414.551311994884,5356.5907727759595,6384.99517858057,5333.767162991887
41,0.21479479479479482,7464.3239794512265,6150.486094297107,7429.5945750781875,6124.306497994846,7379.940662205626,6086.934638253326,7323.736897496951,6044.655289698302,7264.685494079802,6000.22438048998,7204.4980476468945,5954.906633773078,7144.0026791845185,5909.310190958501,7083.619865237915,5863.742477799588,7023.575885545142,5818.368561321956,6964.003764283419,5773.285405859597,6904.995577296737,5728.559960982114,6846.636206516559,5684.2534038042695,6788.94490056667,5640.384712524253,6731.962741825275,5596.988186489822,6675.770335208932,5554.127351443338,6620.524197061202,5511.922935431515,6566.533870707743,5470.611995120508,6514.431331737369,5430.678111657011,6465.55765475543,5393.149672765327,6422.880722059433,5360.3106964551835,6393.260275940495,5337.462471762319
42,0.2197897897897898,7475.171803851897,6155.142649536334,7440.356798335333,6128.931720461973,7390.579876079983,6091.514832994209,7334.236839008922,6049.184427921943,7275.039528714562,6004.699909809651,7214.704085326083,5959.3276450196745,7154.060850693685,5913.676584041373,7093.53142581705,5868.054568180989,7033.342685152259,5822.626889148337,6973.6279929542015,5777.490643370676,6914.479657523194,5732.712872323091,6855.982785617459,5688.354839890958,6798.156589444512,5644.435524351021,6741.042188690168,5600.989249282386,6684.7203296003045,5558.079602625957,6629.34785222138,5515.827443434419,6575.234978238186,5474.4700941729325,6523.015093543947,5434.491680290632,6474.032263786645,5396.921735799902,6431.260919651509,5364.046782813333,6401.575682978938,5341.173807767103
43,0.2247847847847848,7486.08953017281,6159.820693022064,7451.188258486256,6133.578248873659,7401.287372874488,6096.116071774699,7344.803986767806,6053.734313886074,7285.459645717887,6009.1958767642955,7224.975069496309,5963.768779675899,7164.182837663409,5918.062786891898,7103.505683941306,5872.386157628568,7043.171081691049,5826.904409508784,6983.312737512569,5781.714771743474,6924.023193655341,5736.884378179437,6865.387783215973,5692.474579928822,6807.425681394357,5648.504355240945,6750.178045227199,5605.008051982993,6693.725763121276,5562.049320572285,6638.226000996029,5519.749151729228,6583.9896636731155,5478.345135126635,6531.651557552422,5438.3219434694,6482.558761315003,5400.710263351078,6439.692302612541,5367.799134792011,6409.94179351353,5344.901272984525
44,0.2297797797797798,7497.077716633181,6164.520365753189,7462.089508081729,6138.246222901812,7412.063697032376,6100.738492364877,7355.438876096219,6058.305083216007,7295.946370919363,6013.7124147415625,7235.3115164151395,5968.230168868346,7174.369146837352,5922.468928385209,7113.543136963754,5876.737372791627,7053.061563279081,5831.201246860401,6993.058477012037,5785.957913280819,6933.626655864471,5741.0745987404225,6874.851660793989,5696.612742037138,6816.752629395568,5652.591321285723,6759.3707560996445,5609.0447086982695,6702.787072311382,5566.036617448017,6647.159072009998,5523.688170589134,6592.7983479696595,5482.237226420211,6540.341137382065,5442.169007875574,6491.137554133585,5404.515360467144,6448.17527182797,5371.5678560257675,6418.359004374924,5348.644970079127
45,0.2347747747747748,7508.136925711608,6169.24180968328,7473.061103888485,6142.935783163777,7422.909397150947,6105.382233467051,7366.142046401429,6062.896872454429,7306.500234161124,6018.249658031012,7245.713946280119,5972.711944609943,7184.62028882703,5926.8951382672785,7123.644286034192,5881.108341174987,7063.014621760705,5835.517526500738,7002.8656941642175,5790.22019111118,6943.290517912649,5745.283655006434,6884.374883358277,5700.769445132071,6826.137889887864,5656.696539359992,6768.620769367971,5613.0993343041255,6711.904697045624,5570.041606174773,6656.147497163383,5527.6446110302295,6601.661455301802,5486.146477222508,6549.084249813019,5446.032980909547,6499.769052144126,5408.337132903234,6456.710231246601,5375.353050846207,6426.827715425959,5352.40500240576
46,0.2397697697697698,7519.267724172735,6173.985167726171,7484.103606915626,6147.647071227855,7433.825026007613,6110.047434721208,7376.914041200963,6067.50981906677,7317.12176932304,6022.80774182941,7256.182883253483,5977.214239805137,7194.9367781361525,5931.34154716001,7133.809636123049,5885.499191144009,7073.030752730513,5839.853374572734,7012.734875361898,5794.50172919352,6953.015257175376,5749.5116687937325,6893.957919462731,5704.944808931349,6835.581922793174,5660.820127125939,6777.92853651133,5617.172044450282,6721.079080555566,5574.064400434562,6665.191711652275,5531.618584815882,6610.579413080756,5490.0729974369415,6557.881314806322,5449.913970694089,6508.453668376761,5412.175687125488,6465.297587900061,5379.1548242860845,6435.348329580931,5356.181474013656
47,0.24476476476476478,7530.470683094044,6178.750583761564,7495.217582441148,6152.380229618873,7444.811140586021,6114.734236710481,7387.755408148342,6072.144061446589,7327.811514348005,6027.386802246015,7266.718855487039,5981.737188255118,7205.319133185022,5935.80828656637,7144.039696045362,5889.910051929629,7083.110455556914,5844.208918069643,7022.666510702174,5798.802652322151,6962.801354664334,5753.758762739243,6903.60124123074,5709.138953958971,6845.085191537615,5664.962203037915,6787.294512449139,5621.262955564823,6730.310669450545,5578.105114674232,6674.292153989594,5535.610204461128,6619.552651975457,5494.016897705801,6566.732755524078,5453.8120860785875,6517.191819009845,5416.031130315247,6473.937751922352,5382.97328208345,6443.921252824943,5359.974489650528
48,0.24975975975975978,7541.746377892767,6183.53820264066,7506.403600038596,6157.135401823746,7455.868302102364,6119.4427809666695,7398.666699058938,6076.799738920995,7338.570011267367,6031.986976307932,7277.322395147135,5986.280924663048,7215.767876335104,5940.295488875538,7154.3349784849015,5894.3410536334195,7093.25423340582,5848.584284840045,7032.6610940097335,5803.123086131631,6972.64929505025,5758.025060305358,6913.305324377634,5713.352001549931,6854.648163073547,5669.12288634709,6796.719155562761,5625.37218485875,6739.599913738985,5582.163864109982,6683.449266026033,5539.619583237091,6628.581605933136,5497.978289414611,6575.638998349676,5457.727436643328,6525.983923389876,5419.903570373255,6482.631136569483,5386.808530685791,6452.546894233354,5363.78415476667
49,0.2547547547547548,7553.095388352925,6188.348170191815,7517.662233603825,6161.9127322970835,7466.997076031744,6124.173209975748,7409.648469935932,6081.476991756088,7349.397806226449,6036.608401965439,7287.994038439749,5990.845584639328,7226.283533913647,5944.8032873680695,7164.696000018378,5898.792327232678,7103.462593264448,5852.979603592817,7042.719122860224,5807.463157101681,6982.559566685858,5762.310685784772,6923.070648233252,5717.584073854963,6864.271307901752,5673.302297106106,6806.20292771729,5629.499850330589,6748.947266849797,5586.240764731858,6692.663492971098,5543.646835175417,6637.666712200012,5501.957284696477,6584.600472908135,5461.660132703781,6534.830404051497,5423.793115923892,6491.378158239208,5390.660677254208,6461.225665991308,5367.61057551909
50,0.25974974974974974,7564.518298652486,6193.180633226231,7528.9940613819035,6166.712366466825,7478.198032134693,6128.925667183433,7420.701280996412,6086.17596116243,7360.295449510196,6041.251218097372,7298.734325635694,5995.431304706895,7236.866636238466,5949.33181622112,7175.123281139782,5903.264004585541,7113.736045965211,5857.395003902173,7052.841098603748,5811.82299256212,6992.532661628978,5766.615764305332,6932.89769576462,5721.835293845327,6873.955100093711,5677.500556173792,6815.7462942834345,5633.646070770992,6758.353185653881,5590.335933308293,6701.935283414241,5547.692075072731,6646.808411342055,5505.953996436478,6593.617612086526,5465.610285314921,6543.731686737614,5427.6998763194115,6500.179236490839,5394.529829667595,6469.957983413378,5371.45385877567
51,0.26474474474474474,7576.01569739066,6198.035739543651,7540.399665994126,6171.534450739889,7489.471744483815,6133.700297000751,7431.825696697587,6090.89678930053,7371.263495568954,6045.915564516534,7309.543801095956,6000.038222306518,7247.517717642824,5953.881210513635,7185.617346284833,5907.756218436103,7124.075106209751,5861.8306162127,7063.027526388451,5816.202720697828,7002.5690756657,5770.940421834918,6942.786953598719,5726.105785317575,6883.7000173139695,5681.717785219851,6825.349724159516,5637.810965767361,6767.818130485744,5594.4494873906615,6711.265089346098,5551.755418495118,6656.007147265869,5509.968538276067,6602.690852054501,5469.578006275561,6552.688200419588,5431.623961644215,6509.034794065178,5398.416096526859,6478.744264963278,5375.314112119321
52,0.26973973973973975,7587.588177615299,6202.913637938114,7551.879634465155,6176.379132507868,7500.818791490545,6138.497244809644,7443.022285763114,6095.639619286364,7382.3025030443505,6050.601581975123,7320.4230132971215,6004.66647580215,7258.237316500443,5958.451606231623,7196.178723855539,5912.269102419601,7134.48029259306,5866.286571844431,7073.27891518423,5820.602470553725,7012.66930833367,5775.284785186345,6952.738912045376,5730.395672898401,6893.50654084264,5685.954106729611,6835.013689793558,5641.994655708519,6777.342565165206,5598.581545317856,6720.653366179819,5555.836981782618,6665.2633672396505,5514.0010246175025,6611.820632284923,5473.5634081327025,6561.700377317535,5435.56548271914,6517.945256904523,5402.3195871591415,6487.584932273676,5379.191443852185
53,0.27473473473473475,7599.236336850451,6207.8144782037025,7563.434558250296,6181.246560152719,7512.239755932027,6143.316656968613,7454.291621209552,6100.4045951969265,7393.4130347953005,6055.309412170173,7331.37251485693,6009.316204486279,7269.0259752505835,5963.043140273417,7206.8079462448595,5916.802791067562,7144.952127627711,5870.763002997944,7083.595777806551,5825.022372039781,7022.833862945485,5779.648982022268,6962.754065120242,5734.70508204945,6903.37515559797,5690.209644008774,6844.738667205473,5646.197261789375,6786.926957019208,5602.732226220876,6730.1005727725105,5559.9368820537475,6674.577521914279,5518.05157062829,6621.007395574573,5477.566604185909,6570.768652920711,5439.52455110576,6526.911054172775,5406.24041162207,6496.48041016611,5383.08596299983
54,0.27972972972972976,7610.96077712402,6212.738411140346,7575.065033262894,6186.136883052507,7523.735224978134,6148.158680818362,7465.63428037294,6105.191862075789,7404.595657924143,6060.039197749049,7342.392862559974,6013.987548585318,7279.884240423301,5967.655950454962,7217.505549861505,5921.357419813033,7155.491137768232,5875.260042759464,7093.97863094037,5829.4625559360475,7033.063246612203,5784.033140860137,6972.832910567896,5739.034139072192,6913.306350159053,5694.4845211881975,6854.525136009368,5650.418906015627,6796.571776903726,5606.901650027463,6739.60717144676,5564.055237210052,6683.950065344471,5522.1202922456505,6630.251588064975,5481.587708491705,6579.893466008021,5443.50127911072,6535.932618275624,5410.178680708031,6505.431126670995,5386.997779315489
55,0.28472472472472476,7622.762104995555,6217.685588559628,7586.771659901846,6191.050251587178,7535.305790218607,6153.023464687491,7477.05084493549,6110.0015659387,7415.850943802887,6064.7910823149405,7353.484617383476,6018.68064926502,7290.812662664794,5972.290175515155,7228.272075154836,5925.933124995806,7166.097853435557,5879.777825106026,7104.427995164178,5833.923153897702,7043.357970266966,5788.43739107717,6982.975949885048,5743.382971112811,6923.300616788622,5698.77886322869,6864.373579435952,5654.659711208476,6806.27749922579,5611.089937466724,6749.173628012279,5568.192165940657,6693.381455010048,5526.207306181004,6639.553659263314,5485.626835867987,6589.075258668568,5447.495779790088,6545.01038488087,5414.134505948461,6514.437513047702,5390.9270032843115
56,0.28971971971971977,7634.6409315841765,6222.656163290629,7598.555043079252,6195.986817144327,7546.952047690287,6157.911157898189,7488.541900952421,6114.8338537792115,7427.179468099579,6069.565210432392,7364.648344523221,6023.395648635908,7301.81179676285,5976.945955121169,7239.1080666398875,5930.530043867666,7176.772809041621,5884.316484910623,7114.944394974144,5838.404298460136,7053.71854868872,5792.8618629153425,6993.183688343856,5747.7517061670915,6933.3584514559525,5703.092795925842,6874.284484355043,5658.91980100938,6816.044601965601,5615.297210073811,6758.8004117876535,5572.347787726855,6702.87215183731,5530.312729924491,6648.914062063436,5489.68410189847,6598.3144763223645,5451.508166953706,6554.144792938794,5418.107999618142,6523.500003804768,5394.873746127629
57,0.2947147147147147,7646.597872596639,6227.650289185808,7610.415792248199,6200.946732125032,7558.674597904516,6162.821910771992,7500.108038878908,6119.688873574322,7438.581810804808,6074.361727632858,7375.884613419578,6028.132689758756,7312.882201672457,5981.623429873843,7250.0140729224995,5935.148314597682,7187.516543014045,5888.8761579474085,7125.528358808388,5842.906123044054,7064.145500526061,5797.306687486388,7003.456635015348,5752.140473085375,6943.48035385989,5707.4264459148635,6884.258341298184,5663.199299884802,6825.873566698761,5619.523590194595,6768.487995622162,5576.5222228467155,6712.4226202205155,5534.436681749486,6658.333252766977,5493.759622937127,6607.6115677411035,5455.538555169595,6563.336284702659,5422.099274739553,6532.619036720173,5398.838119807231
58,0.2997097097097097,7658.633548355502,6232.668121126895,7622.354521430664,6205.930149949682,7570.474045874667,6167.755874635537,7511.749853597146,6124.566774290144,7450.0585562583165,6079.180780420295,7387.193997783687,6032.891916650057,7324.02444054149,5986.32274131306,7260.9906467245755,5939.788076277504,7198.329597820955,5893.456980896898,7136.18041907135,5847.4287619606,7074.639348321182,5801.771996776858,7013.79530279295,5756.549401577489,6953.666827451961,5711.779940675466,6894.29564448136,5667.498333131011,6835.764878618591,5623.769200990372,6778.2368559177485,5580.715592379716,6722.033328043436,5538.579280717164,6667.811691104564,5497.8535161126865,6616.966985069025,5459.587059768374,6572.585305749299,5426.1084450871995,6541.795052861734,5402.820237029698
59,0.30470470470470473,7670.748583827454,6237.7098150308175,7634.371849245557,6210.937225063862,7582.351001143764,6172.713201826354,7523.467944443561,6129.467705887626,7461.610293175746,6084.022516276761,7398.577075623708,6037.673474287547,7335.239080736538,5991.044031923187,7272.038344909464,5944.449468926696,7209.212519995909,5898.059091351219,7146.901112158303,5851.972350416503,7085.200618533945,5806.257923653172,7024.200208416132,5760.978622217746,6963.918379459613,5716.153408536747,6904.396891827834,5671.8170268788945,6845.719026558571,5628.034166442599,6788.047472651051,5584.928018211385,6731.704746701043,5542.740646681069,6677.349840257142,5501.965899333124,6626.381183843918,5463.6537968476705,6581.892304999792,5430.135625192002,6551.02849660758,5406.820211250722
60,0.30969969969969974,7682.943608651747,6242.7755278556515,7646.468398936875,6215.968112944238,7594.306077812258,6177.6940456986795,7535.262915236126,6134.391819328261,7473.237614675495,6088.887083668049,7410.034429271244,6042.477508615749,7346.526693868854,5995.787445138505,7283.157728507431,5949.132633498086,7220.165860162942,5902.682627819367,7157.690978479926,5856.5370245192535,7095.829841566043,5810.764601866704,7034.671872494176,5765.428266449924,6974.235520909551,5720.546978682106,6914.5625849910775,5676.155508098779,6855.736503014884,5632.318611357643,6797.920329395565,5589.1596230379855,6741.437351121274,5546.92090029171,6686.948166877381,5506.096891290193,6635.854623018167,5467.738883276586,6591.257734740251,5434.180930345685,6560.319815666728,5410.838156679455
61,0.31469469469469474,7695.219257168788,6247.865417606623,7658.644798401999,6221.022970104496,7606.339894565935,6182.698560629314,7547.135374301827,6139.3392665798465,7484.94111830573,6093.77463204936,7421.566645407876,6047.304166551528,7357.88785582042,6000.553125348699,7294.349362741296,5953.837711883155,7231.190173061736,5907.327729732497,7168.550562487062,5861.12292128231,7106.527551785301,5815.292166058901,7045.210819530031,5769.898466592302,6984.618766651202,5724.960781154193,6924.793229377829,5680.513904605292,6865.817804169057,5636.62266137156,6807.855913343886,5593.4105303711995,6751.231619786926,5551.120163001187,6696.607141111183,5510.246611463954,6645.387764979955,5471.842436700165,6600.682050642698,5438.244476605183,6569.66946109977,5414.874188282886
62,0.3196896896896897,7707.5761684488425,6252.979643342095,7670.901680220152,6226.101954101296,7618.453074703933,6187.726902023478,7559.085934504241,6144.310200622275,7496.7214060714905,6098.685311870978,7433.174315091794,6052.153595989703,7369.323146770137,6005.341217904342,7305.613817052148,5958.56484691743,7242.2860175728965,5911.994537449243,7179.480412695538,5865.73017863031,7117.294287550093,5819.840751766415,7055.817577944291,5774.389355842711,6995.0686353802685,5729.394946859858,6935.089334171231,5684.8923450622515,6875.963429910726,5640.946442954889,6817.854715330092,5597.680864542855,6761.088034757625,5555.338557067821,6706.3272366193205,5514.415180127356,6654.9810755745275,5475.964575543899,6610.1657117860495,5442.326380797093,6579.077887339641,5418.928421790234
63,0.3246846846846847,7720.01498632089,6258.118365179622,7683.239681680929,6231.205223540238,7630.646246166926,6192.779226320734,7571.115213271252,6149.304775453338,7508.579084461951,6103.619274583993,7444.858033784599,6057.025945808655,7380.833151220139,6010.151869122435,7316.951665125201,5963.314182385932,7253.453956743356,5916.6831922610545,7190.481081711125,5870.3589354043315,7128.130591233839,5824.410495426261,7066.492680099305,5778.9010682836,7005.585649662408,5733.849607575149,6945.451412354106,5689.290958987559,6886.173883860488,5645.290083417479,6827.917229852205,5601.97075070966,6771.007081691932,5559.576205560825,6716.10893059915,5518.602718350816,6664.635024125569,5480.105419018234,6619.7091806772,5446.426760522117,6588.545552212492,5423.000973697359
64,0.3296796796796797,7732.536359401594,6263.281744302014,7695.659444813018,6236.33293808189,7642.9200415654,6197.855691000897,7583.223832622897,6154.323146094564,7520.514764477777,6108.576672646043,7456.6184013782,6061.921365875976,7392.418458022232,6014.985226291948,7328.363484915777,5968.085863028629,7264.6945578119,5921.393836397566,7201.553126254624,5875.009331367165,7139.037009249668,5829.001534380997,7077.236662323376,5783.433738887136,7016.170335957015,5738.324895950318,6955.879980732335,5693.709876758134,6896.4496733928745,5649.653710913326,6838.043955094772,5606.280314857974,6780.989249869515,5563.833232364979,6725.9527038064325,5522.809348006827,6674.3500834567085,5484.265087123125,6629.312923272199,5450.545734159541,6598.07291695867,5427.091961271204
65,0.3346746746746747,7745.140941124429,6268.469942963431,7708.161616413028,6241.485258447821,7655.275098208086,6202.956454590012,7595.412419199332,6159.365468597091,7532.529061658646,6113.557659527087,7468.45602222184,6066.8400070541475,7404.0796604044535,6019.841437679405,7339.849858675408,5972.880034545906,7276.008392234806,5926.12661303197,7212.697107187048,5879.6815072086,7150.01409207516,5833.614006883951,7088.050064935071,5787.987503520324,7026.823224641125,5742.820945514867,6966.37555995834,5698.149229614853,6906.791309659444,5654.037454445444,6848.235392951551,5610.609683808589,6791.035032213468,5568.109762185345,6735.859040577273,5527.035191774598,6684.126729913074,5488.44370065258,6638.977408997542,5454.68342087174,6607.660446253804,5431.201502554248
66,0.3396696696696697,7757.829389768941,6273.683124495519,7720.746848074454,6246.662346426678,7667.712058130528,6208.08167666632,7607.681604288951,6164.431900047553,7544.622596110876,6118.562389715198,7480.371505149262,6071.782021206238,7415.817355997764,6024.720652534487,7351.4113729780465,5977.6968436040925,7287.396035711598,5930.881666286463,7223.913589534942,5884.375604550771,7161.062394277222,5838.24805210444,7098.933432267693,5792.562498950159,7037.544850033442,5747.337890682594,6976.938674554679,5702.609149667529,6917.199307611961,5658.44144387076,6858.492049048304,5614.9589852215395,6801.144925312712,5572.405920552002,6745.828428850153,5531.280373144709,6693.965443382998,5492.641381199259,6648.703110771546,5458.839940608706,6617.308608229951,5435.329716368993
67,0.34466466466466467,7770.602368490131,6278.921453313564,7733.4157962167865,6251.864364880272,7680.231568123774,6213.2315178662875,7620.03202385661,6169.5225985740035,7556.795992535195,6123.5910187223935,7492.365463506001,6076.747561201631,7427.632146862862,6029.62302109566,7363.048618746417,5982.5364378409995,7298.858068210961,5935.659141237663,7235.203142515826,5889.091765953496,7172.182474537073,5842.903810133032,7109.887312693812,5797.158862848794,7048.33575041845,5751.875866756679,6987.569852937775,5707.089769899915,6927.674186025706,5662.865809905016,6868.814432765694,5619.328347600944,6811.319429444513,5576.721833824795,6755.861360188082,5535.545016423773,6703.866707319809,5496.858251159071,6658.490505025843,5463.015414112578,6627.017874496902,5439.476722322455
68,0.34965965965965967,7783.460545347993,6284.185094922672,7746.169122114759,6257.091477749713,7692.834279763217,6218.406139890651,7632.464318572019,6174.637723351874,7569.049880254651,6128.643703090495,7504.438515176797,6081.736780921787,7439.524639517126,6034.548694595849,7374.762191278499,5987.398965871473,7310.395073996727,5940.4591839220975,7246.566339563739,5893.830134919658,7183.374895675364,5847.581421986847,7120.912258649947,5801.776733798738,7059.19646807067,5756.435009934808,6998.269627441712,5711.59122417473,6938.21646752289,5667.310684127731,6879.203057262307,5623.71790029985,6821.559048597099,5581.057629198114,6765.958329800828,5539.829246739161,6713.831008763727,5501.09443373581,6668.3400717269815,5467.209962922223,6636.788720163556,5443.642640810696
69,0.3546546546546547,7796.404593337186,6289.474215923986,7759.007491927726,6262.343850061569,7705.520849437559,6223.605705510482,7644.97913383824,6179.777434609951,7581.384893242608,6133.720600396996,7516.591282613151,6086.749835266024,7451.495444961689,6039.497825268113,7386.552690274121,5992.284577292998,7322.007641654024,5945.2819413416955,7258.003758354927,5898.590855900605,7194.640224677408,5852.281029614851,7132.008826661364,5806.41625129808,7070.127549279019,5761.015457314282,7009.038534342209,5716.113647238704,6948.826678596177,5671.776198987144,6889.658439497777,5628.127773525128,6831.864290492406,5585.413434705696,6776.119836567285,5544.133190043712,6723.858838363875,5505.350052945803,6678.252294398111,5471.423709377813,6646.621623859412,5447.827593023366
70,0.3596496496496497,7809.435190416857,6294.788984020937,7771.931576729181,6267.621647934054,7718.291938377919,6228.830378573304,7657.577119820344,6184.941893636382,7593.8016701509405,6138.821869260984,7528.824392861001,6091.786880157342,7463.545178708635,6044.4705663513705,7398.420719861681,5997.193422691304,7333.696364115528,5950.127561469306,7269.515980833643,5903.37407430158,7205.979032718532,5857.002775903207,7143.177577366977,5811.077555765731,7081.12954437129,5765.617346897206,7019.877113880652,5720.657174727645,6959.505349632332,5676.262487805215,6900.181100256022,5632.558098342364,6842.235666608903,5589.7893792254445,6786.346383057933,5548.456973120477,6733.950690400376,5509.625233622583,6688.227660140791,5475.656776625447,6656.517067756146,5452.031700948277
71,0.3646446446446447,7822.553019540585,6300.129568025523,7784.942052536441,6272.925038583236,7731.148212687081,6234.080324009212,7670.258931474176,6190.13126278472,7606.300854338326,6143.9476693490915,7541.138477588536,6096.8480725482505,7475.674460808332,6049.467072096127,7410.366888625009,6002.125653646025,7345.461838687862,5954.996193254249,7281.103593238079,5908.179936487183,7217.391895189552,5861.7468046806325,7154.419075544389,5815.7607885467,7092.203007738757,5770.240817595649,7030.785910288287,5725.221943171542,6970.253014935974,5680.769684782629,6910.771564168581,5637.009006680801,6852.673692204557,5594.18559248428,6796.638475557423,5552.8007235874975,6744.107062806583,5513.920101421592,6698.2666596569015,5479.909288621777,6666.475537589315,5456.255087375984
72,0.36963963963963964,7835.758768686493,6305.496137864612,7798.039600340426,6278.254190329297,7744.090343368895,6239.355707837042,7683.02522857529,6195.345705479985,7618.883093898679,6149.098161381441,7553.534173114149,6101.9335704266405,7487.883915876902,6054.487497770264,7422.3918096303605,6007.0814227363635,7357.304667078098,5959.887986627897,7292.767186126409,5913.008589786851,7228.879391722365,5866.5132607237865,7165.733890135047,5820.466091917402,7103.348497860887,5774.886009236874,7041.76547181048,5729.8080899996885,6981.070212753457,5685.297925003842,6921.430359738098,5641.480631338281,6863.1788863399015,5598.602205063015,6806.996624087242,5557.164569902597,6754.3284571914,5518.234782824896,6708.369787270661,5484.181370138672,6676.497522680157,5460.497875904406
73,0.37463463463463464,7849.05313088748,6310.888864586276,7811.224906135626,6283.609272602807,7757.119006357789,6244.656697170564,7695.876675748001,6200.585386224763,7631.549041689728,6154.2735071376665,7566.0121204345105,6107.043532821697,7500.174173123812,6059.5319996648295,7434.496100453517,6012.060883546799,7369.225455420405,5964.803092509284,7304.507354402969,5917.860182500372,7240.442106215688,5871.302289762694,7177.1225942695155,5825.193609090972,7114.566577330169,5779.55306256856,7052.816350731162,5734.415753545833,6991.957485296841,5689.847344442135,6932.158019361879,5645.9731059862315,6873.751771901208,5603.039348401253,6817.421342428521,5561.548641368199,6764.615378861722,5522.569405145934,6718.537540950734,5488.473146767901,6686.583515957498,5464.76019094346
74,0.37962962962962965,7862.43680426162,6316.30792036617,7824.498660950194,6288.990455951031,7770.234882548451,6249.9834602247065,7708.813942494594,6205.850470605349,7644.299355361728,6159.473869462932,7578.572965252797,6112.178119809813,7512.545866379601,6064.600735099873,7446.680383207043,6017.064190672812,7381.224814302836,5969.741662810735,7316.324697344572,5922.7348639034135,7252.0806268608885,5876.114038486194,7188.585765292871,5829.943484222627,7125.857812877085,5784.242119264074,7063.939103397331,5739.045073053344,7002.915378768008,5694.418079964711,6942.9550793555945,5650.486565174671,6884.39287562377,5607.497154802305,6827.913148144946,5565.953068136172,6774.968336844977,5526.924096534294,6728.7704223324845,5492.78474492583,6696.734013979762,5469.04215771973
75,0.38462462462462466,7875.9104920427035,6321.753478513926,7837.861560876177,6294.397912044275,7783.438657825643,6255.336166321819,7721.837703224656,6211.141125297882,7657.134697386298,6164.699412273995,7591.217358007049,6117.337492520559,7524.999634123752,6069.693862430305,7458.945284567661,6022.091499726651,7393.303358794206,5974.703850443524,7328.21981862693,5927.6327842531,7263.795546167966,5880.948654547401,7200.123984790219,5834.715862415038,7137.2227753951865,5788.953321927751,7075.1342902437045,5743.696188680425,7013.944443382873,5699.010269337793,6953.822079977089,5655.02114433723,6895.10272811532,5611.975757438134,6838.472562605759,5570.37798121269,6785.387843911783,5531.298985980489,6739.0689367403065,5497.116291858155,6706.949516957102,5473.343902281141
76,0.38961961961961966,7889.47490261092,6327.2257134795955,7851.314307099912,6299.831813682254,7796.731023094161,6260.714985897945,7734.948637284568,6216.457518074559,7670.055735085419,6169.95030056529,7603.945953898657,6122.521813142662,7537.536119512686,6074.81154105177,7471.291435803771,6027.142967343119,7405.461708471144,5979.689809323573,7340.193326351228,5932.554094793602,7275.587460991656,5885.806286569213,7211.737838612363,5839.510889723744,7148.662039966302,5793.686814100227,7086.402475817495,5748.369241505325,7025.045233395749,5703.624051231785,6964.759565450302,5659.576979796206,6905.881863879556,5616.475290354329,6849.100111008901,5574.823512463132,6795.874416598719,5535.694203320784,6749.433593210076,5501.4679156446555,6717.230528773632,5477.6655515016655
77,0.39461461461461467,7903.130749523689,6332.724800860108,7864.857605932557,6305.292334800501,7810.112674308942,6266.120090509148,7748.147428987121,6221.799817809834,7683.063140660576,6175.226700415051,7616.759412920988,6127.731244930032,7550.155970407901,6079.953931406581,7483.7194728030945,6032.218751185388,7417.700487445245,5984.699694377163,7352.245833070816,5937.498947761761,7287.456972557653,5890.687084149833,7223.427916901556,5844.328713162582,7160.176185885852,5798.442740263754,7097.74422880329,5753.0643735316025,7036.218307123788,5708.259565226423,6975.768083989321,5664.154208767648,6916.730821339761,5620.995888475106,6859.796322404257,5579.289794616987,6806.428575231206,5540.10987924204,6759.86490451172,5505.839745203965,6727.577557009768,5482.007233086061
78,0.3996096096096096,7916.878751546649,6338.2509174057695,7878.492168840764,6310.779650476801,7823.584312505317,6271.551652837864,7761.434767641309,6227.168194486688,7696.157591222019,6180.528778991468,7629.658399888182,6132.965952207798,7562.859839404257,6085.121194989659,7496.230036100456,6037.319009950839,7430.020324390384,5989.733661546687,7364.377955818023,5942.46749639273,7299.40468648897,5895.591197868325,7235.194814117422,5849.169480709144,7171.765796688319,5803.221245847595,7109.160122048078,5757.781727693408,7047.4642269715705,5712.916951815963,6986.84818782253,5668.75296936646,6927.6501428625725,5625.537687608316,6870.561729717015,5583.776961272806,6817.0508439465,5544.546145286572,6770.3633871718785,5510.231910298376,6737.991112964682,5486.369075574625
79,0.4046046046046046,7930.719632684796,6343.804241026792,7892.218712477529,6316.293936937665,7837.146643829417,6277.009846699273,7774.811347582233,6232.5628192029035,7709.33976881819,6185.856704558862,7642.643584464049,6138.226100378405,7575.648383858376,6090.313494354506,7508.823770905714,6042.443903376949,7442.421852570145,5994.791867796417,7376.590316131131,5947.459894925665,7311.431212832429,5900.5187792902025,7247.03912906297,5854.033341310277,7183.431460172816,5808.022477233409,7120.650732586376,5762.521447860779,7058.78355945582,5717.596352414412,6998.000433216897,5673.373400611525,6938.640374781848,5630.100824450511,6881.396869771159,5588.285146903166,6827.741750716807,5549.003133857043,6780.9295614967095,5514.644541538662,6748.47171167887,5490.751208347967
80,0.40959959959959963,7944.654122213775,6349.384950799859,7906.03795871317,6321.835371564829,7850.800379568719,6282.494847047723,7788.27786820118,6237.983864177383,7722.610360465285,6191.210646483897,7655.715641191136,6143.511855927706,7588.522265917208,6095.530993119215,7521.501327131808,6047.593592247188,7454.905709865399,5999.874471118322,7388.883540081453,5952.476298609421,7323.5371660852925,5905.469980973033,7258.96146491076,5858.920444887592,7195.1737684287955,5812.846581760673,7132.216641665493,5767.283678844979,7070.17687523022,5722.29790936076,7009.225380502391,5678.015642430874,6949.70206742266,5634.685436591999,6892.3022833130535,5592.814486859655,6838.501827372501,5553.480978221386,6791.563951594784,5519.077770388932,6759.019871956833,5495.153761631823
81,0.41459459459459463,7958.682954711329,6354.993226974734,7919.95063466647,6327.404132901783,7864.546236182756,6288.006829983177,7801.835033975824,6243.431502756492,7735.970058176972,6196.590775241832,7668.875249519925,6148.823386431118,7601.482152546729,6100.773855972509,7534.263359422969,6052.7682383969695,7467.47253880201,6004.981630537898,7401.258258300574,5957.5168637083025,7335.723165222001,5910.444956472077,7270.962429229196,5863.830942343006,7206.99331786189,5817.693707732146,7143.858434770927,5772.068566403857,7081.644749110366,5727.021765924261,7020.523594096495,5682.679835666865,6960.835775125408,5639.291662521951,6903.278515035144,5597.3651173779,6849.331609625476,5557.9798125177385,6802.267085400106,5523.5317291715055,6769.636116389874,5499.576866501879
82,0.41958958958958964,7972.806870088899,6360.629250980865,7933.957472735968,6333.00040066035,7878.3849353339765,6293.545972757686,7815.483554500613,6248.905909420442,7749.4195589942365,6201.997262422787,7682.12309383818,6154.160860559781,7614.52871556078,6106.042248679817,7547.110527183062,6057.968004719601,7480.122986578673,6010.113506120038,7413.715106007705,5962.581747507822,7347.989833721069,5915.443860345969,7283.042634008938,5868.7649855643285,7218.890709219872,5822.564004419335,7155.576701651877,5776.87625724724,7093.187760098859,5731.768066309729,7031.895642528868,5687.36612208139,6972.042056270057,5643.919641633528,6914.326113599812,5601.937175582601,6860.2316370925955,5562.4997717594015,6813.039494695245,5528.006551071804,6780.320971378995,5504.020654888623
83,0.4245845845845846,7987.026613623383,6366.293205434081,7948.059210631416,6338.624355727289,7892.317203918747,6299.112453781902,7829.22414451727,6254.407259789711,7762.959565015413,6207.4302807380645,7695.459863500453,6159.524448086776,7627.662631650054,6111.336338089364,7560.043494604057,6063.1930551722835,7492.857705094919,6015.270258974922,7426.254723037184,5967.6711083204955,7360.337799592108,5920.466848162404,7295.202695689471,5873.722727430857,7230.8665476187525,5827.457622068014,7167.372036346887,5781.706899042341,7104.806491410502,5736.536955662854,7043.342098466109,5692.074644361121,6983.321473300482,5648.569514229038,6925.4456316633305,5606.530799492607,6871.202453319281,5567.040991839852,6823.8817151345875,5532.502370143287,6791.074967157938,5508.485259582232
84,0.4295795795795796,8001.342935989057,6371.985274143269,7962.256591405384,6344.276180170918,7906.3437740985255,6304.70645263164,7843.057523945489,6259.935730631483,7776.590783426319,6212.890004026492,7708.886252857721,6164.914319893346,7640.884582411234,6116.656292138308,7573.062930694668,6068.443554782162,7505.6773509792365,6020.452051263951,7438.877753866119,5972.785105491677,7372.767695402986,5925.514076503869,7307.4432351857895,5878.704321819006,7242.921442569001,5832.374711903759,7179.245037209634,5786.560640419222,7116.50153049763,5741.328580075572,7054.863538736668,5696.805546122765,6994.674592748971,5653.241421525098,6936.637625899936,5611.146128026009,6882.244605803211,5571.603609537753,6834.794286267712,5537.019321312402,6801.898637816321,5512.970814237478
85,0.4345745745745746,8015.756593289661,6377.705642117124,7976.550363485032,6349.956057247801,7920.46538333118,6310.328150054439,7856.984417913735,6265.491499866127,7790.313926530586,6218.376607260781,7722.402961287187,6170.330647975194,7654.195254376264,6122.0022798589025,7586.169509309118,6073.719669652358,7518.582585617351,6025.6590462057,7451.584847642169,5977.923899405407,7385.280158307127,5930.585702973409,7319.764877915214,5883.70992360797,7255.056008001919,5837.315426137513,7191.196306934819,5791.437630976247,7128.273469075578,5746.14308659144,7066.460544355865,5701.558971918373,7006.101985260805,5657.935505657861,6947.902657026025,5615.78330100527,6893.358646018132,5576.187762521994,6845.777751562876,5541.557540383551,6812.792521322901,5517.477453378647
86,0.4395695695695696,8030.268347090636,6383.454495570904,7990.941280704028,6355.664171409445,7934.682774402489,6315.97772797619,7871.00555679025,6271.074746573713,7804.1297117801205,6223.890266553954,7736.010693222219,6175.7736054487505,7667.595339041778,6127.374471384698,7599.363909176067,6079.021566968072,7531.574075180611,6030.89140808191,7464.376658211463,5983.0876514903075,7397.87583007095,5935.681886200407,7332.168253824365,5888.739688685425,7267.27086229614,5842.279917971188,7203.226452584227,5796.338021285593,7140.122903148278,5750.980623211047,7078.133700551059,5706.335067240644,7017.604225619014,5662.65190968823,6959.241289824484,5620.442459162365,6904.545129437816,5580.793589356768,6856.832658430633,5546.117164044114,6823.757159548959,5522.005312404504
87,0.4445645645645646,8044.878964451536,6389.232021933246,8005.430102334657,6361.400708309046,7948.996695457766,6321.65536950779,7885.121676214184,6276.685651000568,7818.038861805739,6229.431159165777,7749.710158182453,6181.243366557532,7681.085532898693,6132.773037956763,7612.646813927667,6084.349415002718,7544.652490654583,6036.149302243504,7477.253844146678,5988.276524225499,7410.555357101444,5940.802785846413,7344.653997416265,5893.793773953231,7279.566628304247,5847.2683416032805,7215.336085612885,5801.261962898785,7152.050433033983,5755.841338897453,7089.883596786927,5711.133978528284,7029.181892769223,5667.390777607137,6970.654093169138,5625.123744143965,6915.804615560122,5585.421229506669,6867.959558247556,5550.698329869466,6834.793098291793,5526.554527593278
88,0.4495595595595596,8059.5892179586,6395.038409853006,8020.017593120066,6367.165854808269,7963.407900033679,6327.3612589518125,7899.33351712691,6282.324394565844,7832.042104447928,6234.999463509244,7763.502070804049,6186.740106678501,7694.666537461929,6138.198151929952,7626.01891212878,6089.703383124064,7557.818507867756,6041.43289511665,7490.2170687752305,5993.490681146552,7423.319390473892,5945.948562610981,7357.222747777571,5898.872337333211,7291.943933379561,5852.280852234532,7227.525821895376,5806.209608352251,7164.056663391114,5760.72538358166,7101.710826790881,5715.955853171383,7040.835569844647,5672.152254340827,6982.141640049334,5629.82729851664,6927.137667931178,5590.070823341818,6879.159006380103,5555.301176328035,6845.900887298354,5531.1252361076695
89,0.45455455455455457,8074.399885757488,6400.873849206135,8034.704523306695,6372.959798984051,7977.9171470902065,6333.0955818092425,7913.641825803467,6287.9911598681465,7846.140172787796,6240.595359157075,7777.387150870097,6192.264002328472,7708.339059300298,6143.649986779203,7639.480897306359,6095.083641800432,7571.0728075203915,6046.742354208837,7503.2670002076475,5998.730286851465,7436.168585959737,5951.119378237566,7369.875148605969,5903.975537772912,7304.403409403035,5857.317606073629,7239.7962817522985,5811.181111172921,7176.1422032442715,5765.632908168104,7113.615988578622,5720.80083951682,7052.56584419121,5676.936485756175,6993.704507594632,5634.553265772096,6938.544854169721,5594.742512143022,6890.431562208595,5559.925842786393,6857.081080288987,5535.717575999888
90,0.4595495495495496,8089.31175158621,6406.7385311025955,8049.49166867686,6378.782730135468,7992.525201042793,6338.85852478623,7928.047353884214,6293.686130692189,7860.333805178162,6246.219026848271,7791.366123341193,6197.815231170554,7722.103810066551,6149.128717105866,7653.033467978953,6100.4903626069145,7584.416075213537,6052.077848114997,7516.404311366066,6003.995507006694,7449.103604054592,5956.315395519426,7382.611848237689,5909.103535251421,7316.945692810317,5862.378760342887,7252.148089976834,5816.17662588384,7188.307666010347,5770.564064540193,7125.599684479822,5725.6690868737005,7064.373307392797,5681.743618666031,7005.343277099653,5639.301790332434,6950.02674599152,5599.436438106949,6901.777789151324,5564.572469514363,6868.334234981313,5540.33168621672
91,0.4645445445445446,8104.325604808189,6412.632647893313,8064.379810581522,6384.634838790603,8007.232831794639,6344.650275800887,7942.550858406603,6299.409492015484,7874.623745274835,6251.8706484947,7805.439718386165,6203.393972020615,7735.961506527563,6154.634518644071,7666.67732768639,6105.923718231647,7597.849001478173,6057.43954652366,7529.629680012895,6009.286508353177,7462.125110006391,5961.536778305579,7395.433499675181,5914.256490785227,7329.571424618948,5867.464473284033,7264.581875861489,5821.196308009821,7200.553669524808,5775.519005565849,7137.662521163941,5730.560745518818,7076.2585552966275,5686.573800834596,7017.058534049044,5644.0730175554445,6961.583919233973,5604.15274435134,6913.198254688789,5569.241197690167,6879.6609131142195,5544.967706604617
92,0.4695395395395396,8119.442240445525,6418.556393177171,8079.369735973219,6390.51631671348,8022.040814769175,6350.471023990114,7957.15310183715,6305.161430015064,7889.0107420680315,6257.550407187711,7819.608671412963,6209.000404853787,7749.9128705947105,6160.167568267111,7680.413185019613,6111.383882482077,7611.372281804548,6062.827620223133,7542.943788779606,6014.6034587124395,7475.233773843709,5966.783691506771,7408.340760614931,5919.434566434078,7342.2812504556805,5872.574904163969,7277.098273224938,5826.240314083135,7212.880836068098,5780.497885103115,7149.805109666196,5735.475966702159,7088.222188038798,5691.427180982843,7028.850868142577,5648.867093739912,6973.216953880799,5608.8915749202515,6924.693530388062,5573.932169405585,6891.061680471996,5549.6257779148145
93,0.4745345345345346,8134.66245921244,6424.5099618080285,8094.46223743917,6396.427356911034,8036.949930942722,6356.320959716469,7971.854852103549,6310.942132074243,7903.495549913967,6263.258487204785,7833.873723099713,6214.6347108110285,7763.9586293543725,6165.728043993897,7694.241753650662,6116.871030291301,7624.986616671642,6068.242241107722,7556.347325195712,6019.946526992694,7488.430270404214,5972.056301101487,7421.334293475427,5924.637925306903,7355.0758205839775,5877.710213280579,7289.697920439067,5831.30880164921,7225.28979239217,5785.500858005756,7162.028065413637,5740.414902652419,7100.264810069917,5696.303908793937,7040.720873320372,5653.684166130989,6984.926434086883,5613.653074789321,6936.264191927272,5578.645527671154,6902.537106908579,5554.3060418084815
94,0.47952952952952954,8149.9870675488655,6430.493549901798,8109.658113234562,6402.368153640096,8051.960966877287,6362.200274575074,7986.656882626997,6316.751786789426,7918.078928566619,6268.995074016225,7848.235619425933,6220.297072205687,7778.099515098628,6171.316124995412,7708.163752362831,6122.385337724438,7638.692711576786,6073.683582183989,7569.84098171786,6025.315883194982,7501.7152793632595,5977.354774142007,7434.414765425283,5929.866731567765,7367.955789931634,5882.87056196858,7302.381460456101,5836.4019292724,7237.781169747201,5790.5280801289255,7174.332008251393,5745.377706582567,7112.3870301809,5701.204134918697,7052.669147788281,5658.524382925555,6996.712948203248,5618.4373898710655,6947.910819120247,5583.381416421405,6914.087766371954,5559.008640861905
95,0.48452452452452455,8165.416877654248,6436.507354843544,8124.958167316,6408.338902414443,8067.074714753582,6368.109161400564,8001.559972354652,6322.590583976938,7932.761643209664,6274.760354291884,7862.695111703927,6225.987672530119,7792.336265356086,6176.931991601225,7722.179905080975,6127.926981984991,7652.491277065452,6079.151817577026,7583.425455759118,6030.7116984193735,7515.0894852626825,5982.679278760473,7447.582848411484,5935.1211504418125,7380.921818118557,5888.056112605398,7315.149540835913,5841.519856541737,7250.355603908403,5795.579708334834,7186.7175624690535,5750.364532695423,7124.589461528915,5706.128010981102,7064.696294043389,5663.387893277637,7008.577088802152,5623.244667020201,6959.633995941258,5588.139980520104,6925.714236928667,5563.733718571689
96,0.48951951951951955,8180.952707521525,6442.551575294638,8140.363209375175,6414.33980001187,8082.291972404186,6374.047814274066,8016.564905792268,6328.458714679911,7947.544464488579,6280.554515907932,7877.252956610339,6231.706696462343,7806.6696229229065,6182.575825306028,7736.290940901991,6133.496141421321,7666.383028761203,6084.6471225367995,7597.101449718391,6036.1341448711755,7528.553577539688,5988.029984175002,7460.839219187822,5940.401348221305,7393.974569484702,5893.267028617065,7328.002813773485,5846.66274407676,7263.013735203016,5800.655900498468,7199.185356827178,5755.375536189289,7136.8727216634525,5711.075689583822,7076.802918899654,5668.274847303827,7020.519452702345,5628.075054039009,6971.434310549929,5592.921365765543,6937.4171007884715,5568.481419359987
97,0.49451451451451456,8196.595380971266,6448.62641119993,8155.874054872658,6420.371044481315,8097.613543346888,6380.016428530221,8031.672473037049,6334.356371175187,7962.4281685429105,6286.377747953661,7891.909916217887,6237.454329872733,7821.100335893989,6188.247808776219,7750.49759412546,6139.092995533084,7680.368687395816,6090.16967344449,7610.8696710100285,6041.583395867179,7542.108250555946,5993.407060695841,7474.184559343465,5945.707492271654,7407.114713118152,5898.503474484181,7340.9419361264845,5851.830753533348,7275.756208537437,5805.756815513334,7211.73602458397,5760.410873263592,7149.237432552531,5716.047324313762,7088.989633513696,5673.185396088776,7032.540640994444,5632.928699682718,6983.312355316253,5597.725718895861,6949.196944329129,5573.2518885797745
98,0.49950950950950956,8212.345727686012,6454.732063794989,8171.491525071938,6426.432835150019,8113.040236818248,6386.015200764252,8046.883469810632,6340.283746980276,7977.413537038757,6292.2302407383295,7906.66675802726,6243.230759830739,7835.6291576943195,6193.948125856518,7764.800604284458,6144.717724977748,7694.448978839534,6095.719647818903,7624.730832093555,6047.05962584196,7555.754203626816,5998.810679731541,7487.619555331699,5951.039751037498,7420.3429228833475,5903.765615747876,7353.967569443041,5857.024047609598,7288.583673424479,5810.882613297237,7224.370203522083,5765.470701124573,7161.684220609073,5721.043069747664,7101.257053410729,5678.119691690688,7044.641259066459,5637.80575366492,6995.268726845773,5602.553187594378,6961.054358121331,5578.045272520138
99,0.5045045045045045,8228.20458324483,6460.868735613366,8187.216447073587,6432.5253726307255,8128.572867807294,6392.0443288390625,8062.198697492295,6346.241036860358,7992.501357201372,6298.112185798034,7921.524254999189,6249.036174611669,7850.256847110496,6199.676961576615,7779.200716176531,6150.370511577135,7708.62463413153,6101.297224322888,7638.685650503603,6052.563010354186,7569.492141050768,6004.24101379517,7501.144898498803,5956.398294048821,7433.65987744949,5909.053619015822,7367.080379989634,5862.242790051742,7301.49678401082,5816.0334547980965,7237.088535975588,5770.555177990987,7174.213716717399,5726.063081457726,7113.605798510618,5683.077887146848,7056.82191662946,5642.706366663028,7007.304026004886,5607.403920494972,6972.989936953756,5582.861718411602
100,0.5094994994994995,8244.172789158021,6467.036630493906,8203.049653849674,6438.648858828911,8144.212257089441,6398.104011892377,8077.618963152313,6352.228436835313,8007.692421848007,6304.023775902633,7936.483185586722,6254.870763703482,7864.98416832243,6205.434502157866,7793.6986798948565,6156.0515383239945,7722.896389510515,6106.902582769818,7652.73484887998,6058.093726092987,7583.32277213892,6009.69823651058,7514.761285113114,5961.78329192709,7447.066260319084,5914.367651968279,7380.281038779172,5867.487145660079,7314.496199104577,5821.209501999786,7249.891668857082,5775.664463099875,7186.8265562599,5731.107516017257,7126.036493154124,5688.060136479192,7069.083227743379,5647.63069032374,7019.418857946295,5612.278067187494,6985.004279858292,5587.701374431489
101,0.5144944944944946,8260.25119290205,6473.235953588096,8218.991984278335,6444.80349695008,8159.959231260588,6404.1944503439345,8093.145079585521,6358.246144186788,8022.987529420884,6309.965205062715,7951.544333767656,6260.734717813645,7879.811890935233,6211.220935020024,7808.295250859565,6161.7609893886265,7737.264986445526,6112.535904130085,7666.879154997944,6063.651950884349,7597.246811244779,6015.182522618684,7528.469416394236,5967.194916391451,7460.562759856673,5919.707883364179,7393.570221599194,5872.7572802949635,7327.582582203035,5826.410917928011,7262.780253684957,5780.798716712333,7199.523379143827,5736.176531006362,7138.549766129245,5693.066594699895,7081.425810842964,5652.578877268562,7031.613832134611,5617.175778223201,6997.097990135355,5592.564389709299
102,0.5194894894894895,8276.44064795464,6479.466911367458,8235.044283178546,6450.989491507083,8175.814622771407,6410.3158459027145,8108.777865345067,6364.294357465321,8038.3874840204135,6315.936668536587,7966.708489077145,6266.628228876001,7894.74079001127,6217.036448788011,7822.9911898492555,6167.49905012554,7751.731171666877,6118.197370537655,7681.119301798616,6069.23786369755,7611.264977794138,6020.694047983785,7542.269998542429,5972.633340264941,7474.150069317687,5925.07448304724,7406.94860904026,5878.0533608828155,7340.756601520556,5831.637866656238,7275.754946610814,5785.95810011932,7212.304829828261,5741.270285017664,7151.146250697746,5698.097417817009,7093.85028876389,5657.5510810993555,7043.889562372081,5622.097205120223,7009.2716753794075,5597.450914332138
103,0.5244844844844845,8292.742013830111,6485.729711630997,8251.207401345097,6457.207048327496,8191.779269961828,6416.468401574197,8124.518144776348,6370.373276497503,8053.893095438553,6321.938362837336,7981.97644664053,6272.551490057713,7909.771646102404,6222.881233298728,7837.787263032673,6173.26590708014,7766.2956971973035,6123.8871652966445,7695.456027419572,6074.851644651628,7625.377996315149,6026.232989599944,7556.163742768151,5978.098737480748,7487.82888687749,5930.467621952115,7420.416886524493,5883.375555422165,7354.0189300166185,5836.89051331162,7288.816408447043,5791.142775647527,7225.17155735123,5746.388937662063,7163.826584621821,5703.15276284013,7106.357288768996,5662.547456403909,7056.246666824488,5627.042500369077,7021.525947504579,5602.361099350167
104,0.5294794794794795,8309.156156114885,6492.024563512674,8267.482195583767,6463.456374561028,8207.85401709572,6422.652321667685,8140.366748051141,6376.483102393174,8069.505179192378,6327.970485739899,7997.349007206329,6278.504695766224,7924.905245282429,6228.755479607905,7852.684242000585,6179.061747995478,7780.959320383286,6129.60547288795,7709.890075225621,6080.4934750219,7639.586596468555,6031.79952559737,7570.151365321787,5983.591283088504,7501.599915660606,5935.8874721105785,7433.97574433428,5888.724032989751,7367.370245424045,5842.1690240809985,7301.965304694562,5796.352906665249,7238.124215356966,5751.532649574524,7176.591410190918,5708.232787786084,7118.94744257471,5667.568158761549,7068.685768047185,5632.011817438191,7033.861422770468,5607.295096782085
105,0.5344744744744745,8325.683946503206,6498.351677488947,8283.869528746696,6469.737678686969,8224.039714395789,6428.867811803657,8156.324511201956,6382.624037552668,8085.224556557845,6334.033236288191,8012.826977179405,6284.488041656275,7940.142379179682,6234.659379996993,7867.682903797825,6184.886761819013,7795.722803926535,6135.352478975899,7724.42219383976,6086.163537246501,7653.89151307812,6037.393835248882,7584.2335875235285,5989.111153260611,7515.463863770078,5941.334206657758,7447.625877641156,5894.098963746628,7380.81123027738,5847.473566216911,7315.202305570721,5801.588657588315,7251.1634621233425,5756.701582419895,7189.441374248715,5713.337651684663,7131.621386377586,5672.61334474879,7081.207493011285,5637.005310779484,7046.278721808067,5612.253059620639
106,0.5394694694694695,8342.326262833083,6504.711265386326,8300.370269767975,6476.051170521707,8240.33721807865,6435.115078921174,8172.392276156553,6388.796285674098,8101.052054603754,6340.126814802282,8028.411168654383,6290.501724636933,7955.483845009861,6240.593127980097,7882.78403095554,6190.741138709448,7810.586915915683,6141.128370414964,7739.053137174317,6091.8620149329845,7668.293486161217,6043.016098976364,7598.411135793465,5994.658525298627,7529.421444317035,5946.807999838404,7461.367986534841,5899.5005189443345,7394.342571941436,5852.804308043661,7328.528086037344,5806.850193886038,7264.289960589469,5761.895898898776,7202.377128220265,5718.467514584391,7144.37976088102,5677.683171945,7093.812473130008,5642.023135833954,7058.778469645853,5617.235141838186
107,0.5444644644644645,8359.08398912242,6511.103540389009,8316.985293699428,6482.397061226269,8256.747390390134,6441.3943312853235,8188.570890772689,6395.000051760695,8116.988506225908,6346.251422885613,8044.102399449197,6296.545942878722,7970.930445609009,6246.556918310958,7897.988411523625,6196.625070043565,7825.552429858151,6146.933335256498,7753.783664462248,6097.589092864949,7682.7932609596,6048.6664983572955,7612.6847416818055,6000.233577639656,7543.473375450402,5952.309027013177,7475.202776052458,5904.928870931088,7407.964962640002,5858.161418963404,7341.943325828979,5812.137682087206,7277.504378383447,5767.1157627534,7215.399328139282,5723.6225375583335,7157.223211322135,5682.777798938133,7106.501344285178,5647.065449037331,7071.36129573604,5622.241498392268
108,0.5494594594594595,8375.95801560539,6517.5287170465435,8333.715481746642,6488.775563313919,8273.271099640788,6447.705778494708,8204.861208873064,6401.235542128189,8133.034750181479,6352.407263432241,8059.901493138889,6302.620895820728,7986.482989466727,6252.550946989961,7913.296839103337,6202.538748423141,7840.620124712219,6152.767562755529,7768.614540288669,6103.344957008707,7697.391587970379,6054.345216131309,7627.0551418993155,6005.836489862813,7557.620380386812,5957.83746466499,7489.130956207921,5910.384193158019,7421.679099484746,5863.545069462279,7355.448709481277,5817.451289786119,7290.807387850271,5772.361338773585,7228.508634675623,5728.802882709917,7170.152387498803,5687.897385330467,7119.274746853889,5652.132407825738,7084.027833980968,5627.272285231241
109,0.5544544544544545,8392.949238769006,6523.987011281531,8350.56172130516,6495.186890657798,8289.909220241598,6454.049631488991,8221.264090280472,6407.502964412216,8149.191631123569,6358.594540634162,8075.809279089589,6308.726784177804,8002.142290759566,6258.575411271211,7928.7101128801205,6208.482367681896,7855.790784919253,6158.631243377577,7783.5465346225255,6109.129794519994,7712.089222977155,6060.05243620679,7641.523078347932,6011.4674426957035,7571.863187440692,5963.393490405404,7503.153242021504,5915.8666601854475,7435.485684504261,5868.955431116574,7369.04492635958,5822.7911856486535,7304.199666079934,5777.632792802686,7241.7057131628835,5734.008713178819,7183.167943796847,5693.042091744385,7132.133325735318,5657.224170641407,7096.778722759673,5632.327659299916
110,0.5594494494494495,8410.058561389913,6530.478640397404,8367.52490599695,6501.631258498615,8306.662632739923,6460.426102556475,8237.780400853178,6413.802527575807,8165.459999636007,6364.81345998864,8091.826592492699,6314.8638099477885,8017.909169384632,6264.630509669633,7944.229037656634,6214.4561228924695,7871.06520043619,6164.524568805527,7798.580422848499,6114.943793750732,7726.886927081368,6065.788343667516,7656.089298151558,6017.126618020952,7586.202530054525,5968.977282981033,7517.270353549595,5921.376447689188,7449.3854246733235,5874.3926765989445,7382.73267068765,5828.1575394183665,7317.681894935684,5782.93029174361,7254.991233626222,5739.240193146872,7196.270539217398,5698.212079828205,7145.077730377715,5662.34089693841,7109.614604954611,5637.407778545262
111,0.5644444444444445,8427.286892571434,6537.003823086234,8384.605935707052,6508.108883452377,8323.532223855653,6466.83540534174,8254.411012520495,6420.134441916895,8181.84071226834,6371.064228305627,8107.954274399296,6321.032176418776,8033.78445099339,6270.716441968124,7959.854423885978,6220.4602103734605,7886.4441667681585,6170.447731946546,7813.716985799083,6120.787144255821,7741.785466733821,6071.553124779335,7670.754553687044,6022.814198882777,7600.639146829312,5974.58902228001,7531.483015914614,5926.913732466913,7463.3790319423,5879.856979684654,7396.512641576585,5833.550521922641,7331.254761082454,5788.254003564851,7268.3658708103185,5744.497487844006,7209.460837404429,5703.407512262029,7158.108614805555,5667.482747188447,7122.536127978543,5642.512801922117
112,0.5694394394394395,8444.6351477808,6543.562779436583,8401.805716620487,6514.61998351819,8340.51888651759,6473.277754853332,8271.15680331859,6426.498919075885,8198.334631571042,6377.347053715177,8124.193171754748,6327.232088176446,8049.768967025686,6276.833409224754,7975.587087705113,6226.494827696493,7901.928485001346,6176.400926939039,7828.9570097868755,6126.660036799986,7756.785613766398,6077.3469669969045,7685.519602615367,6028.530369493611,7615.173781555194,5980.228889338497,7545.791959335143,5932.478692444541,7477.467223266747,5885.348515257865,7410.385543053935,5838.970305078875,7344.918956015474,5793.60409730658,7281.83030420751,5749.780763554245,7222.7395066724575,5708.628552763645,7171.226637646848,5672.649882886669,7135.543943801585,5647.642889398965
113,0.5744344344344344,8462.104248886653,6550.15573094143,8419.12516125938,6521.164778086086,8357.623519900058,6479.753367471486,8288.018657426534,6432.89617204326,8214.942626130947,6383.662145674966,8140.544137433532,6333.463751111429,8065.863554743979,6282.981613780006,7991.427850968505,6232.560173693358,7917.5189618360455,6182.384349159649,7844.301286637048,6132.562663364648,7771.888145423998,6083.170058970445,7700.385207913016,6034.2753152407395,7629.807183242315,5985.897066347211,7560.197919156216,5938.071506682668,7491.650720637212,5890.867459317963,7424.352084092962,5844.417061900697,7358.675176089067,5798.9807430867695,7295.385218086108,5755.09018762172,7236.107220034413,5713.875366094462,7184.432462160637,5677.842466557512,7148.638708978442,5652.798201963722
114,0.5794294294294294,8479.69512419677,6556.782900506127,8436.565188520306,6527.743487944927,8374.847029459748,6486.26246095592,8304.997465202543,6439.326415167259,8231.665570606901,6390.009714977816,8157.0080302743,6339.727372426721,8082.069057267788,6289.161259264076,8007.377541281976,6238.656448463168,7933.216409619937,6188.398195230317,7859.750613720059,6138.495217154866,7787.093844396666,6089.02259055257,7715.3521379035465,6040.049222693012,7644.540106151827,5991.593736658028,7574.701635879836,5943.6923553830575,7505.930251109194,5896.41398898593,7438.412978642128,5849.890966504231,7372.524122545614,5804.38411210735,7309.031301518903,5760.425928456746,7249.564655229703,5719.148118065472,7197.726756264665,5683.060661760612,7161.821084675803,5657.978901629583
115,0.5844244244244244,8497.40870849603,6563.44451245641,8454.126723711906,6534.356335290333,8392.190326972779,6492.805254453656,8322.094123220477,6445.789864161583,8248.50434576565,6396.389973759285,8173.585715115142,6346.023160645144,8098.386323608357,6295.372550604201,8023.436992036778,6244.783853379575,7949.021646381553,6194.442663025356,7875.305793984537,6144.457892606307,7802.403498851917,6094.904752805125,7730.421166289369,6045.852279607582,7659.37330982713,5997.319084790599,7589.303855195655,5949.34141989514,7520.306546833319,5901.988282510749,7452.568945654738,5855.392194114409,7386.4665015447135,5809.814376660412,7322.769248411839,5765.78815554191,7263.112494752431,5724.446975543265,7211.110192563206,5688.304633096716,7175.091736699905,5663.185151440887
116,0.5894194194194194,8515.245943084621,6570.140792546486,8471.81069859272,6541.003543732678,8409.654330572037,6499.3819685069175,8339.309534306567,6452.286736113156,8265.459838517965,6402.803135505319,8190.278062829101,6352.351325616868,8114.816208703549,6301.615694032059,8039.607042443881,6250.942591098038,7964.935495863991,6200.517951678613,7890.967635990397,6150.450885392273,7817.817902467278,6100.8167380061095,7745.5930721837285,6051.684674936691,7674.307559125307,6003.073296439041,7604.005328011868,5955.0188827225975,7534.780345085704,5907.590519275865,7466.8207091187915,5860.920921071311,7400.503024192526,5815.271710134449,7336.599757532881,5771.177039438226,7276.751425879825,5729.772106456082,7224.5834483751,5693.574546213667,7188.451335524297,5668.417115479046
117,0.5944144144144144,8533.207775816505,6576.871967967142,8489.618051409278,6547.685338305145,8427.239964784714,6505.992825061063,8356.644607576382,6458.81724948996,8282.532941955,6409.249415059933,8207.085950359895,6358.712078526965,8131.359573452969,6307.890897091197,8055.888537568486,6257.1328655631405,7980.958787558811,6206.62426159065,7906.736953942195,6156.474392430765,7833.337854463049,6106.758739656607,7760.868640142891,6057.5465988345095,7689.343624248759,6008.856558478645,7618.806810486307,5960.724927529962,7549.352388298523,5913.220879805677,7481.16899808703,5866.477324836557,7414.6344065713265,5820.756287020647,7350.523532541068,5776.592751791317,7290.48214070083,5735.123679799914,7238.147205761961,5698.870567812409,7201.900556317772,5673.6749588684825
118,0.5994094094094095,8551.29516113814,6583.638267353923,8507.549726934449,6554.401945471824,8444.948160570133,6512.638047472592,8374.10025847205,6465.381624148889,8299.724555384857,6415.7290286329635,8224.010260757896,6365.1056319030395,8148.017284753318,6314.198368644531,8072.282328364773,6263.354882015939,7997.092356740201,6212.761794435982,7922.61456772263,6162.5286118916,7848.964159635267,6112.7309524878,7776.248660198556,6063.4382426640095,7704.482280777035,6014.669058972637,7633.709064057742,5966.459739149252,7564.0234240907685,5918.879545772087,7495.614546707173,5872.061583999743,7428.861369769224,5826.268282919213,7364.541282015755,5782.035465337643,7304.305336144895,5740.501865644619,7251.802151556561,5704.192865653029,7215.440078972474,5678.958847782637
119,0.6044044044044045,8569.509060127446,6590.4399207953775,8525.606676506044,6561.153593135865,8462.77985535782,6519.3178605171715,8391.67740879971,6471.980081343688,8317.035584369465,6422.242193807855,8241.05188321635,6371.532199622879,8164.790215533974,6320.538318881874,8088.789271710872,6269.608847001389,8013.337044499332,6218.930753170366,7938.601302926374,6168.613743203583,7864.697628388906,6118.73357246801,7791.733927890456,6069.359799003894,7719.724309698911,6020.510987178998,7648.712855477394,5972.223503586695,7578.794205299221,5924.566700001075,7510.158094252369,5877.673878284907,7443.184639910101,5831.807874545742,7378.653719486078,5787.505353910773,7318.2217140109715,5745.906835140114,7265.54897739141,5709.541608560865,7229.070588132221,5684.268949449997
120,0.6093993993993995,8587.85044053307,6597.277159841342,8543.789858065658,6567.940510647699,8480.735993085791,6526.032490397754,8409.376986767249,6478.612843732921,8334.46694076165,6428.789129549519,8258.211713107832,6377.9919969221955,8181.679244792851,6326.910959327534,8105.41023044408,6275.89496837581,8029.6936977789765,6225.131342038142,7954.697990894047,6174.729987061709,7880.53907677129,6124.766796809784,7807.325244299219,6075.311461655575,7735.07049744466,6026.38253355732,7663.81895684065,5978.016408029461,7593.665490009631,5930.282526479341,7524.8003851518415,5883.314388557068,7457.604948183753,5837.375239737637,7392.861563460562,5793.002592447689,7332.231980996674,5751.338760522576,7279.388379727548,5714.91696643263,7242.792773220986,5689.605432160176
121,0.6143943943943945,8606.320276813869,6604.150217511295,8562.100236197814,6574.762928813312,8498.81752423917,6532.782164752745,8427.199927022246,6485.280135388007,8352.019542742482,6435.370056212237,8275.490652020944,6384.485240402378,8198.685257632445,6333.316502847961,8122.146073396319,6282.213455314396,8046.1631694083235,6231.363766579624,7970.905468746461,6180.877545434444,7896.489326505747,6130.83082397705,7823.023416079434,6081.293425650189,7750.521635918555,6032.283889775711,7679.028145619017,5983.8386408524375,7608.6380415881185,5936.02721036097,7539.542169021755,5888.983296828781,7472.1230308762215,5842.97055746056,7407.165537456987,5798.527356995156,7346.336848727676,5756.797815120713,7293.3210598835085,5720.3191102425935,7256.607328471609,5694.968465270033
122,0.6193893893893895,8624.919550178718,6611.059328302772,8580.538782169364,6581.621079902572,8517.025405889035,6539.567112664212,8445.14717069025,6491.982181801328,8369.694314858885,6441.985195547629,8292.8896077973,6391.012148038346,8215.80914529619,6339.755163659441,8138.997675429822,6288.564518318781,8062.746318138099,6237.628233638539,7987.224579419104,6187.056621571032,7912.5492050254825,6136.925853692303,7838.829255492939,6087.305887255678,7766.078522531582,6038.215248717743,7694.34120469226,5989.690391625093,7623.712628712782,5941.80093797417,7554.3842006962905,5894.680786266755,7486.739629400361,5848.594007814953,7421.566370032435,5804.079824716116,7360.537033787281,5762.28417336207,7307.347724064496,5725.7482120487975,7270.514952954684,5700.358219209828
123,0.6243843843843844,8643.649248626565,6618.004728199825,8599.106473969166,6588.515197657624,8535.360601731541,6546.387564666159,8463.21966541326,6498.719209894368,8387.4921880615,6448.634770712665,8310.409494568741,6397.572939186424,8233.051805205032,6346.227157335865,8155.965917473122,6294.948369224686,8079.44400867587,6243.924951369526,8003.656171696864,6193.267420008869,7928.7195455077,6143.0520869438515,7854.743580442358,6093.349043983913,7781.741960234405,6044.176804489467,7709.758922380828,5995.571851118355,7638.890025405536,5947.603896828042,7569.327240258938,5900.407041198515,7501.455490326608,5854.245772042583,7436.064794813562,5809.660173896139,7374.8332577462215,5767.798010779378,7321.469083391764,5731.204444999333,7284.516350607649,5705.774865489445
124,0.6293793793793794,8662.510366986782,6624.986654681562,8617.804296348051,6595.445517301336,8553.82408212733,6553.243752752879,8481.418365388537,6505.491448025924,8405.414099742833,6455.319006277756,8328.051232794814,6404.167834592281,8250.414140994268,6352.732700816513,8173.051686557228,6301.365221209575,8096.25711172163,6250.2541292456835,8020.201100248971,6199.510146580921,7945.001186907962,6149.209725993119,7870.767214504861,6099.423094597869,7797.51275755055,6050.1687524264635,7725.282092478443,6001.483211311536,7654.171011064163,5953.436275619395,7584.372053074011,5906.162247119108,7516.271365413944,5859.926032533128,7450.661550527063,5815.26858394991,7389.226247192663,5773.3395040169435,7335.685853932205,5736.687983338632,7298.612230264083,5711.218576704622
125,0.6343743743743744,8681.503906959828,6632.00534673074,8636.633240859062,6602.412275545823,8572.416824141215,6560.13591038734,8499.744231407638,6512.299126000386,8423.460993775665,6462.038128234874,8345.815749300567,6410.7970563989575,8267.897062550674,6359.27201241396,8190.255875852103,6307.815288800392,8113.186504003654,6256.615978066182,8036.860225664235,6205.785008423209,7961.39497399481,6155.398974381991,7886.900986966193,6105.5282391188475,7813.391728609832,6056.1912891009515,7740.911514284955,6007.424665399343,7669.556370494624,5959.298264239624,7599.519409818389,5911.946590697864,7531.18801164114,5865.6349728308505,7465.357381030377,5820.905235427781,7403.716733762412,5778.908830837098,7349.998756728151,5742.199002413844,7312.803305683238,5716.689526543268
126,0.6393693693693694,8700.63087715816,6639.06104484242,8655.594305898021,6609.415710601018,8591.139811582163,6567.064272509656,8518.198230895794,6519.142475076059,8441.633820551751,6468.792364005759,8363.703977314555,6417.460828154885,8285.501486049878,6365.845311821968,8207.579384703402,6314.2987878813665,8130.233068314592,6263.010709963911,8053.634414486527,6212.0922139823315,7977.901757384612,6161.62003694022,7903.145732854929,6111.664678833767,7829.379693182027,6062.244612328944,7756.6479926394495,6013.396407798901,7685.046893943558,5965.190053781628,7614.770086513504,5917.760259785203,7546.206191238169,5871.372777641276,7480.153035342608,5826.570310022359,7418.305454169363,5784.506170126681,7364.408517827391,5747.737678681226,7327.090295579752,5722.187889791796
127,0.6443643643643644,8719.892293147514,6646.153991032698,8674.688496744342,6616.456062183307,8609.994035043608,6574.0290755456,8536.781337951543,6526.021727973563,8459.933537020805,6475.581942450175,8381.716856507175,6424.159374822049,8303.22833399402,6372.452820123484,8225.023118669493,6320.815935701855,8147.397693547827,6269.438538413215,8070.5245392505085,6218.43197302307,7994.522393576696,6167.873119792895,7919.502292976972,6117.832616302487,7845.477476710799,6068.328921177467,7772.492337953585,6019.398634156851,7700.643377131079,5971.111836546792,7630.124864557541,5923.603443419491,7561.326671717875,5877.139632837946,7495.049267675666,5832.263990575138,7432.993150236157,5790.131701903587,7378.915868313416,5753.304189712594,7341.473923653602,5727.713842341518
128,0.6493593593593594,8739.289177488436,6653.284428847492,8693.916825602222,6623.533571524247,8628.980491943972,6581.0305574152035,8555.494533386674,6532.937118884285,8478.361106729775,6482.407093874239,8399.855333029273,6430.892922784151,8321.078535249704,6379.094759798694,8242.587989558722,6327.366950884266,8164.681274734134,6275.8996782376635,8087.531478517633,6224.804496636023,8011.257744988734,6174.158430367949,7935.971513950351,6124.032255365209,7861.685910347856,6074.444415971822,7788.445366245164,6025.4315413565,7716.346621283777,5977.063806052007,7645.584530757887,5929.476331833955,7576.550225907904,5882.935725469209,7510.046837465662,5837.986461083194,7447.780568925081,5795.785607323354,7393.521544335878,5758.898714201835,7355.954918620274,5733.267561195074
129,0.6543543543543544,8758.822559778178,6660.452603371391,8713.28031164209,6630.648481379343,8648.100186567606,6588.068957541419,8574.338804766476,6539.888883478915,8496.917499862431,6489.268050038797,8418.12035955105,6437.66169985486,8339.05302508623,6385.771354733131,8260.274915467016,6333.95205343202,8182.084713078585,6282.3943456178895,8104.656116912443,6231.209997245312,8028.108679992389,6180.476177403744,7952.55424824025,6130.263801149922,7878.005830987407,6080.591298302903,7804.507899171991,6031.4953275250045,7732.157433167985,5983.046157036755,7661.149877363844,5935.3791164636505,7591.877631982832,5888.761243765079,7525.146509404531,5843.737906705922,7462.668462369191,5801.468068685791,7408.2262871412995,5764.52143197144,7370.534014241155,5738.849224472934
130,0.6593493493493494,8778.493476692876,6667.658761236594,8732.779981042397,6637.80103603688,8667.354130105996,6595.144516858835,8593.315146450299,6546.877258916024,8515.60369327923,6496.165044167879,8436.512895301263,6444.46593528613,8357.152745214116,6392.482830225831,8278.084820815726,6340.571464737592,8199.608915997775,6288.922758099488,8121.899345159125,6237.6486886163475,8045.076072949244,6186.8265709566995,7969.251354194321,6136.5274600799075,7894.438081300857,6086.7697710345965,7820.680764065992,6037.59019204065,7748.0766251232935,5989.05908547024,7676.821702099564,5941.311989952466,7607.309673496569,5894.616377144139,7540.349053471871,5849.51851377184,7477.657587903672,5807.179269441676,7423.030843103981,5770.172523979108,7385.211949354182,5744.459011419924
131,0.6643443443443444,8798.302972030113,6674.903150631904,8752.41686703176,6644.991481326845,8686.743340699273,6602.2574778224725,8612.424559632424,6553.902483850732,8534.42067055754,6503.098310957229,8455.033906106733,6451.305859776571,8375.378643823937,6399.2294129975935,8296.018636389788,6347.225407590593,8217.254797157302,6295.485134600976,8139.262060118354,6244.120785863659,8062.1608042470225,6193.209822408988,7986.063696078259,6142.8234398813065,7910.983509771765,6092.980038311194,7836.964793967541,6043.716335540152,7764.105015096332,5995.102788558582,7692.600808197259,5947.275146160212,7622.847139414999,5900.50131622049,7555.655244967089,5855.32846978541,7492.748708097457,5812.919394199493,7437.935963757198,5775.852172324404,7399.9894679047,5750.097102411822
132,0.6693393393393394,8818.25209675176,6682.186021311792,8772.19200993139,6652.2200646299125,8706.2688434781,6609.408084416644,8631.668052383266,6560.964798443431,8553.369422032123,6510.068086582861,8473.684364432187,6458.181705479885,8393.731675625462,6406.011331199263,8314.077299376195,6353.914106185954,8235.02327650958,6302.081695421816,8156.745164824446,6250.6265054587775,8079.363760336068,6199.626144476282,8002.9921441116685,6149.151949590742,7927.642970731109,6099.222305564911,7853.360827660144,6049.873959926029,7780.2434266748305,6001.177464752062,7708.488004430677,5953.268780169727,7638.490824148896,5906.416252810767,7571.065864541735,5861.167963433962,7507.942590785079,5818.688628732226,7452.942405824604,5781.560560255458,7414.867318976583,5755.763678961994
133,0.6743343343343344,8838.341909027205,6689.507624605551,8792.106457197917,6659.487034886487,8725.931670605873,6616.596582163888,8651.046639690936,6568.064444368584,8572.450944836019,6517.074608709745,8492.465249420387,6465.093706013396,8412.212801887117,6412.828814420105,8332.261753402749,6360.63778613213,8252.915280331928,6308.712662250507,8174.349568522781,6257.166065238191,8096.685833766157,6206.07575121559,8020.03757450423,6155.513199563005,7944.417324392815,6105.4967795234315,7869.869709705338,6056.063268374031,7796.492689121931,6007.283313752441,7724.484105148839,5959.29308829409,7654.2415275870835,5912.361379941206,7586.581698232154,5867.037184594641,7523.240009098797,5824.487159984223,7468.050931251915,5787.297872175724,7429.8462568236,5761.458923728095
134,0.6793293293293293,8858.573474276947,6696.868213426502,8812.161263466514,6666.792642605854,8745.732861321263,6623.823218133997,8670.561343503088,6575.201664823591,8591.666242941692,6524.118116500519,8511.377546932632,6472.0420964666155,8430.822990475757,6419.68209369625,8350.572948577177,6367.396674459414,8270.931741264978,6315.3782581727355,8192.076186707556,6263.7396844113655,8114.127923223578,6212.558858033121,8037.200869492147,6161.907401478806,7961.30743688958,6111.803668217531,7886.492290477904,6062.284465340633,7812.8536374107925,6013.42053652031,7740.589930310061,5965.348268083847,7670.10005512989,5918.336891854768,7602.203537492355,5872.9363243414155,7538.641741500959,5830.3151760780775,7483.262307238832,5793.064293650793,7444.927040901025,5767.183020518811
135,0.6843243243243243,8878.9478652165,6704.268042281296,8832.357490594435,6674.137139875383,8765.673461981138,6631.088240953065,8690.213192769163,6582.376704537736,8611.016327202582,6531.198850624284,8530.422249589536,6479.027113409897,8449.56321589678,6426.571401519183,8369.011841526542,6374.190999628296,8289.073598351417,6322.078707679602,8209.925941159854,6270.347583568819,8131.690933568523,6219.075681692241,8054.4829173749,6168.334768352584,7978.314180308978,6118.1431809887545,7903.229426201376,6068.537756570591,7829.327112259482,6019.589335282523,7756.806305516219,5971.434518334309,7686.067217722856,5924.3429840183235,7617.932179227181,5878.865574952138,7554.148571816648,5836.1728663216045,7498.577306271228,5798.860011415253,7460.110435897522,5772.93615430066
136,0.6893193193193193,8899.466161900727,6711.707367279286,8852.69620770488,6681.520780369797,8785.754526103812,6638.391900812679,8710.003223482974,6589.589809781202,8630.50221539496,6538.317053265494,8549.600356812232,6486.04899490317,8468.434459334569,6433.496971844339,8387.57939543698,6381.020991537891,8307.341797075043,6328.814236675907,8227.899759986009,6276.989984690276,8149.3757758728225,6225.62644032148,8071.884612552293,6174.795514540381,7995.438432729892,6124.515528497161,7920.081978983806,6074.823349104548,7845.913960166155,6025.789913539689,7773.134062047359,5977.552039092937,7702.143831890735,5930.3798531299,7633.768425825745,5884.825129915691,7569.761289266598,5842.0604212148555,7513.99670615361,5804.685213379624,7475.397211767286,5778.718511204862
137,0.6943143143143143,8920.129451768535,6719.186446141979,8873.17849123126,6688.943819360564,8805.977114412708,6645.734449479137,8729.93247872565,6596.841228374172,8650.124932260174,6545.472968132884,8568.912874863847,6493.107980504723,8487.437708693313,6440.45904009975,8406.276580093801,6387.88688153445,8325.73728940016,6335.5850724885095,8245.998577656326,6283.667111152883,8167.183367457964,6232.211353422614,8089.406855561855,6181.2898557477965,8012.681078259241,6130.920922729141,7937.050816853892,6081.141451286721,7862.615033444532,6032.022476073716,7789.57403689656,5983.701031666749,7718.330719771776,5936.4476971259755,7649.713085195166,5890.815183939158,7585.4806885004045,5847.978032457202,7529.521290041847,5810.5400886373345,7490.788143762465,5784.5302785342465
138,0.6993093093093093,8940.938829687946,6726.7055382125745,8893.80542496185,6696.406513725312,8826.342294880365,6653.1161403027745,8750.002008708976,6604.1312096960055,8669.885509547235,6552.666840468502,8588.360816891405,6500.204311280106,8506.573958638128,6447.457843194771,8425.104371921916,6394.788902419934,8344.261033811305,6342.391443874782,8264.223335044118,6290.379187739513,8185.114631933467,6238.830641878822,8107.050553116527,6187.818009037992,8030.043007069039,6137.359577005288,7954.136813797371,6087.492272772644,7879.43119025969,6038.2872289554325,7806.127072805106,5989.881698629815,7734.628709152316,5942.546715188853,7665.7669707945615,5896.835932955085,7601.307569629974,5853.9258929544585,7545.151846476207,5816.424827471767,7506.284012465854,5790.371644770238
139,0.7043043043043044,8961.895398001596,6734.264904465572,8914.57810008483,6703.90912195738,8846.851142772864,6660.537228227369,8770.212870819085,6611.460004694483,8689.784986055829,6559.898917056814,8607.945202968058,6507.338229811056,8525.844210636593,6454.493619528866,8444.063754026642,6401.727288460668,8362.913995353338,6349.233581031086,8282.574979465093,6297.126440647109,8203.170499235594,6245.484527962895,8124.816618142698,6194.380192839776,8047.52511543377,6143.831705988339,7971.340849793762,6093.87602453698,7896.36329466416,6044.584379552267,7822.794018297991,5996.094243830817,7751.038633501656,5948.677107754094,7681.930901669367,5902.887574128782,7617.242738263311,5859.904196826099,7560.889169414645,5822.339621363359,7521.8856038238855,5796.242799579875
140,0.7092992992992994,8983.000266572617,6741.864807516483,8935.497615233711,6711.451904175416,8867.504740694638,6667.997969799607,8790.566129660581,6618.827865895148,8709.824407679664,6567.169446233901,8627.66706013572,6514.5099802045415,8545.249473000635,6461.566609000514,8463.155716234854,6408.702275396071,8381.697145671893,6356.11171560137,8301.054464717105,6303.909097495134,8221.351905666374,6252.173235345527,8142.705969818579,6200.976626955756,8065.128305768089,6150.337525691206,7988.663810853429,6100.292918881403,7913.4122166343595,6050.9141365359965,7839.575727719701,6002.338872400662,7767.561332007262,5954.839076518002,7698.2057024859605,5908.970305865698,7633.287005538601,5865.913139412506,7576.7340582664065,5828.284662996768,7537.59370917988,5802.143933822925
141,0.7142942942942944,9004.25455283096,6749.505511631625,8956.565076533238,6719.035122133086,8888.304178633703,6675.498623178659,8811.062857101042,6626.235047410726,8730.004827450224,6574.478677896705,8647.527422448073,6521.719808101858,8564.790760928792,6468.677053016153,8482.381255136528,6415.71410044746,8400.611463054178,6363.026080685818,8319.662751120253,6310.727387334077,8239.659793933039,6258.896989103698,8160.71953361293,6207.607532570556,8082.853486664876,6156.877253485048,8006.106589054966,6106.743169442552,7930.578832107324,6057.276709890562,7856.4730612703415,6008.615790760167,7784.197649610279,5961.03282444519,7714.592203566572,5915.084327818858,7649.441188158587,5871.952917282313,7592.68731792593,5834.260146268102,7553.40912530765,5808.075239559039
142,0.7192892892892894,9025.659381820155,6757.187282738006,8977.781597645671,6726.659039228855,8909.250554007309,6683.039448145844,8831.704132315936,6633.681804950638,8750.327305580979,6581.826863512386,8667.527331013987,6528.967960687852,8584.469096548895,6475.825194499221,8501.741374126663,6422.763002326939,8419.657932470183,6369.976910849604,8338.400805557349,6317.581540654035,8258.095113187777,6265.656015729107,8178.858241324132,6214.273132259141,8100.701572933652,6163.4511081074415,8023.670082582941,6113.226991200042,7947.864023017815,6063.672310919967,7873.486885042097,6014.9252066278195,7800.94843704138,5967.258555776218,7731.091240924554,5921.2298408963825,7665.706108425253,5878.023728239778,7608.749758807062,5840.266266292206,7569.332654445361,5814.036910054978
143,0.7242842842842844,9047.21588624449,6764.910388433276,8999.148299817516,6734.323920515871,8930.344971707998,6690.620706114355,8852.491041833991,6641.168395830583,8770.792909511934,6589.214256127768,8687.667834041367,6536.254686700186,8604.285508961117,6483.011277899279,8521.23708344759,6429.849221246381,8438.837545614258,6376.9644421316925,8357.269601514781,6324.471789393389,8276.65881906789,6272.4505431366915,8197.123031119641,6220.973649995157,8118.673485639333,6170.059309670605,8041.355195765993,6119.744600484572,7965.2686773357655,6070.10115225622,7890.618071056029,6021.267329027616,7817.814550856926,5973.516476035269,7747.703656299936,5927.407047269057,7682.082594274855,5884.12577133226,7624.9221968776,5846.303219410028,7585.365104329734,5820.029139791894
144,0.7292792792792793,9068.925206516667,6772.67509799582,9020.666311926712,6742.030032711935,8951.588544150172,6698.2426601391135,8873.424679582959,6648.695078982229,8791.402713954682,6596.641110378864,8707.949986881367,6543.580236438709,8624.241034281466,6490.235549201228,8540.869400231717,6436.972998926456,8458.151300947073,6383.988912053742,8376.270119123757,6331.3983669475465,8295.351873736308,6279.280800673229,8215.514847575814,6227.709311159416,8136.770152141356,6176.702079669719,8059.162839115283,6126.296214986089,7982.793689104049,6076.563447867386,7907.867497299233,6027.64236829695,7834.79685347549,5979.806792037948,7764.430297195362,5933.616150377968,7698.571479313266,5890.259246857733,7641.2054536941305,5852.3712031960395,7601.507288230569,5826.052124472697
145,0.7342742742742743,9090.788490805924,6780.481682394894,9042.336770530284,6749.777644209563,8972.982391317042,6705.905574926688,8894.506146935862,6656.262114962985,8812.157800937837,6604.107682500484,8728.374852073086,6550.944861774899,8644.336715685678,6497.498255934595,8560.639348544646,6444.134578605791,8477.600203738024,6391.050559629082,8395.403345201948,6338.361508177775,8314.175245922514,6286.147019126011,8234.0346417181,6234.480342548413,8154.992506133202,6183.379640991306,8077.093929363325,6132.882053762037,8000.439958476661,6083.0594130656855,7925.236047762317,6034.050536094581,7851.896213214736,5986.129711899102,7781.27201691234,5939.85735494223,7715.173602851665,5896.424356372397,7657.600356437232,5858.470416465738,7617.760024985582,5832.106061029471
146,0.7392692692692693,9112.80689508663,6788.330414300904,9064.16081991246,6757.567025086149,8994.527640808077,6713.609716845317,8915.736552757684,6663.869765965871,8833.059259852957,6611.6142303359475,8748.94349938869,6558.3488161614305,8664.573603453562,6504.799647182925,8580.547959428752,6451.33420505018,8497.185266108025,6398.149625371797,8414.670273295547,6345.36144942011,8333.129910963864,6293.049430731613,8252.683371061661,6241.28697238294,8173.341487682289,6190.0922179217005,8095.149389503184,6139.502337245688,8018.208391757235,6089.58926451568,7942.724612477289,6040.492045408698,7869.1135043286295,5992.485445040745,7798.22967458784,5946.130866966769,7731.889809942571,5902.621302698331,7674.107737947019,5864.601059283205,7634.124139035605,5838.19114763097
147,0.7442642642642643,9134.981583187377,6796.221568095758,9086.139612133298,6765.398447114235,9016.225427886962,6721.355353935041,8937.117013452542,6671.518295829492,8854.108187500922,6619.161013346892,8769.657005878982,6565.7923546418,8684.952755013785,6512.139973593248,8600.596270947177,6458.5721245619025,8516.907507072752,6405.286351305863,8434.071903721746,6352.398428494362,8352.216850847335,6299.988269184732,8271.46199965238,6248.1294303167915,8191.81804327027,6196.840036155605,8113.330148828092,6146.157287254537,8036.099901437964,6096.153220242539,7960.334087555815,6046.967110565032,7886.449607045059,5998.874202200046,7815.304135231286,5952.43689375018,7748.7209514162405,5908.85028993125,7690.728436759005,5870.7633329687515,7650.600460460125,5844.307583690196
148,0.7492592592592593,9157.313726840572,6804.155419883332,9108.27430707778,6773.272183771861,9038.076895529995,6729.14275591792,8958.648653011342,6679.207970048093,8875.305688138791,6626.748292623168,8790.516455919462,6573.2757338600595,8705.475234989133,6519.519487385661,8620.785328228289,6465.848584989142,8536.76795258633,6412.460980974411,8453.609243611667,6359.472684713198,8371.437054251672,6306.963769647138,8290.37149810828,6255.007947445534,8210.42312583375,6203.623322804716,8131.637142971451,6152.847126998799,8054.11540623891,6102.751499640385,7978.065375227836,6053.475947235065,7903.905407603791,6005.296195437406,7832.49626976191,5958.775643892685,7765.667883917432,5915.111523448321,7707.463297140384,5876.957440106622,7667.189825013172,5850.455569872023
149,0.7542542542542543,9179.804505732574,6812.132247500041,9130.566072505459,6781.188510253051,9060.083194475037,6736.972194208356,8980.332603059915,6686.939055781728,8896.65287352713,6634.376330892841,8811.522941256846,6580.799212070665,8726.142115242204,6526.9384423629945,8641.116183510607,6473.163835735479,8556.76763558544,6419.673759449052,8473.283306953696,6366.584458891336,8390.791516590005,6313.976168756679,8309.412843661401,6261.922756315386,8229.157694805395,6210.4423064064495,8150.07131394722,6159.572081089971,8072.255831147732,6109.384323480717,7995.919383880617,6060.018772444324,7921.481798294866,6011.7516381445985,7849.806955046483,5965.147327304132,7782.73146994254,5921.405209916049,7724.31316912663,5883.183584552798,7683.893074159588,5856.635308100922
150,0.7592492492492493,9202.455107554337,6820.152330525505,9153.01608410062,6789.1477034783775,9082.245483270975,6744.843941923539,9002.170002907715,6694.711821866535,8918.150862977867,6642.045392532287,8832.6775610561,6588.363049148385,8746.954474921622,6534.397093920553,8661.589896188198,6480.518127769485,8576.907596033929,6426.924933339326,8493.09511463731,6373.733993354796,8410.281240052893,6321.025704636403,8328.587020200082,6268.874090932177,8248.022716155521,6217.297216932746,8168.633610190793,6166.332375549503,8090.522107459799,6116.051913920924,8013.897028098173,6066.595804580736,7939.1796774973645,6018.240745053005,7867.237073937435,5971.552155212101,7799.912577877119,5927.731557298269,7741.2789085584955,5889.441971442847,7700.7110551116575,5862.847001568743
151,0.7642442442442443,9225.266728052624,6828.215950293348,9175.625525522984,6797.150042105645,9104.564928327682,6752.758273893961,9024.161999596978,6702.526538825103,8939.800783402663,6649.75574357641,8853.981421947949,6595.967506598352,8767.91340050875,6541.895699056005,8682.207532856552,6487.911713634413,8597.18888096789,6434.214750802211,8513.045694497376,6380.921531950284,8429.907233651838,6328.112616903761,8347.895018311716,6275.862186770385,8267.01916243408,6224.188285798959,8187.324986600241,6173.1282378175265,8108.915172818769,6122.754494512889,8031.999228701154,6073.207263403098,7956.999949718578,6024.763732241929,7884.787515311386,5977.990340170077,7817.212082033819,5934.090774864178,7758.361377119426,5895.732807199872,7717.644620866153,5869.09085474259
152,0.7692392392392393,9248.240571081787,6836.323389902093,9198.395588458969,6805.1958065407025,9127.042703966606,6760.715466674093,9046.30974795249,6710.383478876963,8961.603769361802,6657.507651728945,8875.43563807695,6603.612847566196,8789.019985864896,6549.434516379336,8702.970167358973,6495.344847458005,8617.612544541247,6441.543461551769,8533.136081358905,6388.147320054638,8449.670513263265,6335.237146679914,8367.337835325974,6282.887280782301,8286.148012813137,6231.115745872855,8206.146404578072,6179.959896761706,8127.43597125758,6129.4922902116705,8050.226912787126,6079.853370049612,7974.943525633626,6031.320817146995,7902.459174108124,5984.462096065729,7834.630862690708,5940.483073196488,7775.561442373336,5902.056299542541,7734.694630241746,5875.367073372778
153,0.7742342342342343,9271.377848656124,6844.474934226187,9221.32747267355,6813.285278948339,9149.679992471862,6768.715798553129,9068.614410631866,6718.282915949181,8983.560963113658,6665.301386372882,8897.041331150085,6611.299336848287,8810.275332279052,6557.013806122924,8723.878880833488,6502.817784962389,8638.179648071833,6448.911316868872,8553.367317082351,6395.411604584416,8469.572101673013,6342.399536599135,8386.916475358496,6289.94961140725,8305.410253129789,6238.079831483693,8225.098832073394,6186.827582686161,8146.085453239911,6136.265527384277,8068.581013771307,6086.534347046509,7993.011322125504,6037.912218568636,7920.2529513699465,5990.967638129245,7852.169806130031,5946.908664199637,7792.879977802838,5908.4126574932,7751.861947916855,5881.675864500855
154,0.7792292292292293,9294.679781002844,6852.670869927133,9244.422386062703,6821.418743263323,9172.477984141939,6776.759549565882,9091.07715817643,6726.225125687071,9005.673514664675,6673.137218580999,8918.79963048591,6619.027240902093,8831.680548516204,6564.633830151721,8744.934761760289,6510.330783474092,8658.891260087974,6456.318569611037,8573.740450609366,6402.714634005544,8489.613028621312,6349.600030818301,8406.631949355087,6297.049418580938,8324.8068759296,6245.080778431398,8244.183243624577,6193.731527340491,8164.864575702093,6143.074433818551,8087.062471427775,6093.250418316782,8011.204262325577,6044.538156680672,7938.169754281496,5997.507182941774,7869.829804677379,5953.3677611081075,7810.317862847855,5914.8020913860655,7769.147444467894,5888.017436467721
155,0.7842242242242242,9318.147596615645,6860.911485464739,9267.68154470645,6829.596485201554,9195.437877342007,6784.847001503774,9113.699169062684,6734.210385465021,9027.942581819992,6681.015421126523,8940.711673064256,6626.796827856661,8853.236750866143,6572.294851973546,8766.138906009715,6517.884101934139,8679.74845637566,6463.7654742223585,8594.25653800913,6410.056658343093,8509.794330848265,6356.838875026506,8426.485275136414,6304.186943744893,8344.338880510511,6252.118823995847,8263.400620402412,6200.671963928896,8183.774302095522,6149.919238732116,8105.672231931121,6100.001809188987,8029.523275654524,6051.198853038974,7956.210496210017,6004.080948443955,7887.61175674135,5959.860578494815,7827.875982944722,5921.224812875496,7786.551996407959,5894.391998921834
156,0.7892192192192192,9341.782532308946,6869.197071108519,9291.106172922542,6837.818792271333,9218.560878556842,6792.978437925951,9136.481629754375,6742.238974397441,9050.369330234631,6688.936268493875,8962.778603576542,6634.60836752319,8874.94506319292,6579.997136749485,8787.492416890798,6525.478000908286,8700.752320026226,6471.252286743572,8614.916642525197,6417.437929191155,8530.117052139887,6364.1163164547515,8446.47747744323,6311.362429855999,8364.00727296725,6259.194206946241,8282.75195025374,6207.649127119395,8202.815602429533,6156.800172781449,8124.411247898607,6106.788746406165,8047.969297863763,6057.894530590232,7974.376096746094,6010.689153944538,7905.516566853605,5966.38733227959,7845.555229565687,5927.681034944374,7804.076486225976,5900.7997628275
157,0.7942142142142142,9365.585833272748,6877.527918949201,9314.69750332082,6846.085953784779,9241.848202444397,6801.154144170542,9159.425734755221,6750.311173349827,9072.954933465287,6696.900036889575,8985.001574476712,6642.462131405745,8896.806616984855,6587.740951304416,8808.996405200418,6533.112742597365,8721.90394148461,6478.779264822208,8635.721834622915,6424.858699722832,8550.582243374689,6371.43260388579,8466.609587982124,6318.576121396154,8383.813066236324,6266.307167550592,8302.238227745645,6214.6632530531415,8221.989453314804,6163.71746807105,8143.280478432802,6113.6114581348465,8066.5432710773775,6064.625413680808,7992.667481744879,6017.332020129096,7923.545145709444,5972.9482397377715,7863.356500258914,5934.170971912569,7821.72180242629,5907.240940473261
158,0.7992092092092092,9389.55875312821,6885.904322910376,9338.456776858195,6854.398260869344,9265.301071890031,6809.374407366031,9182.532686662242,6758.427264949976,9095.700573022796,6704.907004253259,9007.381746032721,6650.358392712067,8918.822551405168,6595.526564137648,8830.651989273027,6540.788590847745,8743.204418598229,6486.346667722875,8656.673192037417,6432.319224700341,8571.190962570814,6378.787987664035,8486.88264547184,6325.82826438202,8403.757280141484,6273.457947585317,8321.860454210146,6221.714579353861,8241.296838007274,6170.671358162699,8162.280889164746,6120.470173974169,8085.246143834531,6071.391728065702,8011.085583367788,6024.009769068838,7941.698410208849,5979.54351950888,7881.280698688941,5940.6948394454985,7839.4888395687285,5913.715745480361
159,0.8042042042042042,9413.702553983887,6894.3265787602695,9362.385242894368,6862.756006479514,9288.92071806141,6817.639516442768,9205.803696219773,6766.587533599296,9118.607438425235,6712.957450268801,9029.920286378754,6658.297426364548,8940.994013343212,6603.35424543369,8852.460295030993,6548.505811161902,8764.654856666428,6493.954756337657,8677.771799822202,6439.819760485224,8591.94427493376,6386.182719705606,8507.29769569016,6333.119106374898,8423.840941439794,6280.646790344932,8341.619637789441,6228.803345137386,8260.738746452618,6177.662078084838,8181.413452297641,6127.365124965077,8104.078871132394,6078.193700917605,8029.631340124713,6030.722624229524,7959.977283498015,5986.173391605379,7899.328734677642,5947.252854562774,7857.3784983091555,5920.224392811329
160,0.8091991991991992,9438.018506492708,6902.794984123672,9386.484159248219,6871.15948540858,9312.708380464112,6825.949762144605,9229.2399823742,6774.792265484285,9141.676727251697,6721.051656375609,9052.618371568038,6666.279509011296,8963.322157466415,6611.224267073136,8874.422456035596,6556.264670709127,8786.256368490558,6501.60379319663,8699.018750398327,6447.360565048689,8612.84325290471,6393.617053508483,8527.855791521368,6340.4488964907105,8444.065083868274,6287.8739406518725,8361.516793481733,6235.929791021286,8280.316175331232,6184.68986434204,8200.679146651075,6134.29654359965,8123.042414469632,6085.031560836062,8048.305696916767,6037.470810480475,7978.382695011421,5992.838077421565,7917.501524245678,5953.845235646955,7875.3916854405215,5926.767098778639
161,0.8141941941941943,9462.50788990969,6911.30983849401,9410.75479225497,6879.608994300608,9336.665306997953,6834.305437040688,9252.842772329364,6783.041748588116,9164.90964519675,6729.189905780008,9075.477185626376,6674.304919037352,8985.808146272839,6619.136902643688,8896.539613538678,6564.065438336357,8808.010074424721,6509.294042478495,8720.415143604245,6454.941897982068,8633.888976209466,6401.091244162793,8548.557993004342,6347.817885410091,8464.430748191111,6295.139644866402,8381.55294318761,6243.094159134641,8300.03012810384,6191.754954924606,8220.078957705806,6141.264663830539,8142.137741890406,6091.905537856748,8067.109605079565,6044.254554103691,7996.915580514408,5999.537799742531,7935.799989654493,5960.47220245241,7893.529313934433,5933.344081053485
162,0.8191891891891893,9487.171992150435,6919.871443245539,9435.198416824074,6888.104831662535,9360.792754014084,6842.706835537384,9276.613301602705,6791.336272702382,9188.307406125641,6737.372483466794,9098.497920606364,6682.373936576036,9008.453150144447,6627.0924274513145,8918.812916534955,6571.90838457913,8829.917102427136,6517.025770021373,8741.962086746273,6462.564020507403,8655.082531908043,6408.6055483612,8569.405367381234,6355.226325388622,8484.93898224752,6302.4441508966775,8401.72911575707,6250.296693127907,8319.881615057655,6198.857589318272,8239.613877649146,6148.2697210804945,8161.3658280289665,6098.815863460846,8086.044022427041,6051.074082803085,8015.5768821463025,6006.27278275327,7954.225059448823,5967.133976114261,7911.792302983252,5939.955558674653
163,0.8241841841841843,9512.012109850393,6928.48010164572,9459.816316497912,6896.647297876397,9385.09198637282,6851.1542538903495,9300.552814082193,6799.676129438978,9211.871232130221,6745.599676210926,9121.681776642354,6690.486843520433,9031.25834740108,6635.091118531521,8941.243521815033,6579.793781672681,8851.978588112239,6524.799243333676,8763.66069464974,6470.227195488152,8676.425014444905,6416.160224409451,8590.39898914683,6362.6744702671685,8505.590841000205,6309.787708208913,8422.046347037112,6257.537638182906,8339.871653353168,6205.998008514023,8259.28490542091,6155.311952252015,8180.727654154814,6105.762770584536,8105.109913295871,6057.929625713815,8034.367548464124,6013.043252047845,7972.777668499783,5973.83077915747,7930.181578042738,5946.601752057483
164,0.8291791791791793,9537.029548424955,6937.136118867741,9484.609783511278,6905.236695211742,9409.56427750228,6859.647990216757,9324.662562083993,6808.061612242134,9235.602353585655,6753.87177258935,9145.029962006158,6698.643923535034,9054.224924355189,6643.133254660796,8963.83259401916,6587.721903563179,8874.195674803443,6532.6147316051665,8785.512089710823,6477.931687440034,8697.917525699866,6423.755532237008,8611.539940098564,6370.162575482357,8526.387386584478,6317.170567837659,8442.505679920005,6264.817241022949,8360.001267071544,6213.176455018043,8279.093046759996,6162.391595737137,8200.22420821848,6112.7464936286115,8124.308248590464,6064.821413411734,8053.288534486849,6019.849434638704,7991.458758048496,5980.562835505993,7948.698070875262,5953.282883002987
165,0.8341741741741743,9562.225622130394,6945.839802003182,9509.580118851703,6913.873327838175,9434.210909457857,6868.188344507683,9348.943806410947,6816.493016400604,9259.502009207901,6762.189062992991,9168.5436931635,6706.845462067501,9077.35407536728,6651.2191163681855,8986.581305691701,6595.693025919089,8896.569513586664,6540.472505718121,8807.517401949115,6485.67776254202,8719.561175039711,6431.391733407848,8632.829309387205,6377.690898077177,8547.32968835807,6324.592982396243,8463.108164392199,6272.13574992307,8380.271487262678,6220.393172861771,8299.039314251586,6169.508891427316,8219.856484897915,6119.7672684681975,8143.64000582857,6071.749677922957,8072.340801740282,6026.691558966089,8010.269275750332,5987.330370492077,7967.342719593598,5959.99917470702
166,0.8391691691691692,9587.601654125661,6954.591460074865,9534.728632320655,6922.557501838083,9459.033172982525,6876.775618640633,9373.397816411918,6824.970639059992,9283.571446112004,6770.551839638874,9192.224194831315,6715.09174636059,9100.647002902198,6659.348985946997,9009.490837336387,6603.707426142694,8919.101263364566,6548.372838258644,8829.677769060898,6493.465688647449,8741.357079370538,6439.069091131394,8654.268193568261,6385.259696711713,8568.418822951611,6332.055206087298,8483.854857583923,6279.493414720394,8400.683351993914,6227.648407612102,8319.124727375027,6176.664080723449,8239.62548564551,6126.825332462599,8163.1061691874975,6078.714652733542,8091.525318302552,6033.5698549075805,8029.210175719754,5994.133610865671,7986.116468705317,5966.750851769607
167,0.8441641641641642,9613.1589765351,6963.391404049858,9560.056642595604,6931.289525219519,9484.032367568003,6885.410116392269,9398.025870041978,6833.494779235278,9307.81191987125,6778.960396582421,9216.072700035851,6723.383065464246,9124.104917586166,6667.5231474666925,9032.562377472363,6611.7653833817685,8941.792090911607,6556.316003528141,8851.99433647319,6501.295735295274,8763.306363190837,6446.7878702735825,8675.857696654128,6392.869231674027,8589.655874319831,6339.557494713461,8504.746823819467,6286.890486824645,8421.237906399436,6234.942406381696,8339.350312552344,6183.857406546023,8259.532218735796,6133.920924465286,8182.707729551019,6085.716572799316,8110.843058850228,6040.484553787748,8048.282418575777,6000.972784803927,8005.020269157792,5973.538140204365
168,0.8491591591591592,9638.89893051207,6972.239946852669,9585.56547729301,6940.069707929246,9509.209801516858,6894.092143451259,9422.82925392345,6842.065737823477,9332.224694577175,6787.4150297299175,9240.090450171603,6731.719710247842,9147.729038264702,6675.741886784906,9055.797122691043,6619.867178541376,8964.643170929889,6564.302277554929,8874.468257398603,6509.168173721497,8785.410158645342,6454.548337368057,8697.59893016695,6400.51976489117,8611.04193379351,6347.100105688205,8525.785134668215,6294.32721922878,8441.936202730407,6242.275417839447,8359.717103197489,6191.089113345373,8279.577699313813,6141.054284833975,8202.44568455691,6092.75567455579,8130.295004705105,6047.435888387927,8067.486971488078,6007.848121920867,8024.055078383849,5980.361267448056
169,0.8541541541541542,9664.82286630355,6981.137403378604,9611.256473032283,6948.898361865985,9534.566792005515,6902.822007431343,9447.8092634079,6850.683817616467,9356.811042900476,6795.916036851123,9264.278695061153,6740.101973412587,9171.52059206137,6684.005491559642,9079.196277713814,6628.01309429588,8987.655686105794,6572.331938105997,8897.100692890974,6517.083276870718,8807.669605579682,6462.35076062756,8719.493013192316,6408.211559940347,8632.578100132198,6354.683298046789,8546.970868996399,6301.803866519762,8462.7793004058,6249.647692221064,8380.226139766277,6198.359447112118,8299.7629494442,6148.225655440886,8222.321038645172,6099.832195928229,8149.882143881661,6054.424092956126,8086.824808223777,6014.759853277133,8043.221860348083,5987.2204623702655
170,0.8591491491491492,9690.93214331572,6990.084090507307,9637.130975500699,6957.775800893821,9560.104665148256,6911.600017884543,9472.967202639073,6859.349323314016,9381.572246152857,6804.4637175920725,9288.63869301591,6748.530149504089,9195.480814437436,6692.314251261623,9102.761055450617,6636.203415101057,9010.830827167538,6580.405264698943,8919.892811901842,6525.041319407857,8830.085851595833,6470.195409955418,8741.541072433705,6415.944882060221,8654.265479577674,6362.307332457384,8568.305113019656,6309.3206848894915,8483.768266064008,6257.05948133981,8400.87846980709,6205.668655387682,8320.088998160989,6155.4352796830935,8242.334803107024,6106.946376341855,8169.60547113521,6061.449403217068,8106.296909194902,6021.708211389896,8062.5215855938295,5994.115955283193
171,0.8641441441441442,9717.228130180572,6999.080327116499,9663.190339519337,6966.7023408558,9585.82475606218,6920.426486314577,9498.30438461681,6868.062561536972,9406.509594349809,6813.058373488047,9313.1717108978,6757.004534925121,9219.610949252447,6700.668457186821,9126.492677059436,6644.438427206412,9034.16979294355,6588.522538614056,8942.845791337822,6533.042577730021,8852.660052108451,6478.082556957214,8763.744242267809,6423.719998162387,8676.105185908284,6369.9724712323405,8589.788960356354,6316.877932145873,8504.904173615218,6264.511038597371,8421.675148012324,6213.01698727501,8340.55688151816,6162.683402493044,8262.487996134554,6114.0984567321775,8189.465988010791,6068.512056382357,8125.9042615065655,6028.69343024288,8081.955231290871,6001.047977951596
172,0.8691391391391392,9743.71220482359,7008.126434095904,9689.43592911008,6975.678299587729,9611.72840893323,6929.301726190465,9523.822131261944,6876.823840840641,9431.624386274427,6821.7003079767355,9337.87902418191,6765.525427948533,9243.912248825749,6709.0684024691545,9150.392372006694,6652.718418667651,9057.673790421819,6596.684042906574,8965.960816118823,6541.087329978558,8875.393370402056,6486.012474952636,8786.103664800681,6431.537176842989,8698.098340494085,6377.678978339594,8611.423512081737,6324.4758677240325,8526.188104294615,6272.0026189948885,8442.617236270655,6220.404693449393,8361.16764264097,6169.970270349203,8282.781642871201,6121.288679555476,8209.464702892788,6075.612291160785,8145.647859005878,6035.715745296529,8101.5237812838495,6008.01676360285
173,0.8741341341341342,9770.38575453252,7017.222734361387,9715.869117563669,6984.70399693216,9637.81697708326,6938.226052960313,9549.521773482305,6885.633471728373,9456.9179295422,6830.3898264115605,9362.761917020154,6774.093128730366,9268.385973999006,6717.514382093369,9174.461378128648,6661.043679359346,9081.344034810136,6604.890062419123,8989.23907923724,6549.175856051272,8898.28697768913,6493.985438987453,8808.620489924779,6439.396688394506,8720.246072352871,6385.42711941427,8633.209876782968,6332.114752697693,8547.62114671641,6279.534479144141,8463.705803720073,6227.832026169443,8381.922331778096,6177.296131286855,8303.216775462963,6128.5172887994,8229.602631055333,6082.750347768794,8165.528702331614,6042.775393498312,8121.228226141434,6015.022546937148
174,0.8791291291291292,9797.250176027288,7026.369552869273,9742.491287508916,6993.779754752588,9664.091823038241,6947.199784065302,9575.40465123974,6894.491766665302,9482.391540666913,6839.127236075224,9387.821682305972,6782.707939323148,9293.033394199718,6726.006692908108,9198.700941693754,6669.41450098776,9105.181749597341,6613.140883794314,9012.68178181807,6557.308437614784,8921.342053169152,6502.001725845691,8831.29587537695,6447.298804817715,8742.54951820707,6393.2171617704025,8655.149170615003,6339.7948497907155,8569.204396928728,6287.106877278876,8484.941926801815,6235.299239288259,8402.822006354589,6184.661234909066,8323.79443311046,6135.784529993754,8249.880794713503,6089.926467941058,8185.547798964671,6049.872613293169,8141.069563206259,6022.065564137852
175,0.8841241241241242,9824.306875531065,7035.5672166309105,9769.303830983059,7002.905896947838,9690.55431859757,6956.223238953895,9601.4721136183,6903.399040092341,9508.04654512761,6847.912846193431,9413.059621740105,6791.370163689405,9317.855787505809,6734.545633639158,9223.11231746609,6677.831177103865,9129.188166615579,6621.436795487537,9036.290133180028,6565.485358117131,8944.559784088608,6510.061614061976,8854.130986797327,6455.243799833802,8765.009822541619,6401.049374412863,8677.242517357407,6347.516423388811,8590.938958469382,6294.720073266313,8506.326689315147,6242.806588264701,8423.86773102568,6192.06583239777,8344.515662121821,6143.090650221414,8270.300223075332,6097.140894941241,8205.706163279321,6057.007644634109,8161.048796645662,6029.1460528819825
176,0.8891191191191192,9851.557268842593,7044.816054727412,9796.308149503324,7012.082749466703,9717.20584490457,6965.296739096237,9627.725518893567,6912.355608440336,9533.884277436719,6856.746967948834,9438.47704589748,6800.080107715321,9342.854440711306,6743.131504902906,9247.696768769787,6686.294003116565,9153.364526103593,6629.778087779948,9060.065350897697,6573.706902800484,8967.941365801984,6518.165383934053,8877.126997789237,6463.231948896676,8787.62813766275,6408.924028049428,8699.491048472077,6355.279739551397,8612.825942422583,6302.374328618809,8527.861182473047,6250.35433017487,8445.060577731501,6199.510176525044,8365.381515966441,6150.4358981294,8290.861952394684,6104.39387357289,8226.004816595327,6064.180728992959,8181.1669375032625,6036.264252350868
177,0.8941141141141141,9879.002781409734,7054.116398324664,9823.505654139724,7021.310640322777,9744.047792518253,6974.420607998794,9654.16623460319,6921.361790144482,9559.90608120932,6865.629914495171,9464.075274295237,6808.8380792246635,9368.030649393133,6751.764609219994,9272.455567554664,6694.803276306102,9177.712076771099,6638.165052791629,9084.008660864714,6581.973358714111,8991.48800183383,6526.3133175355,8900.285089980112,6471.263529205446,8810.405623757806,6416.841395103058,8721.895903161978,6363.0850660236565,8634.866467476595,6310.069906505692,8549.546504958835,6257.9427237237305,8466.401625752684,6206.994521664549,8386.393055329618,6157.820523940121,8311.567026025003,6111.6856501904995,8246.444787230885,6071.392109371266,8201.425003751374,6043.4204032409325
178,0.8991091091091091,9906.644848404343,7063.468580688542,9850.897765589167,7030.589899609522,9771.08156148629,6983.595171219201,9680.795637618656,6930.4179056589155,9586.113309233668,6874.562000971631,9489.855635461996,6817.644387992888,9393.385717979072,6760.445251029175,9297.389994462912,6703.359295837668,9202.232075864284,6646.5979844949725,9108.121297358082,6590.285014727489,9015.200903941859,6534.505698728626,8923.606453083441,6479.338819717092,8833.343448956071,6424.801749724343,8744.45822843088,6370.9326722487685,8657.061659982388,6317.807071765279,8571.383762983754,6265.572029256925,8487.89196176694,6214.519123803113,8407.551348168148,6165.24477946278,8332.416494473975,6119.016472710744,8267.0271105565,6078.642030311357,8221.824020344315,6050.614747774647
179,0.9041041041041041,9934.484914798484,7072.872937200362,9878.485914250867,7039.92085951557,9798.308561419333,6992.82075638135,9707.615114218348,6939.524277471566,9612.507323542954,6883.543544517437,9515.819467008285,6826.4993457614555,9418.920959816962,6769.1737367013875,9322.501338897022,6711.962362775231,9226.925789232468,6655.077178728245,9132.404503103588,6598.642161543656,9039.081292181176,6542.742813177575,8947.092284961824,6487.458101159335,8856.442789390676,6432.805367804136,8767.179179144094,6378.822829380316,8679.412654013298,6325.586090917069,8593.374070345564,6273.242508772745,8509.53267990659,6222.084240552513,8428.857469766856,6172.708918104938,8353.411415459126,6126.386590623845,8287.752829049792,6085.930737907582,8242.365019272638,6057.847529711658
180,0.9090990990990991,9962.524435442054,7082.32980537259,9906.27154030318,7049.3038543402745,9825.730211566695,7002.097693190704,9734.626060161947,6948.681230119224,9639.089495488388,6892.574864286665,9541.968115698302,6835.4032662523905,9444.6376972451,6777.950374554056,9347.790899088897,6720.612780095578,9251.794491395955,6663.602933209386,9156.85952934239,6607.045091712747,9063.13039496966,6551.024948361607,8970.743791691159,6495.6216560437,8879.70482926158,6440.852526986382,8790.059918090345,6386.755810294885,8701.920591425744,6333.407232174125,8615.518548488166,6280.954425934299,8531.324881817132,6229.69013116144,8450.312502796134,6180.213194884283,8374.552853964407,6133.796255005156,8308.622992351193,6093.258479817696,8263.049039618292,6065.11899436007
181,0.9140940940940941,9990.764875141842,7091.8395248647985,9934.25609378185,7058.739220509504,9853.347940893407,7011.426313449873,9761.829880766201,6957.889090202852,9665.861205813597,6901.656281463292,9568.302937523,6844.3564651830775,9470.537261663985,6786.775474865611,9373.259982170253,6729.310852702573,9276.839465615125,6672.175547550008,9181.487635898871,6615.494099645744,9087.349449154528,6559.352393588631,8994.562187625965,6503.82976867877,8903.130760899721,6448.9435066811575,8813.101616044729,6394.731889604877,8724.58662192105,6341.270765455643,8637.81832656228,6288.708046081868,8553.269676716842,6237.337056527618,8471.917537370506,6187.757866440551,8395.841882297778,6141.245718526891,8329.638657320718,6100.625505274446,8283.877127610767,6072.429388587901
182,0.9190890890890892,10019.20770874212,7101.402437499877,9962.441034659729,7068.227296591701,9881.163188158787,7020.806951074439,9789.227990982135,6967.148186403151,9692.823844730483,6910.788119276485,9594.825297774492,6853.359260281271,9496.620993609382,6795.649349890246,9398.909904244356,6738.056887441647,9302.062003960822,6680.7953232696345,9206.290091249697,6623.989481628454,9111.73970008014,6567.725440008913,9018.548695465939,6512.08272518369,8926.721784832338,6457.078588077898,8836.305451832834,6402.751343671498,8747.41190310839,6349.176962399737,8660.274541487272,6296.503636245447,8575.36818145747,6245.02527921015,8493.673671108245,6195.343191047657,8417.279580149827,6148.735235470053,8350.800888095713,6108.0320650973135,8304.850336684263,6079.778960834718
183,0.9240840840840842,10047.854421206768,7111.018887280532,9990.827832928051,7077.76842331419,9909.177401996463,7030.239942109034,9816.821815473742,6976.45884949639,9719.978811996483,6919.9707030161535,9621.536571121947,6862.41197130038,9522.890242826777,6804.572313872902,9424.741990459077,6746.85119311452,9327.463407386083,6689.462563810158,9231.268172594197,6632.5315358357175,9136.302401657062,6576.144380629024,9042.704546323761,6520.380813501841,8950.47910984952,6465.258054158862,8859.672612396074,6410.814450617985,8770.397600568913,6357.126096376409,8682.888338014101,6304.341465157508,8597.621520586054,6252.755063442037,8515.58200919211,6202.969428626004,8438.86703465349,6156.2650617365525,8372.110756149685,6115.478411704468,8325.969727535894,6087.167961123467
184,0.9290790790790792,10076.70650770303,7120.689220406038,10019.417968679303,7087.362943579785,9937.392040996003,7039.725624743702,9844.612788698187,6985.82141237047,9747.327516993364,6929.204360048753,9648.438141688912,6871.514920034979,9549.346368347286,6813.544683064527,9450.75757508138,6755.694080494189,9353.044985799215,6698.17757455053,9256.423165926117,6641.120562345836,9161.038816432489,6584.609510326023,9067.030979794175,6528.724323414767,8974.40395307201,6473.482189712794,8883.204292858223,6418.921490343025,8793.544887921074,6365.118442500728,8705.660868789453,6312.221803265937,8620.030826407898,6260.526675142904,8537.643664431209,6210.636840754984,8460.605340444868,6163.835454861508,8393.569340352218,6122.96479912489,8347.23636818499,6094.5966410724695
185,0.9340740740740742,10105.765473686923,7130.413785289291,10048.212932191758,7097.011202483657,9965.808573786157,7049.264339330511,9872.602354987654,6995.236210041288,9774.871378807553,6938.489419833347,9675.531403132167,6880.668430336587,9575.99073856504,6822.566775737566,9476.958001573292,6764.585862340127,9378.808058138344,6706.940662821716,9281.756366106742,6649.756863155245,9185.950215661996,6593.121125861855,9091.529244024428,6537.113546556329,8998.497540020331,6481.751281348811,8906.901696593286,6427.0727445343955,8816.854946887232,6373.154277646248,8728.593294421116,6320.144922747206,8642.597239050769,6268.340381931938,8559.859757324053,6218.345690685703,8482.495599725236,6171.446674025752,8415.177727030032,6130.491483010697,8368.651334033508,6102.065253907631
186,0.9390690690690692,10135.032834990428,7140.192932574158,10077.214224015697,7106.713547330511,9994.428479119799,7058.856428400489,9900.791968632808,7004.7035796693735,9802.611826312112,6947.826213937958,9702.81775872221,6889.872828129739,9602.824731316161,6831.63891220173,9503.34462266935,6773.526853413769,9404.753952447421,6715.752137921888,9307.26907693949,6658.440742193438,9211.037879382751,6601.6795258980055,9116.200595786093,6545.548776427082,9022.761104685287,6490.0656175105505,8930.766035294655,6435.2684966828465,8840.328967361545,6381.233880458622,8751.686783544634,6328.111097519756,8665.32190653032,6276.196453141041,8582.231416122815,6226.096243353897,8504.538922324205,6179.098980068554,8436.937010029236,6138.0587206496675,8390.215707927633,6109.574054474839
187,0.9440640640640641,10164.510117910439,7150.02701515311,10106.423355061439,7116.4703276520395,10023.253245960595,7068.502236680818,9929.183093967964,7014.223860576814,9830.550298250368,6957.215076056194,9730.298621425294,6899.1284414282945,9629.849733959263,6840.7614148200255,9529.918800455654,6782.517370494262,9430.884005953783,6724.612311131892,9332.962611246017,6667.172505338133,9236.303096488151,6610.2850110104055,9141.04630054835,6554.030308408915,9047.195889599854,6498.425488490515,8954.798529045684,6443.5090320962045,8863.968147479223,6389.3575313694555,8774.942512891268,6336.120603257615,8688.205984816845,6284.095159828181,8604.759776898907,6233.888765393075,8526.736425764164,6186.792635500522,8458.848290778771,6145.666770977987,8411.93058022056,6117.123299252581
188,0.9490590590590591,10194.198859299608,7159.9163881852055,10135.841846689222,7126.281895224705,10052.284373571492,7078.202111112362,9957.777205458086,7023.797394264475,9858.688243321309,6966.65634202418,9757.975413987255,6908.435600352078,9657.067143457723,6849.934608025076,9556.681906450534,6791.55773239447,9457.199565147299,6733.521495730959,9358.83829094385,6675.952460430734,9261.747164804035,6618.937883704589,9166.06763255273,6562.558439779929,9071.80314591253,6506.8311864447005,8979.00040639168,6451.79463791372,8887.773693687179,6397.525512610413,8798.36166735736,6344.173717404215,8711.250637903342,6292.036774791012,8627.445983609807,6241.723525147878,8549.089235326002,6194.527904516773,8480.912678355155,6153.315894593209,8433.797048836526,6124.713246364752
189,0.9540540540540541,10224.100606659133,7169.861409114353,10165.471230800966,7136.148604087839,10081.523371605113,7087.956400867489,9986.57578778755,7033.424524429533,9887.027120266757,6976.150349837755,9785.84956901908,6917.794637143769,9684.47836646361,6859.158818335727,9583.635321686907,6800.648259977281,9483.701985861162,6742.480007012714,9384.897447125688,6684.780917292021,9287.371391166464,6627.638448431108,9191.265874889428,6571.133469729588,9096.584133462226,6515.2830054074675,9003.372904413367,6460.125603120679,8911.74682081613,6405.738108227539,8821.945440075076,6352.270719186499,8734.45703787497,6300.021572580694,8650.291188167284,6249.600792687674,8571.598484116168,6202.305053010281,8503.131289548517,6161.006353767405,8455.81621933616,6132.344155593705
190,0.9590490490490491,10254.21691823356,7179.86243768794,10195.313049934062,7146.070810562061,10110.97176019608,7097.765457368219,10015.580335950895,7043.105596983324,9915.56839796043,6985.697439670036,9813.922529084271,6927.205886186134,9712.084819403426,6868.434374373942,9610.780436796405,6809.789276172213,9510.392633354417,6751.4881623014735,9411.141420140335,6693.6581877381495,9313.177091501137,6636.387011601245,9216.64231957525,6579.7556993741155,9121.540120854714,6523.781241306655,9027.917268801908,6468.502218563242,8935.888752154187,6413.995604095851,8845.69503248465,6360.411889629227,8757.826364979968,6308.049829515951,8673.29655050704,6257.520839820385,8594.265313135096,6210.124348585485,8525.505248929992,6168.738412460585,8477.989204983161,6140.016288393507
191,0.9640440440440441,10284.54936310766,7189.919835975797,10225.36885735721,7156.04887326805,10140.631070055357,7107.629634304727,10044.792355345531,7052.840960069509,9944.313555498962,6995.297953889246,9842.195746788166,6936.669684019548,9739.887928565722,6877.761606882014,9638.118652095305,6818.981105992278,9537.272882396275,6760.546280968813,9437.571559675405,6702.584585596927,9339.165590904506,6645.183881602981,9242.19826763315,6588.42543177219,9146.672385540702,6532.326191978995,9052.6347539355,6476.924776963579,8960.200719522056,6422.298287934201,8869.611654408154,6368.5975115695655,8781.359807702065,6316.121823697419,8696.463238659804,6265.483940106546,8617.090871347089,6217.9860605721315,8548.035688920541,6176.512336334323,8500.317126812368,6147.7299079034365
192,0.9690390390390391,10315.099521305503,7200.033968389507,10255.640217168411,7166.083153145668,10170.502842566733,7117.549287654158,10074.2133618665,7062.630964082605,9973.264082294907,7004.952237076907,9870.670684869188,6946.186369359854,9767.889130190615,6887.140848740098,9665.651377672362,6828.22407655122,9564.344117352246,6769.65468445047,9464.189224841835,6711.560426724393,9365.33822372668,6654.0293688172715,9267.935029173585,6597.142971940924,9171.982213895604,6540.91815718579,9077.526622957641,6485.393572935256,8984.683963349802,6430.646449320361,8893.69652412485,6376.82786967193,8805.058562834425,6324.237835022208,8719.792428823937,6273.490368873649,8640.076315751681,6225.890460039349,8570.723749861208,6184.328392765635,8522.801113699272,6155.485278961721
193,0.9740340340340341,10345.868983891776,7210.205201702109,10286.128704395156,7176.174013473416,10200.588629885462,7127.524775699819,10103.84488200339,7072.47596168683,10002.421478171866,7014.660636046373,9899.348816292195,6955.756283116549,9796.089870561353,6896.5724349840575,9693.380033478592,6837.518517081016,9591.607732272212,6778.81369626353,9490.995784260242,6720.5860290216915,9391.69633365615,6662.923785634618,9293.853923477613,6605.908626872125,9197.470901301087,6549.557438628885,9102.594147857128,6493.908902998916,9009.339732755332,6439.0403797064355,8917.950868448175,6385.103250443084,8828.923835555202,6332.398145198733,8743.285305439635,6281.540403230717,8663.222811456548,6233.83781981,8593.570580084925,6192.186850861116,8545.442302431022,6163.282668119512
194,0.9790290290290291,10376.85935307545,7220.433905068136,10316.835905096981,7186.321819888305,10230.88999503918,7137.55645905073,10133.688452939472,7082.376307835337,10031.787253461785,7024.423499861699,9928.23162434391,6965.379768411311,9824.491606097914,6906.056702823661,9721.306049419103,6846.864758949745,9619.065130980489,6788.023642023959,9517.992616149275,6729.661712452278,9418.241273806418,6671.8674464719425,9319.956279081858,6614.722705548857,9223.139752228395,6558.244339966919,9127.838609549799,6502.471065598236,9034.169285624597,6447.480372434528,8942.375922804456,6393.423942247546,8852.956839504799,6340.603037761845,8766.94306126475,6289.634322083142,8686.531531752005,6241.828414475263,8616.577335989856,6200.087981471318,8568.241837779002,6171.12234365513
195,0.9840240240240241,10408.07224231588,7230.720450044085,10347.76341647037,7196.526940406086,10261.408512031192,7147.644700661566,10163.74562265314,7092.332359789795,10061.362929104507,7034.241179856883,9957.320602730586,6975.057170596901,9853.095803452827,6915.593991661114,9749.430865447031,6856.263135679769,9646.717727167952,6797.284849464458,9545.181108415956,6738.787799059444,9444.974406804615,6680.860667789794,9346.243433865431,6623.5855189623335,9248.99008032362,6566.9791668318985,9153.261297962154,6511.080361116202,9059.17388869362,6455.966722752712,8966.97293131336,6401.790235323253,8877.158796864807,6348.85279808822,8790.766897452322,6297.772406147818,8710.003658187192,6249.862520409525,8639.745182114388,6208.032057205399,8591.200872572983,6179.004575588554
196,0.9890190190190191,10439.50927643144,7241.065210609276,10378.912846956202,7206.789745441892,10292.145765946187,7157.789865852969,10194.017950021766,7102.344477140377,10091.150036749672,7044.114029655489,9986.617255677957,6984.788837276415,9881.903939609156,6925.184643109971,9777.755931659673,6865.713982966289,9674.566944486302,6806.597648452663,9572.562658748126,6747.96461298418,9471.897104882146,6689.903768109878,9372.716735138845,6632.497380129113,9275.023208494877,6575.762226846097,9178.86351211689,6519.737091891674,9084.354817632391,6464.499727831287,8991.74314687022,6410.20242179754,8901.530938438777,6357.1477134120305,8814.758023629824,6305.954937968549,8733.640380647948,6257.940415785515,8663.075291213825,6216.019352446052,8614.320567776971,6186.929635696186
197,0.9940140140140141,10471.172091710785,7251.468563187118,10410.285816349751,7217.110607831281,10323.103353058525,7167.992322332288,10224.50700492803,7112.4130218261225,10121.150118861064,7054.0424051906475,10016.123098033599,6994.575118322903,9910.91750198089,6934.829001014396,9806.2827083969,6875.21763869625,9702.614216644577,6815.962371009704,9600.138674709071,6757.192480483378,9499.010749967503,6698.997068032922,9399.377539734998,6641.458604108646,9301.240469001561,6584.593829639259,9204.646560220417,6528.441562236286,9109.713357130724,6473.0796867793815,9016.687831230245,6418.660795703415,8926.074503734855,6365.48807284095,8838.917657980308,6314.18220193174,8757.44289743651,6266.062380589745,8686.568844338808,6224.050143364702,8637.60209256679,6194.897797525907
198,0.999009009009009,10503.06233602685,7261.930886666836,10441.883955913408,7227.489902851715,10354.282880943138,7178.252440214708,10255.214368368854,7122.538358155726,10151.364728823482,7064.0266647254575,10045.839655371723,7004.416365899428,9940.137988515722,6944.527411468814,9835.012666341949,6884.774442967636,9730.860987507967,6825.37935132913,9627.910573834428,6766.471729948409,9526.31673378126,6708.140890256902,9426.227214102357,6650.469508021144,9327.643203545716,6593.47428686614,9230.61175975247,6537.194078451664,9135.250800986112,6481.706900661841,9041.808255094697,6427.165652996148,8950.790741050343,6373.87416737243,8863.247027325382,6322.454484282418,8781.41241535304,6274.228696638244,8710.227030915607,6232.124707937012,8661.04662440944,6202.909336412399
199,1.004004004004004,10535.181668953674,7272.452562425596,10473.708908492199,7237.928008244467,10385.68596858921,7188.570592044846,10286.141632566989,7132.720852828734,10181.795431052242,7074.06716887381,10075.768464100589,7014.312934479472,9969.566907800358,6954.280222837971,9863.94728662466,6894.384738109133,9759.308711199035,6834.848925796199,9655.87978373141,6775.802691924059,9553.816457933379,6717.335559595617,9453.267134400345,6659.530411065828,9354.232763365586,6602.403912224401,9256.760437557841,6545.9949488469965,9160.968452193734,6490.381672516467,9067.105698199162,6435.7172915701985,8975.68090755827,6382.3062899103115,8887.747367210191,6330.772073140526,8805.550149779097,6282.43964759259,8734.051048828243,6240.243325958675,8684.655349144346,6210.964529492782
200,1.008998998998999,10567.53168144238,7283.0339535268695,10505.762248987528,7248.425283602914,10417.31416801449,7198.947132457175,10317.290323868216,7142.960854902896,10212.443725225594,7084.16426088801,10105.9109970415,7024.265161458291,9999.205705978331,6964.0877666907745,9893.087989061187,6904.048849932959,9787.958781637994,6844.371414555032,9684.047672896004,6785.185680984678,9581.511265992196,6726.581385158179,9480.498619793494,6668.641616997614,9381.010443729025,6611.383004222605,9283.093865513301,6554.8444667922895,9186.867559760136,6499.104290686369,9092.581387245042,6444.315994863796,9000.746208322285,6390.784719133456,8912.419861955646,6339.135242622449,8829.857265695477,6290.695503316837,8758.042046272625,6248.406263606137,8708.429403411916,6219.063640407275
201,1.0139939939939941,10600.113955976632,7293.675420331166,10538.045543915376,7258.982085840843,10449.169022969556,7209.382413440253,10348.661960485088,7153.258710828227,10243.311103028711,7094.3182814526335,10136.26871916453,7034.273381704013,10029.055821483247,6973.950372109509,9922.436185897446,6913.767101804842,9816.812585312313,6853.947135342838,9712.415602526427,6794.621009336645,9609.402494360567,6735.878673723974,9507.922982410208,6677.803427279168,9407.977532994291,6620.41185911377,9309.613308709671,6563.742923437981,9212.949366026642,6507.875041330238,9118.23654238598,6452.96204416503,9025.987841971923,6399.309731603785,8937.265689556973,6347.544264759391,8854.334921857777,6298.996531619333,8782.201165305976,6256.613785025572,8732.369917772927,6227.206930783218
202,1.0189889889889892,10632.930086400473,7304.377325634882,10570.560371037387,7269.598774284405,10481.25208828756,7219.876789361487,10380.258071530252,7163.614769396012,10274.399066857659,7104.5295735544805,10166.843105960299,7044.337932347629,10059.118703080298,6983.868370400216,9951.993299524536,6923.539819275655,9845.871518671278,6863.5764080439485,9740.984943602713,6804.108991296122,9637.491489046604,6745.227734145505,9535.541543811256,6687.016145410359,9435.13532878264,6629.490775152908,9336.320041334933,6572.690611902007,9239.215122269528,6516.6942125405285,9144.07239255228,6461.655722662814,9051.40701575967,6407.881605752052,8962.28603648487,6355.999413420693,8878.984285359344,6307.34300211791,8806.529556203472,6264.8661561477375,8756.478030923403,6235.394664015378
203,1.023983983983984,10665.981677884878,7315.140034663153,10603.308319327907,7280.275710665066,10513.564929852015,7230.430616960229,10412.08019698502,7174.029381732036,10305.709129788744,7114.798482475945,10197.635643410122,7054.45915277653,10089.395809837213,6993.842095086379,9981.760762450433,6933.367330075213,9875.136988098464,6873.259554683781,9769.757076859873,6813.649943283128,9665.779605637566,6754.628877342608,9563.355634964353,6696.2800769226005,9462.485137953598,6638.620052591512,9363.21534665017,6581.6878272644335,9265.666088676568,6525.562094338185,9170.090175428051,6470.397315441717,9077.004945538743,6416.500621872801,8987.482097663833,6364.500964308897,8903.806531610107,6315.735186235054,8831.028377437537,6273.163644683249,8780.754889674245,6243.62710526127
204,1.028978978978979,10699.270346898928,7325.963915063556,10636.290988945639,7291.013259113398,10546.109124569037,7241.044255341675,10444.129887672312,7184.50290129061,10337.24281555218,7125.125355789188,10228.647827960363,7064.637384628805,10119.888611099288,7003.87188190335,10011.7400172757,6943.249964106872,9904.610409888106,6882.996899423522,9798.733392764923,6823.24418381636,9694.268209277532,6764.082416297406,9591.366596222442,6705.595529373928,9490.028276583802,6647.799993672731,9390.300516968957,6590.734866562724,9292.303534327018,6534.4789786680385,9196.291137431748,6479.187109477486,9102.78285574413,6425.167062119972,9012.855076453716,6373.049194955444,8928.802844318594,6324.173357193699,8855.698795660252,6281.506520118429,8805.201648933913,6251.904521437079
205,1.033973973973974,10732.797721185332,7336.849336900644,10669.50999120953,7301.811786153681,10578.886260343806,7251.718065971575,10476.408705233693,7195.035683849408,10369.00165850973,7135.510543351072,10259.881166500734,7074.8729717883025,10150.598586468279,7013.958068793524,10041.932516673003,6953.188053442791,9934.293210225162,6892.788768555536,9827.915291497538,6832.892033508718,9722.958674648571,6773.588666049922,9619.575777305392,6714.962812344706,9517.766069949259,6657.030902627191,9417.576853640137,6599.832028787667,9319.128737174866,6543.445159394827,9222.676533699876,6488.025393633131,9128.74197937675,6433.881210503093,9038.406184634292,6381.644384716967,8953.974415476921,6332.657790013582,8880.541985688693,6289.895053711748,8829.819471694027,6260.227181214134
206,1.038968968968969,10766.565439739967,7347.7966726512495,10702.966948578684,7312.671660699276,10611.897936060937,7262.452412671689,10508.918222110298,7205.6280875050215,10400.98720363618,7145.954397298835,10291.337176346246,7085.1662603804,10181.527225784917,7024.10099590222,10072.339723370114,6963.181932319922,9964.186825168861,6902.635490499433,9857.30418293408,6842.593815063454,9751.852385955244,6783.147943694341,9647.98453728497,6724.38223743399,9545.699852510743,6666.313085669432,9445.04566703364,6608.9796148799005,9346.142984035068,6552.460932299795,9249.247628073654,6496.912458655627,9154.883557990526,6442.643352884053,9064.136642392717,6390.286814772119,8979.322445348578,6341.188761508149,8905.559130493011,6298.329518490785,8854.609529017638,6268.595355015917
207,1.043963963963964,10800.575152795263,7358.806297200511,10736.663494636028,7323.593254048706,10645.14576156857,7273.247661615946,10541.660021527354,7216.280472669204,10433.201006504309,7156.457272046414,10323.017385222694,7095.517598768431,10212.676029114817,7034.301005574191,10102.963110136276,6973.231937136601,9994.29270063947,6912.537395798762,9886.901486634759,6852.349853270955,9780.950736912197,6792.760568375861,9676.594244572843,6733.854118256452,9573.830967902179,6675.646850994932,9472.70827652926,6618.177927727002,9373.347570572692,6561.52659507786,9276.005693088495,6505.848597173147,9181.208841682168,6451.453776974392,9090.04767831363,6398.976768118954,9004.84814245882,6349.766550281981,8930.7514211871,6306.810189249707,8879.573000030086,6277.0093150155735
208,1.048958958958959,10834.828521807161,7369.878587838586,10770.601274075521,7334.576939882418,10678.631357665923,7284.104181327293,10574.63569748212,7226.993202065787,10465.644633273236,7167.01952428145,10354.923331255362,7105.927337550744,10244.04650673759,7044.558442350767,10133.80415977166,6983.338406449778,10024.612292408137,6922.494817118306,9916.708631833853,6862.160475006106,9810.255130734718,6802.426861288126,9705.406276911437,6743.378770439893,9602.160768921845,6685.0325087776555,9500.566010508148,6627.42727216112,9400.743801294711,6570.642447335302,9302.952009966079,6514.834103692807,9207.719089083557,6460.312772333111,9116.1405293718,6407.714529572763,9030.552723587583,6358.391436728717,8956.1200570217,6315.337342547224,8904.711071912221,6285.469335133901
209,1.053953953953954,10869.327219445451,7381.013924258026,10804.781942692694,7345.623094260209,10712.35635609411,7295.022342675152,10607.846854735028,7237.766640728207,10498.319660679877,7177.641512962878,10387.056562960817,7116.395829558384,10275.640179138929,7054.873652967585,10164.864365099811,6993.501680972798,10055.147066089621,6932.508089241923,9946.727057432716,6872.026009226205,9839.76698013204,6812.147145671204,9734.422021367527,6752.956511623256,9630.690617526203,6694.4703711681495,9528.620206346915,6636.727954957107,9428.332989544342,6579.808790587955,9330.087868608964,6523.869274598908,9234.415567356547,6469.22063036497,9142.41644092715,6416.500385764429,9056.437413764665,6367.063703029412,8981.666245379762,6323.911256704997,8930.024939895928,6293.975691037791
210,1.058948948948949,10904.07292958727,7392.212688551759,10839.20716737832,7356.732095619214,10746.322399530063,7306.00251887349,10641.295108803846,7248.60115599763,10531.227676033379,7188.323599319097,10419.418639241585,7126.923429853306,10307.458577005551,7065.246986352868,10196.14522896281,7003.722103573736,10085.898497137712,6942.577549070938,9976.958211995454,6881.946786969392,9869.487707303198,6821.921746810068,9763.642874328336,6762.587661455174,9659.421884826217,6703.960752292108,9556.872210414149,6646.080284831134,9456.11645749778,6589.025928259859,9357.414567597456,6532.954408151637,9261.29955219006,6478.177644319219,9168.876666721984,6425.33462513919,9082.50344626716,6375.783633151355,9007.391201774006,6332.532211806482,8955.515807261745,6302.5286601390635
211,1.063943943943944,10939.067347313583,7403.475265211651,10873.878626115038,7367.904324772525,10780.531141583317,7317.045085479438,10674.982085960683,7259.497117521615,10564.370277212305,7199.066146846688,10452.011129383573,7137.51049572713,10339.503241222832,7075.678793626226,10227.648264219093,7014.000019274252,10116.868070843222,6952.703535623029,10007.403553747075,6891.923141353569,9899.418743935408,6831.750992033549,9793.07024150004,6772.272541592953,9688.355951086023,6713.503968249429,9585.323378069217,6655.484572439772,9484.095536163139,6598.29416568238,9384.933414188741,6542.089804486202,9288.372327799305,6487.184109288762,9195.522468880383,6434.21753795585,9108.752062618923,6384.551512847295,9033.296149846496,6341.200489696175,8981.184885338516,6311.128521593761
212,1.068938938938939,10974.312178908503,7414.802041127622,10908.798007976737,7379.140164908308,10814.984246795542,7328.150420392461,10708.909423231646,7270.454897253317,10597.74907266448,7209.869521309641,10484.835613056037,7148.157386700414,10371.775722874881,7086.169428097957,10259.374993743691,7024.335775248915,10148.057282334361,6962.886390031587,10038.064550574,6901.955407575809,9929.561531204674,6841.635210713766,9822.705537908529,6782.011475702022,9717.494205723797,6723.100337113663,9613.975073663278,6664.941130379485,9512.271565381552,6607.613810093723,9412.645724318041,6551.275765612389,9315.635186927066,6496.240322209743,9222.355117909536,6443.149416286361,9135.184512592,6393.367629655057,9059.382321370123,6349.916373979244,9007.033393504918,6319.775556301782
213,1.073933933933934,11009.809141861226,7426.193405587282,10943.967013130572,7390.440001589468,10849.68339064264,7339.318903854037,10743.078768399055,7281.47486945118,10631.365681409263,7220.73409073908,10517.893680313959,7158.864464522394,10404.277583247047,7096.7192452688105,10291.326950430808,7034.729720824981,10179.46763657941,6973.126455545526,10068.942680026821,6912.0439229121785,9959.917519778617,6851.574734265985,9852.55018790228,6791.804789455826,9746.838047314699,6732.750178931932,9642.828670542272,6674.450273186556,9540.645893830238,6616.9851706388745,9440.55282260177,6560.512595414507,9343.089430846867,6505.346581861501,9249.375892702983,6452.130554015813,9161.802054209911,6402.232272897528,9085.65095625192,6358.68015002153,9033.062559192796,6328.470046906875
214,1.078928928928929,11045.55996487048,7437.649750276062,10979.387352841468,7401.804222753786,10884.630259539284,7350.550918447801,10777.491780006014,7292.5574106791055,10665.221733042194,7231.660225433444,10551.186931602726,7169.632093171188,10437.010393830626,7107.3286028302,10323.505677198575,7045.182207482636,10211.1006483915,6983.424077529532,10100.03942932512,6922.189026717994,9990.488169821352,6861.569896148883,9882.605625157279,6801.65281053609,9776.38888359581,6742.4538157252055,9671.885551051882,6684.012317337377,9569.219879027469,6626.408558369906,9468.656042342503,6569.800599651706,9370.73636936799,6514.503188866906,9276.586080545616,6461.161246842762,9188.605953752634,6411.145733683002,9112.103302538058,6367.492104949893,9059.27361789217,6337.212277797007
215,1.083923923923924,11081.566387851344,7449.17146927782,11015.0607494789,7413.233218714526,10919.826550845737,7361.846849100171,10812.150127363228,7303.702899807079,10699.3188677418,7242.648297959119,10584.716977764963,7180.460638854415,10469.975736329703,7117.997860664852,10355.912726995892,7055.693588855633,10242.957842435459,6993.779603464706,10131.356295364298,6932.391060428475,10021.274951000278,6871.621031865206,9912.873292683793,6811.555868633493,9806.148131472923,6752.211571488978,9701.14710654429,6693.6275812491285,9597.994887339324,6635.8842862466545,9496.956725535701,6579.14008595865,9398.57732084216,6523.710445693021,9303.986977120341,6470.241792279908,9215.597485763285,6420.108304905854,9138.7406164205,6376.352527652898,9085.667813157843,6346.002535105034
216,1.088918918918919,11117.83016194429,7460.758959075884,11050.988936525946,7424.727382161464,10955.273972876821,7373.207083081373,10847.055490557956,7314.911718012196,10733.65873627853,7253.698683151464,10618.485440049391,7191.350470010249,10503.17520266997,7128.727380847829,10388.549662811189,7066.26422073234,10275.040753236526,7004.193382949602,10162.894784724254,6942.650367559785,10052.279342494721,6881.728478962793,9943.354642834987,6821.514295448684,9836.117217029056,6762.023772194282,9730.61473738667,6703.296385280781,9626.972293988114,6645.412669137724,9525.456222878087,6588.531363846531,9426.613612171863,6532.968656652125,9331.57988651637,6479.3724896550975,9242.77793305631,6429.120281247542,9165.564162245135,6385.261708781794,9112.246396617533,6354.84110670968
217,1.093913913913914,11154.353049526328,7472.41261855451,11087.17365859035,7436.287108162364,10990.974244912957,7384.632010006902,10882.209560464962,7326.184248780119,10768.243000025588,7264.811758116258,10652.49395012163,7202.301957308842,10536.610395009426,7139.517527647958,10421.418057683048,7076.894461057131,10307.350925190894,7014.665767701618,10194.656413679833,6952.967293710408,10083.502833006301,6891.892577035971,9974.051137317167,6831.528424693654,9866.297575534658,6771.890745789047,9760.289852971291,6713.019051734455,9656.153483062406,6654.994023821838,9554.155893777588,6597.9747447044,9454.84657882021,6542.278127903012,9359.366121238956,6488.55364011262,9270.14858672716,6438.181959177897,9192.575212521402,6394.219940751794,9139.010627981428,6363.728282236832
218,1.098908908908909,11191.136824224119,7484.13284900076,11123.616671417616,7447.912794164837,11026.92909721312,7396.122021839373,10917.61403875936,7337.520877906901,10803.073330971689,7275.987902231504,10686.744150076782,7213.315473654106,10570.282925750851,7150.3686675296,10454.51949471258,7087.584669932157,10339.889912577977,7025.197111558758,10226.642708212961,6963.3421865628825,10114.946920770948,6902.113667727249,10004.96424720169,6841.598592093433,9896.690651459385,6781.812822199793,9790.173871727166,6722.795904857095,9685.539847528556,6664.628668989471,9583.057106364739,6607.47054180079,9483.277564822218,6551.639167452617,9387.347002220604,6497.785546614821,9297.710746163391,6447.293636956704,9219.775047933237,6403.227517743668,9165.961775053067,6372.664353061078
219,1.103903903903904,11228.183270929028,7495.920054106744,11160.31974190589,7459.604839998567,11063.140271029622,7407.677512890725,10953.270637931242,7348.92199350117,10838.151411735524,7287.2274971496145,10721.237692453784,7224.391394185884,10604.194417556018,7161.2811691547895,10487.855567077453,7098.335209619448,10372.65927957424,7035.787770481688,10258.855204026355,6973.775395885859,10146.613113572448,6912.39209472937,10036.095452938383,6851.725135388105,9927.297898485354,6791.790333333604,9820.268221133165,6732.627270842419,9715.132789243653,6674.316925244812,9612.161237505496,6617.019070285647,9511.90792279748,6561.0520851579195,9415.52385883356,6507.068513943974,9325.465719057009,6456.455614635567,9247.164957351362,6412.284735705561,9193.101113741537,6381.649612307558
220,1.108898898898899,11265.494185813897,7507.77463997224,11197.28464812268,7471.36364787791,11099.60951862465,7419.298879824782,10989.181081302038,7360.387985986692,10873.478935581941,7298.530926799897,10755.976240251355,7235.5300962824085,10638.34650336144,7172.25540338566,10521.427878047452,7109.146444543323,10405.660600268628,7046.438102556151,10291.295446558739,6984.267273536461,10178.502928757487,6922.728203787627,10067.446244370363,6861.908394335117,9958.120779521794,6801.823613080415,9850.574337732505,6742.513477833178,9744.933718969854,6684.059115107979,9641.46967281538,6626.62064719252,9540.739013964123,6570.517192728106,9443.898028903626,6516.40284870443,9353.41482141813,6465.668194060027,9274.746237846783,6421.391892355102,9220.42992807487,6390.684354854024
221,1.113893893893894,11303.071376351534,7519.697015107631,11234.513179323192,7483.189622404821,11136.338603288401,7430.986521660172,11025.34710304245,7371.919248105205,10909.057606439634,7309.8985773914055,10790.961466945513,7246.731959563104,10672.74082639565,7183.291743287229,10555.238041001568,7120.01874129314,10438.895458679384,7057.148467995639,10323.964991001474,6994.818173462954,10210.61789325206,6933.122342702492,10099.01812075027,6872.148710711853,9989.160766721063,6811.912997315567,9881.093667148525,6752.454855923678,9774.944056389955,6693.855563017503,9670.983806674854,6636.275591441019,9569.772208154027,6580.034803726996,9472.470858725166,6525.788859324995,9381.559377589805,6474.93167887192,9302.52019470543,6430.549287181737,9247.949510214594,6399.768877333172
222,1.118888888888889,11340.916661334812,7531.687590437209,11272.007135970252,7495.083170572111,11173.329299358807,7442.74083977354,11061.770448191919,7383.516174919628,10944.889138920395,7321.330837416068,10826.195056508537,7257.997365891694,10707.379040197928,7194.390564130448,10589.287679446452,7130.9524686262885,10472.36544877229,7067.919229144386,10356.865402316527,7005.428451707669,10242.959543579214,6943.574861332527,10130.812590757754,6882.4464283185125,10020.419341495919,6822.05882390262,9911.82766410174,6762.451737162561,9805.16523012421,6703.706595333077,9700.70504224593,6645.98422383952,9599.00888382916,6589.605233575714,9501.243703077242,6535.226856061583,9409.900720263973,6484.246374511981,9330.488141443953,6439.7572214493,9275.661160471382,6408.903478135194
223,1.123883883883884,11379.031870898256,7543.746779302759,11309.768329755758,7507.044701767019,11210.583392242745,7454.562237903071,11098.452872679569,7395.179163817526,10980.975258339746,7332.828097652133,10861.678703429336,7269.326699379569,10742.262808638388,7205.552243395528,10623.57842703622,7141.947997471493,10506.072174480216,7078.7507504806035,10389.998255255745,7016.0984664102,10275.529425878052,6954.086111597524,10162.831172518223,6892.801892981209,10051.897994537987,6832.261432696437,9942.777792428084,6772.504455555822,9835.5986777483,6713.612540338544,9730.634791489865,6655.746867088112,9628.45042809907,6599.228799555585,9530.217925240877,6544.717151000068,9438.440190498457,6493.612588222672,9358.65139982653,6449.015998198809,9303.566187321716,6418.088457410538
224,1.128878878878879,11417.418846541092,7555.874997467451,11347.798583623524,7519.074627775071,11248.1026784386,7466.451122152312,11135.396143346466,7406.908614514884,11017.317700738926,7344.390751167867,10897.414112735121,7280.72034638947,10777.393805939364,7216.777160775573,10658.111927593545,7153.00570093237,10540.017249723856,7089.643398619993,10423.36513438134,7026.8285778108675,10308.329095923898,6964.656447481921,10195.07539362273,6903.215452555325,10083.59822583738,6842.521165546473,9973.945525098197,6782.613347070091,9866.245845812393,6723.573728245105,9760.774475185966,6665.563845781766,9658.09823673941,6608.905820811274,9559.3948970173,6554.260058059375,9467.179137735016,6503.030629051218,9387.01129988268,6458.325922251466,9331.66590742559,6427.324117072898
225,1.1338738738738738,11456.079441151673,7568.072663120015,11386.099731793485,7531.17336278421,11285.888965560192,7478.407900994252,11172.602037969267,7418.704929060132,11053.918212908158,7356.019193325547,10933.403000014345,7292.178695539393,10812.773716697973,7228.065698180426,10692.889835131911,7164.125954291238,10574.202298433716,7100.597542319494,10456.967634087512,7037.619148254427,10341.360119149635,6975.2862250384405,10227.546791148983,6913.687456929119,10115.521544703388,6852.838366300332,10005.332344237848,6792.778749636112,9897.108189861243,6733.590491194757,9791.125522951394,6675.435486413721,9687.953714211462,6618.636618354115,9588.775998747224,6563.855892994764,9496.118919818326,6512.500807852869,9415.569179926048,6467.687300211873,9359.96164564508,6436.6107608023885
226,1.1388688688688688,11495.015519033172,7580.340196879186,11424.673619787194,7543.341323389217,11323.944072361961,7490.432985275686,11210.072345285,7430.56851183845,11090.778552411139,7367.713821785684,10969.64709144083,7303.702137706766,10848.40423590993,7239.418239740782,10727.913813879042,7175.309135013163,10608.628954573162,7111.613552481278,10490.807358623177,7048.470542193976,10374.62407066809,6985.975802391967,10260.246911683413,6924.218258027529,10147.66946978623,6863.2133808075205,10036.939741149372,6803.0010031524325,9928.1871744553,6743.663163263957,9821.689373261963,6685.362117379075,9718.018273682628,6628.421515065649,9618.362619331023,6573.504973401319,9525.260903015904,6522.02343729431,9444.32638657405,6477.100440471418,9388.454735063871,6445.948694048907
227,1.1438638638638639,11534.228955930532,7592.678021798415,11463.522104454529,7555.578928596378,11362.269828765344,7502.526788221823,11247.808865017112,7442.499769576304,11127.900487610657,7379.475036511503,11006.148123799014,7315.291066032864,10884.287068994392,7250.835171812538,10763.185538301404,7186.555622750239,10643.298862162557,7122.691802156957,10524.885922115745,7059.383126195124,10408.122535295459,6996.725539743635,10293.177311344221,6934.808209816198,10180.043529099767,6873.646556923399,10068.769216334002,6813.280449489326,9959.484273192737,6753.792080467439,9852.467473473855,6695.344068978583,9748.29333704782,6638.260835701361,9648.156156249815,6583.207618717623,9554.606462038892,6531.59883185732,9473.284274768437,6486.565653211867,9417.14651700761,6455.338224035699
228,1.1488588588588589,11573.721639058595,7605.086563370816,11502.647054001563,7567.886599828374,11400.868075886296,7514.689725441121,11285.813407902613,7454.499111346229,11165.285797695358,7391.303239773649,11042.907844510295,7326.945875927437,10920.423931819916,7262.316882981356,10798.706693129754,7197.86579934608,10678.21367530443,7133.8326665520135,10559.204948595883,7070.357268940346,10441.857107575679,7007.5357993751095,10326.339555805416,6945.4576683057085,10212.645260045147,6884.138244513374,10100.822279515196,6823.617432492885,9991.000968732405,6763.9775807622755,9883.461279846199,6705.381673422621,9778.780334951716,6648.154906894593,9678.158015587405,6592.964150229632,9584.156980063686,6541.227307842558,9502.444207796625,6496.083250409116,9446.038341065054,6464.7796597630695
229,1.1538538538538539,11613.495467131319,7617.56624953435,11542.05034801956,7580.2647609294245,11439.740666063924,7526.922214930367,11324.087795720267,7466.566948571824,11202.936272707519,7403.198836155123,11079.928011660397,7338.666965073563,10956.8165507314,7273.863764067437,10834.478973385654,7209.240048840536,10713.375058209584,7145.036523030441,10593.766072023247,7081.393341233545,10475.829391805768,7018.4069456530915,10359.735220321745,6956.166991555999,10245.476209435354,6894.688795457222,10133.100449662803,6834.012297989305,10022.738752817622,6774.220004052092,9914.672257564518,6715.475264835354,9809.480706811839,6658.104057160646,9708.369612053,6602.774891074688,9613.913848754335,6550.909183373547,9531.807557313827,6505.653545837115,9475.131565110018,6474.273312012279
230,1.1588488488488489,11653.552350392101,7630.1175106772425,11581.733877514982,7592.713838170666,11478.889462890114,7539.224677079977,11362.63386131982,7478.703695032978,11240.853713571834,7415.162232556416,11117.210394027714,7350.454733432725,10993.466662577994,7285.476208130521,10870.50408440896,7220.678757474588,10748.784685224146,7156.3037511195635,10628.570936313085,7092.4917160048,10510.041002062018,7029.339345033998,10393.365889754474,6966.936539680976,10278.537933520618,6905.298563653646,10165.605255018054,6844.465393789359,10054.699126300793,6784.519692191461,9946.101880764962,6725.625179259065,9840.395900842423,6668.108616901039,9738.792369004737,6612.64016624574,9643.87846828573,6560.644778400819,9561.375703365946,6515.276855071972,9504.42755532404,6483.819493349608
231,1.1638438438438439,11693.894210645103,7642.740779643597,11621.699544940548,7605.234260255724,11518.316341240188,7551.5975346794985,11401.453448652212,7490.909766871302,11279.039932125146,7427.193838200846,11154.756771112585,7362.30958325005,11030.376014741893,7297.154610475042,10906.78374188617,7232.182313695453,10784.444240857472,7167.634732515061,10663.621195363723,7103.652768315317,10544.493562227051,7040.33336606882,10427.233158598032,6977.766674853298,10311.831998014608,6915.96790502498,10198.338233119368,6854.977069693035,10086.883599168797,6794.876988990479,9977.7516325593,6735.8317546586395,9871.527374079034,6678.16891840794,9769.42771847392,6622.560302595693,9674.052247367488,6570.434414706197,9591.150034413144,6524.953495496179,9533.927686219766,6493.418518130532
232,1.1688388388388389,11734.52298128752,7655.436491739247,11661.949264227225,7617.826458326475,11558.023187304478,7564.041212923308,11440.54841280066,7503.185582595732,11317.4967511471,7439.294064640109,11192.568933167455,7374.231919059779,11067.54636516805,7308.899368655512,10943.319671879666,7243.751108161862,10820.355419810918,7179.0298510861585,10698.918513084878,7114.876875362539,10579.18870601767,7051.389379408164,10461.338631007413,6988.657761309332,10345.359978121422,6926.697177522069,10231.300930828907,6865.547677494333,10119.293690569142,6805.292240219478,10009.623005060666,6746.095330926233,9902.876592403896,6688.2852958687345,9800.27710118996,6632.535628841923,9704.436603268552,6580.278415907259,9621.13194735413,6534.683786303008,9563.633340664974,6503.070702504095
233,1.1738338338338339,11775.440607342816,7668.205084737761,11702.484960817137,7630.4908659690345,11598.011898620807,7576.55613941652,11479.920620012717,7515.531563088356,11356.226004391649,7451.46332575999,11230.648681227902,7386.222147690885,11104.9794823947,7320.710882482059,10980.11361085773,7255.385533749519,10856.519927007408,7190.48949288101,10734.464563426733,7126.164416485432,10614.128077013487,7062.507757807441,10495.68392082634,6999.610165354271,10379.123458563308,6937.486741129308,10264.494904359864,6876.177570986225,10151.930928836815,6815.76579361392,10041.717499409995,6756.416249886071,9934.445030571915,6698.458085370775,9831.341966606018,6642.566475570928,9735.032961842415,6590.177107461918,9651.322847551066,6544.468048501032,9593.545909907305,6512.776364417395
234,1.178828828828829,11816.6490454948,7681.046998886683,11743.308571697351,7643.2279192199285,11638.284384107843,7589.14274418107,11519.571947733084,7527.948131610408,11395.229536619407,7463.702037786272,11268.997827144458,7398.280678272893,11142.677145584683,7332.589554026138,11017.167305725383,7267.0859855567205,10892.939477621738,7202.014046132221,10770.261030409783,7137.515773169926,10649.313328686287,7073.688876132234,10530.270651616196,7010.624255367419,10413.124033609096,6948.336957869832,10297.921719304439,6886.867105965766,10184.796851521793,6826.297998879413,10074.036625803094,6766.794855299385,9966.234172237346,6708.687624906233,9862.623772925246,6652.65317524313,9765.842757553026,6600.130816673147,9681.724148855104,6554.306604918813,9623.666793599541,6522.535823620203
235,1.183823823823824,11858.150264122603,7693.962676913922,11784.4220454345,7656.038056572413,11678.842564099252,7601.801459661953,11559.504284637287,7540.435713808424,11434.509203630772,7476.0106192908,11307.618193615217,7410.407922241849,11180.641144557501,7344.535787626423,11054.482513855943,7278.852860910147,10929.615797111655,7213.603901262551,10806.3096081554,7148.931329054533,10684.746124430083,7084.933111363821,10565.10045668555,7021.700401807599,10447.363307103302,6959.24819181085,10331.58295066246,6897.616640239348,10217.89300541725,6836.889207696887,10106.581903518394,6777.231492869526,9998.2455099811,6718.974254377127,9894.123987127665,6662.796062197819,9796.867433501257,6610.13987269385,9712.33727363255,6564.199780209676,9653.9973998255,6532.349401669717
236,1.188818818818819,11899.946243336411,7706.952564034334,11825.827342210207,7668.921718983003,11719.688370378663,7614.5327207336795,11599.719530666092,7552.9947377205835,11474.066872299827,7488.389491197723,11346.511614219191,7422.604293346458,11218.873279822192,7356.549989894844,11092.061003123314,7290.686559370808,10966.550621249615,7225.25945089075,10842.612000917074,7160.411469936088,10720.428137591882,7096.240842604813,10600.174979120458,7032.838977218743,10481.842892495895,6970.220809069141,10365.480182870708,6908.426533628093,10251.220946588366,6847.539773727911,10139.354860945303,6787.726510247164,10030.48054533863,6729.318315600445,9925.844084997647,6672.995472658192,9828.108441451963,6620.204606531837,9743.163652791529,6574.147900856644,9684.5391451265,6542.217421935442
237,1.193813813813814,11942.038975013988,7720.01710795645,11867.526433857272,7681.879349878155,11760.823746215357,7627.33696470685,11640.219597060703,7565.625633783204,11513.904420608958,7500.839076789886,11385.67993345039,7434.870207654383,11257.375362610788,7368.632569722758,11129.904551934966,7302.587482740127,11003.74569615521,7236.981089837566,10879.169923112326,7171.956583775643,10756.361051503054,7107.612451084978,10635.495871815294,7044.0403562355805,10516.564412872658,6981.255177816648,10399.615009832747,6919.297147973372,10284.782240401724,6858.250052620117,10172.357035613126,6798.280257035656,10062.94078882842,6739.7201523134245,9957.785551151941,6683.251744736555,9859.567241861596,6630.325351054944,9774.20472580927,6584.1512951774785,9715.293454528364,6552.1402096041875
238,1.198808808808809,11984.43046283794,7733.156758889385,11909.521303896585,7694.911395161087,11802.250646400722,7640.214631334905,11681.006406398612,7578.328834837383,11554.023737684169,7513.35980171538,11425.12500675254,7447.206083558661,11296.149214912519,7380.78393828731,11168.014949265533,7314.556035066178,11041.202778328252,7248.769215131864,10915.985099355228,7183.567060704504,10792.546559511336,7119.048320167164,10671.06479750426,7055.304915589486,10551.52950098618,6992.35166828624,10433.989034949447,6930.228847142461,10318.57846155528,6869.020402012762,10205.589974220571,6808.893084796506,10095.627759981,6750.180110178934,9989.949879068237,6693.5652184396295,9891.24530390636,6640.502440996253,9805.46194075987,6594.210293329838,9746.261761568914,6562.118091685172
239,1.203803803803804,12027.122722333708,7746.371969549893,11951.813947574745,7708.018303218786,11843.971037285337,7653.166162821027,11722.081892630196,7591.104776135794,11594.426723831053,7525.952093994204,11464.848700554501,7459.612341784318,11335.196669508636,7393.0045090579,11206.393994691098,7326.592622650052,11078.923634682447,7260.624226016896,10953.059264489555,7195.2432930303985,10828.986365013441,7130.548835353364,10706.883428793464,7066.63303411445,10586.739799287387,7003.510652777577,10468.603871149979,6941.221997034331,10352.611194108908,6879.851181542419,10239.055232665782,6819.565347054966,10128.542987368512,6760.698536790983,10022.338571114276,6703.936235673948,9923.14410551087,6650.736212959443,9836.936754342561,6604.325227316543,9777.44550832601,6572.151397015247
240,1.208798798798799,12070.117780908231,7759.663195169575,11994.406371902367,7721.20052492913,11885.986896816803,7666.192003825176,11763.448001115888,7603.953895349626,11635.115290571439,7538.616384025123,11504.852892306284,7472.089405395062,11374.519570007853,7405.294697802783,11245.043498424031,7338.697654052362,11116.910042579708,7272.5465239567,10990.394163622515,7206.985675243772,10865.682181488215,7142.114384290909,10742.953448193517,7078.025092753169,10622.196959957648,7014.7325056631025,10503.46114092341,6952.276965585529,10386.88203151545,6890.742752848778,10272.754376076895,6830.297399305744,10161.68800863476,6771.275781680327,10054.953138577432,6714.365140251415,9955.265133377297,6661.027005424217,9868.630631910486,6614.496430990955,9808.846145446043,6582.240456264226
241,1.213793793793794,12113.41767788924,7773.03089350221,12037.300595693021,7734.458513668183,11928.300214578123,7679.292601471285,11805.106688664055,7616.8766325756615,11676.0913606806,7551.3531045926175,11545.139470515709,7484.637699800148,11414.119770882377,7417.654922595829,11283.96528134843,7350.871540099876,11155.16378986501,7284.536512642625,11027.991552159021,7218.794604024188,10902.63573253037,7153.745356778784,10779.276548152715,7089.4814745632475,10657.902644941385,7026.017603394154,10538.56247635077,6963.394122776188,10421.392576652279,6901.695479580559,10306.688978843094,6841.089599018818,10195.064370525786,6781.912196320208,10087.795101694783,6724.852277894927,9987.609883014993,6671.375158751868,9900.545047499923,6624.724240062462,9840.465132172863,6592.3856019403065
242,1.218788788788789,12157.02446456521,7786.475524831255,12080.498649602803,7747.792725317595,11970.912991826757,7692.468405354556,11847.059923569408,7629.873430343475,11717.356868225119,7564.162690873978,11585.710334785581,7497.257652761341,11453.999137504514,7430.085603823363,11323.161175056124,7363.114693892264,11193.686674901755,7296.5945979999715,11065.853195836518,7230.67047824688,10939.848751884729,7165.442144774057,10815.854431090716,7101.002564723532,10693.858525979203,7037.366324507187,10573.909519137645,6974.573840636153,10456.144441853348,6912.709727401527,10340.86062464613,6851.942305645366,10228.673628920878,6792.608134132176,10120.865989683643,6735.3979962441135,10020.179858770563,6681.781015190934,9932.681483859964,6635.008992102052,9872.303936377193,6602.587168395606
243,1.223783783783784,12200.940204225908,7799.997551977447,12124.002576170486,7761.203618272145,12013.827241534236,7705.719867548915,11889.309685652044,7642.944733622761,11758.91375860124,7577.045580446516,11626.567395851496,7509.949694400033,11494.159546183808,7442.587164191164,11362.633021883223,7375.427530808974,11232.480506607759,7308.7211881947505,11103.980870760312,7242.613698989391,10977.32298348095,7177.205142398408,10852.68880943272,7112.588750540527,10730.066284641518,7048.779049630089,10609.503920647248,6985.8164932512045,10491.139248941718,6923.785863996617,10375.27090649231,6862.855880623787,10262.517348864034,6803.36395049202,10154.167340772567,6746.002644861169,10052.976573858383,6692.244918882947,9965.041432482605,6645.351026547988,9904.364034586442,6612.845491831777
244,1.228778778778779,12245.166972203524,7813.597440306555,12167.814429858276,7774.69165344742,12057.044988426356,7719.04744261458,11931.857966297011,7656.090989830805,11800.763988573837,7590.002213294916,11667.71257562013,7522.714257204457,11534.602884204709,7455.160028731573,11402.38267494714,7387.810468516217,11271.547104491643,7320.916693640546,11142.376363439393,7254.624669538336,11015.060181468809,7189.034745944783,10889.781405644124,7124.240421454957,10766.527612362604,7060.25616148863,10645.347341933923,6997.122456769382,10526.378629262526,6934.924259078163,10409.921426744955,6873.830687385825,10296.5971045959,6814.180002735795,10187.700702232707,6756.6665752368,10086.001550391524,6702.767215868267,9997.626393633269,6655.750684711563,9936.646912014943,6623.160910305728
245,1.233773773773774,12289.706855914348,7827.275657737234,12211.936277093093,7788.257294287602,12100.568269023895,7732.451587605748,11974.706768494429,7669.312648840039,11842.909526315889,7603.033031818669,11709.147807208043,7535.551776037004,11575.331049864782,7467.804624810694,11442.411998184145,7400.263926974056,11310.888298689775,7333.181527005508,11181.041470822765,7266.703795396265,11053.062110253872,7200.9313538841425,10927.133952265642,7135.957969048384,10803.244210475179,7071.79804491298,10681.441453777134,7008.492109407417,10561.8642237164,6946.1252843922175,10444.81379715724,6884.867091362783,10330.914479586085,6825.05665016594,10221.46763040968,6767.390140796233,10119.256319413096,6713.348254092034,10030.437876381735,6666.2083097829845,9969.154062594573,6633.533763735415
246,1.2387687687687687,12334.561954901004,7841.032674749022,12256.370196308397,7801.901006773385,12144.399131683906,7745.9327620784015,12017.858106880105,7682.610162985742,11885.352351448448,7616.1384808396515,11750.875034981047,7548.462688141691,11616.345952513353,7480.521382135712,11482.722866387414,7412.788328443617,11350.505930003663,7345.516103219422,11219.978000336214,7278.851484288618,11091.33054453367,7212.895366872315,10964.748191948858,7147.7417870499685,10840.21779024535,7083.405086844347,10717.787936715842,7019.925831457249,10597.597682793285,6957.389313724966,10479.949638905482,6895.9654599918595,10365.471066565897,6835.994254057498,10255.469690755757,6778.1736969053445,10152.742420927978,6723.988383410177,10063.477398633424,6676.724246837289,10001.886989005756,6643.964393905734
247,1.2437637637637637,12379.7343808752,7854.868964390429,12301.118277986536,7815.623259429983,12188.539636641446,7759.4914280982175,12061.314007776671,7695.983987073819,11928.094455081093,7629.319007609794,11792.896214593966,7561.447433151694,11657.649512590668,7493.31073276233,11523.31716524549,7425.384097494379,11390.401849937803,7357.920839480897,11259.187769919517,7291.068146170802,11129.867269334296,7224.92718775695,11002.625877492232,7159.592271343285,10877.450072908005,7095.077676341695,10754.388481083322,7031.424005292638,10633.580666606673,6968.71672290924,10515.330582622806,6907.126162722521,10400.268467561476,6846.993177664399,10289.708457862474,6789.017600876838,10186.461403934913,6734.687955595525,10096.746487161086,6687.298842840388,10034.84720270885,6654.453144474499
248,1.2487587587587587,12425.226257760965,7868.785002287146,12346.18262470158,7829.424523335267,12232.991856051876,7773.128050248597,12105.076509235198,7709.434578388727,11971.137839852892,7642.575061818856,11835.21331303092,7574.506453096995,11699.243661667446,7506.1731111022855,11564.196791381237,7438.051661011578,11430.577920737976,7370.396155264647,11298.672608064096,7303.354193235354,11168.674080047434,7237.027221584553,11040.76877187749,7171.509819973261,10914.942789702633,7106.816204588559,10791.244787042388,7042.987015375876,10669.814844928238,6980.107889831096,10550.95826843321,6918.349571023001,10435.30829392729,6858.053786225858,10324.185515493607,6799.922211976553,10220.414826459004,6745.447324343997,10130.246677636833,6697.932446655158,10068.03622397586,6665.000360978472
249,1.2537537537537538,12471.039721738398,7882.781266650368,12391.565351162635,7843.305272128021,12277.757874033548,7786.843095638793,12149.147661077244,7722.9623967014595,12014.484519973767,7655.9070956023,11877.828308646016,7587.640192412139,11741.130342484983,7519.108953930975,11605.363652391216,7450.7914482037195,11471.036015429932,7382.942472328864,11338.43435385108,7315.710039919173,11207.752782467782,7249.195875607619,11079.178648306439,7183.494833153189,10952.6976819095,7118.621064899958,10828.358564620961,7054.615248264556,10706.301897222842,6991.563194436508,10586.834345986006,6929.636058386866,10470.59216638002,6869.176446972826,10358.902456618474,6810.887891429804,10254.604255584503,6756.266845280866,10163.979514664506,6708.6254090476405,10101.455581922526,6675.606390839511
250,1.2587487487487488,12517.176921287853,7896.858238285209,12437.268584257617,7857.265982016256,12322.83978671101,7800.6370339121395,12193.529524937394,7736.567904277658,12058.136521266355,7669.315563549273,11920.743191204523,7600.849097944082,11783.311508995565,7532.118700395177,11646.819666885443,7463.603890610154,11511.778017858529,7395.560214722684,11378.474856989777,7328.136102910895,11247.105192830852,7261.433559291862,11117.857290238155,7195.5477132718315,10990.71650088623,7130.4926527293555,10865.731533748047,7066.309092618468,10743.043512683913,7003.083018738115,10622.96047449058,6940.986000339672,10506.121715032763,6880.361529134542,10393.860883445659,6821.915002427837,10289.031267488017,6767.146875967113,10197.946551812414,6719.378082693282,10135.106814540724,6686.271583370757
251,1.2637437437437438,12563.640017234598,7911.0164005992165,12483.294463097505,7871.3071317856675,12368.239702258634,7814.5103372543745,12238.224174306222,7750.251565885811,12102.095881208255,7682.800922710682,11963.959961924418,7614.133618960129,11825.789126403342,7545.202792020853,11688.566764527592,7476.489422108757,11552.805822727256,7408.2498087937365,11418.795977856516,7340.632801158295,11286.733137851226,7273.740684323515,11156.806491426554,7207.668864900603,11029.001008104744,7142.431365675749,10903.365424290043,7078.068939206535,10780.041390269129,7014.667746822074,10659.33832275154,6952.3997744456765,10541.898579429615,6891.609403945148,10429.062407456995,6833.0039101343355,10323.697447471974,6778.087775905822,10232.14935164637,6730.190822183293,10168.991468731205,6696.996289782914
252,1.2687387387387388,12610.43118279392,7925.25623961099,12529.645139060969,7885.429202808162,12413.959740944645,7828.463480402054,12283.233694573648,7764.01384880556,12146.364648974703,7696.363632607346,12007.480633518353,7627.494207155959,11868.565171205604,7558.36167272105,11730.606886075579,7489.448478923698,11594.121335638112,7421.011683195788,11459.399587533891,7353.200555875802,11326.638454761076,7286.1176646167205,11196.02805595831,7219.858694800844,11067.552975188555,7154.437603490808,10941.261976087468,7089.895180913852,10817.297238736543,7026.317764854963,10695.969569204213,6963.87776031466,10577.92440858056,6902.920444650379,10464.508649441888,6844.154981692013,10358.604389998445,6789.089906548696,10266.589485763045,6741.0639840310305,10203.111100336619,6707.780863190589
253,1.2737337337337338,12657.552603616625,7939.578243958899,12576.322775839486,7899.632679050489,12460.002035175632,7842.496940651088,12328.560183072737,7777.855222836067,12190.944885481647,7710.004155238254,12051.307230236021,7640.931316663753,11911.64163123445,7571.595788803884,11772.941983422503,7502.481499633299,11635.72647313189,7433.84626889646,11500.28756785034,7365.839790552107,11366.822991349118,7298.564916320997,11235.523798291148,7232.117611931161,11106.374183950424,7166.511768086113,10979.42293899192,7101.788212748784,10854.81277668096,7038.03346109077,10732.855901950423,6975.420339608798,10614.200860996672,6914.295026514342,10500.20123953202,6855.368586229279,10393.753698723283,6800.153631302598,10301.268534823634,6751.997926678476,10237.46727417489,6718.625658618713
254,1.2787287287287288,12705.006477834962,7953.982904909876,12623.329549482794,7913.918047082956,12506.368729541364,7856.611197865323,12374.20574912386,7791.776160304492,12235.8386634292,7723.722955088895,12095.44178790689,7654.445404060372,11955.020505698798,7584.905588980599,11815.57401963798,7515.588925177966,11677.623162728796,7446.753999185035,11541.461811420098,7378.550930957828,11407.2886059999,7311.082857828786,11275.295543292465,7244.446027454845,11145.466426430321,7178.654263540432,11017.850072903457,7113.748431850149,10892.589732570652,7049.815225877971,10769.999018794615,6987.027896049598,10650.729604725671,6925.73352682634,10536.141817236268,6866.645094866948,10429.146986530533,6811.279315536199,10336.188088587825,6762.9930105027815,10272.061564072814,6729.531033009005
255,1.2837237237237238,12752.795016108948,7968.4707163683015,12670.667648444789,7928.285796088245,12553.061980860082,7870.806734485235,12420.172514079251,7805.777136074551,12281.048067345495,7737.520499139683,12139.88635398333,7668.036928375654,11998.703805226774,7598.2915243737225,11858.504969009824,7528.771198868193,11719.813342969426,7459.735309680327,11582.924221683488,7391.334405153254,11448.037167733395,7323.671909783066,11315.345126278271,7256.844354747374,11184.83150493373,7190.865496107113,11056.545147808232,7125.776237494478,10930.62984478441,7061.663451666645,10807.40062728028,6998.70081542493,10687.51231738774,6937.236324907783,10572.332031475966,6877.984880725067,10464.78587556716,6822.467326586644,10371.349745948037,6774.049597822864,10306.895552900007,6740.497345226524
256,1.2887187187187188,12800.9204416731,7983.04217488499,12718.339273629803,7942.736417870294,12600.083958224133,7885.084035536711,12466.462611367959,7819.858627555162,12326.57519363087,7751.3972568744575,12184.64298758406,7681.706351100784,12042.693551908469,7611.754048525285,11901.73681708608,7542.028766392655,11762.298963456105,7472.790638338644,11624.676712947563,7404.190643496177,11489.070556244973,7336.332495085074,11355.67439305248,7269.313009403984,11224.47123207028,7203.145874221515,11095.509943816509,7137.872031103323,10968.934861648888,7073.578533015687,10845.062444726682,7010.4394855961,10724.550686211638,6948.803802119152,10608.773540620461,6889.388318929736,10500.671997278056,6833.718033766336,10406.755114963957,6785.1680529060795,10341.97083260311,6751.524956066277
257,1.2937137137137138,12849.3849903835,7997.697779666246,12766.346638439218,7957.270406863274,12647.436843045953,7899.44358863989,12513.078186541105,7834.021114709148,12372.422150602426,7765.35370028906,12229.713759537999,7695.454136196724,12086.991779339001,7625.293617405126,11945.271560717354,7555.362075826375,11805.081984894523,7485.920425461821,11666.721210427042,7417.120078649786,11530.390661945636,7349.0650389020375,11396.28519994649,7281.8524092472935,11264.387430792634,7215.495808508519,11134.746251200875,7150.036216250648,11007.506541476238,7085.560866600068,10882.986198265873,7022.244296505009,10761.84640807113,6960.436341867043,10645.468012522952,6900.855786620064,10536.806992441312,6845.03180836974,10442.405812897347,6796.348741974948,10377.289004240254,6762.614228259876
258,1.2987087087087088,12898.190910765257,8012.438032583002,12814.691968818488,7971.888260140643,12695.122829104432,7913.885884018105,12560.021397317549,7848.26508006205,12418.59105853893,7779.390303899998,12275.100752428383,7709.280750102737,12131.600532661962,7638.910689419268,11989.111208099543,7568.771577638962,11848.164379135695,7499.125113705316,11709.059650285555,7430.12314559063,11571.999386002593,7361.86996867503,11437.17941385905,7294.462974335021,11304.58193443575,7227.915711790123,11174.255870434888,7162.269198670292,11046.346652602017,7097.61085121817,10921.173624880008,7034.115640181357,10799.401189521668,6972.134329611249,10682.417124556552,6912.387662955135,10573.192511203766,6856.40902368027,10478.303466247098,6807.592033213948,10412.851678015768,6773.76552648227
259,1.3037037037037038,12947.340464060326,8027.2634381800435,12863.377503304486,7986.590477424281,12743.14412259161,7928.411414506887,12607.294413629874,7862.5910087110005,12465.084049726058,7793.507544753178,12320.806060637278,7723.186661744965,12176.521868613137,7652.605725418354,12033.2577788168,7582.2577247029085,11891.548129218247,7512.405148086375,11751.693979677233,7443.200281616655,11613.89864038014,7374.74771412686,11478.358912296475,7307.145126967745,11345.056586756376,7240.405999093065,11214.040612231855,7174.571386263485,11085.45697342343,7109.728887799193,10959.626471438876,7046.053910749923,10837.216746837334,6983.898152871926,10719.6225636507,6923.984329121058,10609.830213116824,6867.8500549772025,10514.44971078456,6818.89829677635,10448.660473315203,6784.979217358518
260,1.3086986986986988,12996.835924275654,8042.174503685291,12912.405493073173,8001.377561093699,12791.502942159743,7943.020675563047,12654.899417670676,7876.999388333651,12511.903268501941,7807.705902432697,12366.831790390373,7737.172342545095,12221.757855564547,7666.379188706183,12077.71330388486,7595.820972301979,11935.235229411008,7525.760975992277,11794.626156788576,7456.351926355307,11656.090347880814,7387.69870727005,11519.825583413114,7319.899291696754,11385.813241972843,7252.967087656536,11254.102297584,7186.943189106412,11124.839292437782,7121.915379410584,10998.346494737785,7058.05950443789,10875.294806048083,6995.728201236811,10757.086026327734,6935.646168338067,10646.72176717251,6879.355279542708,10550.84619158911,6830.267904791132,10484.717018740545,6796.255669470634
261,1.3136936936936938,13046.679578231657,8057.171739019184,12961.778201987661,8016.250016195316,12840.201518968646,7957.714165273846,12702.838603939223,7891.490709197213,12559.05087130305,7821.985859069725,12413.180059802078,7751.238266429091,12267.31057356884,7680.231545048286,12122.479825794668,7609.4617781396455,11979.227685255879,7539.193047188639,11837.858150880611,7469.578521771706,11698.576442186855,7400.723382414862,11561.581326052092,7332.725895331932,11426.853764805144,7265.599396939965,11294.442757801855,7199.385019457876,11164.49540828122,7134.170731265567,11037.335461535644,7070.132819582249,10913.637102977213,7007.624866368485,10794.809218739807,6947.373565867683,10683.868851839792,6890.925076668883,10587.494563083987,6841.7012313699315,10521.022952145704,6807.59525336448
262,1.3186886886886888,13096.87372561105,8072.255656804112,13011.49790664653,8031.20835045181,12889.242096733391,7972.492384366213,12751.114179288397,7906.0654641675355,12606.529026710386,7836.347899351448,12459.852998920984,7765.384909835989,12313.182114403928,7694.16326268057,12167.55939855627,7623.180602347611,12023.527513611041,7552.701813827776,11881.391942331307,7482.880512176848,11741.358867901916,7413.822176177389,11603.628049786335,7345.625366949728,11468.180030515274,7278.303348630818,11335.063834553923,7211.897291766977,11204.427129767748,7146.495350730721,11076.595148593316,7082.274256637243,10952.245383279082,7019.588542011707,10832.793856705995,6959.166909019926,10721.273155101127,6902.559827664862,10624.396489072344,6853.198652614053,10557.579920672228,6818.998341556709
263,1.3236836836836838,13147.420679008,8087.4267723739395,13061.566896432523,8046.253074271558,12938.62693177232,7987.355836216051,12799.72836297196,7920.724148718267,12654.33991549598,7850.792510530082,12506.852749775575,7779.612751726769,12359.374581617965,7708.174812318059,12212.954087743045,7636.977907494372,12068.136742694347,7566.287730457144,11925.229522678332,7496.258344235928,11784.439580593067,7426.995527487713,11645.967674959877,7358.598137901164,11509.793924947817,7291.079366652501,11375.967379906613,7224.480422680878,11244.636275928478,7158.88964733361,11116.127342712249,7094.484218181875,10991.1214024771,7031.619624000815,10871.041665749664,6971.02658716059,10758.936374489249,6914.2599158639705,10661.553642773537,6864.760546621536,10594.389580785244,6830.465308541764
264,1.3286786786786788,13198.322763977552,8102.685603783585,13111.98747356151,8061.384700758116,12988.358293055328,8002.305026857595,12848.68338669211,7935.467260940072,12702.485730669674,7865.320182431952,12554.181466420212,7793.922273593267,12405.890090574563,7722.266667163654,12258.665970536114,7650.854158593839,12113.05741212708,7579.951254027821,11969.37289466202,7509.712466976675,11827.820546833065,7440.243877598112,11688.6021327294,7371.644641819925,11551.697344570812,7303.927877172312,11417.155256364407,7237.134831052634,11285.124676051159,7171.354032770456,11155.933840773296,7106.763108927466,11030.266926001927,7043.718510267142,10909.554381136062,6982.952991718547,10796.860217124211,6926.025726630937,10698.967706859645,6876.387293494273,10631.453598309638,6841.996530798925
265,1.3336736736736738,13249.582319085404,8118.032671818671,13162.761953131789,8076.603745719794,13038.4384622525,8017.340464992849,12897.981494647333,7950.295301549931,12750.968677526178,7879.9314074666245,12601.841314981448,7808.313959467186,12452.730768498302,7736.439302916986,12304.697135769151,7664.809823114058,12158.29157297794,7593.69284390306,12013.824072268622,7523.24333179776,11871.50374424287,7453.567670091337,11731.533365106063,7384.765314630483,11593.892196516867,7316.849308609425,11458.62933691027,7249.860937949031,11325.894169719872,7183.888920913889,11196.016449775818,7119.111335725265,11069.68372922992,7055.885600846509,10948.333747910152,6994.946516193132,10835.046399750625,6937.8576473691555,10736.640373492224,6888.079275345159,10668.773648466442,6853.592386799408
266,1.3386686686686688,13301.201695957956,8133.468500005243,13213.892663173621,8091.910727679257,13088.869733782985,8032.462662001092,12947.624943580542,7965.208773900481,12799.790973692452,7894.626680636109,12649.834473704575,7822.788295929122,12499.898754520533,7750.693197783312,12351.04968397337,7678.845370985953,12203.841287807294,7607.512961866904,12058.58508077384,7536.8513924772815,11915.491161534439,7466.967350888943,11774.763324997546,7397.9605945562935,11636.380398624502,7329.844091642952,11500.391505046322,7262.659166658528,11366.946606855063,7196.494727820735,11236.37698687699,7131.529307574123,11109.37359752182,7068.121297886782,10987.381520934676,7007.007556161563,10873.496648775124,6949.756067528,10774.573344359265,6899.83687630533,10706.351415909437,6865.253257013516
267,1.3436636636636636,13353.183259332645,8148.993614619541,13265.381944699142,8107.306167883245,13139.65441486419,8047.672131948415,12997.616002827497,7980.20818398944,12848.954849175318,7909.406499544128,12698.16313300049,7837.345772117696,12547.39619972542,7765.028832482477,12397.725727422812,7692.961274612148,12249.708630711715,7621.412072132859,12103.657956786554,7550.537105181264,11959.784798553736,7480.443368259652,11818.293976250337,7411.23092212803,11679.163879479738,7342.912659220049,11542.443654834735,7275.529942699222,11408.28384775372,7209.171871739853,11277.01727943137,7144.017435628199,11149.338326261624,7080.426005655441,11026.69946492841,7019.136509286418,10912.21270030406,6961.721378610187,10812.768330712357,6911.660482531403,10744.188594761987,6876.979523917815
268,1.3486586586586586,13405.529387108592,8164.608544697855,13317.232151752465,8122.7905903122955,13190.794825561228,8062.969391597364,13047.956954365507,7995.294040469078,12898.462546409368,7924.271364405436,12746.829495492775,7851.98687973873,12595.225267196274,7779.446690257951,12444.727390179882,7707.158008875834,12295.895687368722,7635.3906413526065,12149.044748292848,7564.300928472252,12004.386666323995,7493.996172827812,11862.1272936923,7424.576740191889,11722.244578457943,7356.055446564074,11584.787690938836,7288.473693826891,11449.907763129831,7221.920773120042,11317.939165030652,7156.576133204737,11189.579720895737,7092.800130547242,11066.289354504657,7031.333775323142,10951.196300181393,6973.75397417917,10851.227053404089,6923.550482212793,10782.286888654058,6888.771572002387
269,1.3536536536536536,13458.242470397516,8180.313822046432,13369.44565146013,8138.364521690575,13242.29329883666,8078.354960416612,13098.650092862401,8010.466854655746,12948.316320305157,7939.221778055211,12795.835776065087,7866.712113074466,12643.388132062106,7793.947256885886,12492.056808141115,7721.436051149684,12342.404555081803,7649.44913862478,12194.747514700273,7578.143323317943,12049.298787089243,7507.6262175818765,11906.265263175435,7437.99849391794,11765.624445765865,7369.27289118281,11627.4255286645,7301.490850043031,11491.820234155062,7234.741854617978,11359.144491543655,7169.205815791869,11230.099596972263,7105.244081091888,11106.15297420994,7043.59975612762,10990.449204026805,6985.854249866597,10889.951242925623,6935.507265579063,10820.648010759438,6900.629787778116
270,1.3586486486486486,13511.324913574905,8196.109981251431,13422.02482408179,8154.028491495757,13294.152180600493,8093.829360590696,13149.697725725715,8025.7271405394795,12998.518438297582,7954.25824595848,12845.184201908753,7881.521968992836,12691.886981544441,7808.531020684258,12539.716129083214,7735.795881304847,12389.237342825643,7663.5880355038125,12240.768326882313,7592.064753099861,12094.52319435802,7521.333957882942,11950.709881618895,7451.496630808523,11809.305442483932,7382.565432876712,11670.359094001691,7314.581843603028,11534.023152499587,7247.635541106208,11400.635117156524,7181.906901056473,11270.899780180573,7117.758267961775,11146.292118562915,7055.934855663796,11029.973177273998,6998.022603379809,10928.942639444489,6947.531224907321,10859.27368383319,6912.554559784018
271,1.3636436436436437,13564.779134331482,8211.99755968896,13474.972063061174,8169.783031968932,13346.373829760432,8109.393117029815,13201.102173152216,8041.075414793641,13049.071180394569,7969.38127621963,12894.877012570652,7896.416946956837,12740.72401500439,7823.19847252204,12587.707512709329,7750.2379817199835,12436.396171291659,7677.8078060088,12287.109267223132,7606.0656836221115,12140.061932947363,7535.119851473353,11995.46315705218,7465.071600706693,11853.28954060874,7395.9335137472235,11713.590323666274,7327.747109024301,11576.518420373237,7260.602259681181,11442.412910413139,7194.679808852092,11311.982106391037,7130.343103979763,11186.708592093473,7068.339480011319,11069.769995209224,7010.259434509378,10968.202992842584,6959.62275452968,10898.16564024926,6924.546278594607
272,1.3686386386386387,13618.607563724901,8227.977097535153,13528.289775077308,8185.628678124611,13398.960618272422,8125.046757379699,13252.865768177597,8056.512196784621,13099.976839226025,7984.591379591942,12944.916460001315,7911.397549033891,12789.901443989955,7837.950105828452,12636.033130695556,7764.762837290338,12483.883172933685,7692.108926632449,12333.772429662502,7620.146583120154,12185.91705902699,7548.984358485318,12040.527108658627,7478.723855804722,11897.578723095781,7409.377578205126,11757.121165141982,7340.987083094528,11619.307950566761,7273.642439671346,11484.47975025574,7207.5249612268835,11353.348421694987,7142.999004127004,11227.404209382094,7080.814037373246,11109.841443009973,7022.565145136712,11007.73406275432,6971.782250840708,10937.32562203829,6936.6053368273115
273,1.3736336336336337,13672.812646231756,8244.049137776316,13581.980380095989,8201.56596776077,13451.914931191393,8140.790812031508,13304.990856726517,8072.038008581611,13151.237720092984,7999.889069487207,12995.304808603303,7926.464279905326,12839.421492283564,7852.786416602267,12684.69516673768,7779.370935436889,12531.700492013932,7706.491876350063,12380.759919740993,7634.307922269634,12232.090640163713,7562.927941449629,12085.903766819045,7492.453850652646,11942.174983902361,7422.898072978958,11800.953576722664,7354.302204879922,11662.393666493357,7286.756512645278,11526.837526065745,7220.442782431626,11395.000582444864,7155.726385550822,11268.38079509925,7093.358938083796,11150.189315783884,7034.940139241671,11047.537618605036,6984.010112304989,10976.755380925622,6948.732129149934
274,1.3786286286286287,13727.396839799763,8260.214226219106,13636.046311421507,8217.595441468948,13505.239166722306,8156.625814131801,13357.4797976628,8087.653374966411,13202.856141017046,8015.274861985378,13046.044335279768,7941.617646875842,12889.286395949854,7867.707903421115,12733.695816598134,7794.062766115531,12579.850284649177,7720.9571366285645,12428.073854645352,7648.550174195287,12278.584755366073,7576.951065304375,12131.595173155612,7506.262042166855,11987.080328030761,7436.495447123459,11845.08952755472,7367.692915733536,11705.777502230387,7299.944912419853,11569.488137704755,7233.433698927744,11436.940455294553,7168.52566757261,11309.640184045196,7105.974594616133,11190.815418607817,7047.384822910216,11087.615439649511,6996.306739464671,11016.4566783695,6960.927052288149
275,1.3836236236236237,13782.362615900274,8276.47291150081,13690.490015748645,8233.71764264441,13558.935736271396,8172.552299592556,13410.334962839888,8103.3588234432955,13254.83443278999,8030.749275844281,13097.137329483274,7956.858159883077,12939.498403383663,7882.715067450906,12783.0372881532,7808.8388218263,12628.334718857132,7735.505191435598,12475.71636325413,7662.873814479849,12325.401495129172,7591.054197403739,12177.603380575953,7520.148889638742,12032.296771571584,7450.170152028068,11889.530997679658,7381.159659303622,11749.461402561254,7313.208075068461,11612.43349555579,7246.498139395404,11479.169917239924,7181.397271695788,11351.184221189798,7118.661421590198,11231.721566567145,7059.899604342157,11127.969315010747,7008.672534947094,11056.43128559943,6973.190505033043
276,1.3886186186186187,13837.712459580998,8292.825745099628,13745.313953214869,8249.933117496339,13613.007064497677,8188.570807101229,13463.558737151581,8119.154884248924,13307.17493902369,8046.3128325093685,13148.586093264877,7972.186331507201,12990.059775358268,7897.808412455257,12832.721801440415,7823.699597622684,12677.155974603065,7750.136527248644,12523.689586183507,7677.2793211730495,12372.542961479725,7605.237807526836,12223.930453317433,7534.114854743377,12077.826341747275,7463.922641425457,11934.27997807696,7394.702881542025,11793.44732301754,7326.546438929283,11655.675520564662,7259.636534741646,11521.690855659554,7194.341621613816,11393.014761712633,7131.419835780565,11272.909584795194,7072.4848938588875,11168.601043718862,7021.107903472421,11096.680983654727,6985.522888248693
277,1.3936136136136137,13893.448869518956,8309.273281345033,13800.520597452794,8266.242415058106,13667.455589364696,8204.681878130885,13517.153518582933,8135.042090362316,13359.880016200172,8061.966056123531,13200.392941323369,7987.60267698057,13040.9727850738,7912.988444804994,12882.751588706207,7838.645591120934,12726.316243846637,7764.851633064205,12571.995675833283,7691.767174800636,12420.011268021322,7619.502367886566,12270.57846699165,7548.160401548235,12123.671076955903,7477.753371400129,11979.338470707102,7408.323030712633,11837.737229921288,7339.960444613584,11699.216144281605,7272.849318108542,11564.505168355648,7207.359143218214,11435.133671043235,7144.250256124379,11314.381308512904,7085.141103911184,11209.512434750204,7033.613251861333,11137.20756342325,6997.924604879773
278,1.3986086086086087,13949.57435807367,8325.816077428186,13856.112435642888,8282.646087197585,13722.283762192486,8220.886056950374,13571.121718261453,8151.020977514875,13412.952033722004,8077.709473536957,13252.560201054788,8003.107714197434,13092.239718205943,7928.255673487685,12933.12889445374,7853.6773025094535,12775.817730588913,7779.651000407027,12620.636796433184,7706.3378583734475,12467.808539979887,7633.848353138556,12317.549508629145,7562.285996521979,12169.833026815091,7491.6628003970345,12024.708488554732,7422.020557399861,11882.333100427488,7353.450535014068,11743.057308903046,7286.136924881426,11607.614763595135,7220.45026460665,11477.542824901533,7157.153103729289,11356.138583068627,7097.868649087036,11250.705307066608,7046.188989042763,11178.012825680291,7010.396059959224
279,1.4036036036036037,14006.091451340626,8342.454693412388,13912.091968566387,8299.144688627506,13777.494047709784,8237.183890634555,13625.465760508494,8167.09208420045,13466.393373962812,8093.543614317042,13305.090212602121,8018.701963723663,13143.862872954802,7943.6106101172145,12983.855975490946,7868.795234558218,12825.662650919636,7794.535123339368,12669.615124089269,7720.99185739652,12515.936914249345,7648.276240390108,12364.84567672427,7576.492108543268,12216.314252206146,7505.651389230249,12070.392055672102,7435.795914517185,11927.236922566772,7367.017155313265,11787.200967313553,7299.499792697126,11651.021560150924,7233.61541609105,11520.24410933846,7170.128801881441,11398.183263978104,7110.667946119508,11292.181489654859,7058.83552606165,11219.098581127659,7022.937660615938
280,1.4085985985985987,14063.002689204914,8359.189692243595,13968.461710658436,8315.738776915872,13833.088924106438,8253.575929074565,13680.188082890843,8183.255951685449,13520.206432318058,8109.469010758349,13357.985328905239,8034.385948806542,13195.84456009397,7959.053768943423,13034.935100978788,7883.999892628247,12875.853233064638,7809.504498470312,12718.932846830574,7735.729659878246,12564.398539437458,7662.786509209219,12412.469081280293,7590.779208909616,12263.116825318402,7519.719601091686,12116.391207222625,7449.649557315708,11972.450695288233,7380.660752991952,11831.649083127995,7312.938361452265,11694.727487343373,7246.855030205761,11563.23942077672,7183.177776053504,11440.51721696466,7123.539413894653,11333.94282156631,7071.5532760867545,11260.466650432903,7035.549816082485
281,1.4135935935935937,14120.310625395156,8376.021639760982,14025.224190061488,8332.428912496418,13889.070883086062,8270.062724988136,13735.291136272566,8199.513124019017,13574.393617256033,8125.486197892593,13411.247915751024,8050.160195384622,13248.187103019849,7974.585666861776,13086.368552479747,7899.291784681124,12926.3917174335,7824.559624965128,12768.59216465596,7750.551756339587,12613.1955759119,7677.379641633625,12460.421843854676,7605.1477713462955,12310.24282969374,7533.867901559849,12162.707989524668,7463.581943392766,12017.976428502505,7394.381777837631,11876.40363073388,7326.453073311582,11738.734485081926,7260.169541715748,11606.530666051787,7196.30045391274,11483.142317999518,7136.483473459461,11375.991151956665,7084.34265441849,11302.11886426874,7048.232937702897
282,1.4185885885885887,14178.017827537582,8392.951104707541,14082.381948678883,8349.215658679113,13945.442429918901,8286.644833929968,13790.777384867055,8215.864148043222,13628.957350369052,8141.595713498696,13464.88035182372,8066.025232097578,13300.89283780114,7990.206823423095,13138.15862400648,7914.671421288558,12977.280356667401,7839.701004554667,12818.595289581142,7765.458639823313,12662.330195846493,7692.056122179891,12508.706097604503,7619.598272015273,12357.694360271265,7548.096758608613,12209.344460095483,7477.593532700568,12063.81614312494,7408.180681953023,11921.466595333826,7340.044372716309,11783.044503906902,7273.559387624824,11650.119762453027,7209.4972653291115,11526.060453342307,7149.5005480298405,11418.328340125912,7097.2040784968,11344.057063352599,7060.987438940447
283,1.4235835835835837,14236.1268772104,8409.978658740742,14139.937542228692,8366.09958166073,14002.206083494893,8303.322814302132,13846.649306289279,8232.30957340334,13683.900066424867,8157.798098112885,13518.885028755501,8081.981590296172,13353.964113228541,8005.9177608433165,13190.307622070673,7930.139315641972,13028.521415687146,7854.929141544806,12868.94444568593,7780.4508059032805,12711.804583267622,7706.816437852541,12557.32398733218,7634.131189524198,12405.47352343221,7562.406642616073,12256.302687695359,7491.6847875549,12109.97187111905,7422.057919764622,11966.839972988271,7353.712706392576,11827.659505031472,7287.025007183918,11694.008637764959,7222.768642383411,11569.273519581724,7162.5910629986265,11460.956255558467,7110.137967909068,11386.283098486376,7073.8137353855
284,1.4285785785785787,14294.640369998344,8427.104876443236,14197.893540297724,8383.081250535435,14059.364376376998,8320.09722736455,13902.909391608266,8248.849952558132,13739.224213418285,8174.093895038834,13573.264351177206,8098.0298040522,13407.40329086467,8021.719004013296,13242.817865732111,7945.695983562154,13080.117171741405,7870.244542825939,12919.641869161638,7795.52875269377,12761.620934100882,7721.661078153243,12606.277669531255,7648.747004935415,12453.582437044992,7576.798026373417,12303.584752371913,7505.856172643843,12156.445655540056,7436.013948031286,12012.525770658282,7367.458523359854,11872.581460383819,7300.56684189939,11738.199230308779,7236.115019375447,11612.783423676372,7175.755445943649,11503.876777963449,7123.144744398065,11428.798830596308,7086.712244763384
285,1.4335735735735737,14353.560915547425,8444.330335333603,14256.25252639579,8400.161237305447,14116.919854854688,8336.968637245494,13959.560145399766,8265.485840790208,13794.93225262297,8190.483650357815,13628.020736769307,8114.170410168509,13461.21274509413,8037.611080508656,13295.691686647935,7961.341943508952,13132.069914455153,7885.647717882486,12970.689808358691,7810.692980858853,12811.781456217865,7736.590535090007,12655.569312432423,7663.446201775034,12502.02323051047,7591.271385093824,12351.19274550459,7520.108155036545,12203.239550578608,7450.049225852839,12058.526006248596,7381.282274939428,11917.812352649427,7314.185335541366,11782.693488983954,7249.53683283225,11656.592082995745,7188.994126635807,11547.091797315086,7136.224831869935,11471.606130773047,7099.6833869422935
286,1.4385685685685687,14412.891137619972,8461.655615877155,14315.017098010161,8417.340116891735,14174.875078997655,8353.937610952125,14016.604085799141,8282.217796216408,13851.026658643474,8206.967912938964,13683.156616313046,8130.403948189061,13515.394863173848,8053.594520599686,13348.931429122087,7977.077716590991,13184.381945878256,7901.139178802487,13022.09052383443,7825.943993621803,12862.28836948315,7751.605303186449,12705.20109604972,7678.229266042027,12550.798044807345,7605.8271964214255,12399.128769849323,7534.441204192009,12250.355621604738,7464.164214678748,12104.842708650815,7395.1844147629245,11963.354175313565,7327.880934152123,11827.493373310013,7263.0345215163325,11700.701425361385,7202.30753704721,11590.60321389335,7149.378656402206,11514.706880311845,7112.727583941239
287,1.4435635635635637,14472.633674149753,8479.081301496755,14374.189866660221,8434.618467144739,14233.232622709731,8371.004718381108,14074.04374455445,8299.046379798237,13907.509919467462,8223.547234449517,13738.674433741811,8146.73096040903,13569.95204528353,8069.669857261269,13402.53945015495,7992.903826575455,13237.055580534296,7916.719440287187,13073.846288401066,7841.282296774533,12913.143905801471,7766.705879491076,12755.17521222691,7693.096686217353,12599.90903253776,7620.465940440292,12447.394939583352,7548.855791967949,12297.795945211914,7478.35937831681,12151.477917786731,7409.165398780863,12009.208932703923,7341.654086054507,11872.60085346853,7276.6085264339445,11745.113389088212,7215.696111359315,11634.412938324675,7162.6066462518365,11558.102970752925,7125.84525993801
288,1.4485585585585585,14532.79117729744,8496.607978583732,14433.77345795236,8451.996868855167,14291.995073783017,8388.17053232923,14131.881667079724,8315.972155352347,13964.384536518122,8240.22216936515,13794.576646192687,8163.151991884951,13624.886704576358,8085.837626182869,13456.518119493177,8008.820799897883,13290.09314546953,7932.389019660695,13125.959387173856,7856.708398687094,12964.350309165055,7781.8927635866185,12805.493864684026,7708.048953273157,12649.358357973086,7635.188099683451,12495.993380350234,7563.352392629658,12345.562609261311,7492.635182941877,12198.43368465186,7423.225685271241,12055.378640033421,7355.505241860383,11918.0179103452,7290.259290843426,11789.829923025954,7229.1602859711375,11678.522891622883,7175.909231863312,11601.796303921989,7139.0368412771895
289,1.4535535535535535,14593.36631350619,8514.23623650878,14493.77051163505,8469.475905764828,14351.165033952206,8405.435628504098,14190.120412508468,8332.995689561069,14021.653024706793,8256.993274980296,13850.86572405816,8179.6675904448975,13680.201267229872,8102.098365778526,13510.869819679694,8024.82916567203,13343.496980302076,7948.148436879657,13178.432117619423,7872.222810317187,13015.909835701146,7797.1664575994,12856.159269064086,7723.086560681968,12699.148197099837,7649.994159141946,12544.926229305014,7577.931482858925,12393.657712926206,7506.992097104631,12245.71207135911,7437.365734848158,12101.86532344316,7369.434854479105,11963.746535572134,7303.987260263527,11834.85298660081,7242.700499507471,11722.935005230222,7189.286845876751,11645.7887919709,7152.302756478198
290,1.4585485485485485,14654.361763557468,8531.966667632953,14554.183681654113,8487.05616457749,14410.74511894911,8422.800585534867,14248.762553747325,8350.11755198295,14079.317912485738,8273.861111418573,13907.544151038075,8196.278306698698,13735.89817249699,8118.452617196928,13565.596946103884,8040.929455699743,13397.269437271252,7963.998214542996,13231.266789604293,7887.8260452197455,13067.824753719711,7812.527466208734,12907.173652980004,7738.2100044259605,12749.280737665787,7664.884606273947,12594.195635159562,7592.593541762971,12442.083366736582,7521.430591740382,12293.315151182627,7451.5860104704725,12148.671020045547,7383.44337912605,12009.788731570286,7317.792882481809,11880.184549857197,7256.317192827134,11767.651221058593,7202.739923136049,11690.082357418485,7165.643436243355
291,1.4635435435435435,14715.780222627076,8549.799867318685,14615.015636208216,8504.738234969798,14470.737958557378,8440.265984982996,14307.810677529958,8367.338315063378,14137.38174190118,8290.826241643192,13964.614424191739,8212.984694048217,13791.97987275727,8134.900924331506,13620.701907051995,8057.122204480904,13451.412881287099,7979.938877901671,13284.46572544357,7903.518619556525,13120.097343761316,7827.976296656383,12958.539256061638,7753.419783006224,12799.758179226244,7679.859931013879,12643.803758228049,7607.339050883443,12490.841692623837,7535.951140177898,12341.245008601785,7465.886977450493,12195.797777967553,7397.531273331161,12056.14651159202,7331.676607563055,11925.826593499703,7270.010809031278,11812.673491530932,7216.268900697078,11734.67893319152,7179.059313465997
292,1.4685385385385386,14777.624400341345,8567.736433940827,14676.26905780454,8522.522709602224,14531.146196667414,8457.832411353056,14367.267384471108,8384.658554145213,14195.847068646457,8307.889231467458,14022.07905399021,8229.78730869765,13848.448833568335,8151.443833830556,13676.187123757685,8073.4079492233905,13505.929689980088,7995.9709548684705,13338.031259949797,7919.301052105739,13172.72989864513,7843.513458756015,13010.25833000303,7768.716397452089,12850.582733190482,7694.920625781579,12693.752770472634,7622.1684942054235,12539.934823965705,7550.554218148286,12389.503739345342,7480.269103462708,12243.247656394202,7411.698996947546,12102.821899763854,7345.638887857719,11971.781108935147,7283.781793471707,11858.003779622668,7229.874217835876,11779.580462665817,7192.5508232386055
293,1.4735335335335336,14839.89702083357,8585.776968897764,14737.94664331467,8540.410184130078,14591.972491331484,8475.500452103592,14427.135289120853,8402.078847479477,14254.716462115435,8325.05064956526,14079.940564368822,8246.686709663874,13905.307533717472,8168.081895107421,13732.05503045274,8089.787229853074,13560.822253751023,8012.094976027864,13391.96574048201,7935.173864271743,13225.72472351717,7859.1394649027425,13062.33313860981,7784.1003513305,12901.75662286836,7710.0671854915145,12744.044855549282,7637.082358166499,12589.36490563131,7565.240303793894,12438.093450435781,7494.732858552547,12291.022725612082,7425.947012160083,12149.816931129342,7359.6801780104215,12018.050098314814,7297.630593759227,11903.644058903414,7243.556316056912,11824.788899707495,7206.1184028609805
294,1.4785285285285286,14902.600822800601,8603.92207662255,14800.05110403064,8558.401257214531,14653.219514819028,8493.270697658003,14487.417020019082,8419.59977623609,14313.992505456026,8342.311067481643,14138.201492779815,8263.683458786805,13962.558465273429,8184.815660350709,13788.308074418006,8106.260589023873,13616.092975821055,8028.311474645864,13446.271526994928,7951.1375800947435,13279.084135898682,7874.854830082653,13114.765957846761,7799.572150755394,12953.28208351709,7725.30010756202,12794.682208853761,7652.081131665842,12639.134094026407,7580.009877677246,12487.016260233735,7509.278715145168,12339.125067053115,7440.2757834940785,12197.133651692111,7373.800934968447,12064.635574576847,7311.557659772031,11949.596313578764,7257.315639101352,11870.306208714395,7219.762491848432
295,1.4835235235235236,14965.738559559666,8622.172364594097,14862.585165721217,8576.496530533712,14714.889953672135,8511.143741415486,14548.115219750096,8437.221924514623,14373.677795623958,8359.671059643382,14196.864390245204,8280.778120739853,14020.20413363837,8201.64568453452,13844.948716034465,8122.828572127826,13671.744272281929,8044.620986679952,13500.950992088352,7967.19272626054,13332.810465734656,7890.660071882417,13167.559075885543,7815.132304397143,13005.161362388153,7740.619891924565,12845.66703756777,7667.165306073314,12689.244557138709,7594.86342279001,12536.274298482631,7523.9071480542825,12387.556773338467,7454.685777823937,12244.774118459027,7388.001617990294,12111.539561488757,7325.563443664126,11995.862538532228,7271.152632955363,11916.134364657613,7233.483531940015
296,1.4885185185185186,15029.312999105376,8640.528443348403,14925.551568688341,8594.696608793816,14776.986508761245,8529.120179761989,14609.232544997449,8454.945879355108,14433.774943436689,8377.131203369643,14255.93182140982,8297.971263040365,14078.247057600007,8218.572525428754,13901.979428834518,8139.4917273052,13727.77857214638,8061.024050789015,13556.006521056703,7983.339832110331,13386.906055442592,7906.55571049889,13220.714793152605,7830.781323492003,13057.3967187744,7756.0270410330695,12897.001560705234,7682.335375238644,12739.698474583454,7609.801424562014,12585.869706353462,7538.618634491018,12436.319948322553,7469.177464381898,12292.740399483566,7402.282688654267,12158.764093690088,7339.6483998737785,12042.444739367342,7285.067745858464,11962.275353123188,7247.281967106795
297,1.4935135135135136,15093.326924166888,8658.990926489805,14988.953067823777,8613.002099740263,14839.511895341011,8547.20061208123,14670.771666598923,8472.77223074887,14494.286573627536,8394.692078882626,14315.406364594497,8315.263456060111,14136.689769383942,8235.596743609429,13959.402699553402,8156.250605454666,13784.198317398714,8077.521208343343,13611.440511938734,7999.579429650503,13441.37325996133,7922.542268748785,13274.235422377214,7846.519721851623,13109.990424057296,7771.522059873235,12948.688009158795,7697.591835500592,12790.498037649086,7624.82437087027,12635.80463648972,7553.413654072806,12485.416707137252,7483.751314766764,12341.034573909272,7416.64461086708,12206.31121673525,7353.812985132003,12089.344932449885,7299.061428311874,12008.731170353956,7261.158243560121
298,1.4985085085085086,15157.783132265313,8677.560430702302,15052.79243266595,8631.413614168901,14902.468843106353,8565.385640765759,14732.735269601751,8490.701571649433,14555.215324899938,8412.3542693183,14375.290611849494,8332.655273035845,14195.534814706141,8252.718902469045,14017.221028180807,8173.105760243469,13841.005963045516,8094.113003434641,13667.25537556741,8015.912053562509,13496.214446800112,7938.62027207836,13328.123288639683,7862.348015872576,13162.944761754332,7787.105455971922,13000.728625746393,7712.9351856962,12841.645449343083,7639.9327520480565,12686.081253052469,7568.292688832315,12534.849176236236,7498.407802952702,12389.658732013382,7431.087850872483,12254.182987136464,7368.057658471066,12136.56514495026,7313.134133086928,12055.503823291496,7275.1128097599585
299,1.5035035035035036,15222.684435771269,8696.237575760882,15117.07244745696,8649.93176593725,14965.860096248694,8583.675871228028,14795.126053317972,8508.73449798343,14616.563849981983,8430.118360737131,14435.587169008031,8350.147290079862,14254.784752825619,8269.939568226964,14075.43692801265,8190.057748117666,13898.203977166588,8110.799982886091,13723.453535619972,8032.338241212742,13551.431996087775,7954.790248573131,13382.380729419761,7878.266724545913,13216.262027566594,7802.777739406572,13053.125665258052,7728.3659271700235,12893.14292443795,7655.127060894011,12736.701731765566,7583.256223226385,12584.619493439459,7513.147405298024,12438.614975250608,7445.612877259945,12302.381472406874,7382.382881233023,12184.107414886032,7327.286315233494,12102.595329618258,7289.146116423239
300,1.5084984984984986,15288.033661962654,8715.022984542917,15181.795911199784,8668.557171975775,15029.688413512402,8602.071911911537,14857.946731379983,8526.871608661551,14678.334815680986,8447.98494213487,14496.298655740035,8367.740086190595,14314.442156597243,8287.259309939873,14134.052925703023,8207.10712831237,13955.794840966002,8127.582696262438,13780.037428668136,8048.858532662469,13607.028300622118,7971.052728967659,13437.01009464516,7894.276369466777,13269.944529426473,7818.539422814629,13105.881394502814,7743.8845637834165,12944.992689517361,7670.407792681273,12787.668259961038,7598.30474414502,12634.729807977767,7527.970600554054,12487.905416297028,7460.2201609733565,12350.908751103774,7396.789117078285,12231.97379116455,7341.518432088438,12150.0077177998,7303.258616532232
301,1.5134934934934936,15353.833653082584,8733.917283039587,15246.96563771568,8687.290452299205,15093.956568251382,8620.574374301985,14921.200031796272,8545.113505589561,14740.530902938355,8465.954605453384,14557.427705606055,8385.434243263282,14374.509612524778,8304.67869951223,14193.07156131631,8224.254462862067,14013.781048823344,8144.461695880115,13837.009504228463,8065.473470677789,13663.005765919446,7987.408246655322,13492.013746740233,7910.377474844023,13323.994587545552,7834.391021403024,13158.99809235578,7759.491601923873,12997.196983022437,7685.77544516664,12838.983036624613,7613.438740920411,12685.182280537698,7542.877869873976,12537.53217909416,7474.910175319757,12399.766912872003,7411.276831994241,12280.166333625775,7355.830943284103,12197.74302712719,7317.450765342962
302,1.5184884884884886,15420.087266397522,8752.921100367339,15312.584455701743,8706.132230017887,15158.667348485835,8639.183872938476,14984.888697007322,8563.460793679316,14803.154806884566,8484.027945591497,14618.976966111351,8403.230346100632,14434.989720814043,8322.19831170677,14252.495388379479,8241.500316610944,14072.165108345096,8161.437536817417,13894.372224812872,8082.183600739632,13719.366810264215,8003.857337698146,13547.394060674831,7926.57056750989,13378.414534462621,7850.333052957677,13212.478049805357,7775.187550514337,13049.75805529819,7701.230518599762,12890.648272441373,7628.658705335976,12735.979083306387,7557.86969682176,12587.497398893163,7489.683395978103,12448.958058487471,7425.846494303874,12328.687113085189,7370.224310756834,12245.803307759525,7331.723020393633
303,1.5234834834834836,15486.797374255573,8772.03506877939,15378.655208788665,8725.083131349184,15223.823556959278,8657.901025424777,15049.015483941694,8581.91408085985,14866.20923689435,8502.205560415916,14680.949098760146,8421.128982423554,14495.885095426269,8339.818724155075,14312.326973934512,8258.845257223245,14130.949540416215,8178.510776924671,13952.128065979367,8098.989471053763,13776.113864758921,8020.40054083667,13603.153424013311,7942.856176929695,13433.206715091874,7866.366037853036,13266.32357000065,7790.972921022624,13102.678168640126,7716.773515732393,12942.666189841586,7643.965131635444,12787.122400016648,7572.946567381072,12637.803222299162,7504.540301008055,12498.48429990081,7440.498574674423,12377.538211376876,7384.698998755512,12294.190620766585,7346.075841513109
304,1.5284784784784786,15553.966864145017,8791.25982367727,15445.180755598687,8744.143785628901,15289.428011195669,8676.726452440571,15113.58316407231,8600.473978088463,14929.696916642051,8520.488050772114,14743.346779110047,8439.130742881893,14557.198364131604,8357.54051736811,14372.568898591027,8276.289855193674,14190.13687925187,8195.681976834496,14010.27951638289,8115.891632560862,13833.249373374052,8037.038397499831,13659.294236963698,7959.234835211566,13488.373486771225,7882.490499061647,13320.536968298959,7806.848227470812,13155.959597340969,7732.404941827624,12995.039023046667,7659.358516531958,12838.614425992158,7588.108969964249,12688.451807315747,7519.481370858786,12548.3477602812,7455.233546126066,12426.721721396721,7399.255473850131,12342.90703817164,7360.509690829391
305,1.5334734734734736,15621.59863875295,8810.59600362238,15512.163969803705,8763.314825322763,15355.48354355671,8695.660777752797,15178.59452347286,8619.141099361883,14993.620584157126,8538.876020495341,14806.172696826674,8457.23622106524,14618.932168562795,8375.364274746862,14433.223756579067,8293.834683857835,14249.72967244933,8212.951699972034,14068.829077826345,8132.8906389466065,13890.775792998264,8053.7714518149005,13715.818912426992,7975.707077116212,13543.917219310828,7898.70696216376,13375.120572313463,7822.813986444686,13209.604627737517,7748.125304669173,13047.769018115267,7674.839359217213,12890.45736819282,7603.357395421283,12739.445323389593,7534.507088377852,12598.550574060262,7470.05188404064,12476.239747145772,7413.894204940409,12391.95464299438,7375.025032778149
306,1.5384684684684686,15689.695616024172,8830.04425034764,15579.607740183576,8782.596886037905,15421.99300129937,8714.704628226988,15244.052362874443,8637.916061727445,15057.982991879853,8557.370076421606,14869.429555738383,8475.446013513734,14681.089164269073,8393.290582592968,14494.294155802034,8311.4803194027,14309.730481039966,8230.320512565275,14127.779265311727,8149.987046651805,13948.695593488705,8070.600250617443,13772.729876046622,7992.273440066693,13599.840295041673,7915.015955356946,13430.076721961052,7838.870717103218,13263.615558257716,7763.93511457072,13100.85843298951,7690.408161370626,12942.653445260241,7618.692337048847,12790.785951455207,7549.617938820064,12649.094886976181,7484.9540661704,12526.094403773703,7428.61566326441,12441.335529293969,7389.622334111272
307,1.5434634634634636,15758.260729220208,8849.605208769113,15647.514970684575,8801.990606534438,15488.959246633563,8733.858633838654,15309.959497722315,8656.799485294297,15122.786906717178,8575.970828398727,14933.120073891225,8493.76071972893,14743.67202077008,8411.320030119401,14555.782717889779,8329.227340877122,14370.141879541534,8247.788983655364,14187.132607091491,8167.181414882547,14007.011257721453,8087.525343461288,13830.02956625808,8008.934464158273,13656.145108864399,7931.418009465778,13485.40776951028,7855.018941188073,13317.994699467785,7779.8348843852555,13154.309537541407,7706.065427168536,12995.204887563363,7634.114290599341,12842.47588397983,7564.8144098563935,12699.982856117907,7499.940572646781,12576.287817622437,7443.420322407201,12491.051802212241,7404.302063905444
308,1.5484584584584586,15827.296926978537,8869.27952699771,15715.888580478057,8821.49662873701,15556.38515677998,8753.123427684734,15376.318758232886,8675.791993244666,15188.03511009876,8594.678889297378,14997.246983604051,8512.180942184703,14806.683421610156,8429.453209461191,14617.692078251897,8347.076330202344,14430.966456010503,8265.357685106974,14246.891644720019,8184.474305620402,14065.72528164216,8104.547282628576,13887.720434338686,8025.6906921682585,13712.834068298213,7947.91365795152,13541.116079629503,7871.259183033145,13372.744374119564,7795.82512951444,13208.12461361939,7721.811663293431,13048.11393724425,7649.62375428998,12894.51732500848,7580.096991582902,12751.216649969483,7515.011885989194,12626.822126269877,7458.308658309542,12541.105578017052,7419.064693570747
309,1.5534534534534536,15896.807173371975,8889.067856350905,15784.731504019283,8841.115597746422,15624.273624028116,8772.499645995023,15443.132989450834,8694.894211845138,15253.730398033178,8613.494875022234,15061.813031523765,8530.707286338164,14870.126064412601,8447.690715686162,14680.024886131123,8365.0278721826,14492.206812094591,8283.027191618701,14307.058933105256,8201.866283632633,14124.8401743168,8121.666623139803,13945.804944457517,8042.542669565889,13769.909593529988,7964.50343692186,13597.204029435132,7887.591969574118,13427.86691719797,7811.9063679180435,13262.305955094973,7737.647378943206,13101.38284826398,7665.221228811887,12946.912490209106,7595.466176529718,12802.798448454538,7530.168491113872,12677.699478573802,7473.281149276601,12591.498984145717,7433.910696859299
310,1.5584484484484484,15966.79444796826,8908.970851364496,15854.046691106438,8860.848161851307,15692.627555794514,8791.987928143708,15510.405051306387,8714.10677045798,15319.875581164266,8632.41940452309,15126.820978680767,8549.340360640608,14934.00266093419,8466.033146805721,14742.783804656938,8383.0825545157,14553.865563085414,8300.798080733488,14367.637040560527,8219.35791648246,14184.358457982615,8138.883922763903,14004.285573725467,8059.490944522271,13827.374117463489,7981.1878851406545,13653.674008540052,7904.017830358066,13483.36467596857,7828.07912012336,13316.855867909562,7753.573085840439,13155.013886448685,7680.90721733924,12999.663606917915,7610.922459670026,12854.730442980897,7545.410875342721,12728.922034715868,7488.338275986686,12642.23415924862,7448.8405498739085
311,1.5634434434434434,16037.261745889806,8928.989169804428,15923.837106939802,8880.694972539786,15761.449874681075,8811.588916660869,15578.137818672823,8733.430301552506,15386.473484827682,8651.45309980604,15192.273600544551,8568.080776548533,14998.31593711987,8484.481103785665,14805.971510899306,8401.240967803678,14615.945337971374,8318.67093284909,14428.62854885649,8236.949774539353,14244.28266809919,8156.199742028374,14063.164812245439,8076.536067920319,13885.230085768744,7997.967544037729,13710.528419102136,7920.537297553081,13539.240010025349,7844.343909234698,13371.776670121408,7769.589298241725,13209.009329535746,7696.682225538439,13052.772914184794,7626.466338429094,12907.014836485352,7560.739528412213,12780.491966245767,7503.480521500031,12693.313253232931,7463.854731076769
312,1.5684384384384384,16108.212077873612,8949.1234726786,15994.10573218109,8900.656684511214,15830.743518533638,8831.30325724406,15646.334181424081,8752.865440716467,15453.526949107587,8670.5965859447,15258.17368707947,8586.92914853466,15063.06863315758,8503.03519055703,14869.590695922609,8419.503705563457,14678.448779490645,8336.646331228567,14490.036053273208,8254.64243098933,14304.61535339965,8173.614644229416,14122.445163162767,8093.678593364729,13943.479956931573,8014.842957718674,13767.76967587299,7937.150905957925,13595.495291338604,7860.701260942858,13427.07069195272,7785.696532947002,13263.371467220111,7712.546761577297,13106.242662818937,7642.098312693311,12959.653843478525,7576.154942482297,12832.41145612548,7518.708371267578,12744.738427306462,7478.953721298168
313,1.5734334334334334,16179.648470331374,8969.374424248746,16064.855563013018,8920.73395568794,15900.511440500668,8851.131598769916,15714.997044492591,8772.412826667476,15521.038828893541,8689.850491091447,15324.524042800651,8605.886094098998,15128.263503533217,8521.696014026991,14933.644064839658,8437.871364237537,14741.37854418432,8354.7248620108,14551.86216265244,8272.43646184533,14365.35907594209,8191.12919544212,14182.129142715705,8110.919077192002,14002.126202303258,8031.814672974722,13825.400206246779,7953.85919301172,13652.13290430295,7877.15170353468,13482.740275836877,7801.895309308937,13318.102601200771,7728.501336134269,13160.075115434489,7657.818884819267,13012.649690089891,7591.6576121453245,12884.682698773695,7534.022313139806,12796.511854021637,7494.138003745232
314,1.5784284284284285,16251.573965409772,8989.742692042351,16136.089611198951,8940.927447227097,15970.756609092177,8871.074593305793,15784.129327927256,8792.073101264485,15589.011993937529,8709.215446488703,15391.327486830085,8624.952233779943,15193.903317085807,8540.464184089757,14998.13433686596,8456.34454320475,14804.737302449701,8372.907114221058,14614.109499450036,8290.332445957585,14426.516411161065,8208.743964530671,14242.219280286074,8128.258078480489,14061.171306150354,8048.883239292593,13883.422450309203,7970.662698803673,13709.155245785505,7893.695767902584,13538.787776465806,7818.18614924232,13373.20504522734,7744.54646240769,13214.27254649645,7673.628559642867,13066.004614112926,7607.24803443506,12937.307900110362,7549.422837375576,12848.63571731964,7509.408064010689
315,1.5834234234234235,16323.991621050893,9010.228946864587,16207.810904142834,8961.237823532438,16041.482008238765,8891.132896121433,15853.733966951557,8811.84690951926,15657.449328911156,8728.692086480247,15458.586852952893,8644.128191165402,15259.990857062803,8559.340313637518,15063.06424537407,8474.923844791014,14868.527738593797,8391.193679781585,14676.780699788484,8308.330965024034,14488.089947919283,8226.459523158595,14302.718118450111,8145.696159060452,14120.617765704676,8066.049208864434,13941.838860886612,7987.561966082796,13766.564725174198,7910.333987554172,13595.215560837496,7834.569577233499,13428.681125146759,7760.682656125064,13268.837242366626,7689.527844488457,13119.720865050382,7622.926708835631,12990.289277601323,7564.91043665102,12901.112212574626,7524.7643900816665
316,1.5884184184184185,16396.90451105289,9030.83386281029,16280.022484949184,8981.665752266192,16112.690637350832,8911.30716570068,15923.813912021904,8831.734899607933,15726.35373346302,8748.281048522567,15526.304989673714,8663.414592903966,15326.528921175552,8578.325018571431,15128.436537948135,8493.609874280135,14932.752550886917,8409.585153522215,14739.878413509668,8326.432603600775,14550.082288559433,8244.276445799042,14363.628213029391,8163.233883524184,14180.46809121335,8083.313136597735,14000.65190359531,8004.55754026771,13824.363764426194,7927.066898621825,13652.026008303626,7851.046120349835,13484.533178950209,7776.910435552357,13323.771501349771,7705.5172491779895,13173.800704159708,7638.694137290575,13043.629060303147,7580.4856060684315,12953.943546638102,7540.207472348518
317,1.5934134134134135,16470.31572513074,9051.558117275981,16352.727412483337,9002.211904360987,16184.38551137799,8931.598063753221,15994.3721288861,8851.73772288255,15795.728122276201,8767.982973196238,15594.4847602733,8682.81206871609,15393.520321654923,8597.41891781264,15194.253976438595,8512.40323992465,14997.41445161645,8428.082133191027,14803.405304227692,8344.637949112535,14612.496048956149,8262.195309745062,14424.952133141958,8180.871819236119,14240.724805989139,8100.675580125291,14059.864056890929,8021.6499694564145,13882.554798116507,7943.895039872356,13709.221510617375,7867.616308249189,13540.763556820077,7793.2303215033535,13379.07763373981,7721.597286040209,13228.246404498588,7654.550824211889,13097.329488908023,7596.148843165204,13007.131937883425,7555.737803613663
318,1.5984084084084085,16544.22836897723,9072.40239097191,16425.928761431824,9022.876954031768,16256.56966086861,8952.006255226366,16065.41159864198,8871.856033882692,15865.57542512602,8787.798504217339,15663.12904286526,8702.321251405358,15460.967885307102,8616.622633313307,15260.519337017018,8531.304552956672,15062.51616714079,8446.685219465035,14867.364049381917,8362.947591863165,14675.333858568147,8280.216695119962,14486.69246125356,8198.610536343016,14301.390446460755,8118.137099815224,14119.47781211799,8038.839804436155,13941.140273486719,7960.818952716684,13766.804471981317,7884.2806731894425,13597.374621177136,7809.642837348998,13434.757961866242,7737.768469919857,13283.060250970613,7670.497276489109,13151.392815788844,7611.900647922788,13060.67961625043,7571.355879100466
319,1.6034034034034035,16618.645564324113,9093.367367934134,16499.62962236293,9043.661578787774,16329.246132029572,8972.532408316853,16136.93531779623,8892.0904903471,15935.89858693785,8807.728288448905,15732.24073045291,8721.942776869693,15528.874453569522,8635.936790067704,15327.235410231091,8550.314427598789,15128.0604379434,8465.39501596089,14931.757340290127,8381.362125046193,14738.598360490494,8298.341184887659,14548.851793229058,8216.45060778414,14362.467562223437,8135.69825878098,14179.495673559615,8056.12759869326,14000.122650493846,7977.839181219528,13824.777309095502,7901.03975003803,13654.368746727761,7826.148509026791,13490.81482014063,7754.031318186924,13338.244540371083,7686.5340034983965,13205.821305044361,7627.7415227756655,13114.588823290189,7587.062196462131
320,1.6083983983983985,16693.570449003386,9114.45373553664,16573.83310178743,9064.566459444559,16402.41798678614,8993.177194482701,16208.946298323337,8912.441753225328,16006.700567845139,8827.772975912396,15801.822730986374,8741.677284112695,15597.242882566956,8655.362016123305,15394.4050010598,8569.433481074982,15194.050018687052,8484.212129245629,14996.58788220182,8399.882144755396,14802.292211507027,8316.56936486307,14611.432738383937,8234.392609301494,14423.958716089635,8153.359622891402,14239.920158487326,8073.513908423041,14059.504401859327,7994.956272109137,13883.142451205615,7917.894076281515,13711.748320511346,7842.747865050213,13547.25055510325,7770.386350745921,13393.801581432936,7702.661517111687,13260.617232544522,7643.671972620374,13168.861812209861,7602.857255790629
321,1.6133933933933935,16769.006177008796,9135.662184503517,16648.542322219473,9085.592280136007,16476.08830284206,9013.941288455093,16281.447567724772,8932.91048668946,16077.984343247577,8847.93321979923,15871.877967419761,8761.525415254951,15666.076043167786,8674.89894259194,15462.030928968721,8588.66233362161,15260.4876782682,8503.137168847456,15061.85839435171,8418.508249995384,14866.418082142929,8334.901823722548,14674.43791953603,8252.437119450056,14485.86648413982,8171.121760780807,14300.753797211042,8090.9992925397055,14119.288013118188,8012.170774787048,13941.902340151339,7934.844192035185,13769.515741947866,7859.441436518156,13604.067525469882,7786.8340900451685,13449.733694872824,7718.880331705843,13315.782885975888,7659.692504824529,13223.500847917769,7618.741559625655
322,1.6183883883883885,16844.955918557487,9156.99340892112,16723.760422237636,9106.739728326427,16550.260173739764,9034.825368250282,16354.442169088245,8953.497358145838,16149.752903869474,8868.209676482315,15942.409377768572,8781.48781554539,15735.376821040412,8694.548203660965,15530.116027965496,8608.00160849837,15327.376199871509,8522.17074726655,15127.571610013307,8437.241042692229,14930.978656717427,8353.339153014327,14737.869973057313,8270.584719608076,14548.193455773422,8188.985243859094,14361.999133129164,8108.584312686306,14179.475982668302,8029.483241337867,14001.059430414783,7951.8906400526785,13827.673422885526,7876.229757124408,13661.268102178685,7803.375061086125,13506.043213437288,7735.190964171836,13371.320564887224,7675.803629235896,13278.508207068442,7634.7156129636
323,1.6233833833833835,16921.422860151808,9178.448106250298,16799.490556546185,9128.009494822654,16624.936708920755,9055.830115181543,16427.933161147186,8974.203038246827,16222.009255818199,8888.60300552763,16013.419915167207,8801.56513337269,15805.148116709832,8714.310436604454,15598.663146655455,8627.451931999336,15394.718381024548,8541.313479985894,15193.730276552706,8456.081127704138,14995.97663339665,8371.881947169011,14801.731548925909,8288.835993987379,14610.942233759968,8206.950646321899,14423.658722778857,8126.2695332447165,14240.070821819803,8046.894226539085,14060.616189169126,7969.033965735646,13886.223787648578,7893.113363167136,13718.854668437287,7820.009791432731,13562.732481949097,7751.593933923948,13427.232580735172,7692.005858191474,13333.886178107941,7650.779923266559
324,1.6283783783783785,16998.410204641325,9200.026977338664,16875.73589603644,9149.402273786198,16700.121033786218,9076.956213871155,16501.923618340392,8995.02820090263,16294.756420642907,8909.113869705854,16084.91254792665,8821.758020276691,15875.39284561434,8734.18628179446,15667.675148297363,8647.013933463993,15462.51703365261,8560.565985482157,15260.337155482483,8475.029112832133,15061.414724246639,8390.530803510068,14866.025310778172,8307.1915296437,14674.115434290316,8225.018545160747,14485.735135886429,8144.055521345635,14301.075054844654,8064.404287870924,14120.575096327302,7986.274717143419,13945.16927308524,7910.09279355843,13776.829619769895,7836.738811220786,13619.80385735368,7768.089762909027,13483.521256930071,7708.299706526603,13389.637061319214,7666.935000471355
325,1.6333733733733735,17075.921171284965,9221.730726432867,16952.49962784839,9170.918762745407,16775.816289757688,9098.204352262417,16576.416630871794,9015.973523293105,16367.99743539332,8929.742935003995,16156.890259592354,8842.067130959855,15946.113938162425,8754.176382712269,15737.154910859372,8666.688245288335,15530.774984133699,8579.928885236579,15327.395022515748,8494.085608830766,15127.295655286493,8409.286322264394,14930.753935960971,8325.65191648707,14737.715687028016,8243.189520173264,14548.230955417854,8161.942846878621,14362.491219026308,8082.013985526191,14180.938644590888,8003.613445002726,14004.51232861576,7927.168589833826,13835.195364064624,7853.562653167348,13677.2597087657,7784.678975615724,13540.188928881917,7724.6856915841145,13445.763168867616,7683.181356998599
326,1.6383683683683685,17153.95899581336,9243.56006119094,17029.78495543237,9192.559662607691,16852.025634338002,9119.575221631687,16651.41530477042,9037.039685879632,16441.73535267873,8950.490870637072,16229.356049002192,8862.493123298744,16017.314339789797,8774.281385959694,15807.105327075082,8686.475502935964,15599.49507335367,8599.402803745905,15394.90666762036,8513.25122941888,15193.622166541683,8428.149106572886,14995.92011558408,8344.217747292196,14801.745635160878,8261.464153973402,14611.148777629423,8179.932082502139,14424.32186470956,8099.723882420179,14241.709339499108,8021.050702717419,14064.255416280635,7944.341296161923,13893.95432162092,7870.481852580167,13735.102417515765,7801.3620990838,13597.237944046445,7741.16433322349,13502.266824846562,7699.519507761766
327,1.6433633633633635,17232.52693049132,9265.51569269464,17107.595098611,9214.325677671775,16928.752241172315,9141.069516600477,16726.922761950496,9058.227372417025,16515.973240727122,8971.358349059823,16302.312930344664,8883.036658355559,16088.997011016567,8794.501941270417,15877.52930449978,8706.376344949253,15668.680156761506,8618.988368533355,15462.87489507327,8532.526591290372,15260.397012097465,8447.119762501019,15061.52655457272,8362.889617708888,14866.207935452605,8279.84303200169,14674.491212118563,8198.023803653668,14486.569555350497,8117.534544200597,14302.889699477952,8038.587046378247,14124.40101078893,7961.61145935396,13953.10892519712,7887.496947367137,13793.334377197276,7818.139662913434,13654.670661971279,7757.7361538300565,13559.15036532325,7715.949970176306
328,1.6483583583583585,17311.628244180534,9287.598335461855,17185.93329364125,9236.217515639957,17005.999300109346,9162.687935147558,16802.942140271785,9079.53726996545,16590.71418344448,8992.346045978453,16375.7639332172,8903.698400389672,16161.164927504617,8814.838701521347,15948.429765566796,8726.391412960496,15738.333104424753,8638.686210159603,15531.30252351506,8551.91231412502,15327.622960152483,8466.19889904951,15127.575971720264,8381.668126272529,14931.105258294609,8298.326742535524,14738.260881874789,8216.218588559792,14549.236867566573,8135.446539257517,14364.482255889463,8056.223034772639,14184.951599566737,7978.979628873452,14012.66162005814,7904.608478045788,13851.95799371336,7835.01219927456,13712.48945434232,7774.401678324193,13616.416138384559,7732.473264168766
329,1.6533533533533535,17391.266222402366,9309.808707459024,17264.80279327667,9258.23588763043,17083.77001726274,9184.431178621122,16879.476593599946,9100.970068902401,16665.961280474272,9013.45464036241,16449.712102684625,8924.479016869229,16233.821080115082,8835.292322744011,16019.809647644062,8746.521351703135,15808.456801085093,8658.496962233798,15600.192386004534,8571.409020599305,15395.302793072497,8485.387128164943,15194.071099741046,8400.553874414549,14996.440287757965,8316.915876699473,14802.460423330784,8234.517018246373,14612.326391186882,8153.460438733345,14426.489553081123,8073.959229394516,14245.90968280577,7996.44635684587,14072.61486402327,7921.816987752776,13910.975685323965,7851.980242916241,13770.696705030148,7791.161434170584,13674.06650418307,7749.0899121859475
330,1.6583483483483485,17471.444167400878,9332.1475301136,17344.206866829783,9280.381508189625,17162.067615072665,9206.299951750936,16956.52929186718,9122.526462934693,16741.71764725703,9034.684814456179,16524.160499337784,8945.37917848274,16306.968474965975,8855.863464135982,16091.671903090784,8766.766809022982,15879.054146214085,8678.421261424615,15669.54733007353,8591.017336397292,15463.439307444243,8504.685064750478,15261.014685323342,8419.547466472945,15062.215721645493,8335.611028475625,14867.092486413596,8252.919676548698,14675.840729302483,8171.576816532829,14488.914148435377,8091.79619445414,14307.27777351209,8014.012198068294,14132.971127514127,7939.123022253424,13970.389882693084,7869.044331176043,13829.294810136635,7808.015951387477,13732.103834983209,7765.800439204102
331,1.6633433433433433,17552.16539820599,9354.61552832655,17424.148800234656,9302.655095304592,17240.895332367454,9228.294962660586,17034.103421132986,9144.207149110478,16817.986415090156,9056.037253791137,16599.11219935237,8966.39955915075,16380.610133490056,8876.552788072322,16164.019499314267,8787.128435889488,15950.128054069026,8698.45974747134,15739.370217781901,8610.737890221522,15532.03531412947,8524.093326676577,15328.40948918248,8438.649509702816,15128.434271543958,8354.412794713953,14932.159734595996,8271.427150121686,14739.782498316923,8189.796249333105,14551.75861241934,8109.734496887985,14369.05839755497,8031.67771001915,14193.732893602748,7956.527129951283,14030.203028936092,7886.205003989472,13888.286178041619,7824.965762555988,13790.530515207478,7782.605372738121
332,1.6683383383383383,17633.43325069681,9377.213430484871,17504.63189610963,9325.05737041541,17320.256424425545,9250.416922879705,17112.20218364508,9166.01282783133,16894.770731187826,9077.512647197413,16674.570294547837,8987.5408360375,16454.74909249271,8897.36096011708,16236.85541882692,8807.606886407044,16021.681453749019,8718.613063194973,15809.663925772522,8630.571313803941,15601.093638319071,8543.61253479173,15396.258286114089,8457.860614286927,15195.098662876488,8373.32177514271,14997.664844947987,8290.040028450125,14804.154327996861,8208.119316593744,14615.025528634551,8127.774706368635,14431.25409371585,8049.443452867942,14254.902658059762,7974.029861897727,14090.417579667203,7903.4628038994115,13947.673229449747,7842.0114028294,13849.348941482845,7799.5052428507715
333,1.6733333333333333,17715.251077665154,9399.941968474166,17585.65947382023,9347.589058427637,17400.15416303748,9272.666547356252,17190.828797900478,9187.944202864323,16972.07375874113,9099.111686815788,16750.537892446482,9008.803689562637,16529.388404210127,8918.288649034806,16310.182659303378,8828.202817826304,16093.717289251095,8738.881854509382,15880.431345326597,8650.518241916832,15670.61711958743,8563.243312933238,15464.5638650475,8477.181393346324,15262.211634955014,8392.33857237886,15063.610508188409,8308.758903858905,14868.958861522851,8226.546600566844,14678.71749386693,8145.917395314705,14493.86741373749,8067.309989485012,14316.482929402759,7991.631771801539,14151.036003047082,7920.8182760655745,14007.458397437413,7859.153409942526,13908.561522687256,7816.500582161954
334,1.6783283283283283,17797.622248879183,9422.801877691223,17667.23486954222,9370.25088772479,17480.591836568135,9295.044554468837,17269.98649870676,9210.001981354166,17049.898676978297,9120.835068109629,16827.018116332736,9030.188803412962,16604.531136367514,8939.336526802104,16384.00423363778,8848.916890555545,16166.238519526549,8759.266770432454,15951.675382418985,8670.579312383847,15740.608611946827,8582.98628793803,15533.329029099288,8496.612462950954,15329.775941032962,8411.46379193852,15129.999428736728,8327.584371523315,14934.198755540236,8245.078686307133,14742.837118136835,8164.163138900785,14556.900922373188,8085.2778854513335,14378.476228944703,8009.333416038573,14212.060779830545,7938.271968274015,14067.644127499836,7876.392324221066,13968.17067999625,7833.591925857991
335,1.6833233233233234,17880.550151147265,9445.793897056661,17749.361436324798,9393.043590180836,17561.572750019077,9317.55166603906,17349.678537243424,9232.186873835362,17128.2486812251,9142.683489876872,16904.014105312544,9051.696864554202,16680.180372237537,8960.50526861919,16458.323170001222,8869.749768172052,16239.248118537453,8779.768463097304,16023.398957773743,8690.755166090983,15811.070983902047,8602.842089653474,15602.556595626935,8516.154442130319,15397.794348358007,8430.698042247459,15196.834324764908,8346.517029479359,14999.87668021019,8263.716161682138,14807.387024749254,8182.512515067425,14620.357197436173,8103.347709068327,14440.885090842547,8027.135353661403,14273.494403414412,7955.824430946638,14128.232877598262,7893.728688591001,14028.178846929724,7850.779811700913
336,1.6883183183183184,17964.03818838196,9468.918769027585,17832.04254415403,9415.967901172757,17643.10022509108,9340.18860734388,17429.908181123505,9254.499594244375,17207.126982965423,9164.657654261984,16981.529014372943,9073.328563242796,16756.339210698905,8981.795552921529,16533.142511899336,8890.702117433539,16312.74907531322,8800.387587763507,16095.605006919795,8711.046446997658,15882.007118505133,8622.811350948255,15672.249396282657,8535.807952884155,15466.269638224998,8450.041934651581,15264.117928249474,8365.557478634064,15065.995319260894,8282.45961738231,14872.36985034413,8200.96610453114,14684.238829849097,8121.520031367703,14503.712062145938,8045.038146409018,14335.339379885494,7973.476217150757,14189.227118207298,7911.1630485880105,14088.588469398826,7868.064780037817
337,1.6933133133133134,18048.089781664195,9492.177239610279,17915.281580016373,9439.024559593117,17725.17760024682,9362.956107128028,17510.678714455247,9276.940859931894,17286.536809902,9186.758266768033,17059.56601444178,9095.084593037745,16833.010766295043,9003.208061391455,16608.46531823002,8911.77460828959,16386.74439400741,8821.124802828355,16168.296480246738,8731.453802147742,15953.419913410233,8642.89470772327,15742.410277067356,8555.573620193156,15535.204606029007,8469.496083427486,15331.852985023663,8384.706322775877,15132.557370038834,8301.309646931257,14937.788244946834,8219.524490794432,14748.54842369366,8139.795426121335,14566.95970284607,8063.042358716531,14397.598228068675,7991.227882608648,14250.62933236234,7928.695952366922,14149.40200575289,7885.447373810202
338,1.6983083083083084,18132.708369307577,9515.57005837293,17999.081947962415,9462.214307862687,17807.808230773728,9385.854897616458,17591.99343790406,9299.511391675056,17366.481406017272,9208.986036268714,17138.128292447596,9116.965650812477,16910.198169293024,9024.74347896985,16684.29466334134,8932.967913893148,16461.237093954627,8841.980769838134,16241.47634306081,8751.977881680701,16025.312280928621,8663.09279892253,15813.042098384718,8575.4520720297,15604.60206131853,8489.061105793024,15400.042254829743,8403.964168585033,15199.565543560244,8320.26684669595,15003.644872018747,8238.188260155852,14813.288596260423,8158.174469851156,14630.630585924639,8081.148557724938,14460.27347957513,8009.079985707139,14312.442015707173,7946.327950711174,14210.62192682664,7902.928138563352
339,1.7033033033033034,18217.897406922897,9539.097978458401,18083.447069170747,9485.537891943068,17890.995488847013,9408.885714526814,17673.855668754477,9322.211913689745,17446.96403163446,9231.341675020469,17217.219051379627,9138.972436766719,16987.904565742523,9046.40249386782,16760.63363708954,8954.282710612006,16536.23020972757,8862.956153499463,16315.14757564098,8772.619338842704,16097.687148083878,8683.406266544125,15884.147735095456,8595.443939368623,15674.464827848826,8508.737621917873,15468.68851137148,8423.331625643988,15267.02256456269,8339.331815896972,15069.94240850798,8256.958001720082,14878.461978098641,8176.65774183907,14694.727297402931,8099.357313290859,14523.367678850698,8027.033087507261,14374.667676541638,7964.059597042311,14272.25071598737,7920.507622455745
340,1.7082982982982984,18303.660367482815,9562.761756597014,18168.380382012012,9508.996061349373,17974.742763592818,9432.049297081938,17756.268740972424,9345.043153642902,17527.987963478718,9253.825898674575,17296.841510348004,9161.105654438446,17066.13311753508,9068.185797578462,16837.485344897257,8975.719678040345,16611.72679119427,8884.051621690618,16389.3131732952,8793.37882999779,16170.547456667178,8703.835755651182,15955.730076571697,8615.54985619802,15744.795743635395,8528.526254934182,15537.794542366653,8442.809306447853,15334.931171556762,8358.505156618805,15136.683544900226,8275.834307408042,14944.071213066321,8195.245824136904,14759.252436391058,8117.66919799633,14586.883383224329,8045.087751753867,14437.30883586948,7981.891447429496,14334.290869182332,7938.186376268489
341,1.7132932932932934,18390.00074138665,9586.562153119383,18253.88534211312,9532.589569162945,18059.053461151565,9455.346388022406,17839.236005267525,9368.005842664881,17609.55649473852,9276.439426289326,17376.99890464408,9183.366010715836,17144.88700246335,9090.094084888606,16914.852907811826,8997.279499010323,16687.729903575404,8905.267845472927,16463.976146416804,8814.25701463906,16243.896163292742,8724.381914382882,16027.79202675147,8635.770459530073,15815.597661007554,8548.427630947202,15607.363149599842,8462.397826414874,15403.294116877918,8377.787473820112,15203.870985269758,8294.817771967026,15010.11895838037,8213.939301576384,14824.208615137331,8136.084787158642,14650.823162956705,8063.244544885301,14500.368027446273,7999.824060599067,14396.744894986241,7955.964953414767
342,1.7182882882882884,18476.92203652541,9610.499931969269,18339.96542242161,9556.319172044083,18143.931004741462,9478.777733619114,17922.760829155657,9391.100715361834,17691.67293512713,9299.18298034221,17457.694485800937,9205.754215849247,17224.169414280637,9112.128053890605,16992.739462563786,9018.962859603656,16764.242627501822,8926.605499102176,16539.139520541034,8835.254555399884,16317.73623945342,8745.0453939655,16100.3365041934,8656.106389411876,15886.873446662194,8568.442379045968,15677.39714897523,8482.097803896928,15472.114166738453,8397.17937534408,15271.507447330525,8313.90899298086,15076.60788466686,8232.738761779128,14889.598459077692,8154.604658840159,14715.189601288961,8081.5040360431085,14563.847797827488,8017.857997944089,14459.615314648867,7973.84390994932
343,1.7232832832832834,18564.427778346904,9634.575860716483,18426.624113270194,9580.185630244816,18229.37883472213,9502.344083685852,18006.846597021635,9414.32850982811,17774.340610944324,9322.05728674212,17538.93152165403,9228.270983463246,17303.983562760495,9134.288405994155,17071.148161625497,9040.770449163241,16841.26805907219,8948.065260040023,16614.806336401707,8856.37211806516,16392.07067157643,8765.826848723444,16173.366442131479,8676.55828893634,15958.625981717687,8588.571131313987,15747.899370569614,8501.90986019005,15541.39410127964,8416.681471928767,15339.595662487442,8333.108570880102,15143.540676011477,8251.64479516668,14955.424606885352,8173.229393858206,14779.985294491538,8099.8667970817505,14627.750706416702,8035.993823533959,14522.90466214277,7991.823804577944
344,1.7282782782782784,18652.521509921105,9658.790710569798,18513.86492244145,9604.189707621717,18315.400408658472,9526.046191591962,18091.496710182037,9437.689967658725,17857.562865138156,9345.063074841612,17620.713296401955,9250.917030568638,17384.33267375652,9156.575845938152,17150.08217326993,9062.70296030483,16918.809309910797,8969.647808965483,16690.97964998807,8877.610371582588,16466.90246107923,8786.726936090374,16246.884788530018,8697.1268042531,16030.858161767892,8608.81452283999,15818.872658685521,8521.834619545,15611.136714623923,8436.294377217495,15408.1383758877,8352.41710895224,15210.920030010022,8270.657994970546,15021.689710520533,8191.959575794955,14845.212851913138,8118.333402578345,14692.079325513887,8054.232104124005,14586.615484211168,8009.905198667025
345,1.7332732732732734,18741.206792005607,9683.145256389915,18601.691375232713,9628.33217164875,18401.99920138461,9549.884814275012,18176.714586948183,9461.185833961801,17941.343057366936,9368.201077449172,17703.043110667422,9273.69307757458,17465.21998926229,9178.991081802576,17229.54468162958,9084.76108892869,16996.86950722547,8991.353829786412,16767.66253260176,8898.96998807396,16542.234624425513,8807.746316620292,16320.89450613872,8717.812584579446,16103.572896936288,8629.17319172867,15890.319871904463,8541.872709177818,15681.34481492731,8456.018707769252,15477.13834647233,8371.835213351942,15278.748657819095,8289.778957242288,15088.39643528028,8210.79579100733,14910.874896029849,8136.9044298424515,14756.83624036387,8072.573409165153,14650.75034041592,8028.088656253092
346,1.7382682682682684,18830.487203111294,9707.640276702456,18690.10701452106,9652.61379343011,18489.17870506805,9573.860712253467,18262.503662689316,9484.816857371108,18025.68456406142,9391.472030841538,17785.924281558375,9296.599848300652,17546.648767471455,9201.53482502039,17309.538886755567,9106.945534231332,17075.451793865675,9013.184009651031,16844.858070913902,8920.451642846514,16618.07019318139,8828.885653998712,16395.398572547907,8738.616282211276,16176.773111930319,8649.647779111468,15962.243883140334,8562.024759280454,15752.021224431901,8475.85508306912,15546.598347027824,8391.363493111317,15347.029284206892,8309.008280863613,15155.547459848505,8229.738628636967,14976.974062494362,8155.580458925846,14822.024049204894,8091.018310813578,14715.3118031856,8046.374744052401
347,1.7432632632632634,18920.36633956815,9732.276553710977,18779.1154008285,9677.035347713156,18576.942429273982,9597.974649639442,18348.86738989589,9508.58379005859,18110.590778487043,9414.87667477603,17869.36014272923,9319.63806998902,17628.622282837943,9224.207790389491,17390.068004676854,9129.256998717276,17154.55932838076,9035.139038959484,16922.569367022366,8942.056014404281,16694.412214071664,8850.145615053816,16470.399980243856,8759.538552534104,16250.461746095796,8670.238929157385,16034.647579692897,8582.291403031386,15823.168779518477,8495.80412553875,15616.521164237905,8411.002560150213,15415.764647604114,8328.346567556498,15223.145476346053,8248.788680620182,15043.51300018532,8174.362072632362,14887.645363317284,8109.567383940389,14780.302457863743,8064.764031470512
348,1.7482582582582584,19010.847815591238,9757.054873310037,18868.720112387393,9701.597612901327,18665.293901029727,9622.227394151458,18435.809238243077,9532.487387746938,18196.065110806383,9438.415752502915,17953.354044442316,9342.80847331661,17711.143826136384,9247.010696084686,17471.135267459627,9151.69618821078,17234.19528507833,9057.219611375407,17000.79953850919,8963.783784459478,16771.263749036283,8871.526869767664,16545.901736664302,8780.580054034066,16324.641753471456,8690.947289083833,16107.533863301522,8602.673276606289,15894.790330759304,8515.866460546837,15686.909598735436,8430.753029286532,15484.957500155067,8347.79442189336,15291.193190380971,8267.946541697956,15110.494371256797,8193.249856527713,14953.702807072266,8128.221206141362,14845.724902757192,8083.2570906119345
349,1.7532532532532534,19101.935263346837,9781.976025098284,18958.924745205888,9726.301371067128,18754.23666488939,9646.619717127247,18523.332694654375,9556.528409722188,18282.110988141772,9462.090010777836,18037.90935362936,9366.111792407295,17794.21670452265,9269.944263669679,17552.743923266815,9174.263811867691,17314.362854082752,9079.426423837542,17079.55171849811,8985.635637943922,16848.627875286915,8893.030091287426,16621.906864254062,8801.741448308972,16399.316102843688,8711.773509167484,16180.905650198916,8623.171019188736,15966.888742971056,8536.042716419644,15757.766465154444,8450.615518246575,15554.610607768787,8367.352451307215,15359.693321098845,8287.212809425959,15177.920851187906,8212.244398949384,15020.199017980902,8146.980357746663,14911.581749184545,8101.854496289777
350,1.7582482482482484,19193.632333018762,9807.04080239157,19049.73291313365,9751.147407965105,18843.774282998616,9671.152393536555,18611.44126336541,9580.707618846367,18368.73185463802,9485.900199874222,18123.02945395331,9389.548764844132,17877.844241594496,9293.00921810911,17634.897236417743,9196.96058218725,17395.06524139386,9101.76017657139,17158.829055712235,9007.612263020483,16926.507685363664,8914.65595593664,16698.418400520863,8823.023400079386,16474.487777801376,8732.718242755169,16254.765871165078,8643.785272980891,16039.466895267808,8556.33352445154,15829.094592182271,8470.5906476754,15624.72675017038,8387.021266101892,15428.648601233315,8306.5880841846,15245.795128832493,8231.346291016524,15087.136646743145,8165.845421830628,14977.875621524769,8120.55682603541
351,1.7632432432432434,19285.942692874843,9832.250002236111,19141.148247927656,9776.136513044896,18933.910335159566,9695.826201994025,18700.138465987846,9605.025781570137,18455.931171525357,9509.847073595756,18208.717745870163,9413.120131681633,17962.02977745245,9316.20628778063,17717.59848744799,9219.787215023965,17476.305668945733,9124.221573100858,17238.634714531898,9029.714351094575,17004.906287191945,8936.40514322651,16775.439398091177,8844.426577199722,16550.15977679088,8753.782146274802,16329.117471581365,8664.51668321426,16112.527681114225,8576.73951891557,15900.896822611894,8490.679041147243,15695.308720952464,8406.801479462258,15498.061777156707,8326.072969189083,15314.119906469019,8250.556126639849,15154.518357297015,8184.816984221541,15044.609157265895,8139.36466010818
352,1.7682382382382384,19378.87002933354,9857.604425421665,19233.174399318254,9801.269479464285,19024.648418895988,9720.641924772082,18789.427841573517,9629.48366794551,18543.712417182498,9533.931389288875,18294.97764669098,9436.82663745804,18046.77666876081,9339.536204486967,17800.850973169356,9242.7444295995,17558.0873746657,9146.811320259969,17318.97187505263,9051.942596825636,17083.826804139484,8958.278335867188,16852.972924766313,8865.951650669365,16626.335113171128,8774.965879246321,16403.963411484696,8685.365898160466,16186.074008378871,8597.261337074038,15973.17601339433,8510.88132517592,15766.359327626755,8426.693707464487,15567.935608930748,8345.668070499516,15382.897899850524,8269.874502531604,15222.34682686789,8203.895633511447,15111.785007053863,8158.278581505117
353,1.7732332332332332,19472.418047030762,9883.104876494766,19325.81503507527,9826.547104102301,19115.992149518504,9745.60034781385,18879.312946678692,9654.082051638561,18632.07908719987,9558.1539078553,18381.81259064409,9460.669030207682,18132.088288808733,9362.99970346807,17884.65800672994,9265.832948514597,17640.413612533426,9169.530128204584,17399.843733143265,9074.297698138658,17163.272375073455,8980.276219779158,16931.02206357861,8887.599294643842,16703.01681526891,8796.270104292673,16479.306665621876,8706.333569142033,16260.10879938764,8617.899619189131,16045.935035691198,8531.198129225291,15837.88139167572,8446.69856908632,15638.272870357438,8365.373997031027,15452.131838254722,8289.302018215529,15290.62474601795,8223.081961066002,15179.405834741463,8177.2991759706865
354,1.7782282282282282,19566.59046888681,9908.752163771962,19419.07384107437,9851.970187572355,19207.945160190036,9770.702260746104,18969.79735542851,9678.821709942207,18721.034694442966,9582.515393764583,18469.226028937406,9484.648061473286,18217.968027571576,9386.597523413246,17969.022917674447,9289.053497761042,17723.287652640174,9192.378710424153,17481.25350050422,9096.780356235773,17243.24615441779,9002.399484104582,17009.58991284776,8909.370186446002,16780.20792643424,8817.695487150797,16555.150223504086,8727.420350543218,16334.634990977322,8638.655008533578,16119.1767749274,8551.630085719713,15909.877748604446,8466.816686217384,15709.076349030081,8385.191360563904,15521.824464534218,8308.839276036848,15359.354818695694,8242.37656103432,15247.474317437429,8196.427032006566
355,1.7832232232232232,19661.39103617353,9934.547099353098,19512.95452136358,9877.539534235395,19300.511101991426,9795.94845689226,19060.884659581523,9703.703423788984,18810.582769115903,9607.016615066701,18557.221429820907,9508.76448631838,18304.41929177231,9410.330406473344,18053.94905200459,9312.406806733625,17806.71278124821,9215.357783753498,17563.204404725886,9119.39127560782,17323.751312210567,9024.648821218707,17088.67958623729,8931.265006577221,16857.911505095897,8839.242696682668,16631.49708946146,8748.626899820856,16409.655534549292,8659.528151401299,16192.904130843932,8572.177830054552,15982.351247992554,8487.04868366953,15780.348846384382,8405.120775753772,15591.978535166889,8328.486881172275,15428.53976228563,8261.780030358866,15315.993145555623,8215.662740881438
356,1.7882182182182182,19756.823508581594,9960.490499134645,19607.460798229862,9903.255952213087,19393.6936439871,9821.339733285397,19152.578468594456,9728.727977763858,18900.726858825114,9631.658343404666,18645.80227864927,9533.019063339701,18391.44550494313,9434.199098272966,18139.43977223965,9335.893608242148,17890.692300850358,9238.468068384635,17645.6996893472,9142.131164045984,17404.791034161626,9047.024926741293,17168.29421281114,8953.28443872866,16936.1306248171,8860.91240488635,16708.350282697833,8769.95387751523,16485.17339612336,8680.519697118125,16267.120017550844,8592.84200060671,16055.304753546308,8507.395189187178,15852.0931777497,8425.162860141783,15662.596820306317,8348.2454416401,15498.18230765808,8281.292968785381,15384.96502286437,8235.00689664081
357,1.7932132132132133,19852.891664287978,9986.583182823031,19702.59641226599,9929.120253401054,19487.49647329104,9846.87689068129,19244.88240968709,9753.896160117098,18991.47052864317,9656.441354027185,18734.972077944683,9557.412554679659,18479.050107487208,9458.204347922707,18225.49845747718,9359.51463852349,17975.229530229655,9261.710287878614,17728.74261391431,9165.000732653423,17486.368521710254,9069.528499548058,17248.436937090424,8975.42916979251,17014.868374351263,8882.70528690708,16785.712837345633,8791.401947260978,16561.19155639172,8701.630298052507,16341.827363580287,8613.623238745173,16128.741143150812,8527.8568334577,15924.312172400441,8445.318234164837,15733.682103832398,8368.11556831021,15568.28519921906,8300.915978872794,15454.392666535881,8254.460096116854
358,1.7982082082082083,19949.599300023536,10012.825973948042,19798.365122437506,9955.133253482129,19581.92329513286,9872.560733571516,19337.800127907325,9779.208762777149,19082.817361172827,9681.366425801329,18824.734347459816,9581.945726038779,18567.236556740565,9482.346908031437,18312.128503453896,9383.270637253654,18060.327804519267,9285.085169177371,17812.336454039436,9188.000695856948,17568.48699208303,9092.16024178217,17329.110919110342,8997.699889873302,17094.127857697986,8904.622021048366,16863.587802520877,8812.971775798016,16637.713010773063,8722.860609626283,16417.029111939755,8634.5221888416,16202.663308922365,8548.434250121836,15997.008673607555,8465.587521165831,15805.237183402081,8388.097874914214,15638.851194960347,8320.649666003197,15524.278807195831,8274.022938938275
359,1.8032032032032033,20046.950231140832,10039.219699876217,19894.770706149884,9981.295771939644,19676.977832923993,9898.392070196533,19431.335286196416,9804.666581363546,19174.770956611133,9706.43434122526,18915.09262424084,9606.619346688241,18656.00832703414,9506.62753471858,18399.33332260664,9407.162347559872,18145.99047526239,9308.593442615653,17896.484501459832,9211.131771418732,17651.149678351852,9114.920858865762,17410.319334477175,9020.097292299213,17173.912194159104,8926.663288783142,16941.978242378304,8834.664032982513,16714.740769466804,8744.211290325446,16492.728220165405,8655.5394982809,16277.074157260926,8569.128075784121,16070.185538690153,8485.971347403934,15877.264870500203,8408.192978055544,15709.883066509621,8340.494638391821,15594.626188973056,8293.696027540203
360,1.8081981981981983,20144.94829168206,10065.7651918243,19991.816959315824,10007.608632070742,19772.66382832411,9924.371712558857,19525.491565454282,9830.270415199871,19267.334932813766,9731.645886440949,19006.050462690746,9631.434189482387,18745.368909755965,9531.046987626456,18487.116344133578,9431.190516032722,18232.22091047244,9332.235841932927,17981.190064096918,9234.394680448035,17734.35982949203,9137.811059511461,17492.06537442545,9042.622073633447,17254.22451839491,8948.829774764923,17020.887236166673,8856.479391797848,16792.277857507434,8765.683001710935,16568.927660375506,8676.675817471883,16351.976608902665,8589.938950023357,16143.84563906729,8506.47034206487,15949.767990490443,8428.401497219602,15781.383599180755,8360.451507097052,15665.437569549329,8313.47996717412
361,1.8131931931931933,20243.597334447182,10092.463284872723,20089.507696422686,10034.072660999738,19868.98504130766,9950.500476436218,19620.27266460507,9856.021067326716,19360.512925359508,9757.001851246965,19097.61143463271,9656.391030871295,18835.321813413535,9555.606029932638,18575.481014055465,9455.355892738306,18319.022494693298,9356.013104285337,18066.456466115567,9257.790147412965,17818.120710440595,9160.831555733957,17574.35224587525,9065.274933685578,17335.067980480493,8971.122166838992,17100.317878284164,8878.41852836563,16870.327314819013,8787.27640842949,16645.630419324065,8697.931799857908,16427.37359897277,8610.867515403068,16217.991860309816,8527.085137271239,16022.749382666443,8448.724054783932,15853.355592024243,8380.520886030463,15736.71572020933,8333.375365917784
362,1.8181881881881883,20342.901231062177,10119.314817979102,20187.84675060015,10060.688689691513,19965.945250230572,9976.779181394759,19715.682300662847,9881.91934451469,19454.308587614858,9782.503029111265,19189.77912937367,9681.490650913376,18925.870563696288,9580.305428362339,18664.430795277138,9479.659231230413,18406.398629059742,9379.925970257706,18152.28704798347,9281.318900152273,17902.435602154692,9183.983062861598,17657.183171489673,9088.056575522958,17416.44574596223,8993.541156053625,17180.27327833391,8900.482121956731,16948.892196269804,8808.992178224486,16722.839498454527,8719.30810192756,16503.268077038232,8631.91441748204,16292.627102192417,8547.816368092876,16096.211900303022,8469.161276028395,15925.80185787772,8400.703391966867,15808.463425890659,8353.382834685204
363,1.8231831831831833,20442.863872047506,10146.320633991796,20286.837973688005,10087.457552964912,20063.548251897148,10003.20865080231,19811.724208797412,9907.966057277481,19548.72559079881,9808.15021718404,19282.557153768063,9706.733833287999,19017.018703538262,9605.145953200838,18753.96916764909,9504.101288562755,18494.35273135803,9403.97518387553,18238.68516653073,9304.981669887164,17987.307801670147,9207.266299548017,17740.56138973238,9110.967705482184,17498.360995914405,9016.087436671334,17260.7565611797,8922.670855002354,17027.975571727027,8830.830981946829,16800.557913953675,8740.80538322536,16579.663007160845,8653.08030482484,16367.754278745728,8568.664672557214,16170.158410707503,8489.71378914541,15998.725223416573,8420.999644554402,15880.683485234027,8373.502987236625
364,1.8281781781781783,20543.489166886706,10173.481579663467,20386.485236304095,10114.380089506201,20161.79786162707,10029.789711841622,19908.402142400344,9934.1620198849,19643.767624047803,9833.94421631058,19375.949132281625,9732.121365308154,19108.769793180916,9630.12837830592,18844.099628029227,9528.682825301184,18582.888236086586,9428.161492617028,18325.65419500955,9328.779191233134,18072.740622160185,9230.681987783777,17824.490154925345,9134.009033180508,17580.816926995954,9038.761706180134,17341.770867001796,8944.985413105107,17107.580526111764,8852.793493565854,16878.788696805568,8762.4243063625,16656.56136795031,8674.36582901239,16443.376318308616,8589.630691659675,16244.591795271202,8510.382225250174,16072.128529204776,8441.41026632464,15953.37871063357,8393.736440188548
365,1.8331731731731733,20644.781044095136,10200.7985056647,20486.792427912445,10141.457141882553,20260.69791332261,10056.523195523687,20005.719873151116,9960.508050375995,19739.438394480803,9859.885831044148,19469.958707055448,9757.654037933109,19201.127410236022,9655.253481120359,18934.825690344765,9553.404605535996,18672.00859451691,9452.485647425217,18413.197523154067,9352.712202211866,18158.737392994244,9254.23085290805,17908.972737306703,9157.181271527363,17663.81675150741,9061.564665304852,17423.31935135287,8967.426485050131,17187.710159453964,8874.88039018027,16957.534892845684,8784.165537027593,16733.966152617482,8695.771644652532,16519.496163580538,8610.715069374093,16319.514949521004,8531.167218390936,16146.014629745758,8461.935882702704,16026.551928287226,8414.083813023743
366,1.8381681681681683,20746.74345128897,10228.272266597625,20587.763456891524,10168.689556555544,20360.252259535944,10083.409936701062,20103.681191083437,9987.004970572183,19835.741627264546,9885.975869658925,19564.589537970143,9783.33264578115,19294.09514974882,9680.52204268442,19026.150885654275,9578.267396894207,18761.717274754516,9476.948402720012,18501.318557240356,9376.781444263099,18245.301459796978,9277.913623620325,17994.01242308874,9180.485136735855,17747.363697447872,9084.497018018441,17505.405185214095,8989.994762816232,17268.36758694762,8897.092352029107,17036.799562815188,8806.029743997453,16811.880369027745,8717.298409390658,16596.116771674093,8631.91845266316,16394.930783171105,8552.069405559292,16220.386393533447,8482.577122017441,16100.205978247317,8434.545728101339
367,1.8431631631631633,20849.380355254238,10255.9037210096,20689.402250602703,10196.078183894717,20460.46477153673,10110.450774081233,20202.289904651712,10013.653606090418,19932.681065678924,9912.215144162952,19659.84530271018,9809.157987142327,19387.67662426125,9705.934847648405,19118.078762209872,9603.271970551907,18852.01776180015,9501.550516410349,18590.02072014653,9400.987662256584,18332.43618450737,9301.731031992133,18079.612514516037,9203.921348334314,17831.46100857222,9107.559471553346,17588.03155505136,9012.690941587058,17349.555939006044,8919.430062502715,17116.585782415266,8828.017599147921,16890.307039754465,8738.946783920332,16673.241114167642,8653.241491488896,16470.84222017484,8573.089426700484,16295.246703103372,8503.334615511589,16174.343714471179,8455.12281066689
368,1.8481581581581583,20952.695742016105,10283.693731406915,20791.71275545885,10223.623878191147,20561.339339379727,10137.646550240024,20301.549840797707,10040.454786356371,20030.26047118258,9938.604470311124,19755.729696828344,9835.130863991222,19481.87546387536,9731.492684285216,19210.612885519582,9628.419101246596,18942.913557611064,9526.292749906344,18679.30745141304,9425.33160450403,18420.144945437976,9325.683813478827,18165.776329923734,9227.490629177857,17916.11194444839,9130.752736412867,17671.201662871634,9035.515719762288,17431.278361317298,8941.894208153768,17196.89664236169,8850.129777464685,16969.249202132665,8760.717431993966,16750.872177158075,8674.68483882315,16547.252198776645,8594.22792472376,16370.598455083968,8524.208997351978,16248.968004871944,8475.815688862494
369,1.8531531531531533,21056.693616908302,10311.64316426852,20894.698936993103,10251.327497671044,20662.879871972636,10164.99811163501,20401.464845017294,10067.409344617678,20128.4836234786,9965.144667618202,19852.246433810345,9861.252081999759,19576.695316316855,9757.19634450295,19303.75683840979,9653.709567289598,19034.408181162435,9551.175868131488,18769.18220730308,9449.814022771085,18508.43113733437,9349.77270693135,18252.50720379598,9251.193705459995,18001.31978051485,9154.07752638258,17754.918726279462,9058.469798968858,17513.538014899746,8964.485478708308,17277.73524843941,8872.366957054144,17048.709908312747,8782.611020433496,16829.012961313718,8696.249150658106,16624.16367156416,8615.485545512714,16446.444560247972,8545.200904639767,16324.081731369466,8496.624993736923
370,1.8581481481481483,21161.37800464271,10339.752890059799,20998.364779927768,10279.189904509412,20765.090297144136,10192.506308618984,20502.038781427433,10094.518117957166,20227.354320580384,9991.836559371863,19949.399245139655,9887.522450550041,19672.13984699879,9783.046623857517,19397.51422108791,9679.144150578466,19126.505168509,9576.200639534847,18859.64846086314,9474.435672289364,18597.298171434686,9373.998454608058,18339.808486824448,9275.031306724242,18087.087808138152,9177.534558541765,17839.18597853356,9081.553884072197,17596.338076157746,8987.204567076802,17359.104721557334,8894.729819154298,17128.692225314382,8804.628219141096,16907.666481927346,8717.93508601684,16701.579605520434,8636.862937935699,16522.787943563904,8566.310977420684,16399.687789941334,8517.551359255773
371,1.8631431431431433,21266.75294937911,10368.023783246366,21102.714288243467,10307.211964843711,20867.974561711973,10220.171995453451,20603.27553283327,10121.781947306174,20326.876378877674,10018.68097264578,20047.19188036238,9913.942782747205,19768.212739085455,9809.04432156532,19491.888651205176,9704.723636609428,19219.20807284675,9601.367836103313,18950.709701983727,9499.197311768483,18686.74947552927,9398.361802186586,18427.68354596706,9299.004165875771,18173.419334670667,9201.124553274869,17924.00666860359,9104.76868318751,17679.681736937444,9010.05216936524,17441.008197803258,8917.219048145651,17209.199235080498,8826.769701109915,16986.835768969333,8739.74330696389,16779.502982076294,8658.360753856216,16599.631544247735,8587.53985869531,16475.78909067403,8538.595422311653
372,1.8681381381381383,21372.822514795123,10396.456722307898,21207.751485248336,10335.394548787548,20971.5366315513,10247.996030322136,20705.179000795397,10149.201677457853,20427.05363320274,10045.678738312714,20145.628107152414,9940.513895432325,19864.917693556352,9835.190240515918,19586.88376391955,9730.448814489875,19312.520464574878,9626.678233373883,19042.369437460195,9524.099703408136,18776.788494020544,9422.863498775689,18516.135764506795,9323.113019193099,18260.31768350842,9224.848234282988,18009.38406122708,9128.114907691071,17763.572204582757,9033.02898488625,17523.448828498873,8939.835331562157,17290.234034531426,8849.036142434845,17066.523867140924,8761.674478615834,16857.936797162776,8679.97964814337,16676.978315814635,8608.888194429384,16552.388557814193,8559.757822734384
373,1.8731331331331333,21479.590784156255,10425.052589751996,21313.48041364748,10363.738530444429,21075.780491663172,10275.979275344547,20807.753105697302,10176.778157080516,20527.88993689667,10072.830691057681,20244.711711376636,9967.236609195346,19962.25842927037,9861.48518728474,19682.503211958847,9756.320476950867,19406.44593135772,9652.132610445951,19134.631191053755,9549.143612910175,18867.41868798298,9447.504296927153,18605.168542110667,9347.35860633978,18347.786194149096,9248.706328595392,18095.321436966406,9151.593272231565,17848.012701991447,9056.135716170236,17606.429780254944,8962.579360102172,17371.799735619195,8871.428222323304,17146.73383592764,8783.72926915193,16936.88406126372,8701.720278682318,16754.83122613083,8630.35663356411,16629.489129820002,8581.039203301236
374,1.8781281281281281,21587.061860386173,10453.812272128089,21419.90513561252,10392.244787921518,21180.710146243186,10304.122596589563,20911.00178681293,10204.512238731028,20629.38916187596,10100.137669391099,20344.44649716033,9994.111748388032,20060.238683030075,9887.929972145861,19778.750665683936,9782.339420359649,19500.988078186983,9677.731749993642,19227.49850355259,9574.329809490771,18958.6435352232,9472.284952647733,18694.78529488885,9371.741670376156,18435.82822225017,9272.699566581052,18181.822092265997,9175.204494741418,17933.00646767136,9079.373068976565,17689.9542350266,8985.451827639468,17453.899465381888,8893.946623106058,17227.468749652795,8805.908349824762,17016.34779946853,8723.583306384771,16833.19325746568,8651.945828026523,16707.093759412717,8602.440209747167
375,1.8831231231231231,21695.239866137108,10482.736660041352,21527.029732851406,10420.914203343451,21286.329618750227,10332.426864089051,21014.92900237443,10232.404778868211,20731.555198699065,10127.600515661992,20444.836286952705,10021.140141136955,20158.86220964619,9914.525409084725,19875.62981315213,9808.506444732244,19596.15052744406,9703.476438278161,19320.97493283314,9599.65906589253,19050.46653034025,9497.206225411104,18784.98945545392,9396.262957771101,18524.447139687152,9296.828681960214,18268.889339509602,9198.949296448201,18018.55675579673,9102.741752304737,17774.025390168732,9008.45343123422,17536.536365998163,8916.592030248044,17308.731697531173,8828.212394970884,17096.33105152497,8745.569395199494,16912.067406543727,8673.656432739848,16785.205413628286,8623.961490775117
376,1.8881181181181181,21804.128943860436,10511.826648166681,21634.858306678234,10449.747662866152,21392.642951975486,10360.892951851507,21119.53872964005,10260.456637866286,20834.39195663327,10155.220076071224,20545.884921592624,10048.32261935651,20258.132782002187,9941.272315810993,19973.144360180726,9834.822353746027,19691.936918962503,9729.367465160196,19415.064053921553,9625.132158396716,19142.89118478597,9522.268878169842,18875.784472980256,9420.923218413816,18613.646334612033,9321.094411816008,18356.52650707773,9222.828401886016,18104.6668362647,9126.242478405617,17858.646458491596,9031.584871144052,17619.71359484194,8939.365132359248,17390.525783722795,8850.64208202154,17176.836871892127,8767.679212122835,16991.456684597,8695.489105633913,16863.82707386914,8645.6036980663
377,1.8931131131131131,21913.7332558774,10541.083135262676,21743.394978083372,10478.746056690692,21499.654208111548,10389.521737875733,21224.8349649622,10288.66868002835,20937.903363721598,10182.99720068476,20647.59626037447,10075.660018761959,20358.054191119052,9968.171513771356,20071.298030410664,9861.287954752355,19788.350910090638,9755.405624112327,19509.769459055202,9650.74986683542,19235.92102692554,9547.473677367429,18967.17381326356,9445.723205625634,18703.429211511764,9345.497496606049,18444.73693940524,9246.842538906942,18191.33999475194,9149.875962792692,17943.820668316443,9054.846850835112,17703.434324537156,8962.266621205581,17472.85412738681,8873.19809151338,17257.86832979354,8789.913427209309,17071.36411741739,8717.44450765555,16942.96173595603,8667.367486290528
378,1.8981081081081081,22024.05698445004,10570.50702418566,21852.643887803675,10507.910279077205,21607.367468821656,10418.314104164565,21330.821723855664,10317.041773599874,21042.093366849953,10210.932743446952,20749.97418111414,10103.15317888251,20458.630246220215,9995.223828162403,20170.094565370397,9887.904058789225,19885.39617575431,9781.591712231464,19605.094757744442,9676.512974603842,19329.55960209816,9572.821392950302,19059.160958780496,9470.663676171884,18793.799191266986,9370.0386801741,18533.523997039036,9270.99243869249,18278.57953277137,9173.642924253329,18029.551263531404,9078.24007699316,17787.701743012676,8985.297191719817,17555.719862735583,8895.881107099194,17339.42850927039,8812.272713582159,17151.792745409122,8739.52330277906,17022.612410180067,8689.253513116562
379,1.9031031031031032,22135.104331852242,10600.099221903743,21962.609196392877,10537.241228358793,21715.786835309198,10447.270936738583,21437.503041066,10345.576790782257,21146.96593181441,10239.02756219388,20853.02258021521,10130.80294307443,20559.864774796595,10022.430087943518,20269.537724539812,9914.671480593941,19983.07640851981,9807.926530251325,19701.04357683443,9702.422268672532,19423.810472677917,9598.31279837992,19151.749408748565,9495.745390273738,18884.759711210827,9394.71870976174,18622.891056695895,9295.278835765099,18366.38876772908,9197.544084860081,18115.841503647378,9101.76525953468,17872.519053557357,9008.457542012506,17639.126139088785,8918.691815558683,17421.520509234822,8834.757747443971,17232.745623641393,8761.726158016672,17102.782121354838,8711.262439222488
380,1.9080980980980982,22246.87952044097,10629.860639510915,22073.295084292142,10566.739806955502,21824.91642838728,10476.393125649927,21544.88297063804,10374.274607746373,21252.525043388614,10267.28251866667,20956.745372735244,10158.61015853417,20661.76162267182,10049.791125849788,20369.6312854144,9941.591038615828,20081.395318656905,9834.410882554936,19797.619560567142,9728.478539599691,19518.677218134668,9623.948670644866,19244.942679186006,9520.969111620121,18976.31422518784,9419.538336020072,18712.841511320432,9319.702467999623,18454.771032981305,9221.580169982019,18202.694663854127,9125.42311161803,17957.889474875145,9031.74837338295,17723.07612092773,8941.630906809254,17504.147443523456,8857.36920808732,17314.22582190112,8784.053743429036,17183.473908868633,8733.394928306108
381,1.9130930930930932,22359.386792727688,10659.792192241164,22184.705751900805,10596.406921388303,21934.7603885485,10505.681564996072,21652.965585984584,10403.136104646177,21358.774705391406,10295.698478524906,21061.14649245229,10186.575676311528,20764.324654067597,10077.307778404971,20470.3790435695,9968.663555028983,20180.356634202057,9861.045577187171,19894.826370643525,9754.682581543517,19614.16343509521,9649.729790272946,19338.7443029719,9546.335607379633,19068.46620361311,9444.49831302145,18803.378770143234,9344.264076634889,18543.7296778916,9245.751908296063,18290.11403507649,9149.214349654605,18043.81624114045,9055.170390330197,17807.572987949792,8964.699073916845,17587.312440950947,8880.107777905412,17396.23642474582,8806.506732135744,17264.690826736856,8755.651647095372
382,1.9180880880880882,22472.630411449914,10689.894799482627,22296.845419647267,10626.243482293117,22045.322876034854,10535.137152933672,21761.754979955287,10432.162165632344,21465.718940754505,10324.276311360036,21166.229891931504,10214.700351322877,20867.557751669214,10104.980885934468,20571.784812724753,9995.889855745032,20279.96410102178,9887.831425867287,19992.667686285782,9781.035192274523,19710.27273740451,9675.656941343364,19433.157829906384,9571.845648212495,19161.21913353147,9469.599398271233,18894.506258739093,9368.964406285255,18633.268067888122,9270.060031798388,18378.102924030743,9173.139693320027,18130.302602053518,9078.724300564056,17892.61993512294,8987.897013106764,17671.018645363718,8902.974142402774,17478.780531556597,8829.085800325876,17346.435943654502,8778.033265358801
383,1.9230830830830832,22586.614659642928,10720.169384791781,22409.71832806001,10656.250404434872,22156.60807090782,10564.760791692433,21871.255264905623,10461.35367886591,21573.36179159044,10353.016890708805,21271.9995425919,10242.98504236436,20971.46481669125,10132.811292578339,20673.85242480867,10023.270770425937,20380.2214828761,9914.76924400154,20091.147204299796,9807.537173187946,19807.008756187082,9701.730911498882,19528.18682677104,9597.500008282532,19254.576518676888,9494.842352719572,18986.227419085386,9393.804204952214,18723.38958452104,9294.505275815805,18466.664653281063,9197.199865565386,18217.351822896042,9102.410815016137,17978.22017274038,9011.22542377456,17755.269215693792,8925.968990205962,17561.86125659125,8851.79162726856,17428.712343048755,8800.540455915983
384,1.9280780780780782,22701.34384071169,10750.616875907655,22523.32873783882,10686.428606721576,22268.62017311865,10594.55338758901,21981.470572766142,10490.711536531982,21681.707319260633,10381.921094066754,21378.45943477332,10271.430612125152,21076.049768943336,10160.799846304339,20776.58573002333,10050.807132496819,20481.132561482224,9941.859850695791,20190.268639137696,9834.18932931614,19904.37513990855,9727.952491958049,19623.83487738939,9623.299465269189,19348.541879531927,9520.227940773231,19078.545709620612,9418.784224036004,18814.097625520084,9319.088379017207,18555.80256129611,9221.395592628469,18304.96718458677,9126.230647850913,18064.37692647541,9034.685008496914,17840.067326012762,8949.093013074295,17645.481729037536,8874.624895323564,17511.523123131752,8823.173894648051
385,1.9330730730730732,22816.822278502892,10781.238204766089,22637.680929926188,10716.77901221847,22381.363402578714,10624.515851040931,22092.40505511168,10520.23663485344,21790.759604443567,10410.9898029017,21485.613577803495,10300.037927200758,21181.316546896196,10188.947398920993,20879.988596909265,10078.499779158803,20582.701136578322,9969.104068768142,20290.03572296062,9860.992469341023,20002.375554437273,9754.322477527401,19720.10558268755,9649.24480037955,19443.118753387436,9545.7569303074,19171.464605303005,9443.905218347249,18905.395604852227,9343.810083425009,18645.520002505764,9245.727604045025,18393.15198373737,9150.184516476806,18151.0934374363,9058.276473042557,17925.41616558587,8972.346905910605,17729.645093066512,8897.586289951923,17594.871396953436,8845.934260508198
386,1.9380680680680682,22933.054317377188,10812.034307514004,22752.779205578816,10747.302548162135,22494.841999230106,10654.649096580575,22204.06288323092,10549.929874104704,21900.522747203155,10440.223902667287,21593.466000065288,10328.807858106326,21287.269107747703,10217.254806090688,20984.06491241049,10106.34955140192,20684.93102598746,9996.50272476162,20390.452205701527,9887.947405606532,20101.013683106237,9780.841666613753,19817.002560754998,9675.336798360404,19538.31069440228,9571.430092677576,19264.987597669344,9469.167946118623,18997.286952779494,9368.671134426648,18735.820347358018,9270.196632660081,18481.90953270837,9174.273141557323,18238.372962221332,9082.000526383215,18011.31893892625,8995.731366772026,17814.354507886037,8920.676499726567,17678.760292454528,8868.822235532236
387,1.9430630630630632,23050.044322281556,10843.006124523728,22868.627886439346,10778.000145974702,22609.06022311639,10684.954042869156,22316.448248196026,10579.792158625514,22011.000867057293,10469.624282816547,21702.02074906414,10357.74127928999,21393.91142748921,10245.722927342815,21088.818581939668,10134.35729401801,20787.826065681667,10024.05664895688,20491.52185512824,9915.054954131136,20200.293226774935,9807.510861236478,19914.529446905533,9701.576247510335,19634.121273663288,9597.24820273146,19359.118194893865,9494.57316901657,19089.775115916935,9393.672280786075,18826.70698237595,9294.803414639242,18571.24315966521,9198.49724702219,18326.218772974025,9105.857880704578,18097.778865849275,9019.247096880808,17899.613147794396,8943.896216342975,17763.19295251965,8891.83850484914
388,1.9480580580580582,23167.796678821873,10874.154600407333,22985.2313146082,10808.872741278054,22724.022354453464,10715.431612710756,22429.565360932447,10609.824396834743,22122.19810304654,10499.191836815487,21811.281891495553,10386.839069146246,21501.24750097197,10274.352626086918,21194.25352944344,10162.523855613685,20891.3901098462,10051.766675384926,20593.24845690663,9942.315934620345,20300.217903891513,9834.330867039818,20012.68989373833,9727.963939691843,19730.554079245307,9623.212038820862,19453.85992184732,9520.121652153022,19182.863557290682,9418.814274655306,18918.18331021488,9319.54868948006,18661.156208634442,9222.857560078513,18414.634157438435,9129.849251417292,18184.79918152699,9042.894800635113,17985.42420223402,8967.246134629886,17848.17253503055,8914.983756691649
389,1.9530530530530532,23286.31579333564,10905.480684031028,23102.593852715643,10839.921273908078,22839.73269370064,10746.082733066374,22543.4184522889,10640.027501244269,22234.11861380292,10528.927462156757,21921.253513312848,10416.102110029382,21609.281341973685,10303.14476962589,21300.37369746786,10190.850088623272,20995.627030943895,10079.633641839891,20695.63581466386,9969.731170479256,20400.79145055502,9861.302493305235,20111.487571199137,9754.500670343476,19827.612716271342,9649.322382813654,19549.216320156214,9545.814164097139,19276.555756396177,9444.097871585964,19010.252749719584,9344.433200023403,18751.652039560075,9247.354811221978,18503.622419014555,9153.975357167985,18272.383136542743,9066.675185619904,18071.790875845352,8990.726952559995,17933.702212919437,8938.258682406877
390,1.9580480480480482,23405.606092964907,10936.985328529552,23220.719883993945,10871.146687928955,22956.195561631834,10776.908335068023,22658.011773107457,10670.4023884728,22346.766577618964,10558.832060373254,22031.939719794973,10445.531288266879,21718.016983265265,10332.100229169184,21407.18304722404,10219.33684932184,21100.54071977965,10107.658389891805,20798.687750051846,9997.30148882515,20502.017620577768,9888.426552963785,20210.926166641642,9781.187238492006,19925.300806972955,9675.580020105737,19645.190948262058,9571.65147688709,19370.855209256526,9469.523830540882,19102.918735981748,9369.45769246485,18842.734028360024,9271.989734248067,18593.1868768139,9178.236919850311,18360.533996945876,9090.588962617818,18158.71638852084,9014.339371260696,18019.7851742225,8961.66397646695
391,1.9630430430430432,23525.672025729225,10968.66949132064,23339.61381234978,10902.549931647436,23073.415299406955,10807.909354032836,22773.349594293853,10700.949979259838,22460.146192516844,10588.906537051838,22143.344635614576,10475.1274941729,21827.45847667771,10361.219879846065,21514.685558653928,10247.98499783821,21206.13508556517,10135.84176489942,20902.408102810874,10025.027720500082,20603.900185547882,9915.703862608523,20311.009384888956,9808.024446764637,20023.62199075071,9701.98573963305,19741.78738148089,9597.634366041864,19465.765428480976,9495.092913905704,19196.18472039744,9394.622916366114,18934.40556698271,9296.763066263298,18683.330865715205,9202.634664615993,18449.2550443066,9114.63684562006,18246.20397545904,9038.084095024848,18106.424622133476,8985.200336479676
392,1.9680380380380382,23646.518060598934,11000.53413411947,23459.28006243671,10934.13195762721,23191.396268643464,10839.086729477232,22889.43620688799,10731.671198479577,22574.261676317652,10619.151801847065,22255.472404906126,10504.891622061801,21937.609893169123,10390.504600718888,21622.885230496235,10276.795398168042,21312.414055983754,10164.184616023063,21006.800730833285,10052.910700083525,20706.442934891955,9943.13524250692,20411.740948295217,9835.013101401211,20122.579924234753,9728.54033388358,19839.00921206288,9623.763610573096,19561.289943323536,9520.805887500526,19290.054170724783,9419.929624666494,19026.67006346378,9321.675547696497,18774.057736420236,9227.169319885947,18538.549575770947,9138.819551837334,18334.256887218846,9061.961831321545,18193.623775057367,9008.868463199218
393,1.9730330330330332,23768.148687568526,11032.580222953202,23579.723079727886,10965.893722703286,23310.142851488046,10870.441405131098,23006.275922134413,10762.566975154907,22689.11726671095,10649.568768494904,22368.327191334276,10534.824570261628,22048.47532289194,10419.955274796417,21731.786080352467,10305.768918186905,21419.38157725524,10192.6877962375,21111.869510227436,10080.951265905038,20809.649675937882,9970.721516613332,20513.1245968074,9862.15401226648,20222.178281345594,9755.244598909432,19936.86004925202,9650.039992996923,19657.43229974174,9546.663520591568,19384.53057114175,9445.378573694372,19119.530941982935,9346.727922310101,18865.37085550971,9251.841617361386,18628.4209041159,9163.137801710807,18422.87838977386,9085.973290806945,18281.38586666429,9032.669060536808
394,1.9780280280280282,23890.5684177302,11064.808728175492,23700.947330588904,10997.836187996369,23429.659450688516,10901.974328952,23123.873071553175,10793.638242471383,22804.71722132428,10680.158354826555,22481.91317816232,10564.927241127694,22160.05887526026,10449.572789047135,21841.392144753154,10334.90642966339,21527.04161420116,10221.352162344845,21217.61833538165,10109.150260056951,20913.524233977798,9998.46351258147,20615.164088027217,9889.447992862368,20322.420753354967,9782.099334338895,20035.34351934605,9676.464299345878,19754.196060455502,9572.666585902869,19479.61742230408,9470.970523178688,19212.991642920937,9371.920937211464,18957.273605499413,9276.652292034974,18718.87235780457,9187.592318923082,18512.071764566856,9110.11918733508,18369.714145943464,9056.602835571483
395,1.983023023023023,24013.781783347582,11097.220624481084,23822.957302350835,11029.960318927328,23549.95048966579,10933.686453139437,23242.23200701072,10824.88593779129,22921.065817793064,10710.92148278224,22596.234568320808,10595.200541056176,22272.36467901729,10479.358034412639,21951.707479224242,10364.208808272286,21635.39815030997,10250.178574987498,21324.0511190284,10137.508528407074,21018.0704523312,10026.362061776928,20717.863197273164,9916.8958603403,20423.311048946853,9809.105343388566,20134.463265756447,9703.037319180787,19851.584805006154,9598.815859627986,19575.318241403333,9496.706236260492,19307.05562291671,9397.255342864208,19049.769384896364,9301.602082201971,18809.90728104156,9212.183830409185,18601.840308564413,9134.400237968743,18458.61187725729,9080.670498560845
396,1.988018018018018,24137.793337929594,11129.816890920403,23945.757503383375,11062.267085231642,23671.020412586124,10965.57873414911,23361.357100790992,10856.311002667693,23038.167353830468,10741.859078425023,22711.295584476393,10625.645380497717,22385.39688230307,10509.311905821021,22062.73615835359,10393.67693360774,21744.455187802472,10279.167898661095,21431.171792308676,10166.026920611474,21123.292192408197,10054.417999289715,20821.225717642694,9944.49843551353,20524.85289427864,9836.26343287547,20234.222949068557,9729.759845602706,19949.602129815627,9625.112121441754,19671.63656222505,9522.586479504482,19401.72635492454,9422.731893099586,19142.86160825517,9326.69172947145,18901.52903382848,9236.913066367617,18692.18733431165,9158.817162990345,18548.082340395566,9104.872762951847
397,1.993013013013013,24262.60765630449,11162.598510914193,24069.352463168216,11094.757460973924,23792.873684433453,10997.652132707235,23481.252745666665,10887.914382858511,23156.02614729752,10772.972071954735,22827.10046910073,10656.262673971081,22499.159652722217,10539.435302200292,22174.48227585764,10423.311689196451,21854.216747697345,10308.32100172751,21538.984304836405,10194.70629012723,21229.193333772848,10082.63216394682,20925.255460074564,9972.25654286949,20627.050033042426,9863.574413229228,20334.626247101918,9756.6326752649,20048.251648245692,9651.556154512042,19768.575935207093,9548.612022910596,19497.007328271506,9448.351345127894,19236.553706234467,9351.921978777507,18993.740992019513,9261.780760271398,18783.116169987035,9183.370685912836,18638.12883062981,9129.210345391579
398,1.998008008008008,24388.22933469411,11195.566472268194,24193.74673237253,11127.432424562423,23915.514791081903,11029.907613824887,23601.92335497054,10919.697028340677,23274.646536273343,10804.261397721833,22943.65348453958,10687.053340076833,22613.657177411897,10569.72912649186,22286.949944648255,10453.113962510934,21964.6868698769,10337.638756427868,21647.492624763057,10223.547494225253,21335.777774206752,10111.00539832482,21029.956253411354,10000.17101058219,20729.90622652647,9891.039098504236,20435.67685497064,9783.656608384821,20147.53699065742,9678.148745511568,19866.139927498112,9574.783639925614,19592.902048714946,9474.114459549892,19330.84912565352,9377.293578390507,19086.546547377144,9286.787648879137,18874.630159457414,9208.061533490638,18728.754658767743,9153.683965738119
399,2.003003003003003,24514.662990788212,11228.721767187842,24318.944882922675,11160.29295876363,24038.948239368452,11062.346146812375,23723.37336266714,10951.659893324291,23394.03287912564,10835.72799424136,23060.95891308208,10718.018301511036,22728.89366310995,10600.194285663987,22400.14329689965,10483.084644982762,22075.869613152874,10367.122038895592,21756.7007388424,10252.551394003112,21443.049429772684,10139.538548762488,21135.331944461985,10028.242670524643,20833.425253676724,9918.658306391893,20537.378485143992,9810.832448756126,20247.461804470724,9704.890684629709,19964.332123016073,9601.102107454775,19689.414038500086,9500.022000368224,19425.751329548908,9402.807279928344,19179.94910762804,9311.93447224614,18966.732662333096,9232.890435730586,18819.963151207874,9178.294347071389
400,2.007997997997998,24641.91326381903,11262.065392292998,24444.95150807803,11193.340050716854,24163.17855716582,11094.968705293648,23845.607223424402,10983.803936266793,23514.18955458118,10867.372804206901,23179.02105703013,10749.15848507902,22844.873336223096,10630.831690725328,22514.066484115567,10513.22463201587,22187.769055332465,10396.771729169479,21866.61265249541,10281.718854397895,21551.012234878435,10168.232465373456,21241.386398064555,10056.472358281302,20937.61091115861,9946.43285823285,20639.73486750707,9838.16100376072,20348.029754224044,9731.782765584347,20063.156122507018,9627.568205873456,19786.546836417812,9526.074734998914,19521.26379723141,9428.463838367737,19273.952096519,9337.221973735528,19059.42705402309,9257.858125902914,18911.7576499942,9203.042215704018
401,2.012992992992993,24769.984814636013,11295.598348632711,24571.771222504973,11226.574691948854,24288.21029345543,11127.776267220714,23968.629412685572,11016.130119887182,23635.12096179658,10899.196774504577,23297.844238767997,10780.474821709126,22961.600442895386,10661.642256738467,22628.723677196514,10543.534822999887,22300.389293284476,10426.588711206803,21977.232389875335,10311.050744199109,21659.670142340776,10197.088002058892,21348.123497149216,10084.860913160539,21042.467013418816,9974.363579029257,20742.749749421633,9865.643084380834,20449.244521634202,9758.82578563375,20162.615543603868,9654.182719038849,19884.30399786255,9552.273434282859,19617.390024342938,9454.264012055566,19368.5589538731,9362.650900029394,19152.716725790466,9282.965340552279,19004.141512871047,9227.928301192258
402,2.017987987987988,24898.88232578068,11329.32164170004,24699.40866235108,11259.997878388489,24414.04801840058,11160.769814888132,24092.444426741265,11048.639411180295,23756.831520429158,10931.200856227058,23417.432800831986,10811.968246466515,23079.079249076778,10692.626902833483,22744.119066507195,10574.016121323473,22413.73444300561,10456.57387289647,22088.563993932843,10340.547936061583,21769.02712344953,10226.106016520207,21455.547142801195,10113.409178207141,21147.99739274733,10002.451297457068,20846.426895787077,9893.279505211114,20551.109805656324,9786.020545588472,20262.71402088545,9680.946434301666,19982.689094890273,9578.618872497356,19714.133522913664,9480.20856272019,19463.77313564591,9388.222001139975,19246.605084807823,9308.212819508757,19097.11811333802,9252.953336346905
403,2.022982982982983,25028.610501561685,11363.23628144685,24827.868485319465,11293.610610381447,24540.69632341978,11193.950334947494,24217.056782801654,11081.332781431052,23879.32567070801,10963.386004687656,23537.79110598038,10843.639698567005,23197.31404059178,10723.78655222158,22860.256861944075,10604.669434387708,22527.80863968691,10486.728106072158,22200.611526481378,10370.21130651843,21879.087168031838,10255.287370271799,21563.661254324004,10142.11800021483,21254.20589933955,10030.69684587837,20950.770089101567,9921.071084470743,20653.629322543966,9813.367849823284,20363.45520593557,9707.86014251789,20081.705716276705,9605.111827367642,19811.497821419227,9506.298255482834,19559.59811398185,9413.936030420868,19341.0955542129,9333.601305898921,19190.690840705098,9278.118057244255
404,2.027977977977978,25159.174068130007,11397.34328229871,24957.155370743254,11327.413892704937,24668.159821260248,11227.31881842197,24342.471019068864,11114.211206228818,24002.607873505236,10995.753179434383,23658.923537263425,10875.490121390914,23316.309123208444,10755.12213220869,22977.141293003086,10635.495673619505,22642.616037780368,10517.052306525507,22313.379068262657,10400.041735994027,21989.854284516572,10284.632928653786,21672.469769302745,10170.988229738827,21361.096401358544,10059.101060353743,21055.783129523217,9949.018644015603,20756.80680590934,9840.868506289116,20464.84276740227,9734.92463806051,20181.357467575548,9631.753080078468,19909.4864648381,9532.533858868974,19656.037377270677,9439.79374457823,19436.19157316433,9359.13154615691,19284.863100147817,9303.423203237071
405,2.032972972972973,25290.577773554338,11431.643663169763,25087.27401966026,11361.408734582468,24796.443146071564,11260.876260720872,24468.69169480947,11147.275665481684,24126.6826104072,11028.303344264086,23780.83449809354,10907.520462496963,23436.06882270729,10786.634574209162,23094.776608847533,10666.495754485059,22758.16081106565,10547.547374019363,22426.87071901228,10430.040108817007,22101.332499998833,10314.143560844852,21781.976643667564,10200.020721108443,21468.672784997507,10087.664780654615,21161.46983493149,9977.123009350436,20860.64600678366,9868.523326525048,20566.8803910572,9762.140718831322,20281.647971176903,9658.543415285709,20008.10301470906,9558.91614481975,19753.09443020414,9465.795903682052,19531.896596897444,9384.804290035538,19379.638312762636,9328.869516965593
406,2.0379679679679676,25422.82638789664,11466.13844747767,25218.22915488784,11395.596149698618,24925.55095347946,11294.62366165423,24595.723390427203,11180.527143430896,24251.554383786155,11061.037467236578,23903.52841231563,10939.731673636206,23556.597484950515,10818.324813759455,23213.167078376133,10697.670596503303,22874.447152716984,10578.214212301007,22541.090597525494,10460.20731323329,22213.525860304653,10343.820139875019,21892.185851757273,10229.216332439677,21576.938954542275,10116.388850275684,21267.834040988757,10005.385009641062,20965.150693677664,9896.333125670313,20669.57177985513,9789.509186272759,20382.58086636585,9685.483621127973,20107.351049188826,9585.44588870342,19850.77279383266,9491.943271177406,19628.21409678031,9410.6202906174,19475.01991562235,9354.457744368558
407,2.042962962962963,25555.92470328785,11500.82866315857,25350.025521097847,11429.97715621389,25055.48792065987,11328.562025447443,24723.570707535808,11213.966628665245,24377.227716871883,11093.956520688838,24027.00972427765,10972.12471076596,23677.899475951315,10850.193790531846,23332.31699029114,10729.021123259421,22991.479275370224,10609.053729115445,22656.042841723178,10490.544241419157,22326.438430055852,10373.663542638515,22003.10138638309,10258.575925647865,21685.898832434003,10145.274116447341,21374.879601201897,10033.8054777266,21070.32465264226,9924.298722476326,20772.920653993595,9817.030845379697,20484.159809381068,9712.574489238268,20207.23416310981,9612.12386932685,19949.07600562225,9518.236613895768,19725.147560369787,9436.58030432605,19571.011361831683,9380.188634694247
408,2.0479579579579577,25689.87753400375,11535.715342682066,25482.667884891835,11464.552776779532,25186.25874641302,11362.692360755922,24852.23826903205,11247.595114135502,24503.707153823514,11127.061481249213,24151.282898901187,11004.700534063804,23799.979181943396,10882.242448348206,23452.23065316672,10760.54826241836,23109.261411190022,10640.066836218719,22771.731608717837,10521.051789494331,22440.074292734917,10403.67464990664,22114.727258892526,10288.100366460321,21795.556359332033,10174.321430148138,21482.61038698411,10062.385250131734,21176.17168732926,9952.42093931874,20876.93075097267,9844.70650471135,20586.38847347369,9739.816814755668,20307.755968037945,9638.950868946953,20048.007619511493,9544.676702066332,19822.70049146781,9462.685090937155,19667.616120582996,9406.062940511554
409,2.052952952952953,25824.68971654105,11570.799523066258,25616.161034876375,11499.324038552451,25317.86815123775,11397.015680679784,24981.73071916887,11281.41359716889,24630.997259801592,11160.35332985167,24276.35242175236,11037.46010794159,23922.841009450607,10914.471735193765,23572.91239551741,10792.252945738417,23227.797811937155,10671.254449391221,22888.16107487983,10551.730857535098,22554.4375507502,10433.854346340691,22227.06749923342,10317.790524429069,21905.915494176836,10203.531646117279,21591.030287716832,10091.12516707898,21282.69561905233,9980.700602209554,20981.60582565487,9872.536976403147,20689.270548966222,9767.21139633702,20408.92009233072,9665.92767328226,20147.571205968674,9571.264309327365,19920.87641017772,9488.9354135897,19764.837677212126,9432.081417721096
410,2.0579479479479477,25960.36610969357,11606.082245892796,25750.509781738536,11534.291973210122,25450.32087740602,11431.533002778582,25112.052723628767,11315.423079483593,24759.10262104014,11193.833051750045,24402.222799112693,11070.40440105948,24046.489385356697,10946.88260323094,23694.36656586675,10824.1361090848,23347.09274903604,10702.617488451087,23005.335435903766,10582.582349587454,22669.53232550112,10464.203520504872,22340.1261560181,10347.64727294353,22016.980214253126,10232.905622867112,21700.143210811824,10120.02607250102,21389.900286848,10009.13854080919,21086.94965032521,9900.523076178626,20792.8097433116,9794.759036168662,20510.73018119532,9693.055071524435,20247.77035204901,9598.000212737565,20019.67885296074,9515.332038797227,19862.679533254304,9458.244825566317
411,2.062942942942943,26096.91159462866,11641.564557321974,25885.71895832158,11569.457616965532,25583.621689037496,11466.245349086043,25243.20896959725,11349.624567203284,24888.027844919034,11227.501636532372,24528.898558050325,11103.534386340021,24170.92875697532,10979.476008813162,23816.597532816057,10856.198692443253,23467.15051364235,10734.156877267575,23123.258906875013,10613.607173680277,22785.36275744363,10494.723064879267,22453.907296587717,10377.67148924329,22128.75451525311,10262.444222695696,21809.95308177334,10149.08881405302,21497.78954753685,10037.73558843865,21192.96601475134,9928.66562336142,20897.00978115241,9822.46053997818,20613.189896746837,9720.333856349856,20348.608661452072,9624.885192787482,20119.111372692605,9541.875736459067,19961.14520650027,9484.553926644647
412,2.0679379379379377,26234.331074963706,11677.247508107852,26021.793419700745,11604.82201058218,25717.77537217439,11501.153746124868,25375.204165836505,11384.019070871685,25017.777560036444,11261.360078135209,24656.38424649126,11136.851040982245,24296.163592120083,11012.252912498776,23939.609685113384,10888.441639933722,23587.975416710808,10765.873543774504,23241.93572233632,10644.806241838553,22901.933006155665,10525.413875872806,22568.415007076674,10407.864054430871,22241.242411339877,10292.148311699342,21920.463844260492,10178.314243125003,21606.367275784833,10066.492582091694,21299.658726243902,9956.965440887192,21001.87440438019,9850.316717046198,20716.302918066718,9747.764823931218,20450.089754579236,9651.920033410925,20219.177538720287,9568.567279871624,20060.238231052426,9511.009486918665
413,2.072932932932933,26372.629476842874,11713.132153613413,26158.738043259294,11640.386199389079,25852.786734856432,11536.25922492154,25508.04304275923,11418.607605467165,25148.356416281527,11295.409374857994,24784.684433290786,11170.355346475817,24422.198379174843,11045.214279064923,24063.407431722593,10920.865899824003,23709.57178906313,10797.76841998369,23361.370136354635,10676.180470096566,23019.247250402925,10556.276853836313,22683.653392477267,10438.22585348453,22354.44793521092,10322.01875978525,22031.67946014973,10207.703214854253,21715.637364164708,10095.410362446999,21407.031609716956,9985.423355315657,21107.407372194928,9878.328380218165,20820.072941261253,9775.348773949143,20552.217268591372,9679.10552199641,20319.880936918857,9595.407445739662,20159.962157381222,9537.61227572729
414,2.0779279279279277,26511.811749014025,11749.21955382576,26296.55772876462,11676.151233295814,25988.660607195987,11571.562821021182,25641.730352502607,11453.391190417382,25279.76908490714,11329.650529377464,24913.803708305117,11204.048288615177,24549.03762716408,11078.361077521486,24187.995201892583,10953.472424543463,23831.943981456065,10829.842441998433,23481.566422588046,10707.7307785112,23137.309688204652,10587.312903075534,22799.626576704388,10468.757775271097,22468.375138161824,10352.056440684075,22143.603909597452,10237.256588137709,21825.603723217664,10124.48977388041,21515.088507748547,10014.04019684258,21213.612461164634,9906.496345916195,20924.50367952022,9803.086509603818,20654.994857466572,9706.44244939865,20421.225169748457,9622.397014187629,20260.320552381534,9564.36306579701
415,2.082922922922923,26651.88286290573,11785.510773371316,26435.25739844463,11712.118166807615,26125.401841453335,11607.065574502436,25776.270869002456,11488.370849613915,25412.020258602854,11364.084548762063,25043.746682463134,11237.93085751376,24676.685865823514,11111.694281125046,24313.3774452267,10986.26217069678,23955.096364649682,10862.096550027034,23602.52887435292,10739.45809117521,23256.124536899646,10618.522931864209,22916.338702660414,10499.460712558839,22583.028090150085,10382.26223196263,22256.24119110275,10266.975225644414,21936.27028151497,10153.731664477147,21623.83328064142,10042.816799311833,21320.49346528505,9934.821434150916,21029.598863175677,9830.978837626682,20758.426192058057,9733.931609950028,20523.213856311457,9649.536768771019,20361.316999429313,9591.262633253116
416,2.0879179179179177,26792.847812704527,11822.006881531106,26574.84199706418,11748.288059040486,26263.01531211215,11642.768529992374,25911.669388067534,11523.54761142698,25545.114651568034,11398.712444486395,25174.517987838277,11272.004047618208,24805.147645670757,11145.214867392884,24439.55863175226,11019.236099077692,24079.033329475733,10894.531688396328,23724.261804691076,10771.363336230539,23375.696033212378,10649.907852457174,23033.793932300283,10530.335562030337,22698.410879859,10412.637015036527,22369.59532157031,10296.859993828,22047.640985719896,10183.136886044109,21733.269806483855,10071.754000227465,21428.054196039546,9963.30446853335,21135.36223976085,9859.026568292109,20862.514960152163,9761.573801472137,20625.850632409674,9676.827496487731,20462.955098438237,9618.311757630976
417,2.092912912912913,26934.71161543228,11858.708952256022,26715.31649200179,11784.661973736334,26401.505915955135,11678.672736681438,26047.930727454015,11558.922508720128,25679.05699958512,11433.53523244574,25306.122277720613,11306.26885772262,24934.427538076245,11178.923818116997,24566.543251990264,11052.395174682817,24203.759286906177,10927.148805565257,23846.76954643724,10803.447445881682,23496.028433319247,10681.468581103494,23151.996446696587,10561.383224295401,22814.5276147618,10443.18167518291,22483.67033637344,10326.911762939182,22159.719800649676,10212.706294122141,21843.40198121064,10100.852640765797,21536.298482459075,9991.94627628682,21241.797574069195,9887.23051542914,20967.26486652655,9789.369825287327,20729.1391506017,9704.269987789463,20565.23846591656,9645.511221887307
418,2.0979079079079077,27077.479311023755,11895.618064182143,26856.68587332643,11821.240979278142,26540.87857213977,11714.77924833843,26185.059726940093,11594.496578865012,25813.852060093068,11468.553932970557,25438.564226689097,11340.726290982864,25064.530135334233,11212.822119378157,24694.335817025218,11085.74036672546,24329.2786681219,10959.948854138465,23970.056452286557,10835.711356409025,23617.126012914996,10713.206038059612,23270.950446104962,10592.604603904028,22931.38242118588,10473.897101553168,22598.470289417262,10357.13140703827,22272.510709337635,10242.440747998387,21954.233718664243,10130.113565787555,21645.230171182324,10020.747688258902,21348.90864821355,9915.591496433219,21072.679633008407,9817.320486230272,20833.083080260447,9731.86503659314,20668.17073502404,9672.86181241152
419,2.102902902902903,27221.15596240436,11932.735300646098,26998.95515387453,11858.026148705203,26681.138222274345,11751.089123325502,26323.06124840079,11630.270863756165,25949.504612260927,11503.769570841034,25571.84853068392,11375.377354930853,25195.460050734007,11246.910761559993,24822.940858575163,11119.272648649463,24455.595924581496,10992.932790879928,24094.126894862275,10868.156008182294,23738.993067279276,10745.121147602535,23390.660150029464,10624.00060935933,23048.979444377183,10504.784187185693,22713.999253202004,10387.519804007741,22386.017713095483,10272.341110718608,22065.768950655958,10159.537623850018,21754.85312651595,10049.709538933348,21456.699261685448,9944.110332277975,21178.76299853288,9845.426592659564,20937.68610763074,9759.613440292358,20771.755555629035,9700.364319037035
420,2.1078978978978977,27365.746655568048,11970.061749700442,27142.129369327173,11895.018559728336,26822.289830493984,11787.603424613228,26461.94017588294,11666.246409825826,26086.019457061608,11539.18317530167,25705.979907079065,11410.223061488929,25327.221918631203,11281.190739363106,24952.3629290618,11152.992998143094,24582.715528090273,11026.101576726602,24218.985266783577,10900.78234567395,23861.633911343397,10777.214838043066,23511.129797288228,10655.57215313059,23167.322848564676,10535.843829018679,22830.26131888641,10418.077835564809,22500.24483157567,10302.408249099588,22178.011627027343,10189.125667219192,21865.17123049495,10078.832666442084,21565.17323141453,9972.787847527008,21285.51871920162,9873.688956469348,21042.951935887075,9787.515999768846,20875.996594365697,9728.019535052657
421,2.112892892892893,27511.256499655352,12007.598504129088,27286.2135782874,11932.219294745175,26964.338383536993,11824.323219795651,26601.70141568028,11702.424268058776,26223.401417345784,11574.795780075898,25840.963094755003,11445.264426984217,25459.820394519287,11315.663051819205,25082.606601680833,11186.902397152964,24710.6419708694,11059.456176802132,24344.635980733594,10933.591317472681,23985.05287975711,10809.48804173902,23632.363646079193,10687.320151666261,23286.416817025023,10567.076927902937,22947.260596351378,10448.80638727403,22615.196102833957,10332.643033741513,22290.965715711744,10218.878551882019,21976.188382943197,10108.117912577234,21674.334391828095,10001.624870345722,21392.950568341435,9902.108393100953,21148.88428519149,9815.573519403977,20980.897534691303,9755.828257213972
422,2.1178878878878877,27657.690627031654,12045.346661462732,27431.212862357665,11969.629440855482,27107.288890821306,11861.249581105387,26742.349896408705,11738.805494007222,26361.655337915938,11610.608423380723,25976.802854171532,11480.502472163045,25593.26015510124,11350.328702305302,25213.676470472394,11221.001831897978,24839.37976562519,11092.99756043054,24471.08346952748,10966.583876296874,24109.254326955648,10841.941695108513,23754.36597404598,10719.245525407006,23406.26555214739,10598.484388614715,23065.00121426366,10479.706348559928,22730.87558339209,10363.04633904041,22404.635202795926,10248.797137558593,22087.908501534104,10137.566122803133,21784.18659491081,10030.622232513157,21501.062336563038,9930.685721554588,21255.486892751553,9843.786807090279,21086.462076943717,9783.791285754745
423,2.122882882882883,27805.054193365573,12083.307323994353,27577.132326217565,12007.250089876483,27251.14638452106,11898.38358542878,26883.890569081777,11775.391147805698,26500.78608560065,11646.622147941402,26113.50396744083,11515.938222205397,25727.545898361328,11385.1886985579,25345.577150391637,11255.29229288328,24968.93344561852,11126.726701149977,24598.332186180745,10999.760979008139,24234.24262722685,10874.576738643249,23877.141078343935,10751.349198798804,23526.87327549838,10630.067119868587,23183.487320139735,10510.778612719676,22847.287348300615,10393.619043200599,22519.02409258184,10278.882287714434,22200.33552185138,10167.178146268398,21894.73371026454,10059.780769433883,21609.857831820023,9959.421764401017,21362.7635128785,9872.156674242964,21192.69393839894,9811.909424398367
424,2.1278778778778777,27953.352377707553,12121.481598794726,27723.977097701652,12045.082338358217,27395.915919643434,11935.726314321062,27026.328407186276,11812.182294186037,26640.798549328953,11682.838001006141,26251.071238400622,11551.572706739355,25862.682343637105,11420.244052687234,25478.313277379544,11289.774774914284,25099.30756473442,11160.644576726503,24726.38660397765,11033.123586624864,24360.022174778445,10907.394116921845,24000.693275706275,10783.632100306038,23648.244227887077,10661.826034330343,23302.723080409804,10542.02407693576,22964.43549120181,10424.362028247184,22634.136407648566,10309.134869572756,22313.47339744997,10196.954835818013,22005.979625168216,10089.10132014988,21719.340879467847,9988.317347793281,21470.717917045473,9900.683935811523,21299.596853328836,9840.183480369318
425,2.132872872872873,28102.590382568604,12159.870597727959,27871.752327877406,12083.127287598983,27541.602574105542,11973.278854021559,27169.668406758006,11849.180002492316,26781.697640204904,11719.257034360848,26389.509492687466,11587.406959855616,25998.67423169147,11455.495781191525,25611.889508433844,11324.450277110684,25230.506697551817,11194.752169167887,24855.251216539793,11066.672664335778,24486.59738380551,10940.394778623193,24125.026902510446,10816.09516242465,23770.382669430284,10693.762048629918,23422.712680481905,10573.443642288714,23082.324124392766,10455.276180038552,22749.97618891436,10339.55575412677,22427.326099917038,10226.897048005443,22117.928244638017,10118.584727352478,21829.515322323063,10017.37330147846,21579.353893945914,9929.369410291303,21407.174573058957,9868.614264404647
426,2.1378678678678678,28252.77343399921,12198.475437467101,28020.46319112345,12121.386043660741,27688.21144881158,12011.042295468907,27313.915586457722,11886.38534669586,26923.48829158224,11755.88030434389,26528.823577810297,11623.442020122022,26135.52632478498,11490.944904971278,25746.31052168002,11359.319802920532,25362.535439413386,11229.05046473743,24984.93053789484,11100.409181513556,24613.97268855805,10973.579676539846,24250.14631484453,10848.739321695288,23893.29287961791,10725.876083374336,23543.460324806238,10605.038213769845,23200.957378888615,10486.362388278905,22866.54749569884,10370.145816152046,22541.897618933253,10257.005643104763,22230.583491487556,10148.231837394278,21940.385020722584,10046.590458809436,21688.675249552085,9958.213919735128,21515.43086602652,9897.202590765482
427,2.1428628628628625,28403.906781668407,12237.297239509722,28170.11488520784,12159.859717384597,27835.747667730087,12049.017734316332,27459.074987647207,11923.799405410296,27066.175459139387,11792.708871860892,26669.01836322403,11659.67893059812,26273.243406748286,11526.59244934363,25881.581016442604,11394.38436013432,25495.398406495664,11263.540453967838,25115.42910254537,11134.334111728474,24742.152543408676,11006.949767591424,24376.05588857388,10881.565518716518,24016.97915737841,10758.169063160687,23664.97023693957,10636.808700294006,23320.3394044859,10517.62154653083,22983.85440578528,10400.905934218832,22657.191962334007,10287.281485122836,22343.949306388167,10178.043500301175,22051.953852583127,10075.969656756706,21798.685807173657,9987.218289764945,21624.369517838437,9925.949277248583
428,2.1478578578578578,28555.995698943072,12276.337130193591,28320.712631366605,12198.549424406316,27984.21637797139,12087.206270946954,27605.151674465535,11961.423261906617,27209.76412095436,11829.74380239958,26810.09874040337,11696.118738849751,26411.83028305469,11562.439444056674,26017.7057133165,11429.644960899099,25629.100235879145,11298.22313167511,25246.751465537953,11168.448432762052,24871.14142292054,11040.50601283805,24502.76001940788,10914.574698158041,24141.44582114448,10790.64191658914,23787.246659609762,10668.756014712395,23440.474369826054,10549.0545522279,23101.901015483123,10431.836990704478,22773.21315617092,10317.725441811494,22458.029647929412,10208.020569784312,22164.22571346075,10105.511735920178,21909.389407516508,10016.383349583484,21733.994331329573,9954.855145197876
429,2.1528528528528525,28709.04548296729,12315.59624071233,28472.261674382404,12237.456285171827,28133.62274986523,12125.609010489095,27752.15073390556,11999.258004128273,27354.25927758004,11866.986166044635,26952.069622916842,11732.762496963687,26551.29178089289,11598.486923303868,26154.689354238555,11465.102621732643,25763.645585618695,11333.09949697245,25378.90220253224,11202.753126620752,25000.9438219153,11074.249377493825,24630.263122966804,10947.767808773931,24266.697208918817,10823.29557627598,23910.293854780535,10700.881073825374,23561.36646245907,10580.662306687256,23220.691439690527,10462.939871805815,22889.96524477339,10348.338384679746,22572.82849267972,10238.163903252127,22277.204516610578,10135.217540541033,22020.789908741608,10045.709931985966,21844.309126621054,9983.921019516063
430,2.1578478478478478,28863.061454741983,12355.075707131125,28624.76728266336,12276.58142495281,28283.97197703852,12164.227062831673,27900.07727589045,12037.304724706313,27499.665952119485,11904.437037492584,27094.935946500806,11769.611261562264,26691.632749239892,11634.735925738432,26292.536702559235,11500.758363537616,25899.039134814004,11368.170553284219,25511.885909870325,11237.249179549697,25131.56425554135,11108.18083094032,24758.569634848885,10981.14580341591,24392.73767834006,10856.130978866655,24034.116103716227,10733.18479839532,23683.019888907224,10612.44571512227,23340.229811957113,10494.215467551621,23007.452290810324,10379.121189006033,22688.349835247056,10268.47436182239,22390.894193046573,10165.087918513602,22132.891186524033,10075.198873371797,21955.317741178747,10013.147728676222
431,2.1628428428428426,29018.048959204672,12394.776670402505,28778.234748322084,12315.925973862313,28435.269276493294,12203.061542639562,28048.9364333504,12075.564520974545,27645.9891903015,11942.097496066748,27238.702669133832,11806.666093818087,26832.858058934034,11671.187494487798,26431.25254311444,11536.613211615784,26035.285583680245,11403.43730835991,25645.707204646205,11271.937582046427,25263.00725934208,11142.301346740112,24887.684010697434,11014.709639046683,24519.571606748854,10889.149065048878,24158.71770704684,10765.668113159494,23805.438874729,10644.40568665522,23460.52028454683,10525.66467181508,23125.678375351952,10410.07473385049,22804.597688339833,10298.952810334302,22505.298691601536,10195.123721397245,22245.69713411212,10104.851013756333,22067.02402987183,10042.536104733435
432,2.167837837837838,29174.013365309398,12434.70027638209,28932.66938725486,12355.49106687035,28587.51988868484,12242.11356936904,28198.733362299638,12114.038494984734,27793.23406055626,11979.968625732161,27383.374771111117,11843.928059468728,26974.972602748232,11707.842677168106,26570.841682297498,11572.66819568226,26172.389653618855,11438.900774288162,25780.37072477541,11306.819328874673,25395.277389324347,11176.61190265032,25017.610726268253,11048.46027675323,24647.203391254043,10922.350779565733,24284.102984833098,10798.331946842958,23928.62766458315,10676.54313432996,23581.56702850092,10557.288382326264,23244.647597931813,10441.19990206723,22921.576082827887,10329.60011736058,22620.421978987146,10225.325804428316,22359.211662386697,10134.667196782635,22179.43186503152,10072.08698333645
433,2.1728328328328326,29330.960066106858,12474.847675844403,29088.07653922096,12395.277843819578,28740.729077599917,12281.38426728323,28349.473241913412,12152.72775352182,27941.405654091224,12018.051515110576,27528.957255119018,11881.39822883148,27117.981295463287,11744.702525898692,26711.30894813135,11608.924349879777,26310.3560872885,11474.56196751079,25915.881129064743,11341.895419078159,25528.37922202706,11211.113480636206,25148.35427749702,11082.398681760189,24775.637448799025,10955.737071228818,24410.276276631757,10831.177232171493,24052.59052229286,10708.858975124673,23703.374233701117,10589.087500684656,23364.36407660891,10472.497580316678,23039.289067803606,10360.41715521958,22736.268039854185,10255.695026532052,22473.438699920527,10164.648269733256,22292.545136509907,10101.801203739364
434,2.177827827827828,29488.894478824604,12515.220024498725,29244.46156792221,12435.287449441006,28894.902130835253,12320.874765467614,28501.16127460531,12191.633408119189,28090.509084967074,12056.347257495496,27675.45514630991,11919.07767681815,27261.889073941464,11781.768097316628,26852.659190340808,11645.382712792973,26449.189648676125,11510.42190883686,26052.24309728221,11377.166855994441,25662.31735459002,11245.80706688477,25279.919180566965,11116.525823443248,24904.87821622827,10989.308892931425,24537.241941560955,10864.204905884562,24177.331730910097,10741.354129964595,23825.946108932847,10621.062932371693,23484.83194802991,10503.968659077913,23157.740710643175,10391.40479998747,22852.840876852835,10286.232250334595,22588.38219303783,10194.795083542072,22406.367751738904,10131.679608813334
435,2.1828228228228226,29647.82204494755,12555.818483004969,29401.829861082595,12475.521033369716,29050.04435967615,12360.586197845534,28653.802686104642,12230.75657507396,28240.549490173926,12094.8569508672,27822.873492377043,11956.967482949829,27406.70089720016,11819.04045259128,26994.897280425037,11682.04432746274,26588.895123168266,11546.48162345678,26189.461330227085,11412.634647268787,25797.0964048227,11280.693651818383,25412.309971976574,11150.842675342546,25034.93015035394,11023.06720166174,24665.004358365768,10897.415908748299,24302.855592780023,10774.029523734798,23949.286881948665,10653.215586763332,23606.055367491543,10535.614032661018,23276.935097068035,10422.563931510382,22970.144510693193,10316.938342174964,22704.046105873913,10225.108492806106,22520.90363578937,10161.723045058303
436,2.187817817817818,29807.74823029859,12596.64421698959,29560.18683052821,12515.979750160635,29206.161099175224,12400.519703193773,28807.402725534008,12270.098375462305,28391.532029707625,12133.58169790785,27971.217363629643,11995.06873137177,27552.421746485707,11856.520657438929,27138.02811173011,11718.910241400557,26729.477317622415,11582.74214095642,26327.540549800095,11448.299804868044,25932.72101127337,11315.774230108489,25545.53120860753,11185.35021517613,25165.797728022662,11057.012958516056,24793.56792548388,10930.811185568513,24429.166429605626,10806.886085292997,24073.400799531806,10685.546377142653,23728.038509003087,10567.434599219498,23396.876331206327,10453.895433416645,23088.182980205853,10347.814172117096,22820.434420434987,10255.58935579741,22636.15673143032,10191.932362614767
437,2.1928128128128126,29968.678525119394,12637.69839706152,29719.537912267202,12556.66475930431,29363.25770823137,12440.676425158106,28961.966665487053,12309.659935154801,28543.461886646277,12172.522606016579,28120.491853068143,12033.382510868232,27699.056625347406,11894.209782137379,27282.056599521857,11755.98150660292,26870.941060438596,11619.20449533127,26466.485499073864,11484.163345094583,26069.19583329828,11351.04980068926,25679.587467792742,11220.04942485342,25297.48544618245,11091.147128712048,24922.937061111457,10964.39168520373,24556.268582512454,10839.924747482375,24198.29212755984,10718.056220712482,23850.785565349048,10599.431260762703,23517.568535654576,10485.400193128991,23206.96034240259,10378.860613961879,22937.551136658047,10286.238534474947,22752.13099918828,10222.308415275551
438,2.197807807807808,30130.618444151285,12678.982198828158,29879.888566570047,12597.577225242772,29521.33956966887,12481.057512268944,29117.499802106347,12349.44238483182,28696.34426722686,12211.680787324653,28270.70207645957,12071.9099148774,27846.610559711633,11932.10890154063,27426.987681058738,11793.259179565728,27013.29120163101,11655.86972500063,26606.300942363323,11520.226288600248,26206.52555113095,11386.521366771341,25814.483347384554,11254.941290488721,25429.99782194979,11125.470681602032,25053.11620326902,10998.158360578267,24684.16641211348,10873.146447144432,24323.965151068496,10750.746038608035,23974.300748151956,10631.604923168257,23639.01585153949,10517.079101876818,23326.480672537284,10410.078545259232,23055.40027247094,10317.056894496505,22868.83041740674,10252.852060497613
439,2.2028028028028026,30293.573526716453,12720.496802911372,30041.244278049828,12638.718317385366,29680.412090316688,12521.664117956994,29274.007455161485,12389.446859998954,28850.1844009221,12251.057358710648,28421.853172413124,12110.652041506306,27995.08859795621,11970.219095093553,27572.82631566488,11830.744321298731,27156.532612899966,11692.738872821814,26746.991665296406,11556.489660400322,26344.714865951744,11422.189935855606,25950.223465823048,11290.026802414754,25563.339392676822,11159.98459068629,25184.10980986758,11032.112168695314,24812.864298574128,10906.552125131888,24450.424174315634,10783.6167559096,24098.588287935225,10663.956496194558,23761.222438579847,10548.933054708476,23446.74806416683,10441.46884732021,23173.985863852507,10348.045305230648,22986.25898230577,10283.564159413878
440,2.207797797797798,30457.549336799202,12762.243394963534,30203.6105557428,12680.089210124659,29840.4807010879,12562.497400568927,29431.4949681273,12429.674501002457,29004.987540517344,12290.653441815632,28573.95030245588,12149.609993545786,28144.495810984798,12008.54144684662,27719.577484803358,11868.437997340026,27300.670187703854,11729.81298610439,26888.562474884915,11592.954489887556,26483.768499957423,11458.056519746922,26086.812462204565,11325.306955196185,25697.51471601873,11194.6898336264,25315.922358774907,11066.254070650059,24942.366641677392,10940.142726321565,24577.673520845274,10816.669301655236,24223.652434186224,10696.486893493255,23884.19247514858,10580.962950503563,23567.76662921231,10473.03240522911,23293.31196489289,10379.204639768668,23104.420708041762,10314.445576845084
441,2.2127927927927926,30622.551463127485,12804.223165683608,30366.992933189096,12721.691082852365,30001.550857059312,12603.558523383088,29589.96770826225,12470.126453044726,29160.758962187836,12330.470163058444,28726.99865110866,12188.784878485481,28294.837292301527,12047.077045470645,27867.246192149563,11906.341277770567,27445.708841331318,11767.093116624483,27031.018199595408,11629.621810846207,26623.691196431013,11494.122134567988,26224.254996350322,11360.782747643252,25832.528370001164,11229.587392258602,25448.55834788185,11100.585031642846,25072.677860889155,10973.919199627348,24705.71753355186,10849.9046088535,24349.497455419474,10729.197032621792,24007.930158334926,10613.169691985275,23689.540498020226,10504.77010785565,23413.382647854,10410.535774936585,23223.31962676726,10345.497181311695
442,2.217787787787788,30788.585519254466,12846.437310833257,30531.396968513607,12763.525119975315,30163.628037551207,12644.848654625273,29749.43106668698,12510.803866199825,29317.503965575896,12370.508653650928,28881.003425962077,12228.177808528857,28446.11815808583,12085.82698427157,28015.83746366472,11944.4552372287,27591.653510973552,11804.580320639016,27174.363689420363,11666.492661466089,26764.487719811663,11530.387800773142,26362.555748875155,11396.45518282535,25968.38495308795,11264.678252607191,25582.02229516891,11135.106020992334,25203.802395423616,11007.882498013123,24834.560574744602,10883.3236144962,24476.127639239956,10762.08783505595,24132.43970400681,10645.554185732735,23812.073819423855,10536.682847867118,23534.202003229966,10442.039591307164,23342.959788690976,10376.719845045769
443,2.2227827827827826,30955.6571436404,12888.887031252973,30696.828244507025,12805.592510931421,30326.717746207356,12686.368967484488,29909.89045846311,12551.707895429012,29475.227873868476,12410.770049613244,29035.969857752745,12267.789900608273,28598.343547267352,12124.792361205284,28165.356347669633,11982.780954924714,27738.509155796793,11842.275658900104,27318.60381594941,11703.56808435668,26906.16285576473,11566.85454316225,26501.71942125648,11432.325268084674,26105.089084248815,11299.963404897939,25716.318738772865,11169.818012148708,25335.74470430882,11042.033578505787,24964.20702621201,10916.927259571183,24603.54729240656,10795.160226202443,24257.7253468732,10678.11734219341,23935.370760804755,10568.771521740582,23655.774139807923,10473.716973211953,23463.345262137882,10408.114444002891
444,2.227777777777778,31123.771999734574,12931.573532878268,30863.29236870703,12847.894450205742,30490.82551107508,12728.12064012877,30071.351322672057,12592.83970059634,29633.93603387474,12451.255491789223,29191.903200439592,12307.622276400049,28751.518621601022,12163.974278892443,28315.807914918456,12021.31951465547,27886.280757014923,11880.180196669375,27463.743472440765,11740.849126561248,27048.721411252067,11603.5233908946,26641.75073590336,11468.394015049902,26242.645403027353,11335.443843571538,25851.452237053592,11204.721982706917,25468.50926645241,11076.373402208263,25094.661289286447,10950.716489075143,24731.760740895683,10828.415135411487,24383.791340546737,10710.860075695486,24059.435508154424,10601.037029775129,23778.1031847288,10505.568808753344,23584.480133609453,10439.681857874155
445,2.2327727727727726,31292.935776057493,12974.498026755862,31030.794973479682,12890.432137346503,30655.956884685602,12770.104855721043,30233.81912249414,12634.200446484248,29793.633816103873,12491.966125861698,29348.808731280456,12347.6760623396,28905.648565742315,12203.373844633368,28467.19725867275,12060.072004819014,28034.973317962253,11918.295003732386,27609.787573892776,11778.33683957101,27192.168214602345,11640.395377502804,26782.654436225665,11504.662439649888,26381.05856960908,11371.120567297085,25987.42736866101,11239.81891441993,25602.100580707458,11110.902934312528,25225.927784908967,10984.692252026449,24860.772329964915,10861.853495989464,24510.641957606433,10743.78330446033,24184.272266136053,10633.480276104085,23901.193283548226,10537.595989816664,23706.368507844047,10471.422970098118
446,2.237767767767768,31463.154186283176,13017.661729059948,31199.341716101026,12933.206776981217,30822.117444134445,12812.322802434977,30397.299345287774,12675.791302809213,29954.326614843034,12532.90310236791,29506.691750908696,12387.952389636568,29060.738587322692,12242.992170422925,28619.52949477562,12099.039518429237,28184.591864166447,11956.62115441303,27756.741057115654,11816.032279339324,27336.508115581575,11677.47154090679,26924.435286703458,11541.131562127388,26520.333264889592,11406.99457898558,26124.248732602166,11275.109793212003,25736.523165938423,11145.623144112702,25358.010953694193,11018.855501478003,24990.58642421694,10895.476245211568,24638.281489660527,10776.887950614942,24309.885258146438,10666.102168707323,24025.048600297614,10569.799412082308,23829.014507877375,10503.338667872822
447,2.2427627627627627,31634.432969321708,13061.06586110845,31368.9382788387,12976.219578832784,30989.312791162032,12854.775673470916,30561.79750266887,12717.61344423742,30116.01984823549,12574.067576714946,29665.557583410027,12428.452394290014,29216.793917025127,12282.830372965469,28772.80976172605,12138.22315313058,28335.141443421588,11995.159727587976,27904.608880803346,11853.936506295893,27481.745985463833,11714.752923427755,27067.098072956498,11577.802407052799,26660.474190543016,11443.066885803451,26261.92094830847,11310.595609192009,25871.781561087282,11180.535005018133,25490.91525599533,11053.207194530143,25121.207407663507,10929.284324334487,24766.714247409473,10810.174940204428,24436.278726377983,10698.903619423558,24149.67331754539,10602.179975037852,23952.42227510314,10535.42984216781
448,2.247757757757758,31806.777889401896,13104.711649379324,31539.590369033944,13019.471757735677,31157.548552234523,12897.464667071825,30727.319130590426,12759.668050400478,30278.71895835887,12615.460709195211,29825.41157639958,12469.177217103626,29373.819808659864,12322.88957368981,28927.043220753367,12177.624011212727,28486.627125861436,12033.911806701173,28053.396025605514,11892.050585360998,27627.886717102032,11752.240571802182,27210.647601813896,11614.676003337965,26801.486069090413,11479.33849918613,26400.448655703014,11346.27735666678,26007.880325239814,11215.639494566534,25624.64517196942,11087.748292343545,25252.63968378954,10963.27867860911,24895.944560709002,10843.645203204536,24563.45693188088,10731.885543962644,24275.07163645827,10634.738581990245,24076.595969333797,10567.69738773619
449,2.2527527527527527,31980.194736154088,13148.60032552693,31711.30371918363,13062.964533652115,31326.830378624756,12940.390986539245,30893.869789422217,12801.956305911137,30442.429411303638,12657.083665001892,29986.25910109902,12510.12800370097,29531.821539240307,12363.170898764194,29082.235055891844,12217.243199625373,28639.054004032798,12072.878479778337,28203.107494199747,11930.375585959777,27774.935224998913,11789.935537195879,27355.088701383906,11651.753384249989,26943.37364396848,11515.810434851617,26539.83651526815,11382.156034154455,26144.824037691982,11250.937594437122,25759.20520164258,11122.479760152173,25384.88767561743,10997.460257293267,25025.976778633416,10877.299673534177,24691.424154625398,10765.048861917972,24401.24777686276,10667.476140077984,24201.539768861414,10600.142203126705
450,2.2577477477477474,32154.689324693216,13192.733126398374,31884.084087022427,13106.699131688287,31497.1639464934,12983.555840249333,31061.45506403068,12844.479400379083,30607.15669725166,12698.93761424448,30148.105552413857,12551.305904540732,29690.804409059037,12403.675479111344,29238.3904740555,12257.081829993,28792.42719296907,12112.060839441507,28353.74831136381,11968.912582036555,27922.896445378134,11827.838875218067,27500.426221123824,11689.035587425049,27086.141679598302,11552.483712814124,26680.089208113117,11418.232644397893,26282.617298016496,11286.4302904638,25894.599864975506,11157.40256727622,25517.955825771376,11031.830013664496,25156.815269538984,10911.139289067993,24820.18469356429,10798.394496778821,24528.205977306727,10700.393560283332,24327.25787051869,10632.765190695844
451,2.2627427427427427,32330.267495702006,13237.111294049932,32057.937255605357,13150.67678211061,31668.55495697021,13026.960441668885,31230.080563859003,12887.23852842673,30772.90633055505,12741.02373196434,30310.956349010994,12592.712074932053,29850.77374176404,12444.404450423513,29395.514705113055,12297.14101862968,28946.751830263922,12151.459982923598,28505.323524048217,12007.662652069139,28071.77533625559,11865.95164593545,27646.66503191016,11726.523654882292,27229.79496145431,11589.359357397701,26821.211436041824,11454.508194378086,26421.26472612945,11322.11857264837,26030.833701929045,11192.517687135138,25651.848596541997,11066.388905032807,25288.464421127355,10945.164991648935,24949.742866695367,10831.923375942768,24655.95049512112,10733.491757444563,24453.75448974011,10665.567256619965
452,2.2677377377377375,32506.935115514312,13281.736075763481,32232.869033390227,13194.898720362013,31841.00913623551,13070.606009371404,31399.751923007305,12930.234889705047,30939.683849815054,12783.343198150298,30474.816933396305,12634.347675049856,30011.734884435034,12485.358953177558,29553.613001962996,12337.421886553935,29102.03307614517,12191.077012083015,28657.838201448758,12046.626879083185,28221.57687751076,11904.274913886353,27793.810026108797,11764.218633037723,27374.33829613333,11626.438397249893,26963.20792162076,11490.983695327608,26560.770962357175,11358.00343517376,26167.91127252989,11227.826097260635,25786.570469950948,11101.137892753522,25420.92864050932,10979.377727100906,25080.103011124167,10865.636430728104,24784.485606481805,10766.771650268221,24581.033860623156,10698.549310907452
453,2.2727327327327327,32684.698076198652,13326.608724062988,32408.88525432048,13239.366187078282,32014.532235601833,13114.493767053233,31570.47480031308,12973.469688909436,31107.494817961153,12825.897197754231,30639.692771992428,12676.213869950207,30173.693207660046,12526.540132650067,29712.69064060885,12377.925559503592,29258.276113548745,12230.913033418268,28811.297435079327,12085.806350666595,28372.306070958322,11942.809748094873,27941.866117645397,11802.121572718112,27519.776511423777,11663.721865355461,27106.08340824714,11527.66016274411,26701.140667503205,11394.08587641728,26305.837156936548,11263.328779309732,25922.125947815715,11136.077942240112,25554.21235426849,11013.778445241374,25211.26948312678,10899.534596386315,24913.81560647156,10800.234161341432,24709.100235989776,10731.712267410898
454,2.2777277277277275,32863.56229564195,13371.730496731001,32585.991777908035,13284.080428104384,32189.130031595727,13158.624943549674,31742.2548794317,13016.944135795626,31276.344822330346,12868.686920706761,30805.589355216824,12718.311829585722,30336.654105612048,12567.949138932507,29872.752920234576,12418.653167950684,29415.486148192867,12270.969158082638,28965.706338844808,12125.20215898394,28523.967940419872,11981.55722208507,28090.838242075926,11840.233529174968,27666.114456375093,11701.210799050104,27249.842660217062,11564.538616403803,26842.37852291533,11430.366898963919,26444.615955505218,11299.026719077841,26058.51955181455,11171.210022977053,25688.32000852527,11048.368099894065,25343.246658212793,10933.618812114542,25043.94480914216,10833.880217144191,24837.95788744784,10765.057043839306
455,2.2827227227227227,33043.533717633385,13417.102656825198,32764.194489316444,13329.042694510887,32364.80832603973,13203.000772851168,31915.097868917186,13060.659445195603,31446.239474746577,12911.713561932898,30972.51219755986,12760.642728820987,30500.622996125785,12609.587126946404,30033.80516328014,12459.605847116396,29573.66840865237,12311.246501898862,29121.070049114176,12164.815400790887,28676.56753179574,12020.518413895183,28240.73135665733,11878.555562098518,27813.357001367196,11738.906240034215,27394.490462793896,11601.62008037499,26984.48923055288,11466.847509619642,26584.252288856005,11334.920906511848,26195.755823551564,11206.535108532717,25823.2560690009,11083.147648901624,25476.03893118835,10967.890021068086,25174.87754757665,10867.710748061732,24967.611105452826,10798.584561770305
456,2.2877177177177175,33224.618311948485,13462.726472694974,32943.499299444135,13374.254242610352,32541.572946134504,13247.622494119494,32089.009502303074,13104.61683703358,31617.184411600323,12954.978321367767,31140.466837663054,12803.207747448021,30665.60532077484,12651.455256458556,30195.85271551722,12500.784736986005,29732.828146433127,12351.746185373844,29277.393724793736,12204.647177448702,28830.109913137065,12059.694406091843,28391.550440418374,11917.088735631709,27961.509038180146,11776.809234386657,27540.031622276787,11638.905583031643,27127.477513054106,11503.528719424752,26724.750797939185,11371.012335723259,26333.839324621953,11242.054176572301,25959.025021081576,11118.118054138351,25609.650716219396,11002.34917037295,25306.618173951665,10901.726688396871,25098.064199369604,10832.295746662425
457,2.2927127127127127,33406.82207443331,13508.603217998032,33123.91214500786,13419.71633397382,32719.42974454113,13292.491351704019,32263.995538183466,13148.817536341987,31789.185293928338,12998.482403972353,31309.45883839759,12846.008070201764,30831.606544948703,12693.554692096253,30358.9009461251,12542.190982323893,29892.97063604672,12392.469333713421,29434.68254740047,12244.698594938753,28984.600174717918,12099.086285784382,28543.300494230578,11955.83411838424,28110.575480063933,11814.920832578568,27686.470966069297,11676.396157066967,27271.348113803644,11540.411543667236,26866.116144101637,11407.302005001331,26472.774636677306,11277.768208870772,26095.63136988282,11153.280281522957,25744.086446895028,11036.997211138396,25439.171059599932,10935.928976382414,25229.321497534318,10866.191527867357
458,2.2977077077077075,33590.15102708893,13554.73417171702,33305.43898862626,13465.43023544728,32898.38459946361,13337.608595157955,32440.061760294262,13193.262773277498,31962.24780749364,13042.227019749274,31479.493786942912,12889.044886775617,30998.632157930155,12735.886603362569,30522.955247766713,12583.825732688554,30054.101175085143,12433.417076837117,29592.941721135558,12284.970763877025,29140.04342910759,12138.69514463911,28695.986540879363,11994.792783446659,28260.561261808427,11853.24208948722,27833.813342748184,11714.09283950705,27416.105797000266,11577.49700189619,27008.353009153398,11443.790916826287,26612.5663614911,11313.678191325833,26233.07964031389,11188.63530103132,25879.350576290908,11071.835098469506,25572.540595072936,10970.31855419357,25361.38734731645,10900.272838642271
459,2.3027027027027027,33774.6112181559,13601.120618176234,33488.08581890371,13511.397219168179,33078.44341473152,13382.975479254683,32617.21397759457,13237.95378313711,32136.377662865532,13086.213383758597,31650.57729486552,12932.319391836978,31166.687672972726,12778.452164651662,30688.021036664803,12625.690142447647,30216.22508429581,12474.590549392971,29752.176472958115,12325.464799528696,29296.444811243116,12178.522078893662,28849.61362513527,12033.965808404422,28411.47133981346,11891.774064409876,27982.06362213237,11751.996671724475,27561.755347724604,11614.78611793522,27151.46609543429,11480.4800778825,26753.219121024325,11349.785113970918,26371.374377142383,11224.184086709283,26015.447577032934,11106.863791479811,25706.731190203653,11004.896367960393,25494.266115180966,10934.540616162134
460,2.3076976976976975,33960.208722199124,13647.7638470583,33671.858650514216,13557.618562582004,33259.61211988287,13428.593264004074,32795.45802434825,13282.8918063742,32311.58059549989,13130.442716133666,31822.714998197876,12975.832785042827,31335.778627378346,12821.252555264095,30854.103752678308,12667.785370793083,30379.34770765657,12515.990890772347,29912.392052658983,12366.18182182274,29453.80947850183,12218.568189371299,29004.186813825418,12073.354275352045,28563.310692159095,11930.51782107767,28131.226695351972,11790.108699451986,27708.30157200712,11652.279919895884,27295.460125880836,11517.370499071729,26894.737557491226,11386.089970988234,26510.520145058952,11259.927616685472,26152.381941360945,11142.084253303929,25841.74727416942,11039.663367780247,25627.96218675066,10968.995801532068
461,2.3126926926926927,34146.9496401927,13694.665153420923,33856.76352428558,13604.095548458867,33441.896670247,13474.463214668862,32974.79976020561,13328.078088614675,32487.862365819547,13174.916242096977,31995.912557517546,13019.586271055357,31505.91058257509,12864.28895942221,31021.208859378858,12710.112581756144,30543.47441245096,12557.619245124839,30073.593732934765,12407.122955366554,29612.142610774175,12258.83458149538,29159.711195905038,12112.959270907233,28716.08431867593,11969.474427669564,28281.30747491755,11828.429972796217,27855.749296896174,11689.97944019119,27440.3398440932,11554.463195526381,27037.12633342516,11422.593760721793,26650.52152874213,11295.866873184159,26290.15818119259,11177.497451110201,25977.593295554994,11074.620507730318,25762.4799668685,11003.63933979973
462,2.3176876876876875,34334.84009960509,13741.825837713672,34042.806507283705,13650.829464910108,33625.30304702783,13520.586601781046,33155.24507028537,13373.513880673134,32665.228759294918,13219.63519197609,32170.17565802641,13063.581059557606,31677.08912419518,12907.562566285524,31189.34184412743,12752.672944222637,30708.61058934363,12599.47676137313,30235.786809461883,12448.289329460602,29771.44941053657,12299.322365303717,29316.191882529183,12152.78188622508,28869.797241015665,12008.644956826263,28432.31089478945,11866.961546251387,28004.103370526307,11727.885715549097,27586.11001440229,11591.759186622801,27180.390131744713,11459.2974856905,26791.38313292332,11332.00284253813,26428.780828187373,11213.104356113397,26114.27372241567,11109.768745880101,25897.823879660253,11038.472179967725
463,2.3226826826826827,34523.88625448431,13789.247205794774,34229.99369289698,13697.821605404964,33809.837257387146,13566.964701158326,33336.79986525667,13419.200438569047,32843.68558652475,13264.600801219558,32345.510009630143,13107.818365269148,31849.319862153112,12951.074569966126,31358.508218151164,12795.46763194803,30874.761652455854,12641.564593227948,30398.976600970935,12489.6820781131,29931.735102924515,12340.032655463036,29473.634007124565,12192.823217012266,29024.45450272178,12048.03048566422,28584.241910447312,11905.704478713073,28153.36866218649,11765.999787026021,27732.775421937047,11629.259495994585,27324.533655819767,11496.202152601249,26933.10958245194,11368.336515201578,26568.254433810747,11248.905943587413,26251.793042340552,11145.109044303974,26033.99836859712,11073.495275006002
464,2.3276776776776775,34714.09428554341,13836.930568947975,34418.331200921035,13745.073268787253,33995.50533452813,13613.598793920572,33519.47008142135,13465.13902354298,33023.23868331701,13309.814310412905,32521.921347017797,13152.299407961817,32022.608430723903,12994.826169544183,31528.713516620366,12838.49782357268,31041.93303944125,12683.883899203007,30563.168449321147,12531.302340054723,30093.00493580575,12380.96657128346,29632.0427254616,12233.084363541315,29180.06116930029,12087.632095789619,28737.105498959747,11944.659833491982,28303.550062388713,11804.322700020439,27880.34087269175,11666.965151545928,27469.561629537835,11533.308772362057,27075.705522360622,11404.868885763035,26708.583569398383,11284.903192878011,26390.155762516,11180.642369093744,26171.00789655861,11108.709581864341
465,2.3326726726726728,34905.470400246166,13884.8772438994,34607.82517764353,13792.585759292093,34182.31333777903,13660.490166506319,33703.26168079629,13511.330902072841,33203.89391076998,13355.27696529461,32699.41542974156,13197.025412475408,32196.960488621542,13038.81856908338,31699.963298725612,12881.764702637085,31210.13021156162,12726.435842629995,30728.367719574944,12573.151258753374,30255.264179853657,12422.125236732989,29791.423215726507,12273.566430664832,29336.622328290807,12127.450873312446,28890.906659054086,11983.828678327764,28454.652482936643,11842.855504286443,28028.811193593614,11704.877185464988,27615.478797370517,11570.618360095217,27219.17561793065,11441.600952958324,26849.772826220604,11321.097087415583,26529.366409789134,11216.369690371272,26308.856945895423,11144.116061484827
466,2.3376676676676675,35098.020832892806,13933.088552834477,34798.48179592911,13840.360386562665,34370.267352677,13707.64011068932,33888.18065119602,13557.777345890185,33385.65715535349,13400.990016772137,32877.99804229665,13241.9976087335,32372.381719077574,13083.052977646483,31872.263147755108,12925.269457597124,31379.358653762993,12769.221591673597,30894.579800072705,12615.229982428926,30418.51812862075,12463.509780452054,29951.78067859364,12314.270527829818,29494.14308933753,12167.487908860518,29045.650411186314,12023.21208540284,28606.680856994342,11881.599253947348,28178.191232570425,11742.996634237274,27762.289924440047,11608.131935150488,27363.524554757452,11478.533719683548,26991.82681554688,11357.488614727929,26669.42953073155,11252.291982301042,26447.55001849256,11179.715678814344
467,2.3426626626626628,35291.751844706,13981.56582341488,34990.3072553046,13888.398465666996,34559.37349105211,13755.049923595094,34074.23300631545,13604.47963199652,33568.53432899035,13446.954720938016,33057.674994201414,13287.21723175922,32548.877829919882,13127.530609310857,32045.61867117206,12969.013281839358,31549.62387475177,12812.242319346537,31061.810102507676,12657.539664068032,30582.772098612404,12505.121335768057,30113.120337297896,12355.197769092001,29652.628584260565,12207.744297593592,29201.3417976112,12062.81113135627,28759.640139155254,11920.55500750936,28328.485858618333,11781.324538659077,27909.999796586002,11645.850521118306,27508.757038816235,11515.668193008076,27134.750168710532,11394.078766453084,26810.34969170308,11288.410223102865,26587.09163583253,11215.50940281711
468,2.3476576576576575,35486.66972391702,14030.310388795491,35183.3077820443,13936.70131711478,34749.63789111153,13802.720907717528,34261.42478581278,13651.439042679665,33752.53136913792,13493.17233908593,33238.45212007756,13332.68552169111,32726.454553651598,13172.252683184048,32220.035500692335,13012.997373696384,31720.931407071064,12855.49920352465,31230.06406200105,12700.081461438962,30748.03142936056,12546.96104070999,30275.447437707364,12396.34927313017,29812.083967127306,12248.22113921748,29357.985882452424,12102.626897297658,28913.53530551123,11959.723827875217,28479.69996186985,11819.861943850925,28058.613220432148,11683.775145843016,27654.877796527857,11553.005384187587,27278.54753717352,11430.868538352148,26952.131478915715,11324.725395064514,26727.486339058658,11251.498206487233
469,2.3526526526526528,35682.78078585202,14079.32358764144,35377.48962925553,13985.270266874233,34941.06671752393,13850.654370935523,34449.76205539257,13698.656865530134,33937.65423886984,13539.644137726844,33420.33527973055,13378.40372379899,32905.117647530176,13217.220423419403,32395.519292362238,13057.22293646215,31893.286807177137,12898.993426962013,31399.34713717711,12742.856537106458,30914.301483497777,12589.030038023027,30438.76724839603,12437.726163260571,29972.514414323963,12288.919537998207,29515.587751773055,12142.660468821045,29068.3713537218,11999.106782357916,28631.838453661865,11858.609899271043,28208.13502345347,11721.906841436137,27801.891574824633,11590.546308677138,27423.223592591374,11467.858930322156,27094.779498497763,11361.238484554426,26868.738689038575,11287.683066861284
470,2.3576476476476476,35880.09137301862,14128.606764145115,35572.85907696434,14034.10664638898,35133.66616150395,13898.851626529646,34639.25090688898,13746.13439345756,34123.90892695798,13586.371388605161,33603.33035823023,13424.373088499855,33084.87289364664,13262.43505923172,32572.07572663641,13101.691178407375,32066.695655516094,12942.726177306058,31569.664810238635,12785.866058446622,31081.58764683129,12631.329475183178,30603.08506071667,12479.329567451308,30133.92512462729,12329.840602776174,29674.152513645982,12182.912936018889,29224.15330308346,12038.704942694392,28784.90626660389,11897.569458728865,28358.57005404324,11760.246644289637,27949.803141216493,11628.291986144219,27568.783026878238,11505.05094640896,27238.298376557937,11397.950482034435,27010.85326642781,11324.064965030917
471,2.3626426426426423,36078.60785519251,14178.16126804328,35769.42243220132,14083.21179259499,35327.442440896935,13947.313993198843,34829.897458349136,13793.872924707133,34311.30144795446,13633.355368714918,33787.44326599153,13470.594871373794,33265.72609900499,13307.897824912907,32749.71050845592,13146.403312794944,32241.163556600644,12986.69864711273,31741.022587042487,12829.11119766186,31249.895328417355,12673.860504411978,30768.406188873894,12521.160618336784,30296.321319276383,12370.985446980372,29833.685298224573,12223.38539349602,29380.88619459922,12078.519385059308,28938.908354646443,11936.741680398569,28509.92318158027,11798.795595089276,28098.617283857144,11666.243440481874,27715.230552272096,11542.445594820154,27382.69275924976,11434.862382072519,27153.8346717335,11360.644886155487
472,2.3676376376376376,36278.33662950432,14227.98845463416,35967.186029087614,14132.587047937513,35522.40180026382,13996.042795077152,35021.70785411684,13841.87376287609,34499.83784227396,13680.597360316,33972.67993885535,13517.07033317997,33447.68309560175,13353.609959847698,32928.42936732655,13191.36055789538,32416.696139087067,13030.91203386172,31913.42599717515,12872.593131795807,31419.22996063558,12716.624282691177,30934.73596999735,12563.220453232167,30459.70824204468,12412.35518864261,29994.191257813523,12264.078940383639,29538.575091048173,12118.551190078822,29093.849693149496,11976.127626832633,28662.19929649634,11837.554738827916,28248.338811610403,11704.401699821854,27862.570901400137,11580.043887938018,27527.967312835986,11471.975183355551,27297.68752537828,11397.42381947471
473,2.3726326326326324,36479.284120526645,14278.089684794593,36166.15622892119,14182.233760388091,35718.550510966146,14045.039361750483,35214.688264916185,13890.13821693023,34689.52417627608,13728.09865095042,34159.04633816963,13563.800739872619,33630.74974050572,13399.572708529375,33108.23805739715,13236.56413700231,32593.299055852272,13075.367539971667,32086.88059402865,12916.31304274832,31589.596999263555,12759.621971777495,31102.07976421502,12605.510214147893,30624.09115931206,12453.95095041179,30155.675566939717,12304.994680353366,29697.225077055347,12158.801442844384,29249.735278951204,12015.728364975414,28815.403310343718,11876.525124818918,28398.97255411667,11742.767796547758,28010.808827344146,11617.846842332463,27674.126723753223,11509.289888702115,27442.416467764207,11434.40275832135
474,2.3776276276276276,36681.456780361266,14328.466324997218,36366.339420263175,14232.153283461557,35915.894871251316,14094.305028273422,35408.844887935535,13938.667601220466,34880.36654234797,13775.86053345859,34346.54845087059,13610.787362617059,33814.931915937836,13445.787320575559,33289.142357538236,13282.015278447976,32770.97798407112,13120.066372815432,32261.391954876515,12960.27211729046,31761.00192355154,12802.854738217371,31270.442954726794,12648.03104780419,30789.475360137152,12495.773859568179,30318.14342242342,12346.13372163128,29856.841259161607,12199.271232926576,29406.570130436594,12055.544966176754,28969.54015586284,11915.707806709526,28550.523361859494,11781.342767308226,28159.949103706153,11655.85547877407,27821.17569867659,11546.807505075336,27588.02615933695,11471.58270013391
475,2.3826226226226224,36884.86108872645,14379.11974732768,36567.74201902446,14282.346976233099,36114.44120633792,14143.841135186043,35604.18394691162,13987.463235499405,35072.37105898699,13823.884305995643,34535.19228956411,13658.031477805764,34000.235529351274,13492.255050743985,33471.14807142068,13327.715215618779,32949.73862529382,13165.009744735366,32436.965680949896,13004.471547079567,31933.450236297336,12846.323753361761,31439.830947877985,12690.784105645631,30955.86615632973,12537.825048037725,30481.600043449424,12387.497177012037,30017.428765893685,12239.961654388962,29564.35928760656,12095.578506205635,29124.614787050094,11955.10384249429,28702.99610623239,11820.127653030171,28309.996524674178,11694.070822247058,27969.118964584686,11584.529043595729,27734.52128065,11508.96464646937
476,2.3876176176176176,37089.50355304463,14430.051329501905,36770.370468552355,14332.81620335537,36314.19586850138,14193.649028530797,35800.71169221379,14036.526444937956,35265.54387088369,13872.171272047783,34724.98389260731,13705.534367074455,34186.66651351155,13538.977158948335,33654.26102759464,13373.665186970858,33129.58670552352,13210.198873058645,32613.60739751387,13048.912528674315,32106.94746392137,12890.030193380975,31610.249173233202,12733.770543855715,31123.2688825233,12580.105652406435,30646.050671638448,12429.086163872948,30178.992747834418,12280.873805801999,29723.10781214687,12135.830065263828,29280.63217922579,11994.714294528523,28856.395679605615,11859.123498931982,28460.955905088067,11732.49390196236,28117.9612688245,11622.455519554054,27881.906532429035,11546.549603015961
477,2.3926126126126124,37295.39070853004,14481.262454883341,36974.23123971754,14383.5623350756,36515.16523715961,14243.730059869391,35998.434400928396,14085.858560141964,35459.89114900484,13920.72274044866,34915.92932419022,13753.297317318205,34374.23082657701,13585.954910274118,33838.48707956859,13419.866436045688,33310.527975293946,13255.634980112618,32791.32275394386,13093.59626354981,32281.499156541777,12933.975239279502,31781.70308365027,12776.991523371486,31291.68889624784,12622.616813934721,30811.500571118664,12470.901804188137,30341.53837769307,12322.008790256921,29882.820787497374,12176.300727999582,29437.597329102242,12034.540229541759,29010.72699539326,11898.331354536827,28612.83208050552,11771.125751370695,28267.707379176554,11660.587952424228,28030.186635636477,11584.338579605921
478,2.3976076076076076,37502.52911827662,14532.754512500313,37179.33083100111,14434.586747252724,36717.35571895893,14294.085586299725,36197.35837694349,14135.460917168917,35655.41909067675,13969.540025395823,35108.03467441771,13801.321620707604,34562.93445217932,13633.189574994542,34023.832105888476,13466.320211485709,33492.568209747435,13301.31929324017,32970.11742380225,13138.523958112708,32457.1108880498,12978.160076910915,31954.198155354283,12820.448209898159,31461.131578002623,12665.35967857181,30977.955028597346,12512.945224542731,30505.07085037583,12363.36771537971,30043.503318921383,12216.991583521385,29595.515254851987,12074.582718651267,29165.994988120343,11937.752273685936,28765.629907268198,11809.967408175651,28418.362083920154,11698.927365876261,28179.366331536094,11622.332590228316
479,2.4026026026026024,37710.92537334617,14584.528897063352,37385.675768581896,14485.890821374614,36920.77374786023,14344.716970472877,36397.489951033494,14185.334857544654,35852.133919668624,14018.624446467145,35301.306059391536,13849.608574704953,34752.783399504144,13680.682428586451,34210.30201021713,13513.02776705,33675.71320871284,13347.253044815154,33149.99710491515,13183.696823716398,32633.788256185264,13022.585896992792,32127.739888011874,12864.141773923815,31631.602331329257,12708.33539697018,31145.419353432724,12555.217556147023,30669.5953830565,12404.95169334505,30205.160533575123,12257.903725411663,29754.39099617618,12114.842837375594,29322.204613490117,11977.387314551914,28919.354262568027,11849.019914346825,28569.930191898762,11737.474787789202,28329.4503817578,11660.53265304188
480,2.4075975975975976,37920.58609285652,14636.58700898258,37593.27260642381,14537.475944575284,37125.42578522512,14395.625580610058,36598.83548094416,14235.481728280076,36050.041886276136,14067.977328637306,35495.74962129255,13898.15948208048,34943.783703371984,13728.434751746265,34397.902721413746,13559.990361629954,33859.96879678385,13393.437472257816,33330.96751944925,13229.116076676175,32811.53688261217,13067.25389512162,32302.3338048056,12908.073390734065,31803.106582884786,12751.545124500017,31313.898877705833,12597.71993485074,30835.117215247188,12446.761840890333,30367.797580577342,12299.03825174057,29914.22961437301,12155.32166564809,29479.36084845151,12017.237539652095,29074.01004451358,11888.284316132958,28722.41653258553,11776.231250264107,28480.443568362538,11698.939790387862
481,2.4125925925925924,38131.517924070075,14688.930254385143,37802.12792636351,14589.343509652157,37331.31831990236,14446.81279051968,36801.401351477725,14285.902881887974,36249.149267405235,14117.600002294297,35691.37152846305,13946.975650928573,35135.94142431931,13776.447830405976,34586.640193613595,13607.209259265032,34045.34082339725,13439.873818050273,33513.034413988986,13274.78293828445,32990.36241299451,13112.165271787804,32477.985452508452,12952.244240426811,31975.649782515076,12794.990021263719,31483.398956292756,12640.453501157257,31001.641608869253,12488.799279329667,30531.419631079123,12340.396265079798,30075.036192406413,12196.020287830515,29637.468691266622,12057.304015861902,29229.602172196628,11927.76166407512,28875.825956148987,11815.197789637052,28632.35069390732,11737.555028802919
482,2.4175875875875876,38343.7275424823,14741.56004513265,38012.24833819812,14641.494915083362,37538.45786831454,14498.279979614423,37005.193974578164,14336.599676399794,36449.46236665594,14167.493803255999,35888.17797548939,13996.05839468408,35329.26264867963,13824.722955749165,34776.52040630786,13654.685729158518,34231.83516291155,13486.563329752009,33696.20355961361,13320.698634826016,33170.27051707224,13157.32123239065,32654.700401558533,12996.655507926986,32149.2374033282,12838.671252110384,31653.924966936767,12683.419400237912,31169.1738483244,12531.06513456796,30696.031878333724,12381.978872516396,30236.815834974812,12236.939792726627,29796.533161578467,12097.587814428256,29386.135585758817,11967.453013019902,29030.163333518765,11854.375446492159,28785.17658151038,11776.379399032017
483,2.4225825825825824,38557.22165191062,14794.47779883867,38223.640479773276,14693.931565045046,37746.85097454475,14550.028532928285,37210.21978941664,14387.57347538251,36650.987514406566,14217.660072786726,36086.17518328459,14045.409032138596,35523.75348866488,13873.26142422707,34967.54936442362,13702.421045693269,34419.457714685544,13533.5072600154,33880.48075197468,13366.86439759331,33351.2668887373,13202.722987253397,32832.48424613389,13041.308383001337,32323.87494176806,12882.589986650386,31825.48231032077,12726.618781946298,31337.71924056582,12573.56053711498,30861.639537766678,12423.787185666624,30399.57366858008,12278.081273595855,29956.559300478795,12138.090010983002,29543.615246458456,12007.359422132651,29185.43355645155,11893.765265674665,28938.926074916508,11815.413936041368
484,2.4275775775775776,38772.006984583284,14847.684938886241,38436.31101707114,14746.654869428728,37956.50421042364,14602.05984113378,37416.48526247711,14438.825647955484,36853.731067897934,14268.100157613857,36285.36939917136,14095.028887456843,35719.42008244693,13922.06453757462,35159.733098404,13750.416488447581,34608.2144031572,13580.706866601284,34065.87181137353,13413.281462901743,33533.35724610986,13248.371751638262,33011.34260422754,13086.20406027325,32499.56791768817,12926.747399269942,31998.07641013981,12770.052800832616,31507.283115169626,12616.286622099475,31028.247847045943,12465.822320689836,30563.31484159652,12319.445828166929,30117.552170576007,12178.811685556371,29702.046136737496,12047.481954910727,29341.641537597094,11933.368296303977,29093.604038562444,11854.659679031396
485,2.4325725725725724,38988.09030122862,14901.182894445446,38650.26664429878,14799.666243858732,38167.42417561642,14654.375300559059,37623.996887642155,14490.357568807376,37057.699411317735,14318.815409944486,36485.76689696498,14144.919290193026,35916.26859423925,13971.13360282658,35353.07766428854,13798.673342211012,34798.11117792266,13628.163412394557,34252.38258283896,13459.951072104997,33716.54733161476,13294.268745761548,33191.28111772258,13131.343739237584,32676.321874425503,12971.144669145693,32171.712713173772,12813.722616158033,31677.870824406273,12659.244529283298,31195.862066152255,12508.085398302397,30728.04452434012,12361.034558651576,30279.51685606332,12219.75392259043,29861.433260288548,12087.821679196764,29498.79221056443,11973.185591786794,29249.215357642475,11894.117671449716
486,2.4375675675675677,39205.47839116427,14954.973100490972,38865.51408397666,14852.967109709562,38379.6174977102,14706.976313205112,37832.7611862789,14542.170618213106,37262.89895588516,14369.807187482074,36687.37397705663,14195.081575307244,36114.30521437879,14020.469932333704,35547.58914379365,13847.192897000265,34989.15401381534,13675.87816541978,34440.0189362051,13506.874471610452,33900.842912058055,13340.415194808766,33372.305452467466,13176.72862427555,32854.142378874574,13015.782980259368,32346.396689360172,12857.629391909079,31849.48774331221,12702.435403075575,31364.48747744955,12550.577543791624,30893.767909137852,12402.84857175825,30442.45846278699,12260.917810952607,30021.781642122147,12128.379667192004,29656.8905299882,12013.218209830235,29405.76493817411,11933.788961004155
487,2.4425625625625624,39424.178072386734,15009.056997819764,39082.06008702724,14906.558894123405,38593.09083230147,14759.86428676304,38042.78470732519,14594.266182050802,37469.3361399357,14421.076853443172,36890.1969664967,14245.517083181941,36313.53615940791,14070.074843778884,35743.27364439329,13895.976448075116,35181.34891098532,13723.852398856847,34628.786766189376,13554.052912894529,34086.2497787037,13386.812328949769,33554.421298351444,13222.35992466962,33033.03502156162,13060.663521412434,32522.133831867184,12901.774296812075,32022.139269761683,12745.860392546898,31534.129385755656,12593.299887029752,31060.49021039718,12444.888978705863,30606.38211831467,12302.304443949239,30183.09632863412,12169.15699546961,29815.941471595095,12053.467212455007,29563.257707063916,11973.674599675785
488,2.4475575575575577,39644.196191661016,15063.436033068661,39299.91143286384,14960.443030027613,38807.850863083724,14813.04063463126,38254.074027375864,14646.645651818824,37677.017429005966,14472.625776574176,37094.24221907835,14296.227159638376,36513.96767215656,14119.949660193362,35940.13729939963,13945.02529595435,35374.70189497874,13772.087391056664,34818.69199247066,13601.487652518157,34272.77374735042,13433.461383353919,33737.63436938017,13268.238854618443,33213.0054167189,13105.787486240768,32698.929657166744,12946.158504347582,32195.830824538607,12789.520651443547,31704.793118412963,12636.253562487907,31228.21666467562,12487.156895237566,30771.292972003903,12343.914919339073,30345.38238767301,12210.154744988014,29975.95003227041,12093.933666008568,29721.698612173448,12013.775643731986
489,2.4525525525525524,39865.539624610516,15118.111658732108,39519.07492947967,15014.620956152216,39023.904301935276,14866.506775932827,38466.635750769245,14699.310424652804,37885.949315918886,14524.455331168076,37299.516115421204,14347.213155953103,36715.606021824664,14170.095709972979,36138.186268044185,13994.34074643171,35569.21901681737,13820.584425556852,35009.740559767575,13649.179952142198,34460.42065840867,13480.363598205315,33921.95040375139,13314.366633251817,33394.059202359276,13151.156073229402,32876.7897051078,12990.783192764893,32370.56785140871,12833.417338201729,31876.48402535937,12679.439709250146,31396.952530750495,12529.653441634533,30937.19619507083,12385.750339346909,30508.644908607712,12251.374001104334,30136.921230124786,12134.618641178346,29881.09262238536,12054.093153739524
490,2.4575475475475477,40088.21527580702,15173.085333179859,39739.55741353695,15069.094117047505,39241.25788900723,14920.26413553279,38680.47650967376,14752.26190334272,38096.13832086891,14576.566897081277,37506.02506305526,14398.476428874543,36918.45750406452,14220.514326894423,36337.42673555886,14043.92411059193,35764.90635307855,13869.344791097505,35201.938437916935,13697.131078542967,34649.196376977845,13527.520218718018,34107.37516393089,13360.744484645658,33576.202040350756,13196.770485727255,33055.71953898971,13035.649545096514,32546.355817191637,12877.55161596186,32049.20747919922,12722.85947102749,31566.703089688886,12572.379742729807,31104.096980658916,12427.811810677169,30672.88900239523,12292.815853587766,30298.860104561067,12175.52321300499,30041.444727669656,12094.628194577692
491,2.4625425425425425,40312.23007886096,15228.358520674763,39961.36575045634,15123.863963101636,39459.91839281167,14974.31414405554,38895.60296417481,14805.501496349993,38307.59099150743,14628.961859750427,37713.77549650484,14450.018340639519,37122.52844106354,14271.206850131566,36537.86491325725,14093.776704826767,35961.77000597502,13918.369781636959,35395.29162195243,13745.34230362772,34839.106792923645,13574.932495151334,34293.91443672848,13407.373637837045,33759.439616491334,13242.631931961907,33235.72474563584,13080.758749172732,32723.200211833417,12921.924652582888,32222.968875274648,12766.513996172001,31737.473644917616,12615.336927922113,31272.00054390792,12470.100444527561,30838.119801648576,12334.481396632993,30461.771716341264,12216.648460895602,30202.75993915001,12135.381835451408
492,2.4675375375375372,40537.59099651176,15283.932691390546,40184.50683450644,15178.931950558239,39679.892610309944,15028.658237902207,39112.02180236172,14859.030617824641,38520.313903028466,14681.641610209319,37922.773877372856,14501.840258989887,37327.825181627,14322.174624271762,36739.50703861607,14143.899850851067,36159.81610343501,13967.660696367599,35589.80613218328,13793.81490445024,35030.157820955406,13622.601682825072,34481.574033374236,13454.255326839257,33943.777640583925,13288.741625054392,33416.81093546726,13126.111997636159,32901.106548478885,12966.537620656582,32397.77363173676,12810.404437690891,31909.269522293394,12658.526131189796,31440.91212202295,12512.61735660276,31004.342460704804,12376.371728873703,30625.661147653675,12257.995468637051,30365.043289170244,12176.355149904419
493,2.4725325325325325,40764.30502071841,15339.809321429622,40408.987588893564,15234.299541534114,39901.18736700122,15083.297859268096,39329.73974041494,14912.850687622451,38734.31365825432,14734.607545105748,38133.02669442524,14553.943557189177,37534.35410126105,14373.418999332232,36942.35937535684,14194.294875718853,36359.050799182514,14017.218839731704,35785.48801427328,13842.550163226371,35222.355400703826,13670.52904213492,34670.3597895948,13501.390790656851,34129.22184651143,13335.100783034073,33598.983742576565,13171.710487956341,33080.08036354435,13011.391697521922,32573.62718961717,12854.53195326065,32082.096070173167,12701.948491104671,31610.83697434364,12555.363667128046,31171.562155693147,12418.487953396047,30790.533502180147,12299.56532440927,30528.299831360997,12217.549215832474
494,2.4775275275275273,40992.37917275026,15395.989892840995,40634.81496585154,15289.968204036886,40123.809517011185,15138.234456160153,39548.76352269335,14966.963131322176,38949.59688772163,14787.861066718491,38344.540463675374,14606.32961403922,37742.12160225588,14424.941330776444,37146.42821352751,14244.963111839468,36559.480272817746,14067.04552143729,35982.343339319836,13891.549367349651,35415.70549679871,13718.715838567758,34860.27756568989,13548.781273300756,34315.77799231197,13381.710628853465,33782.248824801914,13217.555422444371,33260.127216790395,13056.488065279476,32750.535012899505,12898.897705241194,32255.958659484546,12745.605150845995,31781.780382413497,12598.340500863062,31339.7840846033,12460.831177752145,30956.393905163462,12341.3591207986,30692.53464070644,12258.965115496547
495,2.4825225225225225,41221.82050327787,15452.475893638126,40861.995946731855,15345.939411982788,40347.765943180806,15193.469482414459,39769.09992182178,15021.36938024278,39166.17024976744,14841.403582974232,38557.32172846881,14658.999813896866,37951.13411376897,14476.74297953055,37351.71986958453,14295.905896993727,36761.11072989768,14117.142056474026,36180.37820393319,13940.813809406953,35610.2140989469,13767.163342717055,35051.33324660893,13596.428023803428,34503.451860254296,13428.572390403126,33966.611863801154,13263.648008267528,33441.252691394766,13101.827910805823,32928.50258859124,12943.502860690063,32430.86268379641,12789.4972582144,31953.74765004939,12641.548987115535,31509.013467353874,12503.402513973653,31123.247503474842,12383.377954811154,30857.75281361114,12300.603935536068
496,2.4875175175175173,41452.63609246415,15509.268817816892,41090.53754209384,15402.214645214397,40573.063557155496,15249.004397713788,39990.75573877864,15076.070871460704,39384.04043061542,14895.236507464619,38771.377059568185,14711.955546690717,38161.3980919086,14528.82531199984,37558.24068647483,14347.124574350111,36963.94840201679,14167.509765129165,36379.59873031584,13990.344787194157,35805.887222010395,13815.8728302983,35243.5327420279,13644.332296233993,34692.24925691331,13475.687300526602,34152.07856512606,13309.98945746399,33623.46239402546,13147.412425767972,33107.53542679558,12988.34859137662,32606.813559389608,12833.625965645882,32126.744103411143,12684.990259755054,31679.255545860982,12546.2030785853,31291.099465681633,12425.622927886208,31023.959467967165,12342.466766982212
497,2.4925125125125125,41684.83305005563,15566.370165373528,41320.44679179513,15458.79538951844,40799.70929947421,15304.840667605153,40213.73780298385,15131.069047827184,39603.21414446239,14949.361259463258,38986.71305523827,14765.198207937894,38372.9200198175,14581.189700085253,37765.99703371819,14398.620492480986,37167.999546887935,14218.149973003494,36580.01106634208,14040.143603731825,36002.73090608454,13864.845582164431,35436.88198642623,13692.495349713468,34882.176013245684,13523.056597035358,34338.65465829689,13356.580986957497,33806.76195491399,13193.24280663785,33287.63906078341,13033.436073796302,32783.81672532785,12877.992430225835,32300.77509107132,12728.665457226884,31850.515584106917,12589.233992618509,31459.954982115025,12468.095145909623,31191.159743221142,12384.554705271168
498,2.4975075075075073,41918.418515473975,15623.781442322645,41551.730765082284,15515.68313664364,41027.71013965892,15360.979763517407,40438.05297238687,15186.365357985595,39823.6981335649,15003.77926394279,39203.33634133114,14818.729198760817,38585.70640775663,14633.83752119987,37974.995307489546,14450.395005378874,37373.270448423384,14269.064011027322,36781.62138563772,14090.211567280965,36200.751216576406,13914.082884321295,35631.38693916388,13740.91844842995,35073.23798466578,13570.681522723751,34526.345896876854,13403.42381857211,33991.157027928704,13239.32025470679,33468.81904706557,13078.766489184869,32961.87764352871,12922.597813703063,32475.845984085034,12772.575722565765,32022.79886820897,12632.49638162501,31629.819264938065,12510.795719227264,31359.358800441605,12426.86885025747
499,2.5025025025025025,42153.39965790754,15681.504160715256,41784.39656068155,15572.87938431858,41257.07307630408,15417.423162778889,40663.70813355481,15241.961256388815,40045.499168326016,15058.491951591994,39421.25357137152,14872.549925904039,38799.76379318916,14686.770158285462,38185.24193070166,14502.449472472701,37579.76741681611,14320.25321547652,36984.435887659994,14140.549991358766,36399.95424428343,13963.586027943185,35827.0535845587,13789.602861653908,35265.441051121605,13618.56332538404,34715.15805854689,13450.519179046974,34176.653290648304,13285.645976100095,33651.080965465095,13124.341023532717,33141.00179883476,12967.443282503888,32651.962176060104,12816.722203409783,32196.110706488467,12675.991375690477,31800.69754821366,12553.7257626585,31528.561822386375,12469.410306227353
500,2.5074974974974973,42389.78367640328,15739.539838656856,42018.451306889794,15630.385636269617,41487.80513716644,15474.172348635091,40890.710201760885,15297.858203316613,40268.62404738232,15113.50075883293,39640.4714266424,14926.661801751097,39015.09874086458,14739.988999829135,38396.74335308782,14554.785258644162,37787.496788621094,14371.718927988539,37188.46079777745,14191.1601947544,36600.34610547201,14013.356309388355,36023.88793196366,13838.54986375343,35458.79111717094,13666.70325782143,34905.09694518062,13497.86830005113,34363.256444435494,13332.221181791541,33834.43041918968,13170.160867599187,33321.19469908496,13012.530007746209,32829.12908322711,12861.106052014233,32370.456429539823,12719.720109448219,31972.595087972775,12596.886395509688,31698.77401357014,12512.180181912112
501,2.5124924924924925,42627.577799958664,15797.890000325513,42253.902161665654,15688.203402238802,41719.91337925491,15531.228810266357,41119.066121072916,15354.057664893116,40493.07959769102,15168.807127838092,39860.99661627072,14981.066244341424,39231.717842903054,14793.495439879891,38609.50605128475,14607.40373424404,37996.46492683691,14423.462495578526,37393.70236735032,14242.043501544838,36801.93294195647,14063.395030214579,36221.89601584458,13887.760734209556,35653.29411205758,13715.10257786913,35096.16838291926,13545.472418198287,34550.97221451083,13379.047087617988,34018.8730349043,13216.227216926924,33502.4618751859,13057.859165253643,33007.35214450975,12905.728425265523,32545.84139029982,12763.683722092857,32145.517162282762,12640.27874158768,31870.00060033213,12555.179590501495
502,2.5174874874874873,42866.78928761391,15856.556175990036,42490.75631272086,15746.334198001878,41953.404888920704,15588.594042805627,41348.78286444207,15410.561113104284,40718.87267461722,15224.412506547607,40082.83587731318,15035.764677387246,39449.62771887979,14847.290878065278,38823.53652891564,14660.30627510859,38206.67822098732,14475.485270655407,37600.166873810726,14293.201241110704,37004.72092117791,14113.703497194754,36421.08389585773,13937.236757631617,35848.9559897878,13763.762548403434,35288.37822224686,13593.332775061715,34739.80635002661,13426.12491429398,34204.41446280396,13262.54127185625,33684.8088811835,13103.431935569673,33186.63682159527,12950.590484695116,32722.270964116986,12807.883357394072,32319.46907131581,12683.903929213393,32042.246830903936,12598.40964965714
503,2.5224824824824825,43107.42542854432,15915.539902028122,42729.02097761172,15804.77954538627,42188.28678194746,15646.269547356194,41579.86743379172,15467.370025815386,40946.0101620214,15280.318348686473,40305.995974842335,15090.758530290552,39668.835015909724,14901.376719608106,39038.84131667343,14713.494262575945,38418.14308720319,14527.788611038048,37807.860620743195,14344.63474815214,37208.71623628357,14164.283022332513,36621.457656927785,13986.979223772583,36045.78272920696,13812.684437358866,35481.732338065616,13641.45061718911,34929.76462414097,13473.455887426395,34391.06037668654,13309.104237539563,33868.241294334686,13149.249503971816,33366.98859900503,12995.693396493474,32899.75054882114,12852.320163710347,32494.456137417572,12727.763091235369,32215.517975477476,12641.871481526012
504,2.5274774774774773,43349.49354215285,15974.842720944565,42968.70340383076,15863.540972289133,42424.56620364187,15704.256831009532,41812.32686010651,15524.485886788563,41174.498972347115,15336.526113781836,40530.483702032834,15146.049238160074,39889.34640873236,14955.754375343147,39255.42697240419,14766.969083502569,38630.86596830455,14580.373879971436,38016.78993796535,14396.345362704746,37413.925106205985,14215.134922877893,36823.0234093257,14036.98942754449,36243.780334076204,13861.869517743315,35676.23662977133,13689.82719611748,35120.85283409213,13521.041237529105,34578.816474025894,13355.917323955771,34052.764715179284,13195.31306048583,33548.41298416526,13041.03833152406,33078.285564793005,12896.995294002742,32670.48370517588,12771.857365043377,32389.81932627307,12685.566212753882
505,2.5324724724724725,43593.00097816281,16034.466181389516,43209.81086889862,15922.620012695417,42662.25032892419,15762.557406863103,42046.16820352162,15581.910185700408,41404.34604670874,15393.037267180249,40756.30588024778,15201.63824182834,40111.16859979663,15010.425261733864,39473.30008119063,14820.732130279719,38844.85333388269,14633.242446142875,38226.961181608785,14448.334430155504,37620.35377574256,14266.260521343007,37025.78728874702,14087.268669033867,36442.95483314932,13911.319067653198,35871.89702132906,13738.463768388123,35313.07680127282,13568.882200037675,34767.68847604495,13402.981745924768,34238.38476761198,13241.623799899959,33730.915507477876,13086.62646533733,33257.88145503403,12941.909905848699,32847.55714148959,12816.187892582027,32565.15619760767,12729.49497449882
506,2.5374674674674673,43837.9551167107,16094.411838176744,43452.35068045604,15982.018206695982,42901.34636241895,15821.17279403825,42281.39855341218,15639.644418159547,41635.55835497949,15449.853280065043,40983.46935912526,15257.526987868661,40334.30831934609,15065.39080088922,39692.46725543586,14874.78480084997,39060.11168038251,14686.395683698214,38438.38073419983,14500.603301258754,37828.00851563517,14317.66114551777,37229.75545639009,14137.818253517175,36643.312280249804,13961.034370288715,36068.71946134881,13787.36159556154,35506.44237130471,13616.980015324069,34957.68212778905,13450.298723121905,34425.10709895442,13288.182921779178,33914.50172239153,13132.458978184786,33438.54368523636,12987.065161455886,33025.681835637624,12860.75582036444,32741.533925963184,12773.658902444744
507,2.5424624624624625,44084.36336843938,16154.681252301976,43696.330176356096,16041.73710050576,43141.861538546116,15880.104517698106,42518.02502848282,15697.690085724309,41868.14289587952,15506.975629473667,41211.98101666505,15313.716928612295,40558.77232550418,15120.652420580444,39912.9351349473,14929.128498723729,39276.64753118501,14739.834972258132,38651.055004740876,14553.153332152184,38036.89562264997,14369.33812848562,37434.93409903459,14188.639491476304,36844.85875434801,14011.016713969033,36266.70992316157,13836.521944232467,35700.95541411315,13665.335928711413,35148.8031981994,13497.869480092499,34612.93738002755,13334.991630479479,34099.17720547271,13178.537055033034,33620.27774385284,13032.462227676044,33204.86319934804,12905.562299485913,32918.95787005499,12818.05913681494
508,2.5474574574574573,44332.23317459135,16215.275990961212,43941.75672475658,16101.778246481921,43383.80312161206,15939.354109065544,42756.054776857454,15756.048695920368,42102.106697064344,15564.4057983151,41441.84775931553,15370.209522165504,40784.56740435963,15176.211554257909,40134.710387020605,14983.764632995804,39494.46743668997,14793.561696934412,38864.99042879154,14605.985884372896,38247.021419657285,14421.292808639311,37641.329429120146,14239.733698614102,37047.60035963855,14061.267392147602,36465.874404895236,13885.946086044863,35896.62182400203,13713.951190488788,35341.05748018668,13545.695246266398,34801.881305224015,13382.051135162188,34284.947556477004,13224.861885577886,33803.089142167235,13078.102276018873,33385.1066668674,12950.608485637633,33097.43341090059,12862.696822385673
509,2.5524524524524526,44581.572007102055,16276.197627569143,44188.63772421248,16162.143203142092,43627.17840590092,15998.923105441105,42995.49497616919,15814.721762258458,42337.45681521323,15622.145275387255,41673.07652206074,15427.006232426727,41011.70037005217,15232.069641067981,40357.79970652399,15038.694618362004,39713.57797439873,14847.577248346304,39080.19346855021,14659.102324873431,38458.39225571177,14473.526529696706,37848.9476848251,14291.1021958699,37251.54322561767,14111.78770342742,36666.21892955094,13935.635297706998,36093.44751972863,13762.827055926022,35534.45079070483,13593.777255972538,34991.94459258071,13429.36264980831,34471.81839842055,13271.434664258459,33986.98341436461,13123.986482665949,33566.41769503012,12995.895539120382,33276.96595188829,12907.573108499753
510,2.5574474474474473,44832.38736869365,16337.447741777527,44436.980603768854,16222.83353518259,43871.99471576618,16058.813050221059,43236.35283365047,15873.710804252123,42574.200336117945,15680.195555394484,41905.6742685076,15484.108529103789,41240.17806485828,15288.228125869962,40582.20981598259,15093.919875135794,39933.98574899719,14901.883022636861,39296.670612935595,14712.504026037905,38671.01450613262,14526.040640716614,38057.795130145496,14342.74630943512,37456.69350716099,14162.578951576368,36867.749545079314,13985.590861006494,36291.438444578795,13811.96478528852,35728.988970824874,13642.11674845355,35183.13298385148,13476.927393232885,34659.79537765162,13318.25659027135,34171.96611760181,13170.116028484661,33748.801763327996,13041.424624858335,33457.56091884619,12952.689149080212
511,2.5624424424424426,45084.686792968714,16399.027919493674,44686.7928230537,16283.85081349672,44118.259405722296,16119.025492915407,43478.6355862233,15933.017347435487,42812.344374771565,15738.558138965049,42139.64799097325,15541.517887731052,41470.007359277144,15344.688459252977,40807.94746566289,15149.441829264932,40155.69739243892,14956.480421489328,39514.42837766846,14766.192365698094,38884.89457258399,14578.836496114654,38267.87805497404,14394.667370768842,37663.05738460121,14213.642445542557,37070.47232445711,14035.814062825448,36490.60056644222,13861.365643852134,35924.67788580901,13690.714967880373,35375.452244579945,13524.746589099403,34848.88416392228,13365.32886758478,34358.04283207804,13216.492099042176,33932.26437397994,13087.196912412799,33639.22376011111,12998.046102643917
512,2.5674374374374374,45338.477844504254,16460.93975289892,44938.08187237098,16345.19661519309,44365.97986053644,16179.561989165995,43722.35050058978,15992.642923381069,43051.896075457465,15797.234532668639,42375.0047105727,15599.235789686723,41701.19515211676,15401.452097552974,41035.01943365755,15205.261912348169,40378.719564028455,15011.370852143587,39733.473305353575,14820.168727149618,39100.03888315559,14631.91545567914,38479.202775179474,14446.866716613476,37870.641063806106,14264.979499469713,37274.39336576374,14086.30619515558,36690.93987788782,13911.030901918066,36121.52342518472,13739.573163366913,35568.908164172506,13572.8214659342,35039.09045046019,13412.6527049528,34545.21916110563,13263.115884619418,34116.811052001714,13133.21357599605,33821.95994659782,13043.645132315274
513,2.572432432432432,45593.7681189459,16523.18484046716,45190.85527279405,16406.872523613958,44615.16349532066,16240.424100764598,43967.50487332265,16052.589069717622,43292.86261183856,15856.226249033934,42611.75147730648,15657.263722210093,41933.748370580215,15458.520502869715,41263.432525970195,15261.381561651973,40603.058950504805,15066.555727412588,39953.8119655618,14874.434499168105,39316.45389244338,14685.27888458701,38691.775632685894,14499.345689010408,38079.45077625657,14316.591432712603,37479.51879225814,14137.068555113372,36892.462396239294,13960.961834827789,36319.53150281916,13788.692588984746,35763.506555971515,13621.153257140944,35230.41995404063,13460.22931592954,34733.500731181004,13309.988580225096,34302.44734527601,13179.475794485166,34005.77497186833,13089.487405839945
514,2.5774274274274274,45850.56524310224,16585.764786983378,45445.12057625895,16468.88012835363,44865.81775562403,16301.61339567107,44214.10603095614,16112.85733014799,43535.2511870466,15915.534806566222,42849.89537014863,15715.603178418909,42167.67397035223,15515.895143083811,41493.19357660048,15317.802220127287,40828.722266125056,15122.036465698857,40175.45095491233,14928.99107602544,39534.14608163045,14738.928153419803,38905.602995552304,14552.105635315707,38289.49277912489,14368.479569852467,37685.85475245571,14188.102444955266,37095.17416365079,14011.159722977967,36518.70805699361,13838.074503777787,35959.25325732845,13669.743201015077,35422.8784150585,13508.059918883439,34922.893192055606,13357.111385609758,34489.1788246224,13225.98475143588,34190.67435220133,13135.574095598564
515,2.582422422422422,46108.876875039285,16648.681203562282,45700.88536565818,16531.221025276864,45117.95011752508,16363.131448031527,44462.16133007697,16173.449254467045,43779.069033771724,15975.161729765001,43089.443497134656,15774.255657326654,42402.97893568564,15573.577491873808,41724.30944762923,15374.52533642632,41055.7162527481,15177.814491010988,40398.39689715506,14983.839857505984,39753.12195856808,14792.864638179602,39120.69125805232,14605.147908215833,38500.77335535313,14420.645240712489,37893.407420205476,14239.409172092905,37299.08124718281,14061.62585183547,36719.059050478056,13887.720171777073,36156.154129677394,13718.592540758335,35616.47159760079,13556.145737011539,35113.40221680712,13404.485505279838,34677.01108386763,13272.74163509646,34376.66362666168,13181.906378620493
516,2.5874174174174174,46368.710704175246,16711.93570766688,45958.15725493444,16593.896816537337,45371.568087724256,16424.97983819657,44711.67815741541,16234.366398579603,44024.3234143522,16035.108549141676,43330.40299544977,15833.222663859955,42639.670279488266,15631.569028733247,41956.787029303785,15431.552364919376,41284.04767991859,15233.891232980197,40622.65644325314,15038.982248922846,39973.388057856864,14847.089720305059,39337.04684075404,14658.473865743405,38713.298813731584,14473.089780373279,38102.1829947673,14290.990049108359,37504.18973887812,14112.36151195234,36920.590470606,13937.6308620155,36354.21505860857,13767.702524493287,35811.20528951885,13604.487998353783,35305.03350191079,13452.112148511767,34865.94973991595,13319.747638421637,34563.74835717019,13228.485436597635
517,2.592412412412412,46630.0744513754,16775.529923127175,46216.94388917463,16656.909110596138,45626.67920363679,16487.16015273951,44962.663929936745,16295.610324518408,44271.02162086422,16095.376801237226,43572.7810315175,15892.505708876011,42877.755043409845,15689.871238987827,42190.63324012361,15488.884765711693,41513.72334495112,15290.2681268769,40848.23627146571,15094.419661134227,40194.95094092814,14901.604786687465,39554.67619060004,14712.084871292986,38927.07548897759,14525.814529188441,38312.187700889226,14342.846393769429,37710.50575583796,14163.367998980866,37123.30832934929,13987.807848542612,36553.441953942005,13817.074405277883,36007.08530250089,13653.087935807362,35497.79276731087,13499.992529366094,35056.00043281964,13367.003959086538,34751.934128573426,13275.312455898227
518,2.5974074074074074,46892.97586904721,16839.46548015887,46477.25294470409,16720.25952224027,45883.29103348548,16549.673984474655,45215.12609493268,16357.182600462145,44519.17097521198,16155.968028639913,43816.58480108802,15952.10630917999,43117.24029792917,15748.485613812538,42425.85502692588,15546.52400466033,41744.75007301439,15346.946613627331,41075.143087430755,15150.153510559718,40417.81719612548,14956.411229686802,39773.58578098755,14765.982293636887,39142.10974181435,14578.820832800115,38523.42778888513,14394.97952904493,37918.035440298314,14214.646613688627,37327.21866339319,14038.252410439462,36753.84074980146,13866.70944112005,36204.117472144724,13701.946787141072,35691.68575649218,13548.127866701665,35247.16882584964,13414.511799500662,34941.22654871369,13322.388627580684
519,2.602402402402402,47157.422741235496,16903.74401538205,46739.092129180906,16783.94967260126,46141.41117639388,16612.522932475655,45469.072130113076,16419.084800753495,44768.778829217896,16216.8837800031,44061.821529327026,16012.025987542549,43358.13314244136,15807.41365024888,42662.4593649714,15604.471553391078,41977.13471721568,15403.928139830188,41303.383624248185,15206.185219196701,40641.993438786274,15011.510447147852,39993.782111848726,14820.167506941016,39358.40795904986,14632.110042154543,38735.909534712344,14447.390783120047,38126.78495970629,14266.198661973564,37532.32753421164,14088.965831833415,36955.417404688276,13916.608894992307,36402.307658030506,13751.065795009677,35886.71823655184,13596.51938418975,35439.46060556633,13462.272366821873,35131.63124849914,13369.71514740746
520,2.6073973973973974,47423.4228837179,16968.367171839996,47002.46918169048,16847.981189173697,46401.047262479515,16675.708602093804,45724.50954369771,16481.318505917192,45019.85256471304,16278.125610062993,44308.4984709046,16072.266272717337,43600.440705345296,15866.656851222086,42900.45325803056,15662.728889315431,42210.88415868549,15461.214157773284,41532.96464256296,15262.51621463676,40867.48631132368,15066.903842416326,40215.27170973118,14874.641890780767,39575.97655365613,14685.683513517703,38949.639240049546,14500.081489411685,38336.76050679678,14318.02545487913,37738.64102814246,14139.949401913058,37158.1779015556,13966.774034846407,36601.66174379384,13800.446206968392,36082.895998271146,13645.168310328287,35632.88148189036,13510.286872970391,35323.153881974,13417.29321585895
521,2.612392392392392,47690.98414410055,17033.33659901798,47267.391872840206,16912.355705833892,46662.20695294736,16739.232604976463,45981.445874508434,16543.88530267813,45272.3995936276,16339.695079656483,44556.62291008432,16132.82869945852,43844.17014413133,15926.216725558364,43139.84373846953,15721.29749564751,42446.00530666219,15518.806125450248,41763.89293064848,15319.147930082056,41094.30248330845,15122.592824355035,40438.06112787857,14929.406830156888,39794.82196484843,14739.542608490976,39164.623232374746,14553.052986583873,38547.96829966911,14370.12830860943,37946.16525646297,14191.204414943082,37362.128247882625,14017.206133627997,36802.18563719871,13850.08927548726,36280.22485618757,13694.075878456091,35827.43718817378,13558.556534642872,35515.800126388924,13465.124038147389
522,2.6173873873873874,47960.11440191377,17098.65395286209,47533.86800485438,16977.074862858528,46924.897940183444,16803.096559085458,46239.888692061286,16606.78678397954,45526.42735808171,16401.59375573903,44806.20216081258,16193.71480853835,44089.32864546896,15986.094788002209,43380.637867336634,15780.178861421133,42682.50509857701,15576.705506577297,41996.17530449006,15376.081804361853,41322.448651551196,15178.57880736009,40662.15694631141,14984.463715511461,40014.95065816482,14793.688694026803,39380.867865043496,14606.306618563187,38760.41458186395,14422.508544544378,38154.90635546548,14242.732170279227,37567.27447574898,14067.906469291333,37003.8852702108,13899.99625796565,36478.710648666856,13743.243326767119,36023.133481271216,13607.082573326454,35709.57568227157,13513.208824230811
523,2.622382382382382,48230.82156870818,17164.320895798108,47801.90541166935,17042.140306943376,47189.127947848705,16867.302088715558,46499.845596658895,16670.02454900113,45781.94333047632,16463.82321140253,45057.243566807905,16254.926146764827,44335.923425294844,16046.292559233716,43622.84273444879,15839.37448150683,42920.39050013906,15634.913770609948,42229.81860786868,15433.31928194897,41551.931540184574,15234.863211377124,40887.56577190796,15039.813942743827,40236.369125545694,14848.12314244438,39598.379517367066,14659.843734554217,38974.10562244036,14475.167489254927,38364.87048653316,14294.533972383262,37773.62264190932,14118.876324813984,37206.76659907085,13950.168416746761,36678.35923797541,13792.671898324757,36219.97614161108,13655.866215312892,35904.48627349723,13561.548788827016
524,2.6273773773773774,48503.11358815081,17230.339096750413,48071.51195902871,17107.55369122201,47454.9047309729,16931.85082451292,46761.32421948313,16733.60020317733,46038.95501358431,16526.38502589325,45309.75450165053,16316.46426699926,44583.96172890095,16106.81156588593,43866.465458478255,15898.885856628924,43159.668505420654,15693.432392759867,42464.82971244476,15490.861812976325,41782.757900745826,15291.447461917543,41114.29423848536,15095.45891322659,40459.08388541352,14902.847331445404,39817.16459469105,14713.665689055008,39189.04771605289,14528.106474518278,38576.0638362159,14346.611130837937,37981.178827867996,14170.116988211623,37410.83560436821,14000.607019132134,36879.176510352576,13842.362841076147,36417.97097326719,13704.908691712659,36100.537647359604,13610.145151427572
525,2.632372372372372,48776.99843612139,17296.710231160923,48342.69554457875,17173.316675284583,47722.23607604879,16996.74440349365,47024.33222268769,16797.51535821553,46297.46994064164,16589.280784629787,45563.7423688724,16378.330728174018,44833.45083102282,16167.653340562258,44111.5131870394,15958.714493382631,43400.34613694265,15752.26285401166,42701.21551784213,15548.71085325349,42014.93451225938,15348.332990074827,41342.34900688085,15151.400033821645,40683.10148275283,14957.86264412983,40037.22952847381,14767.773841872615,39405.24718302894,14581.326837333148,38788.492616306416,14398.964960362035,38189.94913995386,14221.62975255277,37616.098291114446,14051.313337396221,37081.16837608328,13892.317407866514,36617.123804030234,13754.211238469092,36297.73557464171,13658.999136311824
526,2.6373673673673674,49052.484120808935,17363.435981008075,48615.464097964126,17239.430925196648,47991.12980112657,17061.984469062358,47288.87729949108,16861.771632114334,46557.495675438964,16652.512079221084,45819.21460204686,16440.527095310175,45084.398035928,16228.819421853845,44357.99309677574,16018.861904251195,43642.43044575997,15811.406641139745,42938.98295173218,15606.86786428326,42248.46818131948,15405.52123254082,41571.73676503316,15207.638716896225,40908.42848919018,15013.170469011682,40258.58077636533,14822.169558138608,39622.710369446264,14634.829919935084,39002.16306391643,14451.596780825394,38399.9397093953,14273.415915973615,37822.56068881717,14102.288648800944,37284.34076957071,13942.536856453504,36817.44048547954,13803.77509637258,36496.08584968695,13708.111972560948
527,2.642362362362362,49329.57868280847,17430.51803482583,48889.82558092356,17305.89811351795,48261.59375590828,17127.572671030714,47554.96717426975,16926.370649181925,46819.03981241307,16716.0805074844,46076.17866487887,16503.054939535283,45336.81067750477,16290.311354357074,44605.91239344712,16079.32960762307,43885.92851154746,15870.86524672525,43178.13896991824,15665.3343132783,42483.36574217326,15463.013631622114,41802.46422806411,15264.176380338988,41135.07150307447,15068.772200034879,40481.2248222861,14876.854208324656,39841.44364721049,14688.617069811758,39217.08144155297,14504.507917263993,38611.15669239539,14325.476781692854,38030.228851554006,14153.534235610323,37488.69964940913,13993.022449521623,37018.926893054944,13853.601511074768,36695.594290470275,13757.484894072019
528,2.6473573573573574,49608.29019521794,17497.958087722745,49165.78798738603,17372.719919321356,48533.63582184252,17193.510665636106,47822.60960265126,16991.31404005435,47082.109976738735,16779.987673463456,46334.64205129527,16565.915838101144,45590.69611935079,16352.130688691037,44855.27831201701,16140.119127809121,44130.847442685685,15930.640169172937,43418.69055641999,15724.111673177764,42719.63405680375,15520.811635256408,42034.53813836029,15321.014447576143,41363.03714955726,15124.669236589047,40705.168176506144,14931.829168258144,40061.45341413299,14742.689639718317,39433.254037194994,14557.699699895054,38823.60627020702,14377.813658026547,38239.10885804664,14205.051385105093,37694.250998456904,14043.775454696617,37221.58892612878,13903.691733102789,36896.26673866961,13807.119139572142
529,2.6523523523523522,49888.626763735265,17565.757841401028,49443.35934356672,17439.89802821173,48807.26391221939,17259.80011556029,48091.812371607804,17056.60344171395,47346.71382442066,16844.235187446477,46594.61228553526,16629.111374401586,45846.06175486222,16414.278981515028,45106.09811674004,16201.231995059858,44377.19437634694,15990.732912728125,43660.64472355817,15783.201422663991,42957.280015013144,15578.916697028897,42267.96526565494,15378.154347587555,41592.33208067324,15180.862983525445,40930.417375724275,14987.095819137761,40282.746094008704,14797.048987692766,39650.68716436994,14611.173464132178,39037.29464920846,14430.427858403018,38449.20681173502,14256.841389597364,37901.000823909555,14094.797144559949,37425.432508078076,13954.047017873529,37098.10905973724,13857.015952632542
530,2.6573473473473475,50170.59652675556,17633.919004175666,49722.5477080635,17507.434132344864,49082.48597226546,17326.442689948068,48362.583299549784,17122.240497507762,47612.8590423856,16908.82466598431,46856.096922241035,16692.64313799034,46102.91500732276,16476.757795546135,45358.379101249666,16262.66974558268,44624.9764785816,16051.144987493728,43904.0085120393,15842.605046179202,43196.310534506185,15637.330276188732,42502.752407109954,15435.597514922974,41822.962975421025,15237.354851172864,41156.97898314735,15042.65554754918,40505.328136694254,14851.696477071353,39869.387162230545,14664.930550600478,39252.228060978865,14483.320701377768,38660.52884085188,14308.90554644533,38108.95515737304,14146.088796663244,37630.46358635673,14004.66862570789,37301.127142971374,13907.176581682736
531,2.6623423423423422,50454.20765546865,17702.443290993586,50003.36117195341,17575.329930446493,49359.30997923911,17393.44006442606,48634.930236419576,17188.22685716598,47880.55334857461,16973.75773190861,47119.10354654849,16756.5127245989,46361.263329992995,16539.56869957679,45612.12858864594,16324.433921559203,44874.20094440443,16111.877909447225,44148.7889910406,15902.324033942245,43436.73256097364,15696.053837665499,42738.90638739806,15493.34538971818,42054.93653984389,15294.146255353555,41384.85958856985,15098.509745480726,40729.206018186065,14906.633476504028,40089.36039563177,14718.972305151805,39468.41276237397,14536.493510648428,38873.08109849703,14361.245158067979,38318.12005493716,14197.651693542815,37836.68813256801,14055.55782184513,37505.326901588,13957.602280024714
532,2.6673373373373375,50739.468353956676,17771.33242345283,50285.807858889384,17643.58712783128,49637.7439425259,17460.793921121418,48908.86106378557,17254.564176820422,48149.804492035604,17039.036014350022,47383.63977417827,16820.7217361544,46621.11420619991,16602.71326849241,45867.353931583595,16386.526071162574,45124.87499788111,16172.933200457735,44394.99325829522,15962.359881965385,43678.55306817616,15755.088852085702,42976.43405878518,15551.399417711245,42288.25950711082,15351.238617399216,41614.06580845356,15154.659810339112,40954.386240698834,14961.861359969897,40310.61325520787,14773.300078879927,39685.8550356019,14589.947615069736,39086.86976271213,14413.86153195982,38528.50159724902,14249.487122734176,38044.11214253707,14106.715876457178,37710.71427279266,14008.294305847143
533,2.6723323323323322,51026.38685929196,17840.5881298218,50569.89592519718,17712.20743642188,49917.79590373413,17528.505948680664,49184.383694936296,17321.25411902305,48420.62025301597,17104.661148756433,47649.71325152695,16885.2717807976,46882.47514942644,16666.193083289007,46124.06251236013,16448.947748574836,45377.00589221499,16234.312388303088,44642.628440177396,16022.714092071074,43921.77905802805,15814.436795789312,43215.3423012129,15609.761050258814,42522.93863759756,15408.633364166993,41844.60428600731,15211.10714496518,41180.87533274394,15017.381506792703,40533.15215744965,14827.915228135798,39904.561188299216,14643.684348668541,39301.901036555486,14466.755980705679,38740.10588958683,14301.596376786601,38252.7416363837,14158.144064663002,37917.29521785253,14059.253922239597
534,2.677327327327327,51314.97144163492,17910.212145058507,50855.63355997243,17781.19257476801,50199.47393679073,17596.577842288483,49461.50607497474,17388.298352764534,48693.00844305538,17170.634776911218,47917.33165575822,16950.16447290082,47145.35370340132,16730.009731090904,46382.261743004216,16511.700514004315,45630.60090983391,16296.017006686938,44891.70169178802,16083.388171908808,44166.417560681315,15874.099150846301,43455.638022381085,15668.431744352356,42758.98071896798,15466.331928055499,42076.48169126694,15267.853157649648,41408.67984920815,15073.195301656346,40756.98354478183,14882.819114542806,40124.53755360703,14697.70505065881,39518.18114817694,14519.92982199547,38952.939061933575,14353.9807532777,38462.58265859507,14209.843666543018,38125.07572216855,14110.482397206832
535,2.6823223223223223,51605.23040433231,17980.206210829856,51143.02898517787,17850.544268065587,50482.786148037085,17665.01130368663,49740.236180912856,17455.698553492835,48966.976905078795,17236.95854695154,48186.50269489445,17015.401433085946,47409.757442189104,16794.164805168446,46641.95906536415,16574.78593370307,45885.66736247729,16358.048595255916,45142.22019704015,16144.383634971997,44412.4756346099,15934.07740507325,43697.32815783076,15727.412962634517,42996.392566255476,15524.335747020874,42309.70472117546,15324.89926214894,41637.8063714324,15129.304134620455,40982.11388564062,14938.013105012109,40345.79049024726,14752.011065456723,39735.71635089302,14573.38437863906,39167.00726905111,14406.641554828037,38673.64127809875,14261.815967153485,38334.061795347676,14161.981003683055
536,2.687317317317317,51897.17208401556,18050.572075530978,51432.090455740894,17920.26424817586,50767.740676325244,17733.80804119281,50020.582021766204,17523.456403131815,49242.53351348963,17303.634113386663,48457.23410790835,17080.98428824249,47675.693970280234,16858.65990495573,46903.161951196504,16638.205579984326,46142.21259128327,16420.408699616775,45394.19116874475,16205.702000614838,44659.960366693915,15994.373052049963,43940.41967102698,15786.706173415454,43235.18102194459,15582.646264592882,42544.280099663265,15382.246877700985,41868.26150729078,15185.709401135924,41208.549674551265,14993.498571757927,40568.326382599094,14806.603742695725,39954.51292326203,14627.120978581092,39382.3166905541,14459.580089115752,38885.92358833583,14314.062256540976,38544.25947127532,14213.75101954624
537,2.6923123123123123,52190.80485069935,18121.311494304617,51722.826259651025,17990.354253644586,51054.34569311421,17802.96976971961,50302.551638648874,17591.573590099935,49519.68617426314,17370.66313711634,48729.533664814764,17146.914671545637,47943.17092268146,16923.496636068387,47165.87790225501,16701.96103123997,46400.2439668761,16483.098871353635,45647.621848696705,16267.344794069268,44908.87887230426,16054.987591136127,44184.91955344205,15846.312850689244,43475.352956052746,15641.264929891031,42780.21457772856,15439.897429041115,42100.05189126956,15242.41250206054,41436.29743220599,15049.276892312908,40792.15164077547,14861.484437241661,40174.57716915955,14681.140954915854,39598.8735309844,14512.797668891233,39099.43570733411,14366.58382975682,38755.67480818797,14265.79372763248
538,2.697307307307307,52486.13710788036,18192.426229060507,52015.24471805787,18060.8160297213,51342.6094025665,17872.498210793496,50586.15310486851,17660.051809328877,49798.44282503988,17438.047285449196,49003.40916676275,17213.19422247435,48212.195965006256,16988.676610321396,47430.11445037942,16766.053871958073,46659.7688894537,16546.120668045187,45902.51950776078,16329.313546461872,45159.238295387244,16115.922527488006,44430.8348246387,15906.234474150284,43716.9152662122,15700.193197640732,43017.51493351794,15497.852346417927,42333.18418454649,15299.414843674618,41665.36370554188,15105.349449543533,41017.2727006999,14916.654509207918,40395.91541785386,14735.445645902233,39816.68401988536,14566.295611991805,39314.1837777816,14419.381986871624,38968.31388874582,14318.11041575034
539,2.7023023023023023,52783.17729263618,18263.918048494845,52309.35418536906,18131.65132837855,51632.540041644774,17942.395092573803,50871.39452602145,17728.892762282314,50078.811435219475,17505.788232121173,49278.868446127635,17279.824586829534,48482.77679356549,17054.201445746927,47695.87915758492,16830.48569274046,46920.794788875355,16609.475653281996,46158.89144595801,16391.609794830954,45411.04580854943,16177.179372075123,44678.17253235358,15966.472529209723,43959.87487775201,15759.43252818943,43256.18797240703,15556.113065609208,42567.66507507021,15356.717837696673,41895.755067819,15161.717631665495,41243.696024183264,14972.115323970587,40618.534024081586,14790.036394978599,40035.7544118763,14620.075241356453,39530.17396709988,14472.458032989778,39182.18282010564,14370.70237669525
540,2.707297297297297,53081.9338757244,18335.788728109714,52605.16304934843,18202.86190833118,51924.14588020869,18012.662149871776,51158.28404008822,17798.098156974665,50360.80000605438,17573.887657313968,49555.919366603455,17346.807416752174,48754.92113545828,17120.072766612244,47963.17961615126,16895.25809032028,47183.3291247495,16673.165396683762,46416.744992552034,16454.235082143492,45664.308613142544,16238.759641697037,44926.93975258079,16027.028507011952,44204.238743780326,15818.984387522889,43496.2405270815,15614.681027937875,42803.501277639785,15414.322901299109,42127.47811869874,15218.382832259182,41471.428099000805,15027.86825218367,40842.439368123574,14844.914550777818,40256.09098672725,14674.13788504055,39747.412467517905,14525.813278264026,39397.287733993704,14423.570908263919
541,2.7122922922922923,53382.41536168189,18408.040050232637,52902.679731214324,18274.44953505567,52217.435221112,18083.301124169622,51446.82981752904,17867.669707989873,50644.4165707441,17642.347247673573,49834.569823295395,17414.144370741542,49028.63674866299,17186.292203437544,48232.02344871228,16960.37266757961,47447.379386521825,16737.1914739167,46676.0875061356,16517.190957312214,45919.03393934869,16300.66485900011,45177.14358965564,16087.90390445111,44450.01384526673,15878.850247281358,43737.67945761789,15673.557680287982,43040.69953398439,15472.23145712392,42360.539484322064,15275.3464502851,41700.475438969275,15083.914669794309,41067.63785588071,14900.081467142209,40477.70004943364,14728.484876230634,39965.90549614571,14579.449037910033,39613.63478677897,14476.717313268802
542,2.717287287287287,53684.6302889243,18480.673804036083,53201.9126857382,18346.4159808095,52512.41640029965,18154.313763639682,51737.04006137962,17937.609136500247,50929.66919452923,17711.168696328776,50114.82774281255,17481.83711367344,49303.931422128364,17252.861393013973,48502.418308345645,17025.83103356716,47712.953093563425,16801.555466710874,46936.926374717346,16580.478975212685,46175.22904626563,16362.896552494307,45428.79117633861,16149.10022418761,44697.20719112475,15939.031584775888,43980.511651565,15732.744475120691,43279.26661284314,15530.444933298444,42594.94581738819,15332.609890099413,41930.84458402424,15140.255958058007,41294.13591895005,14955.538503138569,40700.587930291316,14783.11755325921,40185.65929504838,14633.366632220992,39831.23015954625,14530.142899552542
543,2.7222822822822823,53988.58722984581,18553.691785557072,53502.87040134338,18418.76302465056,52809.09778690533,18225.701823163516,52028.923007347046,18007.918170285287,51216.56597478601,17780.353702909706,50396.70108336078,17549.887316818484,49580.812975864945,17319.781978421557,48774.371878662605,17091.63480351589,47980.05779525912,16866.25896287759,47199.26901580878,16644.100696700407,46432.9012219923,16425.45625657003,45681.88967389929,16210.61897466472,44945.82581829459,15999.529883004614,44224.74402402506,15792.24287049034,43519.20931004513,15588.96476345117,42830.703797233255,15390.174561469452,42162.54210029753,15196.893503553953,41521.9400147011,15011.287023073217,40924.76098497166,14838.037259619585,40406.68013132021,14687.56738658226,40050.08005816969,14583.848980002502
544,2.727277277277277,54294.29479091881,18627.09579771679,53805.5614002039,18491.49245245657,53107.48778334902,18297.4670643511,52322.486923905955,18078.59854375064,51505.11504112081,17849.903973566514,50680.19783483569,17618.296657860385,49859.28926103645,17387.05560904725,49047.891873898094,17157.785598860784,48248.70107109602,16931.303556326835,47463.122876511225,16708.05768862798,46692.05778371434,16488.34551151501,45936.44627220069,16272.46167012512,45195.87679182586,16060.346630669053,44470.383517735216,15852.054330060471,43760.53444858958,15647.792386727502,43067.82012990913,15448.041879589266,42395.57458019478,15253.828698200306,41751.05662635204,15067.328396507108,41150.22559459668,14893.245343980692,40628.97429715879,14742.052631486027,40270.190713386226,14637.836872565267
545,2.7322722722722723,54601.76161279403,18700.887650340228,54109.994238343665,18564.606056944547,53407.59482543468,18369.611255560067,52617.74011239471,18149.65199794697,51795.32455546492,17919.82122098791,50965.32601891591,17687.066820914286,50139.36816005162,17454.683940602925,49322.9860390008,17224.285047256562,48518.890530752244,16996.690847084756,47728.4954336031,16772.351523862275,46952.70607778996,16551.565863531185,46192.46818978357,16334.629830627577,45447.36720496067,16121.48332219051,44717.437103149234,15912.180323119952,44003.24887872608,15706.929247805623,43306.30154826247,15506.213265095224,42629.948642473195,15311.062939269555,41981.49226304634,15123.663998270873,41376.98816581446,14948.743160201997,40852.54810993945,14796.82370254598,40491.568380869256,14692.1079002612
546,2.737267267267267,54910.996370400775,18775.069160175874,54416.17750573568,18638.105637690336,53709.42738244828,18442.136171914924,52914.69090711195,18221.08028058897,52087.202712169434,17990.107164419907,51252.09368915646,17756.19949654516,50421.05758665595,17522.66863514347,49599.662149723554,17291.134782595444,48790.63381418561,17062.422441311122,47995.394193627275,16836.98378130162,47214.85347983575,16615.11886475161,46449.96267395099,16397.12498206356,45700.30417921669,16182.941457726445,44965.91177851923,15972.622324599077,44247.359478035134,15766.376796912376,43546.15481201376,15564.69014408161,42865.67093231941,15368.597629403872,42213.25345992935,15180.295208480002,41605.055130874636,15004.532067348391,41077.407912289724,14851.88194051203,40714.21934130245,14746.66339119903
547,2.7422622622622623,55222.00777304725,18849.64215091542,54724.11982640149,18711.993001148134,54012.993957255894,18515.04359532636,53213.34767541321,18292.885146074328,52380.75773810043,18060.76352968448,51540.50893108232,17825.696381786165,50704.365486023715,17591.01136108491,49877.92801271384,17358.336445025034,49063.938591722836,17128.499951316866,48263.8266929786,16901.956045893083,47478.50739481294,16679.00607325748,46708.937000852995,16459.94865617394,45954.6948644705,16244.722543186883,45215.81456997762,16033.38181508576,44492.87315150861,15826.136489839113,43787.3867078367,15623.473948116252,43102.74812142748,15426.434176630502,42446.3467782251,15237.223412549942,41834.43294770404,15060.613429705129,41303.56007216396,14907.228691285052,40938.149900453674,14801.504678590443
548,2.747257257257257,55534.804564521255,18924.608453213557,55033.82985851094,18786.26996067005,54318.30308640204,18588.335314510558,53513.71881780774,18365.06835550277,52675.9978927342,18131.792049198306,51830.57986228209,17895.55918015713,50989.29983485021,17659.713793222516,50157.791465604416,17425.89168096611,49338.812564148575,17194.92499558162,48533.80049799166,16967.269908649698,47743.67525711362,16743.22905309504,46969.39847557146,16523.10239056574,46210.54643904107,16306.828090250872,45467.15253161917,16094.46028084168,44739.79683163064,15886.20978795766,44030.004049437644,15682.566114256224,43341.186908077056,15484.573994377186,42680.77880531333,15294.450001211342,42065.12809998249,15116.9886167928,41531.01098291818,14962.86530593165,41163.36638924914,14856.633100764722
549,2.7522522522522523,55849.39552319091,18999.96990470774,55345.31629448194,18860.938336525785,54625.36334020819,18662.013125008554,53815.81276805551,18437.631676695153,52972.93146825268,18203.194461991556,52122.31463250197,17965.789601682995,51275.86864144411,17728.777612749014,50439.26037710421,17493.80214313051,49615.26346279485,17261.69919877134,48805.323205028646,17032.926966667812,48010.36453064709,16807.789374292683,47231.35443220505,16586.587728728828,46467.866109773284,16369.259616382955,45719.93274558331,16155.859213818501,44988.13747845843,15946.59815823625,44274.013677635085,15741.968085063534,43580.99401721171,15543.018501487617,42916.55615480641,15351.976370525232,42297.14709721868,15173.659003382309,41759.76706338496,15018.793140698945,41389.8751638475,14912.05000118342
550,2.757247247247247,56165.789462105604,19075.728350038018,55658.58786108042,18935.999955922183,54934.18332287132,18736.07882920561,54119.637993264405,18510.57688421251,53271.56678963916,18274.972513726672,52415.721423739815,18036.389362912323,51564.07994582002,17798.204507272767,50722.34264708935,17562.069490539045,49893.29904963058,17328.824191755906,49078.4024405673,17098.928823144393,48278.58270892654,16872.688612877955,47494.812233954435,16650.406220052737,46726.66111212174,16432.01864484969,45974.16232213643,16217.580111674122,45237.90207970332,16007.303073255505,44519.42246043952,15801.681308620835,43822.176200517446,15601.769122236923,43153.68546662664,15409.80392189827,42530.4964748263,15230.625969509892,41989.83475794846,15075.01355702941,41617.68260571433,14967.75672845502
551,2.7622422422422424,56483.99522909715,19151.885640866916,55973.65331952058,19011.456653022986,55244.77167256294,18810.534236350668,54425.20299398756,18583.90575937523,53571.91221477404,18347.127956717224,52710.80845033942,18107.360186935824,51853.94181979107,17867.996170835988,51007.04620669424,17630.695388539443,50172.92711735115,17396.30161162674,49353.0458612892,17165.27708739438,48548.33731515567,16937.928350894646,47759.77927320754,16714.559419843445,46986.93871023466,16495.106704736158,46229.848399754504,16279.624477788944,45489.097650812,16068.32601122444,44766.23729313329,15861.707238547206,44064.74023650115,15660.827286347178,43392.17340708366,15467.934062098026,42765.18279420019,15287.890900492157,42221.22053661961,15131.527921575711,41846.795121696494,15023.754636349659
552,2.767237237237237,56804.02170688114,19228.44363589932,56290.52146556532,19087.31026896852,55557.137061528076,18885.381162575803,54732.51630432092,18657.620090282253,53873.97613453086,18419.66254994677,53007.583959084914,18178.70380340495,52145.46236706198,17938.154303933054,51293.379018403044,17699.681508824313,50454.15548946832,17464.133101714542,49629.261154168125,17231.97337486813,48819.63590231571,17003.510176419924,48026.26297162513,16779.048889340225,47248.706197037995,16558.525330962562,46486.9981452058,16341.993821282163,45741.73123504788,16129.66845599653,45014.46509835052,15922.047334013907,44308.69293056947,15720.194429002906,43632.02666895189,15526.368203268235,43001.212642792736,15345.455186941164,42453.93089511144,15188.337606215568,42077.219144096845,15080.045083813864
553,2.7722322322322324,57125.87781315843,19305.40420090243,56609.20112962678,19163.56265189546,55871.288196184374,18960.62143091568,55041.58649200093,18731.72167183021,54177.766972872414,18492.578059087773,53306.05622929536,18250.421948550487,52438.64972332194,18008.68061352879,51581.3490761411,17769.029529449184,50736.99202040025,17532.320311606985,49907.05603655846,17299.019307168775,49092.48605325246,17069.435683581487,48294.27078022636,16843.876195732533,47511.970894319675,16622.27606430081,46745.61875363363,16404.68965702814,45995.80990357256,16191.33189708576,45264.11282615741,15982.703059760212,44554.04111510766,15779.871990866679,43873.25197154822,15585.107762944179,43238.59263419036,15403.32022477953,42687.97235491468,15245.44398806669,42308.96113074906,15136.629434985334
554,2.777227227227227,57449.57250071697,19382.769208725713,56929.70117686709,19240.215656956643,56187.23381722171,19036.256871327132,55352.422158502515,18806.2123057327,54483.29318694716,18565.87625652054,53606.233572919555,18322.51636520118,52733.512056337924,18079.57681307683,51870.96440536667,17838.741134850523,51021.44459556163,17600.864897166455,50186.43825628403,17366.41651206977,49366.89538076347,17135.706472574704,48563.81017947458,16909.042912176865,47776.74015281389,16686.36045139113,47005.717448639414,16467.713505672702,46251.34075552747,16253.317829682706,45515.18745413254,16043.675886109246,44800.79164955859,15839.861418094692,44115.85606080976,15644.154164067982,43477.32940819014,15461.487415255553,42923.35146337325,15302.848449501673,42542.02756509246,15193.509059207723
555,2.782222222222222,57775.114757533505,19460.54053932092,57252.03050729931,19317.271146340852,56504.98269970166,19112.289320708715,55665.03193913704,18881.093800539573,54790.56326718562,18639.55892135216,53908.12433463088,18394.988802802432,53030.05756604811,18150.84462253794,52162.23306316276,17908.818015863795,51307.52113145407,17669.768520547852,50467.41559172694,17434.1666235323,49642.871527685485,17202.324149679847,48834.888679363336,16974.550617813726,48043.0213522857,16750.780044758758,47267.30148236594,16531.06689364959,46508.33091811571,16315.627754670695,45767.6959874473,16104.967288983855,45048.951420502024,15900.164162352401,44359.84570937185,15703.508835004024,43717.42963087655,15519.958164958323,43160.074793759995,15360.552378162965,42776.42495624704,15250.685331045444
556,2.787217217217217,58102.513606875815,19538.720079762134,57576.19805588855,19394.730989292708,56824.543653157205,19188.720622920286,55979.42450315071,18956.36797165622,55099.58573739723,18713.62783943559,54211.7368919226,18467.841017434996,53328.294484655315,18222.48576839847,52455.16313832917,17979.261869741575,51595.22957575655,17739.03285021638,50749.99585191642,17502.271281722842,49920.42216698193,17269.290327279337,49107.51381950236,17040.400897784566,48310.82190161581,16815.5364028306,47530.3781355805,16594.751353196818,46766.78754668401,16378.263178641939,46021.64545894659,16166.578749922506,45298.52734173386,15960.781680830145,44605.22771664617,15763.173209554345,43958.89999469844,15578.73388583294,43398.14894535266,15418.557166977862,43012.15983908875,15308.159630298534
557,2.792212212212212,58431.77810740491,19617.309724265866,57902.2127926533,19472.597062132532,57145.92552169282,19265.552628802667,56295.60855382287,19032.03664136294,55410.369154867156,18788.084803388632,54517.07965520308,18541.074771833693,53628.23107672087,18294.50198368875,52749.76275147463,18050.074400171718,51884.5779074161,17808.659560965392,51034.18687661826,17570.73213303073,50199.55500183071,17336.606623874995,49381.693169204,17106.5953432488,48580.149238885286,16880.631089951952,47794.9547177585,16658.76842237315,47026.71782480478,16441.225613913735,46277.04292922954,16228.511756095211,45549.52635434565,16021.715436258844,44852.00890889885,15823.14872697405,44201.74721854605,15637.81599519574,43637.58054350994,15476.864214173502,43249.23877432474,15365.93334201752
558,2.797207207207207,58762.91735327757,19696.31137421116,58230.0837227669,19550.871248276337,57469.137184084575,19342.787196197336,56613.5928285648,19108.101638834298,55722.92211045328,18862.93161261303,54824.161067891204,18614.691835406207,53929.87563925841,18366.89500800159,53046.04005510927,18121.25731729549,52175.57413673869,17878.65033393428,51319.99653642391,17639.55083008574,50480.27776571202,17404.274664105356,49657.43432756954,17173.135551400785,48851.01083146067,16946.065676403272,48061.03856716698,16723.11964507459,47288.128964358424,16504.516578544662,46533.89548673044,16290.767800319487,45801.95542680428,16082.966896925705,45100.19613932893,15883.436831986834,44445.97804782828,15697.205915749502,43878.37623974762,15535.474923291918,43487.66834856884,15424.007856518325
559,2.802202202202202,59095.940474248884,19775.726938159718,58559.81988665934,19629.555438255735,57794.187553880445,19420.426189966067,56933.38609901832,19184.56480015856,56037.25322868352,18938.17007331355,55132.98960651212,18688.6939842519,54233.23650182809,18439.666587510765,53344.00323373704,18192.81233772579,52468.22630548022,17949.00685662639,51607.43273284017,17708.72903177568,50762.598222496315,17472.296078762996,49934.744923575796,17240.023125486918,49123.41417607907,17011.841738416926,48328.63705094848,16787.806571050893,47551.02820561573,16568.137596350836,46792.210247799834,16353.348381076334,46055.821555031565,16144.537536689944,45349.79628814688,15944.038974800407,44691.59925454997,15756.905075598728,44120.542711814844,15594.390703205108,43727.45517441722,15482.3845693972
560,2.807197197197197,59430.856635775155,19855.558331876124,58891.43036011889,19708.651529737966,58121.08557950081,19498.471482010707,57254.99717115483,19261.427968357115,56353.371167853176,19013.80199851721,55443.57378079303,18763.083001180607,54538.322026630725,18512.818474989566,53643.66050394848,18264.74118456538,52762.54248693764,18019.730822926933,51896.50339837876,17778.268403264065,51046.5241665327,17540.672504811904,50213.63261616195,17307.25967482271,49397.36679893351,17077.960858194005,48597.757565204876,16852.830755922092,47815.42281732047,16632.090196922192,47051.99435678575,16416.255002526275,46311.131762484416,16206.428834998522,45600.8162626533,16004.956611122037,44938.6176373894,15816.914908264911,44364.08666377068,15653.612968130088,43968.605890524115,15541.064881545666
561,2.812192192192192,59767.675039116875,19935.807478348073,59224.924254394355,19788.16142754597,58449.840244339175,19576.924951292964,57578.43488537463,19338.69299340396,56671.28462012258,19089.829208092382,55755.92213375913,18837.860675731572,54845.140608602276,18586.352429829352,53945.020114513514,18337.04558742516,53058.530786040385,18090.823933120966,52187.21649664616,17848.170616007792,51332.06342273707,17609.40558540486,50494.10509431635,17374.846814809884,49672.8762557585,17144.42462392118,48868.407535081526,16918.19376119505,48081.320096771975,16696.375915638775,47313.25498611506,16479.48917452536,46567.893100234716,16268.642276901974,45853.26299731765,16066.19120217412,45187.040021775916,15877.236852701879,44609.01482606066,15713.143137644054,44211.12716167766,15600.050199165484
562,2.817187187187187,60106.40492144202,20016.4763078066,59560.310716297274,19868.087043678388,58780.46056686298,19655.788483854216,57903.70811660615,19416.361732245266,56991.00231161481,19166.25352876802,56070.04324182991,18913.028804192312,55153.700675508466,18660.270218058147,54248.090346474615,18409.72728244246,53356.19933944175,18162.287893911423,52479.58002243364,17918.43734777486,51619.223846680776,17678.496969900887,50776.170077163544,17442.786166953534,49949.95013191553,17211.234629787552,49140.59441485151,16983.897154280065,48348.7273699082,16760.996293687065,47575.99933637495,16543.052412641242,46826.11264704961,16331.179353070233,46107.143453857185,16127.744214709715,45436.873259967746,15937.872353311133,44855.33395559351,15772.982636699515,44455.02567887593,15659.341933783699
563,2.822182182182182,60447.055555929335,20097.566757746416,59897.598928304375,19948.43029732975,59112.955600714704,19735.063972835338,58230.82577440537,19494.436048818865,57312.533002513665,19243.076794152912,56385.94571491543,18988.589189617564,55464.01068803947,18734.57361235932,54552.87951323992,18482.78801229938,53655.55631561074,18234.124418437117,52773.60200180742,17989.070282662084,51908.01332467929,17747.94831388271,51059.83531405175,17511.079358879277,50228.596042479054,17278.392476001583,49414.325687999975,17049.942508507524,48617.65199138862,16825.952878076358,47840.2346363947,16606.946238169316,47085.797509471886,16394.041559808455,46362.4646213162,16189.617121028172,45688.124231129914,15998.82285995722,45103.05083581811,15833.132895639455,44700.30815940318,15718.94150226766
564,2.827177177177177,60789.63625187201,20179.080772946218,60236.79810866011,20029.193114910584,59447.334434813136,19814.753318496623,58559.79680305573,19572.917814073888,57635.885487161795,19320.300844754987,56703.63819651289,19064.543641848268,55776.07913990492,18809.2643920902,54859.395960676666,18556.229526241168,53956.60991492379,18306.335226290834,53069.29049219903,18060.071111112917,52198.43977388093,17817.761279174185,51345.10858463992,17579.728024350497,50508.82163232213,17345.89976880797,49689.60886730871,17116.33140314455,48888.10134467742,16891.247221655118,48105.968143327445,16671.172178148816,47346.954821900414,16457.230399072883,46619.23351614511,16251.811398990782,45940.79984141226,16060.089827983114,45352.172276800426,15893.595350212545,44946.981346906105,15778.850326840067
565,2.832172172172172,61134.156354781364,20261.02030548906,60577.91751147952,20110.377430067612,59783.60619345471,19894.858428237665,58890.63018166788,19651.80890599037,57961.06859415889,19397.9275280006,57023.12936380318,19140.893977530555,56089.91455792901,18884.344343300807,55167.64806720475,18630.053580094587,54259.36836975684,18378.92204353743,53366.653582495775,18131.441529935197,52490.511142356,17887.937533857905,51631.99769898551,17648.733803285555,50790.63457620285,17413.75812050465,49966.451494940884,17183.065423411663,49160.08284212682,16956.88088312745,48373.207142732135,16735.73176537898,47609.5917466709,16520.74737848679,46877.457182279984,16314.328532036383,46194.90702402767,16121.674718225693,45602.7051153007,15954.371441588373,45195.05201147022,15839.069835094077
566,2.837167167167167,61480.625246490905,20343.38731478275,60920.96642685115,20191.985183703946,60121.780036415126,19975.38121661733,59223.33492427984,19731.1112095989,58288.09118646035,19475.95869825389,57344.427927747965,19217.642020134826,56405.52550214579,18959.815258752587,55477.644243890354,18704.261936286377,54563.83994457742,18451.886602731945,53665.69939313136,18203.18324231908,52784.235409185865,17958.478752292678,51920.510497632036,17718.098341775054,51074.04257885044,17481.969149459765,50244.861142525835,17250.14616049951,49433.60392506053,17022.85542706953,48641.958948655665,16800.626538435234,47873.7154741366,16584.594011356385,47137.14269122199,16377.170009197087,46450.45273933044,16183.578997031147,45854.65621485081,16015.462616372693,45444.52694969655,15899.601460008416
567,2.842162162162162,61829.05234526042,20426.18376758032,61265.95418094029,20274.01832399937,60461.86515905132,20056.323605373753,59557.92007995713,19810.826617000337,58616.96216147581,19554.39621683617,57667.542633186706,19294.789599974818,56722.92056589469,19035.678937937177,55789.39293453995,18778.856363861716,54870.03293603708,18525.230642937804,53966.436076176746,18275.297957854815,53079.6205845524,18029.38661513117,52210.654851697036,17787.82329209916,51359.05337505174,17550.534480128692,50524.84541124417,17317.575211585627,49708.67206385741,17089.172423946045,48912.23090371515,16865.858041685424,48139.33322274936,16648.771816686763,47398.297142117124,16440.337325113986,46707.44397489468,16245.804136270492,46108.032465831646,16076.870326622728,45695.4129847783,15960.446639962514
568,2.8471571571571572,62179.447105880325,20509.41163800049,61612.89013609234,20356.478806430638,60803.870792403126,20137.687523444325,59894.3947328934,19890.957027385517,58947.690451168026,19633.24195204536,57992.48225893377,19372.33855422669,57042.10837591605,19111.93718709519,56102.902615794315,18853.83863850272,55177.95567306389,18598.955909744975,54268.871815431165,18347.787392550694,53376.674709827355,18100.662809337482,52502.43866296009,17857.910312744923,51645.67472973777,17619.45574307112,50806.411931912844,17385.354179851205,49985.294758035256,17155.833450126756,49184.03037918041,16931.427825306044,48406.452239140606,16713.282319197926,47660.927661835995,16503.831980052873,46965.887745593085,16308.351613355058,46362.84078555077,16138.596029862458,45947.71696657771,16021.606818751701
569,2.852152152152152,62531.81901977621,20593.072907548176,61961.78369093634,20439.368593791754,61147.80620329577,20219.474906985815,60232.76800251085,19971.50434705502,59280.28502215186,19712.49777917543,58319.25561787597,19450.290726948206,57363.09759244697,19188.591819235084,56418.181797222795,18929.210542546945,55487.61651695513,18673.064155288226,54573.01482651328,18420.653268851,53675.40585766205,18172.309028204796,52795.86986395095,17928.361068423626,51933.9144380705,17688.73457496808,51089.56836507048,17453.484674497893,50263.47953633466,17222.840087903005,49457.36477505643,16997.33744529852,48675.07979820268,16778.12704934077,47925.04140505387,16567.65547992005,47225.79109367563,16371.222911252085,46619.088118320105,16200.641189097956,46201.44577170314,16083.083445602375
570,2.8571471471471472,62886.17761511354,20677.16956513504,62312.644280488705,20522.689656214374,61493.68069444196,20301.687699394384,60573.04904356111,20052.47048943898,59614.75487579348,19792.165580535886,58647.87155707005,19528.64796909784,57685.896909317344,19265.644654151994,56735.239021417685,19004.973865005984,55799.023861470116,18747.5571382654,54878.87335695248,18493.89731565395,53975.82213207726,18244.326971373084,53090.95641803797,17999.177230088193,52223.780325529646,17758.372618639078,51374.32240106296,17521.968310764645,50543.233956803226,17290.193925504303,49732.24152016619,17063.58846350552,48945.223203170266,16843.307543313163,48190.645554330724,16631.809336278115,47487.161088848494,16434.419518500203,46876.781435533834,16263.007272832772,46456.60630358613,16144.877975187248
571,2.862142142142142,63242.53245690257,20761.70360710009,62665.4813762571,20606.44397118821,61841.50360454459,20384.327851325826,60915.24704622621,20133.857375116895,59951.109048309816,19872.247245471277,58978.338957840504,19607.41213855406,58010.51505404595,19343.097518446666,57054.08286408879,19081.13040158407,56112.18613292323,18822.436623955673,55186.45568628029,18567.521268329685,54277.93166855309,18316.718344846773,53387.706319516445,18070.360474950583,52515.28024799983,17828.371523059253,51660.68176012891,17590.806709944558,50824.56560687968,17357.896557114876,50008.66807223343,17130.182447627245,49216.88978570184,16908.825343075994,48457.74732019154,16696.295066361752,47750.00482835316,16497.942929225093,47135.92773574638,16325.695755083305,46713.205492558736,16206.991867640574
572,2.8671371371371372,63600.89314710339,20846.677037230314,63020.30448634465,20690.63352358143,62191.28430839933,20467.39732071566,61259.371236219806,20215.666931837524,60289.35661086802,19952.744670380787,59310.66673587751,19686.585100134565,58336.96078793686,19420.95224554439,57374.721934158224,19157.681954696665,56427.11179027713,18897.70438423792,55495.77012612218,18641.526868738343,54581.74263411925,18389.484861012497,53686.12759369751,18141.912486499295,52808.42209185773,17898.732943376523,51948.65419248559,17660.001499401813,51107.48210347831,17425.949582890364,50286.65191796573,17197.120971237844,49490.08690596136,16974.681996369283,48726.35394120671,16761.114193093643,48014.329437045555,16561.79464315509,47396.534044750595,16388.708115394245,46971.25029593092,16269.426588573459
573,2.872132132132132,63961.26932473129,20932.091866781306,63377.12315555421,20775.260305661173,62543.0322169976,20550.89807279932,61605.43087488844,20297.901094538764,60629.506669685186,20033.65975873783,59644.86384133505,19766.16872561553,58665.24290617588,19499.210675713955,57697.16487385527,19234.630333489156,56743.80932523604,18973.36219760904,55806.82502028934,18715.915865248095,54887.263227445255,18462.628238656875,53986.22829699677,18213.834954516802,53103.21377405955,17969.458540928823,52238.24747841482,17729.554312588563,51391.99109307353,17494.354608974423,50566.200573137765,17264.40561380178,49764.82195270026,17040.879056728318,48996.47268407259,16826.268245100327,48280.1420674755,16625.976165636832,47658.60741565607,16452.045838854017,47230.747698068175,16332.183609089147
574,2.8771271271271273,64323.6706659622,21017.95011449799,63735.9469654928,20860.326317114024,62896.75677762968,20634.83208013241,61953.435259313155,20380.561805367623,60971.568366128384,20114.99442110964,59980.93925892916,19846.16489375096,58995.37023792729,19577.874656086657,58021.42035881152,19311.977353855546,57062.28726233936,19049.411849202366,56119.628744870526,18790.690012753217,55194.50167893092,18536.150202984325,54288.01651702341,18286.12957509709,53399.663242228475,18040.549983261306,52529.46942834906,17799.4667890619,51678.10025178454,17563.113247515426,50847.32158267447,17332.037960690257,50041.10234333927,17107.418083499808,49268.11084369218,16891.75875672812,48547.449899966145,16690.489007650955,47922.15492896755,16515.710416110236,47491.70471046921,16395.264405798374
575,2.882122122122122,64688.106884238376,21104.253806635345,64096.78553467629,20945.833565066576,63252.46747398798,20719.201322611054,62303.39372241109,20463.651013700124,61315.5508768146,20196.750575176964,60318.90200803645,19926.575490292005,59327.35164643062,19656.94604067532,58347.49709815616,19389.72483845716,57382.554159055326,19125.855130806125,56434.18970832443,18865.851072692254,55503.46625079701,18610.05248563488,54591.50037266931,18358.798050663198,53697.778474742314,18112.008944143607,52822.32788295766,17869.74057450087,51965.817285460194,17632.22711668318,51130.02252073466,17400.019603197645,50318.93552405063,17174.300641858077,49541.27574325606,16957.587268059033,48816.26014269361,16755.334685827773,48187.18369266357,16579.703343385212,47754.12837184376,16458.670460834703
576,2.887117117117117,65054.5877303742,21191.004976979162,64459.64851863428,21031.78406410598,63610.17382627032,20804.007787492093,62655.31563303749,20547.170676161397,61661.463413711135,20278.930145753722,60658.761142792704,20007.402408006357,59661.19602909774,19736.426690393397,58675.40383461133,19467.874616741443,57704.61860587482,19202.69384088182,56750.51635157177,18941.400813066164,55814.16523717604,18684.336824702063,54896.68801419825,18431.842089984784,53997.56748082143,18183.837103587142,53116.83071323325,17940.37732072344,52255.14992976403,17701.69784068568,51414.31099079458,17468.35213855798,50598.32896984036,17241.52830282131,49815.974734323354,17023.75532492675,49086.58003176682,16820.514722463027,48453.700842275095,16644.02612249151,48018.025748190645,16522.403261869913
577,2.892112112112112,65423.12299266225,21278.20566686687,64824.545610015164,21118.1798363006,63969.885391283846,20889.25346941348,63009.2103960877,20631.122756645687,62009.315224236074,20361.535064806787,61000.5257521918,20088.647546697674,59996.91231761009,19816.318473074065,59005.14934458778,19546.428524960724,58028.489226405545,19279.929784582797,57068.61714808797,19017.34100845653,56126.60696420323,18759.004964750777,55203.58762333553,18505.263408195762,54299.038300616725,18256.03614786246,53412.98582057839,18011.37868570358,52546.10595025942,17771.527049785844,51700.19462573169,17537.037169961477,50879.29018463075,17309.102643267735,50092.21519690282,17090.264478932648,49358.416831307375,16886.030645533632,48721.71354096446,16708.68026084747,48283.403932875866,16586.464302129447
578,2.897107107107107,65793.72249697958,21365.85792520839,65191.48653869141,21205.02291122064,64331.611762548724,20974.94037041468,63365.087452599466,20715.50922633641,62359.11559135875,20444.56727147572,61344.20496018458,20170.31281322503,60334.50947801597,19896.623263489346,59336.74243828064,19625.38840619107,58354.17467746601,19357.564773772705,57388.500603995715,19093.673440043738,56440.799790107696,18834.058656835237,55512.207413357486,18579.063726811924,54602.19900529778,18328.60776951656,53710.8011368923,18082.746333588333,52838.69314249485,17841.716380318383,51987.681087908626,17606.076306571045,51161.82670134289,17377.02524595196,50370.00453953411,17157.1162874618,49631.777833529704,16951.88398871352,48991.22897960438,16773.66727149284,48550.27004671091,16650.855080407815
579,2.902102102102102,66166.39610689408,21453.96380850699,65560.48107186484,21292.315325958858,64695.36257040218,21061.07049995706,63722.956279855374,20800.332063726317,62710.873833700774,20528.028712092593,61689.80792577813,20252.40012152238,60673.99651082818,19977.342943369287,59670.19195976537,19704.756110351114,58681.68364918013,19435.600627044096,57710.17525815776,19170.399895625284,56756.75210530356,18909.499658516917,55822.55562918141,18653.244773748607,54907.05769714115,18401.553667390304,54010.28462465757,18154.48193471492,53132.91933208938,17912.26747470657,52276.77806925729,17675.47116353887,51445.94608197935,17445.297699521256,50649.35019936935,17224.312313699018,49906.6703588212,17018.07629138937,49262.254376857105,16838.988673104323,48818.63123803116,16715.577101084098
580,2.907097097097097,66541.15372377113,21542.52538088019,65931.53901417243,21380.059125151238,65061.1474821027,21147.645874944337,64082.82639148546,20885.593254637584,63064.59930563687,20611.921340201774,62037.34384313509,20334.911392618083,61015.38245112173,20058.47940142117,60005.506787093844,19784.533494220996,59011.02486507159,19514.03916973701,58033.64968226996,19247.522169634045,57074.472332481644,18985.329733882594,56134.6405474554,18727.8082833384,55213.62250961898,18474.875546635834,54311.44427702738,18226.58716562787,53428.792374818324,17983.181981479127,52567.493291363025,17745.223362023,51731.65591770727,17513.92159853188,50930.259642254656,17291.854126644965,50183.1017558226,17084.60909867655,49534.79697925368,16904.64599001127,49088.494682774435,16780.631874137434
581,2.912092092092092,66918.00528688036,21631.54471408074,66304.67020779198,21468.25636099781,65428.97620193435,21234.668519743103,64444.70733757008,20971.294792242057,63420.30139739613,20696.247116579856,62386.82194167317,20417.84855465448,61358.67636863169,20140.034533348768,60342.6958323907,19864.722421461236,59342.20708215856,19592.882233957553,58358.932480954456,19325.042063156558,57393.968926700916,19061.550653562295,56448.47047664848,18802.755996348867,55521.90160748747,18548.57511873396,54614.28811791259,18299.063709096186,53726.320156698945,18054.461555287122,52859.834505549086,17815.33452920397,52018.96382894117,17582.898543465468,51212.740362811805,17359.743301132257,50461.07940150859,17151.48396143492,49808.864061273445,16970.640752211333,49359.86758455971,16846.020915162528
582,2.917087087087087,67296.96077350271,21721.023887517596,66679.88453254812,21556.909093283408,65798.8584713115,21322.140466203313,64808.60870474283,21057.43867708142,63777.989535163426,20781.00800925554,62738.25148616494,20501.21354290747,61703.88736785135,20222.010241871576,60681.76804194979,19945.32476263174,59675.2390910488,19672.1316585966,58686.03229185286,19402.96138395143,57715.25037548031,19138.164194747405,56764.05375714098,18878.089660000336,55831.90318687577,18622.65410151173,54918.824202069205,18371.91325413055,54025.51059407647,18126.1078569209,53153.809492961045,17885.806298301446,52307.87746542619,17652.230140745378,51496.799884520224,17427.98141784158,50740.61070126834,17218.702436284755,50084.462925423584,17036.974495386145,49632.75717476594,16911.745745385208
583,2.922082082082082,67678.03019903756,21810.964988276944,67057.19190601862,21646.019389398523,66170.80406888343,21410.063753678845,65174.540116293734,21144.0269170875,64137.673181180806,20866.205993529562,63091.641776837634,20585.008299806108,62051.024588130465,20304.40843674412,61022.7323963308,20026.342395210762,60010.129716034455,19751.78928934847,59014.95778571978,19481.28194646769,58038.32519889071,19215.172141208728,57081.39876131484,18953.81102798367,56143.635475374955,18697.114219159896,55225.06061518571,18445.137496000574,54326.37163371012,18198.12255332699,53449.42606465163,17956.64030859094,52598.40450632155,17721.91800275316,51782.445759798924,17496.57006331788,51021.70308898641,17286.266085622694,50361.60090231885,17103.64876091706,49907.170712611085,16977.807891678032
584,2.927077077077077,68061.22361711014,21901.37011114329,67436.6022836406,21735.589324360142,66544.82281063938,21498.440429048143,65542.51123227268,21231.061527602527,64499.36183384931,20951.843051994685,63447.00214947331,20669.234774952285,62400.09720377362,20387.231034775337,61365.59791045612,20107.777203613958,60346.88781518741,19831.856978729636,59345.71766651657,19560.005571863207,58363.20194964707,19292.576283314625,57400.513893644296,19029.921860478094,56457.10673212712,18771.95720225041,55533.00547397086,18518.73813625199,54628.91125285936,18270.507317625135,53746.692061665475,18027.83820542049,52890.55266028386,17791.96374784495,52069.68557008872,17565.510829986546,51304.36402712359,17354.176477637684,50640.28535076148,17170.66509590093,50183.11548523122,17044.208886575874
585,2.932072072072072,68446.55111967908,21992.24135862052,67818.12565881718,21825.620980832715,66920.92455001367,21587.27254673479,65912.53174959292,21318.544531399457,64863.06502783083,21037.9211745557,63804.341975509036,20753.894925140426,62751.11442413886,20470.479959847926,61710.37363370779,20189.631079213428,60685.522280454534,19912.33658609746,59678.32067150509,19639.134088023155,58689.88921320068,19370.37841804916,57721.40759078663,19106.423924169085,56772.325247914625,18847.18478775409,55842.66692624152,18592.716882724028,54933.13745937027,18343.263829125313,54045.61535512413,18099.401640227396,53184.329665550846,17862.36900036801,52358.526925934566,17634.805316169637,51588.60100679812,17422.43518632695,50920.523657821126,17238.025053165817,50460.59880775975,17110.95026829155
586,2.937067067067067,68834.0228371442,22083.58084095306,68201.7720630242,21916.11644914904,67299.11917799102,21676.562168728204,66284.61140213473,21406.477958702337,65228.792334150254,21124.44235844948,64163.670662137294,20838.99071437719,63104.0854937365,20554.157142937733,62057.068650024645,20271.905920356803,61026.04203775348,19993.229977669012,60012.77557134166,19718.669329578468,59018.39560783153,19448.580349030246,58044.088321673036,19183.318992266188,57089.29934524954,18922.79871905813,56154.053151010514,18667.07544956664,55239.058291762085,18416.393773344724,54346.203846311306,18171.332270555038,53479.74329002515,17933.135390677187,52648.97746706793,17704.45512610214,51874.421547866725,17491.04379151203,51202.32323891513,17305.730191286846,50739.628023406905,17178.033580731495
587,2.942062062062062,69223.64893845441,22175.39067614702,68587.55156591721,22007.077827331268,67679.41662321205,21766.311364604368,66658.75996084951,21494.863847206732,65596.5533602977,21211.40860826504,64524.99765240666,20924.524113901247,63459.01969232815,20638.264522133253,62405.69207799964,20354.603632386403,61368.456047068175,20074.539026539875,60349.09117017126,19798.613137924363,59348.72978474103,19527.183886527928,58368.56458759985,19260.60884452102,57408.037378463334,18998.800745983775,56467.17235857485,18741.81555725793,55546.68181931399,18489.898842024882,54648.46546675797,18243.631760069595,53776.801331358176,18004.264555151458,52941.04486248953,17774.461869948245,52161.833199006185,17560.003878854815,51485.69153788875,17373.782074602015,51020.21050353923,17245.460373511436
588,2.947057057057057,69615.43963121588,22267.672989991454,68975.47427543851,22098.5072211119,68061.82685207897,21856.522211546497,67034.98723386362,21583.704242100102,65966.3577503309,21298.82193596365,64888.332425322515,21010.497102203062,63815.92633502563,20722.804042655018,62756.253070977386,20437.72612765835,61712.77330254484,20156.265612702977,60687.27630572187,19878.967361238898,59680.90042814471,19606.190847482583,58694.84492231966,19338.29526724518,57728.54773379655,19075.19262480399,56782.03279060403,18816.938932621502,55856.0161421519,18563.780733148746,54952.40817832795,18316.30177857696,54075.51161703427,18075.758136210512,53234.73681055204,17844.827163817645,52450.843537794826,17629.31703987362,51770.63602709562,17442.182273228093,51302.35364775938,17313.232201972143
589,2.952052052052052,70009.40516180043,22360.42991607956,69365.55033792453,22190.406743954878,68446.35986886149,21947.196794365893,67413.30306658291,21673.001196082332,66338.21518497793,21386.684360899035,65253.68449594805,21096.91166504474,64174.81477239053,20807.77765687516,63108.76081715179,20521.275325561808,62059.002832588056,20238.411623067495,61027.33984939883,19959.733854501534,60014.916255365184,19685.60305552318,59022.93789213276,19416.380053328223,58050.83882948868,19151.97611826112,57098.64272022843,18892.44730884384,56167.069391335404,18638.041150957823,55258.03997330349,18389.344002039543,54375.88200445487,18147.61778233133,53530.06103904301,17915.552629781894,52741.46017079417,17698.984871959277,52057.16420747838,17510.93236307649,51586.06488398584,17381.35062719513
590,2.957047047047047,70405.55581545395,22453.66359582998,69757.78993821335,22282.778517076626,68833.02571580284,22038.337205522705,67793.71734179705,21762.75676938619,66712.13538173995,21474.99790983748,65621.06341550544,21183.769795479842,64535.69439053358,20893.187324336974,63463.22453966399,20605.2531525382,62407.15369995698,20320.97895147779,61369.29070637967,20040.91447951177,60350.78601692525,19765.422340985635,59352.85209597875,19494.865002255694,58374.919115868375,19229.152995584653,57417.010452128,18968.34242549179,56479.84972894508,18712.681805969336,55565.368874471045,18462.760112593165,54677.92038102295,18219.845148064807,53827.02530526794,17986.639895890778,53033.69073363071,17769.008978391255,52345.28360864935,17580.033925869142,51871.35166853295,17449.81721601846
591,2.962042042042042,70803.90191640517,22547.37617850813,70152.20329975236,22375.624669467186,69221.8344732261,22129.945545146813,68176.23997978422,21852.973029797886,67088.12809499422,21563.76461697812,65990.47877147711,21271.073493873348,64898.57461121426,20979.035011774442,63819.653496700266,20689.66154210043,62757.23500186176,20403.969498732273,61713.13781570875,20122.511104907746,60688.518496641176,19845.650540931103,59684.5961655282,19573.751920127157,58700.797075443574,19306.72503250895,57737.14432262093,19044.626028530012,56794.36534816971,18787.7044149934,55874.402935207145,18536.551798564004,54981.634664227604,18292.441894052412,54125.63739613344,18058.090596188675,53327.542891077996,17839.390968353826,52635.00178897143,17649.488549154503,52158.221486191054,17518.633541052528
592,2.967037037037037,71204.45382797455,22641.569821247536,70548.80068470619,22468.9473379114,69612.79625964057,22222.023921058673,68560.880938416,21943.65205267765,67466.20311609727,21652.986523973123,66361.94018770727,21358.824767921524,65263.46489194072,21065.322693131875,64178.05698159033,20774.502434852246,63109.255870060115,20487.3851726025,62058.89015039253,20204.52560618493,61028.1225117161,19926.289499164384,60018.17876527475,19653.04261967429,59028.48122299193,19384.69401129103,58059.052699752654,19121.299870338476,57110.62447339375,18863.11070115027,56185.150239564406,18610.72075448552,55287.03280172844,18365.409687042848,54425.90512823069,18129.906370730987,53623.02433713858,17910.132456952248,52926.326335639154,17719.2978263235,52446.68185030674,17587.801180695893
593,2.972032032032032,71607.22195268344,22736.246689071246,70947.59239406482,22562.7486670101,70005.9212318485,22314.574448790274,68947.65021326224,22034.795920980312,67846.37027348825,21742.66567994804,66735.45732450348,21447.025632671943,65630.37472606979,21152.052349583544,64538.44432290563,20859.777778507476,63463.225470954145,20571.22788785209,62406.556717494415,20286.95986571486,61369.606912833646,20007.341066252353,60353.608592626944,19732.738920278975,59357.98010565136,19463.061720728398,58382.74398338486,19198.365709730002,57428.63536028506,18938.902393887565,56497.61890235789,18685.26868111541,55594.12277144078,18438.750199908784,54727.836347918754,18202.088865600632,53920.142795126405,17981.23506522897,53219.2648647598,17789.463356625543,52736.74030286327,17657.32171915115
594,2.977027027027027,72012.2167323633,22831.40895491324,71348.58876775172,22657.030809201337,70401.21958505183,22407.599251606083,69336.55783769647,22126.406725276,68228.63943279252,21832.804141522134,67111.03987873874,21535.678110543446,65999.31364290715,21239.22596955338,64900.82488455798,20945.489527909464,63819.15300568717,20655.499566255836,62756.14655823035,20369.81577276384,61712.980584251614,20088.80709954233,60690.894378000536,19812.84264799146,59689.30230301077,19541.82995617688,58708.22660528475,19275.82531196781,57748.406295882545,19015.08122899756,56811.817069251345,18760.197285452665,55902.912581620476,18512.465111663583,55031.43893140851,18274.639732924476,54218.90601774923,18052.700420179888,53513.825021434815,17859.98674518453,53028.404414561126,17727.196746440783
595,2.982022022022022,72419.44864826527,22927.058799639915,71751.80018473243,22751.79592478166,70798.70155295928,22501.100460524038,69727.61388300119,22218.48656377076,68613.02049692527,21923.40397282867,67488.6975839533,21624.784231346202,66370.29120780768,21326.845548734655,65265.20806589819,21031.63964505045,64177.04771024088,20740.202136618755,63107.668748064134,20453.095223511715,62058.25244389615,20170.6894631806,61030.044884910974,19893.355635548513,60022.45642720098,19621.000519568537,59035.509029214496,19353.680448783132,58069.945598684266,19091.64894863451,57127.75291684378,18835.508280754577,56213.410270949025,18586.55610747807,55336.72078484617,18347.56063088989,54519.32178719102,18124.530154770586,53810.01447984109,17930.869603014915,53321.68178489869,17797.427858423074
596,2.987017017017017,72828.92822116973,23023.198412071575,72157.23706312318,22847.046181927402,71198.37740789342,22595.08021433656,70120.82845847339,22311.037542327325,68999.52340619553,22014.46724553538,67868.44021045703,21714.346032301764,66743.31702227607,21414.913090109763,65631.603301815,21118.23009909096,64536.91885553258,20825.337534795195,63461.132396803245,20536.800121070686,62405.43144345551,20252.990028130895,61371.06891006574,19974.27972239159,60357.45112298569,19700.5752194295,59364.59975102072,19431.93289839281,58393.261618735414,19168.607301331973,57445.43465275616,18911.20338655381,56525.623908618996,18661.02487869734,55643.68984439744,18420.853223761238,54821.397915194786,18196.725907952634,54107.84094331275,18002.113547037803,53616.58004225313,17868.016656808064
597,2.992012012012012,73240.66601149624,23119.82998900401,72564.90986029967,22942.783756716042,71600.25746089825,22689.540659631646,70516.21171153044,22404.06177448585,69388.15813841019,22105.996038864858,68250.2775654317,21804.365558063164,67118.40072406748,21503.430603969977,66000.02006283418,21205.262866379326,64898.77574751266,20910.907703708017,63816.54664869443,20620.93237550417,62754.526568474554,20335.71067219291,61713.97528345738,20055.61675468514,60694.29506785267,19780.555870897995,59695.50729872424,19510.58444551698,58718.362737716605,19245.95804202018,57764.87051571811,18987.28432867548,56839.56159441925,18735.873122857534,55952.3540763315,18494.519181896485,55125.14224314538,18269.289324679936,54407.31214442274,18073.720200097046,53913.106843961315,17938.96474917351
598,2.997007007007007,73654.6726194137,23216.95573523003,72974.82907300626,23039.010833147593,72004.3520618466,22784.48395081395,70913.77382781603,22497.56138148471,69778.93470897822,22197.992439615024,68634.21949303371,21894.844860735084,67495.55198728852,21592.400107935242,66370.4678552177,21292.739930471118,65262.62772726209,20996.914593367732,64173.92068252001,20705.49390384563,63105.546838449096,20418.853280020892,62058.77286845608,20137.368585334832,61032.99697210535,19860.944295742258,60028.24023260997,19589.63688139672,59045.257369032304,19323.702932043427,58086.06877565515,19063.752839254277,57155.23145882064,18811.10254370278,56262.72147710529,18568.56018176376,55430.56264215254,18342.222055925075,54708.43584506486,18145.691190975405,54211.269876401035,18010.27374898087
599,3.0020020020020017,74070.95868495043,23314.577863561095,73387.00523746501,23135.729603166023,72410.67159954795,22879.91225012592,71313.52503130617,22591.53849228129,70171.86317101536,22290.45854217964,69020.27587449671,21985.785999893982,67874.78052249819,21681.82362697409,66742.95622106321,21380.663282148744,65628.4841710904,21083.36016089175,64533.26371169389,20790.486630117495,63458.50130692057,20502.41974314223,62405.47056190291,20219.53707400584,61373.56557895404,19941.74232237857,60362.80714531684,19669.092003811787,59373.953957899386,19401.84373917756,58409.03773377546,19140.610656751647,57472.641663061826,18886.714851201985,56574.800073447914,18642.977905958,55737.6670131339,18415.525758695676,55011.21983653567,18218.028154410695,54511.076855072184,18081.945275591348
600,3.006996996996997,74489.53488810467,23412.69859484896,73801.44892948524,23232.942266680668,72819.22650185642,22975.827727669,71715.47558441568,22685.99524357289,70566.95361544845,22383.396448568834,69408.45662823463,22077.191042608338,68256.09607680926,21771.703193423447,67117.49473840365,21469.034919440925,65996.35449063357,21170.246370523586,64894.584984357905,20875.912485350116,63813.39906157064,20586.411959976092,62754.077294202914,20302.124087141205,61716.00966460775,20022.95178588927,60699.21666192813,19748.951617098362,59704.46098143582,19480.382237647358,58733.78572265751,19217.859525972945,57791.800399235086,18962.711761565824,56888.597922445144,18717.774043217592,56046.463286898375,18489.202096050834,55315.67193961678,18290.732731111995,54812.53552467822,18153.980954281895
601,3.0119919919919917,74910.41194895531,23511.320158007387,74218.1707645731,23330.651031587782,73230.02723577892,23072.232561424786,72119.63578810456,22780.933779817566,70964.21617112044,22476.808268429668,69798.77170994475,22169.062063458885,68639.50843398969,21862.040847008626,67494.09302130691,21557.856847642335,66366.24813295204,21257.575193652177,65257.89378347841,20961.773407600664,64170.249224316256,20670.83183585206,63104.6020294185,20385.13149798016,62060.33803836603,20104.574528040805,61037.477440061746,19829.217532166796,60036.78694874963,19559.32020814407,59060.32110633736,19295.50119808467,58112.71589037235,19039.09499726364,57204.12311162423,18792.950288441076,56356.95942422961,18563.252737117542,55621.800004657096,18363.80656777586,55115.65365920777,18226.382416261327
602,3.016986986986987,75333.6006277727,23610.444790033845,74637.18139804127,23428.858113792016,73643.08430758346,23169.128937276346,72526.01598198489,22876.35625325514,71363.66100489534,22570.696119066764,70191.23111271099,22261.401144558902,69025.02741456419,21952.83863486322,67872.76071997588,21647.131079333263,66738.17458062898,21345.348608831162,65623.19942694285,21048.07134197221,64529.0609514047,20755.681283028855,63457.05376536312,20468.561186576535,62406.55954271094,20186.612397301884,61377.59816996067,19909.891566519447,60370.94040102781,19638.659437842925,59388.65228039626,19373.537430631695,58435.39639053137,19115.866287040422,57521.38375903859,18868.508342703823,56669.16341596949,18637.679357107158,55929.61191165531,18437.251317102575,55420.439062016136,18299.15129868641
603,3.0219819819819818,75759.11172512957,23710.074736031303,75058.49152511913,23527.56573722801,74058.40826290761,23266.519049029426,72934.62654442737,22972.26482392809,71765.29832176339,22665.06212546291,70585.84486710743,22354.210375574494,69412.66287591602,22044.098611549096,68253.50752084849,21736.85963439922,67112.14335186908,21433.568601798263,65990.51126765672,21134.808240632716,64889.843433508926,20840.962220713027,63811.44153369478,20552.41503981721,62754.683053399305,20269.067248861556,61719.58757458381,19990.975544268513,60706.929911625644,19718.401720420698,59718.78767204836,19451.969987554563,58759.85018488222,19193.027365933816,57840.38801335291,18944.44991327481,56983.08328310189,18712.483637331912,56239.115570342605,18511.068637812452,55726.89956590743,18372.289244678028
604,3.026976976976977,76186.95608201234,23810.212249230015,75482.11188106281,23626.776133881995,74476.00968686736,23364.405098433825,73345.4778926688,23068.661659702608,72169.13836494647,22759.908420299773,70982.623041302,22447.491853744967,69802.42471238901,22135.822839076445,68636.34314669813,21827.044540050672,67488.16400059688,21522.237165494633,66359.8386936405,21221.9860628341,65252.60589582287,20926.676575077767,64167.77440001,20636.694951440502,63104.717479554994,20351.940944647387,62063.45440969664,20072.471296153875,61044.76408615595,19798.548856073256,60050.73574022871,19530.80063920674,59086.08558979358,19270.579975291137,58161.14405392827,19020.776713633353,57298.72707683658,18787.66726522141,56550.3189202653,18585.260194662114,56035.04303321634,18445.797903337287
605,3.0319719719719718,76617.14457993259,23910.859591009354,75908.0532412656,23726.49154381343,74895.89920416579,23462.789295204708,73758.58048291902,23165.5489362896,72575.1914160036,22855.237143978567,71381.57574116011,22541.24768390315,70194.3228553896,22228.013386923805,69021.27735673398,21917.68783084275,67866.24611655573,21611.356300084288,66731.19112812694,21309.606774931348,65617.35759815712,21012.82627928162,64526.06146393784,20721.402822054726,63456.671763761384,20435.235353343625,62409.2074639622,20154.380659561022,61384.45156257866,19879.102651533198,60384.5049756812,19610.03116237199,59414.110952919524,19348.52586278645,58483.66009090739,19097.490463485934,57616.102878693164,18863.231934339186,56863.229930867776,18659.82765846086,56344.877355890356,18519.67892976173
606,3.036966966966967,77049.68814103861,24012.019030919684,76336.32642136853,23826.71421517665,75318.0874792024,23561.67385704405,74173.94481046849,23262.928837265794,72983.46779493672,22951.050444640838,71782.71311034897,22635.479978495925,70588.36727348923,22320.67233205815,69408.31994670162,22008.79154869501,68246.39932540663,21700.928012973505,67104.57802965831,21397.672350401623,65984.10783503462,21099.413273487356,64886.31185923408,20806.54055915665,63810.554882154,20518.95235040943,62756.85555903232,20236.705478538956,61726.001011290464,19960.064920087505,60720.10390104695,19689.66334028173,59743.934653286284,19426.86678243765,58807.94436530013,19174.592888783005,57935.21880058534,18939.179344399283,57177.85660157556,18734.77270608701,56656.41045557201,18593.93398506155
607,3.041961961961962,77484.59772822713,24113.692846704296,76766.94227737108,23927.446404242615,75742.58521618225,23661.061009662026,74591.58140979595,23360.80355409485,73393.97786029667,23047.350478189244,72186.04533044179,22730.190857604593,70984.56797252693,22413.80175895504,69797.48074898405,22100.35774291127,68628.6332888276,21790.95431883036,67480.008892184,21486.184769863445,66352.86593578667,21186.43950488081,65248.534753875574,20892.11007715009,64166.37584451348,20603.093818097153,63106.40754963892,20319.447603818175,62069.421135214616,20041.437481595178,61057.541070952466,19769.698962632392,60075.565101379216,19505.60449462356,59134.005149069046,19252.08572173585,58256.08298490516,19015.51120128289,57494.20696187849,18810.097020504276,56969.65028368131,18668.56473637584
608,3.046956956956957,77921.88434525549,24215.88332432133,77199.91170574228,24028.690375420658,76169.40315922552,23760.95298679848,75011.50085467607,23459.175286148464,73806.73200928913,23144.139408308358,72591.58262102192,22825.382448965378,71382.9349957118,22507.403759618748,70188.7696327025,22192.388470199385,69012.95770461284,21881.437239604213,67857.49324515829,21575.146021095876,66723.641264649,21273.906927689768,65612.7393501548,20978.11329736448,64524.14369435838,20687.66164547059,63457.87232368545,20402.608892828663,62414.72066989089,20123.22216250498,61396.82507209832,19850.13982560288,60409.01073922991,19584.74076610112,59461.850745215175,19329.970700833455,58578.70360460753,19092.229217054934,57812.28907141416,18885.802290778243,57284.604821498426,18743.572856888844
609,3.051951951951952,78361.55903685371,24318.5927579658,77635.24564353167,24130.44840128024,76598.55209247708,23861.35203024444,75433.71375828763,23558.046240727585,74221.74067788111,23241.41940648553,72999.33523978756,22921.05688798994,71783.47842372605,22601.480433602475,70582.1965038177,22284.885794691152,69399.38230677243,21972.37880454525,68237.04065363797,21664.558099057773,67096.44322085805,21361.817503202903,65978.93488477456,21064.552148073468,64883.86750903839,20772.657728423324,63811.25880233843,20486.19120971786,62761.908383565766,20205.42079587313,61737.96452334774,19930.987731872014,60744.280040503356,19664.277370022526,59791.489487863866,19408.249570859458,58903.08886329483,19169.335109980773,58132.111020051336,18961.89021209276,57601.28208024623,18818.960025846292
610,3.056946946946947,78803.63288883687,24421.823450091564,78072.9550684807,24232.722762572805,77030.04284021641,23962.260389863655,75858.23077332163,23657.418633083635,74639.01434090722,23339.192652031765,73409.31348265648,23017.216317785937,72186.20837482791,22696.03388802855,70977.77130523117,22377.851787962205,69787.9168656317,22063.78105022406,68618.66071838076,21754.423005907,67471.28123874734,21450.173199788696,66347.13062894273,21151.428564513575,65245.55639982762,20858.08396969702,64166.57594011934,20570.19642536879,63110.99307728267,20288.0352213811,62080.96807581552,20012.244490635985,61081.38151058554,19744.216085952456,60122.92974235092,19486.924082909074,59229.2469953016,19246.830604542873,58453.68092797347,19038.362485766454,57919.69010117319,18894.727928571694
611,3.061941941941942,79248.11702821778,24525.577711433456,78513.0509991343,24335.51574825362,77463.88626696759,24063.680323614124,76285.0625920897,23757.294686439778,75058.5635121765,23437.46133210265,73821.52768387103,23113.862889177635,72591.13500495495,22791.066237608717,71375.50401688673,22471.28852905193,70178.57118793137,22155.64602055125,69002.36307594318,21844.742751019767,67848.1647878441,21538.975992914446,66717.3358884674,21238.744488902856,65609.21951201808,20943.942278899864,64523.83272499662,20654.626417418076,63461.983584972455,20371.067285353376,62425.8444129569,20093.911917625894,61420.3236866709,19824.558699885292,60456.17990530861,19565.995994406054,59557.18626577947,19324.717431457546,58777.00694576272,19115.220819269212,58239.83695563645,18970.87825648269
612,3.066936936936937,79695.02262331969,24629.857861029315,78955.54449495257,24438.829655503683,77900.09327760949,24165.614097569793,76714.21994663274,23857.67663201216,75480.39874457922,23536.227641719328,74235.98821610314,23210.998760726525,72998.26850782736,22886.579604664417,71775.40465587228,22565.198104483443,70571.35511692753,22247.97576679708,69388.15739877909,21935.519351009945,68227.1033729661,21628.22786516524,67089.56000385198,21326.501870459637,65974.86602501328,21030.234572524925,64883.038178477575,20739.4830702741,63814.888773544,20454.518840775294,62772.60225065682,20175.99183512527,61761.11513784994,19905.307004262406,60791.248404752165,19645.467069119666,59886.91497078228,19402.99732769169,59102.0972544837,19192.46692623871,58561.7307451849,19047.412707107447
613,3.071931931931932,80144.3608838893,24734.666226242167,79400.44665642275,24542.666789751656,78338.67481748636,24268.063985942146,77145.71360882945,23958.56670903129,75904.53063019378,23635.49378378947,74652.70549055969,23308.62609875196,73407.61911505167,22982.576119147117,72177.48327652157,22659.582608283577,70966.27853249163,22340.772347611153,69776.05339533828,22026.754829748414,68608.1065343185,21717.93080626305,67463.81235039062,21414.702665421246,66342.50515242216,21116.962773968593,65244.20135570079,20824.76827513513,64169.717542974984,20538.391747310918,63121.2503373191,20258.48607198768,62103.764465197295,19986.462797989418,61128.1437001663,19725.33907718176,60218.44143735122,19481.672036479576,59428.96006576768,19270.102526496998,58885.37960164252,19124.33298410109
614,3.076926926926927,80596.14306120986,24840.00514278239,79847.76862517123,24647.029464695846,78779.64187251824,24371.032271101893,77579.55439050547,24059.967164763388,76330.9698003942,23735.26196912833,75071.68995708792,23406.74707735188,73819.19709622432,23079.057918658666,72581.74997051634,22754.44414200295,71363.35135121118,22434.03782904213,70166.06081016507,22118.45121838247,68991.183847591,21808.086813085814,67840.10233826369,21503.348837062775,66712.1461421528,21204.12881354909,65607.3313455285,20910.48393000747,64526.47882640277,20622.687871320897,63471.797453956024,20341.396463654273,62448.280301859595,20068.027886453554,61466.8742825917,19805.61379510382,60551.77402360023,19560.74330733965,59757.60362189672,19348.12934606708,59210.79168719179,19201.640797262105
615,3.081921921921922,81050.38044821468,24945.876954729923,80297.5215840759,24751.920002326206,79223.00546931193,24474.521243600688,78015.75314354243,24161.880254531752,76759.72692595722,23835.534416479797,75492.95210428123,23505.363878423515,74233.0127590358,23176.027148471716,72988.21486698842,22849.784814736027,71762.58352649007,22527.77428455746,70558.18942399736,22210.61055535525,69376.34492405517,21898.69788968649,68218.43941263341,21592.44235571588,67083.79827650676,21291.73462852494,65972.43727063916,20996.631939723706,64885.18159021548,20707.40908588036,63824.25241427787,20424.724852171454,62794.67131314376,20150.004081540992,61807.44867471198,19886.293005794036,60886.92111880143,19640.21289609137,60088.03619588804,19426.549117189523,59537.97519445731,19279.337862548826
616,3.086916916916917,81507.08437960046,25052.28401455651,80749.7167573787,24857.34073294637,79668.7766752719,24578.533202192903,78454.32075998734,24264.308241738236,77190.81271717003,23936.31335253749,75916.50245958485,23604.478691684195,74649.07644937455,23273.485961550094,73396.88813262233,22945.60674314115,72163.98504864927,22621.98379506315,70952.44905386554,22303.234886425154,69763.59941066173,21989.76604731225,68598.83305373974,21681.985198787614,67457.47087227319,21379.78216311349,66339.52828762024,21083.214215960907,65245.8348341433,20792.557270796915,64178.62406478269,20508.47308620851,63142.946196605284,20232.393201654235,62149.8754309405,19967.37849857442,61223.89114347084,19720.082564872064,60420.266091578604,19505.363578339115,59866.93834658945,19357.42590209592
617,3.091911911911912,81966.26623194123,25159.22868314799,81204.36541079823,24963.293995195745,80116.96659871141,24683.070453857432,78895.26817216202,24367.253397884717,77624.23792393811,24037.60101196592,76342.35158940197,23704.09371469211,75067.39855143144,23371.43651856936,73807.77997175776,23041.91205146078,72567.5659450279,22716.668448923618,71348.84955319179,22396.326264685402,70152.95699013825,22081.29330442364,68981.29277699643,21771.979350779326,67833.1732808234,21468.273368509526,66708.61358706109,21170.23267725892,65608.44759134989,20878.13431262859,64534.92128484617,20592.643021075335,63493.11368213666,20315.197071729523,62494.163137507574,20048.872069197954,61562.69254945417,19800.354082153826,60754.30164370962,19584.57447424154,60197.68939734829,19435.906644230934
618,3.096906906906907,82427.9374238023,25266.713329826634,81661.47885164266,25069.782136071637,80567.58638896403,24788.13531381949,79338.60635277277,24470.71800259458,78060.01333589303,24139.399637421626,76770.51009919988,23804.211152867156,75487.98948780412,23469.880987937242,74220.90062649222,23138.702871541598,72973.33628008414,22811.830341981462,71747.40081188951,22489.886750583482,70544.42738108698,22173.28168671381,69365.82813308721,21862.426803305538,68210.9148882054,21557.210202903825,67079.70239364602,21257.689249038664,65973.02892852378,20964.14210470185,64893.15298681181,20677.236518740134,63845.182532056126,20398.417523254284,62840.320412547604,20130.77551986579,61903.333820012675,19881.029222760477,61090.15121801161,19664.18355589007,60530.23663118761,19514.78182349081
619,3.101901901901902,82892.10941585433,25374.74033237349,82121.06842892281,25176.807510951425,81020.64723649515,24893.73010557251,79784.34631502042,24574.704343634276,78498.14978250071,24241.71147957445,77200.98863361645,23904.833219511813,75910.85971960168,23568.821545814164,74636.2603767842,23235.981342854753,73381.30615549658,22907.471577577424,72148.11275646296,22583.918411940787,70938.0203380828,22265.73322712772,69752.44870806199,21953.32955511288,68590.7051152387,21646.59463150179,67452.80396624748,21345.58586362045,66339.5879459702,21050.58254712962,65253.328116081095,20762.25544784717,64199.16154119637,20482.056394284602,63188.35590618659,20213.09065924441,62245.82346990936,19962.109767884456,61427.82321128923,19744.192580562307,60864.58836333906,19594.05318063848
620,3.1068968968968966,83358.79371098765,25483.312077050792,82583.1455334655,25284.372483614705,81476.16037301368,24999.857160900014,80232.49911271017,24679.214716934905,78938.65813316959,24344.5387971287,77633.79787656658,24005.962135832044,76336.01974654957,23668.26037613389,75053.86954055607,23333.749612516065,73791.48571026557,23003.594266570257,72550.99535010682,22678.423323972147,71333.74565177118,22358.64996588143,70141.16412343347,22044.689612099042,68972.55341760923,21736.42862654213,67827.92759801954,21433.92446024235,66708.13377770298,21137.45754682937,65615.45565120387,20847.701683734547,64555.05953699345,20566.11552946271,63538.278300629594,20295.819302482876,62590.17004549522,20043.59750510383,61767.326051506265,19824.603311836927,61200.75293989649,19673.722462679452
621,3.111891891891892,83828.00185442682,25592.430958624405,83047.7215980269,25392.47942626557,81934.13707158406,25106.518819897592,80683.07584036207,24784.251426613824,79381.54929735944,24447.883856844466,78068.94855134921,24107.600130958246,76763.48010709454,23768.199670624075,75473.73847379744,23432.00983530632,74203.88512081488,23100.200527356672,72956.05859280634,22773.40356930548,71731.61314896661,22452.033950481407,70531.98403627386,22136.508987331792,69356.46928596444,21826.714167315502,68205.0826164913,21522.70698507856,67078.67559153652,21224.769017541184,65979.5446039689,20933.57710845204,64912.885379575935,20650.596780034535,63890.09631024847,20378.963271230106,62936.3821247956,20125.494228399297,62108.668197871055,19905.417519610495,61538.7387379004,19753.7914228785
622,3.1168868868868866,84299.74543384532,25702.09938038626,83514.80809740606,25501.13071955486,82394.58864673838,25213.71743099486,81136.08763332135,24889.816784996317,79826.83422468978,24551.748933558967,78506.45142075389,24209.74944196622,77193.25137850978,23868.64162882689,75895.87757066872,23530.764173691554,74618.51460109337,23197.292485891307,73363.31252143723,22868.86123800141,72131.63269275101,22545.88723574388,70924.91813931165,22228.789701067984,69742.46224600848,21917.45324018329,68584.2783836608,21611.93539125784,67451.22258917797,21312.518879845924,66345.60401949458,21019.883610778874,65272.64796185414,20735.502003867245,64243.818681669734,20462.524393652126,63284.46831759668,20207.80173817123,62451.85814092178,19986.636980114246,61878.554165422494,19834.26182077627
623,3.121881881881882,84774.03607948069,25812.3197541769,83984.41654855918,25610.328752602458,82857.52645458867,25321.45535097748,81591.54566786901,24995.913112637256,80274.52390504885,24656.136310207814,78946.31728716812,24312.412313898192,77625.34417700044,23969.588458119706,76320.29726360457,23630.014797843436,75035.38440267697,23294.872275706774,73772.76720986608,22964.798427572998,72533.81418257234,22640.21188381417,71319.97616102864,22321.533780772646,70130.54185859783,22008.64783859634,68965.52429608867,21701.611638881997,67825.7840063196,21400.709061183385,66713.64297631978,21106.62308624167,65634.35620960956,20820.83306546684,64599.45419386258,20546.504504449436,63634.43726553226,20290.521841256745,62796.904402612054,20068.26347593098,62220.2076616505,19915.135422206018
624,3.1268768768768767,85250.88546424938,25923.09450040807,84456.55851071332,25720.07592301968,83322.96189293965,25429.734945009215,82049.46116133277,25102.542738342854,80724.6293687027,24761.048277846527,79388.5569926847,24415.590999783868,78059.76915780903,24071.042373735843,76747.00802341795,23729.763885659573,75454.50481487082,23392.942037933663,74184.4327690508,23061.217243005452,72938.16755434347,22735.009964186145,71717.1678657571,22414.743261138025,70520.71771983666,22100.29996311372,69348.82978499231,21791.737695044336,68202.36911273132,21489.34149587045,67083.67058649482,21193.797437132296,65998.0190815844,20906.59183599579,64957.011658226984,20630.905444874323,63986.29764217054,20373.656350946774,63143.8155363966,20150.298796011873,62563.707696973004,19996.413999310284
625,3.131871871871872,85730.30530386219,26034.42604808522,84931.24558548073,25830.374636931585,83790.90640140114,25538.558586654006,82509.845372198,25209.70799919242,81177.16168640439,24866.48713567184,79833.18141920911,24519.287760661464,78496.53701532124,24173.005598785272,77176.02035940393,23830.013622784012,75875.8861648116,23491.503921320662,74598.31934714109,23158.119796775896,73344.70278054099,22830.28355372164,72116.50305377712,22508.420184102742,70912.99946117275,22192.41162142158,69734.20431634008,21882.31553384819,68580.9872123533,21578.418125119344,67455.69599567272,21281.408572525816,66363.64556957131,20992.780193290662,65316.499918682006,20715.729062748254,64340.05815310117,20457.207087003215,63492.60012731706,20232.744735693428,62909.0627730645,20078.099330557678
626,3.1368668668668667,86212.30735693983,26146.31683483018,85408.48941697326,25941.22730899946,84261.3714615011,25647.928657898115,82972.70960021898,25317.411240560134,81632.1319695036,24972.455191043227,80280.20148856715,24623.504865598898,78935.6584831718,24275.48036427543,77607.34481944401,23930.76620262761,76299.53881756989,23590.56008225463,75014.43712957931,23255.50820887312,73753.4298703045,22926.0347366699,72517.99156141418,22602.566598870966,71307.39674949324,22284.98482835196,70121.65739094552,21973.347136425433,68961.64764338879,21667.94089705586,67829.72838320053,21369.458408298447,66731.2446985032,21079.400021879814,65677.92785175433,20800.977212479305,64695.727536022336,20541.175875676065,63843.26679208804,20315.603096714367,63256.28142297064,20160.193200759637
627,3.141861861861862,86696.9034251285,26258.769306903825,85888.30169191702,26052.636362443216,84734.36859679883,25757.847549172286,83438.0651865303,25425.654816136943,82089.55137005614,25078.954759504395,80729.62816261296,24728.244591714873,79377.14433435071,24378.46890913198,78040.99199011034,24032.023826388533,76725.47317625287,23690.112684780786,75432.79633920144,23353.384606817443,74164.3588695358,23022.265604687083,72921.6432611367,22697.184561931575,71703.91928722091,22378.02160590169,70511.19854456192,22064.834490955116,69344.35977839715,21757.911766737652,68205.7769622106,21457.94886714556,67100.82552654331,21166.45321300107,66041.30436666677,20886.65175507954,65053.314560828054,20625.564549720624,64195.82417918326,20398.875687232638,63605.372211193506,20242.697401087218
628,3.1468568568568567,87184.10535321603,26371.785919228758,86370.69413976729,26164.604229063963,85209.9093729981,25868.31765937392,83905.92351375836,25534.44108795234,82549.43108093367,25185.98816480477,81181.47244333693,24833.50922420011,79821.00538130937,24481.97348021973,78476.9724967703,24133.78870307278,77153.69968210715,23790.163900622843,75853.40723633829,23451.75112568052,74577.49986099837,23118.97825685586,73327.46806165404,22792.27613707736,72102.57681241026,22471.523983251303,70902.83734797715,22156.77959268202,69729.13302438702,21848.33269617255,68583.85097971243,21546.88187859968,67472.39714517535,21253.941664619506,66406.63840542713,20972.754558182514,65412.82802969568,20710.374948414683,64550.28096892176,20482.564321842354,63956.34373377712,20325.613729087963
629,3.151851851851852,87673.92502924775,26485.369135412064,86855.67853282343,26277.13334926648,85688.00539806079,25979.341395889347,84376.2960061333,25643.772426396346,83011.78233593384,25293.55773892111,81635.74537297395,24939.301056338583,80267.252476067,24585.996332363462,78915.29700369124,24236.063049514705,77584.22881462173,23890.71590920328,76276.28011891658,23550.609908105293,74992.86296441712,23216.174799704902,73735.47590801438,22887.84339542431,72503.37909884407,22565.493996783975,71296.58340710832,22249.18444393533,70115.97682290948,21939.205654336918,68963.95971668443,21636.259379048573,67845.96867929382,21341.867281445186,66773.93894291706,21059.28749606079,65774.2767771734,20795.608917575773,64906.6458735544,20566.670821590855,64309.204618393036,20408.94398870273
630,3.1568468468468467,88166.37438464291,26599.52142776808,87343.26668634416,26390.226172081795,86168.66832232049,26090.921174616076,84849.19412960082,25753.651210241438,83476.61640989047,25401.6658220791,82092.4580341118,25045.62238952874,80715.8965103174,24690.539728368847,79355.97621414546,24338.849090397634,78017.07109163121,23991.77089766356,76701.42532256071,23649.963104325863,75410.45833657813,23313.857347228524,74145.67678170289,22983.88841543089,72906.33595612987,22659.933690104495,71692.44636309685,22342.051054147287,70504.90065015166,22030.532617193996,69346.11248816589,21726.083311753267,68221.54928729453,21430.231974950973,67143.21498698114,21146.252449643438,66137.66967026806,20881.26830957844,65264.92763735039,20651.19701399569,64663.963524426115,20492.689990282597
631,3.161841841841842,88661.46539431118,26714.24527734122,87833.47045866284,26503.885155189775,86651.90983859624,26203.059419985108,85324.62939193437,25864.07982666454,83943.94461878393,25510.314762774986,82551.62154979982,25152.475533304816,81166.9484155357,24795.60593904342,79799.020870515,24442.149058274426,78452.23706941906,24093.331060884368,77128.85322069412,23749.812872187464,75830.2961714285,23412.02802090629,74558.08070074023,23080.41328291737,73311.45722979664,22754.845114058277,72090.43589240366,22435.381439871904,70895.91401703026,22122.315567712292,69730.31864334899,21816.355626866243,68599.14816116524,21519.037663390365,67514.4755785161,21233.651306533564,66503.01560853301,20967.354983371533,65625.13503668406,20736.144733061752,65020.62914306052,20576.853550605785
632,3.1668368368368367,89159.21007676929,26829.543173928785,88326.30175130325,26618.112764941794,87137.74168230689,26315.758564983294,85802.6133428476,25975.060671268995,84413.77831985168,25619.506917797178,83013.24708365762,25259.86280535816,81620.41916308553,24901.197243217568,80244.44175439714,24545.965193588177,78889.7373428212,24195.398601505985,77558.57422464117,23850.161377166445,76252.3867001767,23510.68894972272,74972.69771978089,23177.42009108512,73718.75280139178,22850.2303267504,72490.56170690448,22529.17762480371,71289.02646928538,22214.556495884062,70116.5875656711,21907.078281449492,68978.77452657637,21608.286271815334,67887.72979156021,21321.48596102594,66870.32352415603,21053.870804495513,65987.27688012166,20821.515819298347,65379.21019736567,20661.436492894576
633,3.171831831831832,89659.620494258,26945.41761610392,88821.77250909536,26732.91147638345,87626.17563158515,26429.021051175718,86283.15757410675,26086.596148106655,84886.128911699,25729.244652248104,83477.34583998407,25367.786531558613,82076.31976432588,25007.315927765543,80692.24968670974,24650.299744692875,79329.58254532971,24297.97572994863,77990.5987837294,23951.0107923903,76676.7401913928,23609.842270186942,75389.53793021195,23274.91094053607,74128.23258857826,22946.09139356468,72892.83355398526,22623.441639796478,71684.24758757447,22307.257398743764,70504.9286729073,21998.253239492762,69360.43764297201,21697.979732094198,68262.98673338279,21409.758314124578,67239.60238204777,21140.817645099858,66351.36200850845,20907.31211973633,65739.71544238254,20746.44064683234
634,3.1768268268268267,90162.70875285918,27061.87111123851,89319.89472029131,26848.283773277217,88117.22350739209,26542.84932872813,86766.27371964348,26198.688669699965,85361.00783440996,25839.530339565867,83943.92906386645,25476.24904597589,82534.66127071869,25113.964287626543,81142.45552779685,24755.154967874136,79771.78334919663,24401.06466443285,78424.9373853914,24052.363298657714,77103.36695110904,23709.49012635245,75808.611460252,23372.887939292035,74539.90654523172,23042.430387182758,73297.26121663791,22718.175522882055,72081.58698756644,22400.420280386534,70895.35141726286,22089.882471931727,69744.1468036611,21788.119982929584,68640.25554457385,21498.47027356039,67610.86117992994,21228.197383960378,66717.39929505593,20993.53548794526,66102.15366520995,20831.86784858046
635,3.181821821821822,90668.48700261307,27178.906175526135,89820.6804166815,26964.232148125207,88610.89717363179,26657.245856429377,87251.97345566774,26311.34065706409,85838.42656965858,25950.366361546017,84413.0080412897,25585.25269090101,82995.45477393642,25221.144625825764,81595.07017753454,24860.53312736993,80216.35046553804,24504.667630999913,78861.60055526727,24154.221084458655,77532.27732292029,23809.634669836865,76229.92847504996,23471.353202814258,74953.78466153791,23139.24938760325,73703.85451355609,22813.38131928918,72481.0543200358,22494.047151986717,71287.865285466,22181.967956666205,70129.9113359085,21878.70896987635,69019.54539913396,21587.623753808868,67984.10894842383,21316.01190649669,67085.39764542902,21080.187784050617,66466.53368509113,20917.719940795432
636,3.1868168168168167,91176.96743763577,27296.525334005077,90324.1416737112,27080.759102192013,89107.2085372662,26772.213101713915,87740.26850078092,26424.55453972909,86318.39664082005,26061.755108363406,84884.59409924601,25694.79981686781,83458.71140596962,25328.859253495546,82050.10457543668,24966.43649539138,80663.29464443828,24608.786863532245,79300.59885730693,24256.58634599448,77963.48168808511,23910.27805984173,76653.49917678442,23570.308854022805,75369.87696409023,23236.550482160914,74112.6232992312,22909.06108146232,72882.65927095713,22588.140031816438,71682.4797988607,22274.511678578456,70517.7406010266,21969.748645359545,69400.86550456425,21677.220676107776,68359.35475113889,21404.263104789643,67455.36599783359,21167.270874750957,66832.86435350041,21003.998772645904
637,3.191811811811812,91688.16229623697,27414.731120581375,90830.29061059696,27197.867145527518,89606.16954843015,26887.75354068434,88231.17061608903,26538.332755762105,86800.9296130825,26173.698978594057,85358.69860584456,25804.892782674407,83924.44233923496,25437.110489896546,82507.56970076135,25072.8673521436,81112.62667505442,24713.424603773954,79741.94289387317,24359.461287198097,78396.99046562664,24011.422463172337,77079.3338047629,23669.75702331613,75788.19351598751,23334.335765545828,74523.57746404846,23005.216869080614,73286.41156159974,22682.70094526419,72079.20451350001,22367.515629551453,70907.6439944667,22061.240968692455,69784.22510195653,21767.262968474864,68736.60768476156,21492.952877598756,67827.3133231041,21254.786633335214,67201.15455422988,21090.706199829736
638,3.1968068068068067,92202.08386103781,27533.526078051917,91339.13939044357,27315.55879698975,90107.79220054658,27003.869658133972,88724.69160531642,26652.677751789583,87286.03709355828,26286.200379236998,85835.3329704214,25915.533955404753,84392.65878668324,25545.90066243893,82967.47657261691,25179.827985846518,81564.3573857207,24818.583101351338,80185.64330584423,24462.848119754195,78832.81411243377,24113.0700542576,77507.44263552148,23769.69984859059,76208.74441693195,23432.607339822636,74936.72693438327,23101.850749076737,73692.32094862244,22777.731924853462,72478.04902023902,22460.98180848721,71299.63094591092,22153.18790609461,70169.63346608353,21857.752565725677,69115.8768791443,21582.08313037977,68201.24862479139,21342.73693969994,67571.41320347652,21177.84408459115
639,3.201801801801802,92718.74445908901,27652.912758127535,91850.70022036074,27433.836584267814,90612.08853044201,27120.563947569455,89220.84331491918,26767.591983019585,87773.73073139615,26399.261725736244,86314.50864364936,26026.725710450257,84863.37200190782,25655.232106703614,83429.83625006865,25287.320692755802,82018.49764405334,24924.26461379343,80631.71077271707,24566.749063119398,79270.9631233625,24215.223015169944,77937.83598292444,23870.13947526001,76631.53980332706,23531.36731444981,75352.08167269772,23198.96479565589,74100.39722416828,22873.23501026134,72879.02294482825,22554.912221325154,71693.71091936383,22245.591430709865,70557.09990548939,21948.691409491257,69497.17149739461,21671.655775302126,68577.18093925055,21431.123680366636,67943.64924992922,21265.414295737883
640,3.2067967967967967,93238.15646198906,27772.893721456174,92364.98535158065,27552.70304390482,91119.07061846208,27237.838911233383,89719.63763419929,26883.07791326406,88264.02221789325,26512.88544200272,86796.23711764846,26138.470431531332,85336.59327925282,25765.107166463495,83894.65983224554,25395.347777183768,82475.05835705553,25030.471406552602,81080.15601271024,24671.16634454256,79711.44803133752,24317.8835356452,78370.52419826407,23971.07805627535,77056.58984837595,23630.617806298924,75769.65167763716,23296.561090314764,74510.65021595967,22969.212248337255,73282.13594800727,22649.308881060475,72089.89341324486,22338.45352262448,70946.63376258031,22040.081448236055,69880.50073596423,21761.672731266568,68955.11933572902,21519.94874849905,68317.87167485595,21353.41870865832
641,3.2117917917917915,93760.33228600277,27893.471537646088,92882.007079575,27672.160721320874,91628.7505885874,27355.69706012701,90221.08649541842,26999.138014961245,88756.92328660733,26627.073960436293,87280.52992609634,26250.770510719078,85812.33395392197,25875.528193704773,84361.95845844684,25503.911551520312,82934.05047122251,25137.20575302514,81530.98978286755,24776.10219908503,80154.27940745378,24421.05381310262,78805.51767036067,24072.51775214427,77483.90476217974,23730.360939674003,76189.44698412693,23394.641721860564,74923.08978739374,23065.665693121635,73687.39772559838,22744.17380776259,72488.18796048014,22431.776168885273,71338.24441371518,22131.924637275744,70265.87382473862,21852.13592392271,69335.07291645475,21609.21404392056,68694.08949219128,21441.859205338707
642,3.2167867867867868,94285.28439217989,28014.64878528905,93401.77774417285,27792.21217083608,92141.14060854958,27474.140914032974,90725.20187391242,27115.774769197993,89252.4457134693,26741.829721947808,87767.39864433889,26363.62834845698,86290.60540208741,25986.497548648338,84831.74330824935,25613.014336253942,83395.48497264672,25244.46993457197,81984.22287916152,24881.558869641005,80599.4678610784,24524.73605266485,79242.82682566294,24174.46073095086,77913.49479183608,23830.598846330868,76611.47766346941,23493.208786430056,75337.72583763745,23162.5974058647,74094.81800860031,22839.509028593522,72888.60412859493,22525.56136351775,71731.94126929656,22224.222938795083,70653.30002712643,21943.047285686647,69717.05081672459,21698.921473131566,69072.31174862383,21530.73767438043
643,3.2217817817817815,94813.0252864741,28136.42805198366,93924.30972967818,27912.85995569362,92656.25288994733,27593.17300153804,91231.99578820562,27232.99066573221,89750.60131689569,26857.155175981115,88256.85488950093,26477.046353582602,86771.41904099857,26098.01759977108,85304.02560161456,25722.658459992796,83859.37288712345,25352.266240539284,82439.8661365971,24987.53860695786,81047.02403995281,24628.932467177947,79682.4621283481,24276.909168375296,78345.37022153797,23931.33366549654,77035.75382344115,23592.264387508658,75754.56830172344,23260.009455045223,74504.40656328252,22935.316577826452,73291.15151980626,22619.81110754432,72127.73377386172,22316.978321865816,71042.78864014936,22034.408755758606,70101.06220499279,21789.072949326874,69452.547523684,21620.056011017186
644,3.2267767767767768,95343.56751986207,28258.811934358637,94449.61546498799,28034.106648082852,93174.099688363,27712.795860055892,91741.48030012549,27350.788203015338,90251.4019579016,26973.05278053525,88748.91032059748,26591.026943349363,87254.78632909157,26210.090723827296,85778.81659899591,25832.846259485712,84325.7252802564,25460.596968279304,82897.93042931557,25094.043669656556,81496.95863029477,24733.645277231444,80124.43408042246,24379.86524771363,78779.54137267245,24032.56754388863,77462.28560839,23691.81063594951,76173.62715064548,23357.903916389318,74916.17319127897,23031.598496864168,73695.83977111545,22714.52740900245,72525.63140617382,22410.19276246465,71434.34899453184,22126.222280140624,70487.1162829598,21879.670392413187,69834.80592983185,21709.816117132355
645,3.2317717717717716,95876.92368846257,28381.803038096157,94977.70742371037,28155.95482916245,93694.69330347903,27833.01203584994,92253.66751491756,27469.169888214838,90754.85954021383,27089.525002186503,89243.57663864462,26705.572543448325,87740.71876609832,26322.719305870167,86256.12760144671,25943.5800796433,84794.55325756343,25569.46442317101,83358.42667069875,25201.076324252037,81949.28235690085,24838.87671117846,80568.75322182236,24483.331159897538,79216.01860391989,24134.302635734828,77891.08319933273,23791.84964999267,76594.91239145453,23456.282872889275,75330.12772968279,23128.35683425766,74102.67855440095,22809.712282963003,72925.64367931335,22503.868243491197,71827.99045479103,22218.48981165426,70875.22228566084,21970.715729026535,70219.09611254503,21800.019901276253
646,3.236766766766767,96413.10643365615,28505.403977955244,95508.598124283,28278.407089083554,94218.0460791949,27953.824084056272,92768.56958136035,27588.138237236682,91260.9860103838,27206.574316110662,89740.86558677121,26820.685588030025,88229.22789315626,26435.905739273203,86735.9699507275,26054.862273559083,85265.86796458268,25678.87091864094,83821.36581347299,25308.638845173686,82404.00598324895,24944.629005155795,81015.43013051471,24587.30910351409,79654.81231135303,24236.541102792355,78322.15681405258,23892.383555284236,77018.43406735462,23555.14841482245,75746.28005114057,23225.59364572461,74511.67757651139,22905.367751548438,73327.78014076955,22598.00675478598,72223.7224193271,22311.21330995832,71265.38948155506,22062.210892549832,70605.42725040686,21890.669278683523
647,3.2417617617617616,96952.1284422047,28629.6173777952,96042.30013009156,28401.46602701297,94744.17040374392,28075.23456870648,93286.19869188062,27707.695774747972,91769.79335790114,27324.20320610519,90240.78895033011,26936.368519726337,88720.32529291803,26549.652425751825,87218.35502941434,26166.695202530715,85739.68058697865,25788.818776184035,84286.75884981386,25416.73351478586,82861.14031160098,25050.904403104123,81464.47542259823,24691.80128482562,80095.93292853648,24339.285114367503,78755.51670719699,23993.414484895613,77444.20225779909,23654.50263977016,76164.640063947,23323.31099416805,74922.84657935856,23001.495843951165,73732.05037253213,22692.610293148427,72621.5543205134,22404.394741566608,71657.62717261455,22154.157823130343,70993.80855519477,21981.76617129047
648,3.246756756756757,97494.00244637138,28754.445870599076,96578.82604958859,28525.134251156476,95273.07870981042,28197.246062750644,93806.56708266874,27827.845034199527,92281.29361530721,27442.414164611506,90743.3585570101,27052.62378967235,89214.02258966143,26663.9617753848,87703.29426100665,26279.081236081078,86216.00235064849,25899.31032538448,84754.6168114506,25525.362623408353,83320.69618310581,25157.705156788157,81915.89975240469,24796.80991778962,80539.39092662625,24442.536847335192,79191.17317037567,24094.944579342686,77872.22707858698,23754.347652636578,76585.21771213974,23421.51094969498,75336.19534001083,23098.098596451873,74138.46399118307,22787.68086235498,73021.49562478706,22498.03607986573,72051.9446944136,22246.5584676973,71384.24927196861,22073.312507752504
649,3.2517517517517516,98038.74122404073,28879.892098497166,97118.18853641237,28649.41437878206,95804.78347464731,28319.86114808029,94329.68703379428,27948.588557848532,92795.49885830884,27561.209692737244,91248.58627694786,27169.45385752836,89710.33144939951,26778.836206635933,88190.79911003572,26392.022751979643,86694.84452182872,26010.347903936603,85224.95076977092,25634.52846933701,83782.68447790235,25265.0335258169,82369.71381260011,24902.33722407858,80985.19681446954,24546.298486158496,79629.13653225846,24196.975986605114,78302.5186819595,23854.685565667758,77008.0229755943,23520.195589635037,75751.73367078649,23195.178052437885,74547.03064798868,22883.220473177134,73423.55583273948,22592.139305132925,72448.3514162183,22339.41477997949,71776.75867915923,22165.31022346154
650,3.256746746746747,98586.3575988388,29005.958712790518,97660.40028950611,28774.309036243238,96339.2972201935,28443.08241555143,94855.57086932196,28069.928896781203,93312.42120589239,27680.59230027862,91756.4840228399,27286.861191501775,90209.2635799909,26894.278146375655,88680.8810821731,26505.52213626366,87176.21840720186,26121.933857665797,85697.77183592608,25744.23335886426,84247.11611522274,25372.891777663877,82825.92833428638,25008.38543309996,81433.36113870447,24650.572222908322,80069.41715867387,24299.510862145624,78735.08725669669,23955.51849847055,77433.0658701193,23619.36699855915,76169.47141934745,23292.736262421535,74957.76002899167,22979.23114339959,73827.74447920716,22686.706404553912,72846.85674107575,22432.72872052283,72171.3460886573,22257.761260563442
651,3.2617417417417416,99136.8644402538,29132.64837397455,98205.47405323727,28899.82085900246,96876.6325131916,28566.912465007637,95384.23095742743,28191.86861093553,93832.0728204378,27800.56450574277,92267.06375005504,27404.84826836917,90710.8307312501,27010.290029902637,89173.5517243392,26619.581783259466,87660.13535400302,26234.070540549485,86173.09116093571,25854.479606299792,84714.00205349564,25481.28218768747,83284.55408710311,25114.956782016136,81883.89448386017,24755.36025728303,80512.02545270733,24402.55136892936,79169.94302821423,24056.84857803168,77860.35644755149,23719.0272682983,76589.41846879285,23390.775284058665,75370.66185510342,23075.714897838352,74234.07113336267,22781.739372240743,73247.4701059041,22526.502256708052,72568.02084590205,22350.667567975564
652,3.266736736736737,99690.27466375663,29259.963751762665,98753.42261751712,29025.95249165445,97416.80196530599,28691.353905303076,95915.67971051358,28314.410269123986,94354.465907833,27921.128836370142,92780.33745674691,27523.41757349832,91215.04469505837,27126.87430096553,89668.8226248122,26734.204095603836,88146.60675012732,26346.76031473812,86650.91993579354,25965.269533991166,85183.35329045006,25590.207039151166,83745.6018793293,25222.05351576441,82336.80747245724,24860.664796628087,80956.97185479978,24506.099677443206,79607.0962586606,24158.677938736786,78289.90479585133,23819.17849796225,77011.5847377531,23489.297182166985,75785.74588219642,23172.67376835896,74642.54539880552,22877.240209249736,73650.20098158221,22620.73736276836,72966.79232997047,22444.031101404224
653,3.2717317317317316,100246.60123092188,29387.90752510988,99304.25881792049,29152.706587949717,97959.81823324096,28816.409354325708,96449.92958532686,28437.55644905636,94879.61271758837,28042.287828156954,93296.31718396644,27642.571600870266,91721.9173054744,27244.03341178462,90166.7054133371,26849.391484265387,88635.64402423706,26460.005550576214,87131.26939157248,26076.60547234454,85655.18086321893,25699.668623243982,84209.08255798559,25329.67788707705,82792.11076510786,24966.488055955848,81404.2668428466,24610.15796571526,80046.557247014,24261.008722389506,78721.72103919873,23919.82279395833,77435.98018048391,23588.304028744664,76203.02190119696,23270.109793894644,75053.17691365357,22973.21092359941,74055.05887303983,22715.43601980717,73367.66995366632,22537.853823362268
654,3.276726726726727,100805.85714954881,29516.482382236518,99857.99553580588,29280.08581081799,98505.69401885904,28942.08143902042,96986.99308307386,28561.309737362582,95407.52554295152,28164.044025877673,93815.01501577484,27762.312853101437,92231.46043884553,27361.769823073715,90667.21176123495,26965.14636856595,89127.25864586902,26573.808626623402,87614.15079953056,26188.489759845386,86129.49584844308,25809.669239100855,84675.00700893637,25437.83215650133,83249.81506061649,25072.832257965216,81853.9209322963,24714.72841933418,80488.33632917986,24363.84307823059,79155.81533808848,24020.962270010255,77862.61478696049,23687.79790298878,76622.49973817772,23368.02502046461,75465.97535063433,23069.65353028847,74462.05331934761,22810.60021581582,73770.6631636096,22632.13770318664
655,3.2817217217217216,101368.05547378266,29645.69102065196,100414.64569843533,29408.09283239172,99054.4420692995,29068.37279541222,97526.88274953805,28685.672729615548,95938.21672102215,28286.399983107483,94336.44307935673,27882.643841465822,92743.68601391873,27480.08600406182,91170.35338151215,27081.471176202038,89621.46212554215,26688.17192967556,88099.57547121657,26300.92474307926,86606.30936237537,25920.211193823052,85143.38615699223,25546.518592419638,83709.9310960805,25179.69963306146,82305.94467624988,24819.813231468655,80932.44387808825,24467.183162957055,79592.19788942645,24122.599047176984,78291.49858297201,23787.780891313894,77044.1892544509,23466.421501192224,75880.95041717646,23166.570051313785,74871.1938938075,22906.23194569132,74175.78144032591,22726.884717055957
656,3.286716716716717,101933.2093042361,29775.536147178427,100974.2222790949,29536.73033402964,99606.07517709714,29195.286068629543,98069.61117519677,28810.648030354074,96471.69863286713,28409.358262244867,94860.61354513325,28003.567085917108,93258.60599195205,27598.984432515022,91676.14202896997,27198.368343266306,90118.26601486528,26803.09785478587,88587.55475857617,26413.912776752546,87085.6325609848,26031.296802498586,85614.23096601242,25655.739471069617,84172.46964699113,25287.092419376015,82760.34866555975,24925.414602886925,81378.89030379147,24571.031140741346,80030.87892662552,24224.735253871564,78722.64163021593,23888.25508737062,77468.10034666113,23565.301296323403,76298.1118555015,23263.962515688396,75282.49020404318,23002.333211254172,74583.03429833616,22822.09684800819
657,3.2917117117117116,102501.33178811095,29906.020477974733,101536.73829721518,29666.001006340397,100160.60618030117,29322.82391292747,98615.19099533831,28936.23825310579,97007.98370363598,28532.92143453418,95387.5386268756,28125.08511511095,93776.2323768263,27718.467594758356,92184.5895003145,27315.840314269095,90617.68190664517,26918.588805286086,89078.10005405809,26527.456223713354,87567.47664006118,26142.92838822276,86087.55243900775,25765.497076564327,84637.44152733464,25395.012862786305,83217.14352892947,25031.534741976295,81827.68605356192,24675.389183250565,80471.86871970182,24327.373025880057,79156.05402639293,23989.22259206423,77894.24294687853,23664.66647324486,76717.46944271562,23361.83295945961,75695.95189209066,23098.906021266168,74992.4312862462,22917.776085958278
658,3.296706706706707,103072.4361193202,30037.146738560208,102102.20681849212,29795.90754920613,100718.04796259444,29450.988991711074,99163.63489017934,29062.446020410152,97547.08440267608,28657.092080088252,95917.23058181853,28247.200466427264,94296.57721515674,27838.5379856977,92695.70763426641,27433.889542159974,91119.72143499448,27034.647192807683,89571.22279072038,26641.557454972324,88051.85283531969,26255.10828211869,86563.36161824342,25875.793700912403,85104.85758969346,25503.463216935645,83676.33993301321,25138.175864762685,82278.84161199015,24780.25946966572,80915.17757537108,24430.51450638049,79591.7459053017,24090.685513573324,78322.62702269258,23764.51910650253,77139.03299090169,23460.183425727104,76111.5886344891,23195.952391448292,75403.98198683695,23013.924427715854
659,3.3017017017017016,103646.53553860977,30168.91766383853,102670.64095500784,29926.452671806182,101278.41345341275,29579.78397755879,99714.95558498231,29189.273963841424,98089.01324364849,28781.87278791107,96449.70171077424,28369.915685992433,94819.65259640495,27959.198108841712,93209.50831167113,27552.518488349306,91624.39627544017,27151.27543730309,90066.93444233705,26756.218849723544,88538.77242250546,26367.838823357848,87041.66958534205,25986.631644038334,85574.72872534748,25612.445743253116,84137.94858251541,25245.340194930195,82732.36750108283,24885.644186700974,81360.81583714533,24534.16184596178,80029.72743693383,24192.64596736846,78753.26257730511,23864.861277819866,77562.81234721145,23559.015964660968,76529.41014237178,23293.474344498543,75817.69601715438,23110.543877002954
660,3.306696696696697,104223.64333368099,30301.335998121634,103242.05386535183,30057.639092640748,101841.71562806428,29709.211552245783,100269.16585017332,29316.724724031752,98633.78278464382,28907.266155920453,96984.96435824629,28493.233328701674,95345.47065299127,28080.45047632379,93726.00345560911,27671.72962272989,92131.7181450321,27268.475967066985,90565.24652350477,26871.44279536549,89028.2467174988,26481.122359180677,87522.48746138696,26098.013213802682,86047.06586437579,25721.962710973516,84601.98022029079,25353.02996384073,83188.27428036115,24991.545528622955,81808.79388542948,24638.317202642775,80470.00882756912,24295.10607623088,79186.15964962423,23965.695076116346,77988.81739395767,23658.332633519854,76949.42616155696,23391.473910109882,76233.58302859963,23207.636444471762
661,3.3116916916916916,104803.77283931305,30434.40449515374,103816.45875474242,30189.469539554662,102407.96750784927,29839.274406767407,100826.27850145988,29444.800950694247,99181.40562829826,29033.274790970812,97523.03091254391,28617.155958241434,95874.0435604067,28202.2976089241,94245.20503150631,27791.525423698564,92641.69880245137,27386.251218757556,91066.17058974961,26987.23168752196,89520.28707642017,26594.961244917147,88005.82640702561,26209.940726022392,86521.8799757583,25832.01639715732,85068.44562744442,25461.24741055369,83646.57254695926,25097.965697270127,82259.12213761818,24742.98274189125,80912.60031987091,24398.067970271237,79621.32831435818,24067.022597525844,78417.05804870659,23758.135496669238,77371.64647263936,23489.953124988137,76651.65270701959,23305.20414772237
662,3.3166866866866864,105386.93743748567,30568.125918135294,104393.868875148,30321.946749761166,102977.18216018025,29969.975241362685,101386.30639994927,29573.505302646106,99731.89442190979,29159.90130887586,98063.91380589624,28741.686147111755,96405.3835373257,28324.742036091648,94767.12504724496,27911.90837817798,93154.35004811958,27504.603637417917,91569.71823763428,27103.5879300631,90014.9048957356,26709.35784400747,88491.69762257322,26322.416504491128,86999.18206747768,25942.609086710687,85537.355623432,25569.994781845584,84107.27293572285,25204.90690207209,82711.81104819296,24848.160636642984,81357.51219298139,24501.533786948356,80058.77868210924,24168.845945415127,78847.54426437063,23858.42662559954,77796.08089108132,23588.914032869998,77071.91477279722,23403.249011320586
663,3.3216816816816817,105973.15055750203,30702.503039747033,104974.29752540906,30455.073469865747,103549.37269870185,30101.316765537755,101949.26245226662,29702.840447831768,100285.26185755461,29287.14833443148,98607.6255145669,28866.826476648737,96939.50284571867,28447.78629596629,95291.77555327427,28032.880981638256,93669.68372430756,27623.535676497402,92075.90110486528,27220.513935126386,90512.11161236207,26824.31452802284,88980.11234811659,26435.442880999628,87478.98318662148,26053.74307240548,86008.7210661602,25679.274332229787,84570.38611930801,25312.371360069028,83166.87110881938,24953.853067320877,81804.75476261751,24605.505671087998,80498.52089946804,24271.167230402374,79280.28602930112,23959.208098944422,78222.73926730445,23688.35868454102,77494.37898094235,23501.773066815793
664,3.3266766766766764,106562.42567611187,30837.538642174073,105557.75805135998,30588.85245588998,104124.55228341119,30233.301698089537,102515.15961067336,29832.80906334611,100841.52067220387,29415.018501438477,99154.1785589688,28992.579537047037,97476.41379096499,28571.43293540092,95819.16864272144,28154.445738118797,94187.71171524469,27743.049797873035,92584.73087040034,27338.012123137745,91011.91870377329,26939.833676686016,89471.08186361774,26549.022195356076,87961.29441948423,26165.42065489936,86482.55285208725,25789.088323976277,85035.92280828011,25420.36129593113,83624.31284844433,25060.062221854012,82254.33838116653,24709.98577490173,80940.56514910757,24373.988570375688,79715.29336738108,24060.482002498993,78651.63148678129,23788.289137853622,77919.05512118245,23600.778352758807
665,3.3316716716716717,107154.77631763468,30973.235517130015,106144.2638459512,30723.286473295433,104702.7341207784,30365.932767129194,103084.01087318617,29963.41383545773,101400.68364784036,29543.514452725547,99703.58550377903,29118.947927382313,98016.12872196597,28695.684509983606,96349.31645150301,28276.605160250034,94708.44594722823,27863.148471870958,93096.21925455607,27456.084922832655,91514.33768810549,27055.917677892237,89964.61748901836,26663.15679540654,88446.12689167004,26277.644142755868,86958.8619163237,25899.4390271314,85503.89375121295,25528.878941978033,84084.14683339362,25166.790295696865,82706.2734377821,24814.976258005754,81384.92164987797,24477.312090511696,80152.57633811847,24162.250429238135,79082.76747012706,23888.707457745164,78345.95301805362,23700.26691471973
666,3.3366666666666664,107750.21605408318,31109.59646588107,106733.82834937157,30858.37829700759,105283.93146386731,30499.212710105796,103655.82928369564,30094.657459632155,101962.76361157562,29672.638840172152,100255.85895805394,29245.93425563387,98558.66003125823,28820.543584059717,96882.23115843603,28399.361769275278,95231.89838873295,27983.83417728786,93610.3780191156,27574.734771277206,92019.38012426322,27172.56892772991,90460.73058434388,26777.849037055443,88933.49176819502,26390.415852464525,87437.65923273335,26010.328719537705,85974.30973478798,25637.926538198346,84546.38366746953,25274.039491848438,83160.57035848041,24920.47928743979,81831.60065690105,24581.139923294097,80592.14503673921,24264.51547933478,79516.15717319165,23989.615716256005,78775.08253099168,23800.240805305904
667,3.3416616616616617,108348.75850528717,31246.624299270312,107326.46504917095,30994.13071143983,105868.15761245637,30633.14427383002,104230.62793208563,30226.542640555195,102527.77343576709,29802.394324731446,100811.01157534454,29373.541138707144,99104.02015512685,28946.012730754228,97417.9249853499,28522.718095072596,95758.08105052084,28105.109401412574,94127.21896743657,27693.964113889317,92527.05761202589,27289.789830501482,90959.43254980803,26893.101284286055,89423.40025359008,26503.738108461046,87918.95581403426,26121.759686853744,86447.18158389379,25747.506332269157,85011.0339920488,25381.812020871523,83617.23960623637,25026.497037686004,82280.61246166483,24685.474208532298,81034.00959428061,24367.27926017835,79951.81058715185,24091.015992547676,79206.45355442353,23900.702084179866
668,3.3466566566566565,108950.41733901728,31384.32183774188,107922.18748038271,31130.54651051746,106455.42591315991,30767.730214497824,104808.41995435224,30359.072092156286,103095.72603813554,29932.783576453287,101369.0560538119,29501.771202456373,99652.22157371942,29072.094531993906,97956.41019719794,28646.6766761767,96287.00598575095,28226.97664004755,94646.75394455934,27813.775404459942,93037.3817921539,27407.582798744264,91460.73482591733,27008.91590918099,89915.8635920039,26617.613243147494,88402.7627119001,26233.73422257398,86922.52016172574,25857.620579575592,85478.1084861806,25490.1101009119,84076.29168108014,25133.031690687905,82731.96739211881,24790.317093380083,81478.180177685,24470.543886393076,80389.73773860362,24192.910372920946,79640.0760178585,24001.652818077317
669,3.3516516516516517,109555.2062711092,31522.691911365273,108521.00922564697,31267.62849770173,107045.74975954925,30902.973297714194,105389.21853272343,30492.248537631884,103666.63438188277,30063.80927450728,101930.005136343,29630.627081707265,100203.27681115938,29198.791578529665,98497.69910216943,28771.240059800875,96818.68529008978,28349.438397530488,95168.99483731535,27934.171105174293,93550.36434649515,27525.950253251354,91964.64889357597,27125.295291942784,90410.89306730588,26732.043596912514,88889.09101706141,26346.254628048653,87400.33636988568,25968.2715432304,85947.61786668457,25598.935957717677,84537.73712019359,25240.085435869387,83185.67581276878,24895.670732354305,81924.66698989326,24574.311479856384,80829.9486896544,24295.30095083407,80075.95988597996,24103.09508082511
670,3.3566466466466465,110163.13906558788,31661.737359859606,109122.94391533361,31405.37948601396,107639.14259227423,31038.876298516905,105973.03689577874,30626.074709468834,104240.51147580895,30195.47410720577,102493.87161066628,29760.111420279696,100757.19843566034,29326.10646995887,99041.80405180159,28896.41080185898,97353.1311018212,28472.49718675593,95693.95357443529,28055.153686633104,94066.0169980919,27644.894623092565,92471.18627419081,27242.24182091447,90908.50000318959,26847.03151815164,89377.95185940733,26459.323212503787,87880.64114848182,26079.461494093564,86419.57288824924,25708.291824658525,85001.58649800722,25347.66047015368,83641.74812477223,25001.53728735358,82373.48026993865,24678.584169717407,81272.4535380158,24398.18982692094,80514.11515873694,24205.030953359317
671,3.3616416416416417,110774.22953479193,31801.46103261803,109728.00522766564,31543.802298059654,108235.6178991849,31175.44200140029,106559.88831856905,30760.55334946791,104817.37037443108,30327.780772027047,103060.66830946802,29890.226871010407,101313.99905964003,29454.041814747692,99588.73744109207,29022.191466987402,97890.35560195714,28596.155529196916,96221.64212665806,28176.72562787394,94584.35151128747,27764.418345635346,92980.35852977636,27359.75789260021,91408.69576327596,26962.57936328756,89869.35640808719,26572.942293061053,88363.44547622892,26191.192710791973,86893.98434353052,25818.179942745068,85467.8504262969,25455.75899798243,84100.19476603376,25107.918927677012,82824.63029304089,24783.364092415417,81717.26241709631,24501.57910900933,80954.55187143615,24307.462523743277
672,3.3666366366366365,111388.49153949851,31941.865788732066,110336.20688884256,31682.899766052644,108835.18921545346,31312.673200339195,107149.7861227368,30895.68720876729,105397.22417810094,30460.73197563835,103630.4081105086,30020.976095775794,101873.69133983483,29582.60023025353,100138.51170861136,29148.584628567143,98430.37101434822,28720.415954926673,96752.07250683942,28298.889416392543,95105.37969183344,27884.523866565843,93492.1772630603,27477.84591168594,91911.491751217,27078.689496790383,90363.31587161262,26687.114194757884,88848.76037054858,26303.467479739065,87370.86306325025,25928.602560648233,85936.53955428122,25564.38323133471,84561.02621130046,25214.817830043,83278.12737070018,24888.653391698303,82164.3854960942,24605.470912139142,81397.28009483397,24410.391887185702
673,3.3716316316316317,112005.93898904827,32082.954497016075,110947.5626731644,31822.674731839314,109437.87012369635,31450.57269881279,107742.74367663595,31031.479047866065,105980.08603312346,30594.330433919135,104203.10393673864,30152.361765514677,102436.2879774142,29711.784342747458,100691.1393366153,29275.592868745898,98973.1896057945,28845.281002640346,97285.25677006115,28421.647548164176,95629.11338699675,28005.213639909845,94006.65411758881,27596.50829106011,92416.89941079966,27195.364291198093,90859.84149795941,26801.84125056741,89336.59688766956,26416.288095154578,87850.2199162951,26039.561934718662,86407.66456871832,25673.53538974618,85024.25297225775,25322.23617860804,83733.98185079162,24994.454218641135,82613.8329800905,24709.86735858074,81842.30993522865,24513.821146058788
674,3.3766266266266265,112626.58584147024,32224.73003603171,111562.08640315544,31963.130046922877,110043.67425409656,31589.143309828516,108338.77439545283,31167.93163664784,106565.96913187527,30728.578871984257,104778.76875641593,30284.386560251223,103001.80171809543,29841.596787436658,101246.63285115824,29403.21877846014,99518.8236861564,28970.753219676728,97821.2070137401,28545.002527665056,96155.56448566729,28126.490128053887,94523.80077783224,27715.74745183435,92924.93022604943,27312.606127136853,91358.94457466985,26917.12580141859,89826.96612272837,26529.65685908429,88332.06580981551,26151.06032900614,86881.23619400355,25783.217700328183,85489.88559762531,25430.17616498555,84192.20411765951,25100.76873166473,83065.61511014236,24814.770577853244,82289.65153455254,24617.75240991639
675,3.3816216216216217,113250.44610360733,32367.195294112393,112179.79194968854,32104.268572487603,110652.61528452605,31728.387855946075,108937.8917413264,31305.047754404324,107154.8867129235,30863.48002420719,105357.41558322219,30417.053169117713,103570.24535225866,29972.040208486964,101805.00482220591,29531.46495745728,100067.28560846625,29096.835162040064,98359.93537773764,28668.956867893776,96684.74491846527,28248.35580176636,95043.62896929095,27835.56582336423,93435.59572133492,27430.41739334149,91860.63642895514,27032.970196216298,90319.87920987005,26643.57608141977,88816.41168932477,26263.10001527905,87357.26519226693,25893.4323977869,85957.93467325305,25538.639988264742,84652.80459221199,25207.599096554208,83519.74216337617,24920.182706742857,82739.31507046463,24722.187795512164
676,3.3866166166166165,113877.5338312418,32510.3531693879,112800.69323210923,32246.093179423147,111264.70694066843,31868.30916930138,109540.10922346944,31442.830189858996,107746.85206114459,30999.03663424333,105939.05747638004,30550.36429037754,104141.63171506196,30103.117259045404,102366.26786374855,29660.334014317836,100618.58776903924,29223.529394421865,98901.45404446928,28793.51309039279,97216.66665784907,28370.813140218634,95566.1504586013,27955.965843270078,93948.90746147164,27548.80048667593,92364.92842779796,27149.376791861374,90815.34732234909,26758.048079918208,89303.26853879838,26375.683273043873,87835.76236347102,26004.18172444254,86428.41082221715,25647.6298550295,85115.79373201585,25314.947486477635,83976.22445308129,25026.105889321276,83191.31075644324,24827.129426817814
677,3.3916116116116117,114507.86312922084,32654.20656980892,113424.80421836057,32388.606748348942,111879.96299614201,32008.91009163066,110145.4403982893,31581.2817411908,108341.87850784353,31135.25145505334,106523.7075407701,30684.322631448107,104715.97368655646,30234.830601262758,102930.43463391454,29789.82856647767,101172.74260758517,29350.8384902228,99445.7752390142,28918.67372526991,97751.34171822325,28493.864631006192,96091.37705364187,28076.949957457786,94464.87705182677,27667.757812153668,92871.83197805521,27266.34795327091,91313.38167263054,26873.075180222266,89792.6473807735,26488.81238956474,88316.73854550849,26115.467930248564,86901.32470491654,25757.14797937732,85581.18203139136,25422.816082004654,84435.07232880348,25132.542276964075,83645.64884187872,24932.579435041327
678,3.3966066066066065,115141.4481515828,32798.758413171716,114052.13892510765,32531.812169638582,112498.39727262274,32150.19347429449,110753.89886950927,31720.405216057836,108939.97943087314,31272.127248926467,107111.37892704854,30818.93090892384,105293.28419180203,30367.18290631621,103497.51783508383,29919.951240250233,101729.76260732023,29478.765031574567,99992.91122922521,29044.441311219838,98288.78215604647,28617.51277016984,96619.32060363967,28198.52062013966,94983.5161384236,27787.29178295834,93381.35852656091,27383.88605339836,91813.99351249122,26988.659715879938,90284.55927644849,26602.489659882925,88800.20461430032,26227.293272810955,87376.68701916945,25867.196582938297,86048.98002150738,25531.207071125213,84896.2961764389,25239.49402836919,84102.33961216641,25038.539958645233
679,3.4016016016016017,115778.30310168305,32944.01162714273,114682.7114178627,32675.71234344427,113120.0236399675,32292.16217830194,111365.49828829,31860.203431621172,109541.16825475362,31409.666787503957,107702.08483176466,30954.19184859921,105873.57620098285,30500.17685443198,104067.53021400172,30050.70467084886,102289.66029507881,29607.31160936183,100542.87432583894,29170.818395545797,98829.00006993987,28741.76006221695,97149.99299927684,28320.680293855326,95504.83640804635,27907.404820464206,93893.5195602293,27501.993473253773,92317.19413312105,27104.804028364433,90779.01532578269,26716.7173868365,89286.17148389401,26339.66001740746,87854.50850030992,25977.77789489403,86519.19827047666,25640.122649268204,85359.90641832803,25346.963309575334,84561.39338879977,25145.01314336492
680,3.4065965965965965,116418.44223232038,33089.96914928334,115316.53581111004,32820.31017972126,113744.85601633771,32434.819074334737,111980.25235335121,32000.679214568572,110145.45845079217,31547.872851802433,108295.8384974786,31090.108185491754,106456.86272952324,30633.815134907996,104640.484561893,30182.091502409094,102852.44824142566,29736.480823244172,101095.67688258606,29297.807534181065,99372.00760079561,28866.60902014268,97683.40617279716,28443.43144949262,96028.84958834527,28028.099354256814,94408.3266061581,27620.672601924096,92822.9948652248,27221.51046709413,91276.02666759652,26831.497881079915,89774.65010656188,26452.57043700694,88334.79992128475,26088.8941519967,86991.847383451,25749.56501932025,85825.91351334965,25454.95229398049,85022.82052946354,25252.001142226945
681,3.4115915915915918,117061.87984586356,33236.63392707453,115953.62626843168,32965.6085982524,114372.90836832291,32578.16704277142,112598.17481109346,32141.83540113841,110752.86353720291,31686.74823223747,108892.65321287936,31226.682663865224,107043.15683820371,30768.100446136683,105216.39371457582,30314.11438801103,103418.13906076808,29866.275281678096,101651.33129630164,29425.411291710654,99917.81693188529,28992.062165451338,98219.57209811294,28566.77656630856,96555.56744794155,28149.377822153525,94925.79123173177,27739.925836593415,93331.40707912369,27338.78138945253,91775.60447967132,26946.833461103673,90265.65147289958,26566.026812288703,88817.57209275037,26200.54759858814,87466.938002717,25859.53639164446,86294.32795701521,25563.463162360476,85486.63142812722,25359.50611556739
682,3.4165865865865865,117708.63029437808,33384.00891794176,116593.99700263268,33111.61052867268,115004.19471106461,32722.2089737116,113219.27945572005,32283.67483714353,111363.39707922713,31826.295728646983,109492.5423129028,31363.918037252733,107632.47163327725,30903.03549562762,105795.2705525762,30446.775989701728,103986.74541146842,29996.697601939075,102209.85000703583,29553.63224139302,100466.44028896905,29118.122028177666,98758.50279091223,28690.718131950365,97085.00179653267,28271.24267022428,95445.92504472524,27859.755582563284,93842.44218485734,27456.619160808306,92277.75997884983,27062.726453254003,90759.18661192471,26680.031431661835,89302.83586317,26312.74048661884,87944.48080779157,25970.03898409923,86765.16028156325,25672.4981028875,85952.83651513852,25467.53023105027
683,3.4215815815815813,118358.70797975309,33532.097089279734,117237.66227586716,33258.318910493836,115638.72910838052,32866.947767000245,113843.58012935934,32426.200377995123,111977.07268925328,31966.51815031484,110095.51917885021,31501.81706847983,108224.8202665858,31038.623000030468,106377.12800124248,30580.078978517646,104558.2799959568,30127.750410143613,102771.24549816462,29682.472965181747,101017.88994040426,29244.79114690821,99300.21030876586,28815.258642476438,97617.16448499798,28393.696352812196,95968.7396934078,27980.164253273113,94356.11163228581,27575.026154535244,92782.50442113652,27179.17919175256,91255.26659117582,26794.586591284693,89790.602118911,26425.475075667087,88424.48651551787,26081.075022057037,87238.42105605407,25782.05931114867,86421.4462573171,25576.075663685922
684,3.4265765765765765,119012.12735382852,33680.901418477246,117884.63639976394,33405.73669312895,116276.52567288867,33012.386332251976,114471.09072218722,32569.414888726707,112593.90402693783,32107.418315994462,110701.59723850669,31640.382529687766,108820.21593567674,31174.86568515767,106961.97903086018,30714.026034507086,105132.75556084377,30259.436341271357,103335.5302965009,29811.936053747293,101572.17819725483,29372.072068802714,99844.70675123477,28940.400602377427,98152.06740550409,28516.74133255432,96494.24686664672,28101.15427032052,94872.42691119181,27694.00475203243,93289.84910179813,27296.194018716178,91753.9025168111,26909.69459508424,90280.88178434214,26538.753632958113,88906.96588016128,26192.646738423366,87714.12088646425,25892.148990164736,86892.4711580485,25685.144595849506
685,3.4315715715715713,119668.90291852252,33830.424892942094,118534.93373555294,33553.86683591716,116917.59856613209,33158.5275888754,115101.82517254962,32713.321244018094,113213.90479932548,32248.99905393237,111310.78996625997,31779.617202356763,109418.67188391963,31311.76628600743,107549.8366567666,30848.61984675271,105710.18489703354,30391.75803918722,103902.71697240554,29942.024106498775,102129.31741340058,29499.967349615577,100392.00425997772,29066.146524597334,98689.72249161097,28640.380080402392,97022.45829401145,28222.728063481765,95391.39955138323,27813.55734274422,93799.80535546456,27413.77328417667,92255.10553370777,27025.357754775607,90773.68582193131,26652.578433383274,89391.92969350558,26304.756373655557,88192.27041578168,26002.769350408642,87365.92175737798,25794.73921729939
686,3.4365665665665666,120329.0492259589,33980.670510126016,119188.56869419142,33702.71230814832,117561.96199870331,33305.3744660975,115735.79746708547,32857.922328219436,113837.08876097038,32391.26320189186,111923.11088321928,31919.523877329237,110020.20140062335,31449.32754678655,108140.71393946599,30983.86311339407,106290.58083983696,30524.718156663577,104472.8181398987,30072.7397316058,102689.31998564665,29628.479553717305,100942.11501885884,29192.49893055461,99230.14171837762,28764.61507564356,97553.3857458779,28344.888070732195,95913.0411227956,27933.686324180428,94312.38455622972,27531.919346100593,92758.88682556129,27141.578389881517,91269.02523234335,26766.95175951922,89879.3887849491,26417.406175781725,88672.8803241005,26113.922609824196,87841.80863210474,25904.861725195722
687,3.4415615615615613,120992.5808785949,34131.64127754967,119845.55573649077,33852.276089087805,118209.63023036935,33452.92990298811,116373.02164084949,33003.221035375296,114463.46971405727,32534.21360717675,112538.57355733438,32060.105354833133,110624.81782115322,31587.552220933383,108734.62398474499,31119.758541650208,106873.95626908493,30658.319355402433,105045.84645677132,30204.085546020306,103252.19835383323,29757.611254115986,101495.0512540558,29319.46035016333,99773.3371024685,28889.448805921293,98087.04103353285,28467.636738266752,96437.36323559486,28054.39410193648,94827.59811775252,27650.63457040913,93265.25761498489,27258.358827751857,91766.91105453792,26881.875901647112,90369.35402160142,26530.598400419713,89155.96132871635,26225.610993844813,88320.14239587633,26015.514324118933
688,3.4465565565565566,121659.51252934932,34283.34021282767,120505.9093732429,34002.561168001244,118860.61757019679,33601.19684848432,117013.51177743566,33149.220269248726,115093.06150852241,32677.853126655,113157.191603515,32201.36444450531,111232.53452704826,31726.44307114086,109331.57994378789,31256.308847842218,107460.32410924195,30792.56430605769,105621.81462469704,30336.064175498428,103817.96500094546,29887.365032478865,102050.82523416763,29447.033321854364,100319.3207022596,29014.88376725619,98623.4360092786,28590.976520520453,96964.37754028023,28175.683089713577,95345.45749335828,27769.921330997906,93774.22916360912,27375.701403583207,92267.35436586739,26997.353157771944,90861.83630837985,26644.335310796065,89641.52418422175,26337.83673541225,88800.93369928292,26126.69922608831
689,3.4515515515515514,122329.8588817305,34435.77034369357,121169.64416534753,34153.57054417939,119514.93837667696,33750.17826141499,117657.2820091003,33295.92294334544,115725.87804217526,32822.1846267826,113778.97868375039,32343.303965414867,111843.36494613899,31866.002869379452,109931.59501329224,31393.51675741591,108049.69732952009,30927.455688257473,106200.73538934377,30468.678254622453,104386.63245322347,30017.74347915391,102609.44927032302,29575.22039259663,100868.1046179451,29140.92246406682,99162.58256653753,28714.90988018895,97494.09572778724,28297.555709338958,95865.97417614,27889.782009756964,94285.81277218171,27493.608460438438,92770.36628217534,27113.38583364175,91356.84658810617,26758.61917776504,90129.57968260151,26450.602074995346,89284.19322995201,26238.418650580625
690,3.4565465465465466,123003.63468996475,34588.93470802502,121836.77472393923,34305.30722696295,120172.60705785152,33899.877110525325,118304.34651688588,33443.33198093794,116361.93326082005,32967.21098362723,114403.9485072287,32485.926746086607,112457.32255266467,32006.234396920234,110534.68243558478,31531.3850049645,108642.0889439925,31062.996190626378,106782.62154048585,30601.930426822782,104958.21328027252,30148.749193191405,103170.9357162889,29704.02411791831,101419.70099164396,29267.56740919069,99704.49263995732,28839.43928824914,98026.52952959109,28420.01439078612,96389.15969905998,28010.21899659064,94800.01978066746,27612.082349266366,93275.9579578948,27229.97624276701,91854.39584160362,26873.45227982767,90620.13865332841,26563.90926060881,89769.93171264324,26350.674824548703
691,3.4615415415415414,123680.85475912495,34742.836353868915,122507.31571051494,34457.77423576753,120833.6380714382,34050.2963745014,118954.71953074486,33591.4503150898,117001.24115837758,33112.935082892305,115032.11483045717,32629.23562452452,113074.42086739201,32147.140444357956,111140.85549873734,31669.91633425135,109237.51201170767,31199.188510807842,107367.48591211633,30735.823344399847,105532.72009517356,30280.38478236554,103735.29696857877,29833.447061928142,101974.12200750675,29394.821123905174,100249.17820551575,28964.567223979753,98561.69071780986,28543.061572195114,96915.02563505154,28131.23468943754,95316.86156834832,27731.12542892135,93784.14058614687,27347.126706439925,92354.495087794,26988.836903150772,91113.21196345898,26677.76054783207,90258.15990934323,26463.46998244009
692,3.4665365365365366,124361.53394525939,34897.47833946648,123181.28183706138,34610.97460010852,121498.04592495665,34201.43904199484,119608.4153296636,33740.280888679874,117643.81577700733,33259.359819940655,115663.49145738204,32773.23344823523,113694.67345773241,32288.723811634194,111750.12753668301,31809.11349823262,109835.97963680387,31336.035355486543,107955.34138255952,30870.359668546243,106110.16555459356,30412.652863196174,104302.54546656167,29963.49179733679,102531.3798918226,29522.6861379485,100796.65128062622,29090.29617498201,99099.59110530821,28666.699699892873,97443.58359712084,28252.831494290545,95836.34955392378,27850.740066183025,94294.92539883938,27464.839553753834,92857.15538379486,27104.775341586097,91608.81051772952,26792.1581998281,90748.88861936063,26576.806366215704
693,3.4715315315315314,125045.68715552073,35052.86373327855,123858.68786618297,34764.911359626145,122165.84517585444,34353.30811164741,120265.44824178643,33889.826654426586,118289.67120722975,33406.48809981854,116298.09223950889,32917.92307425159,114318.09393786086,32430.98730806054,112362.51192933257,31948.979259080174,110437.50496862341,31473.5394404108,108546.20087458323,31005.542069368716,106690.56235889651,30545.556060970455,104872.69369257116,30094.160905478177,103091.4869131265,29651.164989540786,101346.92392424293,29216.62863720027,99640.24254580111,28790.93122841358,97974.8452384492,28375.011825216832,96358.49519561128,27970.928635775977,94808.32366676575,27583.11712162263,93362.38782501694,27221.26989668945,92106.94525865215,26907.10448736231,91242.12867942138,26690.686225368612
694,3.4765265265265266,125733.3293482951,35208.995614010826,124539.54861122984,34919.58756411043,122837.0504316334,34505.90659211578,120925.83264454042,34040.090574912305,118938.82158804845,33554.32283727957,116935.93107602303,33063.30736915618,114944.69596883425,32573.93375234169,112978.0221026911,32089.516388204338,111042.10120182749,31611.703490415035,109140.07735551178,31141.373225910265,107273.92325225423,30679.0970097646,105445.75417201425,30225.456976330835,103654.45538230662,29780.26022540502,101900.00823696677,29343.56711494277,100183.65693395754,28915.75862051898,98508.82225249494,28497.778104377954,96883.30999124667,28091.69352038952,95324.34669970414,27701.96175480021,93870.20354526171,27338.32287773985,92607.62716661119,27022.601688821484,91737.89096376416,26805.111816942735
695,3.4815215215215214,126424.47553333158,35365.87707063914,125223.87893642587,35075.00627352628,123511.6763499761,34659.2375020962,121589.5829647595,34191.07562260766,119591.28110707307,33702.866956808706,117577.02191391008,33209.389209105,115574.49325870996,32717.5659725988,113596.67152897456,32230.727666276784,111649.78157651082,31750.530239442298,109736.98383733894,31277.855826172286,107860.2610227575,30813.27835246567,106021.7394734808,30357.38260853938,104220.29765271171,29909.974400788222,102455.91636115083,29471.114120902377,100729.84620550489,29041.18434721885,99045.52637309607,28621.132762049892,97410.80547838515,28213.03711069744,95843.00584651636,27821.375805899952,94380.6137168191,27455.93660175871,93110.86725995938,27138.65209023268,92236.18638423579,26920.085405551607
696,3.4865165165165166,127119.14077187184,35523.51120243478,125911.6937569972,35231.17055803861,124189.73763887273,34813.30387034928,122256.71367880952,34342.784779895985,120247.06400064199,33852.12339264631,118221.37874807694,33356.17147985108,116207.49956266477,32861.88680639266,114218.4737267268,32372.615883253395,112260.55937831671,31890.022430566718,110336.9333768408,31414.99256713671,108449.58850252723,30948.10274079332,106600.66220885309,30489.94040943593,104789.02612025886,30040.310079482504,103014.6604810064,29599.27217617733,101278.82233733284,29167.210887791436,99584.96937457277,28745.078236643218,97940.99323440208,28334.96180537784,96364.31249524753,27941.36163541417,94893.62955056534,27574.11339352908,93616.67659511472,27255.25798528222,92737.02589038698,27035.609263397197
697,3.4915115115115114,127817.34017677997,35681.90111898989,126603.00803930093,35388.08349803741,124871.24905674769,34968.10873572482,122927.2393127132,34495.221039097734,120906.18455394535,34002.095088812195,118869.01562147289,33503.657076768126,116843.72868311408,33006.89910074705,114843.44226093672,32515.183838397217,112874.44793855234,32030.182816016146,110939.93907568966,31552.786154788253,109041.91856782611,31083.57283532175,107182.5350334152,30623.132995061645,105360.65322354136,30171.269833846236,103576.2528227093,29728.043810292093,101830.59734759797,29293.84072980394,100127.16307182997,28869.6169747232,98473.88487659395,28457.470011132926,96888.27807322546,28061.921611733673,95409.26229606103,27692.855585614852,94125.06626665694,27372.42167533468,93240.42046956813,27151.68567028871
698,3.4965065065065066,128519.0889126724,35841.04994024286,127297.83680095364,35545.748184163,125556.22541258698,35123.65514718668,123601.17444227537,34648.387402495006,121568.65710114836,34152.78499912971,119519.9466252105,33651.8489048743,117483.19446983103,33152.60571217206,115471.59074315545,32658.434340301428,113491.46063430393,32171.014157194677,111546.01408056692,31691.239304136587,109637.26413917013,31219.691305501485,107767.3706459631,30756.962990188204,105935.19144393677,30302.856244825205,104140.7056545058,29857.431561218185,102385.1832958283,29421.076369133014,100672.1193204604,28994.751431030054,99009.49206227993,28580.564142708943,97414.91404716021,28183.058111167375,95927.52324164915,27812.16551838009,94636.04740742463,27490.145469451945,93746.38114702525,27268.316913661467
699,3.5015015015015014,129224.40219604828,36000.96079650378,127996.19511096069,35704.16771733122,126244.68156606524,35279.94616383762,124278.53369320824,34802.28688235601,122234.49602551451,34304.1960872499,120174.1858986874,33800.74987885595,118125.91082006575,33299.00950668744,116102.93283161402,32802.370206912354,114111.61088855265,32312.51922470536,112155.171583277,31830.354739238646,110235.63818144049,31356.460829681328,108355.18178891453,30891.43302833937,106512.65330571502,30435.07190197387,104708.0312868193,29987.437975395016,102942.59228302799,29548.920309985297,101219.85001684753,29120.48406849909,99547.82648890298,28704.24662291603,97944.2319232441,28304.773517961832,96448.42371455368,27932.045540008316,95149.63118861207,27608.431684412255,94254.91898599632,27385.505288595785
700,3.5064964964964966,129933.29529541961,36161.6368284799,128698.09808984536,35863.345208758634,126936.63242767336,35436.98485494426,124959.33174125702,34956.92250095968,122903.71575952928,34456.33132667565,120831.74762970755,33950.36292309142,118771.89167866533,33446.1133598461,116737.4822313409,32946.99426555246,114734.91217029003,32454.700798372767,112767.42482086136,31970.135193220907,110837.05370399536,31493.884095130292,108945.98124841918,31026.545751812613,107093.05137614689,30567.919403476568,105278.24207235702,30118.065607750825,103502.83645178212,29677.375064917993,101770.36709826878,29246.817358281027,100088.89989413157,28828.519882648146,98476.24324725138,28427.0702243209,96971.97508097788,28052.498006521822,95665.82881986653,27727.282644729265,94766.04508780738,27503.25309783589
701,3.5114914914914914,130645.78353144236,36323.08118730121,129403.56090977824,36023.283779987905,127632.09295884625,35594.77429996202,125643.58331232575,35112.29729062023,123576.33078502394,34609.19370078597,121492.64605460335,34100.690971674856,119421.15103819352,33593.92015675752,117375.2526942798,33092.309352943426,115361.37799463414,32597.561667265803,113382.78707571226,32110.583408301743,111441.52376078234,31631.963798059558,109539.78185446898,31162.303811700713,107676.39826561252,30701.401356168793,105851.3504062166,30249.31702172363,104065.92798636193,29806.44315485952,102323.68254299897,29373.75377976221,100632.72405596128,28953.386360903074,99010.95960463885,28549.950630425385,97498.18874620303,28173.525281801092,96184.65154938555,27846.700682671246,95279.77059196905,27621.562651808857
702,3.5164864864864867,131361.8822770469,36485.297034545954,130112.59879470695,36183.98656291308,128331.07817209057,35753.317588560145,126331.30318260318,35268.414293711794,124252.35563329948,34762.78620286016,122156.8954583575,34251.73696844011,120073.70293905068,33742.43279211116,118016.25801940783,33238.318315229306,115991.02192294551,32741.10462972037,114001.27167568706,32251.702135813783,112049.0614504507,31770.702643644516,110136.59648100863,31298.709867913392,108262.70662771021,30835.52037555856,106427.36872599306,30381.194789282155,104631.87911282995,29936.127109130055,102879.80837041372,29501.29582058497,101179.31079281688,29078.848504802398,99548.39262064574,28673.417144452742,98027.07615468727,28295.129737604166,96706.11066401463,27966.68813828015,95796.1066762731,27740.43626864361
703,3.5214814814814814,132081.60695756925,36648.28754226628,130825.22702048578,36345.456699805014,129033.6031311131,35912.61782064677,127022.50617868912,35425.27656269315,124931.804885251,34917.1118361022,122824.51017472507,34403.50386698458,120729.56146959396,33891.65417020009,118660.51205285372,33385.02400799964,116623.85756294354,32885.332493362126,114622.89199422268,32393.494136226294,112659.67991646391,31910.103346046806,110736.4380460465,31435.766589199062,108851.98915936508,30970.27908584772,107006.3095118861,30513.701490946914,105200.70209914543,30066.42946546228,103438.75664109332,29629.44597666798,101728.67196365408,29204.908769611506,100088.55396039433,28797.472182596757,98558.64879016443,28417.313753586095,97230.21748934468,28087.247359390833,96315.06455688934,27859.87627418991
704,3.5264764764764767,132804.97305088225,36812.05589301385,131541.46091500597,36507.69734333672,129739.68295094882,36072.67810639395,127717.20717772069,35582.8871601324,125614.69317149188,35072.17361366501,123495.50458635601,34555.99463069324,121388.74076625778,34041.5872049445,119308.02868801629,33532.42929631263,117259.89856882302,33030.24807512938,115247.6614504502,32535.962179167702,113273.3923472123,32050.168628436393,111339.31951176524,31573.476653166523,109444.25860093847,31105.680119953264,107588.18528680729,30646.839715811173,105772.4092552699,30197.352770022084,104000.53945692645,29758.206752226542,102280.81946806217,29331.569618759644,100631.45532899057,28922.11816908733,99092.91817574334,28540.079717318404,97756.98338981003,28208.380701650265,96836.65548846233,27979.88500203742
705,3.5314714714714714,133531.99608752714,36976.6052798656,132261.3158583257,36670.71165660886,130449.33279808951,36233.50156626282,128415.42110749891,35741.24915873166,126301.03517247843,35227.97455867481,124169.89312491778,34709.21223276254,122051.25501367426,34192.2348199153,119958.82186568294,33680.53705471839,117899.15864137067,33175.85420129585,115875.59350930962,32679.10904344799,113890.21197612607,32190.901223013676,111945.25388463291,31711.84274630674,110039.52773633692,31241.7261195289,108173.00861648751,30780.61206156206,106347.01293327284,30328.89957742927,104565.16896121434,29887.58065979311,102835.76524636603,29458.833523860067,101177.10847162489,29047.357536210246,99629.895874007,28663.430024308567,98286.41976878615,28330.09052853676,97360.89076420866,28100.46479353471
706,3.5364664664664662,134262.69165084505,37141.93890644935,132984.8072828007,36834.50281317523,131162.5678906124,36395.09133102874,129117.1629466155,35900.36564135194,126990.84561863463,35384.5177042556,124847.69027121797,34863.15965622451,122717.11844479416,34343.599948357776,120612.90557414848,33829.35016728215,118541.65152808212,33322.15370749356,116506.70168166453,32822.93751708124,114510.15208178818,32332.30387103163,112554.25421551423,31850.867564014578,110637.80939312172,31378.41973498634,108760.79210958462,30915.02113450164,106924.52552743768,30461.07245077833,105132.65733877491,30017.57022023767,103393.52127972888,29586.7029647301,101725.52517367304,29173.192724327,100169.59348711207,28787.367078019546,98818.53806868807,28452.379211379237,97887.78171601394,28221.61799780842
707,3.5414614614614615,134997.07537710917,37308.05998696966,133711.950673215,36999.0739970683,131879.4034983093,36557.450541806495,129822.44772457986,36060.239701037935,127684.13929047713,35541.8060935535,125528.91055532734,35017.839893970755,123386.3453410078,34495.685533215226,121270.29384933416,33978.871527607604,119187.39102327888,33469.149438735825,117140.9995244177,32967.45039730819,115133.22598804778,32474.37932281804,113166.333599782,31990.55381061071,111239.11644261843,31515.763625516847,109351.54841779135,31050.069549568092,107504.95947436785,30593.873961659265,105703.01681604698,30148.17796278819,103954.09959025479,29715.180429411284,102276.71726079735,29299.626181894622,100712.0226568884,28911.893289889307,99353.34977106848,28575.249129376534,98417.33971453029,28343.346971782314
708,3.5464564564564562,135735.16295565668,37474.97174623363,134442.76156691153,37164.42840282475,132599.85494281535,36720.58235007552,130531.29052194634,36220.8744410429,128380.93101874048,35699.842779761326,126213.56855670297,35173.255948776576,124058.95003226612,34648.49452715268,121931.00077490677,34129.10403886022,119836.39096822559,33616.8442494401,117778.50064062599,33112.65049061879,115759.4470641335,32617.130337797673,113781.50517742864,32130.90419936343,111843.46180002678,31653.76045911278,109945.2902359432,31185.75993035685,108088.32725309291,30727.306690178375,106276.25966119509,30279.40642505114,104517.51224109168,29844.268414189595,102830.69659904782,29426.66036548555,101257.19506493885,29037.011079350446,99890.86639671624,28698.702669616763,98949.57616927392,28465.65408019651
709,3.5514514514514515,136476.97012902086,37642.67741967671,135177.25555392337,37330.569235511124,133323.93759773864,36884.489917705214,131243.70647044134,36382.27297485352,129081.23568450238,35858.63082614302,126901.67890431157,35329.410833325004,124734.94689720214,34802.02989258068,122595.04048239808,34280.050613790525,120488.66525124737,33765.24100345104,118419.21867961605,33258.54061277483,116388.82872476714,32760.559684514526,114399.7821331779,32271.921452510564,112450.85842453029,31792.41291258905,110542.03030212646,31322.09490914177,108674.64138517508,30861.37322497917,106852.39818421396,30411.258153032064,105083.77133653432,29973.96942361564,103387.47509496364,29554.29773980755,101805.12243273926,29162.72287384981,100431.09950575497,28822.74222709663,99484.50252872282,28588.541695626627
710,3.5564464464464463,137222.51269306397,37811.18025338861,135915.44827710497,37497.49971074947,134051.66688878977,37049.17641698019,131959.71075309126,36544.43842621489,129785.06821930941,36018.17330605826,127593.2562767531,35486.30757023114,125414.35036325235,34956.29460167897,123262.42715132437,34431.71417475761,121144.22780784749,33914.342574063485,119063.16733709995,33405.12358883259,117021.38443027732,32904.67014065413,115021.17769659689,32413.608301281398,113061.3193194067,31931.7236716048,111141.78139778686,31459.077126896434,109263.91443481579,30996.07616326322,107431.44473703354,30543.73570115612,105652.88902212758,30104.28597052489,103947.06469567468,29682.540777723614,102355.8165217383,29289.031108868086,100974.06069774179,28947.370204740826,100022.13028041442,28712.012198502987
711,3.5614414414414415,137971.80649710965,37980.48350413919,136657.35543226358,37665.22305474301,134783.05829391128,37214.645030625725,132679.31860434997,36707.3739291555,130492.44360530267,36178.47330298708,128288.31540238443,35643.94919206622,126097.17490677856,35111.29163642041,123933.17500930603,34584.097653752506,121803.09262082505,34064.151844045504,119710.36035529086,33552.40225316553,117657.12768671356,33049.46449306589,115645.70514220804,32555.967485918638,113674.85753213809,32071.695430684904,111744.55634783782,31596.70923331538,109856.15900896225,31131.418110811137,108013.41171362376,30676.841632288655,106224.87748476966,30235.220576057978,104509.47738900338,29811.391960271987,102909.289133458,29415.93822793955,101519.76161176617,29072.589013421453,100562.47095104381,28836.067977129886
712,3.5664364364364363,138724.867444076,38150.59043940449,137402.99276829106,37833.74250430186,135518.12734340772,37380.89895183306,133402.54531022697,36871.08262801223,131203.3768753438,36339.53391055439,128986.8710594433,35802.338741381915,126783.43505318972,35267.02398859473,124607.29833218777,34737.203992421666,122465.27372039307,34214.67170566154,120360.81152301937,33700.37944948697,118296.07204596045,33194.94553778535,116273.37778960157,32699.001755700414,114291.48615452142,32212.330893241735,112350.36802076905,31734.99388683541,110451.38775741469,31267.401682003492,108598.31155009997,30810.57851775585,106799.74895281559,30366.775769680993,105074.72520356665,29940.853776686108,103465.55210959386,29543.44668267172,102068.21392654911,29198.40107197752,101105.53610656167,28960.71142770484
713,3.5714314314314315,139481.71149060866,38321.50433739268,138152.3760872957,38003.06130686887,136256.8896200761,37547.94138428491,134129.40620841557,37035.5676774554,131917.88311314103,36501.3582325548,129688.9380761724,35961.47927073458,127473.14537706412,35423.494659832555,125284.81144415839,34891.03614209046,123130.78518429656,34365.90506069548,121014.53467584956,33849.058030872926,118938.23110585182,33341.116080056745,116904.20900354779,32842.71386896231,114911.21832277908,32353.632771596793,112959.22932875562,31873.933754656955,111049.61337293316,31404.029499841847,109186.15672482825,30944.9489373654,107377.51569618109,30498.954089205832,105642.82020887772,30070.928724414665,104024.61733211561,29671.55893276509,102619.42936054245,29324.808807234356,101651.33735227282,29085.94495433793
714,3.5764264264264263,140242.35464721423,38493.228487070126,138905.52124473426,38173.18272054534,136999.36075933583,37715.775542180876,134859.91668842122,37200.83224251389,132635.97745337564,36663.94938297719,130394.53133094379,36121.37384270957,128166.32050227163,35580.706661629185,125965.72871787139,35045.597063786714,123799.6411379309,34517.85482047385,121671.54369619551,33998.440859784845,119583.61851028542,33487.978934355306,117538.21219410974,32987.10659311942,115534.06721766971,32495.603787002347,113571.15322776686,32013.531512765352,111650.84859134482,31541.304195969744,109776.9597585308,31079.955479427204,107958.1900264462,30631.75808081055,106213.77451544844,30201.61930914165,104586.4967233679,29800.277446032902,103173.41967202789,29451.814654023176,102199.88633293437,29211.770969071098
715,3.5814214214214215,141006.81297839363,38665.76618818747,139662.4441495445,38344.1100141169,137745.55644935928,37884.40465026299,135594.09219169006,37366.879498600276,133357.67508182852,36827.31048602956,131103.6657523833,36282.02552994565,128862.97510209608,35738.663015368635,126650.06457456526,35200.889728264345,124471.85575446031,34670.52390588902,122331.8525134377,34148.530808092444,120232.24794933751,33635.53692440974,118175.40081675614,33132.18270468847,116160.04606459936,32638.246669663284,114186.15271767548,32153.78984595235,112255.10619165139,31679.2284106938,110370.73321439172,31215.60074077407,108541.78429695952,30765.19029905977,106787.60027489193,30332.928044806446,105151.20224617099,29929.604698420957,103730.19665921685,29579.42105520056,102751.19473285458,29338.191891897506
716,3.5864164164164163,141775.1026027761,38839.120751305745,140423.16076427724,38515.846467079464,138495.4924312027,38053.831943841265,136331.9482117377,37533.71263153597,134082.99123550687,36991.4446761637,131816.35631949545,36443.43741515931,129563.12389935827,35897.36675234764,127337.8334841842,35356.9171160269,125147.44325493647,34823.91524742241,122995.47510403971,34299.33075709654,120884.13315937754,33783.79288322472,118815.7883724742,33277.94498930992,116789.16813373221,32781.56415875887,114804.24084236703,32294.711447837417,112862.3989961368,31817.804793004743,110967.4896981629,31351.887326782497,109128.31090294215,30899.25330692513,107364.30968002473,30464.857453623925,105718.74590392188,30059.543174027433,104289.77216035005,29707.630461668097,103305.27427599159,29465.210150780964
717,3.5914114114114115,142547.23969325292,39013.29549782258,141187.68710522944,38688.39536966506,139249.1844989372,38224.06066881922,137073.50029427835,37701.3348375765,134811.9412027712,37156.355098100124,132532.618061788,36605.61259116926,130266.78166653845,36056.82091379972,128029.04996549906,35513.68221735128,125826.41790841761,34978.031785167776,123662.42549166556,34450.843597552026,121539.2879231835,33932.749653103434,119459.38840788299,33424.39624177015,117421.44674010234,32925.55900246451,115425.43068984931,32436.299020889368,113472.73987047476,31957.036000598604,111567.24185826996,31488.817851393447,109717.7822815921,31033.949675805732,107943.91496496978,30597.41006610464,106289.13974069557,30190.095365122746,104852.15805379744,29836.445332391908,103862.13672605225,29592.828181675333
718,3.5964064064064063,143323.24047711177,39188.29375999836,141956.03924257716,38861.760022867835,140006.64849977972,38395.094081719624,137818.76403735369,37869.74932343667,135544.5403234624,37322.044906852876,133252.46605939735,36768.55416092082,130973.9632258996,36217.02855091915,128723.7285862282,35671.18803231131,126508.79403208748,35132.87646885455,124332.71774729641,34603.072229690704,122197.72607005705,34082.410085670126,120106.21451534657,33571.53926602366,118056.89524372506,33070.23395797365,116049.7353923621,32578.555276447714,114086.14172383689,32096.924699897805,112170.0023859185,31626.394937133173,110310.21091218885,31169.28198554864,108526.4284052592,30730.588421074994,106862.39584134633,30321.263772169452,105417.36625815807,29965.868134422373,104421.79388659127,29721.048428543974
719,3.6014014014014015,144103.1212361711,39364.11888098251,142728.23330050844,39035.943738470065,140767.90033422457,38566.93544971007,138567.75509146272,38038.95930631594,136280.8039890292,37488.5172677544,133975.9154432137,36932.265237510466,131684.68344961075,36377.992724885175,129421.88396315908,35829.4375708016,127194.58599137467,35288.45225787112,125006.36598934815,34756.01956324435,122859.46147593873,34232.77704189272,120756.2803330876,33719.37687521534,118695.52704970847,33215.59179151958,116677.16812648713,32721.482934744272,114702.6175090007,32237.47356607244,112775.7840152004,31764.621215134066,110905.60931619797,31305.252824469408,109111.86231793743,30864.39506569744,107438.5263316092,30453.050903842155,105985.40873236042,30095.901342913723,104984.25760111051,29849.87334337926
720,3.6063963963963963,144886.89830691458,39540.774214839745,143504.28545735683,39210.94983906821,141532.95595617488,38739.58805062874,139320.489159691,38208.96801392369,137020.7476426556,37655.775356480546,134702.98139500644,37096.74894421037,132398.95725987022,36539.716506886056,130123.53076226932,35988.43385256125,127883.808200072,35444.76212128825,125683.38438378886,34909.68851746762,123524.50806352384,34383.85339210543,121409.5995453011,33867.91189170265,119337.35560836553,33361.635278397465,117307.74211325789,32865.08472492472,115322.1802224578,32378.6852830614,113384.59952320042,31903.49932515558,111503.99005737595,31441.86478937264,109700.22906166418,30998.83255549074,108017.54337820172,30585.45927704744,106556.2974757625,30226.547441143735,105549.53975315818,29979.30538622205
721,3.6113913913913915,145674.588080626,39718.26312657643,144284.2119457348,39386.78165809899,142301.8313730744,38913.05517301011,140076.98199784054,38379.77868450459,137764.38677938856,37823.82235907547,135433.67914755023,37262.008414492986,133116.79962902935,36702.20297814338,130828.68369884852,36148.17990719759,128576.47512045612,35601.80903788246,126363.78714425635,35064.082021161164,124192.87980237797,34535.64201603145,122066.18588226823,34017.147147078016,119982.39441532589,33508.36720298619,117941.4706182701,33009.363385070166,115944.84290452245,32520.562543593685,113996.4617301027,32043.031915605086,112105.36574187518,31579.12048557258,110291.54103681799,31133.903454350224,108599.45918892557,30718.49141694389,107130.04452825253,30357.808920533484,106117.6522664286,30109.34702518127
722,3.6163863863863863,146466.20700352418,39896.588992166886,145068.02905266755,39563.442539865464,143074.5426460394,39087.340116110725,140837.24941455972,38551.39456686405,138511.7369462663,37992.661471976695,136168.02398475038,37428.04679205565,133838.22557971635,36865.4552299362,131537.35753762003,36308.678774210115,129272.6012634074,35759.59599615952,127047.58853217612,35219.203012694656,124864.5907090529,34688.145802805644,122726.05312047034,34167.08548219111,120630.65701164822,33655.790358770406,118578.36695179179,33154.321662218805,116570.61863944007,32663.108049209626,114611.3834992979,32183.22164355884,112709.74901834899,31717.022526913715,110885.8106855996,31269.610334568122,109184.28601276876,30852.149856962045,107706.66197034942,30489.68828066706,106688.60710486172,30240.000736453447
723,3.6213813813813815,147261.77157689835,40075.75519857988,145855.75311972713,39740.93583956329,143851.10588999098,39262.44618993509,141601.30727147363,38723.81892039361,139262.81374244593,38162.295902040154,136906.03124176917,37594.86723084524,134563.2501849605,37029.476363625276,132249.5670928631,36469.93350301426,129972.20118852981,35918.12599437789,127734.80285687935,35375.05444002991,125539.65484720297,34841.36765099725,123389.21508270332,34317.72974717125,121282.15698393252,33803.90754836249,119218.44446887418,33299.96231238757,117199.52055549606,32806.32451028232,115229.37773748983,32324.07117478302,113317.15257805718,31855.573535791496,111483.05049213591,31405.955776853858,109772.03614000759,30986.437138824494,108286.16192330369,30622.188029311386,107262.41627274318,30371.269004342328
724,3.6263763763763763,148061.2983572435,40255.76514380501,146647.40054316632,39919.26492330687,144631.53727378743,39438.37671526148,142369.17148331445,38897.05501509649,140017.6328193322,38332.72886656527,137647.71630515222,37762.47289508286,135291.888568316,37194.26949067741,132965.32722853456,36631.94715296538,130675.28950427135,36077.402040572284,128425.44447572135,35531.63926074405,126218.08632770122,34995.31046863271,124055.6856381918,34469.08280144979,121936.90796443266,33952.72158352463,119861.71656946221,33446.28810059386,117831.5618251246,32950.21464603888,115850.45739480306,32465.583183754694,113927.58915497139,31994.776143172963,112083.2729825834,31542.942370354504,110362.72190230904,31121.355812565926,108868.55654919845,30755.31068243603,107839.09181480415,30503.15432127854
725,3.6313713713713716,148864.803956396,40436.6222368792,147442.98777405306,40098.43316815561,145415.8530203567,39615.13502366783,143140.8580180518,39071.106131613014,140776.20988070572,38503.96359332001,138393.09461295477,37930.86695928857,136024.15590398654,37359.837732689804,133684.65285839193,36794.72279338264,131381.88086804427,36237.42715257719,129119.52779419975,35688.96044205262,126899.89930875578,35149.97717321844,124725.47870270407,34621.1475137826,122594.92363116913,34102.235285190916,120508.19669850542,33593.30180087721,118466.75566501803,33094.78118458188,116474.63546489,32607.76035368285,114541.0715258807,32134.63298861749,112686.49072523243,31680.57271267507,110956.35567283325,31256.908436553218,109453.8580510503,30889.058764233003,108418.64581632157,30635.659187839217
726,3.6363663663663663,149672.30504166943,40618.32989791325,148242.53131840526,40278.44396214018,146204.06940682945,39792.72445755775,143916.38289702375,39245.975561246254,141538.56068285197,38676.00332056623,139142.1816548684,38100.05260830615,136760.06741694993,37526.18422141434,134407.5589461155,36958.26350357303,132091.98998634555,36398.20435805049,129817.06726607298,35847.020960832866,127585.10799602678,35305.37069176366,125398.60823866642,34773.926762272466,123256.21770804198,34252.4514834894,121157.89834606902,33741.0061963211,119105.11533623589,33240.02686291068,117101.92498503847,32750.605376529515,115157.61251049755,32275.14672029748,113292.7163306113,31818.84940989903,111552.94986633612,31393.097577505592,110042.07867291078,31023.43480713668,109001.09040321843,30768.7861127677
727,3.641361361361361,150483.8183359906,40800.89155811836,149046.04773732537,40459.30070428887,146996.20276467162,39971.14837018643,144695.76219506797,39421.6666059876,142304.70103469002,38848.851297084715,139894.9929723478,38270.033037327914,137499.63838308313,37693.312098782124,135134.06050543123,37122.57237285533,132805.63161487787,36559.73669449706,130518.07739347934,36005.82380364697,128273.72664274297,35461.493960803295,126075.0882552784,34927.42343439166,123920.8039649438,34403.37301776432,121810.83504744542,33889.40407907471,119746.6541443143,33385.954426942975,117732.33903627939,32894.120953030826,115777.22497156358,32416.319995019243,113901.96245159062,31957.775076608734,112152.51693927203,31529.92581051477,110633.23069996774,31158.44135184368,109586.43774216427,30902.537612993285
728,3.6463563563563564,151299.360618036,40984.31065983279,149853.5536471354,40641.00680465397,147792.26947981806,40150.410125686685,145479.01204065268,39598.18257854237,143074.64679790183,39022.51078220044,140651.54415873825,38440.81145191953,138242.88412928674,37861.224516927774,135864.17260023364,37287.65250058417,133522.82055867036,36722.027209292486,131222.57272705578,36165.37196676531,128965.76954981896,35618.34992642092,126754.93280862783,35081.640427004495,124588.69621787306,34555.0027365982,122467.02038326515,34038.498250374825,120391.38543937591,33532.56663153627,118365.89074349475,33038.3097927182,116399.92181495593,32558.155478243705,114514.24178348783,32097.352335905896,112755.06938989685,31667.395719065193,111227.32645864692,31294.080947332837,110174.70004067589,31036.91621365097
729,3.651351351351351,152118.9487223681,41168.59065654848,150665.0657195124,40823.56568433809,148592.28599280585,40330.51309909504,146266.14861600805,39775.526802355605,143848.4138870616,39196.985045807945,141411.8508594022,38612.3910680449,138989.8200336106,38029.924638214005,136597.91034470903,37453.5069961742,134243.5716722,36885.07895970667,131930.5678660573,36325.66845618979,129661.2510659721,35775.9415442716,127438.15600180598,35236.58064638984,125259.90832904752,34707.34349783416,123126.46797960877,34188.29152056762,121039.32261623925,33679.86624050932,119002.59327552549,33183.17461393954,117025.7159897934,32700.65584410733,115129.56706417161,32237.583819432155,113360.61975837105,31805.50989505421,111824.37831671374,31430.356150885123,110765.88954721809,31171.92444810123
730,3.6563463463463464,152942.59953957217,41353.735012937716,151480.60068162336,41006.9807755207,149396.26879890767,40511.460676377814,147057.18815725797,39953.702611637615,144626.0182697649,39372.27736839652,142175.92877184716,38784.77511209112,139740.46152537898,38199.415635256104,137335.2889034587,37620.13897912412,134967.89985951254,37048.89501292767,132642.07745847595,36486.7162876772,130360.18558784029,35934.27177960498,128124.77198502346,35392.2470082638,125934.45420701773,34860.39816859809,123789.19150811873,34338.786709130596,121690.47911452923,33827.85602666376,119642.45984527974,33328.71814388035,117654.62048854302,32843.82377544294,115747.95107416705,32378.472167389642,113969.18062686281,31944.270938812348,112424.39868337501,31567.269528103647,111360.01855130462,31307.56485794981
731,3.661341341341341,153770.33001639287,41539.7472048799,152300.1753162613,41191.25552148458,150204.23444826587,40693.25625445723,147852.1469545517,40132.71335138984,145407.47596675903,39548.39104107569,142943.7936458533,38957.966820893365,140494.82408531616,38369.70069094651,138076.32349162275,37787.5515790409,135695.82007434434,37213.47844608541,133357.11620116045,36648.5184867626,131062.58756009913,36093.34360728818,128814.79495572523,35548.64243780227,126612.34780678089,35014.16962532097,124455.20468611093,34489.98664469447,122344.86841878659,33976.53877180563,120285.50370984111,33474.94311858508,118286.64834712654,32987.66196380067,116369.40663676031,32520.02002856149,114580.76461965161,32083.681459123625,113027.4000093812,31704.823652933694,111957.09938359934,31443.83999306757
732,3.6663363363363364,154602.15715587174,41726.630719488305,153123.80646198083,41376.393376642314,151016.19954602627,40875.90324123764,148651.04135219607,40312.56237743059,146192.80305207247,39725.32936560051,143715.46128360127,39131.969441759946,141252.92324567225,38540.782998479415,138821.02937500336,37955.74793566393,136427.34732024383,37378.83234627552,134075.69883993617,36811.07808878279,131768.4714755799,36253.16001182903,129508.239158707,35705.769869663716,127293.60312989487,35168.66075376118,125124.52127668714,34641.89416506519,123002.50405857876,34125.917266767,120931.73817057726,33621.85228297832,118921.81264502754,33132.173109468866,116993.94661810396,32662.23006033252,115195.38440323168,32223.744073245805,113633.39478712858,31843.02110768279,112557.1444160174,31580.752411610407
733,3.671331331331331,155438.09801748444,41914.38905513684,153951.5110132342,41562.39780656294,151832.18075247275,41059.40505563176,149453.88774878753,40493.25305642096,146982.01565314547,39903.095654397024,144490.9475398001,39306.78623249728,142014.77459034912,38712.66576137533,139569.421870189,38124.73119888927,137162.49665069347,37544.95981058314,134797.84016972446,36974.39813889966,132477.85187538754,36413.723987398946,130205.11888623105,35863.63224801186,127978.23422459215,35323.87444902686,125797.15508884714,34794.5121172459,123663.39960861014,34275.99431142766,121581.17657324881,33769.448390886115,119560.12650539799,33277.359921495095,117621.58392732222,32805.104928709894,115813.05268641586,32364.461406930837,114242.39555076156,31981.86448304078,113160.16606182659,31718.304680039153
734,3.6763263263263264,156278.16971727804,42103.02572148698,154783.3059205078,41749.27228799846,152652.1947831614,41243.76512758684,150260.7025973448,40674.78876589061,147775.12995095982,40081.6932305878,145270.26832181562,39482.420461435,142780.39375502648,38885.3521935058,140321.5163446785,38294.50452879394,137901.28316923208,37711.86394610685,135523.55503466335,37138.4816921238,133190.74334901862,36575.03853785617,130905.44847814225,36022.232526538384,128666.25518589435,35479.813615598265,126473.11997760119,34947.843357458965,124327.56868883263,34426.77271473673,122233.8323081177,33917.734205057386,120201.60309516561,33423.22511770711,118252.33151661637,32948.64730834373,116433.78222043937,32505.836094445138,114854.41487627524,32121.356378099943,113766.17677574922,31856.49937313946
735,3.681321321321321,157122.38942800905,42292.54423951459,155619.20819045836,41937.02030891048,153476.25840905527,41428.98689811105,151071.50240544105,40857.17289426369,148572.16218016972,40261.12542801728,146053.43958979877,39658.875407451036,143549.79642728833,39058.84551911813,141077.32821700518,38465.07109566021,138643.7220295767,37879.54786998256,136252.85832822736,37303.331813338,133907.1605344797,36737.10667676891,131609.24232198478,36181.573668485755,129357.68015572659,35636.48116735022,127152.42984408278,35101.890751168066,124995.02496455661,34578.25529473441,122889.71881005667,34066.71249718517,120846.25562514123,33569.77142473391,118886.20238137052,33092.85988254793,117057.58579906398,32647.87077859013,115469.46538161811,32261.499400375138,114375.18905406358,31995.33907404179
736,3.6863163163163164,157970.77437928112,42482.948141536865,156459.23488604982,42125.645368497004,154304.38845665904,41615.07381929976,151886.3037353373,41040.40884088487,149373.12862923238,40441.39559127756,146840.47735681428,39836.1543599968,144322.99834674943,39233.14897286006,141836.87295686142,38636.434079999926,139389.82843574512,38048.01470940745,136985.764993348,37468.951577320775,134627.1181184058,36899.93142743851,132316.51485311825,36341.65864667003,130052.52332303209,35793.88002757456,127835.09863566126,35256.65717310025,125665.7821465617,34730.444878573726,123548.84955865836,34216.386047928085,121494.09735012602,33717.001578026815,119523.20956025722,33237.74534332079,117684.47625868212,32790.56811072256,116087.55972679485,32402.29616582396,114987.21543470593,32134.82637424144
737,3.691311311311311,158823.34185768344,42674.240971239306,157303.40312668995,42315.15097721903,155136.60180815432,41802.02935436197,152705.123204115,41224.50001604521,150178.04564053903,40622.507075733745,147631.3976889695,40014.26061912227,145100.0153051821,39408.2657998046,142600.1660852234,38808.59667257894,140139.61764217867,38217.26760166399,137722.2900225347,37635.344068770035,135350.63083617904,37063.51582292267,133027.2805548349,36502.490443503724,130750.79892388696,35952.01312900261,128521.1403460548,35412.14550726808,126339.8539912082,34883.3443025423,124211.23807834453,34366.75764693178,122145.14156901928,33864.91832188053,120163.36613534344,33383.30639136589,118314.46647842134,32933.93075077502,116708.71061396941,32543.74929886701,115602.26849737241,32274.963873618515
738,3.6963063063063064,159680.10920692896,42866.42628370276,158151.73008836765,42505.540656827434,155972.91540153485,41989.85697764665,153527.9774838094,41409.449841008274,150986.92961054627,40804.46324754973,148426.2167055433,40193.19749550134,145880.86314664295,39584.199255474814,143367.2231744758,38981.56207444147,140893.10495386482,38387.30969414394,138462.44845799523,37802.512382326655,136077.7134720477,37227.86290605875,133741.55395847608,36664.07205101867,131452.52124161558,36110.88341382773,129210.5690154436,35568.35864699178,127017.25430054823,35036.95641208416,124876.89793847567,34517.83009285038,122799.40162492626,34013.5244094543,120806.6852321969,33529.54573611282,118947.56938024897,33077.96136727647,117332.93078756817,32685.861432408074,116220.36086362161,32415.75418045803
739,3.701301301301301,160541.09382799288,43059.50764543045,159004.23300379017,42696.81794038967,156813.34623074203,42178.560174669285,154354.88330154313,41595.261748036166,151799.79698990704,40987.267483713775,149224.9505791155,40372.96831045697,146665.55776760037,39760.952605868704,144138.0598485369,39155.3334969346,141650.30572646036,38558.14414437241,139206.255391757,37970.459622598195,136808.3808592447,37392.975729487,134459.34964354962,36826.40647088898,132157.7046069054,36270.49383372785,129903.39873058334,35725.29949492149,127697.99692243713,35191.28406182159,125545.8427534607,34669.606193367974,123456.89090526591,34162.82260279308,121453.18001999192,33676.46609573808,119583.79792907655,33222.66263737275,117960.23303438313,32828.63520785447,116841.50519697664,32557.199911469976
740,3.7062962962962964,161406.31317925174,43253.488634375026,159860.9291625206,42888.986372316715,157657.91134580036,42368.142442138305,155185.8574396595,41781.93918041563,152616.6642836023,41170.92317206426,150027.6155356961,40553.57639598652,147454.1151170615,39938.52912748404,144912.69178298395,39329.91416173274,142411.23536641456,38729.77412003197,139953.72596578803,38139.18890418263,137542.64788010746,37558.85735567393,135180.682237847,36989.49671445396,132866.36339792245,36430.84734988806,130599.64362491856,35882.97096305942,128382.09575064528,35346.33011557699,126218.08618286686,34822.08876522017,124117.62284187933,34312.815672848694,122102.8637116163,33824.070197185894,120223.16513286479,33368.03724684714,118590.63018367562,32972.07327513724,117465.71420302766,32699.303691809415
741,3.711291291291291,162275.7847766222,43448.37283996576,160721.83591111557,43082.04950838983,158506.62785295348,42558.60728798168,156020.91673585685,41969.4855924842,153437.5480510727,41355.43371131535,150834.227854855,40735.0250947871,148246.55119669985,40116.93210734332,145691.13470517835,39505.307300862165,143175.90933109247,38902.202798986815,140704.87537211846,38308.703351691984,138280.52946619672,37725.51085693566,135905.5664175607,37153.3458027411,133578.51204042672,36591.94693302321,131299.3178786962,36041.37597278215,129069.56472496998,35502.097446394786,126893.64193152974,34975.28063421564,124781.61091113776,34463.506399501086,122755.74956377776,33972.36077618916,120865.6840427287,33514.08789014097,119224.13510727974,33116.178292731565,118093.00062953464,32842.0681550967
742,3.7162862862862864,163149.5261937003,43644.1638631357,161586.9706532631,43276.01091578759,159359.51291480023,42749.95823137337,156860.0780833221,42157.9044496564,154262.46490635065,41540.802511082904,151644.8038698518,40917.317760280916,149042.88206098296,40296.164843018785,146473.4043943916,39681.51615672559,143944.34312889856,39075.433369306826,141459.71885296205,38479.00609977626,139022.0405984166,37892.93931546133,136634.01690740205,37317.95676648914,134294.16500788822,36753.79556340061,132002.43571907963,36200.517454862944,129760.41783134728,35658.588936563414,127572.52374966338,35129.184635257705,125448.86863405115,34614.897571579575,123411.85087711058,34121.34057729036,121511.36775304266,33660.817270374246,119860.76071970622,33260.95292767706,118723.37726653018,32985.49594343756
743,3.721281281281281,164027.55506190084,43840.865316348834,162456.3508499211,43470.87417311283,160216.58375043125,42942.198802760104,157703.35843086534,42347.199228449936,155091.4315181924,41727.032991910135,152459.3599677657,41100.45775664066,149843.12381730057,40476.23064265735,147259.51668193066,39858.543982126736,144716.55231940054,39249.46902929188,142218.27170083782,38650.10029314715,139767.1963071341,38061.14582333652,137366.0484807188,37483.33264617107,135013.3368216025,36916.39623086273,132709.01142026272,36360.39834949404,130454.66910196426,35815.80747763721,128254.74543297091,35283.803612366,126119.40957637691,34766.99198688416,124071.18099628284,34271.0123538625,122160.22940154593,33808.22809936633,120500.51997824642,33406.399855598254,119356.85694642256,33129.589707443345
744,3.7262762762762764,164909.8890705973,44038.48082362744,163329.99401945522,43666.64287041961,161077.85763556487,43135.332543887955,158550.77478305416,42537.37341651195,155924.46461021036,41914.12858529362,153277.91258962595,41284.448458814964,150647.29262609227,40657.13282500569,148049.48745126443,40036.394040295,145492.55251345312,39424.31298749607,142980.54925869225,38821.98908660196,140516.01167229886,38230.13348256672,138101.67595961332,37649.4764920173,135736.04205080698,37079.75193484987,133419.05930358375,36521.021606309,131152.33261537133,35973.75597045849,128940.32082275492,35439.14041869809,126793.24734872842,34919.7924522068,124733.7533101032,34421.37886813017,122812.28216944796,33956.32309765656,121143.4258830764,33552.52176072494,119993.45254409879,33274.352106251295
745,3.7312712712712712,165796.54596726122,44237.01402057925,164207.91773777772,43863.32060924032,161943.35190268437,43329.36300782899,159402.34420034828,42728.43051264539,156761.58096100562,42102.09273370905,154100.47823054204,41469.29325255393,151455.40470097619,40838.8747194353,148843.33263814973,40215.06960491016,146272.35937332237,39599.968462752,143746.566920021,38994.675645047406,141268.50182356365,38399.90540510089,138840.9142150607,37816.391364038725,136462.2953127971,37243.86568442293,134132.59373763992,36682.39018440516,131853.42249659484,36132.4373251796,129629.26380602802,35595.19791657119,127470.39560668413,35073.30178335281,125399.58125162822,34572.442891190505,123467.53928153406,34105.1049945251,121789.49147736128,33699.321335912675,120633.1769770279,33419.785807544744
746,3.7362662662662665,166687.54355760268,44436.46855442492,165090.13963848606,44060.91100261267,162813.0839411746,43524.2937590081,160258.0837992345,42920.37402683529,157602.79740430068,42290.92889063727,154927.07343983432,41654.99553443464,152267.47630887703,41021.45966596752,149641.06823075746,40394.57396012698,147055.98861280974,39776.43868419499,144516.34012899155,39168.163143523634,142024.6819404045,38570.4647128549,139583.77816702676,37984.080332049896,137192.1112730427,37408.74049828626,134849.62913840203,36844.50705236605,132557.9529172496,36291.85446128493,130321.58831562409,35751.978977483894,128150.86805089681,35227.522805162225,126068.67829826997,34724.2072030343,124126.0140062714,34254.576528013546,122438.72984735946,33846.801282663204,121276.04320536456,33565.89348757348
747,3.7412612612612612,167582.89970571036,44636.84808402534,165976.67741300206,44259.41767510691,163687.07119745927,43720.12837322971,161118.0107523617,43113.20748027516,158448.13082907262,42480.64052059015,155757.71482116493,41841.55871188665,153083.5237701553,41204.8910152989,150442.71026979963,40574.91040060005,147843.45599737696,39953.72689128755,145289.88438056543,39342.45476722811,142784.56725224108,38741.81453773516,140330.28278458724,38152.54647569224,137925.50464530467,37574.379404810425,135570.17996932895,37007.37518828384,133265.93809565197,36452.01030761306,131017.30833030895,35909.48648213792,128834.67842720261,35382.458351531226,126741.05797190338,34876.67459256703,124787.71965591487,34404.74044494579,123091.1541225275,33994.96431114506,121922.06423205264,33712.67783117407
748,3.746256256256256,168482.63233419217,44838.156279909046,166867.54881071098,44458.844262853,164565.33117513807,43916.87043770457,161982.14228867617,43306.9344053934,159297.59817968577,42671.23109913672,156592.41903266867,42028.98620321765,153903.5634587358,41389.17212882613,151248.27484865577,40756.08223150853,148634.77734427043,40131.836333843734,146067.2152206212,39517.55371153967,143548.17303855758,38913.958021662256,141080.44308604594,38321.7928844573,138662.49019175186,37740.785442055094,136294.26074148275,37170.99757978183,133977.39229693264,36612.907802378875,131716.4378748918,36067.723320459896,129521.84052673056,35538.11126543356,127416.73383897418,35029.84785763007,125452.66958661328,34555.59950094885,123746.77747562475,34143.81314021402,122571.25310292887,33860.14153179018
749,3.7512512512512513,169386.75942431588,45040.39682429969,167762.77163910095,44659.19441356778,165447.88143512452,44114.523551076694,162850.49569355702,43501.558345879785,160151.2164560255,42862.70411292912,157431.20278708436,42217.28143763906,154727.6118022368,41574.30637867148,152057.77811350016,40938.09276858103,149429.96852264626,40310.770272053516,146848.34824607684,39693.46318204253,144315.51462902356,39086.89831659456,141834.27413905386,38491.82265770997,139403.08272307774,37907.96165779193,137021.88601364355,37335.37722403698,134692.32983315003,36774.549893195726,132418.99102033663,36226.692391623204,130212.36818601232,35694.48439894209,128095.71951060664,35183.72980502173,126120.87719851566,34707.15646047365,124405.61312281831,34293.35049743378,123223.62290682709,34008.28729149297
750,3.756246246246246,170295.29901615,45243.57341114354,168662.36376390234,44860.47178658216,166334.73959578358,44313.091323450186,163723.0883089519,43697.082856711924,161009.00271363152,43055.0630597287,158274.08285188596,42406.44785529177,155555.68528209932,41760.297147707955,152871.23626342873,41120.945338120415,150229.0454536954,40490.531976507344,147633.29910501323,39870.18639455033,145086.60740361465,39260.6385845519,142591.7910607282,38662.63890471181,140147.29709861774,38075.91110952751,137753.07039242497,37500.51712780248,135410.76506340364,36936.93953709769,133124.98188387367,36386.3966040698,130906.27528709202,35851.58061325026,128778.02864271184,35338.32325051856,126792.35593587781,34859.41409681597,125067.67432378794,34443.57911909644,123879.18677568203,34157.11782100156
751,3.7612412412412413,171208.26920870488,45447.689746136995,169566.34310922807,45062.68005286852,167225.92333306948,44512.57737641618,164599.9375335128,43893.5115041818,161870.9740638318,43248.311448432236,159121.07604941443,42596.48890727177,156387.80043371645,41947.1478295846,153688.66555058674,41304.64327702865,151032.02411076872,40671.12472822054,148422.08349679722,40047.72657513021,145861.46679273405,39435.181997639316,143353.00901777163,38834.24474464439,140895.14822646658,38244.636864526256,138487.8285323892,37666.42030743036,136132.71239394756,37100.079700561815,133834.42462911116,36546.83887553214,131603.57575763584,36009.4027786936,129463.67493609585,35493.63101889645,127467.11928716883,35012.37519213729,125732.97438183147,34594.501750243275,124537.9578846337,34306.63583970341
752,3.766236236236236,172125.6881600741,45652.74954675417,170474.72765771308,45265.82289506799,168121.450380664,44712.985343079825,165481.0608227326,44090.84786592241,162737.14767387632,43442.45279909794,159972.19925700943,42787.408055655986,157223.9738465633,42134.861828751906,154510.0822802959,41489.18993283185,151838.9205195025,40852.551818657834,149214.71717220492,40226.08696012704,146640.108277334,39610.53173807075,144117.94322659163,39006.64330663264,141646.65106359558,38414.14199983359,139226.17513616307,37833.08978889411,136858.18627830417,37263.97335953029,134547.33346614725,36708.02213305508,132304.28357104244,36167.953774771384,130152.67213656798,35649.65594395197,128145.18078517792,35166.042537485744,126401.52664397018,34746.12114468528,125199.9494521318,34456.84407567489
753,3.7712312312312313,173047.5740875761,45858.75654227454,171387.53545065498,45469.9040075178,169021.33853011476,44914.31886808729,166366.47568908057,44289.09553093432,163607.5407670714,43637.49064297172,160827.4694071413,42979.20877352794,158064.22216432646,42323.44256048708,155335.50281118232,41674.58866370512,152649.75075794448,41034.816549758005,150011.2159335454,40405.27079618753,147422.5473890371,39786.6909981929,144886.60895342025,39179.83772976829,142401.82061597056,38584.42960229874,139968.12495455335,38000.528607811335,137587.201217378,37428.62349943286,135263.722651682,36869.949313017794,133008.41274655325,36327.23649016821,130845.03403504955,35806.40086852364,128826.55400712146,35320.418932817134,127073.34450105422,34898.44006502399,125865.17474004035,34607.7452657017
754,3.776226226226226,173973.94526789596,46065.714473810614,172304.78458815414,45674.927096278676,169925.60563097417,45116.58160765288,167256.19970213962,44488.25809961231,164482.170622914,43833.42852251353,161686.90348754328,43171.89454500377,158908.56208503435,42512.89345091955,156164.94355530464,41860.842838497745,153464.53095667888,41217.92223395849,150811.5956347846,40585.28134028444,148208.79971025826,39963.66298050898,145659.02151443379,39353.83116313325,143160.67193866958,38755.502768597944,140713.69278666287,38168.739809466475,138319.77175957002,37594.03311520912,135983.6064891297,37032.62336115585,133715.97734936286,36487.25382277564,131540.7744676826,35963.868644513204,129511.25257474999,35475.5071870159,127748.44138786854,35051.46128267211,126533.64705374239,34759.34215529949
755,3.7812212212212213,174904.82003722707,46273.62709433558,173226.4932292547,45880.8958791624,170834.26959093762,45319.777229586,168150.25048874252,44688.33918377207,165361.0545772262,44030.26999142351,162550.5185413438,43365.46886525785,159757.01036118754,42703.217937056404,156998.42097828182,42047.95583675804,154283.27729895338,41401.87219421989,151615.87218166914,40766.12185974087,148998.8808743267,40141.450897702634,146435.1962758728,39528.62676582315,143923.22013600075,38927.36460525752,141462.89348000675,38337.72644883357,139055.9125008916,37760.205211330875,136706.99932873127,37196.04723258316,134426.99149072953,36648.00867971388,132239.90731593862,36122.062132906976,130199.29015445564,35631.31011791614,128426.83078323849,35205.187577874305,127205.37974224478,34911.63749873437
756,3.786216216216216,175840.2167914138,46482.49816871109,174152.67959208533,46087.814085759135,171747.34837598307,45523.90941331836,169048.64573310904,44889.34240667699,166244.21002228995,44228.018614668385,163418.33166719927,43559.9352405489,160609.58379988864,42894.4194668078,157835.95159942145,42235.93104875849,155106.0060208046,41586.66976405079,152424.06153185043,40947.795632254485,149792.80656560799,40320.05797266181,147215.14865416219,39704.22770697082,144689.4803616209,39100.01822867699,142215.74193062863,38507.491590598904,139795.63808507894,37927.14280182452,137433.91556766682,37360.22389181399,135141.4693280861,36809.503977353466,132942.4465067277,36280.98420379721,130890.68045737944,35787.83055232266,129108.52621013614,35359.62173972801,127880.38619828346,35064.63405904354
757,3.7912112112112113,176780.15398609344,46692.33147371499,175083.3619540002,46295.68545746507,172664.86001050973,45728.98184993115,169951.40317698306,45091.27140306487,167131.65440698227,44426.67796850781,164290.36001942668,43755.297188245844,161466.29926297357,43086.501499012586,158677.5519918486,42424.77187552093,155932.73341118498,41772.31828753241,153236.17969500917,41130.30594592185,150590.59251962628,40499.48743850261,147998.89411603162,39880.63716576982,145459.46781865356,39273.46676515227,142972.25308321696,38678.03830918392,140538.963203708,38094.848910293564,138164.36965016843,37525.15631278518,135859.425065151,36971.742641337,133648.406012508,36440.63773640354,131585.43723951897,35945.0713260321,129793.54123578637,35514.76656620423,128558.67985842847,35218.33460805592
758,3.796206206206206,177724.65013683916,46903.13079806925,176018.5586517203,46504.51374750996,173586.82257747793,45934.998242182315,170858.5406197698,45294.129819174734,168023.40523691013,44626.251640520684,165166.62080813653,43951.55823685375,162327.17366714205,43279.46750346383,159523.23878263417,42614.48172884165,156763.475812089,41958.821119343345,154052.2427329798,41313.65609926276,151392.254523187,40679.742538593404,148786.44817863608,40057.85833149804,146233.1977598077,39447.71335089886,143732.44193122193,38849.369688768,141285.90259630888,38263.32656994102,138898.37606763295,37690.84747887812,136580.8729520393,37134.72760660094,134357.7998513949,36601.02561909439,132283.57430183634,36103.0352838541,130481.88947177304,35670.624864168414,129240.27420318934,35372.74192641284
759,3.8012012012012013,178673.72381930266,47114.89994246774,176958.28808147518,46714.302720984764,174513.25421854836,46141.962304533656,171770.07591867342,45497.92131277374,168919.48007454598,44826.74322963169,166047.13129936645,44148.72192603995,163192.22398408857,43473.32096093439,160373.02865292397,42805.06403131656,157598.24961868027,42146.1816247844,154872.26675987523,41497.84940124471,152197.80841449942,40860.826526578654,149577.8264096763,40235.89440354133,147010.68548749638,39622.7611320751,144496.32351697193,39021.48882331137,142036.47105048082,38432.57882359197,139635.94935873523,37857.30038294097,137305.82728537382,37298.461817397416,135070.64208727048,36762.15074940844,132985.10549036582,36261.72527963235,131173.58457414576,35827.19944940138,129925.18275712074,35527.85880358871
760,3.806196196196196,179627.39366935717,47327.64271960413,177902.56869914418,46925.056154869184,175444.17313422222,46349.87776317824,172686.0269888348,45702.64955318401,169819.89653936314,45028.15634613777,166931.90881521403,44346.79180666001,164061.46724063397,43668.06536320264,161226.93833806764,42996.522216366444,158437.07127941833,42334.403179803405,155696.26794221185,41682.889171307266,153007.27008329958,41042.74266640311,150373.04442751996,40414.748591417105,147791.9463539557,39798.61326480539,145263.91293179092,39194.39881657796,142790.68340200753,38602.608723716025,140377.10410954134,38024.51802731085,138034.30240839702,37462.94822731605,135786.94682989342,36924.01603407617,133690.04469632212,36421.14417626587,131868.64024352652,35984.4931466201,130613.41908892812,35683.68803791175
761,3.8111911911911913,180585.67838324106,47541.36295419991,178851.4190203988,47136.77783805949,176379.59758398106,46558.748356067685,173606.4118034694,45908.31822130956,170724.67230797175,45230.49461173457,167820.97073397072,44545.77144078383,164934.92051885652,43863.70421307802,162084.9846277482,43188.85972826227,159279.95729618586,42523.48917102002,156524.26249903426,41868.77873938645,153820.6554709731,41225.49423233574,151172.11790132246,40594.42411479803,148576.99576136383,39975.27291520352,146035.22531611522,39368.10278215834,143548.5545349721,38773.41933244994,141121.85495362186,38192.503423835995,138766.31271108217,37628.1897993058,136506.72823500886,37086.62438904137,134398.40585620847,36581.2948457302,132567.0702252163,36142.50878949878,131304.9968115735,35840.23243658472
762,3.816186186186186,181548.59671770074,47756.064483032314,179804.85762084468,47349.47157139622,177319.54588642716,46768.57783293952,174531.24839400547,46114.931009663305,171633.82511425467,45433.76165954298,168714.33449025563,44745.66440172181,165812.6009562237,44060.24102442687,162947.18436611106,43382.08002215046,160126.92422441623,42713.44299575064,157356.26670204112,42055.52144593939,154637.98057067898,41409.08450899391,151975.0625511485,40774.92420353578,149365.84916196036,40152.74325939602,146810.27585961105,39542.6038434927,144310.09938187277,38945.013721620264,141870.21657216563,38361.25959389802,139501.8726302454,37794.1895056969,137230.0005044584,37249.97873948265,135110.20295192525,36742.18016909862,133268.88830930245,36301.249220689744,131999.92958238148,35997.49481570576
763,3.8211811811811813,182516.16749013477,47971.75115496234,180762.9031361639,47563.14116769197,178264.03641942382,46979.36995534464,175460.55485022234,46322.49162239407,172547.3727495037,45637.96113413583,169612.01757514928,44946.47427405101,166694.5257457237,44257.6793221981,163813.55445189428,43576.18656407813,160977.98867322056,42904.268062033436,158192.2968757101,42243.12064196875,155459.26142747232,41593.51679136755,152781.89414809307,40956.25209768479,150158.52205816584,40331.02748354556,147589.07980129213,39717.905133893895,145075.33292373832,39117.3949727659,142622.2036940935,38530.78956843429,140240.9966496576,37960.95032822274,137956.7778862904,37414.082019835136,135825.45001087856,36903.803036563506,133974.10833076554,36460.717291844536,132698.2311031454,36155.47800028916
764,3.826176176176176,183488.4095787377,48188.42683096286,181725.57426225772,47777.79045175909,179213.08762023615,47191.12849667476,176394.34932038898,46531.00377531359,173465.33306255596,45843.09669156446,170514.03753632808,45148.204653641355,167580.71213599804,44456.02264244902,164684.1118385579,43771.18283101863,161833.16730551605,43095.96778865314,159032.3693974238,42431.579689047285,156284.51413842852,41778.79438484323,153592.62851440354,41138.411047525966,150955.0300027012,40510.12878387431,148371.6524296372,39894.00979657039,145844.270190244,39290.56617716079,143377.83109617204,38701.09638796012,140983.6993001565,38128.47525804187,138687.07467487024,37578.937173812,136544.16110608884,37066.16634745754,134682.74416958692,36620.915863634866,133399.91512023387,36314.18482428625
765,3.8311711711711713,184465.34192264418,48406.09538414669,182692.88975538913,47993.42326043768,180166.71798567212,47403.85724218984,177332.6500114028,46740.47119592362,174387.72395993027,46049.171999385304,171420.4119781986,45350.859147681855,168471.17743147307,44655.27453237115,165558.87353441428,43967.072310896896,162692.4768381535,43288.54560516623,159876.50069759565,42620.90195934255,157113.75485276684,41964.920605228464,154407.28152360095,41321.40431359058,151755.38859870756,40690.050366687356,149158.00908270807,40070.920984649405,146616.92625982748,39464.53043583664,144137.11360312818,38872.18310259113,141729.9951597591,38296.767295759986,139420.90521099104,37744.547154426175,137266.35035629987,37229.27301027515,135394.80975085584,36781.847805773716,134104.9954246969,36473.61813060623
766,3.836166166166166,185446.983522073,48624.7606997948,183664.86843232583,48210.04344262338,181124.94607222322,47617.559989045694,178275.47518892857,46950.89762344306,175314.56340596412,46256.190736686745,172331.15856203184,45554.44137470692,169365.93899249283,44855.438550316074,166437.85660275817,44163.858502614865,163555.93404204538,43482.00495192581,160724.70725979563,42811.09083564137,157946.99977197414,42151.89877877588,155225.86910060217,41505.23516668414,152559.61349986633,40870.79544839624,149948.16514826726,40248.641861199954,147393.31625980494,39639.290859605615,144900.06608776285,39044.05277206568,142479.8988537741,38465.82945145197,140158.28388198416,37910.91492401203,137992.03192608777,37393.12594269386,136110.31904487745,36943.51599703643,134813.48585237283,36633.7807711371
767,3.8411611611611614,186433.35343847197,48844.42667538441,184641.52917048347,48427.6548592954,182087.79049620603,47832.240546321525,179222.84317753764,47162.286808835146,176245.86942295087,46464.15659411581,173246.29500609852,45758.95496462269,170265.01423545156,45056.51826582141,167321.07816199746,44361.54491607693,164423.55574229456,43676.34928010686,161577.00562087673,43002.149711374695,158784.2651499295,42339.73224220753,156048.40722184215,41689.906887910234,153367.72041051934,41052.367255542486,150742.1360638967,40427.17559925604,148173.45536648732,39814.85056908318,145666.70347106585,39216.70846576722,143233.42505491409,38635.66474468392,140899.22512183027,38078.0434542471,138721.22002597028,37557.72807159563,136829.28606728037,37105.92332528187,135525.40028399497,36794.67560676661
768,3.846156156156156,187424.47079466257,49065.09722061735,185622.8909080693,48646.26138354441,183055.2699339038,48047.902735047486,180174.77236084748,47374.64251483465,177181.66009127634,46673.07327390483,174165.8390858039,45964.40355873335,171168.42063292637,45258.51725963663,168208.55538578323,44560.1350722156,165295.3588183223,43871.582051731166,162433.41237110127,43194.0819906422,159625.56729302826,42528.424342739265,156874.91191539614,41875.42276869445,154179.72508578928,41234.76902482106,151539.937317116,40606.52538183979,148957.35880529703,39991.21269471084,146437.04072233022,39390.15326274677,143990.58848340905,38806.276204535214,141643.74341127026,38245.93572617383,139453.92891251625,37723.0823330884,137551.7248791248,37269.07268747354,136240.75264529866,36956.305507403194
769,3.851151151151151,188420.3547749849,49286.77625744818,186608.97264422555,48865.8669006006,184027.4031217079,48264.55038823244,181131.28118166095,47587.96851597509,178121.9535495568,46882.94448989846,175089.80863382271,46170.79080976756,172076.17571381034,45461.43912374913,169100.3055031412,44759.6325030169,166171.36020399744,44067.706739692614,163293.94415426764,43386.891088237026,160470.92256030656,42717.97843810496,157705.3992611023,42061.786110808374,154995.64333169998,41418.00400310397,152341.5844455008,40786.694401984656,149745.04185088433,40168.380376778994,147211.09285926723,39564.39025174538,144751.40390711898,38977.66686962075,142391.8532779165,38414.59473022139,140190.17288845507,37889.19167252748,138277.64958701064,37432.96698970085,136959.55690712837,37118.673351997066
770,3.856146146146146,189421.02462544278,49509.46772011263,187599.79343917323,49086.47530786171,185004.20885626003,48482.187350891545,182092.38814210633,47802.26859861602,179066.76799477616,47093.77396758036,176018.22154023472,46378.120381904926,172988.29706344559,45665.287461410255,169996.3457986022,44960.04075154613,167051.57688776497,44264.726827782324,164158.61766783695,43580.58042967067,161320.34736356616,42908.397896580995,158539.8853906841,42249.00022639355,155815.49100529737,41602.07544746395,153147.0930368017,40967.68586275866,150536.5198272444,40346.356765449775,147988.8749481212,39739.42253121667,145515.88614164697,39149.83978811299,143143.56929636435,38584.02346622749,140929.96630278634,38056.05904453707,139007.07434318552,37597.60914720024,137681.82708554482,37281.7820285611
771,3.861141141141141,190426.49965384934,49733.1755551559,188595.37241435618,49308.09051492117,185985.7059945941,48700.81748007413,183058.11180377717,48017.54656097038,180016.12168242404,47305.5654441003,176951.09575266042,46586.3959508024,173904.8023237566,45870.06588716126,170896.69361233385,45161.3633719733,167936.02591277508,44462.64581071386,165027.4496630599,43775.15345119767,162173.85816749916,43099.68609701063,159378.38648787353,42437.06843798557,156639.28401477015,41786.986625198035,153956.478729063,41149.50297728769,151331.80810783416,40525.14502078001,148770.40210378467,39915.253209349285,146284.05005045244,39322.798017764195,143898.9060883034,38754.224943460154,141673.32355089003,38223.68741303181,139740.01334565357,37763.00208437648,138407.57724193262,37445.634434192034
772,3.866136136136136,191436.7992299723,49957.903721461065,189595.72875258545,49530.7164435962,186971.91345427863,48920.44464489125,184028.47078787244,48233.80621313183,180970.0329266335,47518.322668300876,177888.44927639677,46795.62120362083,174825.70919338436,46075.7780268595,171801.36634027175,45363.603929599005,168824.72437701255,44661.4671941485,165900.45694510388,43970.613599840544,163031.47148981347,43291.84642882855,160220.91878853392,42625.99407853804,157467.03831957077,41972.74081385128,154769.75721074213,41332.148968778725,152130.92211568967,40704.74831274412,149555.6894899137,40091.88540408957,147055.91054496483,39496.544625928625,144657.87832262926,38925.20218063969,142420.25907463618,38392.079751238336,140476.4808382838,37929.148734823975,139136.82148310792,37610.233475091445
773,3.871131131131131,192451.94278568032,50183.656190277514,190600.88169818372,49754.357027955964,187962.85021355952,49141.07272654365,185003.48377533734,48451.051377102194,181928.5201003195,47732.04940074463,178830.3001745529,47005.79983905154,175751.03542781938,46282.42751770446,172710.38143425094,45566.76600087997,169717.689433426,44861.194494720534,166777.65637318065,44166.96433341463,163893.20390135766,43484.8822920852,161067.49858078329,42815.78049144677,158298.76993053712,42159.34130124045,155586.94422082856,41515.62707054329,152933.87732354313,40885.16982125711,150344.7523190433,40269.3222431641,147831.48258469725,39671.08268958479,145420.5007155558,39096.95820596053,143170.7873624954,38561.23904171686,141216.491110919,38096.05204134804,139869.5739614259,37775.582066586976
774,3.876126126126126,193471.94981508833,50410.43694524945,191610.8505571299,49979.01621434985,188958.53531150246,49362.70561834964,185983.16950700348,48669.28588681884,182891.60163531706,47946.74941374104,179776.66656818648,47216.93556734287,176680.798839536,46490.01800826401,173623.75640213792,45770.853173454954,170614.93829005788,45061.831240062646,167659.06486067394,44364.2091205531,164759.0720262464,43678.79709747144,161918.14220511762,43006.4310305739,159134.49491001337,42346.791385477736,156408.05554896346,41699.94052602072,153740.68925394065,41066.41273619747,151137.6058527032,40447.56686410235,148610.78117736,39846.41529535779,146186.7880307266,39269.49605711325,143924.92294964913,38731.16827638278,141960.0584994846,38263.714955986325,140605.8488748889,37941.6831331534
775,3.881121121121121,194496.83987470437,50638.24998244434,192625.65469720413,50204.697961435755,189958.98784813596,49585.34722577286,186967.54678373,48888.51358818221,183859.29602252023,48162.42649137354,180727.5666364403,47429.03211032682,177615.01729812662,46698.553158500574,174541.5088079624,45975.86904617041,171516.48821017393,45263.38096883116,168544.69937526633,44562.351440731814,165629.09254198664,43873.59426634305,162772.8660545347,43197.94906027198,159974.22937197197,42535.09437499467,157233.1070355593,41885.09258880165,154551.37347935993,41248.48025743038,151934.26540153343,40626.62241425938,149393.82137897477,40022.545539541534,146956.75507932768,39442.81878130649,144682.68041810012,38901.87045652838,142707.1973860977,38432.14044003006,141345.6604672544,38108.53960843385
776,3.886116116116116,195526.63258357582,50867.099310381454,193645.3135481329,50431.40624020823,190964.22698459483,49809.001466450325,187956.63446654426,49108.73833908331,184831.62181202037,48379.08442952665,181683.01861667846,47642.0932014457,178553.70873043587,46908.03663979735,175463.6562720497,46181.81722910633,172422.3565123933,45465.84723073153,169434.57693906807,44761.39478429434,166503.2821796027,44069.2772307453,163631.6865746576,43390.337955408286,160817.98948213513,42724.25358856577,158062.11457191946,42071.086522651356,155365.94562232803,41431.37559483063,152734.74632540043,40806.4920508385,150180.61829398875,40199.47652812118,147730.41672019946,39616.92943528898,145444.0743967832,39073.3485928445,143457.92219917645,38601.33146404557,142089.02302814322,38276.15443526106
777,3.891111111111111,196561.34762343593,51096.98895006063,194669.84660173397,50659.14503402694,191974.27194326342,50033.67227022032,188950.45147678346,49329.9640094313,185808.59761324563,48596.7270359131,182643.04080462345,47856.12258577892,179496.89112069533,47118.472134984586,176390.21647115314,46388.70134360211,173332.560570819,45669.23358654379,170328.7146287447,44961.342652477026,167381.65772376265,44265.849433437674,164494.62026385884,43583.60110138901,161665.79145809697,42914.272355332534,158895.09410035852,42257.92560153332,156184.42135553964,41615.101968305804,153539.06403351316,40987.17894091401,150971.18707538885,40377.21137679545,148507.78785994952,39791.831085371596,146209.11956167617,39245.60570544226,144212.24741354934,38771.29100789566,142835.950893148,38444.53056567851
778,3.896106106106106,197601.0047388511,51327.92293499071,195699.2734120624,50887.918338645024,192989.1420079191,50259.36357915047,189949.01679623578,49552.19448118107,186790.24209509988,48815.358130100976,183607.6515544928,48071.12402006957,180444.58251065816,47329.863338365925,177321.2071385863,46596.52502228242,174247.11781516793,45873.54360814801,171227.1295756453,45162.19855743409,168264.23601290453,44463.31432791851,165361.6836733845,43777.74189418352,162517.65156944556,43105.1540148272,159732.06161432216,42445.61310963269,157006.81640197482,41799.66260781933,154347.23398453966,41168.68626145399,151765.5429248163,40555.75321099908,149288.88345306518,39967.526807449394,146977.8306359106,39418.64482387478,144970.18755056482,38942.02206076114,143586.45844394166,38613.67096096181
779,3.901101101101101,198645.62373736757,51559.90531121839,196733.61359555623,51117.730162237574,194008.8565238759,50486.07934756568,190952.3494672822,49775.43364836086,187776.57398610236,49034.981543540984,184576.86927913682,48287.101272751366,181396.80099973414,47542.21395574476,178256.64606435603,46805.29190908322,175166.04573090174,46078.780878549784,172129.83896593144,45363.96602226263,169151.03393936253,44661.675378449625,166232.89340747835,43972.76374034867,163373.5861378853,43296.90191699678,160573.03315850763,42634.152341379835,157833.1465350179,41985.060753413745,155159.27168672305,41351.0171993431,152563.7010926811,40735.10516592526,150073.71850202643,40144.019687023756,147750.2223898835,39592.468987158994,145731.7571782009,39113.52762116228,144340.5601083863,38783.57859163996
780,3.906096096096096,199695.2244896588,51792.94013735683,197772.88683118182,51348.584525429935,195033.43489812894,50713.8235420764,191960.46859303824,49999.685417099994,188767.6120745271,49255.60111959363,185550.71245017543,48504.058123975345,182353.56474512478,47755.52770445056,179196.55109529532,47015.0056592777,176089.36185935754,46284.94899190586,173036.86004070519,45566.64858102786,170042.06844949396,44860.93606008112,167108.2661235065,44168.670057053154,164233.61153735916,43489.51942222695,161418.02482898426,42823.54660147389,158663.4275785758,42171.29965523382,155975.1926979986,41534.17495140541,153365.67687827683,40915.27038654813,150862.30805741885,40321.312819224455,148526.30964136816,39767.081243797424,146496.97091117522,39285.81069698033,145098.27036064182,38954.256437516655
781,3.911091091091091,200749.82692967335,52027.03148461441,198817.1128605807,51580.48546132632,196062.8965994983,50942.60014160656,192973.39333749606,50224.95370565651,189763.37520854277,49477.220713556555,186529.19959813572,48721.99836563684,183314.8919619588,47969.80831336537,180140.94013519635,47225.66993950213,177017.08379787876,46492.051553549645,173948.21009613812,45770.24977878821,170937.3565438053,45061.09985867612,167987.81853208208,44365.46427210187,165097.74419417165,43683.009901366044,162267.05277331383,43013.799204906354,159497.6754071967,42358.38257354984,156795.01262611034,41718.16272442724,154171.4856298959,41096.252027645205,151654.66721804693,40499.40930883189,149306.10725562586,39942.48465180007,147265.84341105504,39458.87430547913,145859.6037212751,39125.70748769172
782,3.916086086086086,201809.45105478217,52262.18343682362,199866.31148821578,51813.437015538344,197097.26115877368,51172.413137421914,193991.14292566665,50451.24244444497,190763.8822963527,49699.84419269185,187512.34931259038,48940.925801402256,184280.8009234273,48185.05952295029,181089.83114494392,47437.28842778207,177949.2291999464,46700.09218001684,174863.90648360064,45974.77317162061,171836.91527707977,45262.17027093558,168871.56739719008,44563.149823960375,165966.00058711146,43877.37673574909,163120.13319067183,43204.91347698481,160335.90594618907,42546.31277878081,157618.74712872808,41902.98373518008,154981.14274494452,41278.05325381999,152450.81113104746,40678.31227029924,150089.63014551767,40118.68227870622,148038.38938636746,39632.72147332663,146624.57475736918,39297.93474058241
783,3.921081081081081,202874.11692592685,52498.40009046988,200920.50258151777,52047.4432462136,198136.5481688586,51403.266533158145,195013.73664372246,50678.5555760643,191769.15230633528,49923.47543625342,188500.18024229474,49160.84424673604,185251.3099609198,48401.28508527182,182043.24214264893,47649.864813558444,178885.8157753103,46909.07449907112,175783.96660979095,46180.222326645686,172740.76175850394,45464.15080442319,169759.52953631256,44761.73016177929,166838.39724757455,44072.62331722188,163977.28233196825,43396.89275335653,161178.13517174067,42735.09355151781,158446.4119135647,42088.641210443544,155794.66367005784,41460.6772395246,153250.7549920027,40858.02482777472,150876.89327161605,40295.67720160645,148814.62359270957,39807.355236616575,147393.19808263253,39470.94120394492
784,3.9260760760760762,203943.8446677676,52735.68555472033,201979.70607103207,52282.50822406425,199180.77728491602,51635.16434484913,196041.19383914012,50906.89705532546,192779.20426718422,50148.11833551439,189492.71109532565,49381.75752892766,186226.43746416032,48618.48876402864,183001.19120378225,47863.40279771353,179826.86129012096,47119.00214972982,176708.40793686436,46386.60082205305,173648.91315179542,45667.04497759019,170651.72182055344,44961.20874541873,167714.95075968726,44268.753048165025,164838.5164999688,43589.740380032155,162024.37911103785,42924.72818254731,159278.02273849348,42275.13838702825,156612.06390121562,41644.12716908217,154054.51404505444,41038.5501151238,151667.91164231705,40473.47250716445,149594.5608328593,39982.77864089012,148165.48835750853,39644.729894895834
785,3.931071071071071,205018.65446883164,52974.043951452826,203043.94195056573,52518.636032395654,200229.96822451268,51868.11060095525,197073.53392084298,51136.2708492795,193794.0572680491,50373.77679379447,190489.96063921964,49603.66948711863,187206.20188134292,48836.674334577976,183963.69646130843,48077.90609259725,180772.38356706096,47329.8787822897,177637.24798256325,46593.91224712664,174561.38667533005,45870.8563198003,171548.1611747643,45161.589045472916,168595.6777604297,44465.76934151806,165703.85204941643,43783.45971340954,162874.65384238487,43115.21997287453,160113.5954116654,42462.47851179891,157433.35898385796,41828.40623670974,154862.10358301777,41219.89127595152,152462.70031395234,40652.071291639084,150378.21595688583,40158.994741157556,148941.46028928526,39819.30383993356
786,3.9360660660660662,206098.56658166184,53213.479415284935,204113.23027733446,52755.830767135194,201284.14076776477,52102.109342391675,198110.77635934448,51366.680937245364,194813.73045867632,50600.454726487565,191491.94770111126,49826.58397232949,188190.62171926865,49055.84558396226,184930.7761058197,48293.378422053254,181722.40048547683,47541.708058352604,178570.50432034628,46802.16020227005,175478.19960226977,46075.58837135464,172448.86457766977,45362.87454329469,169480.59493975947,44663.67562080366,166573.30538715233,43978.05412029738,163728.97549532354,43306.572233746796,160953.14579162697,42650.664841697275,158258.56451300086,42013.517646540735,155673.53894749493,41402.05146362488,153261.27439090156,40831.476660906344,151165.60386226073,40336.006601919995,149721.1286322052,39994.666074959874
787,3.941061061061061,207183.60132296567,53453.99609360283,205187.5911721104,52994.09653686089,202343.31475748305,52337.16462255677,199152.94068689123,51598.131310837925,195838.24304955004,50828.15606108921,192498.69116787214,50050.504847486955,189179.71554348152,49276.006310935925,185902.44838567066,48509.823521445156,182676.92998151135,47754.4936508514,179508.19457951887,47011.34829903191,176399.36926069006,46281.244683516765,173353.8490619933,45565.06873102007,170369.71904073507,44862.47532015177,167446.89297223868,44173.52697793915,164587.36025075303,43498.78828667701,161796.68978743805,42839.70064376527,159087.69613335238,42199.46461264774,156488.8355289896,41585.03384129504,154063.64902570477,41011.691730481325,151956.7394939685,40513.81729719104,150504.50818757532,40170.81964530145
788,3.9460560560560562,208273.77907376393,53695.598146590455,206267.04481936956,53233.43746283026,203407.5100993188,52573.280507360476,200200.04649760664,51830.62597399584,196867.61431203363,51056.884737224136,193510.20998624992,50275.43598745099,190173.50197840563,49497.16032599189,186878.73160711225,48727.245137682854,183635.9900482358,47968.23924407573,180450.33644536271,47221.480160131294,177324.91303370844,46487.82881853762,174263.13171458317,45768.17511159284,171263.06685964012,45062.1718843239,168324.63131607947,44369.881674036864,165449.8243410497,43691.8714634671,162644.24335878977,43029.58919516807,159920.7695394285,42386.250359065205,157308.00876702127,41768.84158191981,154869.83941917514,41192.71962554037,152751.63784461826,40692.42991051872,151291.61380387715,40347.7676057315
789,3.951051051051051,209369.12027954007,53938.289747258525,207351.61146743977,53473.85767900907,204476.7467619095,52810.461075252766,201252.11344763465,52064.168943009674,197901.86357851085,51286.64470667382,194526.52316300716,50501.38127904207,191171.9997074819,49719.31145138839,187859.64413442687,48945.64702924878,184599.59873578223,48182.94853369789,181396.94765926676,47432.55941948332,178254.84835961243,46695.34434968068,175176.7296765386,45972.197198789305,172160.65524610714,45262.768768737296,169206.5369825434,44567.12160677497,166316.38405018736,43885.82510623155,163495.82251612295,43220.33378321712,160757.8004756698,42573.87811981226,158131.07415023952,41953.47786828605,155679.86082051188,41374.56348094313,153550.31395455473,40871.84753500715,152082.4603768769,40525.5130204913
790,3.956046046046046,210469.6454503898,54182.07508147369,208441.31142864857,53715.3613321002,205551.04477702512,53048.71041725213,202309.1612552834,52298.76424654995,198941.01024252747,51517.43993340426,195547.649765061,50728.34462106817,192175.22747330525,49942.46352117572,188845.20439006315,49165.03296622421,185567.77415147645,48398.62522679877,182348.04601885748,47644.58972222437,179189.19273198795,46903.79486124694,176094.66014333593,46177.13851724289,173062.501103242,45464.26943948932,170092.62658808543,44765.25018484423,167187.05571385738,44080.652567420846,164351.44332074613,43411.937705393415,161598.80473655782,42762.351138915474,158958.0472165389,42138.94589303208,156493.72852741284,41557.22644125464,154352.78291196984,41052.07327333844,152877.0628497362,40704.05896331187
791,3.961041041041041,211575.37516117044,54426.95834798768,209536.16507947142,53957.952581572645,206630.42423971416,53288.03263697409,203371.20970116946,52534.415925695204,199985.07375893337,51749.274393593456,196573.60891962243,50956.32992435218,193183.2040777616,50166.620381223045,189835.43085477076,49385.40673031569,186540.53445997072,48615.27304189379,183303.64937812925,47857.57472473791,180127.96369984772,47113.18394860003,177016.94036495514,46383.0026024689,173968.6213877481,45666.67737338171,170982.91680186964,44964.270827465734,168061.85571958913,44276.357209845075,165211.1218849542,43604.404269370636,162443.79816673146,42951.67267043163,159788.9435531738,42325.248858670224,157311.45788618797,41740.71166076757,155159.0598530142,41233.11023779453,153675.4362131225,40883.40851743565
792,3.966036036036036,212686.3300516509,54672.94375846647,210636.19286068028,54201.6355996903,207714.9053084503,53528.43185065975,204438.2786283623,52771.128033960194,201034.07364402423,51982.152075659265,197604.41981433617,51185.34111175911,194195.94838216572,50391.785889245206,190830.34206773582,49606.77211488142,187517.89788337683,48832.89570895889,184263.77564757573,48071.51809467986,181071.1788677604,47323.515218191504,177943.5876460068,46589.79300088921,174879.03311005133,45869.996057944954,171877.42434589175,45164.186964414774,168940.80050687084,44472.94240669754,166074.87437214714,43797.73679303839,163292.796661104,43141.84597847063,160623.7787968731,42512.38997760923,158133.06429187246,41925.02230352432,155969.15996190914,41414.961550279084,154477.59550531994,41063.56477563815
793,3.971031031031031,213802.530826662,54920.03553751962,211741.4152774924,54446.414571541056,208804.50820527913,53769.912187204456,205510.38794252844,53008.90463732405,202088.0294756841,52216.07698028704,198640.1016974207,51415.38211822335,195213.47930739858,50617.96391482963,191829.95662671633,49829.132924957645,188499.88270139912,49051.496969456486,185228.44279432044,48286.42351100426,182018.85589597924,47534.79228758586,178874.6193458584,46797.51326985711,175793.75333442472,46074.22899146268,172776.16599510188,45365.00203604489,169823.90656727,44670.41154157839,166942.716996949,43991.93860452537,164145.8161649799,43332.8743372184,161462.56863395585,42700.372472176874,158958.56318834025,42110.1615433392,156783.09847105853,41597.63034233947,155283.55581234035,41244.53084024971
794,3.976026026026026,214923.99825624624,55168.23792272949,212851.852899719,54692.293695065775,209899.25321596494,54012.477788186356,206587.55761207634,53247.74981425853,203146.96089352737,52451.053120457495,199680.67387780827,51646.45689077609,196235.81583404547,50845.15833946313,192834.29318817778,50052.492977285176,189486.5072514684,49271.08057636161,186197.66884224844,48502.294663988934,182971.01250057117,47747.01878548589,179810.0528787616,47006.166977682136,176712.7991791132,46279.37968299609,173679.1585775272,45566.71949331194,170711.19044455452,44868.76800851821,167814.6660253266,44187.013042222774,165002.8726741722,43524.76103095979,162305.32880044577,42889.1995746425,159787.9700684177,42296.13256382078,157600.89066116104,41781.11975518863,156093.33226803396,41426.30982317726
795,3.981021021021021,216050.7531758086,55417.55516468056,213967.52636191444,54939.277181087324,210999.16069013777,54256.13280789508,207669.8076683015,53487.667655756144,204210.887599042,52687.084521474426,200726.15572528515,51878.56938857266,197262.977002534,51073.37305655898,193843.370467429,50276.85610033591,190477.78992887493,49491.65029418791,187171.47187213757,48719.135255261106,183927.66645354623,47960.19835175786,180749.90571397956,47215.75770365488,177636.18781645887,46485.4516524084,174586.41897439558,45769.342797798075,171602.66873481404,45068.01521200169,168690.73777470877,44382.96345480755,165863.98223511956,43717.50935410151,163152.07508218763,43078.87452723965,160621.30047399702,42482.93855839406,158422.55186132202,41965.43293972708,156906.940054201,41608.90484592605
796,3.986016016016016,217182.81648626726,55667.99152698882,215088.45636352536,55187.36925333967,212104.251041441,54500.88141336055,208757.1582055312,53728.66226535861,205279.8293557318,52924.175220992685,201776.5666706324,52111.723582919934,198294.98191327218,51302.61197148381,194857.20723875807,50502.22613433931,191473.7491869025,49713.20989901382,188149.8700217897,48936.94899782311,184888.83558298677,48174.3346374568,181694.195375914,47426.289038071845,178563.93647302638,46692.44843038937,175497.96412025823,45972.875421735946,172498.3580865808,45268.156566991434,169570.94861410596,44579.79320126574,166729.1609450039,43911.12261119514,164002.82331496244,43269.40058218859,161458.56999615044,42670.582730322865,159248.09744916618,42150.57305656497,157724.39440070288,41792.319039621565
797,3.991011011011011,218320.20915420435,55919.55128633108,216214.6636690405,55436.574148497035,213214.54474767845,54746.72778438164,209849.6293812698,53970.737759185104,206353.80598925962,53162.32926904601,202831.92620576647,52345.923457303856,199331.8497267871,51532.87900158469,195875.8223355686,50728.606931309114,192474.40353696243,49935.7631785087,189132.8814861629,49155.739616078135,185854.53777317732,48389.431304851874,182642.9394442329,47637.76458226049,179496.06242972825,46900.373558479725,176413.81100311366,46177.32084803273,173398.2752009514,45469.1954989517,170455.31496422947,44777.50565091584,167598.42495186767,44105.60411696007,164857.58938460296,43460.78100171915,162299.79427524432,42859.06829273208,160077.5428509503,42336.54327604411,158545.71058557386,41976.55554503124
798,3.996006006006006,219462.9522120169,56172.238732474565,217346.16910814008,55686.89611620313,214330.06235096275,54993.67611355499,210947.24141634465,54213.89826596062,207432.8373875907,53401.55072807492,203892.25388388,52581.173007416764,200373.59966386334,51764.178076216114,196899.2346505159,50956.00235506982,193479.77154872767,50159.31393195901,190120.52451750348,49375.510845855955,186824.79096473454,48605.49202745173,183596.15555399825,47850.18794860404,180432.5830219506,47109.23058909583,177333.97666453104,46382.6825702944,174302.43683170836,45671.13544387211,171343.85329761126,44976.10418343221,168471.79045473196,44300.95719630659,165716.38922711016,43653.019058093305,163144.98900105333,43048.398468630054,160910.9035416757,42523.34677826002,159370.90393513258,42161.61751258644
799,4.0010010010010015,220611.06675806863,56426.05816830629,218482.99357584555,55938.339419100164,215450.8244578624,55241.730606303834,212050.01459505144,54458.14792704441,208516.94350113592,53641.84367295476,204957.5693195832,52817.47624118511,201420.25100568196,51996.51313676709,197927.46313564395,51184.41628128339,194489.87185026726,50383.8659702946,191112.81742547802,49596.26643443882,187799.61315473678,48822.520490029834,184553.86139579397,48063.56276056657,181373.5156396789,47319.02308555423,178258.47819977405,46588.96409284981,175210.85978544186,45873.97984829149,172236.58013872372,45175.592188868526,169349.27370371448,44497.18518435901,166579.23882876913,43846.118033627805,163994.16991287482,43238.576490930966,161748.1950452014,42710.986753084035,160199.98982409408,42347.5081024043
800,4.005995995995996,221764.573956841,56681.01390986257,219625.1580326702,56190.90833285833,216576.85173955053,55490.89548090686,213157.96926530031,54703.490896458396,209606.14434289554,53883.21219102363,206027.89218904483,53054.83717879687,202471.82309395948,52229.888136688285,198960.52680252172,51413.85259747597,195504.72312818054,50609.42311611493,192109.77857730573,49818.010140587256,188779.02239685462,49040.520388649995,185516.07471585384,48277.89265271796,182318.877727624,47529.75462209624,179187.3327579248,46796.16893077508,176123.56092167163,46077.732169321775,173133.5120640999,45375.97306768126,170230.89100014733,44694.291426478696,167446.15422626532,44040.081220717104,164847.35279964333,43429.60560247732,162589.43293435674,42899.46640018543,161032.98367568167,42534.2304843097
801,4.010990990990991,222923.49503908507,56937.11028635857,220772.6835047693,56444.60714620489,217708.16493195284,55741.174968527186,214271.12583876165,54949.931340915675,210700.4599886027,54125.66038211046,207103.2422301339,53293.25985272928,203528.33533108686,52464.30704151921,199998.4447223803,51644.315203064514,196524.344127732,50835.98920371529,193111.42639789055,50040.74573456589,189763.03680148095,49259.495430691684,186482.81331618965,48493.181270758956,183268.68678534814,47741.42878391265,180120.55754200797,47004.30060991766,177040.55715296933,46282.395874671805,174034.66570245317,45577.25023075316,171116.65869669552,44892.279278287184,168317.15150680087,44234.91192185603,165704.55350004532,43621.48905606231,163434.63283105515,43088.788929053604,161869.9009617391,42721.78783785718
802,4.015985985985986,224087.85130197357,57194.351640217945,221925.59108409035,56699.44016095363,218844.78483589643,55992.57331324117,215389.50479101267,55197.473439849,211799.91057686787,54369.192358563065,208183.63924256118,53532.748307776295,204589.80718026907,52699.773828915335,201041.23602625012,51875.808009383654,197548.75365298646,51063.56807911323,194117.7793699546,50264.47699816938,190751.67453586197,49479.44933487567,187454.09505471998,48709.43227154633,184222.96036739173,47954.04916716835,181058.1698091151,47213.362666920744,177961.8654450805,46487.97444267125,174940.05773479794,45779.42709941677,172006.59319747522,45091.15210568943,169192.24680821135,44430.61344966264,166565.7879026341,43814.23011445228,164283.8104064069,43278.957559020244,162710.75720284277,42910.18335235292
803,4.020980980980981,225257.66410925292,57452.74232710246,223083.90192852408,56955.41169203417,219986.73231725823,56245.09477206751,216513.12666168372,55446.121385439386,212904.5163093226,54613.8122452763,209269.10308802128,53773.30660107644,205656.25816566485,52936.29248867538,202088.9199050979,52108.3349397124,198577.97056694364,51292.1636000749,195128.85603417028,50489.20772474838,191744.95382422727,49700.385831289466,188429.9378453983,48926.64932311787,185181.71608339925,48167.619379027085,182000.18687052908,47423.358649247544,178887.5028170473,46694.47136229456,175849.70489457017,45982.507105478006,172900.71095817265,45290.9132848969,170071.4563190825,44627.18912690096,167431.0719459448,44007.83205040935,165136.98138083302,43469.97551928156,163555.56796841446,43099.42022687681
804,4.025975975975976,226432.9548913953,57712.28671594163,224247.63726205518,57212.526067521416,221134.02830711412,56498.74361499623,217642.01205460506,55695.879382644656,214014.29745076402,54859.52417972016,210359.6536903344,54014.93880214038,206727.70787252602,53173.867022768536,203141.51560996438,52341.89992930106,199612.0137916736,51521.77963614141,196144.67498929406,50714.9417192355,192742.89294792106,49922.30866141285,189410.35965834215,49144.83610471763,186144.97159824628,48382.143037676185,182946.6260918485,47634.29211520569,179817.48634133083,46901.890133184905,176763.6239677479,46186.49369123976,173799.0284861624,45491.566202450886,170954.7962788669,44824.642286504,168300.42161860934,44202.298146713794,165994.16152417872,43661.84604892053,164404.34887683362,43289.50167030449
805,4.030970970970971,227613.74514575172,57972.98918896244,225416.8183749136,57470.787628664875,222286.69380188797,56753.52412501772,218776.1816379537,55946.7516492281,215129.2743292996,55106.332311968,211455.311035589,54257.64899287868,207804.17594733776,53412.5014453618,204199.04245210197,52576.50692539798,200650.9023084524,51752.420068655294,197165.25489229884,50941.68279817129,193745.51024553325,50145.22157814354,190395.37851996176,49363.99630682102,187112.74463216637,48597.623772351355,183897.50489311287,47846.166633971596,180751.83314393414,47110.234265678235,177681.83179297196,46391.39030952548,174701.56234062664,45693.11425524565,171842.28297800146,45022.97627159657,169173.85295947216,44397.63169618677,166855.36665582738,43854.57239692913,165257.11559555045,43480.43090132934
806,4.035965965965966,228800.0564367042,58234.854141719065,226591.46662372552,57730.20072991824,223444.74986350097,57009.44059815173,219915.6561444007,56198.74241578708,216249.46733649183,55354.24080472474,212556.09517228382,54501.44126762963,208885.68209795852,53652.199782847245,205261.51980311258,52812.159887276546,201694.6551578973,51984.088790786904,198190.614458508,51169.43478973027,194752.8241130306,50369.12834582273,191385.01251308926,49584.1336311601,188085.05296087786,48814.06522336143,184852.84074892732,48058.985785614845,181690.56040452514,47319.507280827194,178604.34526166724,46597.200423702816,175608.3291326741,45895.56085055182,172733.93275802422,45222.19443551816,170051.3820577053,44593.836001712785,167720.61264481436,44048.15782223067,166113.88384119835,43672.211148484595
807,4.040960960960961,229991.910395819,58497.88598312266,227771.60343166516,57990.769738968826,224608.21761952082,57266.497343476694,221060.4563712579,56451.85592578176,217374.8969275029,55603.253833355084,213662.0262114708,54746.319733186974,209972.2460937606,53892.96607386943,206328.96709508557,53048.862786262034,202743.29144010268,52216.789707560994,199220.77246172875,51398.20153374708,195764.85300388795,50594.032740260816,192379.27977710796,49805.25179074876,189061.91441571107,49031.471042113284,185812.65118858768,48272.75316112265,182633.68535655964,47529.71271042532,179531.1813181635,46803.92750770732,176519.34552545892,46098.909406039595,173629.76201169167,45422.30014184597,170933.02505292426,44790.914376262335,168589.9154099411,44242.60559370215,166974.6693797072,43864.84565016558
808,4.045955955955956,231189.32872199957,58762.08913547122,228957.25028860653,58252.49903676715,225777.11826331183,57524.698683158684,222210.6031806257,56706.0964355639,218505.5836212402,55853.37558591185,214773.12432689764,54992.288508827856,211063.8877657702,54134.80436935278,207401.40382073596,53286.61960575857,203796.83031477607,52450.52673588315,200255.74773438578,51627.98688174246,196781.61542921988,50819.938548763,193378.19850808175,50027.35450990806,190043.34688373565,49249.84489113668,186776.95379620598,48487.472362424334,183581.2252874046,47740.85409703101,180462.3569598167,47011.57504606618,177434.62823430056,46303.163349802184,174529.78718309646,45623.2967644179,171818.7981353036,44988.87014291455,169463.29091988946,44437.91899019653,167839.48802641674,44058.33765465176
809,4.050950950950951,232392.33318164028,59027.46803447932,230148.42875127512,58515.39301755655,226951.47305418458,57784.04895248077,223366.1174995408,56961.46821440548,219641.5480005013,56104.61026316428,215889.40975515085,55239.351726340545,212160.62700680838,54377.71873252903,208478.8495335429,53525.43434127615,204855.29100137416,52685.30380456643,201295.55916765513,51858.79469694942,197803.1299579127,51046.849570155086,194381.78695888456,50250.445524291434,191029.36830788828,49469.19044410915,187745.76621083554,48703.14700241581,184533.19753846145,47952.93499399171,181397.8892371306,47220.14653392189,178354.1940268031,46508.326120379046,175434.0247677851,45825.18768735549,172708.71754569287,45187.706634879956,170340.7551933362,44634.10130056519,168708.3556461897,44252.69042012895
810,4.055945945945946,233600.9456087792,59294.027129308146,231345.16044339974,58779.45608890269,228131.3033175461,58044.55249987208,224527.0203201235,57217.97554452761,220782.8107121196,56356.96207862636,217010.9027957988,55487.51353005246,213262.48377163196,54621.71323896462,209561.3238478881,53765.31100045767,205918.69277923933,52921.12485435796,202340.2257115987,52090.628854339484,198829.415216756,51274.76961480915,195390.06343933044,50474.52858091012,192019.99668709986,49689.51138588093,188719.1061265967,48919.78070498417,185489.6195052899,48165.958965468,182337.79525387823,47429.64547705604,179278.05972297478,46714.4011667794,176342.49131287567,46027.976305086966,173602.79957573293,45387.427195523036,171222.32429906706,44831.155823680325,169581.28815352524,44447.90721471147
811,4.060940940940941,234815.18790525233,59561.770882595265,232547.46705586536,59044.6926717233,229316.63044504996,58306.21368693725,225693.33269972645,57475.622721129315,221929.39246711,56610.435258585276,218137.6238115353,55736.7780768581,214369.47807707416,54866.79197658833,210648.84643919457,54006.25360310591,206987.05498773564,53157.99383796543,203389.76637529786,52323.49324064874,199860.4898905747,51503.702504669316,196403.04631630302,50699.60743815841,193015.25007642357,49910.811412499934,189696.99129280285,49137.377105032145,186450.50863773146,48379.92958645782,183282.09216722357,47640.07539191315,180206.24219534796,46921.39194850555,177255.20341717583,46231.66602237039,174501.0605679716,45588.03517838507,172108.01435609194,45029.08586845731,170458.3015126725,44643.99131646448
812,4.0659359359359355,236035.08204084734,59830.70377048469,233755.37034686512,59311.10720031779,230507.47589474672,58569.0368884856,226865.0757610824,57734.414052416425,223081.3140408147,56865.03404212978,219269.59322832312,55987.14953624697,215481.6300021863,55112.95904571863,211741.43704406568,54248.2661812108,208060.39702638594,53395.91472008386,204444.20022698832,52557.39175440419,200896.37272236147,51733.65207327765,197420.75401388592,50925.68586583921,194015.1465871631,50133.094231236726,190679.43951408565,49355.939848502785,187415.8824400333,48594.85044282063,184230.79718784362,47851.43980562441,181138.75836909877,47129.301935576405,178172.1777313005,46436.26025431661,175403.5169159807,45789.53394720683,172997.8415337595,45227.894753877255,171339.4117377446,44840.946013426124
813,4.070930930930931,237260.65005345774,60100.83028265679,234968.8921420532,59578.704122397045,231703.8611912348,58833.02649256051,228042.27069245244,57994.353859630464,224238.5962730494,57120.76268117862,220406.83153553738,56238.632090331565,216598.9596883788,55360.21855909137,212839.11546042384,54491.35277897622,209138.73835500822,53634.89147742223,205503.54639419445,52792.32830594992,201937.08251340897,51964.6221657999,198443.20501349296,51152.76764518925,195019.70438700038,50356.363560609534,191666.468650522,49575.47259240406,188385.75847097242,48810.72513130162,185183.92758005037,48063.74225603162,182075.62522216773,47338.13460855089,179093.43095779093,46641.76242641248,176310.185064472,45991.9268759514,173891.82205187218,45427.58580900946,172224.63489283243,45038.77460362992
814,4.075925925925926,238491.91404923695,60372.15492235839,236188.05433469752,59847.4878991131,232905.80792581124,59098.18690046876,229224.93874777478,58255.44647707759,225401.26006824913,57377.6254405091,221549.35928610942,56491.22993387549,217721.4873395626,55608.57464188729,213941.90154765008,54735.51745284745,210222.09849385312,53874.928098730226,206567.82406386395,53028.30681747348,202982.63812344248,52196.61663905136,199470.4178539985,51380.85656890475,196028.94170012404,50580.623130409265,192658.09661775938,49795.979004833454,189360.15434397972,49027.557259556044,186141.50066191284,48276.986291710935,183016.85978537955,47547.89345855153,180018.97985123232,46848.17597454397,177221.0815094142,46195.21734882695,174789.97218080127,45628.16237303392,173113.98709211874,45237.480395126986
815,4.080920920920921,239728.89620275275,60644.682206432786,237412.87888583296,60117.46300508898,234113.3377566224,59364.52252680993,230413.10124681337,58517.696252157504,226569.32639561503,57635.62659778552,222697.19709667133,56744.94727432148,218849.23322229125,55858.031431759664,215049.81522672338,54980.76427153819,211310.49702374055,54116.028584824955,207637.0524825031,53265.331223032095,204033.0584707526,52429.63936152288,200502.4111318678,51609.95644116671,197042.8768073577,50805.87668172467,193654.34138714278,50017.46276500269,190339.08772726436,49245.35044617346,187103.5338053796,48491.17547199689,183962.47914256383,47758.58198728787,180948.84121837275,47055.50434501931,178136.2227981494,46399.40876030957,175692.30824160215,45829.62779526383,174007.48449999225,45437.0667060084
816,4.0859159159159155,240971.61875714196,60918.41666534982,238643.38782441424,60388.633928448464,235326.47240881514,59632.037799505786,231606.77957530707,58781.107545392544,227742.8162892608,57894.77044358778,223850.36564769963,56999.78833181945,219982.2176659027,56108.59307886201,216162.87648036008,55227.097316057814,212403.95358619725,54358.19694861773,208711.25095631139,53503.40546857901,205088.36253232806,52663.69421340655,201539.20350128794,51840.07107766648,198061.5280462887,51032.12796696733,194655.22098584095,50239.92756326242,191322.57634393833,49464.108320702006,188070.04443640122,48706.31336700629,184912.50043067546,47970.20370708017,181883.03191824185,47263.750994592236,179055.62552951032,46604.50451516612,176598.84660612978,46031.985435168186,174905.14333116187,45637.536864427595
817,4.090910910910911,242220.10402426537,61193.36284323598,239879.60324746944,60661.00517084593,236545.23367468812,59900.737159829805,232805.9951851182,59045.6847304566,228921.7508483592,58155.061281439965,225008.88568365976,57255.75733925471,221120.46106266102,56360.26374587565,217281.10535315372,55474.520679738576,213502.48788359397,54601.43721514085,209790.43885131713,53742.533511989925,206148.5693439886,52898.785086621894,202580.8136742986,52071.20430563135,199084.9138113969,51259.380749896816,195660.75349697314,50463.37710112692,192310.63797214077,49683.834523672725,189041.0500350528,48922.40355766206,185866.9408399151,48182.7621408828,182821.5688622692,47472.919390485185,179979.30635393714,46810.5080284771,177509.60369715394,46235.23866239436,175806.97985077128,45838.89420862262
818,4.095905905905906,243474.37438486275,61469.52529790466,241121.5473202535,60934.58124749628,237769.64341384382,60170.62506243666,234010.7695943821,59311.432194204295,230106.15123728922,58416.50342783881,226172.77801315056,57512.85854227603,222263.98386789887,56613.047608037436,218404.52195171485,55723.03846826286,214606.11967928347,54845.753421574394,210874.63559351256,53982.719323089346,207213.6980005183,53134.91588484173,203627.26042092324,52303.35996385007,200113.0525541833,51487.63880564588,196670.95705973587,50687.81509129892,193303.29044516303,49904.532706624,190016.5681356567,49139.44963571736,186825.81761385044,48396.26082230798,183764.4690144038,47683.01301041248,180907.2819735947,47017.42272565962,178424.59598847505,46439.3908567907,176713.01037451345,46041.14208693873
819,4.100900900900901,244734.4522887075,61746.90860088622,242369.24227640196,61209.36668720486,238999.72355333966,60441.7059753917,235221.12438765645,59578.35433669994,231296.03868578296,58679.10121228253,227342.06350904942,57771.096199323874,223412.80660015973,56866.94885316762,219533.14644481096,55972.6547996905,215714.86879773813,55091.14961727317,211963.86066898928,54223.966883677,208283.7676557991,53372.09052351811,204678.56256929983,52536.541902698365,201145.9627832993,51716.9059207456,197685.8498695299,50913.24525769425,194300.55165157342,50126.20653212591,190996.61632690567,49357.455203779515,187789.14804953663,48610.70329564933,184711.74939123276,47894.03534260369,181839.56914248984,47225.25204249024,179343.84000504008,46644.44540842919,177623.25126874537,46244.28385785065
820,4.1058958958958955,246000.36025476252,62025.51733745823,243622.71041808487,61485.36603239731,240235.49608783997,60713.98438020051,236437.08121607095,59846.45557124668,232491.4344890729,58942.85897729936,228516.7631086564,58030.47458165864,224566.9498413402,57121.971681697396,220666.99906350722,56223.37380448612,216828.75512468754,55337.629863793525,213058.13362407408,54466.2801875543,209358.79752294364,53610.31292990844,205734.73900581244,52770.75398416465,202183.6630646757,51947.18589315059,198705.45017808705,51139.67133546673,195302.4395353423,50348.859673804574,191981.21225198542,49576.42387533402,188756.9494976378,48826.0931159056,185663.4270621006,48105.98988582682,182776.18466658893,47433.999425128,180267.35232305803,46850.40571762806,178537.7189506028,46448.32288998508
821,4.110890890890891,247272.12087133553,62305.35610667572,244881.97411616062,61762.58383914963,241476.9830797682,60987.464771838495,237658.6617974769,60115.74032441575,233692.3600080393,59207.78107847633,229696.8978138396,58290.99797338878,225726.434236833,57378.120306696874,221806.10010130587,56475.19962554646,217947.79860725685,55585.19823492019,214157.47406546466,54709.66324055084,210438.8068744293,53849.587043101485,206795.80867522274,53006.00008187559,203226.1720216521,52178.48253226418,199729.7762935977,51367.097071033015,196308.97209596698,50572.49581636663,192970.37360869837,49796.35927476866,189729.2393625482,49042.43384880424,186619.5191492288,48318.880149411714,183717.14540393522,47643.66833013729,181195.1495701163,47057.27519497449,179456.42988811518,46653.26256214317
822,4.115885885885886,248549.75679623458,62586.42952140143,246147.05581033026,62041.024677218,242724.20665945878,61262.151658780465,238885.88791659696,60386.213036075475,234898.83666935767,59473.87188448787,230882.4886911805,58552.670671499174,226891.2804956699,57635.39895390284,222950.46991428736,56728.13641822766,219072.01925410485,55833.85881669335,215261.90166036555,54954.12006055081,211523.8150422319,54089.916814043485,207861.79058080132,53242.284081121776,204273.50833510625,52410.799658963704,200758.84658083832,51595.526222097316,197320.16738859736,50797.11865562368,193964.11814958655,50017.26503739745,190706.03510251315,49259.729070825146,187580.04282783472,48532.70965327327,184662.46826476665,47854.26222451092,182127.2484252967,47265.057261347276,180379.4006003208,46859.10626332299
823,4.120880880880881,249833.29075692376,62868.74220833614,247417.978009292,62320.69313006904,243977.18902530952,61538.049563030254,240118.78142517555,60657.87815942055,236110.88596564642,59741.13577712461,232073.55687211882,58815.49698587936,228061.50939066382,57893.811861746435,224100.12892125093,56982.18835037275,220201.43713556236,56083.61570743546,216371.4361366242,55199.65467751958,212613.8414179594,54331.30620556416,208932.70378445945,53479.609878883406,205325.69074358357,52644.141105625786,201792.6794612983,51824.96255767644,198336.0435241614,51022.731898516766,194962.46368205492,50239.144809484875,191687.35422975104,49477.982369224344,188545.01532625183,48747.48192793491,185612.1702116337,48065.7845856931,183063.66561929183,47473.75534793959,181306.6476573821,47065.85739274206
824,4.125875875875876,251122.74555067942,63152.298808048974,248694.7632908957,62601.593794909655,245235.95244393387,61815.163020150416,241357.36424212856,60930.74016100122,237328.52945561463,60009.577151322184,233270.1235530983,59079.48123935188,229237.1417585531,58153.36328138132,225255.09760385513,57237.359602338984,221336.07238377054,56334.47301777827,217486.0972828673,55446.27113353025,213708.90545298604,54573.7591924029,210008.5674068809,53717.981383856015,206382.738043427,52878.510716151584,202831.29341330825,52055.4098581245,199356.61866949027,51249.33926314087,195965.42806849527,50462.002248269884,192673.21431057435,49697.19734205777,189514.45392604888,48963.20051455187,186566.26825951732,48278.23890160251,184004.41793452125,47683.372896281675,182238.18768070074,47273.51935985989
825,4.130870870870871,252418.14404474615,63437.10397500769,249977.4343022972,62883.73128271718,246500.5192503141,62093.49657929187,242601.65835369405,61204.803520752575,238551.78876421004,60279.20041518996,234472.20999571224,59344.627767700564,230418.1985001436,58414.05747671127,226415.39650675896,57493.654367025425,222475.94519281978,56586.43487068987,218605.90494863698,55693.97348279021,214809.0266585864,54817.27976123491,211089.40062765396,53957.40251647613,207444.66908890672,53113.91234599213,203874.70697216722,52286.87191515795,200381.91104744436,51476.94447876941,196973.02922640956,50685.84102199007,193663.6329655117,49917.377598204985,190488.37596215002,49179.86896493464,187524.7794759468,48491.62867065531,184949.5222052481,47893.91335826359,183174.03734303292,47482.095584400464
826,4.135865865865866,253719.509176493,63723.16237760909,251266.01376011324,63167.110218269445,247770.91184795325,62373.05480322357,243851.6858135824,61480.072732023786,239780.68558276718,60550.00999003986,235679.83752684892,59610.94091969893,231604.7005804528,58675.898724418235,227581.04623776255,57751.076849900215,223621.07581888826,56839.50540150162,219730.8790445274,55942.765791667654,215914.22460606974,55061.87191069734,212175.22268540337,54197.87720894706,208511.50279235007,53350.34986217363,204922.93873027049,52519.352531880446,201411.93893703882,51705.551285878784,197985.28512853378,50910.66480990577,194658.62786942956,50138.526757392945,191466.79882295453,49397.490841572326,188487.72098111792,48705.95740178819,185898.99531769563,48105.38019615801,184114.2133686052,47691.58949637486
827,4.140860860860861,255026.86395356987,64010.47869820945,252560.5244505766,63451.73524017495,249047.1527090288,62653.84226836236,245107.46874312722,61756.55230160736,241015.24166915566,60822.010310415186,236893.0275388378,59878.425057138615,232796.66902885272,58938.89131399023,228752.06746794857,58009.63126902815,224771.48458038055,57093.68875793527,220861.03954232135,56192.65213871828,217024.51892691414,55307.53965141545,213266.05287792266,54439.40940526461,209583.2581242717,53587.82714332284,205976.00733723803,52752.855522807855,202446.72067356945,51935.163436172945,199002.21380296187,51136.4773023243,195658.2167516542,50360.64845021977,192449.73995045677,49616.06971765612,189455.10994801132,48921.22861448144,186852.85421016382,48317.77688264301,185058.73253322986,47902.0045361038
828,4.145855855855856,256340.2314540641,64299.057633154865,253860.98922969098,63737.61100090297,250329.26437454505,62935.86356480249,246369.02933143586,62034.2467497685,242255.4788479282,61095.2058241195,238111.8014895951,60147.08455485763,233994.12493921418,59203.03954774923,229928.4809318235,58269.32185509814,225927.19185806692,57348.98910012994,221996.40647512648,56443.63661471184,218139.92931290113,55554.287006028775,214361.91056230635,54682.003061242925,210659.95411350357,53826.34807969244,207033.93150004212,52987.38471389316,203486.27464873885,52165.784692607915,200023.83333326963,51363.28220062408,196662.4173960938,50583.74631817861,193437.21684036654,49835.609177102706,190426.9636025108,49137.44583878218,187811.1158731462,48531.10690082486,186007.6116644207,48113.3441542403
829,4.150850850850851,257659.63482665695,64588.903892811664,255167.4310233862,64024.74216681361,251617.26945448644,63219.12329634555,247636.38983554006,62313.16061027436,243501.41901046943,61369.6009922455,239336.18090277028,60416.92380076881,235197.0894700499,59468.34774087921,231110.3074274587,58530.152851450744,227088.2180952223,57605.41060066922,223136.9999375127,56695.72332265879,219260.4755162503,55802.11800921744,215462.81515508247,54925.66214454023,211741.60984732525,54065.91657318642,208096.72998313568,53222.94394255146,204530.61931078244,52397.41882941634,201050.16185863878,51591.08321727883,197671.2476413601,50807.8240136814,194429.24704222908,50056.1128145777,191403.2992235217,49354.612615327336,188773.79734944695,48745.37374426083,186960.86764150887,48325.61181179223
830,4.155845845845846,258985.09729078045,64880.02220159694,256479.87282767336,64313.133418188096,252911.1906279709,63503.626080530215,248909.57258054733,62593.29843042343,244753.08411514421,61645.20028920386,240566.18736789207,60687.947195888366,236405.58384465877,59734.82022145406,232297.56781663242,58792.12851410573,228254.5837977654,57862.95744460832,224282.84008564916,56948.91637783699,220386.17734975397,56051.036707728315,216568.7861323449,55170.39063468465,212828.24447159437,54306.53653738544,209164.42160858036,53459.53705768499,205579.77316459463,52630.069632132225,202081.21757398132,51819.88407588179,198684.72538089124,51032.88520008276,195425.8481595456,50277.58423551915,192384.13414308953,49572.73249536684,189740.91573429754,48960.58091698203,187918.51739575868,48538.81098014491
831,4.160840840840841,260316.6421367741,65172.417298008935,257798.33770880042,64602.78944925889,254211.05064340305,63789.376548662,250188.59995979152,62874.66477107483,246010.49618744652,61922.00820275215,241801.8425405145,60960.159154364184,237619.6293512691,60002.4613304656,233490.2830249707,59055.2531117895,229426.30953439797,58121.633829501036,225433.9471374404,57203.21990781831,221517.05468691175,56301.04716040125,217679.84302988613,55416.192523100035,213919.87719087675,54548.21189757225,210237.02525617517,53697.16791970804,206633.75477185522,52863.74089761542,203117.01873006357,52049.688511169945,199702.86856307348,51258.93355170374,196427.03784989347,50500.02705616105,193369.4857465184,49791.809040786684,190712.488175474,49176.731933516225,188880.57791048352,48752.94514108382
832,4.165835835835836,261654.29272604204,65466.09393465754,259122.84880340763,64893.71496823994,255516.8723186276,64076.379345843074,251473.49443498423,63157.26420667775,247273.677320148,62200.02923402377,243043.1681423638,61233.56410350436,238839.2473431836,60271.27542185157,234688.4740420896,59319.53092596281,230603.41593674436,58381.443965426966,226590.3413726645,57458.63805249531,222653.12746206584,56552.15343819535,218796.00544332984,55663.07181313177,215016.5272685774,54790.94659075716,211314.55986358444,53935.840400572044,207692.58275115557,53098.43643407628,204157.58363363048,52280.50026904823,200725.69519136377,51485.97275385572,197432.83382504663,50723.444903556745,194359.37147248982,50011.84582413214,191688.53187341391,49393.83031891072,189847.06622116218,48968.017786817145
833,4.17083083083083,262998.0724912101,65761.05687829477,260453.4293186834,65185.914697356864,256828.67854108324,64364.63913100209,252764.27853636607,63441.10132530082,248542.64967344713,62479.26789755683,244290.18596148415,61508.166483805646,240064.45923892263,60541.26686252364,235892.16192173678,59584.96625084822,231785.92369949073,58642.3920750186,227752.04313310946,57715.17496410797,223794.41567053573,56804.359624215234,219917.2930282635,55911.03252007268,216118.2140270711,55034.74456570334,212397.04442646698,54175.558383790645,208756.27577812507,53334.16006110026,205202.9306475302,52512.323106613825,201753.22332441254,51714.006502864286,198443.25385109647,50947.841415602474,195353.8088131817,50232.84642863094,192669.06408133387,49611.87960875522,190817.99941555457,49184.032419998555
834,4.175825825825826,264348.00493628293,66057.31090984528,261790.10253251946,65479.393372877166,258146.49226795603,64654.16057692403,254060.97486285798,63726.18072866148,249817.4354751176,62759.7287213231,245542.917852385,61783.97074898188,241295.28652236913,60812.44003239549,237101.36778193343,59851.56339345772,232973.8535805247,58904.48239348852,228919.07282271105,57972.83480727041,224940.9393687531,57057.66981373732,221043.72550037157,56160.0786711888,217224.95684783268,55279.60978295242,213484.49799860397,54416.32576446466,209824.85258555776,53570.915609672615,206253.0781908384,52745.160792180424,202785.47107618558,51943.03850609316,199458.315748572,51173.22024106089,196352.8153143867,50454.814448216355,193654.10210534628,49830.883349204705,191793.39463381824,49400.99255374977
835,4.180820820820821,265704.11363680096,66354.8608244369,263132.89179366705,65774.15574514045,259470.33652633298,64944.94837028003,255363.60608221273,64012.507032155365,251098.05702065816,63041.416246757035,246801.38573618734,62060.9813659926,242531.75074291186,61084.79932441074,238316.1128051158,60119.32667362024,234167.22640107517,59167.71916865642,230091.45090768975,58231.621758997535,226092.71867439727,57312.08811423602,222175.3226355682,56410.21430574532,218336.77517156798,55525.54621484985,214576.93969202804,54658.14644930702,210898.3319635389,53808.706922203,207308.044738983,52979.01710530237,203822.45661608712,52173.07248196797,200478.037392561,51399.58503958456,197356.4085756315,50677.75348755048,194643.66330457715,50050.845097002246,192773.26906862442,49618.90171168323
836,4.185815815815816,267066.4222399982,66653.71143143107,264481.8205218928,66070.20657858871,260800.23441335588,65237.00721165718,256672.19493116596,64300.08486488575,252384.53667344106,63324.335028784604,248065.6116007704,62339.20281507144,243773.87351559065,61358.349144571104,239536.41823827752,60388.26042400931,235366.0630458513,59432.1066609763,231269.19791668814,58491.54000873176,227249.77376652995,57567.61864541013,223312.10427013016,56661.44347503235,219453.68849834468,55772.55784557034,215674.3886771517,54901.02435666812,211976.73275957134,54047.537852550195,208367.84882386858,53213.89583679904,204864.19816908223,52404.11216000014,201502.4367128302,51626.93948173949,198364.60625029544,50901.66716204728,195637.76509128298,50271.768419501925,193757.6399652745,49837.763427924794
837,4.19081081081081,268434.9544649589,66953.86755445345,265836.9122081341,66367.55065179653,262136.20909637527,65530.34181558842,257986.7642155882,64588.91886969292,253676.89686486137,63608.48963585228,249335.6175009185,62618.63958975462,245021.6765212405,61633.09391196438,240762.30539311175,60658.36899017065,236570.38446318315,59697.64914356365,232452.3344409086,58752.59375836974,228412.12488573065,57824.265539209104,224454.09030082988,56913.770242390805,220575.71638772337,56020.64867114336,216776.86418289645,55144.96341656054,213060.07387870265,54287.41226604665,209432.50903400124,53449.80078877902,205910.71401581942,52636.1612808109,202531.53169394648,51855.28724902863,199377.42604572966,51126.559097895915,196636.42493096873,50493.656894691696,194746.524621816,50057.581247136404
838,4.195805805805806,269809.7341027761,67255.33403142433,267198.19041465555,66666.19275750127,263478.2838131041,65824.95691058236,259307.33681063607,64879.01370318358,254975.16009448637,63893.88464995605,250611.42555846757,62899.29619690941,246275.18150663585,61909.03805879237,241993.79564615287,60929.65673054974,237780.21166516043,59964.35090222257,233640.8811342507,59014.787222289095,229579.79233423196,58082.03293985922,225601.3006850686,57167.198683238355,221702.8784588879,56269.82269947855,217884.38549682123,55389.96757068429,214148.3742836514,54528.33403952321,210502.04401461311,53686.73577466445,206962.02249275372,52869.22359615498,203565.3403753976,52084.63203391536,200394.88572337618,51352.43293208377,197639.6603425049,50716.514111216304,195739.94038915934,50278.358724538775
839,4.200800800800801,271190.78501670755,67558.11571458922,268565.6787752049,66966.13770263341,264826.4818717719,66120.85723915315,260633.93566090424,65170.37403576023,256279.34893020435,64180.52466667026,251893.05796245224,63181.17715676275,247534.4102846351,62186.18603039912,243230.91043891857,61202.12801651936,238995.56572777324,60232.216235472944,234834.85871344854,59278.124627375066,230752.7964760548,58340.92500389008,226753.7554410093,57421.73288509527,222835.1943907768,56520.08395039125,218996.97196525134,55636.04077245182,215241.65299493397,54770.30706133365,211576.472467787,53924.70461921518,208018.14199226894,53103.30286894474,204603.8808517127,52314.97753984712,201417.00309888684,51579.29231241977,198647.48889824524,50940.34366840018,196737.90467119397,50500.09942593403
840,4.205795795795796,272578.1311423343,67862.21747054928,269939.40099516895,67267.39030834672,266180.82665127836,66418.04755785027,261966.5837805767,65463.0045516506,257589.48600837417,64468.41429517666,253180.53696925245,63464.28700292964,248799.38473432488,62464.54228529884,244473.67127805256,61475.787232407325,240216.46779105123,60501.24945457755,236034.28795820833,59542.61021304727,231931.15773714372,58600.945900160616,227911.47464770993,57677.37694761021,223972.68392221406,56771.43645562782,220114.64299340727,55883.18698701296,216339.9290909915,55013.335231379526,212655.81315258137,54163.711158553175,209079.09096280063,53338.40287327377,205647.17127258354,52546.32748127883,202443.79604224232,51807.140897557416,199659.92822414386,51165.149176270184,197740.43492490475,50722.8069277284
841,4.21079079079079,273971.7964877179,68167.64418029199,271319.3808517292,67569.95541004844,267541.34160134767,66716.53263728839,263305.3042535786,65756.9099489371,258905.59403397446,64757.558158293265,254473.8849027408,63748.630282441605,250070.12680116505,62744.11129520396,245722.09973546598,61750.638775523876,241442.93905920346,60771.45488356916,237239.18971134606,59808.24823128643,233114.8966055018,58862.09980988561,229074.47844525616,57934.13498258611,225115.36685204008,57023.88425889117,221237.4180455337,56131.41019128012,217443.22170831656,55257.42246113463,213740.08488515488,54403.75924018661,210144.88790895886,53574.52739444098,206695.2298429852,52778.685583696446,203475.28247787114,52035.98235701807,200676.99599987312,51390.93425557864,198747.54866048865,50946.484816954864
842,4.215785785785786,275371.80513355735,68474.4007392214,272705.6421940182,67873.83785742955,268908.0502426821,67016.31726217715,264650.1202337276,66052.09493958608,260227.69578075275,65047.96089250331,255773.12415442863,64034.21155577521,251346.65849713256,63024.89754505306,246976.21744847982,62026.68705618931,242675.0008007587,61042.83685927776,238449.58487892486,60075.042946660884,234304.0336313267,59124.390926661836,230242.78703489515,58192.011114005974,226263.26303924245,57277.43141586619,222365.31664502775,56380.714373953175,218551.5500415798,55502.57267366965,214829.30653889108,54644.85272303421,211215.55139165072,53811.68022897429,207748.07482329683,53012.05558364038,204511.48038476895,52265.82037121402,201698.70995894095,51617.702537826044,199759.2634414708,51171.136691295775
843,4.220780780780781,276778.18123334734,68782.49205718879,274098.2089432756,68179.04251449501,270280.976167116,67317.40623135105,266001.05494488607,66348.56424947722,261555.8140913747,65339.627147984094,257078.27718361336,64321.03539688048,252629.00190086637,63306.905533039004,248236.04611996686,62303.93649776159,243912.67434870434,61315.399731357575,239665.49443039257,60342.99863635347,235498.5894271453,59387.823456494276,231416.42067916784,58451.009478058804,227416.39240308703,57532.08199424511,223498.35837456846,56631.10353554462,219664.93334375677,55748.789803676875,215923.49704452316,54886.99547744942,212291.1000282034,54049.865184654656,208805.72452942247,53246.441228729076,205552.4077966174,52496.65863147166,202725.0878888082,51845.45766528402,200775.59688482105,51396.76615910557
844,4.225775775775776,278190.949013535,69091.92305852303,275497.1050930041,68485.57425959384,271660.14303777,67619.80435779919,267358.13168111205,66646.322618433,262889.9718775734,65632.56158863609,258389.3665175253,64609.10639320936,253917.17915781128,63590.139770636866,249501.60751849393,62582.39153666384,245155.9811006269,61589.147862314174,240886.93939871923,60612.11959018815,236698.58466794904,59652.40161782237,232595.39970204257,58711.134223165325,228574.7749232488,57787.84007375296,224636.56287624507,56882.581688404374,220783.39092625462,55996.07779749471,217022.67539025866,55130.19138524463,213371.5524924868,54289.08608053978,209868.197332912,53481.84627768245,206598.08280190322,52728.50084005468,203756.14763100634,52074.203291018064,201796.56666107025,51623.37683943332
845,4.2307707707707705,279610.13277367764,69402.69868206097,276902.3547091247,68793.43798544933,273045.5745892039,67923.51646869499,268721.37380681065,66945.37480024785,264230.1921202983,65926.76889211155,259706.414751474,64898.42914574406,255211.21248036288,63874.60478263179,250772.92347846384,62862.05662241185,246404.9425188513,61864.08562753156,242113.94088053433,60882.410110656536,237904.04009132937,59918.1296415463,233779.74448904776,58972.3895100038,229738.4306399428,58044.709746172855,225779.9498516861,57135.1528567449,221906.94215903853,56244.440613132276,218126.86062190405,55374.444339715395,214456.92751503582,54529.34674698796,210935.5116610818,53718.27450034532,207648.5235440369,52961.350710187064,204791.9070812546,52303.94307891043,202822.19049442664,51850.972362045366
846,4.235765765765766,281035.75688659947,69714.82388117805,278313.9819301333,69102.63859918909,274437.2946275714,68228.54740542591,270090.8047568861,67245.7255627175,265576.4978698643,66222.25374984342,261029.44454899503,65189.00826902554,256511.12414801156,64160.30510714705,252050.0159002572,63142.936217641516,247659.58013058084,62140.21741529917,243346.52003626418,61153.87451294456,239114.97649761237,60185.011771053105,234969.47548740485,59234.779511535766,230907.37965405465,58302.69511537148,226928.53906218766,57388.82107666607,223035.60647075868,56493.88222029399,219236.0718429892,55619.75824566456,215547.24388317336,54770.651025681844,212007.6859971353,53955.7296777108,208703.7482214719,53195.211966076226,205832.38418957745,52534.68070368288,203852.486162892,52079.556367447905
847,4.240760760760761,282467.8457985494,70028.30362381836,279732.01096725574,69413.18102237517,275835.32703077316,68534.90202362317,271466.4480368924,67547.3796876683,266928.9122461008,66519.02086707429,262358.47864199686,65480.84839118181,257816.93650748627,64447.24529567191,253332.90675037427,63425.03479813637,248919.91552803616,62417.54762683899,244584.69809026958,61426.51712495906,240331.41474999444,60453.05226224285,236164.61320616116,59498.3084130319,232081.64212727163,58561.80029732437,228082.35032884224,57643.59039618018,224169.4033488764,56744.40660040404,220350.3282148918,55866.13701942645,216642.5204411325,55013.002769652296,213084.73888028364,54194.21560194383,209763.7750878234,53430.08834293604,206877.59696042165,52766.41985091944,204887.47149837765,52309.1325069095
848,4.245755755755756,283906.4240293578,70343.1428925252,281156.46610460395,69725.0701910342,277239.6957486104,68842.58519319151,272848.32722318504,67850.34197098634,268287.4584385004,66817.0749628849,263693.5398309068,65773.95415395628,259128.67197289944,64735.42991308951,254621.61806157682,63708.35685285492,250185.97036859524,62696.080676332356,245828.49633098237,61700.3422873543,241553.3757746765,60722.25538355469,237365.17821632288,59762.98041209754,233261.2382822124,58822.02942014109,229241.40353266717,57899.46487523677,225308.35233979076,56996.01774663091,221469.64895696222,56113.58458889096,217742.7760901793,55256.405843301975,214166.68890586632,54433.73607640442,210828.62245198686,53665.98358701001,207927.56345277358,52999.16421708915,205927.16438682092,52539.70444248369
849,4.2507507507507505,285351.516172593,70659.34668447133,282587.371699331,70038.31105568737,278650.42480293853,69151.60179833866,274236.46596307185,68154.61722264676,269652.15970636765,67116.42077022314,265034.65098481736,66068.33021273595,260446.35302589,65024.863537704616,255916.17193302946,63992.9068839581,251457.7663749322,62975.82099094715,247077.9361110426,61975.35435355852,242780.8805609992,60992.625415993105,238571.19115098703,60028.799718698465,234446.18840255856,59083.38662409061,230405.7186147328,58156.4485857475,226452.4730489646,57248.71966391186,222594.05334664692,56362.104893527576,218848.0297887345,55500.86412242916,215253.55472547142,54674.29491567099,211898.30867825678,53902.90145559408,208982.30178027638,53232.91750956878,206971.58276830098,52771.27584703143
850,4.255745745745746,286803.14689571876,70976.920011489,284024.75218178605,70352.90858138021,280067.5382878198,69461.95673760495,275630.8879749639,68460.21026674277,271023.03937896725,67417.06303593257,266381.83504163276,66363.98123657973,261770.00221576783,65315.550761271465,257216.5905304413,64278.68940683661,252735.32533515678,63256.77301086438,248333.03884743573,62251.55768980037,244013.95016157758,61264.16665315376,239782.6727054745,60295.77055518651,235636.51283318413,59345.87606162651,231575.31557629074,58414.54561161097,227601.78514105114,57502.516368977325,223723.56071961348,56611.70188440948,219958.30055249628,55746.38149425136,216345.3550470558,54915.89594556378,212972.85218644486,54140.84571705967,210041.8301113466,53467.683446665455,208020.74463715433,53003.85040424352
851,4.260740740740741,288261.34094025,71295.86790010048,285468.63205567014,70668.86774771265,281491.0603696768,69773.65492389289,277031.61704852607,68767.12594151475,272400.120855673,67719.00652078111,267735.1150082146,66660.91190824655,263099.6421596568,65607.49618902139,258522.896086207,64565.70895013804,254018.6691029528,63538.9411893053,249593.8260216289,62528.95667513533,245252.6056924351,61536.88340124957,240999.6436374622,60563.89715632502,236832.23198028593,59609.50189741205,232750.2144789021,58673.76004873748,228756.30834001946,57757.411890375246,224858.1904698738,56862.37952423752,221073.60745456177,55992.96185742899,217442.1086350654,55158.54300316798,214052.2714519989,54379.82015087658,211106.16666929112,53703.465757639264,209074.66804209087,53237.43180866309
852,4.265735735735736,289726.1231219096,71616.19539154785,286919.0358981905,70986.19354886886,282921.01528744487,70086.70128449649,278438.67704482784,69075.36909937933,273783.42760611547,68022.25599948956,269094.5139605277,66959.12692422351,264435.2955426392,65900.7044396907,259835.1108995482,64853.970055794314,255307.8195977175,63822.32999255801,250860.31917970759,62807.55570147206,246496.86833313853,61810.779979136685,242222.12476711482,60833.18376931454,238033.36631151382,59874.26830834545,233930.43544456532,58934.0960050737,229916.0624292804,58013.410268495456,225997.9620499082,57114.14178736411,222193.96962554925,56240.60912208879,218543.83431055502,55402.23993685696,215136.58500612044,54619.82854763587,212175.32973242365,53940.26818272589,210133.37108630917,53472.02376570789
853,4.2707307307307305,291197.51833078405,71937.90754182321,288375.9883602154,71304.89099364704,284357.4273527249,70401.10076113077,279852.0918964931,69384.94460695823,275172.9831703301,68326.81626076008,270460.0550437855,67258.63099475393,265776.9851178973,66195.1801455481,261153.25733665362,65143.47727904869,256602.7988046998,64106.9439000043,252132.53993251195,63087.35917359868,247746.75932693147,62085.8607183403,243450.13697721696,61103.63465381817,239239.93635609982,60140.179483584834,235115.99865584323,59195.557600627355,231081.06725181223,58270.51555559393,227142.89497078897,57366.992659817195,223319.4062537192,56489.327209847455,219650.55095130808,55646.99060631549,216225.8114358827,54860.87470907271,213249.33763418128,54178.0944731591,211196.87192761188,53707.62999169268
854,4.275725725725725,292675.55153147964,72261.00942169865,289839.5141664283,71624.9651054891,285800.32094993535,70716.85830996106,281271.88560785045,69695.85734510727,276568.8111589046,68632.69210730476,271831.7614725952,67559.42884386532,267124.7337068572,66490.92795242224,262477.3578308204,65434.23518848298,257903.62877513844,64392.78740414627,253410.5099557726,63368.37150920901,249002.29998086827,62362.12996308048,244683.70121330486,61375.25408198699,240451.9627049881,60407.23962457324,236306.9243559912,59458.14896749186,232251.34271028612,58528.73181581698,228293.0088023037,57620.93613932396,224449.93658509635,56739.12005383503,220762.2774919559,55892.79888256274,217319.96938434872,55102.962448089056,214328.20876324037,54416.94839119317,212265.18877852094,53944.25421385147
855,4.280720720720721,294160.24776327726,72585.50611675599,291309.63811548165,71946.42092251006,287249.7205364643,71033.97890163212,282698.08225508285,70008.11220894504,277970.9352531259,68939.88835587379,273209.65653110284,67861.52520939724,268478.5641993313,66787.95251972915,263807.4348825937,65726.24836604441,259210.33162640003,64679.86501063286,254694.2509902465,63650.59713892877,250263.5116659477,62639.592070297906,245922.8384837977,61648.046338485394,241669.4660109643,60675.45294506349,237503.2328490838,59721.87424987086,233426.90876719082,58788.06312522533,229448.3231730784,57875.976235334696,225585.57992359027,56989.991598718356,221879.03292409735,56139.668647975384,218419.07755068847,55346.09558877641,215411.96156363274,54656.833710125306,213338.33990639212,54181.900170359615
856,4.285715715715716,295651.6321402881,72911.40272741675,292786.3850801504,72269.2634975279,288705.6506428208,71352.46752129731,284130.7059863763,70321.71410788163,279379.3792051279,69248.40983728386,274593.76357313764,68164.92484302918,269838.49955366034,67086.25852049976,265143.51105990686,66019.5214070726,260522.92954211653,64968.18123828632,255983.78484185212,63934.04050634155,251530.4158172459,62918.25140967944,247167.56986012816,61922.0157205163,242892.4669887835,60944.823671143065,238704.94450014178,59986.73760410247,234607.78544495773,59048.51357181824,230608.8577707,58132.11696904631,226726.35563111643,57241.9458007243,223000.8362964173,56387.60379631047,219523.15469029595,55590.277966438356,216500.61453486103,54897.75421431796,214416.3436335299,54420.571610356026
857,4.2907107107107105,297149.7298516075,73238.70436897168,294269.78000748565,72593.49789809276,290168.1358727861,71672.32916864767,285569.7810220696,70636.66796564734,280794.1668380373,69558.2613964462,275984.10602235654,68469.63251030825,271204.5627968553,67385.85064140701,266485.6089982209,66314.0589203265,261841.4447723224,65257.74061912878,257279.1333818046,64218.70606801485,252803.03393404913,63198.112363683846,248417.91647687342,62197.16653784629,244120.98641529985,61215.35604125888,239912.0797352585,60252.74319868387,235793.99282608528,59310.087255557526,231774.63234183917,58389.36237342606,227872.28312771657,57494.98662766297,224127.7067148057,56636.60823272831,220632.2196149064,55835.51342761311,217594.18623201415,55139.71369922108,215499.21833730143,54660.27229396518
858,4.295705705705705,298654.56616146996,73567.4161716104,295759.84791896713,72919.12920651623,291637.2009035646,71993.56885794079,287015.33165480214,70952.978720321,282215.32204611995,69869.44789239473,277380.70737238764,68775.6529906767,272576.7770247387,67686.733582793,267833.7514006636,66609.86552801092,263165.8996335922,65548.54769840835,258580.31854675044,64504.59829352594,254081.38757998677,63479.179327567086,249673.89953188563,62473.50311283076,245355.0451295941,61487.05430624191,241124.6590417258,60519.89521429544,236985.55105326293,59572.78828839125,232945.66669237215,58647.716493235035,229023.38189167887,57749.11805895092,225259.66334247543,56886.68587381528,221746.2911927127,56081.80583009599,218692.69526588265,55382.71597139424,216586.9824502506,54901.00599231908
859,4.300700700700701,300166.16640940227,73897.54328045093,297256.61391065514,73246.16251990067,293112.8704859334,72316.19161802958,288467.38224966195,71270.65132435839,283642.8687949265,70181.97419831385,278783.59118697344,69082.99107749954,273955.16540208575,67988.9120586961,269187.9610381682,66906.94586580335,264496.31650917616,65840.6070346254,259887.36233890156,64791.7216654876,255365.49838316246,63761.456709407736,250935.54028642146,62751.02978043871,246594.66403310155,61759.92272933172,242342.70296815998,60788.19784382491,238182.48032949487,59836.620794277675,234121.9806875023,58907.18338505151,230179.6714596579,58004.34408563408,226396.72540008047,57137.84064760646,222865.388348481,56329.159042961764,219796.16030307265,55626.76484852876,217679.6544602116,55142.77648757914
860,4.305695695695696,301684.5560103764,74229.09085556881,298760.10315334256,73574.60295016812,294595.1694443926,72640.20249239099,289925.9572443333,71589.69074462054,285076.83112143737,70495.84520156635,280192.7811001139,69391.65157809175,275339.7511627646,68292.39079687794,270548.26074961177,67205.30458288037,265832.7178491363,66133.92319955863,261200.28682616891,65080.08067957389,256655.38803628634,64044.94893013227,252202.86006527155,63029.75088827767,247839.8640897393,62033.96558620089,243566.2321246269,61057.6552923915,239384.8009182232,60101.58890920879,235303.59425188147,59167.767117294214,231341.17142679353,58260.66871041075,227538.91216583323,57390.07649360824,223989.53006366716,56577.576946586945,220904.60006612045,55871.864159469544,218777.2529104221,55385.58757295788
861,4.3106906906906906,303209.76045496226,74562.06407202635,300270.3408927059,73904.45562408918,296084.1226773145,72965.60653915448,291391.08114924334,71910.10196240176,286517.23313420726,70811.0658037211,281608.30081620807,69701.63931374565,276730.5576098763,68597.17453884998,271914.67344195215,67504.94634194385,267175.1261704819,66428.50077829097,262519.11414229573,65369.67984454541,257951.07829680547,64329.66042354001,253475.88025688924,63309.67079661837,249090.66632603298,62309.187164979405,244795.26718276684,61328.27177736967,240592.53314345048,60367.696781233906,236490.52736973102,59429.47177024556,232507.9014468301,58518.095947654394,228686.24297562154,57643.397362820775,225118.7353765317,56827.06343267179,222018.0333336061,56118.01774423702,219879.79639963567,55629.443052740586
862,4.315685685685685,304741.8053094798,74896.46811990163,301787.3524494556,74235.72568331182,297579.7551570909,73292.40883113041,292862.7785477085,72231.88997345761,287964.0990135092,71127.64092058044,283030.1741101964,70012.95911975783,278127.6081158943,68903.26803990043,273287.2220903657,67805.87581924746,268523.5640573044,66724.34436923533,263843.86648699024,65660.52368227493,259252.59098703478,64615.595636328304,254754.62231351924,63590.793878419354,250347.091831243,62585.591766278696,246029.82887591844,61600.0515284131,241805.69738986206,60634.94857048313,237682.80008496146,59692.30143607463,233679.88123223442,58776.62982343631,229838.7372231251,57897.8072177603,226253.02338225444,57077.62240426239,223136.4789402666,56365.229454048815,220987.30358223416,55874.34674230684
863,4.320680680680681,306280.71621615003,75232.30820431733,303311.16321948596,74568.41828438987,299082.09193028207,73620.61445583818,294341.07409607986,72555.0597880326,289417.4530114779,71445.5754822075,284458.424827701,70325.61584545614,279530.92612280266,69210.6760691205,274665.9297383832,68108.09770462237,269878.05416091107,67021.4585841603,265174.56612605747,65952.61672777245,260559.94799428657,64902.759028117194,256039.1077513251,63873.124519351346,251609.1617574902,62863.18370321581,247269.93799924236,61872.998787478224,243024.31410294792,60903.34844919055,238880.4325012926,59956.26021886011,234857.13055431386,59036.27437554818,230996.41435993143,58153.31003248133,227392.41323304886,57329.25777577252,224259.95577710864,56613.503151341436,222099.79316833927,56120.30246815195
864,4.325675675675676,307826.518893245,75569.58954546935,304841.7986740236,74902.53859881154,300591.15811776323,73950.22851553424,295825.9925238876,72879.61643088791,290877.3194522516,71764.87443295348,285893.07688516617,70639.61435422637,280940.53514223424,69519.40340943076,276050.81949802575,68411.61670150339,271238.6191999589,67319.84804821556,266511.2353915304,66245.96352921029,261873.17127099953,65191.15507147406,257329.35815051585,64156.66711782147,252876.8973198809,63141.96730143711,248515.61540984418,62147.11780884768,244248.40378912332,61172.90060171729,240083.44478237227,60221.35223461298,236039.66924333316,59297.03365352444,232159.29389565132,58409.90979259863,228536.9241382755,57581.973473005375,225388.48279152086,56862.842709791556,223217.2839239236,56367.31406790812
865,4.330670670670671,309379.2391352374,75908.31737865512,306379.284359776,75238.0918130273,302106.9789148703,74281.25612723982,297317.5586339855,73205.56494132859,292343.72273211414,72085.54273148454,287334.15426999755,70954.95952353886,282356.4587556074,69829.45485760721,277441.9145499394,68716.43752695457,272605.28196058713,67619.51739995724,267853.89668180054,66540.56864794799,263192.2828348672,65480.78825193815,258625.395155473,64441.42608499739,254150.31979663076,63421.9468991421,249766.8820268969,62422.412859153694,245477.98701584883,61443.60922457462,241291.85715189448,60487.58161129919,237227.517188631,59558.91171866454,233327.395398033,58667.61049530926,229686.57536455512,57835.77343317509,226522.07898738483,57113.25201433738,224339.7946709211,56615.385390365605
866,4.335665665665665,310938.90281294915,76248.49695430201,307923.64589907846,75575.08312847813,303629.5795915456,74613.70242276863,298815.79730269354,73532.91037323084,293816.68731963536,72407.58535080857,288781.6810407008,71271.65624497467,283778.7206142627,70140.83522430729,278839.2381435292,69022.56491169467,273978.0652965487,67920.47129137283,269202.5724617477,66836.4366585569,264517.3047689655,65771.6630680448,259927.24047487526,64727.40584483115,255429.45052918835,63703.126847106876,251023.7588317621,62698.88821740116,246713.08441175017,61715.47852644657,242505.68989371773,60754.95248886192,238420.6943387357,59821.91264405487,234500.73849307647,58926.41614941419,230841.38623588037,58090.66160492823,227660.76342518625,57364.73496119979,225467.3442873367,56864.5202954936
867,4.340660660660661,312505.5358736989,76590.1335379951,309474.90899004013,75913.51776162289,305158.9854924813,74947.57254875413,300320.7334799396,73861.657795069,295296.23775581154,72731.00727830161,290235.68132701895,71589.70942425179,285207.34443959774,70453.54933409544,280242.8135970925,69330.00360012238,275356.9921293416,68222.71438790616,270557.28526286833,67133.57214884472,265848.2592218796,66063.78403134955,261234.91588182395,65014.61083408286,256714.31092235824,63985.511508707445,252286.2668681105,62976.54817499063,247953.7166667368,61988.512728212525,243724.96335198078,61023.4690192439,239619.22070148002,60086.040514590815,235679.3428651463,59186.33077533978,232001.376133728,58346.641948364886,228804.55522212465,57617.295457903216,226599.951707355,57114.72265446096
868,4.345655655655656,314079.1643414486,76933.23241050502,311033.09940668894,76253.4009439661,306695.22203726374,75282.87166667666,301832.3921894012,74191.81228994207,296782.3986542035,73055.81351573432,291696.1793300686,71909.12398125099,286642.35402320186,70767.60202546859,281652.6642979503,69638.7583503414,276742.08544833853,68526.25136848202,271918.0576834039,67431.97971987972,267185.16840782925,66357.15566645189,262548.443213966,65303.045502344234,258004.92244442186,64269.1052599428,253554.4272420416,63255.397035740956,249199.9045321196,62262.71606296962,244949.69793121913,61293.1353664094,240823.11634411523,60351.29942699824,236863.228257084,59447.35840515919,233166.56449716876,58603.71843505972,229953.47355222242,57870.93742329644,227737.63592144893,57365.99634965679
869,4.350650650650651,315659.8143169484,77277.79886781528,312598.24299911543,76594.73792208487,308238.3147205141,75619.6049528902,303350.79852864466,74523.37895560024,298275.1947010741,73382.0090792977,293163.19932247564,72229.90485004133,288083.77322698885,71082.99815088134,283068.8137025793,69948.83393418528,278133.36831091595,68831.08692553046,273284.9123884673,67731.66398601468,268528.05460679374,66651.78251101899,263867.8443736167,65592.71431206164,259301.3066272586,64553.91248945767,254828.26112220268,63535.43911591179,250451.66882072753,62538.09277605482,246179.91409647968,61563.95570636587,242032.40139342422,60617.693489855,238052.41447031952,59709.5030826134,234336.97082297737,58861.895048082835,231107.5376464334,58125.66478757301,228880.41597648646,57618.3452747108
870,4.355645645645645,317247.5119778804,77623.83822114937,314170.3656936159,76937.53395765588,309788.2891120293,75957.7775986488,304875.9776692635,74856.362904471,299774.6506555248,73709.59899962902,294636.7656485095,72552.05697890553,289531.6259833293,71399.74257677082,284491.28533674113,70260.2351372418,279530.8638425817,69137.22576501095,274657.87211016845,68032.62957491055,269876.9401646353,66947.66911580892,265193.14132788166,65883.6217385592,260603.48506646542,64839.93759856522,256107.78973990623,63816.678744225814,251709.0304070238,62814.647125066826,247415.63237343496,61835.93422718572,243247.09603583365,60885.22682361213,239246.92136498122,59972.76886313216,235512.61466574133,59121.17578202019,232266.76679274975,58381.48149229169,230028.31097583703,57871.7733345133
871,4.360640640640641,318842.28357900155,77971.35579699758,315749.49349283276,77281.79432748181,311345.1708569221,76297.39481013294,306407.9548570162,75190.76926368484,301280.7913496309,74038.58832183713,296116.90272421576,72875.5853303649,290985.93629518105,71717.84018358128,285920.1027956104,70572.96675887723,280934.595237101,69444.67260643616,276036.9596477388,68334.88112756002,271231.84749322163,67244.82004469373,266524.35610877664,66175.7722700614,261911.47942147503,65127.18500126932,257393.03438924643,64099.12026189071,252972.01022721996,63092.38337988758,248656.87334849537,62109.0751290273,244467.2205175246,61153.90356061473,240446.7688600055,60237.159813854494,236693.51563796808,59381.56464299403,233431.1803363082,58638.39149039632,231181.3400794767,58126.28444523517
872,4.365635635635636,320444.15545228444,78320.35693714344,317335.6524758948,77627.52432351766,312908.9856757578,76638.46180847527,307946.7554119614,75526.60317510077,302793.64168857463,74368.9821055276,297603.6350375474,73200.49488120407,292446.7282362181,72037.29586578843,287355.2897439026,70887.03361226009,282344.5857566223,69753.4321828955,277422.19786765403,68638.42329831052,272592.79907054675,67543.23987468219,267861.51081334683,66469.17040771547,263225.3114156733,65415.65912428663,258684.01642721426,64382.768022620774,254240.62927938942,63371.30582270371,249903.657668921,62383.382624156045,245692.7951445426,61423.727845122616,241651.97693324435,60502.6800136491,237879.69341019192,59643.06564868282,234600.79767949515,58896.39874623569,232339.5225040924,58381.88253434737
873,4.370630630630631,322053.15400705644,78670.84699868977,318928.8687985546,77974.72925289643,314479.75936469075,76980.98382978607,309492.4047285923,75863.86979533148,304313.2266507773,74700.78542482722,299096.98714849487,73526.79062249529,293914.0259509589,72358.11453192325,288796.8699159996,71202.44052438486,283760.85873180034,70063.50924107818,278813.6097037563,68943.26075488699,273959.81744085054,67842.93319594221,269204.6276037845,66763.82066561346,264545.0028365146,65705.36440706816,259980.75727381196,64667.626392658385,255514.90862357974,63651.41874802748,251156.00604293178,62658.86093696512,246923.84028290605,61694.70383333073,242862.56562157266,60769.333553134384,239071.16771107892,59905.68282834111,235775.6382820502,59155.50723558308,233502.87752318417,58638.57154064035
874,4.375625625625625,323669.3057301379,79022.83135408428,320529.16869332554,78323.41443795459,316057.51779559924,77324.96612517835,311044.9282759689,76202.57429576802,305839.57128802995,75034.0033684086,300596.98368921445,73854.47755962235,295387.8536548924,72680.30110459565,290244.86711607367,71519.19233609503,285183.4375619183,70374.90854129606,280211.21815737337,69249.3981784144,275332.92521473696,68143.90461182295,270553.7287075453,67059.72757081395,265870.5755356364,65996.30530182076,261283.2784121646,64953.69975079486,256794.86938192265,63932.7264627175,252413.93923981648,62935.51430399571,248160.37635871334,61966.83569338914,244078.555020993,61037.12453469819,240267.95832753088,60169.4202228188,236955.72166116943,59415.720945655274,234671.42446716753,58896.35541424296
875,4.38062062062062,325292.63718597684,79376.31539114473,322136.57846961514,78673.58521625707,317642.2869162178,77670.4139607925,312604.3515978484,76542.7218626039,307372.7007256214,75368.64103951375,302103.649364154,74183.56071230398,296868.2356346024,73003.86052051748,291699.3052182097,71837.2939021059,286612.3457150081,70687.63485750607,281615.04629743774,69556.84026343969,276712.14506929065,68446.15873887631,271908.83641746256,67356.89566336332,267202.0514289719,66288.486273528,262591.6013886314,65240.99248839124,258080.53273874382,64215.23328599903,253677.47809003975,63213.346973957174,249402.42385824825,62240.1276054227,245299.96528674028,61306.057072517106,241470.08510478743,60434.28188458046,238141.0673916054,59677.04387513157,235845.1827234728,59155.23811664115
876,4.385615615615616,326923.1750167831,79731.30451308379,323751.12451385835,79025.2469406217,319234.0927502672,78017.33261782046,314170.70031281427,76884.31769685907,308912.6401624649,75704.70355597785,303617.0089501783,74514.04511461705,298355.1962478895,73328.79773052527,293160.20816652547,72156.75009102686,288047.606727969,71001.69297733209,283025.1172606028,69865.59171795336,278097.4997481911,68749.70020687842,273269.97309186024,67655.32949631671,268539.4524968607,66581.91179997083,263905.74781291466,65529.50900939839,259371.91994066967,64498.943549483825,254946.64348534768,63492.36320774651,250650.00332808428,62514.583761550384,246526.81663338374,61576.135292575615,242677.56794652744,60700.27187772384,239331.69510576728,59939.480034172164,237024.17173664412,59415.22362069631
877,4.390610610610611,328560.9459426597,80087.80413853322,325372.8332896471,79378.4049791432,320832.9613975835,78365.72739252934,315744.0001144023,77227.36701440331,310459.4148712224,76042.19605025189,305137.0872966911,74845.93581501917,299848.75992389244,73655.1176996025,294627.5999752906,72477.56578538333,289489.24420668423,71317.08770208652,284441.4542513581,70175.65726341082,279489.0120618258,69054.53365885036,274637.1611546637,67955.0336357585,269882.8007841581,66876.5863717477,265225.7393581675,65819.25373037701,260669.05229673345,64783.86159718982,256221.45637887224,63772.56727846755,251903.13537518634,62790.208365904175,247759.12933492727,61847.363332684545,243890.4268149676,60967.394277998355,240527.62449381832,60203.03344443629,238208.411008436,59676.31591066319
878,4.395605605605605,330205.97676173155,80445.81970156742,327001.7313378585,79733.06471521675,322438.91903424385,78715.60359628459,317324.2767712249,77571.87504597876,312013.0501984276,76381.12366942536,306663.9093257552,75179.23787637071,301348.95116320555,73982.82540690133,296101.5047290429,72799.74588163808,290937.281826135,71633.82384679129,285864.0805421408,70487.04163475282,280886.7048874007,69360.66375107851,276010.42309550854,68256.01266082232,271232.1184003425,67172.51449229436,266551.59776109864,66110.2310805169,261971.9511784782,65069.9917855601,257501.93778523259,64053.963471449875,253161.8406670117,63067.00563464756,248996.9237249088,62119.74534249942,245108.6817309598,61235.65317282294,241728.87530377237,60467.70813909994,239397.9200979088,59938.518982207366
879,4.4006006006006,331858.2943502724,80805.35665172667,328637.84527677944,80089.23154756072,324051.99191269017,79066.96655557265,318911.5561270928,77917.84703722241,313573.5715646044,76721.49157524803,308197.50003221055,75513.95637595627,302855.7945379951,74311.92584576378,297581.9465827016,73123.29529021215,292391.7433305129,71951.90624019848,287293.01947344653,70799.74958042582,282290.6011690489,69668.0951531344,277389.7814698475,68558.27116371067,272587.4275196196,67469.70067790292,267883.34482207603,66402.445501656,263280.638020059,65357.33848348152,258788.10878063558,64336.55608426701,254426.13993160782,63344.97979599354,250240.22019649658,62393.285483538035,246332.35277408684,61505.052661303525,242935.46734158715,60733.508162873055,240592.7186215215,60201.836842422395
880,4.405595595595596,333517.92566282774,81166.42045403946,330281.2018022295,80446.91089023897,325672.2063618497,79419.82161202279,320505.8641011338,78265.28824868763,315141.0044643848,77063.30494415117,309737.8844837889,75850.09640550578,304369.31469211204,74642.42402374218,299068.9497616793,73448.21893550492,293852.65253332944,72271.33972481012,288728.29445393715,71113.78586240149,283700.7239179367,69976.832547894,278775.2588990545,68861.8137497138,273948.7503810259,67768.14945774066,269221.0024052278,66695.90144829857,264595.13431834197,65645.90607230281,260079.99050297294,64620.349426754256,255696.0539577088,63624.13509022213,251489.03920258427,62667.98792919783,247561.46008275545,61775.59685425009,244147.42047125686,61000.43757201631,241792.82625322323,60466.27350984643
881,4.410590590590591,335184.89773233584,81529.0165890444,331931.8276876805,80806.10817268243,327299.588787253,79774.17412242839,322107.22668790875,78614.20395586512,316715.37446662283,77406.56896726822,311285.0878212267,76187.66307121476,305889.53634120314,74974.32496261942,300562.5385619908,73774.52175591404,295320.0333175229,72592.12915689753,290169.9289605462,71429.15525619587,285117.09621236636,70286.8806315565,280166.8780705268,69166.64503722813,275316.10928852815,68067.86537386802,270564.5924385406,66990.60338763316,265915.4616330013,65935.6989458521,261377.60415191718,64905.347821025985,256971.60359482907,63904.475769697405,252743.40125588313,62943.85686477258,248796.02385428682,62047.289874193055,245364.7546149018,61268.500434357404,242998.26272454197,60731.833014478325
882,4.4155855855855854,336859.2376702451,81893.15055281117,333589.74978437234,81166.82883970998,328934.16567114886,80130.02945876763,323715.6699575251,78964.59944920313,318296.70721450576,77751.28885045496,312839.1352583741,76526.66149376384,307416.48427281855,75307.63369842806,302062.73735035886,74102.20870385428,296793.9096355626,72914.27940652006,291617.94653858064,71745.86255088763,286539.741197878,70598.24411366235,281564.66173778364,69472.7696577742,276689.52661112114,68368.8529812562,271914.13691395544,67286.55579954987,267241.6415866132,66226.72151045386,262680.9709890141,65191.55560149223,258252.80975335473,64186.00609888381,254003.32692901144,63220.89648746855,250036.06434500596,62320.135855399225,246587.48975285573,61537.70082930671,244209.04782467103,60998.51939779315
883,4.42058058058058,338540.9726666283,82258.82785696088,335254.99502142676,81529.07835154852,330575.96357261523,80487.3930082233,325331.22005574603,79316.48003412709,319885.02842566225,78097.46981430835,314400.05208230164,76867.09680833775,308950.18334651587,75642.35528146896,303569.57056431647,74431.2847457758,298274.3055095499,73237.79535754309,293072.370801821,72063.91254913578,287968.6820873462,70910.9277171107,282968.6327205628,69780.19225601359,278069.02478292235,68671.11684780412,273269.65788746113,67583.76317665685,268573.69586474804,66518.97818494528,263990.1123377724,65478.977114874826,259539.69340463224,64468.730354362066,255268.83685458236,63499.11100642006,251281.60187032705,62594.13894388722,247815.64592375056,61808.04284787245,245425.20140055317,61266.33671275721
884,4.425575575575576,340230.12999029265,82626.05402868547,336927.59040595556,81892.86218385218,332225.00912766764,80846.27017320167,326953.90320409695,79669.85103105832,321480.3638922666,78445.11709418525,315967.8636534024,77208.97416464347,310490.6584939613,75978.49477632926,305083.062712307,74761.75486218177,299761.2450313162,73562.68190765528,294533.225432617,72383.31006719678,289403.9421610759,71224.93617817605,284378.81390491355,70088.91748976546,279454.6263032633,68974.66155435426,274631.17747918377,67882.23002429618,269911.6462160585,66812.47340069182,265305.0495837516,65767.61672022275,260832.27558105416,64752.652824844285,256539.95172528797,63778.50464270435,252532.6568048367,62869.30329744205,249049.24322459847,62079.53059267518,246646.74335696173,61535.28902384244
885,4.430570570570571,341926.7369888858,82994.83461076624,338607.5630231663,82258.18582772082,333881.3290493623,81206.66637135076,328583.74569996726,80024.7177754318,323082.7394811395,78794.23594021979,317542.5954054916,77552.29872692753,312037.93471902725,76316.05726189917,306603.2383737795,75093.62404764506,301254.7523625165,73888.94396838505,296000.5341819809,72704.0599349406,290845.5447668922,71540.27424652428,285795.2282432862,70398.95003002226,280846.3537367774,69279.49169470849,275998.71787347377,68181.96086055909,271255.51445236494,67107.21160160216,266625.8041746458,66057.47878892688,262130.57737614156,65037.77781118842,257816.69229398097,64059.081629355875,253789.2495823739,63145.633085629124,250288.30181087044,62352.16817796163,247873.69365657878,61805.38040704001
886,4.4355655655655655,343630.8210889983,83365.1751615915,340294.9400364637,82625.05478971732,335544.9501278963,81568.58703557747,330220.7739167094,80381.0856177131,324692.1811338445,79144.83161734021,319124.2728459009,77897.07567399227,313592.0370978857,76655.04783138818,308130.1221992809,75426.89731082415,302754.8517347203,74216.58646511614,297474.3208696752,73026.166995866,292293.5133202288,71856.9466852276,287217.8987546176,70710.29456096441,282244.22971348517,69585.61187564231,277372.30131898914,68482.96021630034,272605.3224487372,67403.1972441424,267952.39762036374,66348.5677047338,263434.61994462344,65324.10962641192,259099.07937375215,64340.84621137974,255051.40069610716,63423.13248980761,251532.84189657265,62625.95972961772,249106.07232007035,62076.61494987339
887,4.44056056056056,345342.4097962612,83737.08125517306,341989.74868754606,82993.47459188403,337215.89923070266,81932.0376140637,331865.0143037315,80738.95992341444,326308.7148667803,79496.90940528446,320712.92155557015,78243.31019921145,315152.99077909725,76995.47159234034,309663.73891054344,75761.57967447794,304261.56744949805,74545.61433710228,298954.6093842989,73349.63610711524,293747.87130421086,72174.95827077884,288646.8485244147,71022.95577997451,283648.27692887484,69893.0267169188,278751.95012877486,68785.23263515173,273961.09214357333,67700.43479734933,269284.8514931061,66640.88786375892,264744.4245025124,65611.65259570464,260387.13383800516,64623.80264576432,256319.1306986075,63701.80570314284,252782.88375431864,62900.90938518099,250343.89942615805,62348.99675141048
888,4.445555555555556,347061.5306954384,84110.55848116176,343692.0162964963,83363.45077175811,338894.2033025407,82297.02357028164,333516.4933865876,81098.34607310947,327932.3667712683,79850.47459861473,322308.5671891324,78591.00751054446,316720.8209836963,77337.33366664826,311204.1133005684,76097.67617547978,305774.92387850274,74876.03253748093,300441.42368336703,73674.47213948723,295208.6422697345,72494.31379310481,290082.10070483113,71336.93839765021,285058.51814397925,70201.74085130144,280137.6866803382,69088.78267353466,275322.845538673,67998.9287428428,270623.18742743856,66934.44367449882,266060.01232717634,65900.41105644088,261680.87662052692,64907.955201493256,257592.4602019184,63981.65693061795,254038.44771539807,63177.02129385203,251587.19511168712,62622.52992227504
889,4.450550550550551,348788.21145051345,84485.61244486178,345401.7702618692,83734.9888823857,340579.8893655815,82663.55038300749,335175.23776706017,81459.24946244706,329563.1630136351,80205.53250673118,323911.23547499586,78940.17283054983,318295.5530052705,77680.63919056629,312751.27023370436,76435.19186483035,307294.9454635474,75207.84603328603,301934.7877933872,74000.67997745029,296675.84983554174,72815.01805557834,291523.67851474095,71652.24713781629,286474.976185447,70511.7589245659,281529.5334157202,69393.61490067189,276690.6046993078,68298.68357483723,271967.4271203604,67229.23955784232,267381.4047574062,66190.38935819046,262980.3287155546,65193.308159556225,258871.4098776212,64262.690389044765,255299.55416984085,63454.29961650513,252835.97957169026,62897.21858465717
890,4.4555455455455455,350522.4798047721,84862.24876724354,347119.0380607714,84108.09449233468,342272.9845194871,83031.62354633435,336841.2741232398,81821.6755021637,331201.12983528996,80562.08845388412,325520.9522154193,79290.81139639708,319877.2122100357,78025.39331472245,314305.23464572063,76774.13180766936,308821.65671667724,75541.05980545927,303434.7258099307,74328.26451915324,298149.5176882901,73137.07587502955,292971.60523980815,71968.88673753566,287897.6739456118,70823.08559551087,282927.5128415616,69699.73389859806,278064.39175428683,68599.70380015204,273317.5923313688,67525.27994708084,268708.62319347914,66481.59186272873,264285.51117783773,65479.86581295887,260156.00045689594,64544.910307073376,256566.2235664784,63732.748525697825,254090.27305944767,63173.06687232287
891,4.46054054054054,352264.3635808767,85240.47308495552,348843.84724893665,84482.77318570652,343973.5159414845,83401.24856968358,338514.6292095967,82185.62961809488,332846.29355279595,80920.14777918503,327137.743286583,79642.92845987788,321465.82403690415,78371.60120412898,315866.03154387505,77114.50108328593,310355.08222023584,75875.67884886061,304941.26189769746,74657.23067643566,299629.66958261695,73460.49208175579,294425.9042325489,72286.8619471191,289326.63438255346,71135.72553596756,284331.64752916433,70007.1442621692,279444.22889601655,68901.99393822094,274673.70488251833,67822.56928791768,270041.68909721717,66774.0229440458,265596.4451226955,65767.63246673181,261446.25273057903,64828.320925201115,257838.47641299918,64012.37220567965,255350.09588654243,63450.07893062261
892,4.465535535535536,354013.890680936,85620.29105033437,350576.2254607939,84859.03056214603,345681.51088643295,83772.43097781473,340195.3298570479,82551.1172511848,334498.6805579348,81279.71583661635,328761.6346386519,79996.52928741531,323061.4139975488,78719.26803819186,317433.6860069764,77456.30478512788,311895.2466269273,76211.70817227729,306454.4202905766,74987.58337483676,301116.329341199,73785.27151953035,295886.59891239076,72606.17753013392,290761.8805201554,71449.68343080842,285741.960114548,70315.85059907105,280830.1383805565,69205.55852110019,276035.78665847477,68121.11203847583,271380.6239920405,67067.68698835422,266913.1517260697,66056.61243793833,262742.1875492141,65112.92649578003,259116.33327599932,64293.17485239957,256615.4684229109,63728.25891649873
893,4.470530530530531,355771.0890865664,86001.70833141374,352316.2004095289,85236.87223685022,347396.9966868844,84145.176310834,341883.4029730162,82918.14385749474,336158.31731776614,81640.79799503947,330392.65229583386,80351.61916007202,324664.00767645927,79068.39901071852,319008.22318543954,77799.5480208096,313442.1746598698,76549.15279843142,307974.2252917005,75319.3275536029,302609.5208548049,74111.41904560993,297353.7127657239,72926.83826341126,292203.43544815626,71764.96397795407,287158.4732985002,70625.85752982613,282222.14252766833,69510.4020934754,277403.85960656503,68420.91266930496,272725.44946301525,67362.58839409582,268235.6522245713,66346.81005568091,264043.82582309894,65398.73128302343,260399.81478102898,64575.160673512495,257886.4110968882,64007.61099849186
894,4.4755255255255255,357535.98685894755,86384.73061193114,354063.79988713766,85616.30384057517,349120.00075313635,84519.49012420117,343578.87554148235,83286.71490820973,337825.23037467845,82003.39963820156,332030.82235642994,80708.20337355668,326273.63073099154,79418.99932992444,320589.6683013346,78144.2359121181,314995.89111264463,76888.01776398621,309500.7012734913,75652.46816569356,304109.26808234164,74438.9395307405,298827.2693459471,73248.84893705181,293651.322322194,72081.57188837907,288581.2098466199,70937.16968779927,283620.2637208595,69816.52921266711,278777.94573681825,68721.97566338671,274076.18715689547,67658.73157194702,269563.96791552246,66638.22966110658,265351.1885223258,65685.73956301105,261688.94161263228,64858.33388838425,259162.94439524764,64288.13935674586
895,4.48052052052052,359308.6121388674,86769.36359133314,355819.05176447256,85997.3310196411,350850.550573278,84895.37798873456,345281.77462303,83656.83588964365,339499.44634643255,82367.52616474021,333676.17099287757,81066.28723822876,327890.3088914102,79771.07421843761,322178.0466484289,78490.37359501791,316556.4208493364,77228.30811955046,311033.87267770176,75987.01017778603,305615.5950508943,74767.83785916182,300307.2922735067,73572.21435443025,295105.56436384475,72399.51188611625,290010.19258935633,71249.7917192019,285024.52440742054,70123.94444863503,280158.0671220035,69024.30551613892,275432.85878215893,67956.12094482276,270898.120156991,66930.87560741082,266664.29667681624,65973.95562369295,262983.73451438115,65142.69872809545,260445.08886323473,64569.84818301161
896,4.485515515515516,361088.9931467606,87155.61298477888,357581.98399127985,86379.9594359358,352588.6737132259,85272.84549061436,346992.1273548818,84028.51230324229,341180.99192619824,82733.18298818689,335328.7244517853,81425.87607910164,329514.06796092313,80124.62891330186,323773.38359221985,78837.96621965378,318123.78880456655,77570.0289296815,312573.76401544746,76322.95857027802,307128.5258557579,75098.11892861013,301793.80523592775,73896.9393321979,296566.18486065365,72718.78870825941,291445.44442203816,71563.72828309468,286434.94709845446,70432.6523839804,281544.2458976584,69327.90673541809,276795.4861090366,68254.76094787905,272238.13036781957,67224.75225983995,267983.1713763489,66263.38376489178,264284.2142889031,65428.25943544383,261732.8651045944,64852.741680649386
897,4.490510510510511,362877.15818273724,87543.48452314129,359352.62459622754,86764.19476691577,354334.39781675214,85651.8982313838,348709.96095092647,84401.74966558463,342869.8938825801,83100.37553696788,336988.5090539593,81786.97523584384,331144.9338157071,80479.66866597779,325375.7045699614,79187.01895035197,319698.0199835182,77913.18527288632,314120.39986723143,76660.31833728885,308648.08466046193,75429.78765031918,303286.8319878382,74223.02870028382,298033.2071661583,73039.40710496416,292886.9883048974,71878.98405138835,287851.55436889955,70742.65761394709,282936.5042621116,69632.78384152018,278164.0909695336,68554.65602851383,273584.02002764645,67519.86399569204,269307.83377058076,66554.02829830378,265590.40179790196,65715.02026494508,263026.2937815914,65136.8240646296
898,4.4955055055055055,364673.1356266008,87932.98395300616,361131.001686924,87150.04270560549,356087.75060550263,86032.54182794833,350435.30270173633,84776.55350838196,344566.17905963515,83469.10925440343,338655.5511944206,82149.59006277814,332782.93240492465,80836.19874234185,326985.0350906797,79537.53696561925,321279.1394619527,78257.78224162052,315673.8048829604,76999.09448665856,310174.29569678573,75762.84894901946,304786.39635098405,74550.48730189388,299506.6546999036,73361.37183944722,294334.8472630837,72195.56370884305,289274.36885754374,71053.96474642078,284334.864476497,69938.94136717993,279538.6952574435,68855.81064636617,274935.81067691935,67816.21520431605,270638.3050690607,66845.89354749788,266902.31796217116,66002.98548283197,264325.3956150235,65422.09956153197
899,4.5005005005005,366476.9539378571,88324.11703666903,362917.1434499257,87537.5089605942,357848.75987900444,86414.78191257238,352168.17997457535,85152.92937847467,346269.87437688024,83839.38959870455,340329.8773424121,82513.72592887822,334428.08975073096,81194.22442268339,328601.40073518024,79889.52545814002,322867.1723862157,78603.82494228559,317234.00378195103,77339.29203994502,311707.1832647648,76097.30776293528,306292.5222142357,74879.31999350802,300986.5509474479,73684.68768798358,295789.04438667046,72513.47195306544,290703.4132670309,71366.57840192608,285739.3488647596,70246.38385756806,280919.3209283544,69158.22927331354,276293.52391690155,68113.81028710921,271974.6065412348,67138.9838479131,268219.98376159946,66292.1593670518,265630.1913842268,65708.57240954295
900,4.505495495495495,368288.6416557096,88716.88955212936,364711.0781507336,87926.59925603002,359617.45351466234,86798.62413287381,353908.6202133953,85530.88283782676,347981.0068292884,84211.22204296783,342011.5140413947,82879.3882177636,336080.43194827077,81553.75100169933,330224.8271560446,80242.98963477102,324462.1439732343,78951.31849522356,318801.02135292644,77680.91603241877,313246.7717326873,76433.1690437797,307805.2335335844,75209.53164487521,302472.91946035984,74009.35943990157,297249.6028306515,72832.71349450393,292138.71036385704,71680.50321362188,287149.9798136521,70555.11587028671,282305.989999645,69461.9163934673,277657.1814096681,68412.65365751255,273316.75951644307,67433.30354685405,269543.42023516673,66582.54620726197,266940.70192707225,65996.24685845136
901,4.510490490490491,370108.2273990447,89111.30729308222,366512.8341337778,88317.31933161187,361393.85946774343,87184.07415181566,355656.65093882,85910.41946351768,349699.6034872739,84584.61207516705,343700.4879090328,83246.58232769155,337739.9851656631,81914.78378848644,331855.3400776155,80597.9347165335,326064.07951050234,79300.26803470953,320374.8824540024,78023.97151305556,314793.08553708065,76770.43775674717,309324.5543321288,75541.12713900625,303965.7838562045,74335.39189757577,298716.5458149281,73153.29305644151,293580.28297835763,71995.74382729449,288566.77977272216,70865.14197536251,283698.72455047234,69766.87650316594,279026.8048780935,68712.7497410041,274664.78538390715,67728.85700348434,270872.6484809326,66874.1503048235,268256.9481399538,66285.12716964188
902,4.515485485485486,371935.73986640235,89507.37606890714,368322.43982238875,88709.67494257823,363178.00577134854,87571.13764769504,357412.29974811815,86291.54484773146,351425.69149666466,84959.56519814281,345396.8256371671,83615.31367154665,339406.77564397507,82277.32810653081,333492.96529597114,80954.36593860325,327673.00435605465,79650.67870894153,321955.6120126618,78368.46354452646,316346.1491826861,77109.11888050388,310850.5087000499,75874.11137216404,305465.1678185197,74662.78987641755,300189.89662428433,73475.2153749868,295028.15400468383,72312.30490134834,289989.7712542888,71176.46675523758,285097.54672174883,70073.11411096611,280402.4161058288,69014.10297509027,276018.70559270785,68025.64858881796,272207.6896560137,67166.97597279238,269578.9509777657,66575.21761608664
903,4.52048048048048,373771.20783593395,89905.10170465372,370139.92371875484,89103.67185969299,364969.92053637083,87959.82031412928,359175.59431516164,86674.26459774292,353159.2980786611,85336.08692958864,347100.55399177433,83985.58767682724,341080.82969718165,82641.38929369458,335137.7286788852,81312.28855029737,329288.94393842865,80002.55568002774,323543.2350257163,78714.3972031853,317905.98724242166,77449.21740717522,312383.1207945752,76208.48925385159,306971.09509677946,74991.55820486299,301669.6786083523,73798.48519906175,296482.34640076733,72630.19110679436,291418.97683340847,71489.09480475797,286502.4787161081,70380.63373763127,281784.03693726845,69316.71780929454,277378.54165175225,68323.68268570828,273548.5649765515,67461.02753590868,270906.73145387106,66866.52248233426
904,4.525475475475475,375614.6601653437,90304.49004102411,371965.3144038648,89499.315869228,366769.6319514384,88350.1278600386,360946.5623903693,87058.58433590064,354900.4505297816,85714.18280203443,348811.69981291296,84357.40978562908,342762.17371211265,83006.97270219994,336789.6561657751,81671.70781505831,330911.9237566128,80355.90412397073,325137.77655925637,79061.7775790531,319472.62435733154,77790.73834233062,313922.4148399281,76544.26570679668,308483.58950634534,75321.70172435803,303155.9151815636,74123.10729038731,297942.8831882735,72949.40712723548,292854.4191478281,71803.03073115954,287913.5427978593,70689.43991611777,283171.6892775053,69620.59870514374,278744.3151297291,68622.96368883437,274895.29571766825,67756.30933058326,272240.31064005755,67159.04606449668
905,4.530470470470471,377466.12579181563,90705.54693435192,373798.64053743467,89896.6127729421,368577.16828284226,88742.06600962553,362725.23180063564,87444.5096996066,356649.1762217913,86093.85836282636,350530.29001465364,84730.78545462535,344450.83414838446,83374.08369860951,338448.7737676346,82032.62901043496,332541.9693799801,80710.72923064859,326739.26174858544,79410.60977579952,321046.08523652283,78133.68670496512,315468.41512726597,76881.44566693409,310002.67492840486,75653.22528934087,304648.629823089,74449.0864234659,299409.78745254147,73269.95765884971,294296.12089792645,72118.2791540511,289330.76129292924,70999.53719155827,284565.395092273,69925.75013615162,280116.0476550527,68923.49600468494,276247.9032134107,68052.82570488167,273579.7096664824,67452.79267023323
906,4.535465465465466,379325.63373192115,91108.27825657745,375639.9308578176,90295.5683880568,370392.5578744469,89135.6405023506,364511.6304492429,87832.04634129227,358405.5026016165,86475.11917410315,352256.3515849944,85105.72015504373,346146.8375383161,83742.72766380344,340115.1075669511,82395.05742805974,334179.106448207,81067.03620379283,328347.7157981399,79760.89891072093,322626.3946570863,78478.067527478,317021.14601460204,77220.03408338441,311528.3753098945,75986.13376722108,306147.84607676294,74776.4273855609,300883.0823425097,73591.84741036975,295744.1048466411,72434.84470539443,290754.15658879076,71310.93012124205,285965.17640787543,70232.1765877997,281493.7609157926,69225.28405153927,277606.4088566821,68350.58101850541,274924.9497216039,67747.76661873203
907,4.54046046046046,381193.2130815105,91512.68989521891,377489.2141818941,90696.1885472275,372215.8291475827,89530.85709290399,366305.78631575487,88221.19992839082,360169.45719123905,86857.9708127688,353989.9115857575,85482.21937263917,347850.2104868279,84112.90999295293,341788.6837176059,82758.99837362273,335823.3606711756,81424.83026096255,329963.16398139356,80112.65011471527,324213.57746400137,78823.8858556479,318580.63192671235,77560.03591842939,313060.71466340893,76320.43203835546,307653.58755099296,75105.13497667297,302362.7910706272,73915.08110305955,297198.3938193808,72752.73202948128,292183.7511343754,71623.62327459242,287371.05531110195,70539.88255751472,282877.47665959067,69528.33225944512,278970.8340991588,68649.57964277004,276276.0520520999,68043.9722406883
908,4.545455455455455,383068.89301558316,91918.78775333933,379346.51940494485,91098.47909851071,374047.01060091937,89927.72155117332,368107.72745589237,88611.97614330507,361941.06758757425,87242.41887046104,355730.9971524683,85860.28860766301,349560.97967132245,84484.63609548972,343469.5284447577,83124.4571668415,337474.75782885787,81784.11663351493,331585.6316407426,80465.86853225285,325807.6585700249,79171.14674860393,320146.89735502575,77901.45614748384,314599.7170670919,76656.12499602011,309165.8779186538,75435.21400951261,303848.93691274914,74239.66347068764,298659.01070392254,73071.94578290687,293619.5674399735,71937.62123314044,288783.0539491275,70848.872554643,284267.2166935621,69832.64507019329,280341.2004511938,68949.82596058019,277633.03796277096,68341.41387827958
909,4.550450450450451,384952.70278813643,92326.57774950894,381211.8755005006,91502.44590532675,375886.13081031805,90326.2396622068,369917.48200138716,89004.38068337116,363720.36146232754,87628.46895351562,357479.63549421454,86239.9333748276,351279.17184154596,84857.91139507134,345157.66804470494,83491.43914142706,339133.3237711817,82144.90056657157,333215.1441873755,80820.55932134314,327408.6629555609,79519.85527879333,321719.96685749624,78244.29975906355,316145.40666451066,76993.21754637921,310684.7409169631,75766.66930946901,305341.5432080146,74565.59925949624,300125.97845029185,73392.4906345397,295061.6280771153,72252.92859049539,290201.1945293961,71159.15110042125,285663.00288418087,70138.226937289,281717.52948170254,69251.32436640114,278995.9288164281,68640.09588513753
910,4.555445445445446,386844.67173199257,92736.06581776254,383085.3115201702,91908.09484641747,377733.21842866245,90726.41722617124,371735.07815981546,89398.41926081748,365507.3665618288,88016.12668292565,359235.85389348405,86621.15920326658,353004.8138194285,85232.7413295418,346853.1288847302,83859.94964504514,340799.08441787644,82507.18731898043,334851.7271011192,81176.72765349761,329016.61566851137,79870.01653194464,323299.86505845556,78588.57175474902,317697.80766451155,77331.71460844901,312210.2003473391,76099.50571457516,306840.63335870695,74892.8932281669,301599.3200706242,73714.37126548764,296509.955678435,72569.54995231125,291625.49931948725,71470.72272794346,287064.85715714784,70445.0823259192,283099.8428180335,69554.07926622662,280364.74603376386,68940.02262631596
911,4.56044044044044,388744.8292586011,93147.25790755168,384966.85659344506,92315.43181579905,379588.3021856637,91128.26005830562,373560.54421440634,89794.09760271854,367302.11070684594,88405.3976942963,360999.6797059799,87003.97163649015,354737.932498902,85609.1313508876,348555.93740292016,84229.99403927277,342472.0657582965,82870.98216327331,336495.40593026654,81534.37871368747,330631.5418241054,80221.63560702615,324886.6166484453,78934.27714914473,319256.9443410545,77671.62111405797,313742.28007523867,76433.72807546823,308346.2308300929,75221.55014778157,303079.058639008,74037.59236905965,297964.572937516,72887.48993624904,293055.9906469635,71783.59198212385,288472.8014972405,70753.21571291603,284488.16214581946,69858.09507754269,281739.5110932054,69241.19847825514
912,4.565435435435435,390653.2048578143,93560.15998369138,386856.5399274767,92724.46272270886,381451.41088764276,91531.77398886858,375393.90852382634,90191.42145094347,369104.6217923711,88796.28763779403,362771.14036041114,87388.37623233498,356478.55484569527,85987.0869251887,350266.12010796316,84601.57769955011,344152.29385122244,83236.29038561815,338146.2062913807,81893.517700297,332253.46660470637,80574.71761620001,326480.2463840278,79281.42096983388,320822.84103302663,78012.942007802,315281.0040299727,76769.34125534573,309858.359150243,75551.57480177935,304565.2172913073,74362.15865072313,299425.50260871643,73206.75317193479,294492.6908991975,72097.7634196556,289886.85794814315,71062.63158671613,285882.5092088096,70163.37622928752,283120.245530748,69543.62782874184
913,4.570430430430431,392569.82809763635,93974.77802630069,388754.39080682734,93135.19349154674,383322.5734172834,91936.96486308031,377235.1995219364,90590.39656209855,370914.92778738245,89188.80217809,364550.2633582578,87774.37856290874,358226.7078971013,86366.61353256363,351983.7035789219,84974.70601512637,345839.79482463683,83603.11728576594,339804.1538690742,82254.14982507123,333882.4152595952,80929.2676847707,328080.7790875721,79630.00825732775,322395.52214403223,78355.6822469948,316826.3962045004,77106.35012991645,311377.0419098278,75882.97198590834,306057.8192249609,74688.07482805644,300892.7675069717,73527.344300913,295935.6225231788,72413.24160896482,291307.0486122559,71373.3344473152,287282.9058086814,70469.9271618066,284506.9709397678,69847.31507686489
914,4.575425425425426,394494.72862394137,94391.11803073692,390660.438593191,93547.63006180964,385201.8187333562,92343.83854105824,379084.44571752043,90991.0287074639,372733.05673457636,89582.94699429788,366337.0762735075,88161.98421452836,359982.41876171925,86747.71666710894,353708.7144649789,85349.38438900039,347534.59487547365,83971.46817699214,341469.2744157627,82616.28031305835,335518.41310472804,81285.29095112841,329688.23964701593,79980.0440650097,323975.01214215794,78699.84680161267,318378.48065519816,77444.75958734623,312902.30276189034,76215.74650817219,307556.8876987592,75015.34563069658,302366.39050757425,73849.26797659473,297384.808025297,72730.0311301595,292733.3956504808,71685.32880621782,288689.3738048291,70777.7523268031,285899.70897081314,70152.26463296614
915,4.58042042042042,396427.9361601589,94809.18600752293,392574.7127250819,93961.77838801965,387089.1758704122,92752.40089774571,380941.6756939825,91393.32367292314,374559.0367500696,89978.72777990426,368131.60675236216,88551.1987876523,361745.7146191656,87130.40183683232,355441.1794851519,85725.61823785461,349236.7202693393,84341.3483860319,343141.59375139006,82979.91440254581,337161.4855224661,81642.79256668607,331302.65301559947,80331.53345907362,325561.3355597117,79045.4406542339,319937.28150160174,77784.5745281983,314434.1654215938,76549.90318877132,309062.44603259466,75343.97580028103,303846.3945459286,74172.52886420072,298840.2699711001,73048.13657497345,294165.92128198384,71998.61918638204,290101.93511412933,71086.85618728313,287298.4813313718,70458.48091858598
916,4.585415415415415,398369.4805069265,95228.98798226714,394497.24271749,94377.64443964466,388984.67393844196,93162.6578228339,382806.91810901195,91797.28725888653,376392.8960230692,90376.15024269315,369933.8825129134,88942.02789680556,363516.62271975435,87514.6745635789,357181.1254279798,86103.4129919826,350946.197340203,84712.76325300857,344821.1377631242,83345.05734499019,338811.6579612758,82001.77769581041,332924.044211571,80684.48151845572,327154.5169929321,79392.46879997167,321502.8229261217,78125.79986536731,315972.65366594,76885.44686003802,310574.51760718616,75673.97009038395,305332.8026172793,74497.13164069834,300302.03098502633,73367.5625467043,295604.64778393164,72313.2101221583,291520.6117106802,71397.24321749562,288703.3097856125,70765.96836640383
917,4.590410410410411,400319.39154170547,95650.5299955758,396428.0581614994,94795.23420101132,390888.34212249937,93574.61522067565,384680.2016942114,92202.92528020588,378234.66281550704,90775.22010466224,371743.9313447831,89334.47717049757,365295.1703841439,87900.54038295051,358928.5791511752,86482.77409520971,352663.0524900542,85085.71813135564,346507.9324050207,83711.71440494012,340468.9559353977,82362.25151574612,334552.4383178611,81038.89333476013,328754.5811016687,79740.93624640079,323075.129173728,78468.44052400703,317517.79133345955,77222.38236636543,312093.12586377334,76005.33326644632,306825.6377764109,74823.08099473281,301770.1137501096,73688.31366014566,297049.59749119927,72629.10615922255,292945.4256255139,71708.91790286604,290114.2161541002,71074.73142017255
918,4.595405405405406,402277.6992183551,96073.81810295663,398367.18872386793,95214.55367120977,392800.2096822858,93988.27901019149,386561.5552546887,92610.24356608202,380084.3654616373,91175.94310193161,373561.7811087268,89728.55225113226,367081.3850029468,88288.00484421702,360683.5675812404,86863.70700480574,354387.3121885261,85460.21838773084,348202.00369765115,84079.89085995201,342133.4050244821,82724.21921653274,336187.86048172397,81394.774012177,330361.55260902824,80090.84801347712,324654.22455160203,78812.50144145137,319069.60232387006,77560.7145641295,313618.29430378025,76338.07010569907,308324.9231373165,75150.38162655162,303244.5410076521,74010.39454151264,298500.7927960496,72946.31185450299,294376.3989462795,72021.88473992415,291531.2223134815,71384.77453464657
919,4.6004004004004,404244.433566668,96498.8583747138,400314.6641465653,95635.60886398928,394720.30595169537,94403.65512476649,388451.00766860746,93019.24795996325,381942.0323675942,91578.32498464381,375387.45973619894,90124.25879490969,368875.29403630184,88677.07351021962,362446.11771304614,87246.21719138975,356119.00297248096,85836.26940192246,349903.37772769615,84449.59200049764,343805.03087318735,83087.68600091405,337830.33591434144,81752.12866739326,331975.4563009865,80442.2091334499,326240.1334287551,79157.9875671276,320628.1105977,77900.4483216039,315150.0464884455,76672.18539707929,309830.6818728336,75479.03824792203,304725.3355568668,74333.80982836071,299958.2561477799,73264.83177609975,295813.55381689395,72336.14823622482,292954.350196139,71696.10217550362
920,4.605395395395395,406219.62469185743,96925.65689583312,402270.51424626505,96058.40580764443,396648.6603383131,94820.74951213814,390348.5878866929,93429.94431943455,383807.6920109064,91982.37151685482,377220.99522887473,90521.60247171871,370676.9250134037,89067.7519572652,364216.25660937,87630.31013882611,357858.1514455555,86213.87656674707,351612.08064749755,84820.82312986365,345483.85919074004,83452.65708423877,339479.88989039214,82110.96242949512,333596.3170259631,80795.02465076547,327832.8802356094,79504.90386246216,322193.3401758768,78241.58851886705,316688.40603841684,77007.68394113884,311342.9372142453,75809.05558204101,306212.52025448426,74658.56416949691,301422.01005233446,73584.67050319776,297256.91243716073,72651.71291026173,294383.6217898128,72008.71881925905
921,4.61039039039039,408203.30277399765,97354.21976585688,404234.76891379076,96482.95054489133,398585.302322868,95239.56813427378,392254.32493169396,93842.33851609705,385681.3729399664,92388.08847641521,379062.41565812804,90920.58896502004,372486.30553198943,89460.04577501127,365994.0114003897,88015.9913441113,359604.784277663,86593.04528793815,353328.1386745692,85193.58956404185,347169.9157504537,83819.13769435296,341136.5477475763,82471.28043986198,335224.15969435463,81149.29962196313,329432.48946353985,79853.25530077775,323765.3151392759,78584.14004770103,318233.3966333076,77344.57054994474,312861.71245084354,76140.43836343726,307706.11801432294,74984.66222488332,302892.07707188133,73905.83262597135,298706.49706235086,72968.58329137335,295819.0591371859,72322.62895317272
922,4.615385385385386,410195.49806741276,97784.55309874803,406207.45811350946,96909.2491327325,400530.2614586342,95660.11696723769,394168.2478977924,94256.43643543682,387563.10377344943,92795.48165484119,380911.74916446034,91321.22397171939,374303.46325777646,89853.96056634095,367779.40928313165,88403.26631725079,361358.92820445076,86973.78098402485,355051.57809106255,85567.89663161007,348863.2263892027,84187.13307148262,342800.3348860995,82833.08785205094,336859.0092780267,81505.03911556146,331038.9856643729,80203.04686718166,325344.0596282281,78928.10781148146,319785.04201121134,77682.8500469707,314387.03092945204,76473.19133786447,309206.15180681867,75312.10866553201,304368.4798243493,74228.32274548076,300162.3300027466,73286.76391964077,297260.6843354318,72637.83707514775
923,4.6203803803803805,412196.24090000894,98216.6630227424,408188.61188267067,97337.30764231092,402483.56737077894,96082.40200104631,396090.38594996056,94672.24397668248,389452.91319968103,93204.5568571741,382769.0239568774,91723.51320202893,376128.42592384986,90249.50194722692,369572.47752086684,88792.14058112536,363120.61002670607,87356.08908620047,356782.42524318345,85943.74967360271,350563.8170068494,84556.64846810629,344471.2767681082,83196.38983167155,338500.89080975833,81862.24821193492,332652.39344984095,80554.28355844415,326929.5978419821,79273.49672505811,321343.36596817395,78022.5272669799,315918.9160539061,76807.31926218554,310712.64465851366,75640.90817339109,305851.2409829234,74552.14547355984,301624.4336231428,73606.25934577666,298708.5195357205,72954.3476936204
924,4.625375375375375,414205.5616725479,98650.55568018836,410178.2603306859,97767.13215875089,404445.24975565163,96506.42923951166,398020.7683232612,95089.76705265057,391350.82997594815,93615.31990182844,384634.2683122123,92127.46237931785,377961.2213299958,90646.67554658417,371373.2434424568,89182.61967134604,364889.8566097119,87739.97503817981,358520.70654055703,86321.15404337012,352271.71356561896,84927.68914881677,346149.39891707513,83561.1915562496,340149.8293826381,82220.93200317994,334272.7374909881,80906.9703828669,328521.9540381202,79620.31171462515,322908.39235761785,78363.60705589692,317457.3912844862,77142.82690424703,312225.6196514981,75971.06544122084,307340.3832754955,74877.30543269405,303092.83034230536,73927.07413100502,300162.58694268146,73272.16532744085
925,4.63037037037037,416223.49085785705,99086.23722737326,412176.43363834557,98198.72878098581,406415.33838001086,96932.20470007104,399959.42432208575,95509.01158957802,393256.88292774936,94027.7766204267,386507.5105743872,92533.07723994984,379801.87734197563,91045.48700611011,373181.73444163834,89574.70913609679,366666.69488254434,88125.44429604434,360266.4484555383,86700.11510642669,353986.94208942057,85300.2603901715,347834.7269171318,83927.49821507998,341805.8501494066,82581.09559297007,335900.04251752334,81261.11236014031,330121.15253192204,79968.5577175808,324480.1450897164,78706.09427066984,319002.4801373026,77479.71904274309,313745.0999228043,76302.58517245993,308835.92948406684,75203.80725588836,304567.5426323814,74249.21284693062,301622.90881381923,73591.29450574388
926,4.635365365365366,418250.05899997044,99523.71383433536,414183.16205696925,98632.10362157198,408393.8630801848,97359.73441360341,401906.38331932755,95929.98352694092,395171.10094798135,94441.93285762097,388388.77915361285,92940.36353310753,381650.42189073813,91445.94198011178,374997.977976249,89968.41453596455,368451.1518373108,88512.50232807489,362019.6775224611,87080.63824028583,355709.52866310993,85674.36748053039,349527.28641234245,84295.31500906701,343468.97832174285,82942.74409639894,337534.3333171184,81616.71452118891,331727.21769567364,80318.23968237528,326058.6481307143,79049.99377912046,320554.2061836257,77818.00046706812,315271.10866374813,76635.47208108012,310337.9024440994,75531.65558652426,306048.59301825863,74572.6800753979,303089.5074588791,73911.73976780893
927,4.6403603603603605,420285.2967131983,99962.99168466027,416198.47590748174,99067.26280648688,410380.8537611609,97789.02442423014,403861.674755485,96352.68881725839,397093.5129960549,94857.79447089985,390278.1025255192,93349.32702060223,383506.8829715652,91848.04613531863,376822.00156738656,90363.7414437551,370243.2545283228,88901.1546145706,363780.4203368251,87462.72883428205,357439.49943168863,86050.01571988057,351227.1031059176,84664.64715055215,345139.23916949076,83305.88263981047,339175.63473464636,81973.78190800443,333340.17395791836,80669.3625683464,327643.92550219,79395.31045978259,322112.5930491613,78157.67597715741,316803.66911921476,76969.7308914295,311846.3250438123,75860.8550782052,307536.0040768714,74897.48040833835,304562.40523915825,74233.5056629088
928,4.645355355355355,422329.2346811168,100404.07697526152,418222.4055794129,99504.2124749114,412376.3403955979,98220.0807891,405825.32813768764,96777.13342588049,399024.14809693804,95275.36733037973,392175.5092302138,93759.97347666873,385371.28864314425,92251.80515068065,378653.83279849763,90760.69544429424,372043.0300711991,89291.40664765313,365548.703554415,87846.39228937829,359176.88059943804,86427.21041964693,352934.20275936084,85035.4998631273,346816.658019819,83670.51636061553,340823.971671356,82332.31957346534,334960.0458026451,81021.93134554202,329236.00128025713,79742.04920172707,323677.66441326385,78498.7503833152,318342.80458688503,77305.366338063,313361.22022341884,76191.41039458959,309029.7984364471,75223.61844760546,306041.6245667608,74556.59675014629
929,4.65035035035035,424381.9036554753,100846.9759161429,420254.98152981466,99942.95877899465,414380.35302275704,98652.90957815693,407797.37303864444,97203.32333075967,400963.03534011944,95694.65731857944,394081.0278712622,94172.30868774341,387243.66702656617,92657.22471715003,380493.49931439076,91159.28213421303,373850.50564189634,89683.26393105563,367324.55389034457,88231.63401795816,360921.6984289795,86805.95690248757,354648.6111915446,85407.87838143385,348501.2602563129,84036.65040709387,342479.36908397824,82692.33258114188,336586.8577684083,81375.9509945281,330834.8995946991,80090.21490437331,325249.44400808547,78841.22850602878,319888.5384163965,77642.3831655595,314882.6109743015,76523.32620921035,310529.9987756922,75551.09880479691,307527.1879037897,74881.01759827769
930,4.655345345345346,426443.33445501263,101291.69473014255,422296.2342820886,100383.50788360005,416392.9217473451,99087.51687388962,409777.83909550356,97631.26452220358,402910.203878487,96115.67033017725,395994.6871145844,94586.33845222525,389124.0463042392,93064.31053744578,382341.028820169,91559.50712171607,375665.7084756579,90076.73197989455,369107.9981180249,88618.45944360158,362673.9792402587,87186.26050207322,356370.35427771223,85781.7879509455,350193.07131799177,84404.28993818052,344141.85198375914,83053.82600508584,338220.63444737747,81731.42650618198,332440.64462803345,80439.81247728532,326827.9556176549,79185.115175768,321440.89400843775,77980.78612832424,316410.520338118,76856.60720528045,312036.62782291014,75879.92610106232,309019.11776147323,75206.77278552235
931,4.6603403403403405,428513.557964179,101738.23965265669,424346.19442471885,100825.86596603158,418414.0767382642,99523.90877106095,411766.7560086202,98060.96300260897,404865.6829271154,96538.4122717486,397916.51568726124,95002.06858021738,391012.45471871627,93473.0683257997,384196.44908007496,91961.37602633188,377488.665865879,90471.81632042397,370899.0630680471,89006.87400084296,364433.74940944737,87568.12656284923,358099.4579483966,86157.23382773396,351892.1166982461,84773.44012323541,345811.44543541496,83416.80492960392,339861.40048430854,82088.36288146926,334053.2606145005,80790.84683995233,328413.22307688213,79530.41523276926,322999.8948137681,78320.5799903761,317944.9714058362,77191.25807548313,313549.7083550488,76210.10496689621,310517.4366992213,75533.86689935748
932,4.665335335335335,430592.60513175384,102186.61693134203,426404.89260990225,101270.03921573891,420443.84822725964,99962.09137641703,413764.15354022634,98492.42478617468,406829.50176195527,96962.88906148373,399846.5423762468,95419.50489324934,392908.92057142616,93883.50380768307,386059.7879162451,92364.89447864376,379319.40516288055,90868.52248977081,372697.77562697657,89396.88313491078,366201.03536775685,87951.56043977926,359835.9481882535,86534.2212782169,353598.42194369005,85144.10614179516,347488.1745560028,83781.27444901345,341509.18057543325,82446.76513120336,335672.7718389696,81143.32292155224,330005.27027048264,79877.13352680248,324565.5643321586,78661.76952511832,319485.98731669114,77527.2835217459,315069.263196671,76541.64004191488,312022.16732360504,75862.30453629709
933,4.67033033033033,432680.5069693541,102636.83282579521,428472.3595520712,101716.03383399957,422482.2665074622,100402.07080837354,415770.061512993,98925.65589859248,408801.68971842044,97389.1066288832,401784.79602697614,95838.65322397757,394813.47222130577,94295.62271951167,387931.0732073633,92770.06811999956,381157.9537725849,91266.85603564946,374504.16273605125,89788.49230144673,367975.863600158,88336.56749806911,361579.85103480244,86912.75557888615,355312.0126529218,85516.29318330566,349172.06451370136,84147.23966737931,343163.9994672603,82806.6382757867,337299.20263576065,81497.24566069685,331604.121131817,80225.27491692045,326137.92611125,79004.35951509138,321033.5912570596,77864.68825499715,316595.3152188435,76874.5359746162,313533.33228725614,76192.0903016538
934,4.675325325325326,434777.2945498241,103088.89360720752,430548.62602629745,102163.85603357686,424529.36193181376,100843.853196678,417784.50980848016,99360.66237671454,410782.27618986083,97817.07091443047,403731.3055418644,96259.51941586296,396726.1380833232,94709.4308083288,389810.332887208,93176.90260219974,383004.339155088,91666.82251605486,376318.25138977537,90181.70696620378,369758.2606439986,88723.15311286945,363331.19257706695,87292.84201601529,357032.91447518714,85890.00644683436,350863.14052649675,84514.7056982308,344825.8819552813,83167.98734493199,338932.5773873706,81852.62000515746,333209.79964163847,80574.84427118876,327717.0037453197,79348.35475170733,322587.80645924504,78203.47699490412,318127.8873379388,77208.79742212092,315050.95428767905,76523.22880928253
935,4.6803203203203205,436882.9990054993,103542.80555799362,432633.72286657227,102613.51203835185,426585.1649113685,101287.4446820464,419807.5283654645,99797.45026819527,412771.2906259167,98246.78786923934,405686.0998786878,96682.10932282405,398646.946626885,95124.93383146382,391697.59494308603,93585.40358716162,384858.58882311813,92068.42749893195,378140.06863440585,90576.53260472097,371548.25308751373,89111.32266895613,365089.99895410915,87674.48588534488,358761.1531089379,86265.25114076064,352561.4278607637,84883.67766425696,346494.8528825762,83530.81737736247,340572.92052310123,82209.45091157,334822.3298267423,80925.84646639551,329302.820873952,79693.76003496382,324148.6562001683,78543.65446959113,319667.002514342,77544.4290498944,316575.0560659706,76855.72468130467
936,4.685315315315315,438997.65152633534,103998.57497139196,434727.68096395215,103065.00808292741,428649.70591346436,101732.85141577244,421839.14717813657,100236.02563110627,414768.76253074536,98678.2634546748,407649.208048838,97106.42880886387,400575.92637411994,95542.13755616505,393592.8874141449,93995.57674655804,386720.7303403758,92471.67656182042,379969.6415663182,90972.97470197384,373345.8675682193,89501.08156038601,366856.29635345016,88057.69249174422,360496.75430027774,86642.03248244291,354266.9518297378,85254.1606969789,348170.93713830935,83895.1334204895,342220.25651757995,82567.74334511763,336441.7357585107,81278.28638773886,330895.40118060645,80040.58017313636,325716.1637999563,78885.22541533656,321212.68375105853,77881.43553144754,318105.6604054401,77189.58254781165
937,4.69031031031031,441121.2833578906,104456.20815103545,436830.5312645605,103518.35041220248,430723.0154597511,102180.07955930731,423879.3962941596,100676.39453352235,416774.72146110935,99111.50364194554,409620.65911544283,97532.48374766881,402513.10589803,95961.04775920522,395496.2383895533,94407.42776142918,388590.7913197453,92876.57529147272,381806.997330248,91371.03875199874,375151.13077118254,89892.43519012738,368630.11100936827,88442.4671488474,362239.7438412888,87020.35569786053,355979.73779186857,85626.15993639764,349854.1596561105,84260.94053006591,343874.6098891668,82927.50227918965,338068.04155134445,81632.1689284913,332494.7683910737,80388.81998244788,327290.35262042173,79228.19457624682,322764.95409221353,78219.82154801502,319642.7901301224,77524.80704654616
938,4.695305305305306,443253.92579915567,104915.71141048954,438942.3047674361,103973.54528091464,432805.1241240667,102629.13528380814,425928.3058125774,101118.56305307653,418789.1970243192,99546.51441166585,411600.482191341,97960.28002217761,404458.51382049813,96381.67022645712,397407.67600654304,94820.96232176526,390468.799421368,93283.12928344338,383652.16311739624,91770.73025748876,376964.0694271579,90285.38896966256,370411.46920106624,88828.81517866232,363990.14756822883,87400.22602122917,357699.8111490469,85999.68053061547,351544.5454123306,84628.24376981371,345536.00519823836,83288.73269501505,339701.2713609754,81987.49898963892,334100.9462718139,80738.4842867134,328871.246063426,79572.56670390662,324323.8366214371,78559.5917882098,321186.46810317755,77861.40282255982
939,4.7003003003003005,445395.6102002146,105377.09107275648,441063.032522217,104430.59895314857,434896.0625301519,103080.02476965272,427985.9058815637,101562.53727648196,420812.21887601726,99983.30175338499,413588.7064369028,98389.82352411811,406412.17881014495,96804.01075243812,399327.2284483003,95236.18612605818,392354.7823505694,93691.34414164805,385505.16616339027,92172.05472935982,378784.710310582,90679.94831856081,372200.39725069917,89216.74191115075,365747.99135959166,87781.64869458762,359427.1973446962,86374.72763542949,353242.1194241645,84997.04821102372,347204.46704534185,83651.43958126854,341341.44938264927,82344.28147949369,335713.958628169,81089.57791695833,330458.8675691175,79918.34655700251,325889.35446012433,78900.75094765183,322736.7172251681,78199.3745278449
940,4.705295295295295,447546.3679597294,105840.35346974249,443192.74562664697,104889.517701808,436995.8613491904,103532.75420591842,430052.2266959992,102008.3232990185,422843.81671779306,100421.8716650817,415585.36105768435,98821.12015351,408374.1295800224,97228.0751398206,401254.92394169734,95653.10488082,394248.7678556274,94101.22547788984,387366.0337460892,92575.01768628474,380613.0802374159,91076.11866402026,373996.9215212518,89606.25268377727,367513.3011340192,88164.62896735397,361161.9218617199,86751.30641389488,354946.9067476315,85367.3589321261,348880.02006920724,84015.62793364788,342988.5998491702,82702.52131327747,337333.8293024372,81442.1057110089,332053.2406140352,80265.53890091935,327461.5307655657,79243.30372856946,324293.5604322048,78538.72682093961
941,4.71029029029029,449706.23052223347,106305.50494168562,445331.4752238945,105350.30780804901,439104.55129716307,103987.32978982262,432127.29849486524,102455.92722398142,424884.02029462,100862.2301526215,417590.4753019052,99254.17581813045,410344.3948851318,97653.86919890657,403190.7907548516,96071.724300066,396150.7837253726,94512.77891135066,389234.7931832236,92979.62465419284,382449.20606282336,91473.90544037515,375801.0684142554,89997.35284102499,369286.1028480555,88549.17209584896,362904.0102202923,87129.42203585603,356658.93247540225,85739.18101822885,350562.6889446103,84381.30275441991,344642.74702879833,83062.22341267503,338960.5821718037,81796.07251305191,333654.388709071,80614.1485073065,329040.3887289344,79587.2548393714,325857.02069395443,78879.46436650379
942,4.715285285285285,451875.2293752204,106772.5518365418,447479.252499669,105812.97556067124,441222.1631320012,104443.7577261221,434211.1515584412,102905.35516208962,426932.85939209606,101304.38322917411,419604.0784577347,99688.99643294119,412323.00351975515,98081.39874706359,405134.85719450156,96492.05010475982,398060.85778660735,94926.01006804513,391111.47182985744,93385.88116573295,384293.1146786743,91873.31408856793,377612.86436733266,90390.04773387568,371066.4224937333,88935.28334278474,364653.4879754837,87509.07967744334,358378.2217344631,86112.51956062287,352252.4983800748,84748.4690519333,346303.91522298806,83423.39270535448,340594.2411461148,82151.48317316268,335262.33539727575,80964.18015361266,330625.95157312293,79932.6089941874,327427.121011495,79221.59183486372
943,4.720280280280281,454053.3960460142,107241.50050932591,449636.1086791186,106277.52725546493,443348.7276505278,104902.04422646845,436303.8162052912,103356.6132308505,428990.3638334784,101748.33691458826,421626.1998503752,100125.58791947301,414309.98431458557,98510.66960811953,407087.1516031849,96914.08802221793,399979.01790133,95340.92458023534,392996.0970756593,93793.79275969705,386144.83301086194,92274.3500555821,379432.3358515587,90784.342719252,372854.28609597735,89322.9679767161,366410.38071470713,87890.28452053345,360104.79968360474,86487.37965625049,353949.47311540163,85117.1318400955,347972.1287639581,83786.03412445274,342234.83016548556,82508.34254679845,336877.1042515038,81315.63862258654,332218.24255041755,80279.37091237542,329003.88441501255,79565.11390152382
944,4.725275275275275,456240.7620984058,107712.35732140452,451802.0750234989,106743.96919451036,445484.2756851695,105362.19550871637,438405.3227890249,103809.70755387866,431056.56347649696,102194.09723472086,423656.8688389265,100563.95620516576,416305.36613364593,98941.68761171303,409047.7023562065,97337.84378547064,401905.29196375405,95757.5280858018,394888.6963419695,94203.36498040205,388004.3880164182,92677.01879383405,381259.50936862454,91180.24315941914,374649.7197098149,89712.23127145167,368174.7140549747,88273.04175216974,361838.6915107231,86863.76640713567,355653.6379190137,85487.29613781221,349647.41201207845,84150.15260802346,343882.3731977288,82866.65549425456,338498.7188718801,81668.52870174147,333817.2849399994,80627.54531799309,330587.3339613246,79910.03524664268
945,4.73027027027027,458437.35912903753,108185.12863973746,453977.18282659026,107212.30768542578,447628.8381004218,105824.21779618175,440515.70169481763,104264.64426016482,433131.48820992856,102641.67022071757,425696.11481301737,101004.10722266044,418309.1778709733,99374.458592597,411016.53785837966,97763.3231325771,403839.70789710357,96175.82622756955,396789.29707864916,94614.60337702662,389871.80668041506,93081.32576052062,383094.4114477893,91577.75442134304,376452.7494173786,90103.0785054226,369946.51363994926,88657.35656394127,363579.9224299197,87241.68491977264,357365.0175851041,85858.96696838555,351329.78935306426,84515.75309844498,345536.89423559245,83226.4268800818,340127.2028830784,82022.85518278058,335423.10204525874,80977.13693923054,332177.4927312198,80256.3605544712
946,4.735265265265265,460643.2187635203,108659.82083606426,456161.4634108511,107682.5490405616,449782.4457890526,106288.11731684607,442634.9833356712,104721.42948329197,435215.16794991854,103091.06190824097,427743.96718918637,101446.04690903987,420321.44844706083,99808.98838989169,412993.6865405257,98190.53180589013,405782.2936501701,96595.82465258513,398697.92676069494,95027.51350289982,391747.1160126352,93487.27641691933,384937.068642606,91976.88187600198,378263.4013246862,90495.51496100506,371725.8051367776,89043.23415131636,365328.51767838665,87621.14030447027,359083.6369305716,86232.14935886912,353019.2851949613,84882.84054178542,347198.41729379265,83587.66157246105,341762.5799313993,82378.62286098127,337035.7171909116,81328.15050780243,333774.383826601,80604.09451274997
947,4.740260260260261,462858.37265226035,109136.4402860318,458354.9481232837,108154.6995761357,451945.1296680249,106753.90030250311,444763.19814839785,105180.0693605948,437307.63263602846,103542.27833664337,429800.4554069939,101889.78120501425,422342.20680503355,100245.2828462833,414979.17685571464,98619.47555126839,407733.07719361637,97017.52901134138,400614.6128846034,95442.10091473877,393630.34304399666,93894.87622763847,386787.5075274061,92377.63089764859,380081.7015581824,90889.54592379449,373512.61423268955,89430.67971292835,367084.5025130614,88002.1376746493,360809.52079172956,86606.84833937642,354715.92396490765,85251.41988712197,348866.96640582685,83950.36444253335,343404.87368163106,82735.83653453448,338655.1537199025,81680.59075829624,335378.03036741656,80953.24181206357
948,4.745255255255255,465082.85246598016,109614.993368259,460557.66833099653,108628.7656113068,454116.9206741173,107221.57298784428,446900.3765893072,105640.5700322585,439408.912226992,103995.32554807943,431865.6089248484,102335.31605404853,424371.48190654395,100683.34780716567,416973.03727522783,99050.16011723141,409692.0865160057,97440.94495694649,402539.38296446635,95858.37117183105,395521.51482271357,94304.13065981273,388645.75469352264,92780.0068630188,381907.6762610259,91285.17668182726,375306.9666313457,89819.69844980982,368847.9022070346,88384.68214608898,362542.6940207728,86983.06894233938,356419.7301056582,85621.49608581129,350542.5656205524,84314.54036368134,345054.1078136794,83094.50100383717,340281.4349900787,82034.46242747344,336988.4554883658,81303.80714514804
949,4.75025025025025,467316.68989090796,110095.48646333437,462769.65541643783,109104.75346718081,456297.8497592214,107691.14160947804,449046.5491295758,106102.93764035286,441519.03669615893,104450.20958655555,433939.4572155239,102782.65740142662,426409.3027273635,101123.18911971952,418975.29628422274,99482.5912540543,411659.3496195393,97866.07814423322,404472.2645277797,96276.32983515854,397420.6584101743,94715.04518224136,390511.8367452377,93184.01515048387,383741.35158910207,91682.41252474627,377108.888048916,90210.29556457192,370618.7420456934,88768.77883611944,364283.18148198404,87360.81620171377,358130.7280718514,85993.07409070735,352225.23899851344,84680.19421075933,346710.30601894966,83454.62107073338,341914.5843706201,82389.77025352075,338605.6823353619,81655.79520614882
950,4.755245245245245,469559.9166236129,110577.92595274112,464990.9407722798,109582.669465746,458487.9478852946,108162.61240487894,451201.74625027576,106567.17832779676,443638.0360266027,104906.93649691057,436022.02976134885,103231.81119324875,428455.6982526507,101564.81263192599,420985.98237708036,99916.77471279718,413634.894515481,98292.9342288044,406413.2851109443,96695.98246645828,399327.8008765166,95127.62526446443,392385.78029543033,93589.66113914164,385582.75370674435,92081.25874290716,378918.40420987183,90602.4762605247,372397.0473225825,89154.43286275635,366031.0080476624,87740.09515212769,359848.9423260043,86366.15885532356,353915.0106079981,85047.33085926823,348373.49199646316,83816.20153770136,343554.62523820763,82746.51897524772,340229.73406173603,82009.21068982569
951,4.760240240240241,471812.5643654614,111062.31821770586,467221.55579592666,110062.51992873188,460687.2460189412,108635.99161126143,453365.9984370389,107033.2982372489,445765.94020587055,105365.5123237237,438113.35604904173,103682.78337535684,430510.69747187285,102008.2241915096,423005.1240524104,100352.71624426515,415618.7492192457,98721.51886600968,408362.47225443553,97117.33462721635,401242.9692958785,95541.87637577273,394267.6119609065,93996.95020784273,387431.90878214117,92481.7206264202,380735.54084246885,90996.2457407347,374182.8433349611,89541.64934377358,367786.19859375316,88120.91082796919,361574.3973342129,86740.7553329347,355611.9045208075,85415.95518447142,350043.6894486899,84179.24720698252,345201.5809729113,83104.71333122689,341860.6338241635,82364.05829070069
952,4.765235235235235,474074.6648166679,111548.66963796441,469461.53188361955,110544.31117638634,462895.7751255976,109111.28546437305,455539.33617432986,107501.3035099187,447902.77922034886,105825.94311014451,440213.46556416876,104135.57989218301,432574.32937335555,102453.42964480547,425032.7498076921,100790.42159789431,417610.9417451292,99151.83770984986,410319.85349762155,97540.39187758969,403166.1907413026,95957.80398414769,396157.35835738806,94405.88773414743,389288.84298240754,92883.80346412408,382560.3236738997,91391.60920701538,375976.1553790356,89930.43339570994,369548.7779951586,88503.2682624087,363307.1175615388,87116.86847561489,357315.94480771513,85786.07206044774,351720.92207707657,84543.76287964829,346855.4749537775,83464.35805887288,343498.40477829234,82720.34270214566
953,4.77023023023023,476346.2496699103,112036.98659043989,471710.90042411286,111028.04952616578,465113.5661632926,109588.50019720155,457721.7899393021,107971.20028429286,450048.5830492165,106288.23489663897,442322.38778519665,104590.20668551628,434646.62293843343,102900.43483554576,427068.8881335226,101229.89652055802,419611.50010065315,99583.89641180253,412285.45637320227,97965.1597752511,405097.4922792674,96375.41355512495,398055.0460941352,94816.47909320793,391153.5824682969,93287.51254248645,384392.778425094,91788.57185884533,377777.00874484546,90320.79013280499,371318.7711207075,88887.17248635205,365047.12746705976,87494.50323320707,359027.1555335962,86157.68635907696,353405.2135772486,84909.75335460043,348516.3305540952,83825.4578934557,345143.07007405366,83078.06861540437
954,4.775225225225225,478627.3506034792,112527.27544782619,473969.69279188785,111513.7412913315,467340.6500759519,110067.6420385899,459913.39019520336,108442.99469477091,452203.3816579578,106752.39371964676,444440.152177112,105046.66969318112,436727.60713517625,103349.24560355999,429113.56750744727,101671.14675528805,421620.45228049794,100017.70061956442,414259.30840124405,98391.64387415207,407036.9009638214,96794.71055057744,399960.7017681772,95228.72965657119,393026.1533885277,93692.85314442602,386232.93080513825,92187.13889220972,379585.428710775,90712.72466585893,373096.202827757,89272.62852731872,366794.45149855997,87873.66455221937,360745.56075220136,86530.802948953,355096.5876338634,85277.22342750033,350184.1711363179,84188.01756704404,346794.65285063075,83437.24071854555
955,4.780220220220221,480917.99927392893,113019.54257707096,476237.9403398703,112001.39277944653,469577.0577862147,110548.71721175243,462114.16738430347,108916.69287020354,454367.20499140257,107218.42561014256,446566.7881845761,105504.97484762184,438817.31091165694,103799.8677833824,431166.8163873405,102114.17803990522,423637.8262599937,100453.25597570407,416241.4370827788,98819.84972319765,408984.4438302891,97215.70042741188,401874.3519581244,95642.64479089681,394906.58187369804,94099.83054805153,388080.8065052914,92587.3154983594,381401.4405376677,91106.24210101193,374881.09795640287,89659.64140824071,368549.11408683396,88254.3573746428,362471.1845005517,86905.42669422016,356795.067915089,85646.17788962259,351859.02004661656,84552.04180737343,348453.1762310626,83797.8636953414
956,4.785215215215215,483218.22730819264,113513.7943377503,478515.67439162184,112491.01029076513,471822.82018772914,111031.73193268618,464324.15192030626,109392.3009323275,456540.08296626055,107686.33659209542,448702.3252245827,105965.12807438702,440915.7631887311,104252.30720276106,433228.6632043049,102558.99610555239,425663.6499881388,100890.56811621907,418231.8698929394,99249.78286482724,410940.14788852155,97638.38863617287,403796.0232175299,96058.22985658367,396794.8940297578,94508.45002531064,389936.4311925649,92989.10686248184,383225.069462513,91501.34753843668,376673.4813232704,90048.21614617611,370311.13963957806,88636.58663668533,364204.050792927,87281.56245332683,358500.67806668376,86016.62152662678,353540.9006090368,84917.53533663446,350118.6633164568,84159.9422240668
957,4.79021021021021,485528.06629512546,114010.03708032874,480802.92623296124,112982.60011650855,474077.9681368868,111516.69240846862,466543.3741802107,109869.82499408907,458722.04546311457,108156.13268081866,450846.792678581,106427.13529050596,443022.99285229185,104706.5696810606,435299.1363550562,103005.6066751237,427697.9513801121,101329.64266899103,420230.6342735969,99681.44883349484,412904.04011565546,98062.7806195479,405725.7420677706,96475.4902062996,398691.1159310082,94918.71684054346,391799.8305028388,93392.51816227818,385056.34069167415,91898.04607093833,378473.3777148542,90438.3577509315,372080.55253483827,89020.35726741618,365944.18361441715,87659.21507769087,360213.4417056456,86388.5591172428,355229.83611923427,85284.50287017511,351791.137179783,84523.48097621347
958,4.795205205205205,487847.5477764343,114508.27714429513,483099.7271029797,113476.1685370182,476342.53244395915,112003.60483543554,468771.86449558276,110349.27115784877,460913.1223178312,108627.81988120303,453000.2198840301,106891.00240275016,445139.0287449642,105162.66102755224,437378.26419375616,103454.01546158233,429740.7583092419,101770.48525213094,422237.7576254646,100114.85315404154,414876.1474483504,98488.88181076667,407663.5349904125,96894.43118340659,400595.27361259307,95330.63624893357,393671.03003347793,93797.55456643963,386895.27939362853,92296.34278245544,380280.81188037666,90830.07122358707,373857.3771139853,89405.67418731452,367691.6069140094,88038.38941027077,361933.38241340243,86761.99543186296,356925.8498377563,85652.94911511129,353470.6208592177,84888.48461511315
959,4.800200200200201,490176.7032369494,115008.52085616686,485406.1081844039,113971.72181977805,478616.5438635908,112492.4753972293,471009.65314319433,110830.64551345907,463113.3433123518,109101.40418582455,455162.63612534036,107356.73530577187,447263.89965719724,105620.58703958243,439466.0750232537,103904.2281661594,431792.0985983945,102213.10147220752,424253.26729963004,100550.00133995316,416856.49677446135,98916.69763188706,409609.4284190233,97315.05812027496,402507.39306244964,95744.2134948496,395550.05533541506,94204.22123301578,388741.9106911808,92696.24274645481,382095.8085241298,91223.36155491741,375641.6376741805,89792.54230671523,369446.34459717403,88419.09028403569,363660.52372851165,87136.9352310348,358628.9649828383,86022.87876883925,355157.1373510077,85254.95779446377
960,4.8051951951951954,492515.56409419235,115510.77452735273,487722.1005932619,114469.26621729704,480900.0330846044,112983.31026270924,473256.7703349847,111313.9541362061,465322.7381648156,109576.89157291863,457334.07062415994,107824.33988011097,449397.63431771327,106080.35350061265,441562.59708569385,104356.25047642566,433852.00001074,102657.49692235059,426277.19058847585,100986.89889149438,418845.1149241125,99346.23349196003,411563.4487303946,97737.37633647828,404427.50021267467,96159.45381006964,397436.931904662,94612.5233076679,390596.25965311506,93097.75102421337,383918.39229726436,91618.23372370092,377433.3584602994,90180.96652414539,371208.4205179165,88801.3225203278,365394.88913883094,87513.38326384759,360339.2047226803,86394.29651744326,356850.7096018199,85622.90515675154
961,4.81019019019019,494864.16168718965,116015.04445186474,490047.735367802,114968.80796484205,483193.03071907035,113476.11558371456,475513.2462072974,111799.2030846057,467541.3365189702,110054.2880042113,459514.5525289607,108293.82199006107,451540.2613832658,106541.96617811997,443667.8585524474,104810.08806422661,435920.490239851,103103.67718022026,428309.5547159444,101425.5512937115,420842.02866012417,99777.49478506514,413525.62223512935,98161.39113686097,406355.6209302705,96576.36241188039,399331.6851732082,95022.46592179914,392458.3512852438,93500.87266297839,385748.5877889871,92014.69269490975,379232.5636562713,90570.95172454309,372977.8584702546,89185.0909271089,367136.5020731264,87891.34426620492,362056.59216716746,86767.20703399081,358551.36050053925,85992.33133156187
962,4.815185185185185,497222.5272644778,116521.3369038684,492383.0434566114,115470.3532780103,485495.5672905856,113970.89749266865,477779.1108093386,112286.39839804423,469769.16793281666,110533.59942259698,461704.11090386973,108765.18748138483,453691.80942765914,107005.43082135006,445781.8875133145,105265.74658347238,437997.59689908737,103551.64780583302,430350.3868271013,101865.96401429434,422847.26466775144,100210.48688820748,415495.9751675507,98587.10780946961,408291.7810072221,96994.94450104225,401234.3404992638,95434.05419055294,394328.21052081254,93905.61269399841,387586.4195171229,92412.74341777257,381039.2773757962,90962.5027773509,374754.682179084,89570.40029708363,368885.38589207485,88270.82295897578,363781.1503589929,87141.61497670799,360259.1128694753,86363.24093377148
963,4.82018018018018,499590.6919712426,117029.65813505971,494728.05570587725,115973.908350131,487807.6732217064,114467.66210001531,480054.39409080415,112775.54609425273,472006.261866436,111014.83174965263,463902.7747166983,109238.44217886846,455852.30692997656,107470.75315891134,447904.7119649491,105723.23166777141,440083.3475102156,104001.4143392344,432399.7139769446,102308.1425012871,424860.8495436812,100645.21515906618,417474.533674885,99014.53162333855,410236.00614985934,97415.2052596112,403144.92315679876,95847.2932106701,396205.86221021315,94311.97613041532,389431.91191799764,92812.39082370064,382853.5236523923,91355.62453447533,376538.9152903839,89957.25540569075,370641.56387861964,88651.82404601543,365512.902264144,87517.52498702629,361973.9894549377,86735.63856161306
964,4.8251751751751755,501968.6868355313,117540.01437185753,497082.80284572794,116479.47934948317,490129.37882047746,114966.41549147312,482339.12588861363,113266.65216660287,474252.64766893885,111497.99088297655,466110.57282610633,109713.59188370372,458021.78226195875,107937.93889620001,450036.35979845154,106182.5489278979,442177.76949120837,104452.98229800793,434457.5631184103,102752.09218063834,426882.80978423863,101081.68493358477,419461.32380566443,99443.66782611958,412188.3219674549,97837.14984860727,405063.4583243304,96262.1880581954,398091.331109957,94719.96796500817,391285.0893355935,93213.63982406812,384675.32642872864,91750.32182810234,378330.5813607201,90345.66100895271,372405.05922763265,89034.3522120474,367251.87076170207,87894.94168749216,363696.01291713305,87109.52879460422
965,4.83017017017017,504356.54275347013,118052.4118123978,499447.31547559187,116987.0724163178,492460.7142659867,115467.16372509713,484633.33591268887,113759.72258121267,476508.3545644734,111983.08269333995,468327.53396784305,110190.6423706854,460200.26367447525,108406.9937126435,452176.8587860649,106643.70394908029,444280.8901431665,104906.35717460871,436523.9610895136,103197.8184535784,428913.1717727448,101519.90152339154,421456.3714972963,99874.52164154484,414148.75396000047,98260.78340551889,406989.9710729037,96678.74378602291,399984.64187085535,95129.5931677784,393145.97600992455,93616.4953078362,386504.7095451896,92146.59946835977,380129.7038459929,90735.62184117465,374175.895034833,89418.412120396,368998.0786329117,88273.8696795298,365425.20581933635,87484.91619133063
966,4.835165165165165,506754.2904734181,118566.85662331615,501821.6240485005,117496.69365967004,494801.7095928824,115969.91282813346,486937.05373070954,114254.7632738483,478773.41163722845,112470.1130216378,470553.68673999776,110669.59938521181,462387.7792830213,108877.9232587499,454326.2365669167,107106.70228809956,446392.7366362991,105361.54443350917,438598.93459956546,103645.32669381231,430951.9617659644,101959.87021303887,423459.7025627391,100307.09826671128,416117.3275051051,98686.1110416319,408924.4863532087,97096.96542126841,401885.8190253503,95540.85668336505,395014.59606457694,94020.96213901041,388341.6967276198,92544.46224081505,381936.3060893775,91127.14261248126,375954.094284911,89804.00841056024,370751.548549464,88654.31354104663,367161.59061628574,87861.80528707364
967,4.84016016016016,509161.9605789788,119083.35493630395,504205.7588542617,118008.34915394698,497152.39467477595,116474.66879365205,489250.3087517709,114751.78014660778,481047.84781535616,112959.08767562523,472789.05958718946,111150.46864007412,464584.35705217294,109350.73315295,456484.5206317344,107571.54947018326,448513.33599489706,105818.54950814431,440682.51021439827,104094.62224451546,432999.20587958005,102401.59625704821,425471.34267621906,100741.40286917434,418094.06784395274,99113.13783917096,410867.0289817711,97516.85796245767,403794.8869739355,95953.76342827888,396890.97349335474,94427.04515391914,390186.3115741884,92943.91490379744,383750.41130839754,91520.22800618089,377739.6798387984,90191.14569561716,372512.3030609388,89036.27782387081,368905.1896417436,88240.20059127158
968,4.8451551551551555,511579.5834707909,119601.91284442173,506599.75000142277,118522.04493527545,499512.79920645006,116981.43757694309,491573.1302088667,115250.77906437157,483331.691853739,113450.01242642426,475033.68078361923,111633.2558120197,466790.0247789229,109825.4289782172,458651.73830646335,108038.25098568104,450642.7150812261,106277.3777976423,442774.71434053115,104545.71041511802,435054.93007262424,102845.08487674766,427491.3173579237,101177.44058383757,420079.00006625016,99541.86884824,412817.62362615264,97938.42637651687,405711.86997060344,96368.31828794183,398775.13214596704,94834.74915830143,392038.57754131,93344.96218553254,385572.04258107307,91914.88267594489,379532.67442002776,90579.82855944289,374280.3645813479,89419.7670510091,370656.02509516623,88620.1065848027
969,4.85015015015015,514007.189347009,120122.53639815377,509003.627397937,119037.78699759267,501882.9526847886,117490.22509165977,493905.5471401136,115751.76585100334,485624.97231551894,113942.8930047852,477287.5784149071,112117.96653807444,469004.810074822,110302.01627845007,460827.9167347068,108506.81228650673,452780.9005782643,106738.03466332536,444875.5732081973,104998.59647786364,437119.160130792,103290.34125688746,429519.6519575953,101615.21650962361,422072.14909409644,99972.309083548,414776.29478909017,98361.67559555211,407636.7921072471,96784.52611351898,400667.09571268887,95244.07892419014,393898.51792855695,93747.60878107527,387401.22283107316,92311.11124278876,381333.100600112,90970.06155373911,376055.7553747126,89804.78571371235,372414.1190274192,89001.52771707784
970,4.855145145145145,516444.80818238144,120645.23160118466,511417.4207304407,119555.58128846255,504262.884388336,118001.03720568989,496247.58836862585,116254.74628528416,487927.71755229955,114437.73509708517,479550.7803586221,112604.60641160642,471228.74034683616,110780.50055460064,463013.08285890624,108977.23878233072,454927.91897119896,107200.52542496499,446985.1128531541,105453.28566412655,439191.9216485576,103737.37054201776,431556.371636948,102054.73570591176,424073.53966469393,100404.46352090503,416743.0667914958,98786.61051340282,409569.67729694484,97202.39171852829,402566.8877079224,95655.03918657669,395766.15586249024,94151.8593490282,389237.97481180675,92708.91829184195,383140.98078287666,91361.8491948507,377838.49753960763,90191.3382683353,374179.49332546734,89384.46840292918
971,4.86014014014014,518892.4697058237,121170.00440587965,513841.1594420411,120075.43370459742,506652.62335538864,118513.87973673762,498599.28248094546,116759.72609656073,490239.955682927,114934.54434104572,481823.3142634167,113093.18097811304,473461.8427768304,111260.88726053086,465207.2634001719,109449.53583650482,457083.79652759706,107664.85535677409,449103.3590971875,105909.78316047018,441273.24001000746,104186.17783261233,433601.5013508226,102496.00318872546,426083.19631182076,100838.33709347257,418717.96375423897,99213.23598195342,411510.5492560461,97621.91987521264,404474.5314525802,96067.63463984203,397641.5142793312,94557.71850802973,391082.3210893722,93108.30836889106,384956.33718767104,91755.19596036084,379628.6129925994,90579.42913297642,375952.16969597095,89768.9330192814
972,4.8651351351351355,521350.2033763824,121696.86070844697,516274.8727085086,120597.3500870656,509052.19836051273,119028.7584475945,500960.6578039235,117266.71096008795,492561.71457074734,115433.3263211498,484105.2075266621,113583.69573071245,475704.1442995807,111743.1817985783,467410.4848366642,109923.70876170123,459248.5592761531,108131.02968311828,451230.33752721926,106368.09410442914,443363.1403683002,104636.76818092042,435655.0658269929,102939.02392665263,428101.1433459749,101273.93468775066,420701.00957862363,99641.55680718651,413459.4314849737,98043.11531065727,406390.0500552056,96481.86993393714,399524.6159063926,94965.19083299614,392934.2840242864,93509.28597668093,386779.19183137605,92150.10628544717,381426.123450498,90969.06268388247,377732.16964770586,90154.92590158927
973,4.87013013013013,523818.03835747397,122225.80634376028,518718.58941276115,121121.33621616183,511461.63788937737,119545.67904107885,503331.74237994256,117775.70649204492,494893.0217992331,115934.08656373652,486396.4872704805,114076.1561053188,477955.6715792087,112227.38951481071,469622.7733804275,110399.76281524554,461422.23298391374,108599.05357392604,453366.07347291615,106828.22357999565,445461.6476236532,105089.14658652758,437717.0895445225,103383.80283647976,430127.4048330952,101711.26113928405,422692.2279254658,100071.57774495933,415416.3472476516,98465.98270263553,408313.4663917423,96897.74967029637,401415.4832421795,95374.28085110044,394793.88575190597,93911.85557095672,388609.56650912506,92546.584558983,383231.0504113389,91360.24325160119,379519.5144727267,90542.45134002625
974,4.875125125125125,526296.0034892723,122756.84707981795,521172.33811751707,121647.39780591833,513880.97011178103,120064.64715461942,505712.5639403621,118286.71824420065,497233.9046458607,116436.83053175251,488697.18031605845,114570.56747547872,480216.45098392735,112713.51569394761,471844.1549525614,110877.70319412227,463604.8431318689,109068.9321397772,455510.591982694,107290.1766127891,447568.78639975237,105543.31799160547,439787.5967105722,103830.34477852,432162.0045717586,102150.32122806716,424691.64219267305,100503.3034964844,417381.3195494587,98890.52667516332,410244.80308385444,97315.27839746402,403314.13853506674,95784.99303746942,396661.14816144685,94316.02155622868,390447.48277364473,92944.63511936553,385043.4151340049,91752.97511686482,381314.22522618284,90931.5135754061
975,4.88012012012012,528784.1272591157,123289.9886118128,523636.14703598473,122175.54049822962,516310.2228527445,120585.66835445937,508103.1498770582,118799.75169820552,499584.39005411504,116941.56361913422,491007.31315611745,115066.93514684553,482486.5085589751,113201.5655539257,474074.655156613,111357.53502963037,465796.41488879465,109540.67042664693,457663.9177980032,107753.9581648874,449684.5810184725,105999.28727582851,441866.6112355465,104278.65455161389,434204.96606874483,102591.11967362724,426699.2754912196,100936.73870349344,419354.37111360545,99316.75179374233,412184.08247569576,97734.46060641528,405220.6037604497,96197.33181057988,398536.0928735034,94721.78828124066,392292.96191311843,93344.26225005224,386863.2386163894,92147.2625061854,383116.32270469016,91322.11679481916
976,4.8851151151151155,531282.4377697912,123825.23655578608,526110.0440004511,122705.76985656569,518749.4235615281,121108.74812945307,510503.5272119236,119314.81225948266,501944.504603487,117448.2911447968,493326.9119254129,115565.26435126623,484765.86999761104,113691.54424008312,476314.2992500625,111839.2633816639,467996.9730832213,110014.27341028133,459826.07532577135,108219.57312929581,451809.0554727857,106457.05925093462,443954.1567064591,104728.73688777993,436256.31251285103,103033.6611297633,428715.1506193998,101371.88794306257,421335.5243558189,99744.66256027002,414131.3266090164,98155.30072554892,407134.9005962612,96611.30152733208,400418.74121595843,95129.16003412132,394146.0249274659,93745.4701747845,388690.5415719992,92543.10958714213,384925.82742315746,91714.26512696341
977,4.89011011011011,533790.962705543,124362.59644183557,528594.0564286163,123238.0913592438,521198.5992784308,121633.89188442811,512913.7225641807,119831.90525069038,504314.27447732084,117957.01834620097,495656.00236911746,116065.56024045357,487054.5606100323,114183.45681893629,478563.1121137659,112322.89323259186,470206.54217339493,110489.7459901789,461997.08860887366,108687.02632402837,453942.23339773185,106916.63865490464,446050.25635839405,105180.59644649037,438316.0667468322,103477.95017891604,430739.2900352413,101808.75572207528,423324.8013572174,100174.2634075934,416086.5571964884,98577.80311532998,409057.0503967356,97026.90647777854,402309.11419817177,95538.14103719594,396006.6925029271,94148.26305247737,390525.34440488444,92940.52046333872,386742.7595899553,92107.96263714899
978,4.895105105105105,536309.729295644,124902.07370684744,531088.2112875145,123772.51039222788,523657.776599205,122161.10493308138,515333.7621153515,120351.03590472606,506693.7254283565,118467.75037246889,497994.609808939,116567.82787921447,489352.60529006325,114677.30827152004,480821.11821920966,112808.42948070892,472425.1462150861,110967.09298315007,464176.9812944883,109156.32248577445,456084.1380393091,107378.03014573404,448154.9330439216,105634.23780854593,440384.2512373336,103923.991326144,432771.71582694235,102247.34647129767,425322.22383524274,100605.55869368148,418049.79559312307,99001.9720625571,410987.07416429813,97444.15087948412,404207.23248332134,95948.73544143548,397874.98498482927,94552.64497175184,392367.6671827755,93339.49916900837,388567.1390803116,92503.21332195333
979,4.9001001001001,538838.7642753534,125443.67368671793,533592.535054849,124309.0322414234,526126.981636924,122690.39249037702,517763.67157171626,120872.20935723989,509082.8827418034,118980.49227701769,500342.7591068132,117072.07223820392,491660.02847946004,115173.10348626136,483088.34159341955,113295.8769332275,474652.80882709473,111446.31911642576,466365.7766001853,109627.46626312175,458234.7922211388,107841.23829476842,450268.2092003258,106089.66546952169,442460.88804267143,104371.7889926777,434812.4496811951,102687.66453903873,427327.81311251567,101038.55269538963,420021.06276564486,99427.81177422889,412924.99251944316,97863.03887149126,406113.1163587684,96360.94732051696,399750.9223484068,94958.61994508462,394217.52960830193,93740.0496632413,390398.98540780426,92900.02110350251
980,4.905095095095096,541378.093844077,125987.40160802934,536107.053677553,124847.66208443126,528606.2399811132,123221.75966441119,520203.4761240837,121395.43063862318,511481.7711957687,119495.24900967606,502700.4746259923,117578.29818617103,493976.8541296578,115670.84725135352,485364.8057813559,113785.24029877863,476889.5531542847,111927.42902028303,468563.49727759004,110100.46220930471,460394.21830874356,108306.26757957236,452390.10681448807,106546.88383275422,444545.9987783091,104821.34750902266,436861.5128492423,103129.71418436723,429341.59008346184,101473.24960178793,422000.37925967464,99855.32637098116,414870.8256684597,98283.57450786319,408026.785704304,96774.78066446878,401634.5241675361,95366.19190254855,396074.950988153,94142.17582380856,392238.3176938196,93298.38982335289
981,4.91009009009009,543927.7436205269,126533.26257914238,538631.7925273833,125388.40498172358,531095.5766539567,123755.2114477064,522653.2004046776,121920.70466543527,513890.41501884937,120012.02540824845,505067.78018934873,118086.51048166127,496303.10566077894,116170.54424659598,487650.53380561847,114276.52417938728,479135.40182797186,112410.42722015407,470770.1655734435,110575.31477444478,462562.43817126955,108773.12237629878,454520.6473852576,107005.89720183739,446639.60457986203,105272.67110757947,438918.92611050705,103573.49956985348,431363.57517855114,101909.65350702239,423987.76516456594,100284.51988006463,416824.59336884855,98705.76175077527,409948.25995812495,97190.23937287119,403525.80958123563,95775.36468511572,397939.9502000352,94545.88144055434,394085.154634826,93698.32323594495
982,4.915085085085085,546487.738594666,127081.26158066321,541166.776353328,125931.26586720056,533595.0160633606,124290.75270789518,525112.8684409343,122448.03623122943,516308.83784468926,120530.82618948814,507444.69903469185,118596.71376413762,498638.80591770535,116672.19903466241,489945.54812326445,114769.73306188574,481390.37692347786,112895.31812818247,472985.80318787735,111052.02829724751,464739.47314046987,109241.80695152405,456659.851883128,107466.7097725929,448741.726063458,105725.76391474727,440984.7097336197,104019.02475380329,433393.7883259812,102347.76840267649,425983.24007572804,100715.39622783166,418786.31489226787,99129.60446312327,411877.5580803787,97607.32724758147,405424.79725777195,96186.14203749182,399812.5456572701,94951.17020832576,395939.5144673118,94099.82500159954
983,4.92008008008008,549058.103076209,127631.40345524225,543712.0292306052,126476.24953808481,536104.5819526567,124828.38817775103,527582.503605991,122977.42999673526,518737.0626632778,121051.6559394373,509831.2537668848,119108.91254447907,500983.9771230057,117175.81605175672,492249.87057953555,115264.87130872524,483654.49991464353,113382.10603418808,475210.4312297019,111530.60699611777,466925.3439667518,109712.32545351137,458807.740707032,107929.32562447904,450852.3832832609,106180.62994247464,443058.8834346592,104466.29368194849,435432.24891061964,102787.59816959864,427986.8230542551,101147.95923169734,420756.00898482994,99555.10640061437,413814.698514103,98026.04798495017,407331.50535620167,96598.52760044977,401692.75527086086,95358.04571940891,397801.4149302179,94502.8986790246
984,4.925075075075075,551638.8606394312,128183.69289665714,546267.5745060068,127023.36064410754,538624.2973467006,125368.12244451953,530062.1285656255,123508.8904793533,521175.1117687629,121574.51910309012,512227.4663065327,119623.11119481377,503338.64082649286,117681.39959761483,494563.5223582733,115761.9431481443,485927.7916250883,113870.79509599932,477444.07016849524,112011.05495965343,469120.07077208115,110184.68190286236,460964.33363804204,108393.74871139725,452971.5956859562,106637.27307921904,445141.46633240726,104915.31017855577,437478.9757300111,103229.14656915744,429998.5325836691,101582.21259153805,422733.6938245604,99982.2712033052,415759.69914337323,98446.40516749308,409245.9514851653,97012.52490262715,403580.59640885104,95766.51145543583,399670.87322468776,94907.54771729803
985,4.93007007007007,554230.0340640215,128738.13443813019,548833.4347393238,127572.60367593577,541154.184494108,125909.95993850238,532551.7652213963,124042.42204191288,523623.0067035251,122099.41997333162,514633.35783499543,120139.31393763935,505702.8178511686,118188.95382480562,496886.5239287833,116260.95266364781,488210.2721759808,114361.38932910793,479686.7397832631,112493.37613647267,471323.6729995154,110658.88018251436,463129.64978976175,108859.98285185608,455099.38206198177,107095.6970802734,447232.47690040275,105366.07793691335,439533.9869472392,103672.41723388537,432018.386523571,102018.1598804883,424719.3869758167,100411.10238654792,417712.57724846085,98868.40225498084,411168.152658736,97428.13735175031,405476.08585277887,96176.57077872571,401547.9059709416,95313.77544729033
986,4.935065065065065,556831.6452716962,129294.73243982646,551409.631640575,128123.98295278863,543694.264805353,126453.90492084036,535051.4346497096,124578.02888064219,526080.7681982468,122626.36267910097,517048.94873546343,120657.52483418111,508076.5282352992,118698.48272728236,499218.8949888974,116761.90378274952,490501.96093007067,114853.89259559942,481938.4591074248,112977.57432432943,473536.16935912584,111134.92402703721,465303.7075551666,109328.03171844575,457235.76049327006,107555.90555741578,449331.9329155675,105818.6005091522,441597.3000404178,104117.41365746765,434046.40205997723,102455.80453509404,426713.1053404481,100841.60333130295,419673.34945778456,99292.04257490548,413098.1252491157,97845.3682252446,407379.2397510214,96588.22692302102,403432.5291620704,95721.58507248765
987,4.94006006006006,559443.7152582683,129853.49107547487,553996.1860027362,128677.50260918475,546244.5587864296,126999.96147044018,537561.1570365201,125115.71501229472,528548.4161076872,123155.35117272538,519474.25852981396,121177.74777193417,510459.7911703432,119209.990128132,501560.6544039592,117264.80026492589,492802.87643171515,115348.30859230818,484199.246369863,113463.65315846635,475757.5777700525,111612.81701118065,467486.52454964316,109797.89882657651,459380.7482972533,108017.90196783465,451439.8514031582,106272.88129535456,443668.9317485707,104564.13918403072,436082.5956521075,102895.14984477659,428714.86510546587,101273.77727377426,421642.03169642977,99717.32931227992,415035.8849359499,98264.22066018826,409290.07356880576,97001.48298357571,405324.75811453146,96130.9796591733
988,4.945055055055055,562066.2640208495,130414.41431805107,556593.1176296506,129233.16658076058,548805.0859677623,127548.13346998426,540080.9516073556,125655.48426037368,531025.9693418593,123686.38921636612,521909.30581094616,121699.98645133284,512852.624934435,119723.47966646626,503911.8201414409,117769.64568872596,495113.0363426128,115844.64083814301,486469.11893175426,113951.6160991522,477987.9152984109,112092.56253761986,469678.117549952,110269.58752242822,461534.36196686194,108481.68960227893,453556.2485777821,106728.92353190065,445748.89801364194,105012.59699668144,438126.9829753681,103336.19894056013,430724.68168697285,101707.62729431971,423618.63913098956,100144.26549872472,416981.44665202143,98684.69764256389,411208.60203464905,97416.34190655092,407224.60741510603,96541.96212592316
989,4.95005005005005,564699.310479832,130977.50592445566,559200.4452587698,129790.97858909362,551375.8648280202,128098.4245909598,542610.8365523267,126197.34024039019,533513.4457922775,124219.48036751457,524354.108170268,122224.24437148563,515255.04682110617,120238.95478339412,506272.40920088167,118276.44343797816,497432.45737293793,116342.89266052483,488748.0932188797,114441.4664183466,480227.1980907583,112574.16382384308,471878.50242882635,110743.10097005655,463696.61710623436,108947.27157237851,455681.13978019357,107186.7302789994,447837.21391836094,105462.79010524382,440179.5788602585,103778.9547830101,432742.5696700851,102143.15630558564,425603.1861104628,100572.85400079106,418934.82452506444,99106.80199575821,413134.83908297244,97832.80647766878,409132.09086406976,96954.53523236682
990,4.955045045045045,567342.8723952791,131542.76941911806,561818.1864783601,130350.94212546198,553956.9127124747,128650.83827763819,545150.8289457657,126741.28634408845,536010.8622529198,124754.62796347172,526808.6821199938,122750.52481491081,517667.0730629024,120756.4187070113,508642.43753880827,118785.19668703109,499761.15520754573,116843.06718087444,491036.18464909104,114933.20718543067,482475.4413027965,113057.62388812088,474087.69408488943,111218.4421375963,465867.52836182533,109414.65079707727,457814.53940957226,107646.30440734686,449933.89361966297,105914.72133313827,442240.3972269112,104223.42014932798,434768.5427445594,102580.36703981146,427595.6861029284,101003.09750746745,420896.0318154201,99530.53636825786,415068.79779261595,98250.8793100735,411047.22141430306,97368.70156716282
991,4.96004004004004,569996.9662773213,132110.20807645016,564446.3576387725,130913.06043346421,556548.2457455028,129205.37772993075,547700.9446601073,127287.32572256445,538518.2343355317,125291.83510473961,529273.0430098742,123278.83083120185,520088.7187495315,121275.87443633817,511021.91998828156,119295.90838495997,502099.1444268936,117345.16729908368,493333.4075545844,115426.84125193852,484732.65902297525,113542.94553449316,476305.7063675595,111695.61378249906,468047.1093485877,109883.82998811665,459956.46085095644,108107.64858385065,452038.9502773498,106368.39330334228,444309.45101495116,104669.59761954333,436802.6136358194,103019.26203524617,429596.1516276939,101434.99851681225,422865.0808492389,99955.90322048462,417010.4903209592,98670.56283134352,412970.01110605296,97784.46353513376
992,4.965035035035035,572661.6072901291,132679.8249020687,567084.9737573538,131477.33649042054,559149.8787368247,129762.04588504226,550261.1982735987,127835.46126820166,541035.5763788607,125831.10463724844,531747.2049379627,123809.16521954804,522519.99774014944,121797.32472413174,513410.8701726828,119808.58123866668,504446.43842230417,117849.19567689882,495639.7750986135,115922.37123521903,486998.8641906279,114030.1313367045,478532.5519965812,112174.61843573695,470235.3725708737,110354.81163450268,462106.9163974863,108570.76525635547,454152.39597764827,106823.80842336877,446386.75210834027,105117.48956173897,438844.7940310509,103459.84362161467,431604.59418259555,101868.5593216517,424841.98294690775,100382.90481071005,418959.9278333376,99091.85926959537,414900.470997034,98201.8233435016
993,4.97003003003003,575336.8091490004,133251.6226127006,569734.0484165433,132043.7729874692,561761.8250810201,130320.8453978378,552831.6029713971,128385.69559533939,543562.9013513895,126372.43913333792,534231.180654991,124341.53051003015,524960.922569366,122320.77205849356,515809.3004133259,120323.2176947955,506803.04930515896,118355.15472013978,497955.2991862396,116419.79950095346,489274.0685082473,114519.18362101464,480768.2424757995,112655.45838490038,472432.32933767606,110827.59798588553,464265.91716708586,109035.65663729892,456274.2416513022,107280.96886919304,448472.31125484745,105567.09811624305,440895.094500013,103902.113904567,433621.0241660998,102303.7819942769,426826.74834636244,100811.54317998499,420917.12042741285,99514.77063861614,416838.6110875356,98620.78298716077
994,4.975025025025025,578022.5840100688,133825.603614678,572393.5936546595,132612.3723082661,564384.0966498398,130881.77861983253,555412.1704395799,128938.03101958582,546100.2207470981,126915.8408714048,536724.9814618935,124875.92894360457,527411.5043465171,122846.21864318788,518217.2216304545,120839.81992038144,509168.98780959344,118863.04655967338,500279.9903686917,116919.12814444817,491558.2823474851,115010.10444780509,483012.78800076334,113138.13565611216,474637.98967180675,111302.19103477556,466433.47301318415,109502.32468622361,458404.49698580627,107739.87656805478,450566.1379797611,106018.42517871449,442953.5244101889,104346.07474903988,435645.4507938375,102740.66837007069,428819.3861209204,101241.8201360149,422882.0770521398,99939.29872195607,418784.4402401789,99041.34423292159
995,4.98002002002002,580718.942352104,134401.76998092458,575063.619848861,133183.13650619113,567016.7036768012,131444.84757670786,558002.9107515591,129492.46953568037,548647.5444737606,127461.31181412362,539228.6170999922,125412.36245068439,529871.7526477217,123373.66637658088,520634.6432371494,121358.38978214293,511544.2631882231,119372.87303105375,502613.85774088243,117420.35897061684,493851.5146484206,115502.89559189684,485266.1973597161,113622.65199467495,476852.36221257556,111778.59249751378,468609.5924290499,109970.77109106476,460543.17033136165,108200.53318005614,452668.24049342953,106471.47238204467,445020.09183586796,104791.72776145359,437677.8820091718,103179.22002998891,430819.90409123903,101673.73723590739,424854.8054209437,100365.44505590864,420737.9660939398,99463.5086026518
996,4.985015015015015,583425.8928498338,134980.12342632658,577744.1355897138,133756.06727995406,569659.6546335097,132010.05394425004,560603.8322463535,130049.01279380306,551204.8807332343,128008.8535851399,541742.0956333113,125950.83262821868,532341.6754002086,123903.11682910298,523061.57302563626,121878.92882432237,513928.8831004032,119884.63565273564,504956.9088315843,117923.49347256,496153.77281162085,115997.55852148982,487528.47782750084,114109.00884436326,479075.45411150565,112256.80379391006,470794.2824452815,110440.99724812745,462690.26860010467,108662.94007847163,454778.6255921889,106926.2410769924,447094.80346072814,105239.07427066319,439718.32438737043,103619.43828181567,432828.3087309807,102107.29576771273,426835.31191869045,100793.21091130003,422699.1949720282,99887.27735523916
997,4.99001001001001,586143.4422381824,135560.6652813752,580435.1475467634,134331.16594748906,572312.9560971131,132577.3990226008,563214.9413981374,130607.66207422223,553772.2358931712,128558.46744412911,544265.4233224613,126491.34071516452,534821.2787583543,124434.57121913151,525498.0170454507,122401.43824497407,516322.8534924859,120398.33560276101,507309.14948574326,118428.53280864401,498465.0625824714,116494.09437562668,489799.63505187066,114597.20732526484,481307.27092058473,112736.826025455,472987.5485199622,110913.00424066215,464845.7971581264,109127.09832867948,456897.29855220584,107382.73231146332,449177.66447344975,105688.11530757669,441766.7830329267,104061.32414010733,434844.6050657344,102542.4967306729,428823.60150200815,101222.59727400515,424668.1317831849,100312.65146729263
998,4.995005005005005,588871.5951667678,136143.39646395898,583136.6603244668,134908.4334180171,574976.6126082519,133146.88370870103,565836.2426764356,131168.41826016363,556349.6143495326,129110.1542601057,546798.604489484,127033.88756623905,537310.5669708397,124968.03038718205,527943.9794728758,122925.91887058924,518726.1784695009,120913.97369381144,509670.5837383635,118935.47777797305,500785.38792722626,116992.50394007732,492079.6729316607,115087.24821006972,483547.8164725187,113218.65995200563,475189.3944209534,111386.79281593942,467009.7597097649,109593.00866561773,459024.26301572204,107840.94680833847,451268.67845586385,106138.85158334598,443823.26146953757,104504.87830473244,436868.7965647099,102979.34081408856,430819.67759248306,101653.6048241002,426644.7799159224,100739.63161249344
999,5.0,591610.3540439631,136728.31744917593,585848.676307791,135487.87016214733,577650.6265188231,133718.50846680108,568467.7383962963,131731.281808776,558937.0183792508,129663.91448286032,549341.6413730119,127578.47362383042,539809.5422382882,125503.49476829004,530399.462471024,123452.37112894247,521138.8601576448,121431.55034651165,512041.2136793612,119444.32879414244,503114.7509001817,117492.78762153364,494368.5934862376,115579.13189869802,485797.09275241295,113702.30596683809,477399.822099765,111862.3633607191,469182.1581736191,110060.67146966147,461159.52086916566,108300.88494175088,453367.8472630993,106591.28346603159,445887.7615222132,104950.10113790995,438900.8850246868,103417.82837470727,432823.54196221964,102086.2339135567,428629.1411252064,101168.21813950171
